pair_label,weight_index,weight_name,category,bin,bin_low_edge,bin_up_edge,C_nominal_weight0,C_weight,C_weight_over_C_nominal,signed_relative_shift,absolute_relative_shift,signed_relative_shift_percent
Pythia_plus,1,MUR0.5_MUF0.5_PDF13300,scale,1,0.0,0.21,0.6547458171844482,0.6536945104598999,0.9983943284600593,-0.0016056715976446867,0.0016056715976446867,-0.16056715976446867
Pythia_plus,1,MUR0.5_MUF0.5_PDF13300,scale,2,0.21,0.42,0.6447997093200684,0.6437312960624695,0.9983430308014166,-0.0016569691943004727,0.0016569691943004727,-0.16569691943004727
Pythia_plus,1,MUR0.5_MUF0.5_PDF13300,scale,3,0.42,0.63,0.6357879638671875,0.6346758604049683,0.998250826493388,-0.001749173505231738,0.001749173505231738,-0.1749173505231738
Pythia_plus,1,MUR0.5_MUF0.5_PDF13300,scale,4,0.63,0.84,0.6187161207199097,0.6176671385765076,0.9983045824922396,-0.0016954174498096108,0.0016954174498096108,-0.16954174498096108
Pythia_plus,1,MUR0.5_MUF0.5_PDF13300,scale,5,0.84,1.05,0.6409361958503723,0.639548659324646,0.997835140947399,-0.002164859091863036,0.002164859091863036,-0.21648590918630362
Pythia_plus,1,MUR0.5_MUF0.5_PDF13300,scale,6,1.05,1.37,0.6362332105636597,0.6357806921005249,0.9992887537845849,-0.0007112462189979851,0.0007112462189979851,-0.07112462189979851
Pythia_plus,1,MUR0.5_MUF0.5_PDF13300,scale,7,1.37,1.52,0.6330141425132751,0.630942702293396,0.9967276557018855,-0.0032723443582654,0.0032723443582654,-0.32723443582654
Pythia_plus,1,MUR0.5_MUF0.5_PDF13300,scale,8,1.52,1.74,0.6609900593757629,0.6601249575614929,0.9986912029886093,-0.0013087970437482,0.0013087970437482,-0.13087970437482
Pythia_plus,1,MUR0.5_MUF0.5_PDF13300,scale,9,1.74,1.95,0.6475628614425659,0.6466091871261597,0.9985272868887481,-0.0014727130765095353,0.0014727130765095353,-0.14727130765095353
Pythia_plus,1,MUR0.5_MUF0.5_PDF13300,scale,10,1.95,2.18,0.6217986941337585,0.6219785213470459,1.0002892048744778,0.00028920487966388464,0.00028920487966388464,0.028920487966388464
Pythia_plus,1,MUR0.5_MUF0.5_PDF13300,scale,11,2.18,2.5,0.6207728385925293,0.6206998229026794,0.999882379374047,-0.00011762062786146998,0.00011762062786146998,-0.011762062786146998
Pythia_plus,2,MUR1.0_MUF1.0_PDF13301,pdf,1,0.0,0.21,0.6547458171844482,0.6548105478286743,1.00009886377664,9.886377665679902e-05,9.886377665679902e-05,0.009886377665679902
Pythia_plus,2,MUR1.0_MUF1.0_PDF13301,pdf,2,0.21,0.42,0.6447997093200684,0.6448674201965332,1.000105010711832,0.00010501070937607437,0.00010501070937607437,0.010501070937607437
Pythia_plus,2,MUR1.0_MUF1.0_PDF13301,pdf,3,0.42,0.63,0.6357879638671875,0.635846734046936,1.000092436760506,9.243676322512329e-05,9.243676322512329e-05,0.009243676322512329
Pythia_plus,2,MUR1.0_MUF1.0_PDF13301,pdf,4,0.63,0.84,0.6187161207199097,0.6187569499015808,1.0000659901694877,6.599017069675028e-05,6.599017069675028e-05,0.006599017069675028
Pythia_plus,2,MUR1.0_MUF1.0_PDF13301,pdf,5,0.84,1.05,0.6409361958503723,0.6409716010093689,1.0000552397558848,5.52397541468963e-05,5.52397541468963e-05,0.00552397541468963
Pythia_plus,2,MUR1.0_MUF1.0_PDF13301,pdf,6,1.05,1.37,0.6362332105636597,0.6362861394882202,1.0000831910747219,8.319107291754335e-05,8.319107291754335e-05,0.008319107291754335
Pythia_plus,2,MUR1.0_MUF1.0_PDF13301,pdf,7,1.37,1.52,0.6330141425132751,0.6330239176750183,1.0000154422485796,1.5442248695762828e-05,1.5442248695762828e-05,0.0015442248695762828
Pythia_plus,2,MUR1.0_MUF1.0_PDF13301,pdf,8,1.52,1.74,0.6609900593757629,0.6609857082366943,0.9999934172397801,-6.582760306628188e-06,6.582760306628188e-06,-0.0006582760306628188
Pythia_plus,2,MUR1.0_MUF1.0_PDF13301,pdf,9,1.74,1.95,0.6475628614425659,0.6475645303726196,1.0000025772479446,2.5772478693397716e-06,2.5772478693397716e-06,0.00025772478693397716
Pythia_plus,2,MUR1.0_MUF1.0_PDF13301,pdf,10,1.95,2.18,0.6217986941337585,0.6218111515045166,1.0000200344112582,2.0034411136293784e-05,2.0034411136293784e-05,0.0020034411136293784
Pythia_plus,2,MUR1.0_MUF1.0_PDF13301,pdf,11,2.18,2.5,0.6207728385925293,0.6207707524299622,0.9999966394106871,-3.3605892895138822e-06,3.3605892895138822e-06,-0.0003360589289513882
Pythia_plus,3,MUR1.0_MUF1.0_PDF26460,pdf,1,0.0,0.21,0.6547458171844482,0.6546691060066223,0.999882838231551,-0.0001171617695945315,0.0001171617695945315,-0.01171617695945315
Pythia_plus,3,MUR1.0_MUF1.0_PDF26460,pdf,2,0.21,0.42,0.6447997093200684,0.6452892422676086,1.0007592015636242,0.0007592015899717808,0.0007592015899717808,0.07592015899717808
Pythia_plus,3,MUR1.0_MUF1.0_PDF26460,pdf,3,0.42,0.63,0.6357879638671875,0.6366031765937805,1.001282208492332,0.001282208482734859,0.001282208482734859,0.1282208482734859
Pythia_plus,3,MUR1.0_MUF1.0_PDF26460,pdf,4,0.63,0.84,0.6187161207199097,0.6184836030006409,0.999624193209968,-0.0003758067905437201,0.0003758067905437201,-0.03758067905437201
Pythia_plus,3,MUR1.0_MUF1.0_PDF26460,pdf,5,0.84,1.05,0.6409361958503723,0.6413017511367798,1.0005703458297006,0.0005703458446078002,0.0005703458446078002,0.057034584460780025
Pythia_plus,3,MUR1.0_MUF1.0_PDF26460,pdf,6,1.05,1.37,0.6362332105636597,0.6359769701957703,0.999597254020012,-0.0004027459945064038,0.0004027459945064038,-0.04027459945064038
Pythia_plus,3,MUR1.0_MUF1.0_PDF26460,pdf,7,1.37,1.52,0.6330141425132751,0.6324923634529114,0.9991757229020316,-0.0008242771145887673,0.0008242771145887673,-0.08242771145887673
Pythia_plus,3,MUR1.0_MUF1.0_PDF26460,pdf,8,1.52,1.74,0.6609900593757629,0.6598969101905823,0.9983461942132488,-0.0016538058407604694,0.0016538058407604694,-0.16538058407604694
Pythia_plus,3,MUR1.0_MUF1.0_PDF26460,pdf,9,1.74,1.95,0.6475628614425659,0.6458894610404968,0.9974158487126003,-0.0025841512251645327,0.0025841512251645327,-0.25841512251645327
Pythia_plus,3,MUR1.0_MUF1.0_PDF26460,pdf,10,1.95,2.18,0.6217986941337585,0.6206493377685547,0.9981515619507612,-0.0018484380561858416,0.0018484380561858416,-0.18484380561858416
Pythia_plus,3,MUR1.0_MUF1.0_PDF26460,pdf,11,2.18,2.5,0.6207728385925293,0.6180095076560974,0.9955485633960771,-0.004451436456292868,0.004451436456292868,-0.44514364562928677
Pythia_plus,4,MUR1.0_MUF1.0_PDF26461,pdf,1,0.0,0.21,0.6547458171844482,0.6546690464019775,0.9998827471967658,-0.00011725280637620017,0.00011725280637620017,-0.011725280637620017
Pythia_plus,4,MUR1.0_MUF1.0_PDF26461,pdf,2,0.21,0.42,0.6447997093200684,0.6452895402908325,1.0007596637586587,0.0007596637587994337,0.0007596637587994337,0.07596637587994337
Pythia_plus,4,MUR1.0_MUF1.0_PDF26461,pdf,3,0.42,0.63,0.6357879638671875,0.6366037130355835,1.001283052235582,0.0012830522609874606,0.0012830522609874606,0.12830522609874606
Pythia_plus,4,MUR1.0_MUF1.0_PDF26461,pdf,4,0.63,0.84,0.6187161207199097,0.6184844970703125,0.9996256382501758,-0.00037436175625771284,0.00037436175625771284,-0.037436175625771284
Pythia_plus,4,MUR1.0_MUF1.0_PDF26461,pdf,5,0.84,1.05,0.6409361958503723,0.6413024067878723,1.000571368788143,0.0005713687860406935,0.0005713687860406935,0.05713687860406935
Pythia_plus,4,MUR1.0_MUF1.0_PDF26461,pdf,6,1.05,1.37,0.6362332105636597,0.6359770894050598,0.9995974413872973,-0.00040255862404592335,0.00040255862404592335,-0.040255862404592335
Pythia_plus,4,MUR1.0_MUF1.0_PDF26461,pdf,7,1.37,1.52,0.6330141425132751,0.6324936747550964,0.9991777944231826,-0.0008222055621445179,0.0008222055621445179,-0.08222055621445179
Pythia_plus,4,MUR1.0_MUF1.0_PDF26461,pdf,8,1.52,1.74,0.6609900593757629,0.6598974466323853,0.9983470057864265,-0.001652994193136692,0.001652994193136692,-0.1652994193136692
Pythia_plus,4,MUR1.0_MUF1.0_PDF26461,pdf,9,1.74,1.95,0.6475628614425659,0.6458899974822998,0.9974166771137253,-0.002583322813734412,0.002583322813734412,-0.2583322813734412
Pythia_plus,4,MUR1.0_MUF1.0_PDF26461,pdf,10,1.95,2.18,0.6217986941337585,0.6206490993499756,0.9981511785170529,-0.0018488215282559395,0.0018488215282559395,-0.18488215282559395
Pythia_plus,4,MUR1.0_MUF1.0_PDF26461,pdf,11,2.18,2.5,0.6207728385925293,0.6180094480514526,0.9955484673792396,-0.00445153284817934,0.00445153284817934,-0.44515328481793404
Pythia_plus,5,MUR1.0_MUF1.0_PDF26462,pdf,1,0.0,0.21,0.6547458171844482,0.6546679139137268,0.9998810175358486,-0.00011898246157215908,0.00011898246157215908,-0.011898246157215908
Pythia_plus,5,MUR1.0_MUF1.0_PDF26462,pdf,2,0.21,0.42,0.6447997093200684,0.645288348197937,1.0007578149785208,0.0007578149670735002,0.0007578149670735002,0.07578149670735002
Pythia_plus,5,MUR1.0_MUF1.0_PDF26462,pdf,3,0.42,0.63,0.6357879638671875,0.6366024017333984,1.001280989752082,0.0012809897307306528,0.0012809897307306528,0.12809897307306528
Pythia_plus,5,MUR1.0_MUF1.0_PDF26462,pdf,4,0.63,0.84,0.6187161207199097,0.6184840202331543,0.9996248675620649,-0.00037513242568820715,0.00037513242568820715,-0.037513242568820715
Pythia_plus,5,MUR1.0_MUF1.0_PDF26462,pdf,5,0.84,1.05,0.6409361958503723,0.6413016319274902,1.0005701598372565,0.0005701598129235208,0.0005701598129235208,0.05701598129235208
Pythia_plus,5,MUR1.0_MUF1.0_PDF26462,pdf,6,1.05,1.37,0.6362332105636597,0.6359778046607971,0.9995985655910098,-0.00040143440128304064,0.00040143440128304064,-0.040143440128304064
Pythia_plus,5,MUR1.0_MUF1.0_PDF26462,pdf,7,1.37,1.52,0.6330141425132751,0.6324945688247681,0.9991792068239673,-0.0008207931532524526,0.0008207931532524526,-0.08207931532524526
Pythia_plus,5,MUR1.0_MUF1.0_PDF26462,pdf,8,1.52,1.74,0.6609900593757629,0.6598972678184509,0.998346735262034,-0.0016532647423446178,0.0016532647423446178,-0.16532647423446178
Pythia_plus,5,MUR1.0_MUF1.0_PDF26462,pdf,9,1.74,1.95,0.6475628614425659,0.6458895802497864,0.9974160328017391,-0.002583967288956046,0.002583967288956046,-0.2583967288956046
Pythia_plus,5,MUR1.0_MUF1.0_PDF26462,pdf,10,1.95,2.18,0.6217986941337585,0.6206480860710144,0.9981495489237926,-0.001850451109930873,0.001850451109930873,-0.1850451109930873
Pythia_plus,5,MUR1.0_MUF1.0_PDF26462,pdf,11,2.18,2.5,0.6207728385925293,0.6180084943771362,0.9955469311098394,-0.004453069064766169,0.004453069064766169,-0.44530690647661686
Pythia_plus,6,MUR1.0_MUF1.0_PDF26500,pdf,1,0.0,0.21,0.6547458171844482,0.6546684503555298,0.9998818368489146,-0.00011816315236501396,0.00011816315236501396,-0.011816315236501396
Pythia_plus,6,MUR1.0_MUF1.0_PDF26500,pdf,2,0.21,0.42,0.6447997093200684,0.6452890634536743,1.0007589242466035,0.0007589242304675281,0.0007589242304675281,0.07589242304675281
Pythia_plus,6,MUR1.0_MUF1.0_PDF26500,pdf,3,0.42,0.63,0.6357879638671875,0.6366027593612671,1.001281552247582,0.0012815522495657206,0.0012815522495657206,0.12815522495657206
Pythia_plus,6,MUR1.0_MUF1.0_PDF26500,pdf,4,0.63,0.84,0.6187161207199097,0.6184833645820618,0.9996238078659127,-0.0003761921252589673,0.0003761921252589673,-0.03761921252589673
Pythia_plus,6,MUR1.0_MUF1.0_PDF26500,pdf,5,0.84,1.05,0.6409361958503723,0.641302227973938,1.0005710897994768,0.0005710897967219353,0.0005710897967219353,0.05710897967219353
Pythia_plus,6,MUR1.0_MUF1.0_PDF26500,pdf,6,1.05,1.37,0.6362332105636597,0.6359773278236389,0.9995978161218682,-0.00040218388312496245,0.00040218388312496245,-0.040218388312496245
Pythia_plus,6,MUR1.0_MUF1.0_PDF26500,pdf,7,1.37,1.52,0.6330141425132751,0.6324931979179382,0.9991770411427641,-0.00082295888569206,0.00082295888569206,-0.082295888569206
Pythia_plus,6,MUR1.0_MUF1.0_PDF26500,pdf,8,1.52,1.74,0.6609900593757629,0.6598963141441345,0.9983452924652735,-0.001654707477428019,0.001654707477428019,-0.1654707477428019
Pythia_plus,6,MUR1.0_MUF1.0_PDF26500,pdf,9,1.74,1.95,0.6475628614425659,0.645889163017273,0.997415388489753,-0.0025846115313470364,0.0025846115313470364,-0.25846115313470364
Pythia_plus,6,MUR1.0_MUF1.0_PDF26500,pdf,10,1.95,2.18,0.6217986941337585,0.6206488013267517,0.9981506992249175,-0.001849300810135901,0.001849300810135901,-0.1849300810135901
Pythia_plus,6,MUR1.0_MUF1.0_PDF26500,pdf,11,2.18,2.5,0.6207728385925293,0.6180092692375183,0.9955481793287271,-0.0044518206268548965,0.0044518206268548965,-0.44518206268548965
Pythia_plus,7,MUR1.0_MUF1.0_PDF26501,pdf,1,0.0,0.21,0.6547458171844482,0.6546191573143005,0.9998065510816206,-0.00019344891188666224,0.00019344891188666224,-0.019344891188666224
Pythia_plus,7,MUR1.0_MUF1.0_PDF26501,pdf,2,0.21,0.42,0.6447997093200684,0.6452481150627136,1.000695418648867,0.0006954186246730387,0.0006954186246730387,0.06954186246730387
Pythia_plus,7,MUR1.0_MUF1.0_PDF26501,pdf,3,0.42,0.63,0.6357879638671875,0.636603057384491,1.001282020993832,0.0012820209376513958,0.0012820209376513958,0.12820209376513958
Pythia_plus,7,MUR1.0_MUF1.0_PDF26501,pdf,4,0.63,0.84,0.6187161207199097,0.6184357404708862,0.9995468353908458,-0.00045316459727473557,0.00045316459727473557,-0.04531645972747356
Pythia_plus,7,MUR1.0_MUF1.0_PDF26501,pdf,5,0.84,1.05,0.6409361958503723,0.641277015209198,1.0005317523975588,0.000531752419192344,0.000531752419192344,0.053175241919234395
Pythia_plus,7,MUR1.0_MUF1.0_PDF26501,pdf,6,1.05,1.37,0.6362332105636597,0.635978102684021,0.9995990340092233,-0.00040096600423566997,0.00040096600423566997,-0.040096600423567
Pythia_plus,7,MUR1.0_MUF1.0_PDF26501,pdf,7,1.37,1.52,0.6330141425132751,0.632473349571228,0.999145685845343,-0.0008543141302652657,0.0008543141302652657,-0.08543141302652657
Pythia_plus,7,MUR1.0_MUF1.0_PDF26501,pdf,8,1.52,1.74,0.6609900593757629,0.6599261164665222,0.9983903798640399,-0.0016096201725304127,0.0016096201725304127,-0.16096201725304127
Pythia_plus,7,MUR1.0_MUF1.0_PDF26501,pdf,9,1.74,1.95,0.6475628614425659,0.6459431052207947,0.9974986888251082,-0.002501311246305704,0.002501311246305704,-0.2501311246305704
Pythia_plus,7,MUR1.0_MUF1.0_PDF26501,pdf,10,1.95,2.18,0.6217986941337585,0.6207727789878845,0.9983500847532283,-0.0016499152407050133,0.0016499152407050133,-0.16499152407050133
Pythia_plus,7,MUR1.0_MUF1.0_PDF26501,pdf,11,2.18,2.5,0.6207728385925293,0.6181715726852417,0.995809633177274,-0.004190366715192795,0.004190366715192795,-0.4190366715192795
Pythia_plus,8,MUR1.0_MUF1.0_PDF26502,pdf,1,0.0,0.21,0.6547458171844482,0.6547262668609619,0.9999701405904807,-2.9859409551136196e-05,2.9859409551136196e-05,-0.0029859409551136196
Pythia_plus,8,MUR1.0_MUF1.0_PDF26502,pdf,2,0.21,0.42,0.6447997093200684,0.6453337669372559,1.0008282535017745,0.0008282535127364099,0.0008282535127364099,0.08282535127364099
Pythia_plus,8,MUR1.0_MUF1.0_PDF26502,pdf,3,0.42,0.63,0.6357879638671875,0.6366079449653625,1.0012897084323324,0.0012897084234282374,0.0012897084234282374,0.12897084234282374
Pythia_plus,8,MUR1.0_MUF1.0_PDF26502,pdf,4,0.63,0.84,0.6187161207199097,0.6185413002967834,0.9997174464713756,-0.0002825535193551332,0.0002825535193551332,-0.028255351935513318
Pythia_plus,8,MUR1.0_MUF1.0_PDF26502,pdf,5,0.84,1.05,0.6409361958503723,0.6413324475288391,1.0006182388840454,0.0006182388751767576,0.0006182388751767576,0.06182388751767576
Pythia_plus,8,MUR1.0_MUF1.0_PDF26502,pdf,6,1.05,1.37,0.6362332105636597,0.6359763741493225,0.9995963171835849,-0.0004036828177049756,0.0004036828177049756,-0.04036828177049756
Pythia_plus,8,MUR1.0_MUF1.0_PDF26502,pdf,7,1.37,1.52,0.6330141425132751,0.632516086101532,0.9992131986028532,-0.0007868013926781714,0.0007868013926781714,-0.07868013926781714
Pythia_plus,8,MUR1.0_MUF1.0_PDF26502,pdf,8,1.52,1.74,0.6609900593757629,0.6598632335662842,0.9982952454526428,-0.0017047545406967402,0.0017047545406967402,-0.17047545406967402
Pythia_plus,8,MUR1.0_MUF1.0_PDF26502,pdf,9,1.74,1.95,0.6475628614425659,0.6458277106285095,0.9973204905386467,-0.002679509576410055,0.002679509576410055,-0.2679509576410055
Pythia_plus,8,MUR1.0_MUF1.0_PDF26502,pdf,10,1.95,2.18,0.6217986941337585,0.6205017566680908,0.9979142164853296,-0.0020857835188508034,0.0020857835188508034,-0.20857835188508034
Pythia_plus,8,MUR1.0_MUF1.0_PDF26502,pdf,11,2.18,2.5,0.6207728385925293,0.6178154349327087,0.995235932573136,-0.0047640674747526646,0.0047640674747526646,-0.47640674747526646
Pythia_plus,9,MUR1.0_MUF1.0_PDF26503,pdf,1,0.0,0.21,0.6547458171844482,0.6546660661697388,0.9998781954575099,-0.00012180454359622672,0.00012180454359622672,-0.012180454359622672
Pythia_plus,9,MUR1.0_MUF1.0_PDF26503,pdf,2,0.21,0.42,0.6447997093200684,0.6452847123146057,1.0007521761991003,0.0007521762163378298,0.0007521762163378298,0.07521762163378298
Pythia_plus,9,MUR1.0_MUF1.0_PDF26503,pdf,3,0.42,0.63,0.6357879638671875,0.6366026401519775,1.001281364749082,0.0012813647044822574,0.0012813647044822574,0.12813647044822574
Pythia_plus,9,MUR1.0_MUF1.0_PDF26503,pdf,4,0.63,0.84,0.6187161207199097,0.6184840202331543,0.9996248675620649,-0.00037513242568820715,0.00037513242568820715,-0.037513242568820715
Pythia_plus,9,MUR1.0_MUF1.0_PDF26503,pdf,5,0.84,1.05,0.6409361958503723,0.6412966251373291,1.0005623481546062,0.0005623481702059507,0.0005623481702059507,0.056234817020595074
Pythia_plus,9,MUR1.0_MUF1.0_PDF26503,pdf,6,1.05,1.37,0.6362332105636597,0.6359768509864807,0.9995970666527265,-0.0004029333358630538,0.0004029333358630538,-0.04029333358630538
Pythia_plus,9,MUR1.0_MUF1.0_PDF26503,pdf,7,1.37,1.52,0.6330141425132751,0.6324900388717651,0.9991720506599914,-0.0008279493195004761,0.0008279493195004761,-0.08279493195004761
Pythia_plus,9,MUR1.0_MUF1.0_PDF26503,pdf,8,1.52,1.74,0.6609900593757629,0.6598967909812927,0.9983460138636537,-0.0016539861680939794,0.0016539861680939794,-0.16539861680939794
Pythia_plus,9,MUR1.0_MUF1.0_PDF26503,pdf,9,1.74,1.95,0.6475628614425659,0.6458802819252014,0.9974016738489044,-0.002598326187580824,0.002598326187580824,-0.2598326187580824
Pythia_plus,9,MUR1.0_MUF1.0_PDF26503,pdf,10,1.95,2.18,0.6217986941337585,0.6206440925598145,0.9981431264091788,-0.001856873626820743,0.001856873626820743,-0.1856873626820743
Pythia_plus,9,MUR1.0_MUF1.0_PDF26503,pdf,11,2.18,2.5,0.6207728385925293,0.6180009841918945,0.9955348329883128,-0.004465166945010424,0.004465166945010424,-0.44651669450104237
Pythia_plus,10,MUR1.0_MUF1.0_PDF26504,pdf,1,0.0,0.21,0.6547458171844482,0.6546736359596252,0.9998897568752201,-0.00011024312698282301,0.00011024312698282301,-0.011024312698282301
Pythia_plus,10,MUR1.0_MUF1.0_PDF26504,pdf,2,0.21,0.42,0.6447997093200684,0.6452908515930176,1.0007616974168105,0.0007616974180564284,0.0007616974180564284,0.07616974180564284
Pythia_plus,10,MUR1.0_MUF1.0_PDF26504,pdf,3,0.42,0.63,0.6357879638671875,0.6366091966629028,1.0012916771665827,0.0012916771229356527,0.0012916771229356527,0.12916771229356527
Pythia_plus,10,MUR1.0_MUF1.0_PDF26504,pdf,4,0.63,0.84,0.6187161207199097,0.6184870004653931,0.9996296843627575,-0.0003703156253322959,0.0003703156253322959,-0.03703156253322959
Pythia_plus,10,MUR1.0_MUF1.0_PDF26504,pdf,5,0.84,1.05,0.6409361958503723,0.6413102149963379,1.0005835512932286,0.0005835513002239168,0.0005835513002239168,0.05835513002239168
Pythia_plus,10,MUR1.0_MUF1.0_PDF26504,pdf,6,1.05,1.37,0.6362332105636597,0.6359797120094299,0.9996015634675763,-0.00039843653212301433,0.00039843653212301433,-0.03984365321230143
Pythia_plus,10,MUR1.0_MUF1.0_PDF26504,pdf,7,1.37,1.52,0.6330141425132751,0.6324976086616516,0.9991840089866354,-0.0008159910212270916,0.0008159910212270916,-0.08159910212270916
Pythia_plus,10,MUR1.0_MUF1.0_PDF26504,pdf,8,1.52,1.74,0.6609900593757629,0.6599008440971375,0.998352145749886,-0.0016478542238473892,0.0016478542238473892,-0.16478542238473892
Pythia_plus,10,MUR1.0_MUF1.0_PDF26504,pdf,9,1.74,1.95,0.6475628614425659,0.6459009647369385,0.9974336133145046,-0.0025663867127150297,0.0025663867127150297,-0.25663867127150297
Pythia_plus,10,MUR1.0_MUF1.0_PDF26504,pdf,10,1.95,2.18,0.6217986941337585,0.6206512451171875,0.9981546294204275,-0.0018453706288710237,0.0018453706288710237,-0.18453706288710237
Pythia_plus,10,MUR1.0_MUF1.0_PDF26504,pdf,11,2.18,2.5,0.6207728385925293,0.6180171370506287,0.9955608535512788,-0.0044391462579369545,0.0044391462579369545,-0.44391462579369545
Pythia_plus,11,MUR1.0_MUF1.0_PDF26505,pdf,1,0.0,0.21,0.6547458171844482,0.6547082662582397,0.9999426480853746,-5.735191371059045e-05,5.735191371059045e-05,-0.005735191371059045
Pythia_plus,11,MUR1.0_MUF1.0_PDF26505,pdf,2,0.21,0.42,0.6447997093200684,0.6453120708465576,1.0007946057032648,0.0007946057012304664,0.0007946057012304664,0.07946057012304664
Pythia_plus,11,MUR1.0_MUF1.0_PDF26505,pdf,3,0.42,0.63,0.6357879638671875,0.6365941166877747,1.001267958606331,0.0012679585488513112,0.0012679585488513112,0.12679585488513112
Pythia_plus,11,MUR1.0_MUF1.0_PDF26505,pdf,4,0.63,0.84,0.6187161207199097,0.6185445785522461,0.9997227449521374,-0.000277255050605163,0.000277255050605163,-0.027725505060516298
Pythia_plus,11,MUR1.0_MUF1.0_PDF26505,pdf,5,0.84,1.05,0.6409361958503723,0.6413326859474182,1.0006186108689334,0.0006186108803376555,0.0006186108803376555,0.061861088033765554
Pythia_plus,11,MUR1.0_MUF1.0_PDF26505,pdf,6,1.05,1.37,0.6362332105636597,0.6359899044036865,0.9996175833704789,-0.00038241661968640983,0.00038241661968640983,-0.03824166196864098
Pythia_plus,11,MUR1.0_MUF1.0_PDF26505,pdf,7,1.37,1.52,0.6330141425132751,0.6325584053993225,0.999280052239997,-0.0007199477404356003,0.0007199477404356003,-0.07199477404356003
Pythia_plus,11,MUR1.0_MUF1.0_PDF26505,pdf,8,1.52,1.74,0.6609900593757629,0.6599321365356445,0.9983994875185906,-0.0016005125362426043,0.0016005125362426043,-0.16005125362426043
Pythia_plus,11,MUR1.0_MUF1.0_PDF26505,pdf,9,1.74,1.95,0.6475628614425659,0.6458916664123535,0.99741925436167,-0.0025807456113398075,0.0025807456113398075,-0.25807456113398075
Pythia_plus,11,MUR1.0_MUF1.0_PDF26505,pdf,10,1.95,2.18,0.6217986941337585,0.6205363869667053,0.9979699102314588,-0.002030089730396867,0.002030089730396867,-0.20300897303968668
Pythia_plus,11,MUR1.0_MUF1.0_PDF26505,pdf,11,2.18,2.5,0.6207728385925293,0.6179024577140808,0.9953761171559045,-0.0046238829381763935,0.0046238829381763935,-0.46238829381763935
Pythia_plus,12,MUR1.0_MUF1.0_PDF26506,pdf,1,0.0,0.21,0.6547458171844482,0.6545901298522949,0.9997622171412675,-0.00023778286413289607,0.00023778286413289607,-0.023778286413289607
Pythia_plus,12,MUR1.0_MUF1.0_PDF26506,pdf,2,0.21,0.42,0.6447997093200684,0.6452407240867615,1.0006839562120122,0.000683956197462976,0.000683956197462976,0.0683956197462976
Pythia_plus,12,MUR1.0_MUF1.0_PDF26506,pdf,3,0.42,0.63,0.6357879638671875,0.6366250514984131,1.0013166144670842,0.0013166144490242004,0.0013166144490242004,0.13166144490242004
Pythia_plus,12,MUR1.0_MUF1.0_PDF26506,pdf,4,0.63,0.84,0.6187161207199097,0.6183637976646423,0.9994305578221279,-0.0005694421706721187,0.0005694421706721187,-0.056944217067211866
Pythia_plus,12,MUR1.0_MUF1.0_PDF26506,pdf,5,0.84,1.05,0.6409361958503723,0.6412400007247925,1.000474001743679,0.0004740017466247082,0.0004740017466247082,0.04740017466247082
Pythia_plus,12,MUR1.0_MUF1.0_PDF26506,pdf,6,1.05,1.37,0.6362332105636597,0.6359512209892273,0.9995567826863635,-0.0004432173154782504,0.0004432173154782504,-0.04432173154782504
Pythia_plus,12,MUR1.0_MUF1.0_PDF26506,pdf,7,1.37,1.52,0.6330141425132751,0.6323625445365906,0.9989706423080889,-0.0010293576633557677,0.0010293576633557677,-0.10293576633557677
Pythia_plus,12,MUR1.0_MUF1.0_PDF26506,pdf,8,1.52,1.74,0.6609900593757629,0.6598314642906189,0.9982471822855578,-0.0017528177704662085,0.0017528177704662085,-0.17528177704662085
Pythia_plus,12,MUR1.0_MUF1.0_PDF26506,pdf,9,1.74,1.95,0.6475628614425659,0.6458855867385864,0.9974098658155858,-0.002590134274214506,0.002590134274214506,-0.2590134274214506
Pythia_plus,12,MUR1.0_MUF1.0_PDF26506,pdf,10,1.95,2.18,0.6217986941337585,0.6208760142326355,0.9985161115489178,-0.0014838884817436337,0.0014838884817436337,-0.14838884817436337
Pythia_plus,12,MUR1.0_MUF1.0_PDF26506,pdf,11,2.18,2.5,0.6207728385925293,0.6182239651679993,0.9958940319774475,-0.004105967935174704,0.004105967935174704,-0.41059679351747036
Pythia_plus,13,MUR1.0_MUF1.0_PDF13302,pdf,1,0.0,0.21,0.6547458171844482,0.6547386050224304,0.9999889847910005,-1.1015208656317554e-05,1.1015208656317554e-05,-0.0011015208656317554
Pythia_plus,13,MUR1.0_MUF1.0_PDF13302,pdf,2,0.21,0.42,0.6447997093200684,0.6447949409484863,0.9999926048794484,-7.395120519504417e-06,7.395120519504417e-06,-0.0007395120519504417
Pythia_plus,13,MUR1.0_MUF1.0_PDF13302,pdf,3,0.42,0.63,0.6357879638671875,0.6357851624488831,0.9999955937852497,-4.406214884511428e-06,4.406214884511428e-06,-0.0004406214884511428
Pythia_plus,13,MUR1.0_MUF1.0_PDF13302,pdf,4,0.63,0.84,0.6187161207199097,0.6187087297439575,0.9999880543342825,-1.1945665391976945e-05,1.1945665391976945e-05,-0.0011945665391976945
Pythia_plus,13,MUR1.0_MUF1.0_PDF13302,pdf,5,0.84,1.05,0.6409361958503723,0.6409274935722351,0.9999864225515839,-1.3577448044088669e-05,1.3577448044088669e-05,-0.001357744804408867
Pythia_plus,13,MUR1.0_MUF1.0_PDF13302,pdf,6,1.05,1.37,0.6362332105636597,0.6362642645835876,1.0000488091778492,4.880917913396843e-05,4.880917913396843e-05,0.004880917913396843
Pythia_plus,13,MUR1.0_MUF1.0_PDF13302,pdf,7,1.37,1.52,0.6330141425132751,0.6330135464668274,0.9999990583994769,-9.416005468665389e-07,9.416005468665389e-07,-9.41600546866539e-05
Pythia_plus,13,MUR1.0_MUF1.0_PDF13302,pdf,8,1.52,1.74,0.6609900593757629,0.6609737873077393,0.9999753822802736,-2.4617720555397682e-05,2.4617720555397682e-05,-0.002461772055539768
Pythia_plus,13,MUR1.0_MUF1.0_PDF13302,pdf,9,1.74,1.95,0.6475628614425659,0.6475578546524048,0.9999922682561659,-7.731743608019315e-06,7.731743608019315e-06,-0.0007731743608019315
Pythia_plus,13,MUR1.0_MUF1.0_PDF13302,pdf,10,1.95,2.18,0.6217986941337585,0.6218091249465942,1.0000167752247378,1.677522413956467e-05,1.677522413956467e-05,0.001677522413956467
Pythia_plus,13,MUR1.0_MUF1.0_PDF13302,pdf,11,2.18,2.5,0.6207728385925293,0.6207732558250427,1.0000006721178627,6.721178351654089e-07,6.721178351654089e-07,6.721178351654089e-05
Pythia_plus,14,MUR1.0_MUF1.0_PDF26507,pdf,1,0.0,0.21,0.6547458171844482,0.6546716094017029,0.999886661692526,-0.00011333830479998142,0.00011333830479998142,-0.011333830479998142
Pythia_plus,14,MUR1.0_MUF1.0_PDF26507,pdf,2,0.21,0.42,0.6447997093200684,0.6452696323394775,1.000728789130356,0.0007287891348823905,0.0007287891348823905,0.07287891348823905
Pythia_plus,14,MUR1.0_MUF1.0_PDF26507,pdf,3,0.42,0.63,0.6357879638671875,0.6365605592727661,1.0012151777785778,0.00121517782099545,0.00121517782099545,0.121517782099545
Pythia_plus,14,MUR1.0_MUF1.0_PDF26507,pdf,4,0.63,0.84,0.6187161207199097,0.6185048818588257,0.9996585851669127,-0.00034141482319682837,0.00034141482319682837,-0.03414148231968284
Pythia_plus,14,MUR1.0_MUF1.0_PDF26507,pdf,5,0.84,1.05,0.6409361958503723,0.6412848830223083,1.0005440278988667,0.000544027891010046,0.000544027891010046,0.0544027891010046
Pythia_plus,14,MUR1.0_MUF1.0_PDF26507,pdf,6,1.05,1.37,0.6362332105636597,0.6359806060791016,0.999602968722217,-0.0003970312827732414,0.0003970312827732414,-0.03970312827732414
Pythia_plus,14,MUR1.0_MUF1.0_PDF26507,pdf,7,1.37,1.52,0.6330141425132751,0.6325026750564575,0.9991920125910821,-0.0008079874096438289,0.0008079874096438289,-0.08079874096438289
Pythia_plus,14,MUR1.0_MUF1.0_PDF26507,pdf,8,1.52,1.74,0.6609900593757629,0.6599202752113342,0.9983815427338817,-0.0016184572596102953,0.0016184572596102953,-0.16184572596102953
Pythia_plus,14,MUR1.0_MUF1.0_PDF26507,pdf,9,1.74,1.95,0.6475628614425659,0.6458971500396729,0.9974277224620597,-0.0025722775608301163,0.0025722775608301163,-0.2572277560830116
Pythia_plus,14,MUR1.0_MUF1.0_PDF26507,pdf,10,1.95,2.18,0.6217986941337585,0.6205945014953613,0.9980633721978545,-0.001936627784743905,0.001936627784743905,-0.1936627784743905
Pythia_plus,14,MUR1.0_MUF1.0_PDF26507,pdf,11,2.18,2.5,0.6207728385925293,0.6179745197296143,0.9954922015124572,-0.0045077987015247345,0.0045077987015247345,-0.45077987015247345
Pythia_plus,15,MUR1.0_MUF1.0_PDF26508,pdf,1,0.0,0.21,0.6547458171844482,0.6546666026115417,0.999879014770576,-0.00012098522711312398,0.00012098522711312398,-0.012098522711312398
Pythia_plus,15,MUR1.0_MUF1.0_PDF26508,pdf,2,0.21,0.42,0.6447997093200684,0.6453048586845398,1.0007834205834307,0.0007834205753169954,0.0007834205753169954,0.07834205753169954
Pythia_plus,15,MUR1.0_MUF1.0_PDF26508,pdf,3,0.42,0.63,0.6357879638671875,0.636650800704956,1.0013571141430868,0.0013571141753345728,0.0013571141753345728,0.13571141753345728
Pythia_plus,15,MUR1.0_MUF1.0_PDF26508,pdf,4,0.63,0.84,0.6187161207199097,0.6184621453285217,0.9995895122449817,-0.00041048775892704725,0.00041048775892704725,-0.041048775892704725
Pythia_plus,15,MUR1.0_MUF1.0_PDF26508,pdf,5,0.84,1.05,0.6409361958503723,0.6413223147392273,1.0006024295263005,0.0006024294998496771,0.0006024294998496771,0.06024294998496771
Pythia_plus,15,MUR1.0_MUF1.0_PDF26508,pdf,6,1.05,1.37,0.6362332105636597,0.6359745860099792,0.9995935066743038,-0.00040649331640452147,0.00040649331640452147,-0.040649331640452147
Pythia_plus,15,MUR1.0_MUF1.0_PDF26508,pdf,7,1.37,1.52,0.6330141425132751,0.6324825286865234,0.9991601864933997,-0.0008398134959861636,0.0008398134959861636,-0.08398134959861636
Pythia_plus,15,MUR1.0_MUF1.0_PDF26508,pdf,8,1.52,1.74,0.6609900593757629,0.6598729491233826,0.9983099439446406,-0.0016900560585781932,0.0016900560585781932,-0.16900560585781932
Pythia_plus,15,MUR1.0_MUF1.0_PDF26508,pdf,9,1.74,1.95,0.6475628614425659,0.6458814740180969,0.9974035147402935,-0.0025964851956814528,0.0025964851956814528,-0.2596485195681453
Pythia_plus,15,MUR1.0_MUF1.0_PDF26508,pdf,10,1.95,2.18,0.6217986941337585,0.6207053065299988,0.9982415730137822,-0.0017584270099177957,0.0017584270099177957,-0.17584270099177957
Pythia_plus,15,MUR1.0_MUF1.0_PDF26508,pdf,11,2.18,2.5,0.6207728385925293,0.6180452108383179,0.9956060774817472,-0.004393922630697489,0.004393922630697489,-0.4393922630697489
Pythia_plus,16,MUR1.0_MUF1.0_PDF26509,pdf,1,0.0,0.21,0.6547458171844482,0.6546083688735962,0.999790073785514,-0.00020992622012272477,0.00020992622012272477,-0.020992622012272477
Pythia_plus,16,MUR1.0_MUF1.0_PDF26509,pdf,2,0.21,0.42,0.6447997093200684,0.6451651453971863,1.00056674355127,0.0005667435470968485,0.0005667435470968485,0.05667435470968485
Pythia_plus,16,MUR1.0_MUF1.0_PDF26509,pdf,3,0.42,0.63,0.6357879638671875,0.6365036368370056,1.001125647244822,0.0011256472207605839,0.0011256472207605839,0.11256472207605839
Pythia_plus,16,MUR1.0_MUF1.0_PDF26509,pdf,4,0.63,0.84,0.6187161207199097,0.6184292435646057,0.9995363347653361,-0.00046366523019969463,0.00046366523019969463,-0.04636652301996946
Pythia_plus,16,MUR1.0_MUF1.0_PDF26509,pdf,5,0.84,1.05,0.6409361958503723,0.6411876678466797,1.0003923510607382,0.0003923510666936636,0.0003923510666936636,0.03923510666936636
Pythia_plus,16,MUR1.0_MUF1.0_PDF26509,pdf,6,1.05,1.37,0.6362332105636597,0.6359800100326538,0.9996020318857899,-0.0003979681059718132,0.0003979681059718132,-0.03979681059718132
Pythia_plus,16,MUR1.0_MUF1.0_PDF26509,pdf,7,1.37,1.52,0.6330141425132751,0.6324819326400757,0.9991592448928764,-0.0008407551213167608,0.0008407551213167608,-0.08407551213167608
Pythia_plus,16,MUR1.0_MUF1.0_PDF26509,pdf,8,1.52,1.74,0.6609900593757629,0.6599881649017334,0.9984842518282715,-0.0015157482121139765,0.0015157482121139765,-0.15157482121139765
Pythia_plus,16,MUR1.0_MUF1.0_PDF26509,pdf,9,1.74,1.95,0.6475628614425659,0.6460102796554565,0.9976024230548819,-0.0023975770454853773,0.0023975770454853773,-0.23975770454853773
Pythia_plus,16,MUR1.0_MUF1.0_PDF26509,pdf,10,1.95,2.18,0.6217986941337585,0.6208102703094482,0.9984103797038569,-0.001589620253071189,0.001589620253071189,-0.1589620253071189
Pythia_plus,16,MUR1.0_MUF1.0_PDF26509,pdf,11,2.18,2.5,0.6207728385925293,0.6183663010597229,0.9961233201854277,-0.0038766798097640276,0.0038766798097640276,-0.38766798097640276
Pythia_plus,17,MUR1.0_MUF1.0_PDF26510,pdf,1,0.0,0.21,0.6547458171844482,0.6547194719314575,0.9999597626249771,-4.0237373468698934e-05,4.0237373468698934e-05,-0.004023737346869893
Pythia_plus,17,MUR1.0_MUF1.0_PDF26510,pdf,2,0.21,0.42,0.6447997093200684,0.6453885436058044,1.0009132049491105,0.0009132049744948745,0.0009132049744948745,0.09132049744948745
Pythia_plus,17,MUR1.0_MUF1.0_PDF26510,pdf,3,0.42,0.63,0.6357879638671875,0.6366892457008362,1.0014175824093408,0.0014175823889672756,0.0014175823889672756,0.14175823889672756
Pythia_plus,17,MUR1.0_MUF1.0_PDF26510,pdf,4,0.63,0.84,0.6187161207199097,0.6185285449028015,0.9996968305644115,-0.0003031694213859737,0.0003031694213859737,-0.03031694213859737
Pythia_plus,17,MUR1.0_MUF1.0_PDF26510,pdf,5,0.84,1.05,0.6409361958503723,0.6413996815681458,1.0007231386224935,0.0007231386261992157,0.0007231386261992157,0.07231386261992157
Pythia_plus,17,MUR1.0_MUF1.0_PDF26510,pdf,6,1.05,1.37,0.6362332105636597,0.6359756588935852,0.9995951929798724,-0.00040480701136402786,0.00040480701136402786,-0.040480701136402786
Pythia_plus,17,MUR1.0_MUF1.0_PDF26510,pdf,7,1.37,1.52,0.6330141425132751,0.6325023770332336,0.9991915417908206,-0.000808458193205297,0.000808458193205297,-0.0808458193205297
Pythia_plus,17,MUR1.0_MUF1.0_PDF26510,pdf,8,1.52,1.74,0.6609900593757629,0.6598172187805176,0.9982256305089474,-0.0017743695061653852,0.0017743695061653852,-0.17743695061653852
Pythia_plus,17,MUR1.0_MUF1.0_PDF26510,pdf,9,1.74,1.95,0.6475628614425659,0.6457910537719727,0.997263883128433,-0.002736116759479046,0.002736116759479046,-0.2736116759479046
Pythia_plus,17,MUR1.0_MUF1.0_PDF26510,pdf,10,1.95,2.18,0.6217986941337585,0.620513379573822,0.9979329088786089,-0.0020670911762863398,0.0020670911762863398,-0.20670911762863398
Pythia_plus,17,MUR1.0_MUF1.0_PDF26510,pdf,11,2.18,2.5,0.6207728385925293,0.6177056431770325,0.9950590695584378,-0.004940930288285017,0.004940930288285017,-0.4940930288285017
Pythia_plus,18,MUR1.0_MUF1.0_PDF26511,pdf,1,0.0,0.21,0.6547458171844482,0.6547403335571289,0.999991624799769,-8.37520019558724e-06,8.37520019558724e-06,-0.000837520019558724
Pythia_plus,18,MUR1.0_MUF1.0_PDF26511,pdf,2,0.21,0.42,0.6447997093200684,0.6455010771751404,1.0010877297941272,0.0010877298191189766,0.0010877298191189766,0.10877298191189766
Pythia_plus,18,MUR1.0_MUF1.0_PDF26511,pdf,3,0.42,0.63,0.6357879638671875,0.6367859840393066,1.0015697374421004,0.001569737447425723,0.001569737447425723,0.1569737447425723
Pythia_plus,18,MUR1.0_MUF1.0_PDF26511,pdf,4,0.63,0.84,0.6187161207199097,0.6185315251350403,0.999701647365104,-0.00029835262103006244,0.00029835262103006244,-0.029835262103006244
Pythia_plus,18,MUR1.0_MUF1.0_PDF26511,pdf,5,0.84,1.05,0.6409361958503723,0.6415238380432129,1.0009168497529788,0.0009168497635982931,0.0009168497635982931,0.0916849763598293
Pythia_plus,18,MUR1.0_MUF1.0_PDF26511,pdf,6,1.05,1.37,0.6362332105636597,0.635959804058075,0.999570273130913,-0.0004297268751543015,0.0004297268751543015,-0.04297268751543015
Pythia_plus,18,MUR1.0_MUF1.0_PDF26511,pdf,7,1.37,1.52,0.6330141425132751,0.6324266195297241,0.9990718643643278,-0.0009281356469728053,0.0009281356469728053,-0.09281356469728053
Pythia_plus,18,MUR1.0_MUF1.0_PDF26511,pdf,8,1.52,1.74,0.6609900593757629,0.6595882773399353,0.9978792691116241,-0.002120730932801962,0.002120730932801962,-0.2120730932801962
Pythia_plus,18,MUR1.0_MUF1.0_PDF26511,pdf,9,1.74,1.95,0.6475628614425659,0.6456330418586731,0.9970198729748124,-0.0029801269993185997,0.0029801269993185997,-0.29801269993185997
Pythia_plus,18,MUR1.0_MUF1.0_PDF26511,pdf,10,1.95,2.18,0.6217986941337585,0.6204043030738831,0.9977574879570662,-0.002242512069642544,0.002242512069642544,-0.22425120696425438
Pythia_plus,18,MUR1.0_MUF1.0_PDF26511,pdf,11,2.18,2.5,0.6207728385925293,0.6168853640556335,0.993737685840589,-0.006262314040213823,0.006262314040213823,-0.6262314040213823
Pythia_plus,19,MUR1.0_MUF1.0_PDF26512,pdf,1,0.0,0.21,0.6547458171844482,0.6546040177345276,0.9997834282462003,-0.0002165717596653849,0.0002165717596653849,-0.02165717596653849
Pythia_plus,19,MUR1.0_MUF1.0_PDF26512,pdf,2,0.21,0.42,0.6447997093200684,0.6450900435447693,1.000450270402583,0.00045027039595879614,0.00045027039595879614,0.045027039595879614
Pythia_plus,19,MUR1.0_MUF1.0_PDF26512,pdf,3,0.42,0.63,0.6357879638671875,0.6364367604255676,1.0010204605863153,0.0010204606223851442,0.0010204606223851442,0.10204606223851442
Pythia_plus,19,MUR1.0_MUF1.0_PDF26512,pdf,4,0.63,0.84,0.6187161207199097,0.6184400916099548,0.9995538679198569,-0.0004461320932023227,0.0004461320932023227,-0.04461320932023227
Pythia_plus,19,MUR1.0_MUF1.0_PDF26512,pdf,5,0.84,1.05,0.6409361958503723,0.6410995125770569,1.0002548096483581,0.0002548096526879817,0.0002548096526879817,0.025480965268798172
Pythia_plus,19,MUR1.0_MUF1.0_PDF26512,pdf,6,1.05,1.37,0.6362332105636597,0.6359922885894775,0.9996213307161871,-0.00037866929778829217,0.00037866929778829217,-0.03786692977882922
Pythia_plus,19,MUR1.0_MUF1.0_PDF26512,pdf,7,1.37,1.52,0.6330141425132751,0.632552981376648,0.9992714836752363,-0.0007285163155756891,0.0007285163155756891,-0.07285163155756891
Pythia_plus,19,MUR1.0_MUF1.0_PDF26512,pdf,8,1.52,1.74,0.6609900593757629,0.6601746082305908,0.998766318594954,-0.0012336814543232322,0.0012336814543232322,-0.12336814543232322
Pythia_plus,19,MUR1.0_MUF1.0_PDF26512,pdf,9,1.74,1.95,0.6475628614425659,0.6461198329925537,0.997771600973537,-0.0022283990401774645,0.0022283990401774645,-0.22283990401774645
Pythia_plus,19,MUR1.0_MUF1.0_PDF26512,pdf,10,1.95,2.18,0.6217986941337585,0.6208669543266296,0.9985015410680028,-0.001498458907008171,0.001498458907008171,-0.1498458907008171
Pythia_plus,19,MUR1.0_MUF1.0_PDF26512,pdf,11,2.18,2.5,0.6207728385925293,0.619005024433136,0.997152236616213,-0.0028477634768933058,0.0028477634768933058,-0.2847763476893306
Pythia_plus,20,MUR1.0_MUF1.0_PDF26513,pdf,1,0.0,0.21,0.6547458171844482,0.6546489000320435,0.9998519774393955,-0.00014802256191615015,0.00014802256191615015,-0.014802256191615015
Pythia_plus,20,MUR1.0_MUF1.0_PDF26513,pdf,2,0.21,0.42,0.6447997093200684,0.6452464461326599,1.000692830356674,0.0006928303628228605,0.0006928303628228605,0.06928303628228605
Pythia_plus,20,MUR1.0_MUF1.0_PDF26513,pdf,3,0.42,0.63,0.6357879638671875,0.6365740895271301,1.0012364588583291,0.0012364588910713792,0.0012364588910713792,0.12364588910713792
Pythia_plus,20,MUR1.0_MUF1.0_PDF26513,pdf,4,0.63,0.84,0.6187161207199097,0.6184684038162231,0.999599627526436,-0.00040037246071733534,0.00040037246071733534,-0.040037246071733534
Pythia_plus,20,MUR1.0_MUF1.0_PDF26513,pdf,5,0.84,1.05,0.6409361958503723,0.6412621736526489,1.0005085963382738,0.0005085963639430702,0.0005085963639430702,0.05085963639430702
Pythia_plus,20,MUR1.0_MUF1.0_PDF26513,pdf,6,1.05,1.37,0.6362332105636597,0.6359811425209045,0.9996038118750012,-0.00039618811570107937,0.00039618811570107937,-0.03961881157010794
Pythia_plus,20,MUR1.0_MUF1.0_PDF26513,pdf,7,1.37,1.52,0.6330141425132751,0.6325048208236694,0.9991954023529656,-0.0008045976283028722,0.0008045976283028722,-0.08045976283028722
Pythia_plus,20,MUR1.0_MUF1.0_PDF26513,pdf,8,1.52,1.74,0.6609900593757629,0.6599528193473816,0.9984307781733346,-0.0015692218439653516,0.0015692218439653516,-0.15692218439653516
Pythia_plus,20,MUR1.0_MUF1.0_PDF26513,pdf,9,1.74,1.95,0.6475628614425659,0.6459444761276245,0.9975008058502056,-0.0024991941172629595,0.0024991941172629595,-0.24991941172629595
Pythia_plus,20,MUR1.0_MUF1.0_PDF26513,pdf,10,1.95,2.18,0.6217986941337585,0.620708703994751,0.9982470369441254,-0.0017529630567878485,0.0017529630567878485,-0.17529630567878485
Pythia_plus,20,MUR1.0_MUF1.0_PDF26513,pdf,11,2.18,2.5,0.6207728385925293,0.6182023286819458,0.9958591778654304,-0.004140822216868401,0.004140822216868401,-0.41408222168684006
Pythia_plus,21,MUR1.0_MUF1.0_PDF26514,pdf,1,0.0,0.21,0.6547458171844482,0.65468430519104,0.9999060521017565,-9.394789958605543e-05,9.394789958605543e-05,-0.009394789958605543
Pythia_plus,21,MUR1.0_MUF1.0_PDF26514,pdf,2,0.21,0.42,0.6447997093200684,0.6453254818916321,1.000815404479816,0.0008154044626280665,0.0008154044626280665,0.08154044626280665
Pythia_plus,21,MUR1.0_MUF1.0_PDF26514,pdf,3,0.42,0.63,0.6357879638671875,0.636631190776825,1.001326270639835,0.0013262706343084574,0.0013262706343084574,0.13262706343084574
Pythia_plus,21,MUR1.0_MUF1.0_PDF26514,pdf,4,0.63,0.84,0.6187161207199097,0.6184964179992676,0.9996449054529459,-0.0003550945548340678,0.0003550945548340678,-0.03550945548340678
Pythia_plus,21,MUR1.0_MUF1.0_PDF26514,pdf,5,0.84,1.05,0.6409361958503723,0.6413373351097107,1.0006258645742516,0.00062586460262537,0.00062586460262537,0.062586460262537
Pythia_plus,21,MUR1.0_MUF1.0_PDF26514,pdf,6,1.05,1.37,0.6362332105636597,0.6359748244285583,0.9995938814088746,-0.000406118604587391,0.000406118604587391,-0.0406118604587391
Pythia_plus,21,MUR1.0_MUF1.0_PDF26514,pdf,7,1.37,1.52,0.6330141425132751,0.632482647895813,0.9991603748135043,-0.0008396251942031085,0.0008396251942031085,-0.08396251942031085
Pythia_plus,21,MUR1.0_MUF1.0_PDF26514,pdf,8,1.52,1.74,0.6609900593757629,0.6598501801490784,0.998275497171983,-0.001724502770230174,0.001724502770230174,-0.1724502770230174
Pythia_plus,21,MUR1.0_MUF1.0_PDF26514,pdf,9,1.74,1.95,0.6475628614425659,0.6458436250686646,0.9973450664386907,-0.0026549336034804583,0.0026549336034804583,-0.2654933603480458
Pythia_plus,21,MUR1.0_MUF1.0_PDF26514,pdf,10,1.95,2.18,0.6217986941337585,0.6205957531929016,0.998065385224823,-0.0019346147309988737,0.0019346147309988737,-0.19346147309988737
Pythia_plus,21,MUR1.0_MUF1.0_PDF26514,pdf,11,2.18,2.5,0.6207728385925293,0.6178445816040039,0.9952828848066797,-0.0047171153128147125,0.0047171153128147125,-0.47171153128147125
Pythia_plus,22,MUR1.0_MUF1.0_PDF26515,pdf,1,0.0,0.21,0.6547458171844482,0.6547348499298096,0.999983249599538,-1.675040039117448e-05,1.675040039117448e-05,-0.001675040039117448
Pythia_plus,22,MUR1.0_MUF1.0_PDF26515,pdf,2,0.21,0.42,0.6447997093200684,0.6455495953559875,1.0011629751457394,0.0011629750952124596,0.0011629750952124596,0.11629750952124596
Pythia_plus,22,MUR1.0_MUF1.0_PDF26515,pdf,3,0.42,0.63,0.6357879638671875,0.6368779540061951,1.0017143925348597,0.001714392565190792,0.001714392565190792,0.1714392565190792
Pythia_plus,22,MUR1.0_MUF1.0_PDF26515,pdf,4,0.63,0.84,0.6187161207199097,0.618470311164856,0.9996027102788793,-0.0003972897247876972,0.0003972897247876972,-0.03972897247876972
Pythia_plus,22,MUR1.0_MUF1.0_PDF26515,pdf,5,0.84,1.05,0.6409361958503723,0.6415224075317383,1.00091461784365,0.0009146178490482271,0.0009146178490482271,0.09146178490482271
Pythia_plus,22,MUR1.0_MUF1.0_PDF26515,pdf,6,1.05,1.37,0.6362332105636597,0.6359231472015381,0.9995126576906495,-0.00048734230222180486,0.00048734230222180486,-0.048734230222180486
Pythia_plus,22,MUR1.0_MUF1.0_PDF26515,pdf,7,1.37,1.52,0.6330141425132751,0.6323017477989197,0.9988745990547272,-0.00112540100235492,0.00112540100235492,-0.11254010023549199
Pythia_plus,22,MUR1.0_MUF1.0_PDF26515,pdf,8,1.52,1.74,0.6609900593757629,0.6594723463058472,0.9977038791304228,-0.00229612085968256,0.00229612085968256,-0.229612085968256
Pythia_plus,22,MUR1.0_MUF1.0_PDF26515,pdf,9,1.74,1.95,0.6475628614425659,0.6455221772193909,0.9968486700756294,-0.0031513299327343702,0.0031513299327343702,-0.315132993273437
Pythia_plus,22,MUR1.0_MUF1.0_PDF26515,pdf,10,1.95,2.18,0.6217986941337585,0.6204780340194702,0.9978760648313548,-0.0021239351481199265,0.0021239351481199265,-0.21239351481199265
Pythia_plus,22,MUR1.0_MUF1.0_PDF26515,pdf,11,2.18,2.5,0.6207728385925293,0.6170536875724792,0.9940088373897247,-0.005991162732243538,0.005991162732243538,-0.5991162732243538
Pythia_plus,23,MUR1.0_MUF1.0_PDF26516,pdf,1,0.0,0.21,0.6547458171844482,0.6546095013618469,0.9997918034464313,-0.00020819655037485063,0.00020819655037485063,-0.020819655037485063
Pythia_plus,23,MUR1.0_MUF1.0_PDF26516,pdf,2,0.21,0.42,0.6447997093200684,0.6450471878051758,1.0003838067566257,0.0003838067641481757,0.0003838067641481757,0.03838067641481757
Pythia_plus,23,MUR1.0_MUF1.0_PDF26516,pdf,3,0.42,0.63,0.6357879638671875,0.6363533139228821,1.0008892116363068,0.0008892116602510214,0.0008892116602510214,0.08892116602510214
Pythia_plus,23,MUR1.0_MUF1.0_PDF26516,pdf,4,0.63,0.84,0.6187161207199097,0.6184976100921631,0.9996468321732229,-0.00035316782305017114,0.00035316782305017114,-0.035316782305017114
Pythia_plus,23,MUR1.0_MUF1.0_PDF26516,pdf,5,0.84,1.05,0.6409361958503723,0.6411039233207703,1.000261691368788,0.00026169136981479824,0.00026169136981479824,0.026169136981479824
Pythia_plus,23,MUR1.0_MUF1.0_PDF26516,pdf,6,1.05,1.37,0.6362332105636597,0.6360264420509338,0.9996750114434569,-0.00032498856307938695,0.00032498856307938695,-0.032498856307938695
Pythia_plus,23,MUR1.0_MUF1.0_PDF26516,pdf,7,1.37,1.52,0.6330141425132751,0.632663905620575,0.9994467155325951,-0.000553284480702132,0.000553284480702132,-0.0553284480702132
Pythia_plus,23,MUR1.0_MUF1.0_PDF26516,pdf,8,1.52,1.74,0.6609900593757629,0.6602754592895508,0.9989188943523795,-0.0010811056708917022,0.0010811056708917022,-0.10811056708917022
Pythia_plus,23,MUR1.0_MUF1.0_PDF26516,pdf,9,1.74,1.95,0.6475628614425659,0.6462128162384033,0.997915190501884,-0.0020848095882683992,0.0020848095882683992,-0.20848095882683992
Pythia_plus,23,MUR1.0_MUF1.0_PDF26516,pdf,10,1.95,2.18,0.6217986941337585,0.6207974553108215,0.9983897701420363,-0.0016102298395708203,0.0016102298395708203,-0.16102298395708203
Pythia_plus,23,MUR1.0_MUF1.0_PDF26516,pdf,11,2.18,2.5,0.6207728385925293,0.6188409328460693,0.9968879022625408,-0.0031120977364480495,0.0031120977364480495,-0.31120977364480495
Pythia_plus,24,MUR1.0_MUF1.0_PDF13303,pdf,1,0.0,0.21,0.6547458171844482,0.6547592878341675,1.000020573861437,2.0573861547745764e-05,2.0573861547745764e-05,0.0020573861547745764
Pythia_plus,24,MUR1.0_MUF1.0_PDF13303,pdf,2,0.21,0.42,0.6447997093200684,0.6448166966438293,1.0000263451169649,2.634511656651739e-05,2.634511656651739e-05,0.002634511656651739
Pythia_plus,24,MUR1.0_MUF1.0_PDF13303,pdf,3,0.42,0.63,0.6357879638671875,0.63579922914505,1.000017718608251,1.7718608432915062e-05,1.7718608432915062e-05,0.0017718608432915062
Pythia_plus,24,MUR1.0_MUF1.0_PDF13303,pdf,4,0.63,0.84,0.6187161207199097,0.6187116503715515,0.9999927747989612,-7.225200988614233e-06,7.225200988614233e-06,-0.0007225200988614233
Pythia_plus,24,MUR1.0_MUF1.0_PDF13303,pdf,5,0.84,1.05,0.6409361958503723,0.6409308910369873,0.9999917233362394,-8.276663720607758e-06,8.276663720607758e-06,-0.0008276663720607758
Pythia_plus,24,MUR1.0_MUF1.0_PDF13303,pdf,6,1.05,1.37,0.6362332105636597,0.6362596750259399,1.000041595537361,4.1595536458771676e-05,4.1595536458771676e-05,0.004159553645877168
Pythia_plus,24,MUR1.0_MUF1.0_PDF13303,pdf,7,1.37,1.52,0.6330141425132751,0.6330154538154602,1.0000020715211508,2.0715210666821804e-06,2.0715210666821804e-06,0.00020715210666821804
Pythia_plus,24,MUR1.0_MUF1.0_PDF13303,pdf,8,1.52,1.74,0.6609900593757629,0.6609828472137451,0.9999890888494986,-1.0911150639003608e-05,1.0911150639003608e-05,-0.0010911150639003608
Pythia_plus,24,MUR1.0_MUF1.0_PDF13303,pdf,9,1.74,1.95,0.6475628614425659,0.6475617289543152,0.9999982511531804,-1.748846784721536e-06,1.748846784721536e-06,-0.0001748846784721536
Pythia_plus,24,MUR1.0_MUF1.0_PDF13303,pdf,10,1.95,2.18,0.6217986941337585,0.6218103170394897,1.0000186923932792,1.8692393496166915e-05,1.8692393496166915e-05,0.0018692393496166915
Pythia_plus,24,MUR1.0_MUF1.0_PDF13303,pdf,11,2.18,2.5,0.6207728385925293,0.620772123336792,0.9999988477979499,-1.152202003140701e-06,1.152202003140701e-06,-0.0001152202003140701
Pythia_plus,25,MUR1.0_MUF1.0_PDF26517,pdf,1,0.0,0.21,0.6547458171844482,0.6550177931785583,1.0004153917245011,0.0004153917252551764,0.0004153917252551764,0.04153917252551764
Pythia_plus,25,MUR1.0_MUF1.0_PDF26517,pdf,2,0.21,0.42,0.6447997093200684,0.6452376842498779,1.0006792418226607,0.0006792418425902724,0.0006792418425902724,0.06792418425902724
Pythia_plus,25,MUR1.0_MUF1.0_PDF26517,pdf,3,0.42,0.63,0.6357879638671875,0.6361650824546814,1.000593151504788,0.000593151489738375,0.000593151489738375,0.059315148973837495
Pythia_plus,25,MUR1.0_MUF1.0_PDF26517,pdf,4,0.63,0.84,0.6187161207199097,0.6192594766616821,1.000878199102264,0.0008781991200521588,0.0008781991200521588,0.08781991200521588
Pythia_plus,25,MUR1.0_MUF1.0_PDF26517,pdf,5,0.84,1.05,0.6409361958503723,0.6416603922843933,1.001129904097646,0.0011299040634185076,0.0011299040634185076,0.11299040634185076
Pythia_plus,25,MUR1.0_MUF1.0_PDF26517,pdf,6,1.05,1.37,0.6362332105636597,0.636305570602417,1.0001137319422437,0.00011373194138286635,0.00011373194138286635,0.011373194138286635
Pythia_plus,25,MUR1.0_MUF1.0_PDF26517,pdf,7,1.37,1.52,0.6330141425132751,0.6337936520576477,1.0012314251641798,0.0012314252089709044,0.0012314252089709044,0.12314252089709044
Pythia_plus,25,MUR1.0_MUF1.0_PDF26517,pdf,8,1.52,1.74,0.6609900593757629,0.6607820391654968,0.9996852899566105,-0.0003147100505884737,0.0003147100505884737,-0.03147100505884737
Pythia_plus,25,MUR1.0_MUF1.0_PDF26517,pdf,9,1.74,1.95,0.6475628614425659,0.6465811729431152,0.9984840259411051,-0.0015159740578383207,0.0015159740578383207,-0.15159740578383207
Pythia_plus,25,MUR1.0_MUF1.0_PDF26517,pdf,10,1.95,2.18,0.6217986941337585,0.6195864677429199,0.9964422144792046,-0.003557785414159298,0.003557785414159298,-0.3557785414159298
Pythia_plus,25,MUR1.0_MUF1.0_PDF26517,pdf,11,2.18,2.5,0.6207728385925293,0.6163451671600342,0.992867485242212,-0.007132514845579863,0.007132514845579863,-0.7132514845579863
Pythia_plus,26,MUR1.0_MUF1.0_PDF26518,pdf,1,0.0,0.21,0.6547458171844482,0.6544379591941833,0.9995298053348569,-0.00047019467456266284,0.00047019467456266284,-0.047019467456266284
Pythia_plus,26,MUR1.0_MUF1.0_PDF26518,pdf,2,0.21,0.42,0.6447997093200684,0.6453205347061157,1.000807732042244,0.0008077320526354015,0.0008077320526354015,0.08077320526354015
Pythia_plus,26,MUR1.0_MUF1.0_PDF26518,pdf,3,0.42,0.63,0.6357879638671875,0.6368969678878784,1.0017442985456115,0.0017442984972149134,0.0017442984972149134,0.17442984972149134
Pythia_plus,26,MUR1.0_MUF1.0_PDF26518,pdf,4,0.63,0.84,0.6187161207199097,0.6179666519165039,0.99878867096184,-0.0012113290140405297,0.0012113290140405297,-0.12113290140405297
Pythia_plus,26,MUR1.0_MUF1.0_PDF26518,pdf,5,0.84,1.05,0.6409361958503723,0.6410609483718872,1.0001946410927056,0.00019464109209366143,0.00019464109209366143,0.019464109209366143
Pythia_plus,26,MUR1.0_MUF1.0_PDF26518,pdf,6,1.05,1.37,0.6362332105636597,0.6357534527778625,0.9992459403598688,-0.0007540596416220069,0.0007540596416220069,-0.07540596416220069
Pythia_plus,26,MUR1.0_MUF1.0_PDF26518,pdf,7,1.37,1.52,0.6330141425132751,0.6316096782684326,0.997781306687294,-0.0022186932619661093,0.0022186932619661093,-0.22186932619661093
Pythia_plus,26,MUR1.0_MUF1.0_PDF26518,pdf,8,1.52,1.74,0.6609900593757629,0.6592977046966553,0.9974396669736517,-0.002560333115980029,0.002560333115980029,-0.2560333115980029
Pythia_plus,26,MUR1.0_MUF1.0_PDF26518,pdf,9,1.74,1.95,0.6475628614425659,0.6454184055328369,0.9966884204802112,-0.003311579581350088,0.003311579581350088,-0.3311579581350088
Pythia_plus,26,MUR1.0_MUF1.0_PDF26518,pdf,10,1.95,2.18,0.6217986941337585,0.6213549375534058,0.9992863340104453,-0.0007136659696698189,0.0007136659696698189,-0.07136659696698189
Pythia_plus,26,MUR1.0_MUF1.0_PDF26518,pdf,11,2.18,2.5,0.6207728385925293,0.6191175580024719,0.9973335164054369,-0.0026664836332201958,0.0026664836332201958,-0.2666483633220196
Pythia_plus,27,MUR1.0_MUF1.0_PDF26519,pdf,1,0.0,0.21,0.6547458171844482,0.6545411348342896,0.999687386547899,-0.00031261343974620104,0.00031261343974620104,-0.031261343974620104
Pythia_plus,27,MUR1.0_MUF1.0_PDF26519,pdf,2,0.21,0.42,0.6447997093200684,0.6454838514328003,1.0010610149211348,0.0010610149474814534,0.0010610149474814534,0.10610149474814534
Pythia_plus,27,MUR1.0_MUF1.0_PDF26519,pdf,3,0.42,0.63,0.6357879638671875,0.6370166540145874,1.0019325470396236,0.0019325470784679055,0.0019325470784679055,0.19325470784679055
Pythia_plus,27,MUR1.0_MUF1.0_PDF26519,pdf,4,0.63,0.84,0.6187161207199097,0.6180081367492676,0.9988557208274801,-0.0011442791437730193,0.0011442791437730193,-0.11442791437730193
Pythia_plus,27,MUR1.0_MUF1.0_PDF26519,pdf,5,0.84,1.05,0.6409361958503723,0.6411876678466797,1.0003923510607382,0.0003923510666936636,0.0003923510666936636,0.03923510666936636
Pythia_plus,27,MUR1.0_MUF1.0_PDF26519,pdf,6,1.05,1.37,0.6362332105636597,0.6357258558273315,0.9992025648332965,-0.00079743517562747,0.00079743517562747,-0.079743517562747
Pythia_plus,27,MUR1.0_MUF1.0_PDF26519,pdf,7,1.37,1.52,0.6330141425132751,0.6315246820449829,0.9976470344526923,-0.0023529655300080776,0.0023529655300080776,-0.23529655300080776
Pythia_plus,27,MUR1.0_MUF1.0_PDF26519,pdf,8,1.52,1.74,0.6609900593757629,0.6590177416801453,0.9970161159496402,-0.0029838839545845985,0.0029838839545845985,-0.29838839545845985
Pythia_plus,27,MUR1.0_MUF1.0_PDF26519,pdf,9,1.74,1.95,0.6475628614425659,0.6451977491378784,0.9963476714840953,-0.0036523286253213882,0.0036523286253213882,-0.3652328625321388
Pythia_plus,27,MUR1.0_MUF1.0_PDF26519,pdf,10,1.95,2.18,0.6217986941337585,0.6211650967597961,0.9989810249202195,-0.0010189750464633107,0.0010189750464633107,-0.10189750464633107
Pythia_plus,27,MUR1.0_MUF1.0_PDF26519,pdf,11,2.18,2.5,0.6207728385925293,0.6184378266334534,0.9962385403904429,-0.003761459607630968,0.003761459607630968,-0.3761459607630968
Pythia_plus,28,MUR1.0_MUF1.0_PDF26520,pdf,1,0.0,0.21,0.6547458171844482,0.6548569798469543,1.0001697798742482,0.00016977987252175808,0.00016977987252175808,0.016977987252175808
Pythia_plus,28,MUR1.0_MUF1.0_PDF26520,pdf,2,0.21,0.42,0.6447997093200684,0.6450003385543823,1.0003111496972068,0.0003111496916972101,0.0003111496916972101,0.031114969169721007
Pythia_plus,28,MUR1.0_MUF1.0_PDF26520,pdf,3,0.42,0.63,0.6357879638671875,0.6360088586807251,1.0003474347205223,0.0003474347176961601,0.0003474347176961601,0.03474347176961601
Pythia_plus,28,MUR1.0_MUF1.0_PDF26520,pdf,4,0.63,0.84,0.6187161207199097,0.6191698312759399,1.0007333097374322,0.0007333097164519131,0.0007333097164519131,0.07333097164519131
Pythia_plus,28,MUR1.0_MUF1.0_PDF26520,pdf,5,0.84,1.05,0.6409361958503723,0.6414655447006226,1.000825899447835,0.0008258994203060865,0.0008258994203060865,0.08258994203060865
Pythia_plus,28,MUR1.0_MUF1.0_PDF26520,pdf,6,1.05,1.37,0.6362332105636597,0.6363393664360046,1.0001668505676573,0.00016685057198628783,0.00016685057198628783,0.016685057198628783
Pythia_plus,28,MUR1.0_MUF1.0_PDF26520,pdf,7,1.37,1.52,0.6330141425132751,0.6338629126548767,1.0013408391449703,0.0013408391969278455,0.0013408391969278455,0.13408391969278455
Pythia_plus,28,MUR1.0_MUF1.0_PDF26520,pdf,8,1.52,1.74,0.6609900593757629,0.6611384749412537,1.0002245352458565,0.00022453525161836296,0.00022453525161836296,0.022453525161836296
Pythia_plus,28,MUR1.0_MUF1.0_PDF26520,pdf,9,1.74,1.95,0.6475628614425659,0.6468673348426819,0.9989259319190501,-0.0010740681318566203,0.0010740681318566203,-0.10740681318566203
Pythia_plus,28,MUR1.0_MUF1.0_PDF26520,pdf,10,1.95,2.18,0.6217986941337585,0.6199331283569336,0.9969997270910581,-0.0030002729035913944,0.0030002729035913944,-0.30002729035913944
Pythia_plus,28,MUR1.0_MUF1.0_PDF26520,pdf,11,2.18,2.5,0.6207728385925293,0.6174113154411316,0.9945849384148004,-0.005415061488747597,0.005415061488747597,-0.5415061488747597
Pythia_plus,29,MUR1.0_MUF1.0_PDF26521,pdf,1,0.0,0.21,0.6547458171844482,0.6546365022659302,0.9998330422040905,-0.00016695779049769044,0.00016695779049769044,-0.016695779049769044
Pythia_plus,29,MUR1.0_MUF1.0_PDF26521,pdf,2,0.21,0.42,0.6447997093200684,0.6453469395637512,1.0008486825222982,0.0008486825390718877,0.0008486825390718877,0.08486825390718877
Pythia_plus,29,MUR1.0_MUF1.0_PDF26521,pdf,3,0.42,0.63,0.6357879638671875,0.6367547512054443,1.0015206128350973,0.0015206128591671586,0.0015206128591671586,0.15206128591671586
Pythia_plus,29,MUR1.0_MUF1.0_PDF26521,pdf,4,0.63,0.84,0.6187161207199097,0.6182697415351868,0.9992785395922713,-0.0007214603829197586,0.0007214603829197586,-0.07214603829197586
Pythia_plus,29,MUR1.0_MUF1.0_PDF26521,pdf,5,0.84,1.05,0.6409361958503723,0.6411961913108826,1.0004056495204883,0.0004056495090480894,0.0004056495090480894,0.04056495090480894
Pythia_plus,29,MUR1.0_MUF1.0_PDF26521,pdf,6,1.05,1.37,0.6362332105636597,0.6358566880226135,0.9994082004290336,-0.0005917995586059988,0.0005917995586059988,-0.059179955860599875
Pythia_plus,29,MUR1.0_MUF1.0_PDF26521,pdf,7,1.37,1.52,0.6330141425132751,0.6320611238479614,0.9984944749235303,-0.0015055250842124224,0.0015055250842124224,-0.15055250842124224
Pythia_plus,29,MUR1.0_MUF1.0_PDF26521,pdf,8,1.52,1.74,0.6609900593757629,0.6595277190208435,0.9977876515173307,-0.0022123483940958977,0.0022123483940958977,-0.22123483940958977
Pythia_plus,29,MUR1.0_MUF1.0_PDF26521,pdf,9,1.74,1.95,0.6475628614425659,0.6456144452095032,0.9969911550691429,-0.003008845029398799,0.003008845029398799,-0.3008845029398799
Pythia_plus,29,MUR1.0_MUF1.0_PDF26521,pdf,10,1.95,2.18,0.6217986941337585,0.6209149956703186,0.9985788029602233,-0.001421197084710002,0.001421197084710002,-0.1421197084710002
Pythia_plus,29,MUR1.0_MUF1.0_PDF26521,pdf,11,2.18,2.5,0.6207728385925293,0.6184483170509338,0.9962554393538451,-0.0037445607595145702,0.0037445607595145702,-0.374456075951457
Pythia_plus,30,MUR1.0_MUF1.0_PDF26522,pdf,1,0.0,0.21,0.6547458171844482,0.6547291874885559,0.9999746012949516,-2.53987054747995e-05,2.53987054747995e-05,-0.00253987054747995
Pythia_plus,30,MUR1.0_MUF1.0_PDF26522,pdf,2,0.21,0.42,0.6447997093200684,0.6451863646507263,1.0005996518377245,0.0005996518302708864,0.0005996518302708864,0.05996518302708864
Pythia_plus,30,MUR1.0_MUF1.0_PDF26522,pdf,3,0.42,0.63,0.6357879638671875,0.6363435983657837,1.0008739305085559,0.0008739305194467306,0.0008739305194467306,0.08739305194467306
Pythia_plus,30,MUR1.0_MUF1.0_PDF26522,pdf,4,0.63,0.84,0.6187161207199097,0.6188593506813049,1.0002314954412834,0.00023149544722400606,0.00023149544722400606,0.023149544722400606
Pythia_plus,30,MUR1.0_MUF1.0_PDF26522,pdf,5,0.84,1.05,0.6409361958503723,0.641488790512085,1.000862167974426,0.000862167973536998,0.000862167973536998,0.0862167973536998
Pythia_plus,30,MUR1.0_MUF1.0_PDF26522,pdf,6,1.05,1.37,0.6362332105636597,0.6361836791038513,0.9999221488929123,-7.785110938129947e-05,7.785110938129947e-05,-0.007785110938129947
Pythia_plus,30,MUR1.0_MUF1.0_PDF26522,pdf,7,1.37,1.52,0.6330141425132751,0.6332331299781799,1.0003459440322064,0.0003459440195001662,0.0003459440195001662,0.03459440195001662
Pythia_plus,30,MUR1.0_MUF1.0_PDF26522,pdf,8,1.52,1.74,0.6609900593757629,0.6605253219604492,0.9992969071036369,-0.000703092897310853,0.000703092897310853,-0.0703092897310853
Pythia_plus,30,MUR1.0_MUF1.0_PDF26522,pdf,9,1.74,1.95,0.6475628614425659,0.6463610529899597,0.9981441053461143,-0.0018558946903795004,0.0018558946903795004,-0.18558946903795004
Pythia_plus,30,MUR1.0_MUF1.0_PDF26522,pdf,10,1.95,2.18,0.6217986941337585,0.6201872825622559,0.9974084674240952,-0.0025915326550602913,0.0025915326550602913,-0.25915326550602913
Pythia_plus,30,MUR1.0_MUF1.0_PDF26522,pdf,11,2.18,2.5,0.6207728385925293,0.6172345280647278,0.994300152474738,-0.005699847359210253,0.005699847359210253,-0.5699847359210253
Pythia_plus,31,MUR1.0_MUF1.0_PDF26523,pdf,1,0.0,0.21,0.6547458171844482,0.6546094417572021,0.9997917124116462,-0.0002082875871565193,0.0002082875871565193,-0.02082875871565193
Pythia_plus,31,MUR1.0_MUF1.0_PDF26523,pdf,2,0.21,0.42,0.6447997093200684,0.6451235413551331,1.0005022211244576,0.0005022211116738617,0.0005022211116738617,0.050222111167386174
Pythia_plus,31,MUR1.0_MUF1.0_PDF26523,pdf,3,0.42,0.63,0.6357879638671875,0.6364122033119202,1.0009818358953129,0.0009818358812481165,0.0009818358812481165,0.09818358812481165
Pythia_plus,31,MUR1.0_MUF1.0_PDF26523,pdf,4,0.63,0.84,0.6187161207199097,0.6185603737831116,0.9997482739958078,-0.0002517260145395994,0.0002517260145395994,-0.025172601453959942
Pythia_plus,31,MUR1.0_MUF1.0_PDF26523,pdf,5,0.84,1.05,0.6409361958503723,0.641247034072876,1.0004849752978786,0.0004849752876907587,0.0004849752876907587,0.04849752876907587
Pythia_plus,31,MUR1.0_MUF1.0_PDF26523,pdf,6,1.05,1.37,0.6362332105636597,0.636060893535614,0.9997291605889403,-0.0002708394022192806,0.0002708394022192806,-0.02708394022192806
Pythia_plus,31,MUR1.0_MUF1.0_PDF26523,pdf,7,1.37,1.52,0.6330141425132751,0.6327422261238098,0.9995704418413375,-0.00042955816024914384,0.00042955816024914384,-0.042955816024914384
Pythia_plus,31,MUR1.0_MUF1.0_PDF26523,pdf,8,1.52,1.74,0.6609900593757629,0.6602524518966675,0.9988840868805319,-0.0011159131536260247,0.0011159131536260247,-0.11159131536260247
Pythia_plus,31,MUR1.0_MUF1.0_PDF26523,pdf,9,1.74,1.95,0.6475628614425659,0.6461710333824158,0.9978506672586973,-0.002149332780390978,0.002149332780390978,-0.21493327803909779
Pythia_plus,31,MUR1.0_MUF1.0_PDF26523,pdf,10,1.95,2.18,0.6217986941337585,0.6206430792808533,0.9981414968159186,-0.0018585032084956765,0.0018585032084956765,-0.18585032084956765
Pythia_plus,31,MUR1.0_MUF1.0_PDF26523,pdf,11,2.18,2.5,0.6207728385925293,0.6183181405067444,0.9960457385807175,-0.003954261541366577,0.003954261541366577,-0.3954261541366577
Pythia_plus,32,MUR1.0_MUF1.0_PDF26524,pdf,1,0.0,0.21,0.6547458171844482,0.6547580361366272,1.0000186621309495,1.8662130969460122e-05,1.8662130969460122e-05,0.0018662130969460122
Pythia_plus,32,MUR1.0_MUF1.0_PDF26524,pdf,2,0.21,0.42,0.6447997093200684,0.6455150246620178,1.0011093605217405,0.001109360484406352,0.001109360484406352,0.1109360484406352
Pythia_plus,32,MUR1.0_MUF1.0_PDF26524,pdf,3,0.42,0.63,0.6357879638671875,0.6368645429611206,1.0016932989536085,0.0016932989237830043,0.0016932989237830043,0.16932989237830043
Pythia_plus,32,MUR1.0_MUF1.0_PDF26524,pdf,4,0.63,0.84,0.6187161207199097,0.6183826327323914,0.9994610000025047,-0.0005389999714680016,0.0005389999714680016,-0.05389999714680016
Pythia_plus,32,MUR1.0_MUF1.0_PDF26524,pdf,5,0.84,1.05,0.6409361958503723,0.6413764357566833,1.0006868700959024,0.0006868700729683042,0.0006868700729683042,0.06868700729683042
Pythia_plus,32,MUR1.0_MUF1.0_PDF26524,pdf,6,1.05,1.37,0.6362332105636597,0.635857105255127,0.9994088562145326,-0.0005911437910981476,0.0005911437910981476,-0.05911437910981476
Pythia_plus,32,MUR1.0_MUF1.0_PDF26524,pdf,7,1.37,1.52,0.6330141425132751,0.6321421265602112,0.9986224384346268,-0.0013775615952908993,0.0013775615952908993,-0.13775615952908993
Pythia_plus,32,MUR1.0_MUF1.0_PDF26524,pdf,8,1.52,1.74,0.6609900593757629,0.6593921780586243,0.9975825940277412,-0.002417406067252159,0.002417406067252159,-0.2417406067252159
Pythia_plus,32,MUR1.0_MUF1.0_PDF26524,pdf,9,1.74,1.95,0.6475628614425659,0.6454890966415405,0.9967975853395827,-0.003202414605766535,0.003202414605766535,-0.3202414605766535
Pythia_plus,32,MUR1.0_MUF1.0_PDF26524,pdf,10,1.95,2.18,0.6217986941337585,0.6206456422805786,0.9981456187282827,-0.0018543812911957502,0.0018543812911957502,-0.18543812911957502
Pythia_plus,32,MUR1.0_MUF1.0_PDF26524,pdf,11,2.18,2.5,0.6207728385925293,0.617560088634491,0.9948245964412319,-0.005175403784960508,0.005175403784960508,-0.5175403784960508
Pythia_plus,33,MUR1.0_MUF1.0_PDF26525,pdf,1,0.0,0.21,0.6547458171844482,0.6546927094459534,0.9999188880064583,-8.11119971331209e-05,8.11119971331209e-05,-0.00811119971331209
Pythia_plus,33,MUR1.0_MUF1.0_PDF26525,pdf,2,0.21,0.42,0.6447997093200684,0.6453106999397278,1.0007924796061063,0.0007924796082079411,0.0007924796082079411,0.0792479608207941
Pythia_plus,33,MUR1.0_MUF1.0_PDF26525,pdf,3,0.42,0.63,0.6357879638671875,0.6366296410560608,1.0013238331593348,0.001323833130300045,0.001323833130300045,0.1323833130300045
Pythia_plus,33,MUR1.0_MUF1.0_PDF26525,pdf,4,0.63,0.84,0.6187161207199097,0.6184925436973572,0.9996386436120456,-0.00036135638947598636,0.00036135638947598636,-0.036135638947598636
Pythia_plus,33,MUR1.0_MUF1.0_PDF26525,pdf,5,0.84,1.05,0.6409361958503723,0.6413312554359436,1.0006163789596048,0.0006163789657875896,0.0006163789657875896,0.061637896578758955
Pythia_plus,33,MUR1.0_MUF1.0_PDF26525,pdf,6,1.05,1.37,0.6362332105636597,0.6359797716140747,0.9996016571512191,-0.0003983428468927741,0.0003983428468927741,-0.03983428468927741
Pythia_plus,33,MUR1.0_MUF1.0_PDF26525,pdf,7,1.37,1.52,0.6330141425132751,0.6325212717056274,0.9992213905274046,-0.0007786094793118536,0.0007786094793118536,-0.07786094793118536
Pythia_plus,33,MUR1.0_MUF1.0_PDF26525,pdf,8,1.52,1.74,0.6609900593757629,0.659889280796051,0.9983346518391646,-0.0016653481870889664,0.0016653481870889664,-0.16653481870889664
Pythia_plus,33,MUR1.0_MUF1.0_PDF26525,pdf,9,1.74,1.95,0.6475628614425659,0.6459126472473145,0.9974516540501175,-0.0025483460631221533,0.0025483460631221533,-0.25483460631221533
Pythia_plus,33,MUR1.0_MUF1.0_PDF26525,pdf,10,1.95,2.18,0.6217986941337585,0.6206725239753723,0.9981888508788924,-0.001811149064451456,0.001811149064451456,-0.1811149064451456
Pythia_plus,33,MUR1.0_MUF1.0_PDF26525,pdf,11,2.18,2.5,0.6207728385925293,0.6179180145263672,0.9954011775504953,-0.004598822444677353,0.004598822444677353,-0.4598822444677353
Pythia_plus,34,MUR1.0_MUF1.0_PDF26526,pdf,1,0.0,0.21,0.6547458171844482,0.6546253561973572,0.9998160186992732,-0.00018398130487184972,0.00018398130487184972,-0.01839813048718497
Pythia_plus,34,MUR1.0_MUF1.0_PDF26526,pdf,2,0.21,0.42,0.6447997093200684,0.6452410221099854,1.0006844184070467,0.0006844184244982898,0.0006844184244982898,0.06844184244982898
Pythia_plus,34,MUR1.0_MUF1.0_PDF26526,pdf,3,0.42,0.63,0.6357879638671875,0.6365534067153931,1.0012039278685771,0.0012039279099553823,0.0012039279099553823,0.12039279099553823
Pythia_plus,34,MUR1.0_MUF1.0_PDF26526,pdf,4,0.63,0.84,0.6187161207199097,0.6184658408164978,0.9995954850778405,-0.0004045149253215641,0.0004045149253215641,-0.04045149253215641
Pythia_plus,34,MUR1.0_MUF1.0_PDF26526,pdf,5,0.84,1.05,0.6409361958503723,0.6412413716316223,1.000476140656786,0.00047614064533263445,0.00047614064533263445,0.047614064533263445
Pythia_plus,34,MUR1.0_MUF1.0_PDF26526,pdf,6,1.05,1.37,0.6362332105636597,0.63597172498703,0.999589009859454,-0.0004109901492483914,0.0004109901492483914,-0.04109901492483914
Pythia_plus,34,MUR1.0_MUF1.0_PDF26526,pdf,7,1.37,1.52,0.6330141425132751,0.6324343681335449,0.9990841051711288,-0.0009158948087133467,0.0009158948087133467,-0.09158948087133467
Pythia_plus,34,MUR1.0_MUF1.0_PDF26526,pdf,8,1.52,1.74,0.6609900593757629,0.6599169373512268,0.9983764929452198,-0.0016235070070251822,0.0016235070070251822,-0.16235070070251822
Pythia_plus,34,MUR1.0_MUF1.0_PDF26526,pdf,9,1.74,1.95,0.6475628614425659,0.6458464860916138,0.9973494845780244,-0.0026505154091864824,0.0026505154091864824,-0.26505154091864824
Pythia_plus,34,MUR1.0_MUF1.0_PDF26526,pdf,10,1.95,2.18,0.6217986941337585,0.6206009984016418,0.9980738207664054,-0.001926179276779294,0.001926179276779294,-0.1926179276779294
Pythia_plus,34,MUR1.0_MUF1.0_PDF26526,pdf,11,2.18,2.5,0.6207728385925293,0.618212878704071,0.9958761728456702,-0.00412382697686553,0.00412382697686553,-0.412382697686553
Pythia_plus,35,MUR1.0_MUF1.0_PDF13304,pdf,1,0.0,0.21,0.6547458171844482,0.654756486415863,1.0000162952265363,1.6295227396767586e-05,1.6295227396767586e-05,0.0016295227396767586
Pythia_plus,35,MUR1.0_MUF1.0_PDF13304,pdf,2,0.21,0.42,0.6447997093200684,0.6448150277137756,1.0000237568247718,2.3756825612508692e-05,2.3756825612508692e-05,0.002375682561250869
Pythia_plus,35,MUR1.0_MUF1.0_PDF13304,pdf,3,0.42,0.63,0.6357879638671875,0.6357959508895874,1.0000125623995009,1.2562399206217378e-05,1.2562399206217378e-05,0.0012562399206217378
Pythia_plus,35,MUR1.0_MUF1.0_PDF13304,pdf,4,0.63,0.84,0.6187161207199097,0.6187089085578918,0.999988343342324,-1.1656657989078667e-05,1.1656657989078667e-05,-0.0011656657989078667
Pythia_plus,35,MUR1.0_MUF1.0_PDF13304,pdf,5,0.84,1.05,0.6409361958503723,0.6409276127815247,0.9999866085440279,-1.3391456377576105e-05,1.3391456377576105e-05,-0.0013391456377576105
Pythia_plus,35,MUR1.0_MUF1.0_PDF13304,pdf,6,1.05,1.37,0.6362332105636597,0.6362664699554443,1.0000522754726293,5.227547444519587e-05,5.227547444519587e-05,0.005227547444519587
Pythia_plus,35,MUR1.0_MUF1.0_PDF13304,pdf,7,1.37,1.52,0.6330141425132751,0.633016049861908,1.0000030131216742,3.0131216135487193e-06,3.0131216135487193e-06,0.00030131216135487193
Pythia_plus,35,MUR1.0_MUF1.0_PDF13304,pdf,8,1.52,1.74,0.6609900593757629,0.6609794497489929,0.9999839488860391,-1.6051113561843522e-05,1.6051113561843522e-05,-0.0016051113561843522
Pythia_plus,35,MUR1.0_MUF1.0_PDF13304,pdf,9,1.74,1.95,0.6475628614425659,0.6475635766983032,1.0000011045348334,1.1045348173865932e-06,1.1045348173865932e-06,0.00011045348173865932
Pythia_plus,35,MUR1.0_MUF1.0_PDF13304,pdf,10,1.95,2.18,0.6217986941337585,0.6218119263648987,1.0000212805708102,2.1280571672832593e-05,2.1280571672832593e-05,0.0021280571672832593
Pythia_plus,35,MUR1.0_MUF1.0_PDF13304,pdf,11,2.18,2.5,0.6207728385925293,0.6207731366157532,1.0000004800841875,4.800841679752921e-07,4.800841679752921e-07,4.800841679752921e-05
Pythia_plus,36,MUR1.0_MUF1.0_PDF26527,pdf,1,0.0,0.21,0.6547458171844482,0.6548997759819031,1.000235142849964,0.00023514285567216575,0.00023514285567216575,0.023514285567216575
Pythia_plus,36,MUR1.0_MUF1.0_PDF26527,pdf,2,0.21,0.42,0.6447997093200684,0.6454634666442871,1.0010294007807767,0.0010294007370248437,0.0010294007370248437,0.10294007370248437
Pythia_plus,36,MUR1.0_MUF1.0_PDF26527,pdf,3,0.42,0.63,0.6357879638671875,0.6367148756980896,1.0014578945868433,0.0014578945701941848,0.0014578945701941848,0.14578945701941848
Pythia_plus,36,MUR1.0_MUF1.0_PDF26527,pdf,4,0.63,0.84,0.6187161207199097,0.6186884641647339,0.9999553000895732,-4.4699911086354405e-05,4.4699911086354405e-05,-0.0044699911086354405
Pythia_plus,36,MUR1.0_MUF1.0_PDF26527,pdf,5,0.84,1.05,0.6409361958503723,0.6415570974349976,1.0009687416448707,0.0009687416604720056,0.0009687416604720056,0.09687416604720056
Pythia_plus,36,MUR1.0_MUF1.0_PDF26527,pdf,6,1.05,1.37,0.6362332105636597,0.6360642910003662,0.9997345005565745,-0.0002654994314070791,0.0002654994314070791,-0.02654994314070791
Pythia_plus,36,MUR1.0_MUF1.0_PDF26527,pdf,7,1.37,1.52,0.6330141425132751,0.6328370571136475,0.9997202504845711,-0.00027974951080977917,0.00027974951080977917,-0.027974951080977917
Pythia_plus,36,MUR1.0_MUF1.0_PDF26527,pdf,8,1.52,1.74,0.6609900593757629,0.6599318385124207,0.9983990366446029,-0.00160096341278404,0.00160096341278404,-0.160096341278404
Pythia_plus,36,MUR1.0_MUF1.0_PDF26527,pdf,9,1.74,1.95,0.6475628614425659,0.6461170315742493,0.9977672748787727,-0.0022327250335365534,0.0022327250335365534,-0.22327250335365534
Pythia_plus,36,MUR1.0_MUF1.0_PDF26527,pdf,10,1.95,2.18,0.6217986941337585,0.6206101775169373,0.9980885829641746,-0.0019114169990643859,0.0019114169990643859,-0.1911416999064386
Pythia_plus,36,MUR1.0_MUF1.0_PDF26527,pdf,11,2.18,2.5,0.6207728385925293,0.6175299286842346,0.9947760119214506,-0.005223988089710474,0.005223988089710474,-0.5223988089710474
Pythia_plus,37,MUR1.0_MUF1.0_PDF26528,pdf,1,0.0,0.21,0.6547458171844482,0.6545214056968689,0.9996572540340244,-0.00034274597419425845,0.00034274597419425845,-0.034274597419425845
Pythia_plus,37,MUR1.0_MUF1.0_PDF26528,pdf,2,0.21,0.42,0.6447997093200684,0.6451823115348816,1.0005933659852555,0.0005933659849688411,0.0005933659849688411,0.05933659849688411
Pythia_plus,37,MUR1.0_MUF1.0_PDF26528,pdf,3,0.42,0.63,0.6357879638671875,0.6365470886230469,1.0011939904480764,0.0011939904652535915,0.0011939904652535915,0.11939904652535915
Pythia_plus,37,MUR1.0_MUF1.0_PDF26528,pdf,4,0.63,0.84,0.6187161207199097,0.6183580756187439,0.9994213095647982,-0.000578690436668694,0.000578690436668694,-0.0578690436668694
Pythia_plus,37,MUR1.0_MUF1.0_PDF26528,pdf,5,0.84,1.05,0.6409361958503723,0.6411396861076355,1.0003174891020052,0.0003174890880472958,0.0003174890880472958,0.03174890880472958
Pythia_plus,37,MUR1.0_MUF1.0_PDF26528,pdf,6,1.05,1.37,0.6362332105636597,0.635920524597168,0.9995085356103705,-0.0004914643941447139,0.0004914643941447139,-0.04914643941447139
Pythia_plus,37,MUR1.0_MUF1.0_PDF26528,pdf,7,1.37,1.52,0.6330141425132751,0.6322803497314453,0.9988407955959461,-0.0011592044029384851,0.0011592044029384851,-0.11592044029384851
Pythia_plus,37,MUR1.0_MUF1.0_PDF26528,pdf,8,1.52,1.74,0.6609900593757629,0.6598958373069763,0.9983445710668932,-0.0016554289031773806,0.0016554289031773806,-0.16554289031773806
Pythia_plus,37,MUR1.0_MUF1.0_PDF26528,pdf,9,1.74,1.95,0.6475628614425659,0.6457296013832092,0.9971689851773267,-0.0028310148045420647,0.0028310148045420647,-0.28310148045420647
Pythia_plus,37,MUR1.0_MUF1.0_PDF26528,pdf,10,1.95,2.18,0.6217986941337585,0.6206487417221069,0.9981506033664904,-0.0018493966199457645,0.0018493966199457645,-0.18493966199457645
Pythia_plus,37,MUR1.0_MUF1.0_PDF26528,pdf,11,2.18,2.5,0.6207728385925293,0.6183809638023376,0.9961469403274559,-0.00385305960662663,0.00385305960662663,-0.385305960662663
Pythia_plus,38,MUR1.0_MUF1.0_PDF26529,pdf,1,0.0,0.21,0.6547458171844482,0.6549999713897705,1.0003881723237502,0.0003881723096128553,0.0003881723096128553,0.03881723096128553
Pythia_plus,38,MUR1.0_MUF1.0_PDF26529,pdf,2,0.21,0.42,0.6447997093200684,0.6455578804016113,1.0011758241676976,0.0011758242035284638,0.0011758242035284638,0.11758242035284638
Pythia_plus,38,MUR1.0_MUF1.0_PDF26529,pdf,3,0.42,0.63,0.6357879638671875,0.6368131041526794,1.0016123933508532,0.001612393301911652,0.001612393301911652,0.1612393301911652
Pythia_plus,38,MUR1.0_MUF1.0_PDF26529,pdf,4,0.63,0.84,0.6187161207199097,0.6186854243278503,0.9999503869528669,-4.9613048759056255e-05,4.9613048759056255e-05,-0.0049613048759056255
Pythia_plus,38,MUR1.0_MUF1.0_PDF26529,pdf,5,0.84,1.05,0.6409361958503723,0.6415993571281433,1.001034675966289,0.0010346759809181094,0.0010346759809181094,0.10346759809181094
Pythia_plus,38,MUR1.0_MUF1.0_PDF26529,pdf,6,1.05,1.37,0.6362332105636597,0.6360496878623962,0.9997115480641119,-0.0002884519344661385,0.0002884519344661385,-0.028845193446613848
Pythia_plus,38,MUR1.0_MUF1.0_PDF26529,pdf,7,1.37,1.52,0.6330141425132751,0.63280189037323,0.9996646960537051,-0.0003353039501234889,0.0003353039501234889,-0.03353039501234889
Pythia_plus,38,MUR1.0_MUF1.0_PDF26529,pdf,8,1.52,1.74,0.6609900593757629,0.6598066091537476,0.9982095793949867,-0.0017904206179082394,0.0017904206179082394,-0.17904206179082394
Pythia_plus,38,MUR1.0_MUF1.0_PDF26529,pdf,9,1.74,1.95,0.6475628614425659,0.6461329460144043,0.9977918507788167,-0.0022081492934376,0.0022081492934376,-0.22081492934376
Pythia_plus,38,MUR1.0_MUF1.0_PDF26529,pdf,10,1.95,2.18,0.6217986941337585,0.6207475662231445,0.9983095366385766,-0.0016904633957892656,0.0016904633957892656,-0.16904633957892656
Pythia_plus,38,MUR1.0_MUF1.0_PDF26529,pdf,11,2.18,2.5,0.6207728385925293,0.6176437735557556,0.9949594040810996,-0.0050405957736074924,0.0050405957736074924,-0.5040595773607492
Pythia_plus,39,MUR1.0_MUF1.0_PDF26530,pdf,1,0.0,0.21,0.6547458171844482,0.6543363928794861,0.999374682061013,-0.0006253179162740707,0.0006253179162740707,-0.06253179162740707
Pythia_plus,39,MUR1.0_MUF1.0_PDF26530,pdf,2,0.21,0.42,0.6447997093200684,0.6450238823890686,1.0003476631049302,0.00034766309545375407,0.00034766309545375407,0.03476630954537541
Pythia_plus,39,MUR1.0_MUF1.0_PDF26530,pdf,3,0.42,0.63,0.6357879638671875,0.6364054679870605,1.000971242230062,0.0009712422033771873,0.0009712422033771873,0.09712422033771873
Pythia_plus,39,MUR1.0_MUF1.0_PDF26530,pdf,4,0.63,0.84,0.6187161207199097,0.6182805895805359,0.9992960727467921,-0.0007039272459223866,0.0007039272459223866,-0.07039272459223866
Pythia_plus,39,MUR1.0_MUF1.0_PDF26530,pdf,5,0.84,1.05,0.6409361958503723,0.6409823298454285,1.00007197907585,7.197907689260319e-05,7.197907689260319e-05,0.007197907689260319
Pythia_plus,39,MUR1.0_MUF1.0_PDF26530,pdf,6,1.05,1.37,0.6362332105636597,0.6358853578567505,0.9994532622611746,-0.0005467377486638725,0.0005467377486638725,-0.05467377486638725
Pythia_plus,39,MUR1.0_MUF1.0_PDF26530,pdf,7,1.37,1.52,0.6330141425132751,0.6321505308151245,0.9986357150020032,-0.0013642850099131465,0.0013642850099131465,-0.13642850099131465
Pythia_plus,39,MUR1.0_MUF1.0_PDF26530,pdf,8,1.52,1.74,0.6609900593757629,0.6599838733673096,0.9984777592428491,-0.0015222408110275865,0.0015222408110275865,-0.15222408110275865
Pythia_plus,39,MUR1.0_MUF1.0_PDF26530,pdf,9,1.74,1.95,0.6475628614425659,0.6455511450767517,0.9968934037363836,-0.0031065961811691523,0.0031065961811691523,-0.3106596181169152
Pythia_plus,39,MUR1.0_MUF1.0_PDF26530,pdf,10,1.95,2.18,0.6217986941337585,0.6204613447189331,0.9978492244717745,-0.002150775631889701,0.002150775631889701,-0.2150775631889701
Pythia_plus,39,MUR1.0_MUF1.0_PDF26530,pdf,11,2.18,2.5,0.6207728385925293,0.618455708026886,0.9962673454416967,-0.0037326544988900423,0.0037326544988900423,-0.37326544988900423
Pythia_plus,40,MUR1.0_MUF1.0_PDF26531,pdf,1,0.0,0.21,0.6547458171844482,0.6547753214836121,1.0000450622186343,4.506221739575267e-05,4.506221739575267e-05,0.004506221739575267
Pythia_plus,40,MUR1.0_MUF1.0_PDF26531,pdf,2,0.21,0.42,0.6447997093200684,0.6454064846038818,1.0009410290901857,0.0009410291095264256,0.0009410291095264256,0.09410291095264256
Pythia_plus,40,MUR1.0_MUF1.0_PDF26531,pdf,3,0.42,0.63,0.6357879638671875,0.6367056965827942,1.0014434572023423,0.0014434572076424956,0.0014434572076424956,0.14434572076424956
Pythia_plus,40,MUR1.0_MUF1.0_PDF26531,pdf,4,0.63,0.84,0.6187161207199097,0.6185466647148132,0.9997261167126221,-0.000273883284535259,0.000273883284535259,-0.0273883284535259
Pythia_plus,40,MUR1.0_MUF1.0_PDF26531,pdf,5,0.84,1.05,0.6409361958503723,0.6414408087730408,1.000787306015693,0.0007873059948906302,0.0007873059948906302,0.07873059948906302
Pythia_plus,40,MUR1.0_MUF1.0_PDF26531,pdf,6,1.05,1.37,0.6362332105636597,0.6360035538673401,0.9996390369246583,-0.00036096308031119406,0.00036096308031119406,-0.036096308031119406
Pythia_plus,40,MUR1.0_MUF1.0_PDF26531,pdf,7,1.37,1.52,0.6330141425132751,0.6325731873512268,0.9993034039329712,-0.0006965960492379963,0.0006965960492379963,-0.06965960492379963
Pythia_plus,40,MUR1.0_MUF1.0_PDF26531,pdf,8,1.52,1.74,0.6609900593757629,0.6598100066184998,0.998214719358446,-0.0017852806486189365,0.0017852806486189365,-0.17852806486189365
Pythia_plus,40,MUR1.0_MUF1.0_PDF26531,pdf,9,1.74,1.95,0.6475628614425659,0.6459313631057739,0.9974805560449258,-0.002519443864002824,0.002519443864002824,-0.2519443864002824
Pythia_plus,40,MUR1.0_MUF1.0_PDF26531,pdf,10,1.95,2.18,0.6217986941337585,0.6206638216972351,0.9981748555485398,-0.0018251443980261683,0.0018251443980261683,-0.18251443980261683
Pythia_plus,40,MUR1.0_MUF1.0_PDF26531,pdf,11,2.18,2.5,0.6207728385925293,0.6177058815956116,0.9950594536257878,-0.0049405465833842754,0.0049405465833842754,-0.49405465833842754
Pythia_plus,41,MUR1.0_MUF1.0_PDF26532,pdf,1,0.0,0.21,0.6547458171844482,0.6545394062995911,0.9996847465391305,-0.00031525344820693135,0.00031525344820693135,-0.031525344820693135
Pythia_plus,41,MUR1.0_MUF1.0_PDF26532,pdf,2,0.21,0.42,0.6447997093200684,0.6451423764228821,1.0005314318506364,0.0005314318696036935,0.0005314318696036935,0.05314318696036935
Pythia_plus,41,MUR1.0_MUF1.0_PDF26532,pdf,3,0.42,0.63,0.6357879638671875,0.6364837288856506,1.00109433499532,0.0010943349916487932,0.0010943349916487932,0.10943349916487932
Pythia_plus,41,MUR1.0_MUF1.0_PDF26532,pdf,4,0.63,0.84,0.6187161207199097,0.6184048056602478,0.9994968369996572,-0.0005031630280427635,0.0005031630280427635,-0.05031630280427635
Pythia_plus,41,MUR1.0_MUF1.0_PDF26532,pdf,5,0.84,1.05,0.6409361958503723,0.6411290764808655,1.000300935774484,0.0003009357606060803,0.0003009357606060803,0.03009357606060803
Pythia_plus,41,MUR1.0_MUF1.0_PDF26532,pdf,6,1.05,1.37,0.6362332105636597,0.6359419822692871,0.9995422617217442,-0.00045773826423101127,0.00045773826423101127,-0.04577382642310113
Pythia_plus,41,MUR1.0_MUF1.0_PDF26532,pdf,7,1.37,1.52,0.6330141425132751,0.6323825716972351,0.9990022800856668,-0.000997719937004149,0.000997719937004149,-0.0997719937004149
Pythia_plus,41,MUR1.0_MUF1.0_PDF26532,pdf,8,1.52,1.74,0.6609900593757629,0.6599991917610168,0.9985009341658151,-0.001499065780080855,0.001499065780080855,-0.1499065780080855
Pythia_plus,41,MUR1.0_MUF1.0_PDF26532,pdf,9,1.74,1.95,0.6475628614425659,0.6458212733268738,0.9973105497251457,-0.002689450280740857,0.002689450280740857,-0.2689450280740857
Pythia_plus,41,MUR1.0_MUF1.0_PDF26532,pdf,10,1.95,2.18,0.6217986941337585,0.6206198930740356,0.9981042078877873,-0.0018957920838147402,0.0018957920838147402,-0.18957920838147402
Pythia_plus,41,MUR1.0_MUF1.0_PDF26532,pdf,11,2.18,2.5,0.6207728385925293,0.6183961033821106,0.996171328604184,-0.003828671295195818,0.003828671295195818,-0.3828671295195818
Pythia_plus,42,MUR1.0_MUF1.0_PDF26533,pdf,1,0.0,0.21,0.6547458171844482,0.6546539664268494,0.9998597153961306,-0.00014028461009729654,0.00014028461009729654,-0.014028461009729654
Pythia_plus,42,MUR1.0_MUF1.0_PDF26533,pdf,2,0.21,0.42,0.6447997093200684,0.6452346444129944,1.0006745274333089,0.000674527429509908,0.000674527429509908,0.0674527429509908
Pythia_plus,42,MUR1.0_MUF1.0_PDF26533,pdf,3,0.42,0.63,0.6357879638671875,0.6365528106689453,1.001202990376077,0.00120299041736871,0.00120299041736871,0.120299041736871
Pythia_plus,42,MUR1.0_MUF1.0_PDF26533,pdf,4,0.63,0.84,0.6187161207199097,0.6184816360473633,0.9996210141215109,-0.0003789858892560005,0.0003789858892560005,-0.03789858892560005
Pythia_plus,42,MUR1.0_MUF1.0_PDF26533,pdf,5,0.84,1.05,0.6409361958503723,0.6412534117698669,1.0004949258936355,0.000494925887323916,0.000494925887323916,0.049492588732391596
Pythia_plus,42,MUR1.0_MUF1.0_PDF26533,pdf,6,1.05,1.37,0.6362332105636597,0.635985255241394,0.9996102760463479,-0.0003897239512298256,0.0003897239512298256,-0.03897239512298256
Pythia_plus,42,MUR1.0_MUF1.0_PDF26533,pdf,7,1.37,1.52,0.6330141425132751,0.6325337290763855,0.9992410699783385,-0.0007589299930259585,0.0007589299930259585,-0.07589299930259585
Pythia_plus,42,MUR1.0_MUF1.0_PDF26533,pdf,8,1.52,1.74,0.6609900593757629,0.6599924564361572,0.9984907444136938,-0.0015092556132003665,0.0015092556132003665,-0.15092556132003665
Pythia_plus,42,MUR1.0_MUF1.0_PDF26533,pdf,9,1.74,1.95,0.6475628614425659,0.6459694504737854,0.9975393725248065,-0.002460627583786845,0.002460627583786845,-0.24606275837868452
Pythia_plus,42,MUR1.0_MUF1.0_PDF26533,pdf,10,1.95,2.18,0.6217986941337585,0.6206987500190735,0.9982310285868042,-0.001768971444107592,0.001768971444107592,-0.1768971444107592
Pythia_plus,42,MUR1.0_MUF1.0_PDF26533,pdf,11,2.18,2.5,0.6207728385925293,0.618241012096405,0.9959214927929761,-0.004078507423400879,0.004078507423400879,-0.4078507423400879
Pythia_plus,43,MUR1.0_MUF1.0_PDF26534,pdf,1,0.0,0.21,0.6547458171844482,0.6546906232833862,0.9999157017889791,-8.429821173194796e-05,8.429821173194796e-05,-0.008429821173194796
Pythia_plus,43,MUR1.0_MUF1.0_PDF26534,pdf,2,0.21,0.42,0.6447997093200684,0.6453765034675598,1.0008945322697178,0.0008945322479121387,0.0008945322479121387,0.08945322479121387
Pythia_plus,43,MUR1.0_MUF1.0_PDF26534,pdf,3,0.42,0.63,0.6357879638671875,0.6366881132125854,1.0014158011735905,0.0014158011181280017,0.0014158011181280017,0.14158011181280017
Pythia_plus,43,MUR1.0_MUF1.0_PDF26534,pdf,4,0.63,0.84,0.6187161207199097,0.6184875965118408,0.999630647722896,-0.000369352288544178,0.000369352288544178,-0.0369352288544178
Pythia_plus,43,MUR1.0_MUF1.0_PDF26534,pdf,5,0.84,1.05,0.6409361958503723,0.6413818597793579,1.0006953327521069,0.0006953327683731914,0.0006953327683731914,0.06953327683731914
Pythia_plus,43,MUR1.0_MUF1.0_PDF26534,pdf,6,1.05,1.37,0.6362332105636597,0.6359632015228271,0.9995756130985471,-0.0004243869043421,0.0004243869043421,-0.04243869043421
Pythia_plus,43,MUR1.0_MUF1.0_PDF26534,pdf,7,1.37,1.52,0.6330141425132751,0.6324324011802673,0.9990809978894024,-0.0009190021082758904,0.0009190021082758904,-0.09190021082758904
Pythia_plus,43,MUR1.0_MUF1.0_PDF26534,pdf,8,1.52,1.74,0.6609900593757629,0.659757137298584,0.9981347343130345,-0.0018652656581252813,0.0018652656581252813,-0.18652656581252813
Pythia_plus,43,MUR1.0_MUF1.0_PDF26534,pdf,9,1.74,1.95,0.6475628614425659,0.6457691192626953,0.9972300107268741,-0.0027699891943484545,0.0027699891943484545,-0.27699891943484545
Pythia_plus,43,MUR1.0_MUF1.0_PDF26534,pdf,10,1.95,2.18,0.6217986941337585,0.6205719709396362,0.9980271377124211,-0.001972862286493182,0.001972862286493182,-0.19728622864931822
Pythia_plus,43,MUR1.0_MUF1.0_PDF26534,pdf,11,2.18,2.5,0.6207728385925293,0.617671012878418,0.9950032837758429,-0.004996716044843197,0.004996716044843197,-0.4996716044843197
Pythia_plus,44,MUR1.0_MUF1.0_PDF26535,pdf,1,0.0,0.21,0.6547458171844482,0.6547273397445679,0.999971779216613,-2.8220783860888332e-05,2.8220783860888332e-05,-0.002822078386088833
Pythia_plus,44,MUR1.0_MUF1.0_PDF26535,pdf,2,0.21,0.42,0.6447997093200684,0.6453449130058289,1.0008455395960638,0.0008455396164208651,0.0008455396164208651,0.0845539616420865
Pythia_plus,44,MUR1.0_MUF1.0_PDF26535,pdf,3,0.42,0.63,0.6357879638671875,0.6366239786148071,1.001314926980584,0.001314927008934319,0.001314927008934319,0.1314927008934319
Pythia_plus,44,MUR1.0_MUF1.0_PDF26535,pdf,4,0.63,0.84,0.6187161207199097,0.618564784526825,0.9997554028608328,-0.0002445971476845443,0.0002445971476845443,-0.024459714768454432
Pythia_plus,44,MUR1.0_MUF1.0_PDF26535,pdf,5,0.84,1.05,0.6409361958503723,0.6414071321487427,1.000734763150247,0.0007347631617449224,0.0007347631617449224,0.07347631617449224
Pythia_plus,44,MUR1.0_MUF1.0_PDF26535,pdf,6,1.05,1.37,0.6362332105636597,0.6360093951225281,0.9996482179216434,-0.0003517820732668042,0.0003517820732668042,-0.03517820732668042
Pythia_plus,44,MUR1.0_MUF1.0_PDF26535,pdf,7,1.37,1.52,0.6330141425132751,0.6326025128364563,0.9993497306787104,-0.0006502693286165595,0.0006502693286165595,-0.06502693286165595
Pythia_plus,44,MUR1.0_MUF1.0_PDF26535,pdf,8,1.52,1.74,0.6609900593757629,0.6598914265632629,0.9983378981318758,-0.0016621018294245005,0.0016621018294245005,-0.16621018294245005
Pythia_plus,44,MUR1.0_MUF1.0_PDF26535,pdf,9,1.74,1.95,0.6475628614425659,0.6459247469902039,0.9974703390977165,-0.002529660938307643,0.002529660938307643,-0.2529660938307643
Pythia_plus,44,MUR1.0_MUF1.0_PDF26535,pdf,10,1.95,2.18,0.6217986941337585,0.6205466985702515,0.9979864937393423,-0.00201350636780262,0.00201350636780262,-0.201350636780262
Pythia_plus,44,MUR1.0_MUF1.0_PDF26535,pdf,11,2.18,2.5,0.6207728385925293,0.6176046133041382,0.9948963210188538,-0.005103678908199072,0.005103678908199072,-0.5103678908199072
Pythia_plus,45,MUR1.0_MUF1.0_PDF26536,pdf,1,0.0,0.21,0.6547458171844482,0.6546202898025513,0.999808280742538,-0.00019171925669070333,0.00019171925669070333,-0.019171925669070333
Pythia_plus,45,MUR1.0_MUF1.0_PDF26536,pdf,2,0.21,0.42,0.6447997093200684,0.645241916179657,1.00068580499215,0.0006858049891889095,0.0006858049891889095,0.06858049891889095
Pythia_plus,45,MUR1.0_MUF1.0_PDF26536,pdf,3,0.42,0.63,0.6357879638671875,0.6365901827812195,1.0012617711558307,0.0012617711909115314,0.0012617711909115314,0.12617711909115314
Pythia_plus,45,MUR1.0_MUF1.0_PDF26536,pdf,4,0.63,0.84,0.6187161207199097,0.6184209585189819,0.9995229440594108,-0.00047705593169666827,0.00047705593169666827,-0.04770559316966683
Pythia_plus,45,MUR1.0_MUF1.0_PDF26536,pdf,5,0.84,1.05,0.6409361958503723,0.641220211982727,1.0004431269979657,0.00044312700629234314,0.00044312700629234314,0.044312700629234314
Pythia_plus,45,MUR1.0_MUF1.0_PDF26536,pdf,6,1.05,1.37,0.6362332105636597,0.6359500288963318,0.9995549090135094,-0.00044509099097922444,0.00044509099097922444,-0.044509099097922444
Pythia_plus,45,MUR1.0_MUF1.0_PDF26536,pdf,7,1.37,1.52,0.6330141425132751,0.6324023008346558,0.9990334470629831,-0.0009665529360063374,0.0009665529360063374,-0.09665529360063374
Pythia_plus,45,MUR1.0_MUF1.0_PDF26536,pdf,8,1.52,1.74,0.6609900593757629,0.6599006056785583,0.9983517850506958,-0.001648214994929731,0.001648214994929731,-0.1648214994929731
Pythia_plus,45,MUR1.0_MUF1.0_PDF26536,pdf,9,1.74,1.95,0.6475628614425659,0.6458589434623718,0.9973687218930402,-0.002631278010085225,0.002631278010085225,-0.2631278010085225
Pythia_plus,45,MUR1.0_MUF1.0_PDF26536,pdf,10,1.95,2.18,0.6217986941337585,0.6207277774810791,0.9982777116407886,-0.0017222883179783821,0.0017222883179783821,-0.1722288317978382
Pythia_plus,45,MUR1.0_MUF1.0_PDF26536,pdf,11,2.18,2.5,0.6207728385925293,0.6183241009712219,0.9960553402644687,-0.0039446596056222916,0.0039446596056222916,-0.39446596056222916
Pythia_plus,46,MUR1.0_MUF1.0_PDF13305,pdf,1,0.0,0.21,0.6547458171844482,0.6547595858573914,1.0000210290353626,2.1029034542152658e-05,2.1029034542152658e-05,0.002102903454215266
Pythia_plus,46,MUR1.0_MUF1.0_PDF13305,pdf,2,0.21,0.42,0.6447997093200684,0.6448181867599487,1.0000286560921372,2.86560916720191e-05,2.86560916720191e-05,0.00286560916720191
Pythia_plus,46,MUR1.0_MUF1.0_PDF13305,pdf,3,0.42,0.63,0.6357879638671875,0.6357979774475098,1.000015749874001,1.57498743647011e-05,1.57498743647011e-05,0.00157498743647011
Pythia_plus,46,MUR1.0_MUF1.0_PDF13305,pdf,4,0.63,0.84,0.6187161207199097,0.6187102794647217,0.9999905590706426,-9.440929716220126e-06,9.440929716220126e-06,-0.0009440929716220126
Pythia_plus,46,MUR1.0_MUF1.0_PDF13305,pdf,5,0.84,1.05,0.6409361958503723,0.6409292817115784,0.9999892124382447,-1.078756213246379e-05,1.078756213246379e-05,-0.001078756213246379
Pythia_plus,46,MUR1.0_MUF1.0_PDF13305,pdf,6,1.05,1.37,0.6362332105636597,0.6362448930740356,1.0000183619939702,1.836199407989625e-05,1.836199407989625e-05,0.0018361994079896249
Pythia_plus,46,MUR1.0_MUF1.0_PDF13305,pdf,7,1.37,1.52,0.6330141425132751,0.6330147981643677,1.0000010357605755,1.0357605333410902e-06,1.0357605333410902e-06,0.00010357605333410902
Pythia_plus,46,MUR1.0_MUF1.0_PDF13305,pdf,8,1.52,1.74,0.6609900593757629,0.6609784960746765,0.9999825060892786,-1.7493910490884446e-05,1.7493910490884446e-05,-0.0017493910490884446
Pythia_plus,46,MUR1.0_MUF1.0_PDF13305,pdf,9,1.74,1.95,0.6475628614425659,0.6475605964660645,0.9999965023063607,-3.497693569443072e-06,3.497693569443072e-06,-0.0003497693569443072
Pythia_plus,46,MUR1.0_MUF1.0_PDF13305,pdf,10,1.95,2.18,0.6217986941337585,0.6218116879463196,1.0000208971371018,2.0897137801512145e-05,2.0897137801512145e-05,0.0020897137801512145
Pythia_plus,46,MUR1.0_MUF1.0_PDF13305,pdf,11,2.18,2.5,0.6207728385925293,0.6207699179649353,0.9999952951749619,-4.7048251872183755e-06,4.7048251872183755e-06,-0.00047048251872183755
Pythia_plus,47,MUR1.0_MUF1.0_PDF26537,pdf,1,0.0,0.21,0.6547458171844482,0.6547603011131287,1.000022121452784,2.212145227531437e-05,2.212145227531437e-05,0.002212145227531437
Pythia_plus,47,MUR1.0_MUF1.0_PDF26537,pdf,2,0.21,0.42,0.6447997093200684,0.6453834176063538,1.0009052551945175,0.0009052552049979568,0.0009052552049979568,0.09052552049979568
Pythia_plus,47,MUR1.0_MUF1.0_PDF26537,pdf,3,0.42,0.63,0.6357879638671875,0.6366674304008484,1.0013832701838385,0.0013832701370120049,0.0013832701370120049,0.13832701370120049
Pythia_plus,47,MUR1.0_MUF1.0_PDF26537,pdf,4,0.63,0.84,0.6187161207199097,0.6185694932937622,0.999763013405927,-0.00023698659788351506,0.00023698659788351506,-0.023698659788351506
Pythia_plus,47,MUR1.0_MUF1.0_PDF26537,pdf,5,0.84,1.05,0.6409361958503723,0.6414383053779602,1.0007834001743678,0.0007834002026356757,0.0007834002026356757,0.07834002026356757
Pythia_plus,47,MUR1.0_MUF1.0_PDF26537,pdf,6,1.05,1.37,0.6362332105636597,0.636012852191925,0.9996536515729203,-0.0003463484172243625,0.0003463484172243625,-0.03463484172243625
Pythia_plus,47,MUR1.0_MUF1.0_PDF26537,pdf,7,1.37,1.52,0.6330141425132751,0.6326151490211487,0.9993696926098012,-0.0006303074187599123,0.0006303074187599123,-0.06303074187599123
Pythia_plus,47,MUR1.0_MUF1.0_PDF26537,pdf,8,1.52,1.74,0.6609900593757629,0.6598687171936035,0.9983035415340158,-0.0016964584356173873,0.0016964584356173873,-0.16964584356173873
Pythia_plus,47,MUR1.0_MUF1.0_PDF26537,pdf,9,1.74,1.95,0.6475628614425659,0.6459372043609619,0.9974895764127323,-0.0025104235392063856,0.0025104235392063856,-0.25104235392063856
Pythia_plus,47,MUR1.0_MUF1.0_PDF26537,pdf,10,1.95,2.18,0.6217986941337585,0.6205867528915405,0.9980509106023351,-0.0019490893464535475,0.0019490893464535475,-0.19490893464535475
Pythia_plus,47,MUR1.0_MUF1.0_PDF26537,pdf,11,2.18,2.5,0.6207728385925293,0.6176271438598633,0.9949326153834337,-0.005067384801805019,0.005067384801805019,-0.5067384801805019
Pythia_plus,48,MUR1.0_MUF1.0_PDF26538,pdf,1,0.0,0.21,0.6547458171844482,0.6545974612236023,0.9997734144198371,-0.0002265855873702094,0.0002265855873702094,-0.02265855873702094
Pythia_plus,48,MUR1.0_MUF1.0_PDF26538,pdf,2,0.21,0.42,0.6447997093200684,0.6452106833457947,1.0006373669525375,0.0006373669602908194,0.0006373669602908194,0.06373669602908194
Pythia_plus,48,MUR1.0_MUF1.0_PDF26538,pdf,3,0.42,0.63,0.6357879638671875,0.636552095413208,1.001201865385077,0.0012018653796985745,0.0012018653796985745,0.12018653796985745
Pythia_plus,48,MUR1.0_MUF1.0_PDF26538,pdf,4,0.63,0.84,0.6187161207199097,0.6184138655662537,0.9995114800737626,-0.0004885199014097452,0.0004885199014097452,-0.04885199014097452
Pythia_plus,48,MUR1.0_MUF1.0_PDF26538,pdf,5,0.84,1.05,0.6409361958503723,0.6411938071250916,1.0004019296716071,0.0004019296611659229,0.0004019296611659229,0.04019296611659229
Pythia_plus,48,MUR1.0_MUF1.0_PDF26538,pdf,6,1.05,1.37,0.6362332105636597,0.6359481811523438,0.9995520048205855,-0.00044799517490901053,0.00044799517490901053,-0.04479951749090105
Pythia_plus,48,MUR1.0_MUF1.0_PDF26538,pdf,7,1.37,1.52,0.6330141425132751,0.6323987245559692,0.9990277974598443,-0.0009722025133669376,0.0009722025133669376,-0.09722025133669376
Pythia_plus,48,MUR1.0_MUF1.0_PDF26538,pdf,8,1.52,1.74,0.6609900593757629,0.6599296927452087,0.9983957903518919,-0.001604209654033184,0.001604209654033184,-0.1604209654033184
Pythia_plus,48,MUR1.0_MUF1.0_PDF26538,pdf,9,1.74,1.95,0.6475628614425659,0.6458585858345032,0.9973681696256235,-0.002631830284371972,0.002631830284371972,-0.2631830284371972
Pythia_plus,48,MUR1.0_MUF1.0_PDF26538,pdf,10,1.95,2.18,0.6217986941337585,0.6207040548324585,0.9982395599868137,-0.001760440063662827,0.001760440063662827,-0.1760440063662827
Pythia_plus,48,MUR1.0_MUF1.0_PDF26538,pdf,11,2.18,2.5,0.6207728385925293,0.6183295249938965,0.9960640777966824,-0.0039359224028885365,0.0039359224028885365,-0.39359224028885365
Pythia_plus,49,MUR1.0_MUF1.0_PDF26539,pdf,1,0.0,0.21,0.6547458171844482,0.6545252203941345,0.9996630802602721,-0.00033691973658278584,0.00033691973658278584,-0.033691973658278584
Pythia_plus,49,MUR1.0_MUF1.0_PDF26539,pdf,2,0.21,0.42,0.6447997093200684,0.6448972225189209,1.0001512302152793,0.0001512302114861086,0.0001512302114861086,0.01512302114861086
Pythia_plus,49,MUR1.0_MUF1.0_PDF26539,pdf,3,0.42,0.63,0.6357879638671875,0.636350691318512,1.0008850866693066,0.0008850866579450667,0.0008850866579450667,0.08850866579450667
Pythia_plus,49,MUR1.0_MUF1.0_PDF26539,pdf,4,0.63,0.84,0.6187161207199097,0.6181255578994751,0.9990455027747662,-0.0009544971981085837,0.0009544971981085837,-0.09544971981085837
Pythia_plus,49,MUR1.0_MUF1.0_PDF26539,pdf,5,0.84,1.05,0.6409361958503723,0.6405914425849915,0.9994621098517873,-0.0005378901259973645,0.0005378901259973645,-0.05378901259973645
Pythia_plus,49,MUR1.0_MUF1.0_PDF26539,pdf,6,1.05,1.37,0.6362332105636597,0.6358319520950317,0.9993693217173111,-0.000630678259767592,0.000630678259767592,-0.0630678259767592
Pythia_plus,49,MUR1.0_MUF1.0_PDF26539,pdf,7,1.37,1.52,0.6330141425132751,0.6319469809532166,0.9983141584233464,-0.0016858415910974145,0.0016858415910974145,-0.16858415910974145
Pythia_plus,49,MUR1.0_MUF1.0_PDF26539,pdf,8,1.52,1.74,0.6609900593757629,0.6600630879402161,0.9985976015487702,-0.0014023984549567103,0.0014023984549567103,-0.14023984549567103
Pythia_plus,49,MUR1.0_MUF1.0_PDF26539,pdf,9,1.74,1.95,0.6475628614425659,0.6459739208221436,0.9975462758675154,-0.002453724155202508,0.002453724155202508,-0.2453724155202508
Pythia_plus,49,MUR1.0_MUF1.0_PDF26539,pdf,10,1.95,2.18,0.6217986941337585,0.621342122554779,0.9992657244486247,-0.0007342755561694503,0.0007342755561694503,-0.07342755561694503
Pythia_plus,49,MUR1.0_MUF1.0_PDF26539,pdf,11,2.18,2.5,0.6207728385925293,0.6212674975395203,1.0007968437345174,0.0007968437275849283,0.0007968437275849283,0.07968437275849283
Pythia_plus,50,MUR1.0_MUF1.0_PDF26540,pdf,1,0.0,0.21,0.6547458171844482,0.6547127366065979,0.9999494756942586,-5.0524304242571816e-05,5.0524304242571816e-05,-0.005052430424257182
Pythia_plus,50,MUR1.0_MUF1.0_PDF26540,pdf,2,0.21,0.42,0.6447997093200684,0.6454862356185913,1.0010647124814105,0.0010647125309333205,0.0010647125309333205,0.10647125309333205
Pythia_plus,50,MUR1.0_MUF1.0_PDF26540,pdf,3,0.42,0.63,0.6357879638671875,0.6367524266242981,1.0015169566143471,0.00151695660315454,0.00151695660315454,0.151695660315454
Pythia_plus,50,MUR1.0_MUF1.0_PDF26540,pdf,4,0.63,0.84,0.6187161207199097,0.6186241507530212,0.9998513535306282,-0.00014864647528156638,0.00014864647528156638,-0.014864647528156638
Pythia_plus,50,MUR1.0_MUF1.0_PDF26540,pdf,5,0.84,1.05,0.6409361958503723,0.6416292786598206,1.0010813600697472,0.001081360038369894,0.001081360038369894,0.1081360038369894
Pythia_plus,50,MUR1.0_MUF1.0_PDF26540,pdf,6,1.05,1.37,0.6362332105636597,0.6360353827476501,0.9996890639898627,-0.00031093601137399673,0.00031093601137399673,-0.031093601137399673
Pythia_plus,50,MUR1.0_MUF1.0_PDF26540,pdf,7,1.37,1.52,0.6330141425132751,0.632573664188385,0.9993041572133897,-0.0006958427838981152,0.0006958427838981152,-0.06958427838981152
Pythia_plus,50,MUR1.0_MUF1.0_PDF26540,pdf,8,1.52,1.74,0.6609900593757629,0.6596325039863586,0.9979461788113934,-0.002053821226581931,0.002053821226581931,-0.2053821226581931
Pythia_plus,50,MUR1.0_MUF1.0_PDF26540,pdf,9,1.74,1.95,0.6475628614425659,0.6454685926437378,0.9967659220076909,-0.0032340779434889555,0.0032340779434889555,-0.32340779434889555
Pythia_plus,50,MUR1.0_MUF1.0_PDF26540,pdf,10,1.95,2.18,0.6217986941337585,0.6199615597724915,0.9970454515607717,-0.0029545484576374292,0.0029545484576374292,-0.2954548457637429
Pythia_plus,50,MUR1.0_MUF1.0_PDF26540,pdf,11,2.18,2.5,0.6207728385925293,0.6162503361701965,0.9927147224537295,-0.007285277359187603,0.007285277359187603,-0.7285277359187603
Pythia_plus,51,MUR1.0_MUF1.0_PDF26541,pdf,1,0.0,0.21,0.6547458171844482,0.6547245383262634,0.9999675005817122,-3.249941801186651e-05,3.249941801186651e-05,-0.003249941801186651
Pythia_plus,51,MUR1.0_MUF1.0_PDF26541,pdf,2,0.21,0.42,0.6447997093200684,0.6454551815986633,1.0010165517588185,0.0010165517451241612,0.0010165517451241612,0.10165517451241612
Pythia_plus,51,MUR1.0_MUF1.0_PDF26541,pdf,3,0.42,0.63,0.6357879638671875,0.6369794011116028,1.0018739537583699,0.0018739537335932255,0.0018739537335932255,0.18739537335932255
Pythia_plus,51,MUR1.0_MUF1.0_PDF26541,pdf,4,0.63,0.84,0.6187161207199097,0.6180611252784729,0.9989413635437935,-0.0010586364660412073,0.0010586364660412073,-0.10586364660412073
Pythia_plus,51,MUR1.0_MUF1.0_PDF26541,pdf,5,0.84,1.05,0.6409361958503723,0.641087532043457,1.0002361174077303,0.0002361174119869247,0.0002361174119869247,0.02361174119869247
Pythia_plus,51,MUR1.0_MUF1.0_PDF26541,pdf,6,1.05,1.37,0.6362332105636597,0.6357898712158203,0.9993031810655615,-0.000696818926371634,0.000696818926371634,-0.0696818926371634
Pythia_plus,51,MUR1.0_MUF1.0_PDF26541,pdf,7,1.37,1.52,0.6330141425132751,0.6318363547325134,0.9981393973662491,-0.0018606026424095035,0.0018606026424095035,-0.18606026424095035
Pythia_plus,51,MUR1.0_MUF1.0_PDF26541,pdf,8,1.52,1.74,0.6609900593757629,0.659367024898529,0.9975445402631824,-0.002455459674820304,0.002455459674820304,-0.2455459674820304
Pythia_plus,51,MUR1.0_MUF1.0_PDF26541,pdf,9,1.74,1.95,0.6475628614425659,0.6459981799125671,0.997583738007283,-0.002416261937469244,0.002416261937469244,-0.2416261937469244
Pythia_plus,51,MUR1.0_MUF1.0_PDF26541,pdf,10,1.95,2.18,0.6217986941337585,0.6219696402549744,1.0002749219688438,0.0002749219711404294,0.0002749219711404294,0.027492197114042938
Pythia_plus,51,MUR1.0_MUF1.0_PDF26541,pdf,11,2.18,2.5,0.6207728385925293,0.6200363636016846,0.998813615955694,-0.0011863840045407414,0.0011863840045407414,-0.11863840045407414
Pythia_plus,52,MUR1.0_MUF1.0_PDF26542,pdf,1,0.0,0.21,0.6547458171844482,0.6545712351799011,0.9997333591143844,-0.0002666408836375922,0.0002666408836375922,-0.02666408836375922
Pythia_plus,52,MUR1.0_MUF1.0_PDF26542,pdf,2,0.21,0.42,0.6447997093200684,0.6452168226242065,1.0006468881702475,0.000646888162009418,0.000646888162009418,0.0646888162009418
Pythia_plus,52,MUR1.0_MUF1.0_PDF26542,pdf,3,0.42,0.63,0.6357879638671875,0.6365190148353577,1.0011498345513237,0.0011498345993459225,0.0011498345993459225,0.11498345993459225
Pythia_plus,52,MUR1.0_MUF1.0_PDF26542,pdf,4,0.63,0.84,0.6187161207199097,0.6184785962104797,0.9996161009848046,-0.00038389902329072356,0.00038389902329072356,-0.038389902329072356
Pythia_plus,52,MUR1.0_MUF1.0_PDF26542,pdf,5,0.84,1.05,0.6409361958503723,0.641243577003479,1.000479581517001,0.0004795815038960427,0.0004795815038960427,0.04795815038960427
Pythia_plus,52,MUR1.0_MUF1.0_PDF26542,pdf,6,1.05,1.37,0.6362332105636597,0.6359515190124512,0.9995572511045769,-0.00044274888932704926,0.00044274888932704926,-0.044274888932704926
Pythia_plus,52,MUR1.0_MUF1.0_PDF26542,pdf,7,1.37,1.52,0.6330141425132751,0.632330060005188,0.998919325079577,-0.0010806749342009425,0.0010806749342009425,-0.10806749342009425
Pythia_plus,52,MUR1.0_MUF1.0_PDF26542,pdf,8,1.52,1.74,0.6609900593757629,0.6598221063613892,0.9982330248423451,-0.0017669751541689038,0.0017669751541689038,-0.17669751541689038
Pythia_plus,52,MUR1.0_MUF1.0_PDF26542,pdf,9,1.74,1.95,0.6475628614425659,0.6454355716705322,0.9967149293162137,-0.003285070648416877,0.003285070648416877,-0.3285070648416877
Pythia_plus,52,MUR1.0_MUF1.0_PDF26542,pdf,10,1.95,2.18,0.6217986941337585,0.6200919151306152,0.9972550939407793,-0.0027449061162769794,0.0027449061162769794,-0.27449061162769794
Pythia_plus,52,MUR1.0_MUF1.0_PDF26542,pdf,11,2.18,2.5,0.6207728385925293,0.6176512837409973,0.9949715022026262,-0.005028497893363237,0.005028497893363237,-0.5028497893363237
Pythia_plus,53,MUR1.0_MUF1.0_PDF26543,pdf,1,0.0,0.21,0.6547458171844482,0.6548128128051758,1.0001023230984745,0.00010232310160063207,0.00010232310160063207,0.010232310160063207
Pythia_plus,53,MUR1.0_MUF1.0_PDF26543,pdf,2,0.21,0.42,0.6447997093200684,0.6452835202217102,1.0007503274189624,0.0007503274246118963,0.0007503274246118963,0.07503274246118963
Pythia_plus,53,MUR1.0_MUF1.0_PDF26543,pdf,3,0.42,0.63,0.6357879638671875,0.6365237236022949,1.0011572407420741,0.0011572407092899084,0.0011572407092899084,0.11572407092899084
Pythia_plus,53,MUR1.0_MUF1.0_PDF26543,pdf,4,0.63,0.84,0.6187161207199097,0.6186608672142029,0.9999106965151603,-8.93034812179394e-05,8.93034812179394e-05,-0.00893034812179394
Pythia_plus,53,MUR1.0_MUF1.0_PDF26543,pdf,5,0.84,1.05,0.6409361958503723,0.6414356827735901,1.0007793083405987,0.0007793083204887807,0.0007793083204887807,0.07793083204887807
Pythia_plus,53,MUR1.0_MUF1.0_PDF26543,pdf,6,1.05,1.37,0.6362332105636597,0.6360898613929749,0.9997746908392949,-0.0002253091661259532,0.0002253091661259532,-0.02253091661259532
Pythia_plus,53,MUR1.0_MUF1.0_PDF26543,pdf,7,1.37,1.52,0.6330141425132751,0.632784903049469,0.9996378604387952,-0.00036213957355357707,0.00036213957355357707,-0.03621395735535771
Pythia_plus,53,MUR1.0_MUF1.0_PDF26543,pdf,8,1.52,1.74,0.6609900593757629,0.6599724888801575,0.9984605358565204,-0.001539464108645916,0.001539464108645916,-0.1539464108645916
Pythia_plus,53,MUR1.0_MUF1.0_PDF26543,pdf,9,1.74,1.95,0.6475628614425659,0.6460874676704407,0.9977216207723238,-0.002278379164636135,0.002278379164636135,-0.2278379164636135
Pythia_plus,53,MUR1.0_MUF1.0_PDF26543,pdf,10,1.95,2.18,0.6217986941337585,0.6204925775527954,0.9978994542875606,-0.0021005456801503897,0.0021005456801503897,-0.21005456801503897
Pythia_plus,53,MUR1.0_MUF1.0_PDF26543,pdf,11,2.18,2.5,0.6207728385925293,0.6176354885101318,0.9949460577406855,-0.0050539420917630196,0.0050539420917630196,-0.505394209176302
Pythia_plus,54,MUR1.0_MUF1.0_PDF26544,pdf,1,0.0,0.21,0.6547458171844482,0.6541135311126709,0.9990343029994505,-0.0009656969923526049,0.0009656969923526049,-0.09656969923526049
Pythia_plus,54,MUR1.0_MUF1.0_PDF26544,pdf,2,0.21,0.42,0.6447997093200684,0.6453428864479065,1.0008423966698292,0.0008423966937698424,0.0008423966937698424,0.08423966937698424
Pythia_plus,54,MUR1.0_MUF1.0_PDF26544,pdf,3,0.42,0.63,0.6357879638671875,0.6370140314102173,1.0019284220726234,0.00192842201795429,0.00192842201795429,0.192842201795429
Pythia_plus,54,MUR1.0_MUF1.0_PDF26544,pdf,4,0.63,0.84,0.6187161207199097,0.6177384257316589,0.9984198003648053,-0.0015801996923983097,0.0015801996923983097,-0.15801996923983097
Pythia_plus,54,MUR1.0_MUF1.0_PDF26544,pdf,5,0.84,1.05,0.6409361958503723,0.6409151554107666,0.999967172333624,-3.282766556367278e-05,3.282766556367278e-05,-0.003282766556367278
Pythia_plus,54,MUR1.0_MUF1.0_PDF26544,pdf,6,1.05,1.37,0.6362332105636597,0.6355729103088379,0.998962172606116,-0.0010378273436799645,0.0010378273436799645,-0.10378273436799645
Pythia_plus,54,MUR1.0_MUF1.0_PDF26544,pdf,7,1.37,1.52,0.6330141425132751,0.6312113404273987,0.9971520350576707,-0.0028479648754000664,0.0028479648754000664,-0.28479648754000664
Pythia_plus,54,MUR1.0_MUF1.0_PDF26544,pdf,8,1.52,1.74,0.6609900593757629,0.6592535972595215,0.9973729376234775,-0.002627062378451228,0.002627062378451228,-0.2627062378451228
Pythia_plus,54,MUR1.0_MUF1.0_PDF26544,pdf,9,1.74,1.95,0.6475628614425659,0.6449131369590759,0.9959081586649561,-0.004091841168701649,0.004091841168701649,-0.40918411687016487
Pythia_plus,54,MUR1.0_MUF1.0_PDF26544,pdf,10,1.95,2.18,0.6217986941337585,0.6212069392204285,0.9990483175360243,-0.0009516824502497911,0.0009516824502497911,-0.09516824502497911
Pythia_plus,54,MUR1.0_MUF1.0_PDF26544,pdf,11,2.18,2.5,0.6207728385925293,0.618876039981842,0.9969444561798357,-0.0030555438715964556,0.0030555438715964556,-0.30555438715964556
Pythia_plus,55,MUR1.0_MUF1.0_PDF26545,pdf,1,0.0,0.21,0.6547458171844482,0.6545718908309937,0.9997343604970208,-0.00026563950814306736,0.00026563950814306736,-0.026563950814306736
Pythia_plus,55,MUR1.0_MUF1.0_PDF26545,pdf,2,0.21,0.42,0.6447997093200684,0.6452632546424866,1.0007188981566184,0.0007188981398940086,0.0007188981398940086,0.07188981398940086
Pythia_plus,55,MUR1.0_MUF1.0_PDF26545,pdf,3,0.42,0.63,0.6357879638671875,0.6366322040557861,1.0013278643770849,0.0013278643600642681,0.0013278643600642681,0.1327864360064268
Pythia_plus,55,MUR1.0_MUF1.0_PDF26545,pdf,4,0.63,0.84,0.6187161207199097,0.6183733940124512,0.9994460679203578,-0.0005539320991374552,0.0005539320991374552,-0.05539320991374552
Pythia_plus,55,MUR1.0_MUF1.0_PDF26545,pdf,5,0.84,1.05,0.6409361958503723,0.6411938071250916,1.0004019296716071,0.0004019296611659229,0.0004019296611659229,0.04019296611659229
Pythia_plus,55,MUR1.0_MUF1.0_PDF26545,pdf,6,1.05,1.37,0.6362332105636597,0.6359080672264099,0.9994889557290452,-0.000511044287122786,0.000511044287122786,-0.051104428712278605
Pythia_plus,55,MUR1.0_MUF1.0_PDF26545,pdf,7,1.37,1.52,0.6330141425132751,0.6323148012161255,0.9988952201061843,-0.0011047798907384276,0.0011047798907384276,-0.11047798907384276
Pythia_plus,55,MUR1.0_MUF1.0_PDF26545,pdf,8,1.52,1.74,0.6609900593757629,0.6598854660987854,0.9983288806521224,-0.0016711193602532148,0.0016711193602532148,-0.16711193602532148
Pythia_plus,55,MUR1.0_MUF1.0_PDF26545,pdf,9,1.74,1.95,0.6475628614425659,0.6457762718200684,0.9972410560752085,-0.0027589439414441586,0.0027589439414441586,-0.27589439414441586
Pythia_plus,55,MUR1.0_MUF1.0_PDF26545,pdf,10,1.95,2.18,0.6217986941337585,0.6207440495491028,0.9983038809913793,-0.00169611896853894,0.00169611896853894,-0.169611896853894
Pythia_plus,55,MUR1.0_MUF1.0_PDF26545,pdf,11,2.18,2.5,0.6207728385925293,0.6183510422706604,0.9960987398750245,-0.003901260206475854,0.003901260206475854,-0.3901260206475854
Pythia_plus,56,MUR1.0_MUF1.0_PDF26546,pdf,1,0.0,0.21,0.6547458171844482,0.6548649668693542,1.0001819785354542,0.00018197853933088481,0.00018197853933088481,0.01819785393308848
Pythia_plus,56,MUR1.0_MUF1.0_PDF26546,pdf,2,0.21,0.42,0.6447997093200684,0.6453161239624023,1.0008008915557336,0.0008008915465325117,0.0008008915465325117,0.08008915465325117
Pythia_plus,56,MUR1.0_MUF1.0_PDF26546,pdf,3,0.42,0.63,0.6357879638671875,0.6365353465080261,1.0011755218458251,0.0011755218729376793,0.0011755218729376793,0.11755218729376793
Pythia_plus,56,MUR1.0_MUF1.0_PDF26546,pdf,4,0.63,0.84,0.6187161207199097,0.6187248826026917,1.000014161394036,1.4161393664835487e-05,1.4161393664835487e-05,0.0014161393664835487
Pythia_plus,56,MUR1.0_MUF1.0_PDF26546,pdf,5,0.84,1.05,0.6409361958503723,0.6416031122207642,1.0010405347282767,0.0010405346984043717,0.0010405346984043717,0.10405346984043717
Pythia_plus,56,MUR1.0_MUF1.0_PDF26546,pdf,6,1.05,1.37,0.6362332105636597,0.6361793279647827,0.9999153099869948,-8.469001477351412e-05,8.469001477351412e-05,-0.008469001477351412
Pythia_plus,56,MUR1.0_MUF1.0_PDF26546,pdf,7,1.37,1.52,0.6330141425132751,0.6329236030578613,0.999856970880533,-0.00014302911586128175,0.00014302911586128175,-0.014302911586128175
Pythia_plus,56,MUR1.0_MUF1.0_PDF26546,pdf,8,1.52,1.74,0.6609900593757629,0.6598792672157288,0.9983195024731791,-0.001680497545748949,0.001680497545748949,-0.1680497545748949
Pythia_plus,56,MUR1.0_MUF1.0_PDF26546,pdf,9,1.74,1.95,0.6475628614425659,0.6461842656135559,0.997871101153116,-0.0021288988646119833,0.0021288988646119833,-0.21288988646119833
Pythia_plus,56,MUR1.0_MUF1.0_PDF26546,pdf,10,1.95,2.18,0.6217986941337585,0.620464026927948,0.9978535381009928,-0.0021464619785547256,0.0021464619785547256,-0.21464619785547256
Pythia_plus,56,MUR1.0_MUF1.0_PDF26546,pdf,11,2.18,2.5,0.6207728385925293,0.6170077919960022,0.9939349044248399,-0.006065095774829388,0.006065095774829388,-0.6065095774829388
Pythia_plus,57,MUR1.0_MUF1.0_PDF13306,pdf,1,0.0,0.21,0.6547458171844482,0.6547476649284363,1.0000028220783388,2.8220783860888332e-06,2.8220783860888332e-06,0.0002822078386088833
Pythia_plus,57,MUR1.0_MUF1.0_PDF13306,pdf,2,0.21,0.42,0.6447997093200684,0.6448110342025757,1.00001756341131,1.7563410438015126e-05,1.7563410438015126e-05,0.0017563410438015126
Pythia_plus,57,MUR1.0_MUF1.0_PDF13306,pdf,3,0.42,0.63,0.6357879638671875,0.6357961893081665,1.0000129373965008,1.2937396604684182e-05,1.2937396604684182e-05,0.0012937396604684182
Pythia_plus,57,MUR1.0_MUF1.0_PDF13306,pdf,4,0.63,0.84,0.6187161207199097,0.6187103986740112,0.9999907517426703,-9.248256901628338e-06,9.248256901628338e-06,-0.0009248256901628338
Pythia_plus,57,MUR1.0_MUF1.0_PDF13306,pdf,5,0.84,1.05,0.6409361958503723,0.6409348845481873,0.9999979540831154,-2.045916971837869e-06,2.045916971837869e-06,-0.0002045916971837869
Pythia_plus,57,MUR1.0_MUF1.0_PDF13306,pdf,6,1.05,1.37,0.6362332105636597,0.6362693905830383,1.0000568659711218,5.6865970691433176e-05,5.6865970691433176e-05,0.005686597069143318
Pythia_plus,57,MUR1.0_MUF1.0_PDF13306,pdf,7,1.37,1.52,0.6330141425132751,0.6330121755599976,0.9999968927182736,-3.107281827396946e-06,3.107281827396946e-06,-0.0003107281827396946
Pythia_plus,57,MUR1.0_MUF1.0_PDF13306,pdf,8,1.52,1.74,0.6609900593757629,0.6609753966331482,0.9999778169998069,-2.2182999600772746e-05,2.2182999600772746e-05,-0.0022182999600772746
Pythia_plus,57,MUR1.0_MUF1.0_PDF13306,pdf,9,1.74,1.95,0.6475628614425659,0.647560179233551,0.9999958579943746,-4.1420057641516905e-06,4.1420057641516905e-06,-0.00041420057641516905
Pythia_plus,57,MUR1.0_MUF1.0_PDF13306,pdf,10,1.95,2.18,0.6217986941337585,0.6218129396438599,1.0000229101640703,2.2910164261702448e-05,2.2910164261702448e-05,0.002291016426170245
Pythia_plus,57,MUR1.0_MUF1.0_PDF13306,pdf,11,2.18,2.5,0.6207728385925293,0.6207688450813293,0.9999935668718867,-6.4331279645557515e-06,6.4331279645557515e-06,-0.0006433127964555752
Pythia_plus,58,MUR1.0_MUF1.0_PDF26547,pdf,1,0.0,0.21,0.6547458171844482,0.6544548869132996,0.9995556592138308,-0.0004443407815415412,0.0004443407815415412,-0.04443407815415412
Pythia_plus,58,MUR1.0_MUF1.0_PDF26547,pdf,2,0.21,0.42,0.6447997093200684,0.6450866460800171,1.00044500137919,0.00044500138028524816,0.00044500138028524816,0.044500138028524816
Pythia_plus,58,MUR1.0_MUF1.0_PDF26547,pdf,3,0.42,0.63,0.6357879638671875,0.6363851428031921,1.00093927373581,0.0009392737410962582,0.0009392737410962582,0.09392737410962582
Pythia_plus,58,MUR1.0_MUF1.0_PDF26547,pdf,4,0.63,0.84,0.6187161207199097,0.6185004115104675,0.999651359965874,-0.00034864002373069525,0.00034864002373069525,-0.034864002373069525
Pythia_plus,58,MUR1.0_MUF1.0_PDF26547,pdf,5,0.84,1.05,0.6409361958503723,0.6410488486289978,1.0001757628596337,0.00017576286336407065,0.00017576286336407065,0.017576286336407065
Pythia_plus,58,MUR1.0_MUF1.0_PDF26547,pdf,6,1.05,1.37,0.6362332105636597,0.6359123587608337,0.9994957009513199,-0.0005042990669608116,0.0005042990669608116,-0.05042990669608116
Pythia_plus,58,MUR1.0_MUF1.0_PDF26547,pdf,7,1.37,1.52,0.6330141425132751,0.6326805949211121,0.9994730803472435,-0.0005269196699373424,0.0005269196699373424,-0.05269196699373424
Pythia_plus,58,MUR1.0_MUF1.0_PDF26547,pdf,8,1.52,1.74,0.6609900593757629,0.6606397032737732,0.9994699525401023,-0.0005300474585965276,0.0005300474585965276,-0.05300474585965276
Pythia_plus,58,MUR1.0_MUF1.0_PDF26547,pdf,9,1.74,1.95,0.6475628614425659,0.6462346315383911,0.9979488788143039,-0.002051121089607477,0.002051121089607477,-0.20511210896074772
Pythia_plus,58,MUR1.0_MUF1.0_PDF26547,pdf,10,1.95,2.18,0.6217986941337585,0.620681643486023,0.9982035172182344,-0.0017964828293770552,0.0017964828293770552,-0.17964828293770552
Pythia_plus,58,MUR1.0_MUF1.0_PDF26547,pdf,11,2.18,2.5,0.6207728385925293,0.6187360286712646,0.9967189126285185,-0.0032810873817652464,0.0032810873817652464,-0.32810873817652464
Pythia_plus,59,MUR1.0_MUF1.0_PDF26548,pdf,1,0.0,0.21,0.6547458171844482,0.6546515226364136,0.9998559829699407,-0.00014401703083422035,0.00014401703083422035,-0.014401703083422035
Pythia_plus,59,MUR1.0_MUF1.0_PDF26548,pdf,2,0.21,0.42,0.6447997093200684,0.6452614665031433,1.0007161249864114,0.0007161250105127692,0.0007161250105127692,0.07161250105127692
Pythia_plus,59,MUR1.0_MUF1.0_PDF26548,pdf,3,0.42,0.63,0.6357879638671875,0.6366592049598694,1.0013703327873378,0.0013703327858820558,0.0013703327858820558,0.13703327858820558
Pythia_plus,59,MUR1.0_MUF1.0_PDF26548,pdf,4,0.63,0.84,0.6187161207199097,0.6183610558509827,0.9994261263654908,-0.0005738736363127828,0.0005738736363127828,-0.057387363631278276
Pythia_plus,59,MUR1.0_MUF1.0_PDF26548,pdf,5,0.84,1.05,0.6409361958503723,0.6413654088973999,1.000669665794827,0.0006696658092550933,0.0006696658092550933,0.06696658092550933
Pythia_plus,59,MUR1.0_MUF1.0_PDF26548,pdf,6,1.05,1.37,0.6362332105636597,0.6360328793525696,0.999685129276869,-0.0003148707328364253,0.0003148707328364253,-0.03148707328364253
Pythia_plus,59,MUR1.0_MUF1.0_PDF26548,pdf,7,1.37,1.52,0.6330141425132751,0.6323713660240173,0.9989845779958315,-0.0010154220508411527,0.0010154220508411527,-0.10154220508411527
Pythia_plus,59,MUR1.0_MUF1.0_PDF26548,pdf,8,1.52,1.74,0.6609900593757629,0.65958571434021,0.9978753915953301,-0.0021246084943413734,0.0021246084943413734,-0.21246084943413734
Pythia_plus,59,MUR1.0_MUF1.0_PDF26548,pdf,9,1.74,1.95,0.6475628614425659,0.6459318399429321,0.9974812924014814,-0.0025187076535075903,0.0025187076535075903,-0.25187076535075903
Pythia_plus,59,MUR1.0_MUF1.0_PDF26548,pdf,10,1.95,2.18,0.6217986941337585,0.6209670901298523,0.9986625832254846,-0.0013374168192967772,0.0013374168192967772,-0.13374168192967772
Pythia_plus,59,MUR1.0_MUF1.0_PDF26548,pdf,11,2.18,2.5,0.6207728385925293,0.6179253458976746,0.9954129876215093,-0.004587012343108654,0.004587012343108654,-0.4587012343108654
Pythia_plus,60,MUR1.0_MUF1.0_PDF26549,pdf,1,0.0,0.21,0.6547458171844482,0.6545905470848083,0.9997628543847632,-0.00023714562121313065,0.00023714562121313065,-0.023714562121313065
Pythia_plus,60,MUR1.0_MUF1.0_PDF26549,pdf,2,0.21,0.42,0.6447997093200684,0.6455274820327759,1.0011286802741814,0.0011286803055554628,0.0011286803055554628,0.11286803055554628
Pythia_plus,60,MUR1.0_MUF1.0_PDF26549,pdf,3,0.42,0.63,0.6357879638671875,0.6369456052780151,1.0018207979336164,0.001820797915570438,0.001820797915570438,0.1820797915570438
Pythia_plus,60,MUR1.0_MUF1.0_PDF26549,pdf,4,0.63,0.84,0.6187161207199097,0.6181045174598694,0.9990114961618769,-0.0009885038016363978,0.0009885038016363978,-0.09885038016363978
Pythia_plus,60,MUR1.0_MUF1.0_PDF26549,pdf,5,0.84,1.05,0.6409361958503723,0.6410349011421204,1.0001540017436792,0.0001540017401566729,0.0001540017401566729,0.01540017401566729
Pythia_plus,60,MUR1.0_MUF1.0_PDF26549,pdf,6,1.05,1.37,0.6362332105636597,0.6356090903282166,0.9990190385772377,-0.0009809613693505526,0.0009809613693505526,-0.09809613693505526
Pythia_plus,60,MUR1.0_MUF1.0_PDF26549,pdf,7,1.37,1.52,0.6330141425132751,0.6311482191085815,0.9970523195622687,-0.0029476804193109274,0.0029476804193109274,-0.29476804193109274
Pythia_plus,60,MUR1.0_MUF1.0_PDF26549,pdf,8,1.52,1.74,0.6609900593757629,0.6588442921638489,0.9967537072888198,-0.003246292704716325,0.003246292704716325,-0.3246292704716325
Pythia_plus,60,MUR1.0_MUF1.0_PDF26549,pdf,9,1.74,1.95,0.6475628614425659,0.6442635655403137,0.9949050569470547,-0.005094943102449179,0.005094943102449179,-0.5094943102449179
Pythia_plus,60,MUR1.0_MUF1.0_PDF26549,pdf,10,1.95,2.18,0.6217986941337585,0.6200421452522278,0.9971750521541737,-0.002824947936460376,0.002824947936460376,-0.2824947936460376
Pythia_plus,60,MUR1.0_MUF1.0_PDF26549,pdf,11,2.18,2.5,0.6207728385925293,0.6186479330062866,0.9965769997426749,-0.00342300022020936,0.00342300022020936,-0.342300022020936
Pythia_plus,61,MUR1.0_MUF1.0_PDF26550,pdf,1,0.0,0.21,0.6547458171844482,0.6544854044914246,0.9996022690238121,-0.00039773096796125174,0.00039773096796125174,-0.039773096796125174
Pythia_plus,61,MUR1.0_MUF1.0_PDF26550,pdf,2,0.21,0.42,0.6447997093200684,0.6448208093643188,1.0000327234084407,3.272340836701915e-05,3.272340836701915e-05,0.0032723408367019147
Pythia_plus,61,MUR1.0_MUF1.0_PDF26550,pdf,3,0.42,0.63,0.6357879638671875,0.6361566781997681,1.0005799328605371,0.000579932879190892,0.000579932879190892,0.0579932879190892
Pythia_plus,61,MUR1.0_MUF1.0_PDF26550,pdf,4,0.63,0.84,0.6187161207199097,0.6185185313224792,0.9996806461140846,-0.00031935388687998056,0.00031935388687998056,-0.031935388687998056
Pythia_plus,61,MUR1.0_MUF1.0_PDF26550,pdf,5,0.84,1.05,0.6409361958503723,0.6410748362541199,1.0002163092124383,0.0002163092140108347,0.0002163092140108347,0.02163092140108347
Pythia_plus,61,MUR1.0_MUF1.0_PDF26550,pdf,6,1.05,1.37,0.6362332105636597,0.6360886096954346,0.9997727234827981,-0.00022727651230525225,0.00022727651230525225,-0.022727651230525225
Pythia_plus,61,MUR1.0_MUF1.0_PDF26550,pdf,7,1.37,1.52,0.6330141425132751,0.6338319778442383,1.0012919700778187,0.0012919700238853693,0.0012919700238853693,0.12919700238853693
Pythia_plus,61,MUR1.0_MUF1.0_PDF26550,pdf,8,1.52,1.74,0.6609900593757629,0.6622642874717712,1.0019277568216558,0.0019277568208053708,0.0019277568208053708,0.19277568208053708
Pythia_plus,61,MUR1.0_MUF1.0_PDF26550,pdf,9,1.74,1.95,0.6475628614425659,0.6510971188545227,1.00545778274573,0.005457782652229071,0.005457782652229071,0.5457782652229071
Pythia_plus,61,MUR1.0_MUF1.0_PDF26550,pdf,10,1.95,2.18,0.6217986941337585,0.6222631931304932,1.000747024722176,0.0007470247219316661,0.0007470247219316661,0.07470247219316661
Pythia_plus,61,MUR1.0_MUF1.0_PDF26550,pdf,11,2.18,2.5,0.6207728385925293,0.6193928122520447,0.9977769221610702,-0.002223077928647399,0.002223077928647399,-0.2223077928647399
Pythia_plus,62,MUR1.0_MUF1.0_PDF26551,pdf,1,0.0,0.21,0.6547458171844482,0.6546684503555298,0.9998818368489146,-0.00011816315236501396,0.00011816315236501396,-0.011816315236501396
Pythia_plus,62,MUR1.0_MUF1.0_PDF26551,pdf,2,0.21,0.42,0.6447997093200684,0.6452890634536743,1.0007589242466035,0.0007589242304675281,0.0007589242304675281,0.07589242304675281
Pythia_plus,62,MUR1.0_MUF1.0_PDF26551,pdf,3,0.42,0.63,0.6357879638671875,0.6366027593612671,1.001281552247582,0.0012815522495657206,0.0012815522495657206,0.12815522495657206
Pythia_plus,62,MUR1.0_MUF1.0_PDF26551,pdf,4,0.63,0.84,0.6187161207199097,0.618483304977417,0.9996237115298987,-0.00037628845893777907,0.00037628845893777907,-0.03762884589377791
Pythia_plus,62,MUR1.0_MUF1.0_PDF26551,pdf,5,0.84,1.05,0.6409361958503723,0.6413023471832275,1.000571275791921,0.0005712757701985538,0.0005712757701985538,0.05712757701985538
Pythia_plus,62,MUR1.0_MUF1.0_PDF26551,pdf,6,1.05,1.37,0.6362332105636597,0.6359773874282837,0.9995979098055109,-0.0004020901978947222,0.0004020901978947222,-0.04020901978947222
Pythia_plus,62,MUR1.0_MUF1.0_PDF26551,pdf,7,1.37,1.52,0.6330141425132751,0.6324933767318726,0.999177323622921,-0.0008226764039136469,0.0008226764039136469,-0.0822676403913647
Pythia_plus,62,MUR1.0_MUF1.0_PDF26551,pdf,8,1.52,1.74,0.6609900593757629,0.6598963737487793,0.998345382640071,-0.001654617371968925,0.001654617371968925,-0.1654617371968925
Pythia_plus,62,MUR1.0_MUF1.0_PDF26551,pdf,9,1.74,1.95,0.6475628614425659,0.6458893418312073,0.9974156646234613,-0.002584335394203663,0.002584335394203663,-0.2584335394203663
Pythia_plus,62,MUR1.0_MUF1.0_PDF26551,pdf,10,1.95,2.18,0.6217986941337585,0.6206489205360413,0.9981508909417717,-0.001849109074100852,0.001849109074100852,-0.1849109074100852
Pythia_plus,62,MUR1.0_MUF1.0_PDF26551,pdf,11,2.18,2.5,0.6207728385925293,0.6180095076560974,0.9955485633960771,-0.004451436456292868,0.004451436456292868,-0.44514364562928677
Pythia_plus,63,MUR1.0_MUF1.0_PDF26552,pdf,1,0.0,0.21,0.6547458171844482,0.6546688079833984,0.9998823830576253,-0.00011761693895095959,0.00011761693895095959,-0.01176169389509596
Pythia_plus,63,MUR1.0_MUF1.0_PDF26552,pdf,2,0.21,0.42,0.6447997093200684,0.6452897787094116,1.0007600335146862,0.000760033493861556,0.000760033493861556,0.0760033493861556
Pythia_plus,63,MUR1.0_MUF1.0_PDF26552,pdf,3,0.42,0.63,0.6357879638671875,0.6366027593612671,1.001281552247582,0.0012815522495657206,0.0012815522495657206,0.12815522495657206
Pythia_plus,63,MUR1.0_MUF1.0_PDF26552,pdf,4,0.63,0.84,0.6187161207199097,0.6184839606285095,0.9996247712260511,-0.0003752287884708494,0.0003752287884708494,-0.03752287884708494
Pythia_plus,63,MUR1.0_MUF1.0_PDF26552,pdf,5,0.84,1.05,0.6409361958503723,0.641301155090332,1.0005694158674805,0.0005694158608093858,0.0005694158608093858,0.05694158608093858
Pythia_plus,63,MUR1.0_MUF1.0_PDF26552,pdf,6,1.05,1.37,0.6362332105636597,0.6359767317771912,0.9995968792854412,-0.00040312070632353425,0.00040312070632353425,-0.040312070632353425
Pythia_plus,63,MUR1.0_MUF1.0_PDF26552,pdf,7,1.37,1.52,0.6330141425132751,0.6324928998947144,0.9991765703425025,-0.0008234296692535281,0.0008234296692535281,-0.08234296692535281
Pythia_plus,63,MUR1.0_MUF1.0_PDF26552,pdf,8,1.52,1.74,0.6609900593757629,0.6598966717720032,0.9983458335140587,-0.0016541664954274893,0.0016541664954274893,-0.16541664954274893
Pythia_plus,63,MUR1.0_MUF1.0_PDF26552,pdf,9,1.74,1.95,0.6475628614425659,0.6458897590637207,0.9974163089354475,-0.0025836911518126726,0.0025836911518126726,-0.25836911518126726
Pythia_plus,63,MUR1.0_MUF1.0_PDF26552,pdf,10,1.95,2.18,0.6217986941337585,0.6206492781639099,0.9981514660923341,-0.0018485338659957051,0.0018485338659957051,-0.1848533865995705
Pythia_plus,63,MUR1.0_MUF1.0_PDF26552,pdf,11,2.18,2.5,0.6207728385925293,0.6180098056793213,0.9955490434802647,-0.004450956359505653,0.004450956359505653,-0.44509563595056534
Pythia_plus,64,MUR1.0_MUF1.0_PDF26553,pdf,1,0.0,0.21,0.6547458171844482,0.6546691656112671,0.9998829292663362,-0.00011707073281286284,0.00011707073281286284,-0.011707073281286284
Pythia_plus,64,MUR1.0_MUF1.0_PDF26553,pdf,2,0.21,0.42,0.6447997093200684,0.6452893614768982,1.000759386441638,0.000759386457502842,0.000759386457502842,0.0759386457502842
Pythia_plus,64,MUR1.0_MUF1.0_PDF26553,pdf,3,0.42,0.63,0.6357879638671875,0.6366034150123596,1.0012825834893322,0.0012825834564864635,0.0012825834564864635,0.12825834564864635
Pythia_plus,64,MUR1.0_MUF1.0_PDF26553,pdf,4,0.63,0.84,0.6187161207199097,0.6184841394424438,0.9996250602340927,-0.00037493975833058357,0.00037493975833058357,-0.03749397583305836
Pythia_plus,64,MUR1.0_MUF1.0_PDF26553,pdf,5,0.84,1.05,0.6409361958503723,0.6413012742996216,1.0005696018599244,0.0005696018342860043,0.0005696018342860043,0.05696018342860043
Pythia_plus,64,MUR1.0_MUF1.0_PDF26553,pdf,6,1.05,1.37,0.6362332105636597,0.6359764337539673,0.9995964108672276,-0.0004035891324747354,0.0004035891324747354,-0.04035891324747354
Pythia_plus,64,MUR1.0_MUF1.0_PDF26553,pdf,7,1.37,1.52,0.6330141425132751,0.6324930787086487,0.9991768528226594,-0.0008231471874751151,0.0008231471874751151,-0.0823147187475115
Pythia_plus,64,MUR1.0_MUF1.0_PDF26553,pdf,8,1.52,1.74,0.6609900593757629,0.6598968505859375,0.9983461040384513,-0.0016538959462195635,0.0016538959462195635,-0.16538959462195635
Pythia_plus,64,MUR1.0_MUF1.0_PDF26553,pdf,9,1.74,1.95,0.6475628614425659,0.6458899974822998,0.9974166771137253,-0.002583322813734412,0.002583322813734412,-0.2583322813734412
Pythia_plus,64,MUR1.0_MUF1.0_PDF26553,pdf,10,1.95,2.18,0.6217986941337585,0.6206493973731995,0.9981516578091882,-0.001848342246375978,0.001848342246375978,-0.1848342246375978
Pythia_plus,64,MUR1.0_MUF1.0_PDF26553,pdf,11,2.18,2.5,0.6207728385925293,0.6180099248886108,0.9955492355139397,-0.004450764507055283,0.004450764507055283,-0.44507645070552826
Pythia_plus,65,MUR1.0_MUF1.0_PDF26554,pdf,1,0.0,0.21,0.6547458171844482,0.6546682715415955,0.9998815637445593,-0.00011843625543406233,0.00011843625543406233,-0.011843625543406233
Pythia_plus,65,MUR1.0_MUF1.0_PDF26554,pdf,2,0.21,0.42,0.6447997093200684,0.6452890634536743,1.0007589242466035,0.0007589242304675281,0.0007589242304675281,0.07589242304675281
Pythia_plus,65,MUR1.0_MUF1.0_PDF26554,pdf,3,0.42,0.63,0.6357879638671875,0.6366026401519775,1.001281364749082,0.0012813647044822574,0.0012813647044822574,0.12813647044822574
Pythia_plus,65,MUR1.0_MUF1.0_PDF26554,pdf,4,0.63,0.84,0.6187161207199097,0.6184832453727722,0.9996236151938849,-0.00037638479261659086,0.00037638479261659086,-0.037638479261659086
Pythia_plus,65,MUR1.0_MUF1.0_PDF26554,pdf,5,0.84,1.05,0.6409361958503723,0.6413019895553589,1.0005707178145888,0.0005707177915610373,0.0005707177915610373,0.05707177915610373
Pythia_plus,65,MUR1.0_MUF1.0_PDF26554,pdf,6,1.05,1.37,0.6362332105636597,0.6359776258468628,0.9995982845400817,-0.0004017154569737613,0.0004017154569737613,-0.04017154569737613
Pythia_plus,65,MUR1.0_MUF1.0_PDF26554,pdf,7,1.37,1.52,0.6330141425132751,0.6324933767318726,0.999177323622921,-0.0008226764039136469,0.0008226764039136469,-0.0822676403913647
Pythia_plus,65,MUR1.0_MUF1.0_PDF26554,pdf,8,1.52,1.74,0.6609900593757629,0.6598963141441345,0.9983452924652735,-0.001654707477428019,0.001654707477428019,-0.1654707477428019
Pythia_plus,65,MUR1.0_MUF1.0_PDF26554,pdf,9,1.74,1.95,0.6475628614425659,0.6458892226219177,0.9974154805343224,-0.002584519563242793,0.002584519563242793,-0.2584519563242793
Pythia_plus,65,MUR1.0_MUF1.0_PDF26554,pdf,10,1.95,2.18,0.6217986941337585,0.6206488013267517,0.9981506992249175,-0.001849300810135901,0.001849300810135901,-0.1849300810135901
Pythia_plus,65,MUR1.0_MUF1.0_PDF26554,pdf,11,2.18,2.5,0.6207728385925293,0.6180095076560974,0.9955485633960771,-0.004451436456292868,0.004451436456292868,-0.44514364562928677
Pythia_plus,66,MUR1.0_MUF1.0_PDF26555,pdf,1,0.0,0.21,0.6547458171844482,0.6546692252159119,0.9998830203011212,-0.00011697969603119418,0.00011697969603119418,-0.011697969603119418
Pythia_plus,66,MUR1.0_MUF1.0_PDF26555,pdf,2,0.21,0.42,0.6447997093200684,0.64528888463974,1.0007586469295828,0.0007586469291709363,0.0007586469291709363,0.07586469291709363
Pythia_plus,66,MUR1.0_MUF1.0_PDF26555,pdf,3,0.42,0.63,0.6357879638671875,0.6366056799888611,1.0012861459608322,0.0012861459981650114,0.0012861459981650114,0.12861459981650114
Pythia_plus,66,MUR1.0_MUF1.0_PDF26555,pdf,4,0.63,0.84,0.6187161207199097,0.6184843182563782,0.9996253492421342,-0.0003746507572941482,0.0003746507572941482,-0.03746507572941482
Pythia_plus,66,MUR1.0_MUF1.0_PDF26555,pdf,5,0.84,1.05,0.6409361958503723,0.6413024067878723,1.000571368788143,0.0005713687860406935,0.0005713687860406935,0.05713687860406935
Pythia_plus,66,MUR1.0_MUF1.0_PDF26555,pdf,6,1.05,1.37,0.6362332105636597,0.635978102684021,0.9995990340092233,-0.00040096600423566997,0.00040096600423566997,-0.040096600423567
Pythia_plus,66,MUR1.0_MUF1.0_PDF26555,pdf,7,1.37,1.52,0.6330141425132751,0.6324924826622009,0.9991759112221362,-0.0008240887545980513,0.0008240887545980513,-0.08240887545980513
Pythia_plus,66,MUR1.0_MUF1.0_PDF26555,pdf,8,1.52,1.74,0.6609900593757629,0.6598965525627136,0.9983456531644636,-0.0016543468227609992,0.0016543468227609992,-0.16543468227609992
Pythia_plus,66,MUR1.0_MUF1.0_PDF26555,pdf,9,1.74,1.95,0.6475628614425659,0.6458882093429565,0.9974139157766417,-0.002586084185168147,0.002586084185168147,-0.2586084185168147
Pythia_plus,66,MUR1.0_MUF1.0_PDF26555,pdf,10,1.95,2.18,0.6217986941337585,0.620648205280304,0.9981497406406468,-0.001850259373895824,0.001850259373895824,-0.1850259373895824
Pythia_plus,66,MUR1.0_MUF1.0_PDF26555,pdf,11,2.18,2.5,0.6207728385925293,0.6180092692375183,0.9955481793287271,-0.0044518206268548965,0.0044518206268548965,-0.44518206268548965
Pythia_plus,67,MUR1.0_MUF1.0_PDF26556,pdf,1,0.0,0.21,0.6547458171844482,0.6546695232391357,0.9998834754750469,-0.0001165245266747661,0.0001165245266747661,-0.01165245266747661
Pythia_plus,67,MUR1.0_MUF1.0_PDF26556,pdf,2,0.21,0.42,0.6447997093200684,0.6452890634536743,1.0007589242466035,0.0007589242304675281,0.0007589242304675281,0.07589242304675281
Pythia_plus,67,MUR1.0_MUF1.0_PDF26556,pdf,3,0.42,0.63,0.6357879638671875,0.6366022825241089,1.001280802253582,0.0012808023020625114,0.0012808023020625114,0.12808023020625114
Pythia_plus,67,MUR1.0_MUF1.0_PDF26556,pdf,4,0.63,0.84,0.6187161207199097,0.6184837222099304,0.9996243858819958,-0.00037561412318609655,0.00037561412318609655,-0.037561412318609655
Pythia_plus,67,MUR1.0_MUF1.0_PDF26556,pdf,5,0.84,1.05,0.6409361958503723,0.6413022875785828,1.000571182795699,0.000571182812564075,0.000571182812564075,0.0571182812564075
Pythia_plus,67,MUR1.0_MUF1.0_PDF26556,pdf,6,1.05,1.37,0.6362332105636597,0.6359757781028748,0.9995953803471579,-0.0004046196409035474,0.0004046196409035474,-0.04046196409035474
Pythia_plus,67,MUR1.0_MUF1.0_PDF26556,pdf,7,1.37,1.52,0.6330141425132751,0.6324945688247681,0.9991792068239673,-0.0008207931532524526,0.0008207931532524526,-0.08207931532524526
Pythia_plus,67,MUR1.0_MUF1.0_PDF26556,pdf,8,1.52,1.74,0.6609900593757629,0.6598951816558838,0.9983435791441203,-0.0016564208781346679,0.0016564208781346679,-0.1656420878134668
Pythia_plus,67,MUR1.0_MUF1.0_PDF26556,pdf,9,1.74,1.95,0.6475628614425659,0.6458908319473267,0.9974179657376977,-0.0025820343289524317,0.0025820343289524317,-0.25820343289524317
Pythia_plus,67,MUR1.0_MUF1.0_PDF26556,pdf,10,1.95,2.18,0.6217986941337585,0.6206498742103577,0.9981524246766048,-0.0018475753022357821,0.0018475753022357821,-0.18475753022357821
Pythia_plus,67,MUR1.0_MUF1.0_PDF26556,pdf,11,2.18,2.5,0.6207728385925293,0.6180102229118347,0.9955497155981273,-0.004450284410268068,0.004450284410268068,-0.44502844102680683
Pythia_plus,68,MUR1.0_MUF1.0_PDF13307,pdf,1,0.0,0.21,0.6547458171844482,0.6547559499740601,1.0000154759134703,1.547591273265425e-05,1.547591273265425e-05,0.0015475912732654251
Pythia_plus,68,MUR1.0_MUF1.0_PDF13307,pdf,2,0.21,0.42,0.6447997093200684,0.6448137164115906,1.0000217231666202,2.1723166355513968e-05,2.1723166355513968e-05,0.0021723166355513968
Pythia_plus,68,MUR1.0_MUF1.0_PDF13307,pdf,3,0.42,0.63,0.6357879638671875,0.6357958912849426,1.0000124686502507,1.2468650311348028e-05,1.2468650311348028e-05,0.0012468650311348028
Pythia_plus,68,MUR1.0_MUF1.0_PDF13307,pdf,4,0.63,0.84,0.6187161207199097,0.6187082529067993,0.9999872836461717,-1.271635392185999e-05,1.271635392185999e-05,-0.001271635392185999
Pythia_plus,68,MUR1.0_MUF1.0_PDF13307,pdf,5,0.84,1.05,0.6409361958503723,0.6409299373626709,0.999990235396687,-9.76460341917118e-06,9.76460341917118e-06,-0.0009764603419171181
Pythia_plus,68,MUR1.0_MUF1.0_PDF13307,pdf,6,1.05,1.37,0.6362332105636597,0.6362511515617371,1.000028198776454,2.819877590809483e-05,2.819877590809483e-05,0.002819877590809483
Pythia_plus,68,MUR1.0_MUF1.0_PDF13307,pdf,7,1.37,1.52,0.6330141425132751,0.6330119371414185,0.9999965160780643,-3.4839220006688265e-06,3.4839220006688265e-06,-0.00034839220006688265
Pythia_plus,68,MUR1.0_MUF1.0_PDF13307,pdf,8,1.52,1.74,0.6609900593757629,0.6609733700752258,0.9999747510566909,-2.5248942620237358e-05,2.5248942620237358e-05,-0.002524894262023736
Pythia_plus,68,MUR1.0_MUF1.0_PDF13307,pdf,9,1.74,1.95,0.6475628614425659,0.647560179233551,0.9999958579943746,-4.1420057641516905e-06,4.1420057641516905e-06,-0.00041420057641516905
Pythia_plus,68,MUR1.0_MUF1.0_PDF13307,pdf,10,1.95,2.18,0.6217986941337585,0.6218140721321106,1.0000247314741848,2.473147469572723e-05,2.473147469572723e-05,0.002473147469572723
Pythia_plus,68,MUR1.0_MUF1.0_PDF13307,pdf,11,2.18,2.5,0.6207728385925293,0.6207661628723145,0.9999892461141986,-1.0753885362646542e-05,1.0753885362646542e-05,-0.0010753885362646542
Pythia_plus,69,MUR1.0_MUF1.0_PDF26557,pdf,1,0.0,0.21,0.6547458171844482,0.6546686887741089,0.9998822009880551,-0.00011779901251429692,0.00011779901251429692,-0.011779901251429692
Pythia_plus,69,MUR1.0_MUF1.0_PDF26557,pdf,2,0.21,0.42,0.6447997093200684,0.6452898383140564,1.0007601259536931,0.0007601259276270866,0.0007601259276270866,0.07601259276270866
Pythia_plus,69,MUR1.0_MUF1.0_PDF26557,pdf,3,0.42,0.63,0.6357879638671875,0.6366031765937805,1.001282208492332,0.001282208482734859,0.001282208482734859,0.1282208482734859
Pythia_plus,69,MUR1.0_MUF1.0_PDF26557,pdf,4,0.63,0.84,0.6187161207199097,0.6184837818145752,0.9996244822180096,-0.00037551778950728476,0.00037551778950728476,-0.037551778950728476
Pythia_plus,69,MUR1.0_MUF1.0_PDF26557,pdf,5,0.84,1.05,0.6409361958503723,0.641301155090332,1.0005694158674805,0.0005694158608093858,0.0005694158608093858,0.05694158608093858
Pythia_plus,69,MUR1.0_MUF1.0_PDF26557,pdf,6,1.05,1.37,0.6362332105636597,0.6359765529632568,0.999596598234513,-0.00040340176201425493,0.00040340176201425493,-0.04034017620142549
Pythia_plus,69,MUR1.0_MUF1.0_PDF26557,pdf,7,1.37,1.52,0.6330141425132751,0.6324928998947144,0.9991765703425025,-0.0008234296692535281,0.0008234296692535281,-0.08234296692535281
Pythia_plus,69,MUR1.0_MUF1.0_PDF26557,pdf,8,1.52,1.74,0.6609900593757629,0.6598971486091614,0.998346554912439,-0.0016534450696781278,0.0016534450696781278,-0.16534450696781278
Pythia_plus,69,MUR1.0_MUF1.0_PDF26557,pdf,9,1.74,1.95,0.6475628614425659,0.6458898186683655,0.9974164009800169,-0.0025835989508777857,0.0025835989508777857,-0.25835989508777857
Pythia_plus,69,MUR1.0_MUF1.0_PDF26557,pdf,10,1.95,2.18,0.6217986941337585,0.6206494569778442,0.9981517536676153,-0.0018482463201507926,0.0018482463201507926,-0.18482463201507926
Pythia_plus,69,MUR1.0_MUF1.0_PDF26557,pdf,11,2.18,2.5,0.6207728385925293,0.6180099844932556,0.9955493315307772,-0.004450668580830097,0.004450668580830097,-0.4450668580830097
Pythia_plus,70,MUR1.0_MUF1.0_PDF26558,pdf,1,0.0,0.21,0.6547458171844482,0.6546684503555298,0.9998818368489146,-0.00011816315236501396,0.00011816315236501396,-0.011816315236501396
Pythia_plus,70,MUR1.0_MUF1.0_PDF26558,pdf,2,0.21,0.42,0.6447997093200684,0.6452890634536743,1.0007589242466035,0.0007589242304675281,0.0007589242304675281,0.07589242304675281
Pythia_plus,70,MUR1.0_MUF1.0_PDF26558,pdf,3,0.42,0.63,0.6357879638671875,0.6366027593612671,1.001281552247582,0.0012815522495657206,0.0012815522495657206,0.12815522495657206
Pythia_plus,70,MUR1.0_MUF1.0_PDF26558,pdf,4,0.63,0.84,0.6187161207199097,0.6184835433959961,0.9996240968739541,-0.0003759031242225319,0.0003759031242225319,-0.03759031242225319
Pythia_plus,70,MUR1.0_MUF1.0_PDF26558,pdf,5,0.84,1.05,0.6409361958503723,0.6413020491600037,1.000570810810811,0.000570810807403177,0.000570810807403177,0.0570810807403177
Pythia_plus,70,MUR1.0_MUF1.0_PDF26558,pdf,6,1.05,1.37,0.6362332105636597,0.6359774470329285,0.9995980034891536,-0.000401996512664482,0.000401996512664482,-0.0401996512664482
Pythia_plus,70,MUR1.0_MUF1.0_PDF26558,pdf,7,1.37,1.52,0.6330141425132751,0.6324933767318726,0.999177323622921,-0.0008226764039136469,0.0008226764039136469,-0.0822676403913647
Pythia_plus,70,MUR1.0_MUF1.0_PDF26558,pdf,8,1.52,1.74,0.6609900593757629,0.6598964333534241,0.9983454728148685,-0.0016545271500945091,0.0016545271500945091,-0.1654527150094509
Pythia_plus,70,MUR1.0_MUF1.0_PDF26558,pdf,9,1.74,1.95,0.6475628614425659,0.645889401435852,0.9974157566680307,-0.0025842434260994196,0.0025842434260994196,-0.25842434260994196
Pythia_plus,70,MUR1.0_MUF1.0_PDF26558,pdf,10,1.95,2.18,0.6217986941337585,0.6206486821174622,0.9981505075080633,-0.00184949254617095,0.00184949254617095,-0.184949254617095
Pythia_plus,70,MUR1.0_MUF1.0_PDF26558,pdf,11,2.18,2.5,0.6207728385925293,0.618009626865387,0.9955487554297522,-0.004451244603842497,0.004451244603842497,-0.4451244603842497
Pythia_plus,71,MUR1.0_MUF1.0_PDF26559,pdf,1,0.0,0.21,0.6547458171844482,0.6546688079833984,0.9998823830576253,-0.00011761693895095959,0.00011761693895095959,-0.01176169389509596
Pythia_plus,71,MUR1.0_MUF1.0_PDF26559,pdf,2,0.21,0.42,0.6447997093200684,0.6452881097793579,1.0007574452224932,0.0007574452320113778,0.0007574452320113778,0.07574452320113778
Pythia_plus,71,MUR1.0_MUF1.0_PDF26559,pdf,3,0.42,0.63,0.6357879638671875,0.6366023421287537,1.0012808960028319,0.0012808960163965821,0.0012808960163965821,0.1280896016396582
Pythia_plus,71,MUR1.0_MUF1.0_PDF26559,pdf,4,0.63,0.84,0.6187161207199097,0.6184833645820618,0.9996238078659127,-0.0003761921252589673,0.0003761921252589673,-0.03761921252589673
Pythia_plus,71,MUR1.0_MUF1.0_PDF26559,pdf,5,0.84,1.05,0.6409361958503723,0.6413017511367798,1.0005703458297006,0.0005703458446078002,0.0005703458446078002,0.057034584460780025
Pythia_plus,71,MUR1.0_MUF1.0_PDF26559,pdf,6,1.05,1.37,0.6362332105636597,0.6359776854515076,0.9995983782237244,-0.0004016217717435211,0.0004016217717435211,-0.04016217717435211
Pythia_plus,71,MUR1.0_MUF1.0_PDF26559,pdf,7,1.37,1.52,0.6330141425132751,0.6324943900108337,0.9991789243438104,-0.0008210756350308657,0.0008210756350308657,-0.08210756350308657
Pythia_plus,71,MUR1.0_MUF1.0_PDF26559,pdf,8,1.52,1.74,0.6609900593757629,0.6598972082138062,0.9983466450872365,-0.0016533549642190337,0.0016533549642190337,-0.16533549642190337
Pythia_plus,71,MUR1.0_MUF1.0_PDF26559,pdf,9,1.74,1.95,0.6475628614425659,0.6458900570869446,0.9974167691582948,-0.002583230845630169,0.002583230845630169,-0.2583230845630169
Pythia_plus,71,MUR1.0_MUF1.0_PDF26559,pdf,10,1.95,2.18,0.6217986941337585,0.6206477880477905,0.9981490696316573,-0.0018509303918108344,0.0018509303918108344,-0.18509303918108344
Pythia_plus,71,MUR1.0_MUF1.0_PDF26559,pdf,11,2.18,2.5,0.6207728385925293,0.6180087327957153,0.9955473151771894,-0.00445268489420414,0.00445268489420414,-0.44526848942041397
Pythia_plus,72,MUR1.0_MUF1.0_PDF26560,pdf,1,0.0,0.21,0.6547458171844482,0.6546691060066223,0.999882838231551,-0.0001171617695945315,0.0001171617695945315,-0.01171617695945315
Pythia_plus,72,MUR1.0_MUF1.0_PDF26560,pdf,2,0.21,0.42,0.6447997093200684,0.6452892422676086,1.0007592015636242,0.0007592015899717808,0.0007592015899717808,0.07592015899717808
Pythia_plus,72,MUR1.0_MUF1.0_PDF26560,pdf,3,0.42,0.63,0.6357879638671875,0.6366031765937805,1.001282208492332,0.001282208482734859,0.001282208482734859,0.1282208482734859
Pythia_plus,72,MUR1.0_MUF1.0_PDF26560,pdf,4,0.63,0.84,0.6187161207199097,0.6184836030006409,0.999624193209968,-0.0003758067905437201,0.0003758067905437201,-0.03758067905437201
Pythia_plus,72,MUR1.0_MUF1.0_PDF26560,pdf,5,0.84,1.05,0.6409361958503723,0.6413017511367798,1.0005703458297006,0.0005703458446078002,0.0005703458446078002,0.057034584460780025
Pythia_plus,72,MUR1.0_MUF1.0_PDF26560,pdf,6,1.05,1.37,0.6362332105636597,0.6359769701957703,0.999597254020012,-0.0004027459945064038,0.0004027459945064038,-0.04027459945064038
Pythia_plus,72,MUR1.0_MUF1.0_PDF26560,pdf,7,1.37,1.52,0.6330141425132751,0.6324923634529114,0.9991757229020316,-0.0008242771145887673,0.0008242771145887673,-0.08242771145887673
Pythia_plus,72,MUR1.0_MUF1.0_PDF26560,pdf,8,1.52,1.74,0.6609900593757629,0.6598969101905823,0.9983461942132488,-0.0016538058407604694,0.0016538058407604694,-0.16538058407604694
Pythia_plus,72,MUR1.0_MUF1.0_PDF26560,pdf,9,1.74,1.95,0.6475628614425659,0.6458894610404968,0.9974158487126003,-0.0025841512251645327,0.0025841512251645327,-0.25841512251645327
Pythia_plus,72,MUR1.0_MUF1.0_PDF26560,pdf,10,1.95,2.18,0.6217986941337585,0.6206493377685547,0.9981515619507612,-0.0018484380561858416,0.0018484380561858416,-0.18484380561858416
Pythia_plus,72,MUR1.0_MUF1.0_PDF26560,pdf,11,2.18,2.5,0.6207728385925293,0.6180095076560974,0.9955485633960771,-0.004451436456292868,0.004451436456292868,-0.44514364562928677
Pythia_plus,73,MUR1.0_MUF1.0_PDF26561,pdf,1,0.0,0.21,0.6547458171844482,0.6546690464019775,0.9998827471967658,-0.00011725280637620017,0.00011725280637620017,-0.011725280637620017
Pythia_plus,73,MUR1.0_MUF1.0_PDF26561,pdf,2,0.21,0.42,0.6447997093200684,0.6452895402908325,1.0007596637586587,0.0007596637587994337,0.0007596637587994337,0.07596637587994337
Pythia_plus,73,MUR1.0_MUF1.0_PDF26561,pdf,3,0.42,0.63,0.6357879638671875,0.6366037130355835,1.001283052235582,0.0012830522609874606,0.0012830522609874606,0.12830522609874606
Pythia_plus,73,MUR1.0_MUF1.0_PDF26561,pdf,4,0.63,0.84,0.6187161207199097,0.6184844970703125,0.9996256382501758,-0.00037436175625771284,0.00037436175625771284,-0.037436175625771284
Pythia_plus,73,MUR1.0_MUF1.0_PDF26561,pdf,5,0.84,1.05,0.6409361958503723,0.6413024067878723,1.000571368788143,0.0005713687860406935,0.0005713687860406935,0.05713687860406935
Pythia_plus,73,MUR1.0_MUF1.0_PDF26561,pdf,6,1.05,1.37,0.6362332105636597,0.6359770894050598,0.9995974413872973,-0.00040255862404592335,0.00040255862404592335,-0.040255862404592335
Pythia_plus,73,MUR1.0_MUF1.0_PDF26561,pdf,7,1.37,1.52,0.6330141425132751,0.6324936747550964,0.9991777944231826,-0.0008222055621445179,0.0008222055621445179,-0.08222055621445179
Pythia_plus,73,MUR1.0_MUF1.0_PDF26561,pdf,8,1.52,1.74,0.6609900593757629,0.6598974466323853,0.9983470057864265,-0.001652994193136692,0.001652994193136692,-0.1652994193136692
Pythia_plus,73,MUR1.0_MUF1.0_PDF26561,pdf,9,1.74,1.95,0.6475628614425659,0.6458899974822998,0.9974166771137253,-0.002583322813734412,0.002583322813734412,-0.2583322813734412
Pythia_plus,73,MUR1.0_MUF1.0_PDF26561,pdf,10,1.95,2.18,0.6217986941337585,0.6206490993499756,0.9981511785170529,-0.0018488215282559395,0.0018488215282559395,-0.18488215282559395
Pythia_plus,73,MUR1.0_MUF1.0_PDF26561,pdf,11,2.18,2.5,0.6207728385925293,0.6180094480514526,0.9955484673792396,-0.00445153284817934,0.00445153284817934,-0.44515328481793404
Pythia_plus,74,MUR1.0_MUF1.0_PDF26562,pdf,1,0.0,0.21,0.6547458171844482,0.6546679139137268,0.9998810175358486,-0.00011898246157215908,0.00011898246157215908,-0.011898246157215908
Pythia_plus,74,MUR1.0_MUF1.0_PDF26562,pdf,2,0.21,0.42,0.6447997093200684,0.645288348197937,1.0007578149785208,0.0007578149670735002,0.0007578149670735002,0.07578149670735002
Pythia_plus,74,MUR1.0_MUF1.0_PDF26562,pdf,3,0.42,0.63,0.6357879638671875,0.6366024017333984,1.001280989752082,0.0012809897307306528,0.0012809897307306528,0.12809897307306528
Pythia_plus,74,MUR1.0_MUF1.0_PDF26562,pdf,4,0.63,0.84,0.6187161207199097,0.6184840202331543,0.9996248675620649,-0.00037513242568820715,0.00037513242568820715,-0.037513242568820715
Pythia_plus,74,MUR1.0_MUF1.0_PDF26562,pdf,5,0.84,1.05,0.6409361958503723,0.6413016319274902,1.0005701598372565,0.0005701598129235208,0.0005701598129235208,0.05701598129235208
Pythia_plus,74,MUR1.0_MUF1.0_PDF26562,pdf,6,1.05,1.37,0.6362332105636597,0.6359778046607971,0.9995985655910098,-0.00040143440128304064,0.00040143440128304064,-0.040143440128304064
Pythia_plus,74,MUR1.0_MUF1.0_PDF26562,pdf,7,1.37,1.52,0.6330141425132751,0.6324945688247681,0.9991792068239673,-0.0008207931532524526,0.0008207931532524526,-0.08207931532524526
Pythia_plus,74,MUR1.0_MUF1.0_PDF26562,pdf,8,1.52,1.74,0.6609900593757629,0.6598972678184509,0.998346735262034,-0.0016532647423446178,0.0016532647423446178,-0.16532647423446178
Pythia_plus,74,MUR1.0_MUF1.0_PDF26562,pdf,9,1.74,1.95,0.6475628614425659,0.6458895802497864,0.9974160328017391,-0.002583967288956046,0.002583967288956046,-0.2583967288956046
Pythia_plus,74,MUR1.0_MUF1.0_PDF26562,pdf,10,1.95,2.18,0.6217986941337585,0.6206480860710144,0.9981495489237926,-0.001850451109930873,0.001850451109930873,-0.1850451109930873
Pythia_plus,74,MUR1.0_MUF1.0_PDF26562,pdf,11,2.18,2.5,0.6207728385925293,0.6180084943771362,0.9955469311098394,-0.004453069064766169,0.004453069064766169,-0.44530690647661686
Pythia_plus,75,MUR1.0_MUF1.0_PDF26100,pdf,1,0.0,0.21,0.6547458171844482,0.6550469994544983,1.0004599987692098,0.0004599987587425858,0.0004599987587425858,0.04599987587425858
Pythia_plus,75,MUR1.0_MUF1.0_PDF26100,pdf,2,0.21,0.42,0.6447997093200684,0.644928514957428,1.000199760693899,0.00019976068870164454,0.00019976068870164454,0.019976068870164454
Pythia_plus,75,MUR1.0_MUF1.0_PDF26100,pdf,3,0.42,0.63,0.6357879638671875,0.6358613967895508,1.0001154990760075,0.00011549907503649592,0.00011549907503649592,0.011549907503649592
Pythia_plus,75,MUR1.0_MUF1.0_PDF26100,pdf,4,0.63,0.84,0.6187161207199097,0.6190540790557861,1.000546225198534,0.0005462251720018685,0.0005462251720018685,0.05462251720018685
Pythia_plus,75,MUR1.0_MUF1.0_PDF26100,pdf,5,0.84,1.05,0.6409361958503723,0.6412555575370789,1.0004982737576287,0.000498273759149015,0.000498273759149015,0.049827375914901495
Pythia_plus,75,MUR1.0_MUF1.0_PDF26100,pdf,6,1.05,1.37,0.6362332105636597,0.6364404559135437,1.0003257380256847,0.0003257380158174783,0.0003257380158174783,0.03257380158174783
Pythia_plus,75,MUR1.0_MUF1.0_PDF26100,pdf,7,1.37,1.52,0.6330141425132751,0.6341092586517334,1.0017300026411895,0.0017300026956945658,0.0017300026956945658,0.17300026956945658
Pythia_plus,75,MUR1.0_MUF1.0_PDF26100,pdf,8,1.52,1.74,0.6609900593757629,0.6615936756134033,1.0009132001746144,0.0009132002014666796,0.0009132002014666796,0.09132002014666796
Pythia_plus,75,MUR1.0_MUF1.0_PDF26100,pdf,9,1.74,1.95,0.6475628614425659,0.6484107375144958,1.0013093340004724,0.0013093339512124658,0.0013093339512124658,0.13093339512124658
Pythia_plus,75,MUR1.0_MUF1.0_PDF26100,pdf,10,1.95,2.18,0.6217986941337585,0.6220235228538513,1.0003615779869175,0.00036157798604108393,0.00036157798604108393,0.03615779860410839
Pythia_plus,75,MUR1.0_MUF1.0_PDF26100,pdf,11,2.18,2.5,0.6207728385925293,0.6201485991477966,0.9989944156607302,-0.0010055843740701675,0.0010055843740701675,-0.10055843740701675
Pythia_plus,76,MUR1.0_MUF1.0_PDF26101,pdf,1,0.0,0.21,0.6547458171844482,0.6550100445747375,1.0004035572024355,0.00040355720557272434,0.00040355720557272434,0.040355720557272434
Pythia_plus,76,MUR1.0_MUF1.0_PDF26101,pdf,2,0.21,0.42,0.6447997093200684,0.6448958516120911,1.0001491041181207,0.0001491041184635833,0.0001491041184635833,0.014910411846358329
Pythia_plus,76,MUR1.0_MUF1.0_PDF26101,pdf,3,0.42,0.63,0.6357879638671875,0.6358577609062195,1.0001097803717571,0.00010978036880260333,0.00010978036880260333,0.010978036880260333
Pythia_plus,76,MUR1.0_MUF1.0_PDF26101,pdf,4,0.63,0.84,0.6187161207199097,0.6190123558044434,1.0004787899888385,0.0004787899961229414,0.0004787899961229414,0.04787899961229414
Pythia_plus,76,MUR1.0_MUF1.0_PDF26101,pdf,5,0.84,1.05,0.6409361958503723,0.6412336230278015,1.0004640511479221,0.0004640511469915509,0.0004640511469915509,0.04640511469915509
Pythia_plus,76,MUR1.0_MUF1.0_PDF26101,pdf,6,1.05,1.37,0.6362332105636597,0.6364443898200989,1.0003319211461033,0.00033192115370184183,0.00033192115370184183,0.03319211537018418
Pythia_plus,76,MUR1.0_MUF1.0_PDF26101,pdf,7,1.37,1.52,0.6330141425132751,0.634091317653656,1.0017016604654425,0.0017016604542732239,0.0017016604542732239,0.1701660454273224
Pythia_plus,76,MUR1.0_MUF1.0_PDF26101,pdf,8,1.52,1.74,0.6609900593757629,0.6616142392158508,1.0009443104797633,0.0009443105082027614,0.0009443105082027614,0.09443105082027614
Pythia_plus,76,MUR1.0_MUF1.0_PDF26101,pdf,9,1.74,1.95,0.6475628614425659,0.6484523415565491,1.0013735811099507,0.0013735811226069927,0.0013735811226069927,0.13735811226069927
Pythia_plus,76,MUR1.0_MUF1.0_PDF26101,pdf,10,1.95,2.18,0.6217986941337585,0.6221239566802979,1.0005230994365346,0.0005230994429439306,0.0005230994429439306,0.05230994429439306
Pythia_plus,76,MUR1.0_MUF1.0_PDF26101,pdf,11,2.18,2.5,0.6207728385925293,0.6202706694602966,0.9991910581439561,-0.000808941840659827,0.000808941840659827,-0.0808941840659827
Pythia_plus,77,MUR1.0_MUF1.0_PDF26102,pdf,1,0.0,0.21,0.6547458171844482,0.6550915837287903,1.0005280927884792,0.0005280927871353924,0.0005280927871353924,0.05280927871353924
Pythia_plus,77,MUR1.0_MUF1.0_PDF26102,pdf,2,0.21,0.42,0.6447997093200684,0.6449640393257141,1.000254854342008,0.00025485435617156327,0.00025485435617156327,0.025485435617156327
Pythia_plus,77,MUR1.0_MUF1.0_PDF26102,pdf,3,0.42,0.63,0.6357879638671875,0.6358667612075806,1.000123936508508,0.00012393650831654668,0.00012393650831654668,0.012393650831654668
Pythia_plus,77,MUR1.0_MUF1.0_PDF26102,pdf,4,0.63,0.84,0.6187161207199097,0.6190965175628662,1.0006148164403958,0.0006148164393380284,0.0006148164393380284,0.06148164393380284
Pythia_plus,77,MUR1.0_MUF1.0_PDF26102,pdf,5,0.84,1.05,0.6409361958503723,0.6412801146507263,1.0005365882011044,0.000536588195245713,0.000536588195245713,0.0536588195245713
Pythia_plus,77,MUR1.0_MUF1.0_PDF26102,pdf,6,1.05,1.37,0.6362332105636597,0.6364387273788452,1.0003230212000462,0.00032302120234817266,0.00032302120234817266,0.032302120234817266
Pythia_plus,77,MUR1.0_MUF1.0_PDF26102,pdf,7,1.37,1.52,0.6330141425132751,0.6341281533241272,1.0017598513777735,0.0017598513513803482,0.0017598513513803482,0.17598513513803482
Pythia_plus,77,MUR1.0_MUF1.0_PDF26102,pdf,8,1.52,1.74,0.6609900593757629,0.6615723967552185,1.0008810077718953,0.0008810077561065555,0.0008810077561065555,0.08810077561065555
Pythia_plus,77,MUR1.0_MUF1.0_PDF26102,pdf,9,1.74,1.95,0.6475628614425659,0.648368775844574,1.0012445346235772,0.0012445346219465137,0.0012445346219465137,0.12445346219465137
Pythia_plus,77,MUR1.0_MUF1.0_PDF26102,pdf,10,1.95,2.18,0.6217986941337585,0.6219188570976257,1.0001932505889781,0.00019325058383401483,0.00019325058383401483,0.019325058383401483
Pythia_plus,77,MUR1.0_MUF1.0_PDF26102,pdf,11,2.18,2.5,0.6207728385925293,0.6200212836265564,0.9987893236958033,-0.001210676273331046,0.001210676273331046,-0.12106762733310461
Pythia_plus,78,MUR1.0_MUF1.0_PDF26103,pdf,1,0.0,0.21,0.6547458171844482,0.6549798846244812,1.000357493601165,0.00035749361268244684,0.00035749361268244684,0.035749361268244684
Pythia_plus,78,MUR1.0_MUF1.0_PDF26103,pdf,2,0.21,0.42,0.6447997093200684,0.6448830962181091,1.0001293221706453,0.00012932217214256525,0.00012932217214256525,0.012932217214256525
Pythia_plus,78,MUR1.0_MUF1.0_PDF26103,pdf,3,0.42,0.63,0.6357879638671875,0.6358780264854431,1.000141655116759,0.00014165512402541935,0.00014165512402541935,0.014165512402541935
Pythia_plus,78,MUR1.0_MUF1.0_PDF26103,pdf,4,0.63,0.84,0.6187161207199097,0.6189521551132202,1.0003814906148492,0.00038149062311276793,0.00038149062311276793,0.038149062311276793
Pythia_plus,78,MUR1.0_MUF1.0_PDF26103,pdf,5,0.84,1.05,0.6409361958503723,0.6412108540534973,1.0004285265911073,0.00042852660408243537,0.00042852660408243537,0.04285266040824354
Pythia_plus,78,MUR1.0_MUF1.0_PDF26103,pdf,6,1.05,1.37,0.6362332105636597,0.6364235877990723,1.000299225554799,0.0002992255613207817,0.0002992255613207817,0.02992255613207817
Pythia_plus,78,MUR1.0_MUF1.0_PDF26103,pdf,7,1.37,1.52,0.6330141425132751,0.6340072154998779,1.0015688006316257,0.0015688006533309817,0.0015688006533309817,0.15688006533309817
Pythia_plus,78,MUR1.0_MUF1.0_PDF26103,pdf,8,1.52,1.74,0.6609900593757629,0.6615458130836487,1.0008407898121956,0.0008407898130826652,0.0008407898130826652,0.08407898130826652
Pythia_plus,78,MUR1.0_MUF1.0_PDF26103,pdf,9,1.74,1.95,0.6475628614425659,0.648420512676239,1.0013244293098627,0.0013244292931631207,0.0013244292931631207,0.13244292931631207
Pythia_plus,78,MUR1.0_MUF1.0_PDF26103,pdf,10,1.95,2.18,0.6217986941337585,0.6222127676010132,1.0006659284928725,0.0006659284699708223,0.0006659284699708223,0.06659284699708223
Pythia_plus,78,MUR1.0_MUF1.0_PDF26103,pdf,11,2.18,2.5,0.6207728385925293,0.6203283667564392,0.9992840024426684,-0.0007159975357353687,0.0007159975357353687,-0.07159975357353687
Pythia_plus,79,MUR1.0_MUF1.0_PDF13308,pdf,1,0.0,0.21,0.6547458171844482,0.6547516584396362,1.0000089214089418,8.921409062168095e-06,8.921409062168095e-06,0.0008921409062168095
Pythia_plus,79,MUR1.0_MUF1.0_PDF13308,pdf,2,0.21,0.42,0.6447997093200684,0.6448128819465637,1.0000204290205237,2.042902087850962e-05,2.042902087850962e-05,0.002042902087850962
Pythia_plus,79,MUR1.0_MUF1.0_PDF13308,pdf,3,0.42,0.63,0.6357879638671875,0.6357982754707336,1.000016218620251,1.6218620658037253e-05,1.6218620658037253e-05,0.0016218620658037253
Pythia_plus,79,MUR1.0_MUF1.0_PDF13308,pdf,4,0.63,0.84,0.6187161207199097,0.6187073588371277,0.9999858386059639,-1.4161393664835487e-05,1.4161393664835487e-05,-0.0014161393664835487
Pythia_plus,79,MUR1.0_MUF1.0_PDF13308,pdf,5,0.84,1.05,0.6409361958503723,0.6409298777580261,0.999990142400465,-9.857599252427462e-06,9.857599252427462e-06,-0.0009857599252427462
Pythia_plus,79,MUR1.0_MUF1.0_PDF13308,pdf,6,1.05,1.37,0.6362332105636597,0.6362577676773071,1.0000385976607944,3.859766002278775e-05,3.859766002278775e-05,0.003859766002278775
Pythia_plus,79,MUR1.0_MUF1.0_PDF13308,pdf,7,1.37,1.52,0.6330141425132751,0.633009135723114,0.9999920905556056,-7.909444320830517e-06,7.909444320830517e-06,-0.0007909444320830517
Pythia_plus,79,MUR1.0_MUF1.0_PDF13308,pdf,8,1.52,1.74,0.6609900593757629,0.6609741449356079,0.9999759233290587,-2.4076671252259985e-05,2.4076671252259985e-05,-0.0024076671252259985
Pythia_plus,79,MUR1.0_MUF1.0_PDF13308,pdf,9,1.74,1.95,0.6475628614425659,0.6475589275360107,0.9999939250584161,-6.074941666156519e-06,6.074941666156519e-06,-0.0006074941666156519
Pythia_plus,79,MUR1.0_MUF1.0_PDF13308,pdf,10,1.95,2.18,0.6217986941337585,0.6218134760856628,1.000023772889914,2.3772889107931405e-05,2.3772889107931405e-05,0.0023772889107931405
Pythia_plus,79,MUR1.0_MUF1.0_PDF13308,pdf,11,2.18,2.5,0.6207728385925293,0.6207649111747742,0.9999872297606108,-1.2770239663950633e-05,1.2770239663950633e-05,-0.0012770239663950633
Pythia_plus,80,MUR1.0_MUF1.0_PDF26104,pdf,1,0.0,0.21,0.6547458171844482,0.6550852060317993,1.0005183520664713,0.0005183520843274891,0.0005183520843274891,0.051835208432748914
Pythia_plus,80,MUR1.0_MUF1.0_PDF26104,pdf,2,0.21,0.42,0.6447997093200684,0.644955039024353,1.000240896051967,0.00024089605722110718,0.00024089605722110718,0.02408960572211072
Pythia_plus,80,MUR1.0_MUF1.0_PDF26104,pdf,3,0.42,0.63,0.6357879638671875,0.6358531713485718,1.0001025616795065,0.00010256168025080115,0.00010256168025080115,0.010256168025080115
Pythia_plus,80,MUR1.0_MUF1.0_PDF26104,pdf,4,0.63,0.84,0.6187161207199097,0.6191099882125854,1.000636588379526,0.0006365883746184409,0.0006365883746184409,0.06365883746184409
Pythia_plus,80,MUR1.0_MUF1.0_PDF26104,pdf,5,0.84,1.05,0.6409361958503723,0.6412824392318726,1.0005402150537634,0.0005402150563895702,0.0005402150563895702,0.054021505638957024
Pythia_plus,80,MUR1.0_MUF1.0_PDF26104,pdf,6,1.05,1.37,0.6362332105636597,0.6364505290985107,1.000341570561302,0.00034157055779360235,0.00034157055779360235,0.034157055779360235
Pythia_plus,80,MUR1.0_MUF1.0_PDF26104,pdf,7,1.37,1.52,0.6330141425132751,0.6341647505760193,1.001817665649895,0.0018176656449213624,0.0018176656449213624,0.18176656449213624
Pythia_plus,80,MUR1.0_MUF1.0_PDF26104,pdf,8,1.52,1.74,0.6609900593757629,0.6616188883781433,1.0009513441139708,0.0009513440891169012,0.0009513440891169012,0.09513440891169012
Pythia_plus,80,MUR1.0_MUF1.0_PDF26104,pdf,9,1.74,1.95,0.6475628614425659,0.6484068632125854,1.001303351103458,0.001303351134993136,0.001303351134993136,0.1303351134993136
Pythia_plus,80,MUR1.0_MUF1.0_PDF26104,pdf,10,1.95,2.18,0.6217986941337585,0.6219191551208496,1.0001937298811134,0.00019372988026589155,0.00019372988026589155,0.019372988026589155
Pythia_plus,80,MUR1.0_MUF1.0_PDF26104,pdf,11,2.18,2.5,0.6207728385925293,0.6200516819953918,0.9988382922829347,-0.0011617076816037297,0.0011617076816037297,-0.11617076816037297
Pythia_plus,81,MUR1.0_MUF1.0_PDF26105,pdf,1,0.0,0.21,0.6547458171844482,0.6550293564796448,1.0004330524728142,0.0004330524825491011,0.0004330524825491011,0.04330524825491011
Pythia_plus,81,MUR1.0_MUF1.0_PDF26105,pdf,2,0.21,0.42,0.6447997093200684,0.6449122428894043,1.0001745248450167,0.00017452484462410212,0.00017452484462410212,0.01745248446241021
Pythia_plus,81,MUR1.0_MUF1.0_PDF26105,pdf,3,0.42,0.63,0.6357879638671875,0.6358513832092285,1.0000997492020063,9.974920249078423e-05,9.974920249078423e-05,0.009974920249078423
Pythia_plus,81,MUR1.0_MUF1.0_PDF26105,pdf,4,0.63,0.84,0.6187161207199097,0.6190136075019836,1.0004808130451295,0.0004808130324818194,0.0004808130324818194,0.04808130324818194
Pythia_plus,81,MUR1.0_MUF1.0_PDF26105,pdf,5,0.84,1.05,0.6409361958503723,0.6412193179130554,1.0004417320546353,0.0004417320596985519,0.0004417320596985519,0.04417320596985519
Pythia_plus,81,MUR1.0_MUF1.0_PDF26105,pdf,6,1.05,1.37,0.6362332105636597,0.6364210247993469,1.0002951971581628,0.0002951971546281129,0.0002951971546281129,0.02951971546281129
Pythia_plus,81,MUR1.0_MUF1.0_PDF26105,pdf,7,1.37,1.52,0.6330141425132751,0.6340346932411194,1.001612208415743,0.001612208434380591,0.001612208434380591,0.1612208434380591
Pythia_plus,81,MUR1.0_MUF1.0_PDF26105,pdf,8,1.52,1.74,0.6609900593757629,0.6615350842475891,1.0008245583486397,0.0008245583740063012,0.0008245583740063012,0.08245583740063012
Pythia_plus,81,MUR1.0_MUF1.0_PDF26105,pdf,9,1.74,1.95,0.6475628614425659,0.6483684182167053,1.0012439823561605,0.0012439823476597667,0.0012439823476597667,0.12439823476597667
Pythia_plus,81,MUR1.0_MUF1.0_PDF26105,pdf,10,1.95,2.18,0.6217986941337585,0.6220563054084778,1.0004143001218073,0.0004143001278862357,0.0004143001278862357,0.04143001278862357
Pythia_plus,81,MUR1.0_MUF1.0_PDF26105,pdf,11,2.18,2.5,0.6207728385925293,0.6201491355895996,0.9989952798122679,-0.0010047202231362462,0.0010047202231362462,-0.10047202231362462
Pythia_plus,82,MUR1.0_MUF1.0_PDF26106,pdf,1,0.0,0.21,0.6547458171844482,0.6550793647766113,1.0005094306575297,0.0005094306543469429,0.0005094306543469429,0.05094306543469429
Pythia_plus,82,MUR1.0_MUF1.0_PDF26106,pdf,2,0.21,0.42,0.6447997093200684,0.6449534296989441,1.0002384001987807,0.00023840020003262907,0.00023840020003262907,0.023840020003262907
Pythia_plus,82,MUR1.0_MUF1.0_PDF26106,pdf,3,0.42,0.63,0.6357879638671875,0.6358758807182312,1.0001382801437588,0.00013828014198224992,0.00013828014198224992,0.013828014198224992
Pythia_plus,82,MUR1.0_MUF1.0_PDF26106,pdf,4,0.63,0.84,0.6187161207199097,0.619111955165863,1.0006397674679832,0.0006397674442268908,0.0006397674442268908,0.06397674442268908
Pythia_plus,82,MUR1.0_MUF1.0_PDF26106,pdf,5,0.84,1.05,0.6409361958503723,0.641310453414917,1.0005839232781168,0.0005839233053848147,0.0005839233053848147,0.058392330538481474
Pythia_plus,82,MUR1.0_MUF1.0_PDF26106,pdf,6,1.05,1.37,0.6362332105636597,0.6364691853523254,1.0003708935414684,0.00037089354009367526,0.00037089354009367526,0.037089354009367526
Pythia_plus,82,MUR1.0_MUF1.0_PDF26106,pdf,7,1.37,1.52,0.6330141425132751,0.6342114806175232,1.0018914871309101,0.001891487161628902,0.001891487161628902,0.1891487161628902
Pythia_plus,82,MUR1.0_MUF1.0_PDF26106,pdf,8,1.52,1.74,0.6609900593757629,0.6616738438606262,1.001034485277296,0.001034485292620957,0.001034485292620957,0.10344852926209569
Pythia_plus,82,MUR1.0_MUF1.0_PDF26106,pdf,9,1.74,1.95,0.6475628614425659,0.6484673023223877,1.0013966842968836,0.001396684325300157,0.001396684325300157,0.1396684325300157
Pythia_plus,82,MUR1.0_MUF1.0_PDF26106,pdf,10,1.95,2.18,0.6217986941337585,0.6219777464866638,1.0002879587149258,0.0002879587118513882,0.0002879587118513882,0.02879587118513882
Pythia_plus,82,MUR1.0_MUF1.0_PDF26106,pdf,11,2.18,2.5,0.6207728385925293,0.620148241519928,0.9989938395597052,-0.0010061603970825672,0.0010061603970825672,-0.10061603970825672
Pythia_plus,83,MUR1.0_MUF1.0_PDF26107,pdf,1,0.0,0.21,0.6547458171844482,0.6550470590591431,1.0004600898039948,0.00046008979552425444,0.00046008979552425444,0.046008979552425444
Pythia_plus,83,MUR1.0_MUF1.0_PDF26107,pdf,2,0.21,0.42,0.6447997093200684,0.6449121236801147,1.000174339967003,0.00017433996254112571,0.00017433996254112571,0.01743399625411257
Pythia_plus,83,MUR1.0_MUF1.0_PDF26107,pdf,3,0.42,0.63,0.6357879638671875,0.6358319520950317,1.0000691869465044,6.918694998603314e-05,6.918694998603314e-05,0.006918694998603314
Pythia_plus,83,MUR1.0_MUF1.0_PDF26107,pdf,4,0.63,0.84,0.6187161207199097,0.6190679669380188,1.0005686714897613,0.0005686715012416244,0.0005686715012416244,0.056867150124162436
Pythia_plus,83,MUR1.0_MUF1.0_PDF26107,pdf,5,0.84,1.05,0.6409361958503723,0.641245424747467,1.0004824643998838,0.0004824644129257649,0.0004824644129257649,0.04824644129257649
Pythia_plus,83,MUR1.0_MUF1.0_PDF26107,pdf,6,1.05,1.37,0.6362332105636597,0.636446475982666,1.0003352000735979,0.0003352000785525888,0.0003352000785525888,0.03352000785525888
Pythia_plus,83,MUR1.0_MUF1.0_PDF26107,pdf,7,1.37,1.52,0.6330141425132751,0.6341336369514465,1.0017685141025865,0.001768514048308134,0.001768514048308134,0.1768514048308134
Pythia_plus,83,MUR1.0_MUF1.0_PDF26107,pdf,8,1.52,1.74,0.6609900593757629,0.6616383790969849,1.0009808312727642,0.00098083121702075,0.00098083121702075,0.098083121702075
Pythia_plus,83,MUR1.0_MUF1.0_PDF26107,pdf,9,1.74,1.95,0.6475628614425659,0.6484326720237732,1.0013432064020311,0.0013432063860818744,0.0013432063860818744,0.13432063860818744
Pythia_plus,83,MUR1.0_MUF1.0_PDF26107,pdf,10,1.95,2.18,0.6217986941337585,0.6219950914382935,1.0003158535172039,0.0003158535109832883,0.0003158535109832883,0.03158535109832883
Pythia_plus,83,MUR1.0_MUF1.0_PDF26107,pdf,11,2.18,2.5,0.6207728385925293,0.6201801896095276,0.9990453045846119,-0.000954695395193994,0.000954695395193994,-0.0954695395193994
Pythia_plus,84,MUR1.0_MUF1.0_PDF26108,pdf,1,0.0,0.21,0.6547458171844482,0.6550500392913818,1.0004646415432508,0.0004646415472961962,0.0004646415472961962,0.04646415472961962
Pythia_plus,84,MUR1.0_MUF1.0_PDF26108,pdf,2,0.21,0.42,0.6447997093200684,0.6449460387229919,1.000226937761926,0.0002269377582706511,0.0002269377582706511,0.02269377582706511
Pythia_plus,84,MUR1.0_MUF1.0_PDF26108,pdf,3,0.42,0.63,0.6357879638671875,0.6358897089958191,1.0001600299697602,0.00016002997290343046,0.00016002997290343046,0.016002997290343046
Pythia_plus,84,MUR1.0_MUF1.0_PDF26108,pdf,4,0.63,0.84,0.6187161207199097,0.6190389394760132,1.000521755851016,0.0005217558355070651,0.0005217558355070651,0.052175583550706506
Pythia_plus,84,MUR1.0_MUF1.0_PDF26108,pdf,5,0.84,1.05,0.6409361958503723,0.6412662863731384,1.0005150130775937,0.000515013060066849,0.000515013060066849,0.0515013060066849
Pythia_plus,84,MUR1.0_MUF1.0_PDF26108,pdf,6,1.05,1.37,0.6362332105636597,0.6364361643791199,1.00031899280341,0.00031899279565550387,0.00031899279565550387,0.03189927956555039
Pythia_plus,84,MUR1.0_MUF1.0_PDF26108,pdf,7,1.37,1.52,0.6330141425132751,0.6340881586074829,1.00169666998267,0.0016966699622571468,0.0016966699622571468,0.16966699622571468
Pythia_plus,84,MUR1.0_MUF1.0_PDF26108,pdf,8,1.52,1.74,0.6609900593757629,0.661554753780365,1.0008543160318255,0.0008543160511180758,0.0008543160511180758,0.08543160511180758
Pythia_plus,84,MUR1.0_MUF1.0_PDF26108,pdf,9,1.74,1.95,0.6475628614425659,0.6483917236328125,1.0012799717828167,0.001279971795156598,0.001279971795156598,0.1279971795156598
Pythia_plus,84,MUR1.0_MUF1.0_PDF26108,pdf,10,1.95,2.18,0.6217986941337585,0.6220497488975525,1.0004037556948293,0.00040375569369643927,0.00040375569369643927,0.04037556936964393
Pythia_plus,84,MUR1.0_MUF1.0_PDF26108,pdf,11,2.18,2.5,0.6207728385925293,0.6201190948486328,0.9989468873261615,-0.001053112675435841,0.001053112675435841,-0.10531126754358411
Pythia_plus,85,MUR1.0_MUF1.0_PDF26109,pdf,1,0.0,0.21,0.6547458171844482,0.6550784707069397,1.000508065135753,0.0005080651608295739,0.0005080651608295739,0.05080651608295739
Pythia_plus,85,MUR1.0_MUF1.0_PDF26109,pdf,2,0.21,0.42,0.6447997093200684,0.6450071930885315,1.0003217801829996,0.0003217801859136671,0.0003217801859136671,0.03217801859136671
Pythia_plus,85,MUR1.0_MUF1.0_PDF26109,pdf,3,0.42,0.63,0.6357879638671875,0.6359333395957947,1.0002286544207646,0.00022865441860631108,0.00022865441860631108,0.02286544186063111
Pythia_plus,85,MUR1.0_MUF1.0_PDF26109,pdf,4,0.63,0.84,0.6187161207199097,0.6190896034240723,1.0006036414627892,0.0006036414415575564,0.0006036414415575564,0.06036414415575564
Pythia_plus,85,MUR1.0_MUF1.0_PDF26109,pdf,5,0.84,1.05,0.6409361958503723,0.6413484215736389,1.000643161871549,0.0006431618821807206,0.0006431618821807206,0.06431618821807206
Pythia_plus,85,MUR1.0_MUF1.0_PDF26109,pdf,6,1.05,1.37,0.6362332105636597,0.6364532113075256,1.0003457863252234,0.0003457863349467516,0.0003457863349467516,0.03457863349467516
Pythia_plus,85,MUR1.0_MUF1.0_PDF26109,pdf,7,1.37,1.52,0.6330141425132751,0.6341522932052612,1.0017979861989612,0.0017979862168431282,0.0017979862168431282,0.17979862168431282
Pythia_plus,85,MUR1.0_MUF1.0_PDF26109,pdf,8,1.52,1.74,0.6609900593757629,0.6615696549415588,1.0008768597312088,0.000876859703566879,0.000876859703566879,0.0876859703566879
Pythia_plus,85,MUR1.0_MUF1.0_PDF26109,pdf,9,1.74,1.95,0.6475628614425659,0.6483985781669617,1.001290556908304,0.0012905568582937121,0.0012905568582937121,0.12905568582937121
Pythia_plus,85,MUR1.0_MUF1.0_PDF26109,pdf,10,1.95,2.18,0.6217986941337585,0.6219779849052429,1.0002883421486342,0.0002883421548176557,0.0002883421548176557,0.028834215481765568
Pythia_plus,85,MUR1.0_MUF1.0_PDF26109,pdf,11,2.18,2.5,0.6207728385925293,0.619937002658844,0.9986535558875604,-0.001346444129012525,0.001346444129012525,-0.1346444129012525
Pythia_plus,86,MUR1.0_MUF1.0_PDF26110,pdf,1,0.0,0.21,0.6547458171844482,0.6550186276435852,1.0004166662114928,0.00041666621109470725,0.00041666621109470725,0.041666621109470725
Pythia_plus,86,MUR1.0_MUF1.0_PDF26110,pdf,2,0.21,0.42,0.6447997093200684,0.6448490619659424,1.0000765394977087,7.653949433006346e-05,7.653949433006346e-05,0.007653949433006346
Pythia_plus,86,MUR1.0_MUF1.0_PDF26110,pdf,3,0.42,0.63,0.6357879638671875,0.6357895731925964,1.0000025312297502,2.531229711166816e-06,2.531229711166816e-06,0.0002531229711166816
Pythia_plus,86,MUR1.0_MUF1.0_PDF26110,pdf,4,0.63,0.84,0.6187161207199097,0.6190181970596313,1.000488230918196,0.0004882309294771403,0.0004882309294771403,0.04882309294771403
Pythia_plus,86,MUR1.0_MUF1.0_PDF26110,pdf,5,0.84,1.05,0.6409361958503723,0.6411624550819397,1.0003530136588201,0.0003530136600602418,0.0003530136600602418,0.03530136600602418
Pythia_plus,86,MUR1.0_MUF1.0_PDF26110,pdf,6,1.05,1.37,0.6362332105636597,0.6364304423332214,1.0003099991737103,0.00030999918817542493,0.00030999918817542493,0.030999918817542493
Pythia_plus,86,MUR1.0_MUF1.0_PDF26110,pdf,7,1.37,1.52,0.6330141425132751,0.634063184261322,1.0016572169207498,0.0016572169261053205,0.0016572169261053205,0.16572169261053205
Pythia_plus,86,MUR1.0_MUF1.0_PDF26110,pdf,8,1.52,1.74,0.6609900593757629,0.6616175174713135,1.0009492700936276,0.0009492700919508934,0.0009492700919508934,0.09492700919508934
Pythia_plus,86,MUR1.0_MUF1.0_PDF26110,pdf,9,1.74,1.95,0.6475628614425659,0.6484214067459106,1.0013258099784046,0.0013258099788799882,0.0013258099788799882,0.13258099788799882
Pythia_plus,86,MUR1.0_MUF1.0_PDF26110,pdf,10,1.95,2.18,0.6217986941337585,0.6220697164535522,1.0004358682678987,0.0004358682781457901,0.0004358682781457901,0.04358682781457901
Pythia_plus,86,MUR1.0_MUF1.0_PDF26110,pdf,11,2.18,2.5,0.6207728385925293,0.6203622817993164,0.999338636023213,-0.000661363999824971,0.000661363999824971,-0.0661363999824971
Pythia_plus,87,MUR1.0_MUF1.0_PDF26111,pdf,1,0.0,0.21,0.6547458171844482,0.6549561023712158,1.0003211707219022,0.0003211707226000726,0.0003211707226000726,0.03211707226000726
Pythia_plus,87,MUR1.0_MUF1.0_PDF26111,pdf,2,0.21,0.42,0.6447997093200684,0.6447054147720337,0.999853761491093,-0.0001462385116610676,0.0001462385116610676,-0.01462385116610676
Pythia_plus,87,MUR1.0_MUF1.0_PDF26111,pdf,3,0.42,0.63,0.6357879638671875,0.6356926560401917,0.9998500949492404,-0.0001499050558777526,0.0001499050558777526,-0.01499050558777526
Pythia_plus,87,MUR1.0_MUF1.0_PDF26111,pdf,4,0.63,0.84,0.6187161207199097,0.6189531683921814,1.0003831283270848,0.0003831283247563988,0.0003831283247563988,0.03831283247563988
Pythia_plus,87,MUR1.0_MUF1.0_PDF26111,pdf,5,0.84,1.05,0.6409361958503723,0.6409929990768433,1.000088625399593,8.862539834808558e-05,8.862539834808558e-05,0.008862539834808558
Pythia_plus,87,MUR1.0_MUF1.0_PDF26111,pdf,6,1.05,1.37,0.6362332105636597,0.6364331245422363,1.000314214937632,0.0003142149362247437,0.0003142149362247437,0.03142149362247437
Pythia_plus,87,MUR1.0_MUF1.0_PDF26111,pdf,7,1.37,1.52,0.6330141425132751,0.6340519785881042,1.0016395148309145,0.0016395148122683167,0.0016395148122683167,0.16395148122683167
Pythia_plus,87,MUR1.0_MUF1.0_PDF26111,pdf,8,1.52,1.74,0.6609900593757629,0.6617981195449829,1.001222499730152,0.001222499762661755,0.001222499762661755,0.12224997626617551
Pythia_plus,87,MUR1.0_MUF1.0_PDF26111,pdf,9,1.74,1.95,0.6475628614425659,0.6485301852226257,1.0014937913176567,0.001493791351094842,0.001493791351094842,0.1493791351094842
Pythia_plus,87,MUR1.0_MUF1.0_PDF26111,pdf,10,1.95,2.18,0.6217986941337585,0.6222410202026367,1.000711365387305,0.000711365370079875,0.000711365370079875,0.0711365370079875
Pythia_plus,87,MUR1.0_MUF1.0_PDF26111,pdf,11,2.18,2.5,0.6207728385925293,0.6212660670280457,1.000794539330417,0.000794539344497025,0.000794539344497025,0.0794539344497025
Pythia_plus,88,MUR1.0_MUF1.0_PDF26112,pdf,1,0.0,0.21,0.6547458171844482,0.6551406979560852,1.0006031054514177,0.0006031054654158652,0.0006031054654158652,0.06031054654158652
Pythia_plus,88,MUR1.0_MUF1.0_PDF26112,pdf,2,0.21,0.42,0.6447997093200684,0.6451534628868103,1.0005486255059186,0.0005486254813149571,0.0005486254813149571,0.054862548131495714
Pythia_plus,88,MUR1.0_MUF1.0_PDF26112,pdf,3,0.42,0.63,0.6357879638671875,0.6360356211662292,1.000389528133775,0.0003895281406585127,0.0003895281406585127,0.03895281406585127
Pythia_plus,88,MUR1.0_MUF1.0_PDF26112,pdf,4,0.63,0.84,0.6187161207199097,0.6191540956497192,1.0007078770297757,0.0007078770431689918,0.0007078770431689918,0.07078770431689918
Pythia_plus,88,MUR1.0_MUF1.0_PDF26112,pdf,5,0.84,1.05,0.6409361958503723,0.6415255665779114,1.0009195466434175,0.0009195466409437358,0.0009195466409437358,0.09195466409437358
Pythia_plus,88,MUR1.0_MUF1.0_PDF26112,pdf,6,1.05,1.37,0.6362332105636597,0.6364527940750122,1.0003451305397246,0.00034513053833507,0.00034513053833507,0.034513053833507
Pythia_plus,88,MUR1.0_MUF1.0_PDF26112,pdf,7,1.37,1.52,0.6330141425132751,0.6341649889945984,1.0018180422901044,0.0018180422484874725,0.0018180422484874725,0.18180422484874725
Pythia_plus,88,MUR1.0_MUF1.0_PDF26112,pdf,8,1.52,1.74,0.6609900593757629,0.6613839864730835,1.000595965236894,0.000595965248066932,0.000595965248066932,0.059596524806693196
Pythia_plus,88,MUR1.0_MUF1.0_PDF26112,pdf,9,1.74,1.95,0.6475628614425659,0.6482877135276794,1.0011193540091208,0.0011193540412932634,0.0011193540412932634,0.11193540412932634
Pythia_plus,88,MUR1.0_MUF1.0_PDF26112,pdf,10,1.95,2.18,0.6217986941337585,0.6217965483665466,0.9999965490966254,-3.4509034776419867e-06,3.4509034776419867e-06,-0.00034509034776419867
Pythia_plus,88,MUR1.0_MUF1.0_PDF26112,pdf,11,2.18,2.5,0.6207728385925293,0.6189715266227722,0.9970982751535309,-0.002901724772527814,0.002901724772527814,-0.2901724772527814
Pythia_plus,89,MUR1.0_MUF1.0_PDF26113,pdf,1,0.0,0.21,0.6547458171844482,0.655127763748169,1.0005833509030468,0.0005833508912473917,0.0005833508912473917,0.05833508912473917
Pythia_plus,89,MUR1.0_MUF1.0_PDF26113,pdf,2,0.21,0.42,0.6447997093200684,0.6451370120048523,1.0005231123400158,0.0005231123650446534,0.0005231123650446534,0.05231123650446534
Pythia_plus,89,MUR1.0_MUF1.0_PDF26113,pdf,3,0.42,0.63,0.6357879638671875,0.6360427141189575,1.0004006842945257,0.00040068430826067924,0.00040068430826067924,0.040068430826067924
Pythia_plus,89,MUR1.0_MUF1.0_PDF26113,pdf,4,0.63,0.84,0.6187161207199097,0.619113028049469,1.0006415015162324,0.0006415015086531639,0.0006415015086531639,0.06415015086531639
Pythia_plus,89,MUR1.0_MUF1.0_PDF26113,pdf,5,0.84,1.05,0.6409361958503723,0.6414782404899597,1.000845707643127,0.0008457076619379222,0.0008457076619379222,0.08457076619379222
Pythia_plus,89,MUR1.0_MUF1.0_PDF26113,pdf,6,1.05,1.37,0.6362332105636597,0.6364377737045288,1.000321522261763,0.0003215222677681595,0.0003215222677681595,0.03215222677681595
Pythia_plus,89,MUR1.0_MUF1.0_PDF26113,pdf,7,1.37,1.52,0.6330141425132751,0.6341102719306946,1.001731603362079,0.0017316034063696861,0.0017316034063696861,0.1731603406369686
Pythia_plus,89,MUR1.0_MUF1.0_PDF26113,pdf,8,1.52,1.74,0.6609900593757629,0.6613736748695374,1.000580364996921,0.0005803650128655136,0.0005803650128655136,0.058036501286551356
Pythia_plus,89,MUR1.0_MUF1.0_PDF26113,pdf,9,1.74,1.95,0.6475628614425659,0.6482672095298767,1.001087690677229,0.0010876907035708427,0.0010876907035708427,0.10876907035708427
Pythia_plus,89,MUR1.0_MUF1.0_PDF26113,pdf,10,1.95,2.18,0.6217986941337585,0.621860921382904,1.0001000761978638,0.00010007619857788086,0.00010007619857788086,0.010007619857788086
Pythia_plus,89,MUR1.0_MUF1.0_PDF26113,pdf,11,2.18,2.5,0.6207728385925293,0.6192534565925598,0.9975524347949657,-0.002447565319016576,0.002447565319016576,-0.24475653190165758
Pythia_plus,90,MUR1.0_MUF1.0_PDF13309,pdf,1,0.0,0.21,0.6547458171844482,0.6547530889511108,1.0000111062437846,1.1106243618996814e-05,1.1106243618996814e-05,0.0011106243618996814
Pythia_plus,90,MUR1.0_MUF1.0_PDF13309,pdf,2,0.21,0.42,0.6447997093200684,0.6448121070861816,1.000019227313434,1.9227312805014662e-05,1.9227312805014662e-05,0.0019227312805014662
Pythia_plus,90,MUR1.0_MUF1.0_PDF13309,pdf,3,0.42,0.63,0.6357879638671875,0.6357977390289307,1.0000153748770009,1.5374876966234297e-05,1.5374876966234297e-05,0.0015374876966234297
Pythia_plus,90,MUR1.0_MUF1.0_PDF13309,pdf,4,0.63,0.84,0.6187161207199097,0.6187060475349426,0.9999837192136593,-1.6280786439892836e-05,1.6280786439892836e-05,-0.0016280786439892836
Pythia_plus,90,MUR1.0_MUF1.0_PDF13309,pdf,5,0.84,1.05,0.6409361958503723,0.6409306526184082,0.9999913513513513,-8.648648872622289e-06,8.648648872622289e-06,-0.0008648648872622289
Pythia_plus,90,MUR1.0_MUF1.0_PDF13309,pdf,6,1.05,1.37,0.6362332105636597,0.6362622976303101,1.00004571761764,4.5717617467744276e-05,4.5717617467744276e-05,0.004571761746774428
Pythia_plus,90,MUR1.0_MUF1.0_PDF13309,pdf,7,1.37,1.52,0.6330141425132751,0.6330091953277588,0.9999921847156579,-7.815284334355965e-06,7.815284334355965e-06,-0.0007815284334355965
Pythia_plus,90,MUR1.0_MUF1.0_PDF13309,pdf,8,1.52,1.74,0.6609900593757629,0.6609721183776855,0.9999728573859427,-2.7142614271724597e-05,2.7142614271724597e-05,-0.0027142614271724597
Pythia_plus,90,MUR1.0_MUF1.0_PDF13309,pdf,9,1.74,1.95,0.6475628614425659,0.6475577354431152,0.999992084167027,-7.91583261161577e-06,7.91583261161577e-06,-0.000791583261161577
Pythia_plus,90,MUR1.0_MUF1.0_PDF13309,pdf,10,1.95,2.18,0.6217986941337585,0.6218144297599792,1.000025306624747,2.53066245932132e-05,2.53066245932132e-05,0.00253066245932132
Pythia_plus,90,MUR1.0_MUF1.0_PDF13309,pdf,11,2.18,2.5,0.6207728385925293,0.6207628846168518,0.9999839651881354,-1.6034811778808944e-05,1.6034811778808944e-05,-0.0016034811778808944
Pythia_plus,91,MUR1.0_MUF1.0_PDF26114,pdf,1,0.0,0.21,0.6547458171844482,0.6549772620201111,1.0003534880706197,0.00035348808160051703,0.00035348808160051703,0.0353488081600517
Pythia_plus,91,MUR1.0_MUF1.0_PDF26114,pdf,2,0.21,0.42,0.6447997093200684,0.6447426676750183,0.999911535870402,-8.84641267475672e-05,8.84641267475672e-05,-0.00884641267475672
Pythia_plus,91,MUR1.0_MUF1.0_PDF26114,pdf,3,0.42,0.63,0.6357879638671875,0.6356999278068542,0.9998615323577411,-0.00013846764340996742,0.00013846764340996742,-0.013846764340996742
Pythia_plus,91,MUR1.0_MUF1.0_PDF26114,pdf,4,0.63,0.84,0.6187161207199097,0.6190013289451599,1.0004609678262761,0.00046096782898530364,0.00046096782898530364,0.046096782898530364
Pythia_plus,91,MUR1.0_MUF1.0_PDF26114,pdf,5,0.84,1.05,0.6409361958503723,0.6410598158836365,1.000192874164487,0.00019287416944280267,0.00019287416944280267,0.019287416944280267
Pythia_plus,91,MUR1.0_MUF1.0_PDF26114,pdf,6,1.05,1.37,0.6362332105636597,0.6364450454711914,1.000332951666173,0.00033295166213065386,0.00033295166213065386,0.033295166213065386
Pythia_plus,91,MUR1.0_MUF1.0_PDF26114,pdf,7,1.37,1.52,0.6330141425132751,0.6341105699539185,1.0017320741623403,0.0017320741899311543,0.0017320741899311543,0.17320741899311543
Pythia_plus,91,MUR1.0_MUF1.0_PDF26114,pdf,8,1.52,1.74,0.6609900593757629,0.6617876887321472,1.0012067191405838,0.001206719083711505,0.001206719083711505,0.1206719083711505
Pythia_plus,91,MUR1.0_MUF1.0_PDF26114,pdf,9,1.74,1.95,0.6475628614425659,0.6485399603843689,1.001508886627047,0.0015088865766301751,0.0015088865766301751,0.1508886576630175
Pythia_plus,91,MUR1.0_MUF1.0_PDF26114,pdf,10,1.95,2.18,0.6217986941337585,0.6221626400947571,1.0005853115557046,0.0005853115580976009,0.0005853115580976009,0.058531155809760094
Pythia_plus,91,MUR1.0_MUF1.0_PDF26114,pdf,11,2.18,2.5,0.6207728385925293,0.6209177374839783,1.0002334169319933,0.0002334169257665053,0.0002334169257665053,0.02334169257665053
Pythia_plus,92,MUR1.0_MUF1.0_PDF26115,pdf,1,0.0,0.21,0.6547458171844482,0.6550792455673218,1.0005092485879594,0.0005092485807836056,0.0005092485807836056,0.05092485807836056
Pythia_plus,92,MUR1.0_MUF1.0_PDF26115,pdf,2,0.21,0.42,0.6447997093200684,0.6450042128562927,1.0003171582326549,0.00031715823570266366,0.00031715823570266366,0.031715823570266366
Pythia_plus,92,MUR1.0_MUF1.0_PDF26115,pdf,3,0.42,0.63,0.6357879638671875,0.6359316110610962,1.0002259356925145,0.00022593569883611053,0.00022593569883611053,0.022593569883611053
Pythia_plus,92,MUR1.0_MUF1.0_PDF26115,pdf,4,0.63,0.84,0.6187161207199097,0.6190778613090515,1.0005846632680606,0.0005846632411703467,0.0005846632411703467,0.058466324117034674
Pythia_plus,92,MUR1.0_MUF1.0_PDF26115,pdf,5,0.84,1.05,0.6409361958503723,0.6413422226905823,1.000633490264458,0.0006334902718663216,0.0006334902718663216,0.06334902718663216
Pythia_plus,92,MUR1.0_MUF1.0_PDF26115,pdf,6,1.05,1.37,0.6362332105636597,0.6364416480064392,1.0003276116985387,0.00032761169131845236,0.00032761169131845236,0.032761169131845236
Pythia_plus,92,MUR1.0_MUF1.0_PDF26115,pdf,7,1.37,1.52,0.6330141425132751,0.6341199278831482,1.001746857290554,0.0017468573059886694,0.0017468573059886694,0.17468573059886694
Pythia_plus,92,MUR1.0_MUF1.0_PDF26115,pdf,8,1.52,1.74,0.6609900593757629,0.6615194082260132,1.0008008423768886,0.0008008423610590398,0.0008008423610590398,0.08008423610590398
Pythia_plus,92,MUR1.0_MUF1.0_PDF26115,pdf,9,1.74,1.95,0.6475628614425659,0.6483699679374695,1.0012463755149663,0.001246375497430563,0.001246375497430563,0.1246375497430563
Pythia_plus,92,MUR1.0_MUF1.0_PDF26115,pdf,10,1.95,2.18,0.6217986941337585,0.6219782829284668,1.0002888214407695,0.0002888214366976172,0.0002888214366976172,0.028882143669761717
Pythia_plus,92,MUR1.0_MUF1.0_PDF26115,pdf,11,2.18,2.5,0.6207728385925293,0.619836151599884,0.9984910953984891,-0.0015089046210050583,0.0015089046210050583,-0.15089046210050583
Pythia_plus,93,MUR1.0_MUF1.0_PDF26116,pdf,1,0.0,0.21,0.6547458171844482,0.6550158262252808,1.000412387576592,0.00041238756966777146,0.00041238756966777146,0.041238756966777146
Pythia_plus,93,MUR1.0_MUF1.0_PDF26116,pdf,2,0.21,0.42,0.6447997093200684,0.6448472142219543,1.000073673888495,7.367388752754778e-05,7.367388752754778e-05,0.007367388752754778
Pythia_plus,93,MUR1.0_MUF1.0_PDF26116,pdf,3,0.42,0.63,0.6357879638671875,0.6357846260070801,0.9999947500419997,-5.249958121567033e-06,5.249958121567033e-06,-0.0005249958121567033
Pythia_plus,93,MUR1.0_MUF1.0_PDF26116,pdf,4,0.63,0.84,0.6187161207199097,0.619029700756073,1.000506823768869,0.0005068237660452724,0.0005068237660452724,0.050682376604527235
Pythia_plus,93,MUR1.0_MUF1.0_PDF26116,pdf,5,0.84,1.05,0.6409361958503723,0.6411622762680054,1.000352734670154,0.00035273467074148357,0.00035273467074148357,0.03527346707414836
Pythia_plus,93,MUR1.0_MUF1.0_PDF26116,pdf,6,1.05,1.37,0.6362332105636597,0.6364407539367676,1.0003262064438982,0.00032620644196867943,0.00032620644196867943,0.03262064419686794
Pythia_plus,93,MUR1.0_MUF1.0_PDF26116,pdf,7,1.37,1.52,0.6330141425132751,0.6340958476066589,1.0017088166294186,0.0017088166205212474,0.0017088166205212474,0.17088166205212474
Pythia_plus,93,MUR1.0_MUF1.0_PDF26116,pdf,8,1.52,1.74,0.6609900593757629,0.661674976348877,1.0010361985984493,0.001036198576912284,0.001036198576912284,0.10361985769122839
Pythia_plus,93,MUR1.0_MUF1.0_PDF26116,pdf,9,1.74,1.95,0.6475628614425659,0.6484555602073669,1.0013785515167013,0.0013785514747723937,0.0013785514747723937,0.13785514747723937
Pythia_plus,93,MUR1.0_MUF1.0_PDF26116,pdf,10,1.95,2.18,0.6217986941337585,0.622072696685791,1.0004406611892522,0.0004406611842568964,0.0004406611842568964,0.04406611842568964
Pythia_plus,93,MUR1.0_MUF1.0_PDF26116,pdf,11,2.18,2.5,0.6207728385925293,0.6204943060874939,0.9995513133183035,-0.0004486866819206625,0.0004486866819206625,-0.04486866819206625
Pythia_plus,94,MUR1.0_MUF1.0_PDF26117,pdf,1,0.0,0.21,0.6547458171844482,0.6551473736763,1.0006133013473513,0.0006133013521321118,0.0006133013521321118,0.06133013521321118
Pythia_plus,94,MUR1.0_MUF1.0_PDF26117,pdf,2,0.21,0.42,0.6447997093200684,0.6449012756347656,1.0001575160677483,0.00015751607134006917,0.00015751607134006917,0.015751607134006917
Pythia_plus,94,MUR1.0_MUF1.0_PDF26117,pdf,3,0.42,0.63,0.6357879638671875,0.6357133388519287,0.9998826259389925,-0.00011737406020984054,0.00011737406020984054,-0.011737406020984054
Pythia_plus,94,MUR1.0_MUF1.0_PDF26117,pdf,4,0.63,0.84,0.6187161207199097,0.6192742586135864,1.000902090433699,0.0009020904544740915,0.0009020904544740915,0.09020904544740915
Pythia_plus,94,MUR1.0_MUF1.0_PDF26117,pdf,5,0.84,1.05,0.6409361958503723,0.6413208246231079,1.0006001046207498,0.0006001046276651323,0.0006001046276651323,0.06001046276651323
Pythia_plus,94,MUR1.0_MUF1.0_PDF26117,pdf,6,1.05,1.37,0.6362332105636597,0.6365205645561218,1.00045164884148,0.0004516488406807184,0.0004516488406807184,0.04516488406807184
Pythia_plus,94,MUR1.0_MUF1.0_PDF26117,pdf,7,1.37,1.52,0.6330141425132751,0.634463369846344,1.0022894075119948,0.0022894074209034443,0.0022894074209034443,0.22894074209034443
Pythia_plus,94,MUR1.0_MUF1.0_PDF26117,pdf,8,1.52,1.74,0.6609900593757629,0.661863386631012,1.0013212411334502,0.0013212411431595683,0.0013212411431595683,0.13212411431595683
Pythia_plus,94,MUR1.0_MUF1.0_PDF26117,pdf,9,1.74,1.95,0.6475628614425659,0.6486172676086426,1.001628268433628,0.0016282683936879039,0.0016282683936879039,0.1628268393687904
Pythia_plus,94,MUR1.0_MUF1.0_PDF26117,pdf,10,1.95,2.18,0.6217986941337585,0.621745228767395,0.9999140149909159,-8.598501153755933e-05,8.598501153755933e-05,-0.008598501153755933
Pythia_plus,94,MUR1.0_MUF1.0_PDF26117,pdf,11,2.18,2.5,0.6207728385925293,0.6198081374168396,0.9984459674848581,-0.0015540325548499823,0.0015540325548499823,-0.15540325548499823
Pythia_plus,95,MUR1.0_MUF1.0_PDF26118,pdf,1,0.0,0.21,0.6547458171844482,0.6549381017684937,1.0002936782167962,0.000293678225716576,0.000293678225716576,0.029367822571657598
Pythia_plus,95,MUR1.0_MUF1.0_PDF26118,pdf,2,0.21,0.42,0.6447997093200684,0.6449620723724365,1.0002518038547805,0.0002518038672860712,0.0002518038672860712,0.025180386728607118
Pythia_plus,95,MUR1.0_MUF1.0_PDF26118,pdf,3,0.42,0.63,0.6357879638671875,0.6360290050506592,1.0003791219670242,0.0003791219787672162,0.0003791219787672162,0.03791219787672162
Pythia_plus,95,MUR1.0_MUF1.0_PDF26118,pdf,4,0.63,0.84,0.6187161207199097,0.6188080310821533,1.000148550133358,0.00014855012705083936,0.00014855012705083936,0.014855012705083936
Pythia_plus,95,MUR1.0_MUF1.0_PDF26118,pdf,5,0.84,1.05,0.6409361958503723,0.6411831378936768,1.000385283347864,0.0003852833469863981,0.0003852833469863981,0.03852833469863981
Pythia_plus,95,MUR1.0_MUF1.0_PDF26118,pdf,6,1.05,1.37,0.6362332105636597,0.6363517642021179,1.0001863367653399,0.00018633676518220454,0.00018633676518220454,0.018633676518220454
Pythia_plus,95,MUR1.0_MUF1.0_PDF26118,pdf,7,1.37,1.52,0.6330141425132751,0.6337096095085144,1.0010986594904152,0.0010986594716086984,0.0010986594716086984,0.10986594716086984
Pythia_plus,95,MUR1.0_MUF1.0_PDF26118,pdf,8,1.52,1.74,0.6609900593757629,0.661292314529419,1.0004572763982886,0.0004572763864416629,0.0004572763864416629,0.04572763864416629
Pythia_plus,95,MUR1.0_MUF1.0_PDF26118,pdf,9,1.74,1.95,0.6475628614425659,0.648179829120636,1.0009527533384106,0.0009527533547952771,0.0009527533547952771,0.09527533547952771
Pythia_plus,95,MUR1.0_MUF1.0_PDF26118,pdf,10,1.95,2.18,0.6217986941337585,0.622336208820343,1.0008644512953397,0.0008644512854516506,0.0008644512854516506,0.08644512854516506
Pythia_plus,95,MUR1.0_MUF1.0_PDF26118,pdf,11,2.18,2.5,0.6207728385925293,0.6205330491065979,0.9996137242626867,-0.0003862757293973118,0.0003862757293973118,-0.03862757293973118
Pythia_plus,96,MUR1.0_MUF1.0_PDF26119,pdf,1,0.0,0.21,0.6547458171844482,0.6553021669387817,1.000849718684307,0.0008497186936438084,0.0008497186936438084,0.08497186936438084
Pythia_plus,96,MUR1.0_MUF1.0_PDF26119,pdf,2,0.21,0.42,0.6447997093200684,0.6446243524551392,0.9997280444417165,-0.0002719555632211268,0.0002719555632211268,-0.02719555632211268
Pythia_plus,96,MUR1.0_MUF1.0_PDF26119,pdf,3,0.42,0.63,0.6357879638671875,0.6351796388626099,0.9990431951544387,-0.0009568048408254981,0.0009568048408254981,-0.09568048408254981
Pythia_plus,96,MUR1.0_MUF1.0_PDF26119,pdf,4,0.63,0.84,0.6187161207199097,0.619813084602356,1.0017729679989102,0.0017729679821059108,0.0017729679821059108,0.17729679821059108
Pythia_plus,96,MUR1.0_MUF1.0_PDF26119,pdf,5,0.84,1.05,0.6409361958503723,0.6413527131080627,1.000649857599535,0.0006498576258309186,0.0006498576258309186,0.06498576258309186
Pythia_plus,96,MUR1.0_MUF1.0_PDF26119,pdf,6,1.05,1.37,0.6362332105636597,0.6367678642272949,1.0008403422750622,0.0008403422543779016,0.0008403422543779016,0.08403422543779016
Pythia_plus,96,MUR1.0_MUF1.0_PDF26119,pdf,7,1.37,1.52,0.6330141425132751,0.6355428695678711,1.0039947402194778,0.003994740080088377,0.003994740080088377,0.3994740080088377
Pythia_plus,96,MUR1.0_MUF1.0_PDF26119,pdf,8,1.52,1.74,0.6609900593757629,0.6629158854484558,1.0029135477082842,0.0029135476797819138,0.0029135476797819138,0.2913547679781914
Pythia_plus,96,MUR1.0_MUF1.0_PDF26119,pdf,9,1.74,1.95,0.6475628614425659,0.6494523286819458,1.0029178128516678,0.002917812904343009,0.002917812904343009,0.2917812904343009
Pythia_plus,96,MUR1.0_MUF1.0_PDF26119,pdf,10,1.95,2.18,0.6217986941337585,0.621285617351532,0.99917485065976,-0.0008251493563875556,0.0008251493563875556,-0.08251493563875556
Pythia_plus,96,MUR1.0_MUF1.0_PDF26119,pdf,11,2.18,2.5,0.6207728385925293,0.6196449995040894,0.998183169400586,-0.0018168305978178978,0.0018168305978178978,-0.18168305978178978
Pythia_plus,97,MUR1.0_MUF1.0_PDF26120,pdf,1,0.0,0.21,0.6547458171844482,0.6548723578453064,1.0001932668488092,0.00019326685287524015,0.00019326685287524015,0.019326685287524015
Pythia_plus,97,MUR1.0_MUF1.0_PDF26120,pdf,2,0.21,0.42,0.6447997093200684,0.645141065120697,1.0005293981924845,0.0005293982103466988,0.0005293982103466988,0.052939821034669876
Pythia_plus,97,MUR1.0_MUF1.0_PDF26120,pdf,3,0.42,0.63,0.6357879638671875,0.6363385915756226,1.0008660555715554,0.0008660555467940867,0.0008660555467940867,0.08660555467940867
Pythia_plus,97,MUR1.0_MUF1.0_PDF26120,pdf,4,0.63,0.84,0.6187161207199097,0.6185231804847717,0.999688160323165,-0.0003118396853096783,0.0003118396853096783,-0.03118396853096783
Pythia_plus,97,MUR1.0_MUF1.0_PDF26120,pdf,5,0.84,1.05,0.6409361958503723,0.6411901712417603,1.0003962569020635,0.00039625688805244863,0.00039625688805244863,0.03962568880524486
Pythia_plus,97,MUR1.0_MUF1.0_PDF26120,pdf,6,1.05,1.37,0.6362332105636597,0.6362084150314331,0.9999610276046348,-3.897239366779104e-05,3.897239366779104e-05,-0.003897239366779104
Pythia_plus,97,MUR1.0_MUF1.0_PDF26120,pdf,7,1.37,1.52,0.6330141425132751,0.6330845355987549,1.0001112030217845,0.00011120302224298939,0.00011120302224298939,0.011120302224298939
Pythia_plus,97,MUR1.0_MUF1.0_PDF26120,pdf,8,1.52,1.74,0.6609900593757629,0.6606463193893433,0.9994799619426284,-0.0005200380692258477,0.0005200380692258477,-0.05200380692258477
Pythia_plus,97,MUR1.0_MUF1.0_PDF26120,pdf,9,1.74,1.95,0.6475628614425659,0.6476631760597229,1.0001549110103898,0.0001549110165797174,0.0001549110165797174,0.01549110165797174
Pythia_plus,97,MUR1.0_MUF1.0_PDF26120,pdf,10,1.95,2.18,0.6217986941337585,0.6225590109825134,1.0012227700957368,0.0012227700790390372,0.0012227700790390372,0.12227700790390372
Pythia_plus,97,MUR1.0_MUF1.0_PDF26120,pdf,11,2.18,2.5,0.6207728385925293,0.6205142736434937,0.9995834789588702,-0.00041652104118838906,0.00041652104118838906,-0.041652104118838906
Pythia_plus,98,MUR1.0_MUF1.0_PDF26121,pdf,1,0.0,0.21,0.6547458171844482,0.6550663113594055,1.0004894940395885,0.000489494064822793,0.000489494064822793,0.0489494064822793
Pythia_plus,98,MUR1.0_MUF1.0_PDF26121,pdf,2,0.21,0.42,0.6447997093200684,0.6448789238929749,1.0001228514401628,0.0001228514447575435,0.0001228514447575435,0.01228514447575435
Pythia_plus,98,MUR1.0_MUF1.0_PDF26121,pdf,3,0.42,0.63,0.6357879638671875,0.6357909440994263,1.0000046874625004,4.687462478614179e-06,4.687462478614179e-06,0.00046874624786141794
Pythia_plus,98,MUR1.0_MUF1.0_PDF26121,pdf,4,0.63,0.84,0.6187161207199097,0.619101345539093,1.0006226196575179,0.000622619641944766,0.000622619641944766,0.062261964194476604
Pythia_plus,98,MUR1.0_MUF1.0_PDF26121,pdf,5,0.84,1.05,0.6409361958503723,0.6412322521209717,1.0004619122348155,0.00046191224828362465,0.00046191224828362465,0.046191224828362465
Pythia_plus,98,MUR1.0_MUF1.0_PDF26121,pdf,6,1.05,1.37,0.6362332105636597,0.6364697217941284,1.0003717366942528,0.0003717367071658373,0.0003717367071658373,0.03717367071658373
Pythia_plus,98,MUR1.0_MUF1.0_PDF26121,pdf,7,1.37,1.52,0.6330141425132751,0.634218156337738,1.0019020330567696,0.0019020331092178822,0.0019020331092178822,0.19020331092178822
Pythia_plus,98,MUR1.0_MUF1.0_PDF26121,pdf,8,1.52,1.74,0.6609900593757629,0.6617172956466675,1.0011002227046975,0.0011002226965501904,0.0011002226965501904,0.11002226965501904
Pythia_plus,98,MUR1.0_MUF1.0_PDF26121,pdf,9,1.74,1.95,0.6475628614425659,0.6485110521316528,1.0014642450108622,0.001464245025999844,0.001464245025999844,0.1464245025999844
Pythia_plus,98,MUR1.0_MUF1.0_PDF26121,pdf,10,1.95,2.18,0.6217986941337585,0.6220006346702576,1.0003247683509215,0.0003247683634981513,0.0003247683634981513,0.03247683634981513
Pythia_plus,98,MUR1.0_MUF1.0_PDF26121,pdf,11,2.18,2.5,0.6207728385925293,0.6202783584594727,0.9992034443159953,-0.0007965556578710675,0.0007965556578710675,-0.07965556578710675
Pythia_plus,99,MUR1.0_MUF1.0_PDF26122,pdf,1,0.0,0.21,0.6547458171844482,0.6550266742706299,1.000428955907484,0.00042895591468550265,0.00042895591468550265,0.042895591468550265
Pythia_plus,99,MUR1.0_MUF1.0_PDF26122,pdf,2,0.21,0.42,0.6447997093200684,0.6449986696243286,1.0003085614050138,0.0003085614007432014,0.0003085614007432014,0.030856140074320138
Pythia_plus,99,MUR1.0_MUF1.0_PDF26122,pdf,3,0.42,0.63,0.6357879638671875,0.6359633207321167,1.0002758102935176,0.00027581030735746026,0.00027581030735746026,0.027581030735746026
Pythia_plus,99,MUR1.0_MUF1.0_PDF26122,pdf,4,0.63,0.84,0.6187161207199097,0.618986189365387,1.000436498478758,0.0004364984924905002,0.0004364984924905002,0.04364984924905002
Pythia_plus,99,MUR1.0_MUF1.0_PDF26122,pdf,5,0.84,1.05,0.6409361958503723,0.641291081905365,1.0005536995059576,0.000553699501324445,0.000553699501324445,0.0553699501324445
Pythia_plus,99,MUR1.0_MUF1.0_PDF26122,pdf,6,1.05,1.37,0.6362332105636597,0.6364033222198486,1.0002673731162797,0.00026737310690805316,0.00026737310690805316,0.026737310690805316
Pythia_plus,99,MUR1.0_MUF1.0_PDF26122,pdf,7,1.37,1.52,0.6330141425132751,0.6339555382728577,1.0014871638662683,0.0014871638268232346,0.0014871638268232346,0.14871638268232346
Pythia_plus,99,MUR1.0_MUF1.0_PDF26122,pdf,8,1.52,1.74,0.6609900593757629,0.6614183783531189,1.0006479960950705,0.000647996086627245,0.000647996086627245,0.0647996086627245
Pythia_plus,99,MUR1.0_MUF1.0_PDF26122,pdf,9,1.74,1.95,0.6475628614425659,0.6482679843902588,1.001088887256632,0.00108888722024858,0.00108888722024858,0.108888722024858
Pythia_plus,99,MUR1.0_MUF1.0_PDF26122,pdf,10,1.95,2.18,0.6217986941337585,0.6220574378967285,1.0004161214319216,0.0004161214455962181,0.0004161214455962181,0.04161214455962181
Pythia_plus,99,MUR1.0_MUF1.0_PDF26122,pdf,11,2.18,2.5,0.6207728385925293,0.6199652552604675,0.9986990678685415,-0.001300932141020894,0.001300932141020894,-0.1300932141020894
Pythia_plus,100,MUR1.0_MUF1.0_PDF26123,pdf,1,0.0,0.21,0.6547458171844482,0.6551182866096497,1.000568876372213,0.0005688763922080398,0.0005688763922080398,0.056887639220803976
Pythia_plus,100,MUR1.0_MUF1.0_PDF26123,pdf,2,0.21,0.42,0.6447997093200684,0.6450005769729614,1.0003115194532344,0.0003115194558631629,0.0003115194558631629,0.031151945586316288
Pythia_plus,100,MUR1.0_MUF1.0_PDF26123,pdf,3,0.42,0.63,0.6357879638671875,0.6359258890151978,1.0002169357645139,0.00021693576127290726,0.00021693576127290726,0.021693576127290726
Pythia_plus,100,MUR1.0_MUF1.0_PDF26123,pdf,4,0.63,0.84,0.6187161207199097,0.6190360188484192,1.0005170353863373,0.0005170353688299656,0.0005170353688299656,0.05170353688299656
Pythia_plus,100,MUR1.0_MUF1.0_PDF26123,pdf,5,0.84,1.05,0.6409361958503723,0.6412316560745239,1.0004609822725952,0.0004609822644852102,0.0004609822644852102,0.04609822644852102
Pythia_plus,100,MUR1.0_MUF1.0_PDF26123,pdf,6,1.05,1.37,0.6362332105636597,0.6363901495933533,1.0002466690312417,0.00024666902027092874,0.00024666902027092874,0.024666902027092874
Pythia_plus,100,MUR1.0_MUF1.0_PDF26123,pdf,7,1.37,1.52,0.6330141425132751,0.6339507699012756,1.001479631062083,0.001479631057009101,0.001479631057009101,0.1479631057009101
Pythia_plus,100,MUR1.0_MUF1.0_PDF26123,pdf,8,1.52,1.74,0.6609900593757629,0.6614027619361877,1.000624370298117,0.0006243702955543995,0.0006243702955543995,0.06243702955543995
Pythia_plus,100,MUR1.0_MUF1.0_PDF26123,pdf,9,1.74,1.95,0.6475628614425659,0.6482014060020447,1.0009860734725526,0.0009860735153779387,0.0009860735153779387,0.09860735153779387
Pythia_plus,100,MUR1.0_MUF1.0_PDF26123,pdf,10,1.95,2.18,0.6217986941337585,0.6219227313995361,1.0001994813867379,0.0001994813937926665,0.0001994813937926665,0.01994813937926665
Pythia_plus,100,MUR1.0_MUF1.0_PDF26123,pdf,11,2.18,2.5,0.6207728385925293,0.6202642321586609,0.9991806883255048,-0.000819311651866883,0.000819311651866883,-0.0819311651866883
Pythia_plus,101,MUR1.0_MUF1.0_PDF13310,pdf,1,0.0,0.21,0.6547458171844482,0.654750645160675,1.0000073738175947,7.3738174251047894e-06,7.3738174251047894e-06,0.0007373817425104789
Pythia_plus,101,MUR1.0_MUF1.0_PDF13310,pdf,2,0.21,0.42,0.6447997093200684,0.6448149681091309,1.000023664385765,2.3664386390009895e-05,2.3664386390009895e-05,0.0023664386390009895
Pythia_plus,101,MUR1.0_MUF1.0_PDF13310,pdf,3,0.42,0.63,0.6357879638671875,0.6358007192611694,1.0000200623395012,2.0062339899595827e-05,2.0062339899595827e-05,0.0020062339899595827
Pythia_plus,101,MUR1.0_MUF1.0_PDF13310,pdf,4,0.63,0.84,0.6187161207199097,0.6187065243721008,0.99998448990177,-1.5510098819504492e-05,1.5510098819504492e-05,-0.0015510098819504492
Pythia_plus,101,MUR1.0_MUF1.0_PDF13310,pdf,5,0.84,1.05,0.6409361958503723,0.6409332156181335,0.9999953501888986,-4.649811216950184e-06,4.649811216950184e-06,-0.0004649811216950184
Pythia_plus,101,MUR1.0_MUF1.0_PDF13310,pdf,6,1.05,1.37,0.6362332105636597,0.6362565755844116,1.0000367239879402,3.67239881597925e-05,3.67239881597925e-05,0.0036723988159792498
Pythia_plus,101,MUR1.0_MUF1.0_PDF13310,pdf,7,1.37,1.52,0.6330141425132751,0.6330068111419678,0.9999884183135652,-1.1581686521822121e-05,1.1581686521822121e-05,-0.001158168652182212
Pythia_plus,101,MUR1.0_MUF1.0_PDF13310,pdf,8,1.52,1.74,0.6609900593757629,0.6609700918197632,0.9999697914428265,-3.020855729118921e-05,3.020855729118921e-05,-0.003020855729118921
Pythia_plus,101,MUR1.0_MUF1.0_PDF13310,pdf,9,1.74,1.95,0.6475628614425659,0.6475573182106018,0.9999914398550408,-8.560145033698063e-06,8.560145033698063e-06,-0.0008560145033698063
Pythia_plus,101,MUR1.0_MUF1.0_PDF13310,pdf,10,1.95,2.18,0.6217986941337585,0.62181556224823,1.0000271279348616,2.712793502723798e-05,2.712793502723798e-05,0.002712793502723798
Pythia_plus,101,MUR1.0_MUF1.0_PDF13310,pdf,11,2.18,2.5,0.6207728385925293,0.6207610368728638,0.9999809886661725,-1.901133327919524e-05,1.901133327919524e-05,-0.0019011333279195242
Pythia_plus,102,MUR1.0_MUF1.0_PDF26124,pdf,1,0.0,0.21,0.6547458171844482,0.6549925208091736,1.0003767929756102,0.00037679297383874655,0.00037679297383874655,0.037679297383874655
Pythia_plus,102,MUR1.0_MUF1.0_PDF26124,pdf,2,0.21,0.42,0.6447997093200684,0.6448661684989929,1.0001030694926873,0.00010306949116056785,0.00010306949116056785,0.010306949116056785
Pythia_plus,102,MUR1.0_MUF1.0_PDF26124,pdf,3,0.42,0.63,0.6357879638671875,0.6358080506324768,1.0000315934972521,3.1593495805282146e-05,3.1593495805282146e-05,0.0031593495805282146
Pythia_plus,102,MUR1.0_MUF1.0_PDF26124,pdf,4,0.63,0.84,0.6187161207199097,0.6190707087516785,1.0005731029463985,0.0005731029668822885,0.0005731029668822885,0.057310296688228846
Pythia_plus,102,MUR1.0_MUF1.0_PDF26124,pdf,5,0.84,1.05,0.6409361958503723,0.6412810683250427,1.0005380761406568,0.000538076157681644,0.000538076157681644,0.053807615768164396
Pythia_plus,102,MUR1.0_MUF1.0_PDF26124,pdf,6,1.05,1.37,0.6362332105636597,0.6364869475364685,1.0003988112669944,0.00039881127304397523,0.00039881127304397523,0.03988112730439752
Pythia_plus,102,MUR1.0_MUF1.0_PDF26124,pdf,7,1.37,1.52,0.6330141425132751,0.6342487335205078,1.0019503371636074,0.0019503372022882104,0.0019503372022882104,0.19503372022882104
Pythia_plus,102,MUR1.0_MUF1.0_PDF26124,pdf,8,1.52,1.74,0.6609900593757629,0.6617578268051147,1.0011615415670199,0.0011615415569394827,0.0011615415569394827,0.11615415569394827
Pythia_plus,102,MUR1.0_MUF1.0_PDF26124,pdf,9,1.74,1.95,0.6475628614425659,0.648593544960022,1.0015916346949856,0.0015916347038000822,0.0015916347038000822,0.15916347038000822
Pythia_plus,102,MUR1.0_MUF1.0_PDF26124,pdf,10,1.95,2.18,0.6217986941337585,0.622107982635498,1.0004974093780792,0.00049740937538445,0.00049740937538445,0.049740937538444996
Pythia_plus,102,MUR1.0_MUF1.0_PDF26124,pdf,11,2.18,2.5,0.6207728385925293,0.620055615901947,0.9988446293942106,-0.0011553706135600805,0.0011553706135600805,-0.11553706135600805
Pythia_plus,103,MUR1.0_MUF1.0_PDF26125,pdf,1,0.0,0.21,0.6547458171844482,0.6553313136100769,1.0008942346942304,0.0008942346903495491,0.0008942346903495491,0.0894234690349549
Pythia_plus,103,MUR1.0_MUF1.0_PDF26125,pdf,2,0.21,0.42,0.6447997093200684,0.6452018618583679,1.000623685979517,0.0006236860062927008,0.0006236860062927008,0.06236860062927008
Pythia_plus,103,MUR1.0_MUF1.0_PDF26125,pdf,3,0.42,0.63,0.6357879638671875,0.6360255479812622,1.000373684510524,0.00037368451012298465,0.00037368451012298465,0.037368451012298465
Pythia_plus,103,MUR1.0_MUF1.0_PDF26125,pdf,4,0.63,0.84,0.6187161207199097,0.6192255616188049,1.0008233839103828,0.0008233839180320501,0.0008233839180320501,0.08233839180320501
Pythia_plus,103,MUR1.0_MUF1.0_PDF26125,pdf,5,0.84,1.05,0.6409361958503723,0.6414239406585693,1.0007609880848591,0.0007609880995005369,0.0007609880995005369,0.07609880995005369
Pythia_plus,103,MUR1.0_MUF1.0_PDF26125,pdf,6,1.05,1.37,0.6362332105636597,0.6364030241966248,1.0002669046980661,0.0002669047098606825,0.0002669047098606825,0.02669047098606825
Pythia_plus,103,MUR1.0_MUF1.0_PDF26125,pdf,7,1.37,1.52,0.6330141425132751,0.6341842412948608,1.0018484559870022,0.001848455984145403,0.001848455984145403,0.1848455984145403
Pythia_plus,103,MUR1.0_MUF1.0_PDF26125,pdf,8,1.52,1.74,0.6609900593757629,0.6613956689834595,1.0006136394972105,0.0006136394804343581,0.0006136394804343581,0.06136394804343581
Pythia_plus,103,MUR1.0_MUF1.0_PDF26125,pdf,9,1.74,1.95,0.6475628614425659,0.6482303738594055,1.001030807133307,0.001030807150527835,0.001030807150527835,0.10308071505278349
Pythia_plus,103,MUR1.0_MUF1.0_PDF26125,pdf,10,1.95,2.18,0.6217986941337585,0.6217050552368164,0.9998494064110691,-0.000150593594298698,0.000150593594298698,-0.0150593594298698
Pythia_plus,103,MUR1.0_MUF1.0_PDF26125,pdf,11,2.18,2.5,0.6207728385925293,0.6195748448371887,0.9980701575828337,-0.0019298424012959003,0.0019298424012959003,-0.19298424012959003
Pythia_plus,104,MUR1.0_MUF1.0_PDF26126,pdf,1,0.0,0.21,0.6547458171844482,0.6546396017074585,0.9998377760129168,-0.0001622239942662418,0.0001622239942662418,-0.01622239942662418
Pythia_plus,104,MUR1.0_MUF1.0_PDF26126,pdf,2,0.21,0.42,0.6447997093200684,0.6445341110229492,0.9995880917852782,-0.0004119082004763186,0.0004119082004763186,-0.04119082004763186
Pythia_plus,104,MUR1.0_MUF1.0_PDF26126,pdf,3,0.42,0.63,0.6357879638671875,0.6356041431427002,0.9997108773129815,-0.0002891226904466748,0.0002891226904466748,-0.028912269044667482
Pythia_plus,104,MUR1.0_MUF1.0_PDF26126,pdf,4,0.63,0.84,0.6187161207199097,0.6187914609909058,1.0001217687215074,0.0001217687240568921,0.0001217687240568921,0.01217687240568921
Pythia_plus,104,MUR1.0_MUF1.0_PDF26126,pdf,5,0.84,1.05,0.6409361958503723,0.640981137752533,1.0000701191514094,7.011915295151994e-05,7.011915295151994e-05,0.007011915295151994
Pythia_plus,104,MUR1.0_MUF1.0_PDF26126,pdf,6,1.05,1.37,0.6362332105636597,0.6364743709564209,1.0003790440183837,0.0003790440096054226,0.0003790440096054226,0.03790440096054226
Pythia_plus,104,MUR1.0_MUF1.0_PDF26126,pdf,7,1.37,1.52,0.6330141425132751,0.6339362859725952,1.0014567501693703,0.001456750207580626,0.001456750207580626,0.1456750207580626
Pythia_plus,104,MUR1.0_MUF1.0_PDF26126,pdf,8,1.52,1.74,0.6609900593757629,0.6618294715881348,1.0012699316736542,0.001269931672140956,0.001269931672140956,0.1269931672140956
Pythia_plus,104,MUR1.0_MUF1.0_PDF26126,pdf,9,1.74,1.95,0.6475628614425659,0.6486085653305054,1.0016148299264878,0.0016148298745974898,0.0016148298745974898,0.16148298745974898
Pythia_plus,104,MUR1.0_MUF1.0_PDF26126,pdf,10,1.95,2.18,0.6217986941337585,0.6224331259727478,1.0010203170977596,0.0010203170822933316,0.0010203170822933316,0.10203170822933316
Pythia_plus,104,MUR1.0_MUF1.0_PDF26126,pdf,11,2.18,2.5,0.6207728385925293,0.6209361553192139,1.0002630861347845,0.00026308614178560674,0.00026308614178560674,0.026308614178560674
Pythia_plus,105,MUR1.0_MUF1.0_PDF26127,pdf,1,0.0,0.21,0.6547458171844482,0.6550934910774231,1.000531005901603,0.0005310059059411287,0.0005310059059411287,0.05310059059411287
Pythia_plus,105,MUR1.0_MUF1.0_PDF26127,pdf,2,0.21,0.42,0.6447997093200684,0.6449475288391113,1.0002292487370983,0.0002292487333761528,0.0002292487333761528,0.02292487333761528
Pythia_plus,105,MUR1.0_MUF1.0_PDF26127,pdf,3,0.42,0.63,0.6357879638671875,0.635846734046936,1.000092436760506,9.243676322512329e-05,9.243676322512329e-05,0.009243676322512329
Pythia_plus,105,MUR1.0_MUF1.0_PDF26127,pdf,4,0.63,0.84,0.6187161207199097,0.6191316843032837,1.000671654688568,0.0006716547068208456,0.0006716547068208456,0.06716547068208456
Pythia_plus,105,MUR1.0_MUF1.0_PDF26127,pdf,5,0.84,1.05,0.6409361958503723,0.6413103938102722,1.0005838302818948,0.000583830289542675,0.000583830289542675,0.0583830289542675
Pythia_plus,105,MUR1.0_MUF1.0_PDF26127,pdf,6,1.05,1.37,0.6362332105636597,0.6364708542823792,1.0003735166834642,0.0003735166974365711,0.0003735166974365711,0.03735166974365711
Pythia_plus,105,MUR1.0_MUF1.0_PDF26127,pdf,7,1.37,1.52,0.6330141425132751,0.6342440843582153,1.0019429926795267,0.001942992676049471,0.001942992676049471,0.1942992676049471
Pythia_plus,105,MUR1.0_MUF1.0_PDF26127,pdf,8,1.52,1.74,0.6609900593757629,0.6616755723953247,1.0010371003464245,0.0010371003299951553,0.0010371003299951553,0.10371003299951553
Pythia_plus,105,MUR1.0_MUF1.0_PDF26127,pdf,9,1.74,1.95,0.6475628614425659,0.6484849452972412,1.0014239294894416,0.001423929468728602,0.001423929468728602,0.1423929468728602
Pythia_plus,105,MUR1.0_MUF1.0_PDF26127,pdf,10,1.95,2.18,0.6217986941337585,0.6219469308853149,1.0002383999081292,0.0002383999089943245,0.0002383999089943245,0.02383999089943245
Pythia_plus,105,MUR1.0_MUF1.0_PDF26127,pdf,11,2.18,2.5,0.6207728385925293,0.6200217008590698,0.9987899958136659,-0.0012100042076781392,0.0012100042076781392,-0.12100042076781392
Pythia_plus,106,MUR1.0_MUF1.0_PDF26128,pdf,1,0.0,0.21,0.6547458171844482,0.6550233960151672,1.0004239489943023,0.000423949008109048,0.000423949008109048,0.0423949008109048
Pythia_plus,106,MUR1.0_MUF1.0_PDF26128,pdf,2,0.21,0.42,0.6447997093200684,0.644926905632019,1.0001972648407127,0.00019726484606508166,0.00019726484606508166,0.019726484606508166
Pythia_plus,106,MUR1.0_MUF1.0_PDF26128,pdf,3,0.42,0.63,0.6357879638671875,0.635887861251831,1.00015712374301,0.00015712373715359718,0.00015712373715359718,0.015712373715359718
Pythia_plus,106,MUR1.0_MUF1.0_PDF26128,pdf,4,0.63,0.84,0.6187161207199097,0.6190049648284912,1.000466844323121,0.000466844328911975,0.000466844328911975,0.0466844328911975
Pythia_plus,106,MUR1.0_MUF1.0_PDF26128,pdf,5,0.84,1.05,0.6409361958503723,0.641228973865509,1.000456797442604,0.0004567974538076669,0.0004567974538076669,0.04567974538076669
Pythia_plus,106,MUR1.0_MUF1.0_PDF26128,pdf,6,1.05,1.37,0.6362332105636597,0.6364223957061768,1.0002973518819451,0.00029735188581980765,0.00029735188581980765,0.029735188581980765
Pythia_plus,106,MUR1.0_MUF1.0_PDF26128,pdf,7,1.37,1.52,0.6330141425132751,0.6340280771255493,1.001601756649936,0.0016017566667869687,0.0016017566667869687,0.16017566667869687
Pythia_plus,106,MUR1.0_MUF1.0_PDF26128,pdf,8,1.52,1.74,0.6609900593757629,0.6615496277809143,1.0008465609992379,0.0008465609862469137,0.0008465609862469137,0.08465609862469137
Pythia_plus,106,MUR1.0_MUF1.0_PDF26128,pdf,9,1.74,1.95,0.6475628614425659,0.6483622193336487,1.0012344097209374,0.0012344097485765815,0.0012344097485765815,0.12344097485765815
Pythia_plus,106,MUR1.0_MUF1.0_PDF26128,pdf,10,1.95,2.18,0.6217986941337585,0.6220775246620178,1.0004484257218451,0.000448425707872957,0.000448425707872957,0.0448425707872957
Pythia_plus,106,MUR1.0_MUF1.0_PDF26128,pdf,11,2.18,2.5,0.6207728385925293,0.6202796101570129,0.999205460669583,-0.000794539344497025,0.000794539344497025,-0.0794539344497025
Pythia_plus,107,MUR1.0_MUF1.0_PDF26129,pdf,1,0.0,0.21,0.6547458171844482,0.6551920771598816,1.000681577436191,0.0006815774249844253,0.0006815774249844253,0.06815774249844253
Pythia_plus,107,MUR1.0_MUF1.0_PDF26129,pdf,2,0.21,0.42,0.6447997093200684,0.6450189352035522,1.0003399906673578,0.00033999065635725856,0.00033999065635725856,0.033999065635725856
Pythia_plus,107,MUR1.0_MUF1.0_PDF26129,pdf,3,0.42,0.63,0.6357879638671875,0.6359283328056335,1.000220779483764,0.00022077948960941285,0.00022077948960941285,0.022077948960941285
Pythia_plus,107,MUR1.0_MUF1.0_PDF26129,pdf,4,0.63,0.84,0.6187161207199097,0.619160532951355,1.0007182813192717,0.0007182813133113086,0.0007182813133113086,0.07182813133113086
Pythia_plus,107,MUR1.0_MUF1.0_PDF26129,pdf,5,0.84,1.05,0.6409361958503723,0.6413589119911194,1.000659529206626,0.0006595291779376566,0.0006595291779376566,0.06595291779376566
Pythia_plus,107,MUR1.0_MUF1.0_PDF26129,pdf,6,1.05,1.37,0.6362332105636597,0.6364810466766357,1.0003895365863666,0.00038953658076934516,0.00038953658076934516,0.038953658076934516
Pythia_plus,107,MUR1.0_MUF1.0_PDF26129,pdf,7,1.37,1.52,0.6330141425132751,0.6342898607254028,1.002015307599705,0.0020153075456619263,0.0020153075456619263,0.20153075456619263
Pythia_plus,107,MUR1.0_MUF1.0_PDF26129,pdf,8,1.52,1.74,0.6609900593757629,0.6616260409355164,1.0009621650896747,0.0009621650679036975,0.0009621650679036975,0.09621650679036975
Pythia_plus,107,MUR1.0_MUF1.0_PDF26129,pdf,9,1.74,1.95,0.6475628614425659,0.6484999060630798,1.0014470326763745,0.0014470326714217663,0.0014470326714217663,0.14470326714217663
Pythia_plus,107,MUR1.0_MUF1.0_PDF26129,pdf,10,1.95,2.18,0.6217986941337585,0.6220144033432007,1.0003469116475754,0.0003469116345513612,0.0003469116345513612,0.03469116345513612
Pythia_plus,107,MUR1.0_MUF1.0_PDF26129,pdf,11,2.18,2.5,0.6207728385925293,0.6201328635215759,0.998969067215627,-0.0010309327626600862,0.0010309327626600862,-0.10309327626600862
Pythia_plus,108,MUR1.0_MUF1.0_PDF26130,pdf,1,0.0,0.21,0.6547458171844482,0.6548429727554321,1.0001483866997452,0.00014838669449090958,0.00014838669449090958,0.014838669449090958
Pythia_plus,108,MUR1.0_MUF1.0_PDF26130,pdf,2,0.21,0.42,0.6447997093200684,0.6447964310646057,0.9999949158546209,-5.084145414002705e-06,5.084145414002705e-06,-0.0005084145414002705
Pythia_plus,108,MUR1.0_MUF1.0_PDF26130,pdf,3,0.42,0.63,0.6357879638671875,0.6357649564743042,0.9999638127894976,-3.618721166276373e-05,3.618721166276373e-05,-0.003618721166276373
Pythia_plus,108,MUR1.0_MUF1.0_PDF26130,pdf,4,0.63,0.84,0.6187161207199097,0.6189003586769104,1.0002977746188129,0.0002977746189571917,0.0002977746189571917,0.02977746189571917
Pythia_plus,108,MUR1.0_MUF1.0_PDF26130,pdf,5,0.84,1.05,0.6409361958503723,0.6411023139953613,1.0002591804707934,0.000259180465945974,0.000259180465945974,0.0259180465945974
Pythia_plus,108,MUR1.0_MUF1.0_PDF26130,pdf,6,1.05,1.37,0.6362332105636597,0.6363815069198608,1.0002330849030496,0.00023308490926865488,0.00023308490926865488,0.02330849092686549
Pythia_plus,108,MUR1.0_MUF1.0_PDF26130,pdf,7,1.37,1.52,0.6330141425132751,0.633844256401062,1.0013113670485956,0.0013113670283928514,0.0013113670283928514,0.13113670283928514
Pythia_plus,108,MUR1.0_MUF1.0_PDF26130,pdf,8,1.52,1.74,0.6609900593757629,0.6615443229675293,1.0008385354422573,0.0008385354303754866,0.0008385354303754866,0.08385354303754866
Pythia_plus,108,MUR1.0_MUF1.0_PDF26130,pdf,9,1.74,1.95,0.6475628614425659,0.648265540599823,1.0010851134292842,0.0010851133847609162,0.0010851133847609162,0.10851133847609162
Pythia_plus,108,MUR1.0_MUF1.0_PDF26130,pdf,10,1.95,2.18,0.6217986941337585,0.6220202445983887,1.0003563057734284,0.0003563057689461857,0.0003563057689461857,0.03563057689461857
Pythia_plus,108,MUR1.0_MUF1.0_PDF26130,pdf,11,2.18,2.5,0.6207728385925293,0.6201940178871155,0.9990675804909149,-0.0009324194979853928,0.0009324194979853928,-0.09324194979853928
Pythia_plus,109,MUR1.0_MUF1.0_PDF26131,pdf,1,0.0,0.21,0.6547458171844482,0.6547079682350159,0.999942192911449,-5.780709034297615e-05,5.780709034297615e-05,-0.005780709034297615
Pythia_plus,109,MUR1.0_MUF1.0_PDF26131,pdf,2,0.21,0.42,0.6447997093200684,0.6445640325546265,0.9996344961667393,-0.0003655038308352232,0.0003655038308352232,-0.03655038308352232
Pythia_plus,109,MUR1.0_MUF1.0_PDF26131,pdf,3,0.42,0.63,0.6357879638671875,0.635550856590271,0.9996270654834761,-0.0003729345044121146,0.0003729345044121146,-0.03729345044121146
Pythia_plus,109,MUR1.0_MUF1.0_PDF26131,pdf,4,0.63,0.84,0.6187161207199097,0.6188116669654846,1.000154426630203,0.00015442662697751075,0.00015442662697751075,0.015442662697751075
Pythia_plus,109,MUR1.0_MUF1.0_PDF26131,pdf,5,0.84,1.05,0.6409361958503723,0.6408342719078064,0.9998409764603313,-0.00015902353334240615,0.00015902353334240615,-0.015902353334240615
Pythia_plus,109,MUR1.0_MUF1.0_PDF26131,pdf,6,1.05,1.37,0.6362332105636597,0.636353075504303,1.0001883978054793,0.00018839781114365906,0.00018839781114365906,0.018839781114365906
Pythia_plus,109,MUR1.0_MUF1.0_PDF26131,pdf,7,1.37,1.52,0.6330141425132751,0.6337711215019226,1.0011958326644046,0.001195832621306181,0.001195832621306181,0.1195832621306181
Pythia_plus,109,MUR1.0_MUF1.0_PDF26131,pdf,8,1.52,1.74,0.6609900593757629,0.6617603898048401,1.0011654190833137,0.0011654191184788942,0.0011654191184788942,0.11654191184788942
Pythia_plus,109,MUR1.0_MUF1.0_PDF26131,pdf,9,1.74,1.95,0.6475628614425659,0.6483547687530518,1.0012229041497558,0.0012229041894897819,0.0012229041894897819,0.12229041894897819
Pythia_plus,109,MUR1.0_MUF1.0_PDF26131,pdf,10,1.95,2.18,0.6217986941337585,0.6221221685409546,1.0005202236837225,0.0005202236934565008,0.0005202236934565008,0.05202236934565008
Pythia_plus,109,MUR1.0_MUF1.0_PDF26131,pdf,11,2.18,2.5,0.6207728385925293,0.6209418773651123,1.0002723037511858,0.00027230376144871116,0.00027230376144871116,0.027230376144871116
Pythia_plus,110,MUR1.0_MUF1.0_PDF26132,pdf,1,0.0,0.21,0.6547458171844482,0.6553397178649902,1.0009070705989325,0.000907070585526526,0.000907070585526526,0.0907070585526526
Pythia_plus,110,MUR1.0_MUF1.0_PDF26132,pdf,2,0.21,0.42,0.6447997093200684,0.645247757434845,1.0006948640148257,0.0006948640220798552,0.0006948640220798552,0.06948640220798552
Pythia_plus,110,MUR1.0_MUF1.0_PDF26132,pdf,3,0.42,0.63,0.6357879638671875,0.6361322999000549,1.0005415894172847,0.0005415893974713981,0.0005415893974713981,0.05415893974713981
Pythia_plus,110,MUR1.0_MUF1.0_PDF26132,pdf,4,0.63,0.84,0.6187161207199097,0.6192567944526672,1.0008738639816406,0.0008738639880903065,0.0008738639880903065,0.08738639880903065
Pythia_plus,110,MUR1.0_MUF1.0_PDF26132,pdf,5,0.84,1.05,0.6409361958503723,0.641607403755188,1.0010472304562628,0.0010472304420545697,0.0010472304420545697,0.10472304420545697
Pythia_plus,110,MUR1.0_MUF1.0_PDF26132,pdf,6,1.05,1.37,0.6362332105636597,0.636504590511322,1.0004265416252351,0.00042654163553379476,0.00042654163553379476,0.042654163553379476
Pythia_plus,110,MUR1.0_MUF1.0_PDF26132,pdf,7,1.37,1.52,0.6330141425132751,0.6343637108802795,1.0021319719045236,0.0021319719962775707,0.0021319719962775707,0.21319719962775707
Pythia_plus,110,MUR1.0_MUF1.0_PDF26132,pdf,8,1.52,1.74,0.6609900593757629,0.6614217758178711,1.00065313605853,0.0006531360559165478,0.0006531360559165478,0.06531360559165478
Pythia_plus,110,MUR1.0_MUF1.0_PDF26132,pdf,9,1.74,1.95,0.6475628614425659,0.648404061794281,1.0012990250086935,0.0012990250252187252,0.0012990250252187252,0.12990250252187252
Pythia_plus,110,MUR1.0_MUF1.0_PDF26132,pdf,10,1.95,2.18,0.6217986941337585,0.6218885183334351,1.0001444586495982,0.00014445865235757083,0.00014445865235757083,0.014445865235757083
Pythia_plus,110,MUR1.0_MUF1.0_PDF26132,pdf,11,2.18,2.5,0.6207728385925293,0.6194435954093933,0.9978587285066309,-0.00214127148501575,0.00214127148501575,-0.214127148501575
Pythia_plus,111,MUR1.0_MUF1.0_PDF26133,pdf,1,0.0,0.21,0.6547458171844482,0.6549707055091858,1.0003434742442565,0.0003434742393437773,0.0003434742393437773,0.03434742393437773
Pythia_plus,111,MUR1.0_MUF1.0_PDF26133,pdf,2,0.21,0.42,0.6447997093200684,0.644848644733429,1.0000758924246604,7.589242159156129e-05,7.589242159156129e-05,0.007589242159156129
Pythia_plus,111,MUR1.0_MUF1.0_PDF26133,pdf,3,0.42,0.63,0.6357879638671875,0.635817289352417,1.0000461246310028,4.612463089870289e-05,4.612463089870289e-05,0.004612463089870289
Pythia_plus,111,MUR1.0_MUF1.0_PDF26133,pdf,4,0.63,0.84,0.6187161207199097,0.6189591288566589,1.0003927619284698,0.0003927619254682213,0.0003927619254682213,0.03927619254682213
Pythia_plus,111,MUR1.0_MUF1.0_PDF26133,pdf,5,0.84,1.05,0.6409361958503723,0.6411331295967102,1.0003072595175821,0.00030725952819921076,0.00030725952819921076,0.030725952819921076
Pythia_plus,111,MUR1.0_MUF1.0_PDF26133,pdf,6,1.05,1.37,0.6362332105636597,0.6364088654518127,1.0002760856950512,0.0002760856878012419,0.0002760856878012419,0.027608568780124187
Pythia_plus,111,MUR1.0_MUF1.0_PDF26133,pdf,7,1.37,1.52,0.6330141425132751,0.6339777708053589,1.001522285565782,0.001522285514511168,0.001522285514511168,0.1522285514511168
Pythia_plus,111,MUR1.0_MUF1.0_PDF26133,pdf,8,1.52,1.74,0.6609900593757629,0.6616020202636719,1.0009258246462691,0.0009258246282115579,0.0009258246282115579,0.09258246282115579
Pythia_plus,111,MUR1.0_MUF1.0_PDF26133,pdf,9,1.74,1.95,0.6475628614425659,0.6483795046806335,1.001261102646079,0.0012611026177182794,0.0012611026177182794,0.12611026177182794
Pythia_plus,111,MUR1.0_MUF1.0_PDF26133,pdf,10,1.95,2.18,0.6217986941337585,0.6221293210983276,1.0005317266949711,0.0005317266914062202,0.0005317266914062202,0.05317266914062202
Pythia_plus,111,MUR1.0_MUF1.0_PDF26133,pdf,11,2.18,2.5,0.6207728385925293,0.6205707788467407,0.9996745029208322,-0.000325497065205127,0.000325497065205127,-0.0325497065205127
Pythia_plus,112,MUR0.5_MUF1.0_PDF13300,scale,1,0.0,0.21,0.6547458171844482,0.6547878980636597,1.0000642705582945,6.427055632229894e-05,6.427055632229894e-05,0.006427055632229894
Pythia_plus,112,MUR0.5_MUF1.0_PDF13300,scale,2,0.21,0.42,0.6447997093200684,0.6449614763259888,1.0002508794647116,0.0002508794714231044,0.0002508794714231044,0.02508794714231044
Pythia_plus,112,MUR0.5_MUF1.0_PDF13300,scale,3,0.42,0.63,0.6357879638671875,0.6358658075332642,1.000122436520508,0.00012243652599863708,0.00012243652599863708,0.012243652599863708
Pythia_plus,112,MUR0.5_MUF1.0_PDF13300,scale,4,0.63,0.84,0.6187161207199097,0.6188299655914307,1.000184001786455,0.00018400177941657603,0.00018400177941657603,0.018400177941657603
Pythia_plus,112,MUR0.5_MUF1.0_PDF13300,scale,5,0.84,1.05,0.6409361958503723,0.6410635113716125,1.000198639930253,0.00019863992929458618,0.00019863992929458618,0.019863992929458618
Pythia_plus,112,MUR0.5_MUF1.0_PDF13300,scale,6,1.05,1.37,0.6362332105636597,0.6363046765327454,1.000112326687603,0.00011232668475713581,0.00011232668475713581,0.01123266847571358
Pythia_plus,112,MUR0.5_MUF1.0_PDF13300,scale,7,1.37,1.52,0.6330141425132751,0.6332147121429443,1.000316848576041,0.000316848570946604,0.000316848570946604,0.0316848570946604
Pythia_plus,112,MUR0.5_MUF1.0_PDF13300,scale,8,1.52,1.74,0.6609900593757629,0.6611571907997131,1.0002528501322818,0.0002528501208871603,0.0002528501208871603,0.02528501208871603
Pythia_plus,112,MUR0.5_MUF1.0_PDF13300,scale,9,1.74,1.95,0.6475628614425659,0.647658109664917,1.0001470872219862,0.00014708722301293164,0.00014708722301293164,0.014708722301293164
Pythia_plus,112,MUR0.5_MUF1.0_PDF13300,scale,10,1.95,2.18,0.6217986941337585,0.6217349767684937,0.9998975273414595,-0.00010247265890939161,0.00010247265890939161,-0.010247265890939161
Pythia_plus,112,MUR0.5_MUF1.0_PDF13300,scale,11,2.18,2.5,0.6207728385925293,0.6208045482635498,1.0000510809575567,5.108095865580253e-05,5.108095865580253e-05,0.005108095865580253
Pythia_plus,113,MUR1.0_MUF1.0_PDF13311,pdf,1,0.0,0.21,0.6547458171844482,0.6547515988349915,1.0000088303741566,8.830374099488836e-06,8.830374099488836e-06,0.0008830374099488836
Pythia_plus,113,MUR1.0_MUF1.0_PDF13311,pdf,2,0.21,0.42,0.6447997093200684,0.6448127627372742,1.00002024414251,2.0244142433512025e-05,2.0244142433512025e-05,0.0020244142433512025
Pythia_plus,113,MUR1.0_MUF1.0_PDF13311,pdf,3,0.42,0.63,0.6357879638671875,0.635798990726471,1.0000173436112512,1.734361103444826e-05,1.734361103444826e-05,0.0017343611034448259
Pythia_plus,113,MUR1.0_MUF1.0_PDF13311,pdf,4,0.63,0.84,0.6187161207199097,0.6187062859535217,0.9999841045577146,-1.5895442629698664e-05,1.5895442629698664e-05,-0.0015895442629698664
Pythia_plus,113,MUR1.0_MUF1.0_PDF13311,pdf,5,0.84,1.05,0.6409361958503723,0.6409315466880798,0.9999927462946818,-7.2537054620624986e-06,7.2537054620624986e-06,-0.0007253705462062499
Pythia_plus,113,MUR1.0_MUF1.0_PDF13311,pdf,6,1.05,1.37,0.6362332105636597,0.636258602142334,1.0000399092317922,3.990923141827807e-05,3.990923141827807e-05,0.003990923141827807
Pythia_plus,113,MUR1.0_MUF1.0_PDF13311,pdf,7,1.37,1.52,0.6330141425132751,0.633004903793335,0.9999854051918912,-1.4594807907997165e-05,1.4594807907997165e-05,-0.0014594807907997165
Pythia_plus,113,MUR1.0_MUF1.0_PDF13311,pdf,8,1.52,1.74,0.6609900593757629,0.6609681844711304,0.9999669058493055,-3.3094151149271056e-05,3.3094151149271056e-05,-0.0033094151149271056
Pythia_plus,113,MUR1.0_MUF1.0_PDF13311,pdf,9,1.74,1.95,0.6475628614425659,0.6475567817687988,0.9999906114539158,-9.388546459376812e-06,9.388546459376812e-06,-0.0009388546459376812
Pythia_plus,113,MUR1.0_MUF1.0_PDF13311,pdf,10,1.95,2.18,0.6217986941337585,0.6218150854110718,1.000026361067445,2.6361067284597084e-05,2.6361067284597084e-05,0.0026361067284597084
Pythia_plus,113,MUR1.0_MUF1.0_PDF13311,pdf,11,2.18,2.5,0.6207728385925293,0.6207587718963623,0.999977340026347,-2.2659973183181137e-05,2.2659973183181137e-05,-0.0022659973183181137
Pythia_plus,114,MUR1.0_MUF1.0_PDF26134,pdf,1,0.0,0.21,0.6547458171844482,0.6551626920700073,1.000636697287127,0.00063669728115201,0.00063669728115201,0.063669728115201
Pythia_plus,114,MUR1.0_MUF1.0_PDF26134,pdf,2,0.21,0.42,0.6447997093200684,0.6450486779212952,1.0003861177317983,0.0003861177247017622,0.0003861177247017622,0.03861177247017622
Pythia_plus,114,MUR1.0_MUF1.0_PDF26134,pdf,3,0.42,0.63,0.6357879638671875,0.6359249353408813,1.0002154357765138,0.00021543577895499766,0.00021543577895499766,0.021543577895499766
Pythia_plus,114,MUR1.0_MUF1.0_PDF26134,pdf,4,0.63,0.84,0.6187161207199097,0.6191890239715576,1.0007643299338922,0.0007643299177289009,0.0007643299177289009,0.07643299177289009
Pythia_plus,114,MUR1.0_MUF1.0_PDF26134,pdf,5,0.84,1.05,0.6409361958503723,0.6414339542388916,1.00077661145016,0.000776611443143338,0.000776611443143338,0.0776611443143338
Pythia_plus,114,MUR1.0_MUF1.0_PDF26134,pdf,6,1.05,1.37,0.6362332105636597,0.6364845633506775,1.0003950639212862,0.0003950639220420271,0.0003950639220420271,0.03950639220420271
Pythia_plus,114,MUR1.0_MUF1.0_PDF26134,pdf,7,1.37,1.52,0.6330141425132751,0.6342962980270386,1.002025476885355,0.0020254768896847963,0.0020254768896847963,0.20254768896847963
Pythia_plus,114,MUR1.0_MUF1.0_PDF26134,pdf,8,1.52,1.74,0.6609900593757629,0.6615782380104065,1.0008898449020536,0.000889844901394099,0.000889844901394099,0.0889844901394099
Pythia_plus,114,MUR1.0_MUF1.0_PDF26134,pdf,9,1.74,1.95,0.6475628614425659,0.6484545469284058,1.0013769867590205,0.0013769867364317179,0.0013769867364317179,0.1376986736431718
Pythia_plus,114,MUR1.0_MUF1.0_PDF26134,pdf,10,1.95,2.18,0.6217986941337585,0.6218672394752502,1.0001102371911335,0.00011023718980140984,0.00011023718980140984,0.011023718980140984
Pythia_plus,114,MUR1.0_MUF1.0_PDF26134,pdf,11,2.18,2.5,0.6207728385925293,0.6195236444473267,0.9979876791194103,-0.0020123207941651344,0.0020123207941651344,-0.20123207941651344
Pythia_plus,115,MUR1.0_MUF1.0_PDF26135,pdf,1,0.0,0.21,0.6547458171844482,0.6549881100654602,1.0003700564015114,0.00037005639751441777,0.00037005639751441777,0.03700563975144178
Pythia_plus,115,MUR1.0_MUF1.0_PDF26135,pdf,2,0.21,0.42,0.6447997093200684,0.6448776125907898,1.0001208177820111,0.00012081778550054878,0.00012081778550054878,0.012081778550054878
Pythia_plus,115,MUR1.0_MUF1.0_PDF26135,pdf,3,0.42,0.63,0.6357879638671875,0.6358314156532288,1.0000683432032544,6.834320083726197e-05,6.834320083726197e-05,0.0068343200837261975
Pythia_plus,115,MUR1.0_MUF1.0_PDF26135,pdf,4,0.63,0.84,0.6187161207199097,0.6189941167831421,1.0004493111686001,0.00044931116281077266,0.00044931116281077266,0.044931116281077266
Pythia_plus,115,MUR1.0_MUF1.0_PDF26135,pdf,5,0.84,1.05,0.6409361958503723,0.6411893367767334,1.000394954954955,0.0003949549573007971,0.0003949549573007971,0.03949549573007971
Pythia_plus,115,MUR1.0_MUF1.0_PDF26135,pdf,6,1.05,1.37,0.6362332105636597,0.6364238858222961,1.0002996939730127,0.00029969398747198284,0.00029969398747198284,0.029969398747198284
Pythia_plus,115,MUR1.0_MUF1.0_PDF26135,pdf,7,1.37,1.52,0.6330141425132751,0.6340276598930359,1.0016010975295697,0.0016010975232347846,0.0016010975232347846,0.16010975232347846
Pythia_plus,115,MUR1.0_MUF1.0_PDF26135,pdf,8,1.52,1.74,0.6609900593757629,0.6615994572639465,1.000921947129975,0.0009219471248798072,0.0009219471248798072,0.09219471248798072
Pythia_plus,115,MUR1.0_MUF1.0_PDF26135,pdf,9,1.74,1.95,0.6475628614425659,0.64839106798172,1.0012789592925528,0.0012789593311026692,0.0012789593311026692,0.12789593311026692
Pythia_plus,115,MUR1.0_MUF1.0_PDF26135,pdf,10,1.95,2.18,0.6217986941337585,0.6220762133598328,1.0004463168364495,0.00044631684431806207,0.00044631684431806207,0.04463168443180621
Pythia_plus,115,MUR1.0_MUF1.0_PDF26135,pdf,11,2.18,2.5,0.6207728385925293,0.6203386187553406,0.9993005173387205,-0.000699482683558017,0.000699482683558017,-0.0699482683558017
Pythia_plus,116,MUR1.0_MUF1.0_PDF26136,pdf,1,0.0,0.21,0.6547458171844482,0.6552122235298157,1.0007123471935615,0.0007123472169041634,0.0007123472169041634,0.07123472169041634
Pythia_plus,116,MUR1.0_MUF1.0_PDF26136,pdf,2,0.21,0.42,0.6447997093200684,0.6450803279876709,1.0004352028444592,0.00043520284816622734,0.00043520284816622734,0.043520284816622734
Pythia_plus,116,MUR1.0_MUF1.0_PDF26136,pdf,3,0.42,0.63,0.6357879638671875,0.6359564661979675,1.000265029129767,0.00026502914261072874,0.00026502914261072874,0.026502914261072874
Pythia_plus,116,MUR1.0_MUF1.0_PDF26136,pdf,4,0.63,0.84,0.6187161207199097,0.6192156672477722,1.0008073921320837,0.0008073921198956668,0.0008073921198956668,0.08073921198956668
Pythia_plus,116,MUR1.0_MUF1.0_PDF26136,pdf,5,0.84,1.05,0.6409361958503723,0.6414429545402527,1.0007906538796862,0.0007906538667157292,0.0007906538667157292,0.07906538667157292
Pythia_plus,116,MUR1.0_MUF1.0_PDF26136,pdf,6,1.05,1.37,0.6362332105636597,0.636485755443573,1.0003969375941404,0.0003969375975430012,0.0003969375975430012,0.03969375975430012
Pythia_plus,116,MUR1.0_MUF1.0_PDF26136,pdf,7,1.37,1.52,0.6330141425132751,0.6343457102775574,1.0021035355687244,0.002103535458445549,0.002103535458445549,0.2103535458445549
Pythia_plus,116,MUR1.0_MUF1.0_PDF26136,pdf,8,1.52,1.74,0.6609900593757629,0.6616200804710388,1.0009531476099216,0.000953147595282644,0.000953147595282644,0.0953147595282644
Pythia_plus,116,MUR1.0_MUF1.0_PDF26136,pdf,9,1.74,1.95,0.6475628614425659,0.6484763622283936,1.0014106750714404,0.001410675118677318,0.001410675118677318,0.1410675118677318
Pythia_plus,116,MUR1.0_MUF1.0_PDF26136,pdf,10,1.95,2.18,0.6217986941337585,0.6218817830085754,1.000133626647339,0.0001336266432190314,0.0001336266432190314,0.01336266432190314
Pythia_plus,116,MUR1.0_MUF1.0_PDF26136,pdf,11,2.18,2.5,0.6207728385925293,0.6197227239608765,0.9983083753567026,-0.0016916246386244893,0.0016916246386244893,-0.16916246386244893
Pythia_plus,117,MUR1.0_MUF1.0_PDF26137,pdf,1,0.0,0.21,0.6547458171844482,0.6550381183624268,1.000446434586227,0.00044643459841609,0.00044643459841609,0.044643459841609
Pythia_plus,117,MUR1.0_MUF1.0_PDF26137,pdf,2,0.21,0.42,0.6447997093200684,0.6449043154716492,1.0001622304570998,0.00016223045531660318,0.00016223045531660318,0.01622304553166032
Pythia_plus,117,MUR1.0_MUF1.0_PDF26137,pdf,3,0.42,0.63,0.6357879638671875,0.635856032371521,1.0001070616435068,0.00010706164175644517,0.00010706164175644517,0.010706164175644517
Pythia_plus,117,MUR1.0_MUF1.0_PDF26137,pdf,4,0.63,0.84,0.6187161207199097,0.6190356016159058,1.0005163610342402,0.0005163610330782831,0.0005163610330782831,0.05163610330782831
Pythia_plus,117,MUR1.0_MUF1.0_PDF26137,pdf,5,0.84,1.05,0.6409361958503723,0.6412338018417358,1.0004643301365883,0.00046433013631030917,0.00046433013631030917,0.04643301363103092
Pythia_plus,117,MUR1.0_MUF1.0_PDF26137,pdf,6,1.05,1.37,0.6362332105636597,0.63644939661026,1.0003397905720903,0.0003397905675228685,0.0003397905675228685,0.03397905675228685
Pythia_plus,117,MUR1.0_MUF1.0_PDF26137,pdf,7,1.37,1.52,0.6330141425132751,0.6341301202774048,1.0017629586594998,0.0017629587091505527,0.0017629587091505527,0.17629587091505527
Pythia_plus,117,MUR1.0_MUF1.0_PDF26137,pdf,8,1.52,1.74,0.6609900593757629,0.6616431474685669,1.0009880452565667,0.0009880452416837215,0.0009880452416837215,0.09880452416837215
Pythia_plus,117,MUR1.0_MUF1.0_PDF26137,pdf,9,1.74,1.95,0.6475628614425659,0.6484819650650024,1.001419327260969,0.0014193272218108177,0.0014193272218108177,0.14193272218108177
Pythia_plus,117,MUR1.0_MUF1.0_PDF26137,pdf,10,1.95,2.18,0.6217986941337585,0.622128427028656,1.000530288818565,0.0005302888457663357,0.0005302888457663357,0.05302888457663357
Pythia_plus,117,MUR1.0_MUF1.0_PDF26137,pdf,11,2.18,2.5,0.6207728385925293,0.620360791683197,0.9993362356022752,-0.0006637644255533814,0.0006637644255533814,-0.06637644255533814
Pythia_plus,118,MUR1.0_MUF1.0_PDF26138,pdf,1,0.0,0.21,0.6547458171844482,0.6550557017326355,1.0004732898478372,0.000473289837827906,0.000473289837827906,0.0473289837827906
Pythia_plus,118,MUR1.0_MUF1.0_PDF26138,pdf,2,0.21,0.42,0.6447997093200684,0.6449486017227173,1.0002309126392224,0.00023091264301910996,0.00023091264301910996,0.023091264301910996
Pythia_plus,118,MUR1.0_MUF1.0_PDF26138,pdf,3,0.42,0.63,0.6357879638671875,0.6358671188354492,1.000124499004008,0.00012449899804778397,0.00012449899804778397,0.012449899804778397
Pythia_plus,118,MUR1.0_MUF1.0_PDF26138,pdf,4,0.63,0.84,0.6187161207199097,0.6190683245658875,1.0005692495058445,0.0005692495033144951,0.0005692495033144951,0.05692495033144951
Pythia_plus,118,MUR1.0_MUF1.0_PDF26138,pdf,5,0.84,1.05,0.6409361958503723,0.6412811279296875,1.0005381691368789,0.0005381691153161228,0.0005381691153161228,0.05381691153161228
Pythia_plus,118,MUR1.0_MUF1.0_PDF26138,pdf,6,1.05,1.37,0.6362332105636597,0.6364412903785706,1.0003270495966825,0.00032704960904084146,0.00032704960904084146,0.032704960904084146
Pythia_plus,118,MUR1.0_MUF1.0_PDF26138,pdf,7,1.37,1.52,0.6330141425132751,0.6341058611869812,1.0017246355182075,0.0017246354836970568,0.0017246354836970568,0.17246354836970568
Pythia_plus,118,MUR1.0_MUF1.0_PDF26138,pdf,8,1.52,1.74,0.6609900593757629,0.6615695357322693,1.0008766793816137,0.0008766793762333691,0.0008766793762333691,0.08766793762333691
Pythia_plus,118,MUR1.0_MUF1.0_PDF26138,pdf,9,1.74,1.95,0.6475628614425659,0.6483796238899231,1.0012612867352177,0.0012612867867574096,0.0012612867867574096,0.12612867867574096
Pythia_plus,118,MUR1.0_MUF1.0_PDF26138,pdf,10,1.95,2.18,0.6217986941337585,0.6219688653945923,1.000273675809292,0.00027367580332793295,0.00027367580332793295,0.027367580332793295
Pythia_plus,118,MUR1.0_MUF1.0_PDF26138,pdf,11,2.18,2.5,0.6207728385925293,0.6199966073036194,0.998749572725073,-0.0012504273327067494,0.0012504273327067494,-0.12504273327067494
Pythia_plus,119,MUR1.0_MUF1.0_PDF26139,pdf,1,0.0,0.21,0.6547458171844482,0.6550962328910828,1.0005351935017186,0.0005351934814825654,0.0005351934814825654,0.05351934814825654
Pythia_plus,119,MUR1.0_MUF1.0_PDF26139,pdf,2,0.21,0.42,0.6447997093200684,0.6452253460884094,1.0006601069482335,0.0006601069471798837,0.0006601069471798837,0.06601069471798837
Pythia_plus,119,MUR1.0_MUF1.0_PDF26139,pdf,3,0.42,0.63,0.6357879638671875,0.6361268758773804,1.000533058235534,0.0005330582498572767,0.0005330582498572767,0.05330582498572767
Pythia_plus,119,MUR1.0_MUF1.0_PDF26139,pdf,4,0.63,0.84,0.6187161207199097,0.6191590428352356,1.0007158729189254,0.000715872913133353,0.000715872913133353,0.0715872913133353
Pythia_plus,119,MUR1.0_MUF1.0_PDF26139,pdf,5,0.84,1.05,0.6409361958503723,0.6416649222373962,1.0011369718105203,0.0011369717540219426,0.0011369717540219426,0.11369717540219426
Pythia_plus,119,MUR1.0_MUF1.0_PDF26139,pdf,6,1.05,1.37,0.6362332105636597,0.6364803910255432,1.000388506066297,0.00038850607234053314,0.00038850607234053314,0.038850607234053314
Pythia_plus,119,MUR1.0_MUF1.0_PDF26139,pdf,7,1.37,1.52,0.6330141425132751,0.6342101097106934,1.001889321449707,0.0018893214873969555,0.0018893214873969555,0.18893214873969555
Pythia_plus,119,MUR1.0_MUF1.0_PDF26139,pdf,8,1.52,1.74,0.6609900593757629,0.6613196730613708,1.0004986666303564,0.0004986666026525199,0.0004986666026525199,0.049866660265251994
Pythia_plus,119,MUR1.0_MUF1.0_PDF26139,pdf,9,1.74,1.95,0.6475628614425659,0.6482381224632263,1.0010427729273357,0.0010427728993818164,0.0010427728993818164,0.10427728993818164
Pythia_plus,119,MUR1.0_MUF1.0_PDF26139,pdf,10,1.95,2.18,0.6217986941337585,0.6217836141586304,0.9999757478179506,-2.4252181901829317e-05,2.4252181901829317e-05,-0.0024252181901829317
Pythia_plus,119,MUR1.0_MUF1.0_PDF26139,pdf,11,2.18,2.5,0.6207728385925293,0.6183965802192688,0.9961720967388842,-0.003827903186902404,0.003827903186902404,-0.3827903186902404
Pythia_plus,120,MUR1.0_MUF1.0_PDF26140,pdf,1,0.0,0.21,0.6547458171844482,0.6549671292304993,1.0003380121571492,0.00033801214885897934,0.00033801214885897934,0.033801214885897934
Pythia_plus,120,MUR1.0_MUF1.0_PDF26140,pdf,2,0.21,0.42,0.6447997093200684,0.644626796245575,0.9997318344409991,-0.0002681655460037291,0.0002681655460037291,-0.02681655460037291
Pythia_plus,120,MUR1.0_MUF1.0_PDF26140,pdf,3,0.42,0.63,0.6357879638671875,0.6356405019760132,0.9997680643554852,-0.00023193564265966415,0.00023193564265966415,-0.023193564265966415
Pythia_plus,120,MUR1.0_MUF1.0_PDF26140,pdf,4,0.63,0.84,0.6187161207199097,0.6188508868217468,1.0002178157273167,0.00021781573013868183,0.00021781573013868183,0.021781573013868183
Pythia_plus,120,MUR1.0_MUF1.0_PDF26140,pdf,5,0.84,1.05,0.6409361958503723,0.6407783031463623,0.9997536530078466,-0.000246346986386925,0.000246346986386925,-0.024634698638692498
Pythia_plus,120,MUR1.0_MUF1.0_PDF26140,pdf,6,1.05,1.37,0.6362332105636597,0.6363656520843506,1.0002081650540902,0.00020816506003029644,0.00020816506003029644,0.020816506003029644
Pythia_plus,120,MUR1.0_MUF1.0_PDF26140,pdf,7,1.37,1.52,0.6330141425132751,0.6337491869926453,1.0011611817651527,0.0011611817171797156,0.0011611817171797156,0.11611817171797156
Pythia_plus,120,MUR1.0_MUF1.0_PDF26140,pdf,8,1.52,1.74,0.6609900593757629,0.661647617816925,1.0009948083663815,0.0009948083898052573,0.0009948083898052573,0.09948083898052573
Pythia_plus,120,MUR1.0_MUF1.0_PDF26140,pdf,9,1.74,1.95,0.6475628614425659,0.6482697129249573,1.001091556549146,0.0010915565071627498,0.0010915565071627498,0.10915565071627498
Pythia_plus,120,MUR1.0_MUF1.0_PDF26140,pdf,10,1.95,2.18,0.6217986941337585,0.6221243143081665,1.0005236745870971,0.0005236745928414166,0.0005236745928414166,0.05236745928414166
Pythia_plus,120,MUR1.0_MUF1.0_PDF26140,pdf,11,2.18,2.5,0.6207728385925293,0.6220449805259705,1.002049287363032,0.0020492873154580593,0.0020492873154580593,0.20492873154580593
Pythia_plus,121,MUR1.0_MUF1.0_PDF26141,pdf,1,0.0,0.21,0.6547458171844482,0.6549619436264038,1.000330092130844,0.0003300921234767884,0.0003300921234767884,0.03300921234767884
Pythia_plus,121,MUR1.0_MUF1.0_PDF26141,pdf,2,0.21,0.42,0.6447997093200684,0.6448454260826111,1.000070900718288,7.090072176652029e-05,7.090072176652029e-05,0.007090072176652029
Pythia_plus,121,MUR1.0_MUF1.0_PDF26141,pdf,3,0.42,0.63,0.6357879638671875,0.6359545588493347,1.0002620291537667,0.0002620291488710791,0.0002620291488710791,0.02620291488710791
Pythia_plus,121,MUR1.0_MUF1.0_PDF26141,pdf,4,0.63,0.84,0.6187161207199097,0.6187471151351929,1.0000500947272024,5.009472806705162e-05,5.009472806705162e-05,0.005009472806705162
Pythia_plus,121,MUR1.0_MUF1.0_PDF26141,pdf,5,0.84,1.05,0.6409361958503723,0.6409380435943604,1.0000028828828829,2.8828828817495378e-06,2.8828828817495378e-06,0.0002882882881749538
Pythia_plus,121,MUR1.0_MUF1.0_PDF26141,pdf,6,1.05,1.37,0.6362332105636597,0.6363418102264404,1.000170691597008,0.00017069159366656095,0.00017069159366656095,0.017069159366656095
Pythia_plus,121,MUR1.0_MUF1.0_PDF26141,pdf,7,1.37,1.52,0.6330141425132751,0.6336533427238464,1.0010097724010296,0.0010097724152728915,0.0010097724152728915,0.10097724152728915
Pythia_plus,121,MUR1.0_MUF1.0_PDF26141,pdf,8,1.52,1.74,0.6609900593757629,0.6614739894866943,1.0007321291811686,0.0007321292068809271,0.0007321292068809271,0.07321292068809271
Pythia_plus,121,MUR1.0_MUF1.0_PDF26141,pdf,9,1.74,1.95,0.6475628614425659,0.6483244895935059,1.0011761455084736,0.0011761455098167062,0.0011761455098167062,0.11761455098167062
Pythia_plus,121,MUR1.0_MUF1.0_PDF26141,pdf,10,1.95,2.18,0.6217986941337585,0.6225614547729492,1.0012267002912467,0.0012267002603039145,0.0012267002603039145,0.12267002603039145
Pythia_plus,121,MUR1.0_MUF1.0_PDF26141,pdf,11,2.18,2.5,0.6207728385925293,0.6220901608467102,1.0021220681258665,0.002122068079188466,0.002122068079188466,0.2122068079188466
Pythia_plus,122,MUR1.0_MUF1.0_PDF26142,pdf,1,0.0,0.21,0.6547458171844482,0.6550197601318359,1.00041839587241,0.0004183958808425814,0.0004183958808425814,0.04183958808425814
Pythia_plus,122,MUR1.0_MUF1.0_PDF26142,pdf,2,0.21,0.42,0.6447997093200684,0.6450332403182983,1.0003621760290125,0.00036217604065313935,0.00036217604065313935,0.036217604065313935
Pythia_plus,122,MUR1.0_MUF1.0_PDF26142,pdf,3,0.42,0.63,0.6357879638671875,0.6359440684318542,1.0002455292857657,0.0002455292851664126,0.0002455292851664126,0.02455292851664126
Pythia_plus,122,MUR1.0_MUF1.0_PDF26142,pdf,4,0.63,0.84,0.6187161207199097,0.6189910173416138,1.00044430169588,0.0004443016950972378,0.0004443016950972378,0.04443016950972378
Pythia_plus,122,MUR1.0_MUF1.0_PDF26142,pdf,5,0.84,1.05,0.6409361958503723,0.6413222551345825,1.0006023365300785,0.0006023365422151983,0.0006023365422151983,0.06023365422151983
Pythia_plus,122,MUR1.0_MUF1.0_PDF26142,pdf,6,1.05,1.37,0.6362332105636597,0.6363595724105835,1.0001986093225341,0.00019860932661686093,0.00019860932661686093,0.019860932661686093
Pythia_plus,122,MUR1.0_MUF1.0_PDF26142,pdf,7,1.37,1.52,0.6330141425132751,0.6337153911590576,1.0011077930154897,0.0011077930685132742,0.0011077930685132742,0.11077930685132742
Pythia_plus,122,MUR1.0_MUF1.0_PDF26142,pdf,8,1.52,1.74,0.6609900593757629,0.6610810160636902,1.000137606741035,0.000137606737553142,0.000137606737553142,0.013760673755314201
Pythia_plus,122,MUR1.0_MUF1.0_PDF26142,pdf,9,1.74,1.95,0.6475628614425659,0.6477321982383728,1.0002614986218166,0.0002614986151456833,0.0002614986151456833,0.02614986151456833
Pythia_plus,122,MUR1.0_MUF1.0_PDF26142,pdf,10,1.95,2.18,0.6217986941337585,0.6214990615844727,0.9995181196871066,-0.0004818802990484983,0.0004818802990484983,-0.04818802990484983
Pythia_plus,122,MUR1.0_MUF1.0_PDF26142,pdf,11,2.18,2.5,0.6207728385925293,0.6191191673278809,0.9973361088600498,-0.00266389106400311,0.00266389106400311,-0.266389106400311
Pythia_plus,123,MUR1.0_MUF1.0_PDF26143,pdf,1,0.0,0.21,0.6547458171844482,0.6551962494850159,1.0006879498711494,0.0006879498832859099,0.0006879498832859099,0.06879498832859099
Pythia_plus,123,MUR1.0_MUF1.0_PDF26143,pdf,2,0.21,0.42,0.6447997093200684,0.6450615525245667,1.0004060845572873,0.00040608455310575664,0.00040608455310575664,0.040608455310575664
Pythia_plus,123,MUR1.0_MUF1.0_PDF26143,pdf,3,0.42,0.63,0.6357879638671875,0.6358986496925354,1.000174092357261,0.00017409236170351505,0.00017409236170351505,0.017409236170351505
Pythia_plus,123,MUR1.0_MUF1.0_PDF26143,pdf,4,0.63,0.84,0.6187161207199097,0.6192275285720825,1.00082656299884,0.0008265629876405001,0.0008265629876405001,0.08265629876405
Pythia_plus,123,MUR1.0_MUF1.0_PDF26143,pdf,5,0.84,1.05,0.6409361958503723,0.6414383053779602,1.0007834001743678,0.0007834002026356757,0.0007834002026356757,0.07834002026356757
Pythia_plus,123,MUR1.0_MUF1.0_PDF26143,pdf,6,1.05,1.37,0.6362332105636597,0.6364817023277283,1.0003905671064364,0.00039056711830198765,0.00039056711830198765,0.039056711830198765
Pythia_plus,123,MUR1.0_MUF1.0_PDF26143,pdf,7,1.37,1.52,0.6330141425132751,0.6342073082923889,1.0018848959272482,0.0018848959589377046,0.0018848959589377046,0.18848959589377046
Pythia_plus,123,MUR1.0_MUF1.0_PDF26143,pdf,8,1.52,1.74,0.6609900593757629,0.6614632606506348,1.0007158977176127,0.0007158977095969021,0.0007158977095969021,0.07158977095969021
Pythia_plus,123,MUR1.0_MUF1.0_PDF26143,pdf,9,1.74,1.95,0.6475628614425659,0.6482072472572327,1.000995093840359,0.000995093840174377,0.000995093840174377,0.0995093840174377
Pythia_plus,123,MUR1.0_MUF1.0_PDF26143,pdf,10,1.95,2.18,0.6217986941337585,0.6215129494667053,0.9995404547006145,-0.0004595452919602394,0.0004595452919602394,-0.04595452919602394
Pythia_plus,123,MUR1.0_MUF1.0_PDF26143,pdf,11,2.18,2.5,0.6207728385925293,0.6193736791610718,0.9977461007562286,-0.0022538993507623672,0.0022538993507623672,-0.22538993507623672
Pythia_plus,124,MUR1.0_MUF1.0_PDF13312,pdf,1,0.0,0.21,0.6547458171844482,0.6547496914863586,1.0000059172610327,5.917261205468094e-06,5.917261205468094e-06,0.0005917261205468094
Pythia_plus,124,MUR1.0_MUF1.0_PDF13312,pdf,2,0.21,0.42,0.6447997093200684,0.6448138952255249,1.0000220004836409,2.2000484023010358e-05,2.2000484023010358e-05,0.002200048402301036
Pythia_plus,124,MUR1.0_MUF1.0_PDF13312,pdf,3,0.42,0.63,0.6357879638671875,0.63579922914505,1.000017718608251,1.7718608432915062e-05,1.7718608432915062e-05,0.0017718608432915062
Pythia_plus,124,MUR1.0_MUF1.0_PDF13312,pdf,4,0.63,0.84,0.6187161207199097,0.6187043786048889,0.9999810218052714,-1.8978194930241443e-05,1.8978194930241443e-05,-0.0018978194930241443
Pythia_plus,124,MUR1.0_MUF1.0_PDF13312,pdf,5,0.84,1.05,0.6409361958503723,0.6409323215484619,0.9999939552455681,-6.044754627509974e-06,6.044754627509974e-06,-0.0006044754627509974
Pythia_plus,124,MUR1.0_MUF1.0_PDF13312,pdf,6,1.05,1.37,0.6362332105636597,0.6362583637237549,1.0000395344972215,3.953449777327478e-05,3.953449777327478e-05,0.003953449777327478
Pythia_plus,124,MUR1.0_MUF1.0_PDF13312,pdf,7,1.37,1.52,0.6330141425132751,0.6330041289329529,0.999984181111211,-1.5818888641661033e-05,1.5818888641661033e-05,-0.0015818888641661033
Pythia_plus,124,MUR1.0_MUF1.0_PDF13312,pdf,8,1.52,1.74,0.6609900593757629,0.6609674692153931,0.999965823751735,-3.417624975554645e-05,3.417624975554645e-05,-0.003417624975554645
Pythia_plus,124,MUR1.0_MUF1.0_PDF13312,pdf,9,1.74,1.95,0.6475628614425659,0.6475567817687988,0.9999906114539158,-9.388546459376812e-06,9.388546459376812e-06,-0.0009388546459376812
Pythia_plus,124,MUR1.0_MUF1.0_PDF13312,pdf,10,1.95,2.18,0.6217986941337585,0.6218170523643494,1.0000295243955384,2.9524395358748734e-05,2.9524395358748734e-05,0.0029524395358748734
Pythia_plus,124,MUR1.0_MUF1.0_PDF13312,pdf,11,2.18,2.5,0.6207728385925293,0.6207572221755981,0.9999748435885717,-2.515641062927898e-05,2.515641062927898e-05,-0.002515641062927898
Pythia_plus,125,MUR1.0_MUF1.0_PDF26144,pdf,1,0.0,0.21,0.6547458171844482,0.6548811197280884,1.0002066489622217,0.00020664896874222904,0.00020664896874222904,0.020664896874222904
Pythia_plus,125,MUR1.0_MUF1.0_PDF26144,pdf,2,0.21,0.42,0.6447997093200684,0.645033061504364,1.0003618987119918,0.00036189871025271714,0.00036189871025271714,0.036189871025271714
Pythia_plus,125,MUR1.0_MUF1.0_PDF26144,pdf,3,0.42,0.63,0.6357879638671875,0.6361533999443054,1.0005747766517867,0.0005747766699641943,0.0005747766699641943,0.05747766699641943
Pythia_plus,125,MUR1.0_MUF1.0_PDF26144,pdf,4,0.63,0.84,0.6187161207199097,0.6187173128128052,1.000001926720277,1.926720187839237e-06,1.926720187839237e-06,0.0001926720187839237
Pythia_plus,125,MUR1.0_MUF1.0_PDF26144,pdf,5,0.84,1.05,0.6409361958503723,0.6412354707717896,1.000466934030805,0.0004669340269174427,0.0004669340269174427,0.04669340269174427
Pythia_plus,125,MUR1.0_MUF1.0_PDF26144,pdf,6,1.05,1.37,0.6362332105636597,0.6363160014152527,1.000130126579717,0.0001301265729125589,0.0001301265729125589,0.013012657291255891
Pythia_plus,125,MUR1.0_MUF1.0_PDF26144,pdf,7,1.37,1.52,0.6330141425132751,0.6336315870285034,1.0009754039819345,0.0009754039929248393,0.0009754039929248393,0.09754039929248393
Pythia_plus,125,MUR1.0_MUF1.0_PDF26144,pdf,8,1.52,1.74,0.6609900593757629,0.6611958742141724,1.0003113735758806,0.0003113735874649137,0.0003113735874649137,0.031137358746491373
Pythia_plus,125,MUR1.0_MUF1.0_PDF26144,pdf,9,1.74,1.95,0.6475628614425659,0.6482323408126831,1.0010338446040987,0.0010338446591049433,0.0010338446591049433,0.10338446591049433
Pythia_plus,125,MUR1.0_MUF1.0_PDF26144,pdf,10,1.95,2.18,0.6217986941337585,0.6226328611373901,1.0013415386868796,0.0013415387365967035,0.0013415387365967035,0.13415387365967035
Pythia_plus,125,MUR1.0_MUF1.0_PDF26144,pdf,11,2.18,2.5,0.6207728385925293,0.620305597782135,0.9992473240107386,-0.0007526759873144329,0.0007526759873144329,-0.07526759873144329
Pythia_plus,126,MUR1.0_MUF1.0_PDF26145,pdf,1,0.0,0.21,0.6547458171844482,0.6549959182739258,1.0003819819583621,0.0003819819539785385,0.0003819819539785385,0.03819819539785385
Pythia_plus,126,MUR1.0_MUF1.0_PDF26145,pdf,2,0.21,0.42,0.6447997093200684,0.6452301740646362,1.0006675945077919,0.0006675944896414876,0.0006675944896414876,0.06675944896414876
Pythia_plus,126,MUR1.0_MUF1.0_PDF26145,pdf,3,0.42,0.63,0.6357879638671875,0.6363731622695923,1.0009204301365588,0.0009204301168210804,0.0009204301168210804,0.09204301168210804
Pythia_plus,126,MUR1.0_MUF1.0_PDF26145,pdf,4,0.63,0.84,0.6187161207199097,0.6184241771697998,0.9995281462041588,-0.00047185379662550986,0.00047185379662550986,-0.047185379662550986
Pythia_plus,126,MUR1.0_MUF1.0_PDF26145,pdf,5,0.84,1.05,0.6409361958503723,0.6409698724746704,1.000052542865446,5.254286588751711e-05,5.254286588751711e-05,0.005254286588751711
Pythia_plus,126,MUR1.0_MUF1.0_PDF26145,pdf,6,1.05,1.37,0.6362332105636597,0.6360120177268982,0.9996523400019224,-0.00034766001044772565,0.00034766001044772565,-0.034766001044772565
Pythia_plus,126,MUR1.0_MUF1.0_PDF26145,pdf,7,1.37,1.52,0.6330141425132751,0.6324302554130554,0.9990776081275191,-0.000922391889616847,0.000922391889616847,-0.0922391889616847
Pythia_plus,126,MUR1.0_MUF1.0_PDF26145,pdf,8,1.52,1.74,0.6609900593757629,0.6600651144981384,0.9986006674918863,-0.0013993325410410762,0.0013993325410410762,-0.13993325410410762
Pythia_plus,126,MUR1.0_MUF1.0_PDF26145,pdf,9,1.74,1.95,0.6475628614425659,0.6469065546989441,0.9989864972457504,-0.001013502711430192,0.001013502711430192,-0.1013502711430192
Pythia_plus,126,MUR1.0_MUF1.0_PDF26145,pdf,10,1.95,2.18,0.6217986941337585,0.622161865234375,1.0005840653961526,0.0005840653902851045,0.0005840653902851045,0.05840653902851045
Pythia_plus,126,MUR1.0_MUF1.0_PDF26145,pdf,11,2.18,2.5,0.6207728385925293,0.6210089921951294,1.000380418710225,0.000380418699933216,0.000380418699933216,0.0380418699933216
Pythia_plus,127,MUR1.0_MUF1.0_PDF26146,pdf,1,0.0,0.21,0.6547458171844482,0.6549233794212341,1.0002711926248715,0.000271192635409534,0.000271192635409534,0.027119263540953398
Pythia_plus,127,MUR1.0_MUF1.0_PDF26146,pdf,2,0.21,0.42,0.6447997093200684,0.6445803642272949,0.9996598244546283,-0.0003401755529921502,0.0003401755529921502,-0.03401755529921502
Pythia_plus,127,MUR1.0_MUF1.0_PDF26146,pdf,3,0.42,0.63,0.6357879638671875,0.6354750990867615,0.9995079101867185,-0.0004920898354612291,0.0004920898354612291,-0.04920898354612291
Pythia_plus,127,MUR1.0_MUF1.0_PDF26146,pdf,4,0.63,0.84,0.6187161207199097,0.619186520576477,1.0007602838213105,0.0007602838450111449,0.0007602838450111449,0.07602838450111449
Pythia_plus,127,MUR1.0_MUF1.0_PDF26146,pdf,5,0.84,1.05,0.6409361958503723,0.641086995601654,1.000235280441732,0.00023528044403064996,0.00023528044403064996,0.023528044403064996
Pythia_plus,127,MUR1.0_MUF1.0_PDF26146,pdf,6,1.05,1.37,0.6362332105636597,0.6365246176719666,1.0004580193291839,0.00045801931992173195,0.00045801931992173195,0.045801931992173195
Pythia_plus,127,MUR1.0_MUF1.0_PDF26146,pdf,7,1.37,1.52,0.6330141425132751,0.6352535486221313,1.003537687325539,0.0035376872401684523,0.0035376872401684523,0.3537687240168452
Pythia_plus,127,MUR1.0_MUF1.0_PDF26146,pdf,8,1.52,1.74,0.6609900593757629,0.6635680198669434,1.0039001501680904,0.0039001500699669123,0.0039001500699669123,0.3900150069966912
Pythia_plus,127,MUR1.0_MUF1.0_PDF26146,pdf,9,1.74,1.95,0.6475628614425659,0.6522125601768494,1.007180304818478,0.007180304732173681,0.007180304732173681,0.7180304732173681
Pythia_plus,127,MUR1.0_MUF1.0_PDF26146,pdf,10,1.95,2.18,0.6217986941337585,0.6230741739273071,1.0020512744809242,0.002051274525001645,0.002051274525001645,0.2051274525001645
Pythia_plus,127,MUR1.0_MUF1.0_PDF26146,pdf,11,2.18,2.5,0.6207728385925293,0.6210687756538391,1.0004767235982501,0.0004767235950566828,0.0004767235950566828,0.04767235950566828
Pythia_plus,128,MUR1.0_MUF1.0_PDF26147,pdf,1,0.0,0.21,0.6547458171844482,0.6550909876823425,1.000527182440628,0.0005271824193187058,0.0005271824193187058,0.05271824193187058
Pythia_plus,128,MUR1.0_MUF1.0_PDF26147,pdf,2,0.21,0.42,0.6447997093200684,0.6447683572769165,0.9999513770823735,-4.862291825702414e-05,4.862291825702414e-05,-0.004862291825702414
Pythia_plus,128,MUR1.0_MUF1.0_PDF26147,pdf,3,0.42,0.63,0.6357879638671875,0.6357195377349854,0.9998923758609931,-0.00010762413876364008,0.00010762413876364008,-0.010762413876364008
Pythia_plus,128,MUR1.0_MUF1.0_PDF26147,pdf,4,0.63,0.84,0.6187161207199097,0.6191260814666748,1.0006625991032658,0.0006625991081818938,0.0006625991081818938,0.06625991081818938
Pythia_plus,128,MUR1.0_MUF1.0_PDF26147,pdf,5,0.84,1.05,0.6409361958503723,0.6413611769676208,1.000663063063063,0.0006630630814470351,0.0006630630814470351,0.06630630814470351
Pythia_plus,128,MUR1.0_MUF1.0_PDF26147,pdf,6,1.05,1.37,0.6362332105636597,0.6366010904312134,1.0005782154427743,0.0005782154621556401,0.0005782154621556401,0.05782154621556401
Pythia_plus,128,MUR1.0_MUF1.0_PDF26147,pdf,7,1.37,1.52,0.6330141425132751,0.6343641877174377,1.0021327251849421,0.002132725203409791,0.002132725203409791,0.2132725203409791
Pythia_plus,128,MUR1.0_MUF1.0_PDF26147,pdf,8,1.52,1.74,0.6609900593757629,0.6615718603134155,1.0008801961987175,0.0008801962248980999,0.0008801962248980999,0.08801962248980999
Pythia_plus,128,MUR1.0_MUF1.0_PDF26147,pdf,9,1.74,1.95,0.6475628614425659,0.6486691832542419,1.0017084392536217,0.0017084392020478845,0.0017084392020478845,0.17084392020478845
Pythia_plus,128,MUR1.0_MUF1.0_PDF26147,pdf,10,1.95,2.18,0.6217986941337585,0.6220526695251465,1.000408452757756,0.0004084527608938515,0.0004084527608938515,0.04084527608938515
Pythia_plus,128,MUR1.0_MUF1.0_PDF26147,pdf,11,2.18,2.5,0.6207728385925293,0.6197637319564819,0.9983744349409113,-0.0016255651134997606,0.0016255651134997606,-0.16255651134997606
Pythia_plus,129,MUR1.0_MUF1.0_PDF26148,pdf,1,0.0,0.21,0.6547458171844482,0.6544971466064453,0.9996202028764807,-0.0003797971294261515,0.0003797971294261515,-0.03797971294261515
Pythia_plus,129,MUR1.0_MUF1.0_PDF26148,pdf,2,0.21,0.42,0.6447997093200684,0.6446604132652283,0.9997839700408876,-0.00021602996275760233,0.00021602996275760233,-0.021602996275760233
Pythia_plus,129,MUR1.0_MUF1.0_PDF26148,pdf,3,0.42,0.63,0.6357879638671875,0.6357702612876892,0.9999721564727482,-2.7843527277582325e-05,2.7843527277582325e-05,-0.0027843527277582325
Pythia_plus,129,MUR1.0_MUF1.0_PDF26148,pdf,4,0.63,0.84,0.6187161207199097,0.618670642375946,0.9999264956214319,-7.350437954301015e-05,7.350437954301015e-05,-0.0073504379543010145
Pythia_plus,129,MUR1.0_MUF1.0_PDF26148,pdf,5,0.84,1.05,0.6409361958503723,0.6408169865608215,0.9998140075559431,-0.00018599243776407093,0.00018599243776407093,-0.018599243776407093
Pythia_plus,129,MUR1.0_MUF1.0_PDF26148,pdf,6,1.05,1.37,0.6362332105636597,0.6362836956977844,1.000079350045371,7.935004396131262e-05,7.935004396131262e-05,0.007935004396131262
Pythia_plus,129,MUR1.0_MUF1.0_PDF26148,pdf,7,1.37,1.52,0.6330141425132751,0.6336844563484192,1.001058923948338,0.001058923895470798,0.001058923895470798,0.1058923895470798
Pythia_plus,129,MUR1.0_MUF1.0_PDF26148,pdf,8,1.52,1.74,0.6609900593757629,0.6619748473167419,1.0014898680048365,0.0014898680383339524,0.0014898680383339524,0.14898680383339524
Pythia_plus,129,MUR1.0_MUF1.0_PDF26148,pdf,9,1.74,1.95,0.6475628614425659,0.6482968926429749,1.0011335288728167,0.0011335288872942328,0.0011335288872942328,0.11335288872942328
Pythia_plus,129,MUR1.0_MUF1.0_PDF26148,pdf,10,1.95,2.18,0.6217986941337585,0.6223713159561157,1.0009209119088853,0.0009209119016304612,0.0009209119016304612,0.09209119016304612
Pythia_plus,129,MUR1.0_MUF1.0_PDF26148,pdf,11,2.18,2.5,0.6207728385925293,0.6214339137077332,1.0010649227448525,0.00106492277700454,0.00106492277700454,0.106492277700454
Pythia_plus,130,MUR1.0_MUF1.0_PDF26149,pdf,1,0.0,0.21,0.6547458171844482,0.6550837159156799,1.0005160761968435,0.0005160762229934335,0.0005160762229934335,0.05160762229934335
Pythia_plus,130,MUR1.0_MUF1.0_PDF26149,pdf,2,0.21,0.42,0.6447997093200684,0.6449507474899292,1.0002342404434705,0.00023424044775310904,0.00023424044775310904,0.023424044775310904
Pythia_plus,130,MUR1.0_MUF1.0_PDF26149,pdf,3,0.42,0.63,0.6357879638671875,0.6358637809753418,1.0001192490460076,0.00011924904538318515,0.00011924904538318515,0.011924904538318515
Pythia_plus,130,MUR1.0_MUF1.0_PDF26149,pdf,4,0.63,0.84,0.6187161207199097,0.6190958023071289,1.0006136604082296,0.000613660435192287,0.000613660435192287,0.0613660435192287
Pythia_plus,130,MUR1.0_MUF1.0_PDF26149,pdf,5,0.84,1.05,0.6409361958503723,0.6413084864616394,1.0005808544027899,0.000580854422878474,0.000580854422878474,0.0580854422878474
Pythia_plus,130,MUR1.0_MUF1.0_PDF26149,pdf,6,1.05,1.37,0.6362332105636597,0.6364623308181763,1.0003601199225574,0.00036011991323903203,0.00036011991323903203,0.0360119913239032
Pythia_plus,130,MUR1.0_MUF1.0_PDF26149,pdf,7,1.37,1.52,0.6330141425132751,0.6341726779937744,1.001830188936853,0.001830188906751573,0.001830188906751573,0.1830188906751573
Pythia_plus,130,MUR1.0_MUF1.0_PDF26149,pdf,8,1.52,1.74,0.6609900593757629,0.6615859270095825,1.0009014774509353,0.0009014774695970118,0.0009014774695970118,0.09014774695970118
Pythia_plus,130,MUR1.0_MUF1.0_PDF26149,pdf,9,1.74,1.95,0.6475628614425659,0.6484332084655762,1.0013440348031561,0.0013440347975119948,0.0013440347975119948,0.13440347975119948
Pythia_plus,130,MUR1.0_MUF1.0_PDF26149,pdf,10,1.95,2.18,0.6217986941337585,0.6219701766967773,1.0002757846946875,0.00027578469598665833,0.00027578469598665833,0.027578469598665833
Pythia_plus,130,MUR1.0_MUF1.0_PDF26149,pdf,11,2.18,2.5,0.6207728385925293,0.6199347972869873,0.9986500032645724,-0.0013499967753887177,0.0013499967753887177,-0.13499967753887177
Pythia_plus,131,MUR1.0_MUF1.0_PDF26150,pdf,1,0.0,0.21,0.6547458171844482,0.6550219655036926,1.0004217641594595,0.00042176415445283055,0.00042176415445283055,0.042176415445283055
Pythia_plus,131,MUR1.0_MUF1.0_PDF26150,pdf,2,0.21,0.42,0.6447997093200684,0.6449117064476013,1.0001736928939546,0.00017369289707858115,0.00017369289707858115,0.017369289707858115
Pythia_plus,131,MUR1.0_MUF1.0_PDF26150,pdf,3,0.42,0.63,0.6357879638671875,0.6358602643013,1.0001137178402573,0.00011371784057701007,0.00011371784057701007,0.011371784057701007
Pythia_plus,131,MUR1.0_MUF1.0_PDF26150,pdf,4,0.63,0.84,0.6187161207199097,0.6190182566642761,1.0004883272542098,0.0004883272340521216,0.0004883272340521216,0.048832723405212164
Pythia_plus,131,MUR1.0_MUF1.0_PDF26150,pdf,5,0.84,1.05,0.6409361958503723,0.6412160396575928,1.0004366172624237,0.00043661726522259414,0.00043661726522259414,0.043661726522259414
Pythia_plus,131,MUR1.0_MUF1.0_PDF26150,pdf,6,1.05,1.37,0.6362332105636597,0.6364259123802185,1.0003028792168647,0.0003028792270924896,0.0003028792270924896,0.03028792270924896
Pythia_plus,131,MUR1.0_MUF1.0_PDF26150,pdf,7,1.37,1.52,0.6330141425132751,0.6340622901916504,1.001655804519965,0.001655804575420916,0.001655804575420916,0.1655804575420916
Pythia_plus,131,MUR1.0_MUF1.0_PDF26150,pdf,8,1.52,1.74,0.6609900593757629,0.6616009473800659,1.0009242014999136,0.0009242015075869858,0.0009242015075869858,0.09242015075869858
Pythia_plus,131,MUR1.0_MUF1.0_PDF26150,pdf,9,1.74,1.95,0.6475628614425659,0.6483966112136841,1.001287519437512,0.0012875194661319256,0.0012875194661319256,0.12875194661319256
Pythia_plus,131,MUR1.0_MUF1.0_PDF26150,pdf,10,1.95,2.18,0.6217986941337585,0.6220649480819702,1.0004281995937327,0.0004281995934434235,0.0004281995934434235,0.04281995934434235
Pythia_plus,131,MUR1.0_MUF1.0_PDF26150,pdf,11,2.18,2.5,0.6207728385925293,0.6203098297119141,0.9992541412062019,-0.0007458588224835694,0.0007458588224835694,-0.07458588224835694
Pythia_plus,132,MUR1.0_MUF1.0_PDF26151,pdf,1,0.0,0.21,0.6547458171844482,0.6550471186637878,1.0004601808387799,0.0004601808323059231,0.0004601808323059231,0.04601808323059231
Pythia_plus,132,MUR1.0_MUF1.0_PDF26151,pdf,2,0.21,0.42,0.6447997093200684,0.644928514957428,1.000199760693899,0.00019976068870164454,0.00019976068870164454,0.019976068870164454
Pythia_plus,132,MUR1.0_MUF1.0_PDF26151,pdf,3,0.42,0.63,0.6357879638671875,0.6358613967895508,1.0001154990760075,0.00011549907503649592,0.00011549907503649592,0.011549907503649592
Pythia_plus,132,MUR1.0_MUF1.0_PDF26151,pdf,4,0.63,0.84,0.6187161207199097,0.6190541386604309,1.000546321534548,0.0005463215056806803,0.0005463215056806803,0.05463215056806803
Pythia_plus,132,MUR1.0_MUF1.0_PDF26151,pdf,5,0.84,1.05,0.6409361958503723,0.6412555575370789,1.0004982737576287,0.000498273759149015,0.000498273759149015,0.049827375914901495
Pythia_plus,132,MUR1.0_MUF1.0_PDF26151,pdf,6,1.05,1.37,0.6362332105636597,0.6364403963088989,1.000325644342042,0.0003256443305872381,0.0003256443305872381,0.03256443305872381
Pythia_plus,132,MUR1.0_MUF1.0_PDF26151,pdf,7,1.37,1.52,0.6330141425132751,0.6341091394424438,1.0017298143210849,0.0017298143357038498,0.0017298143357038498,0.17298143357038498
Pythia_plus,132,MUR1.0_MUF1.0_PDF26151,pdf,8,1.52,1.74,0.6609900593757629,0.6615936756134033,1.0009132001746144,0.0009132002014666796,0.0009132002014666796,0.09132002014666796
Pythia_plus,132,MUR1.0_MUF1.0_PDF26151,pdf,9,1.74,1.95,0.6475628614425659,0.6484107375144958,1.0013093340004724,0.0013093339512124658,0.0013093339512124658,0.13093339512124658
Pythia_plus,132,MUR1.0_MUF1.0_PDF26151,pdf,10,1.95,2.18,0.6217986941337585,0.6220235824584961,1.0003616738453445,0.0003616738540586084,0.0003616738540586084,0.03616738540586084
Pythia_plus,132,MUR1.0_MUF1.0_PDF26151,pdf,11,2.18,2.5,0.6207728385925293,0.6201486587524414,0.9989945116775678,-0.0010054883314296603,0.0010054883314296603,-0.10054883314296603
Pythia_plus,133,MUR1.0_MUF1.0_PDF26152,pdf,1,0.0,0.21,0.6547458171844482,0.6550466418266296,1.000459452560499,0.00045945256715640426,0.00045945256715640426,0.045945256715640426
Pythia_plus,133,MUR1.0_MUF1.0_PDF26152,pdf,2,0.21,0.42,0.6447997093200684,0.6449293494224548,1.0002010548399956,0.0002010548341786489,0.0002010548341786489,0.02010548341786489
Pythia_plus,133,MUR1.0_MUF1.0_PDF26152,pdf,3,0.42,0.63,0.6357879638671875,0.635861337184906,1.0001154053267574,0.00011540532432263717,0.00011540532432263717,0.011540532432263717
Pythia_plus,133,MUR1.0_MUF1.0_PDF26152,pdf,4,0.63,0.84,0.6187161207199097,0.619053840637207,1.0005458398544786,0.0005458398372866213,0.0005458398372866213,0.05458398372866213
Pythia_plus,133,MUR1.0_MUF1.0_PDF26152,pdf,5,0.84,1.05,0.6409361958503723,0.6412559151649475,1.0004988317349608,0.0004988317377865314,0.0004988317377865314,0.049883173778653145
Pythia_plus,133,MUR1.0_MUF1.0_PDF26152,pdf,6,1.05,1.37,0.6362332105636597,0.6364402770996094,1.0003254569747566,0.0003254569892305881,0.0003254569892305881,0.03254569892305881
Pythia_plus,133,MUR1.0_MUF1.0_PDF26152,pdf,7,1.37,1.52,0.6330141425132751,0.6341091990470886,1.001729908481137,0.0017299085156992078,0.0017299085156992078,0.17299085156992078
Pythia_plus,133,MUR1.0_MUF1.0_PDF26152,pdf,8,1.52,1.74,0.6609900593757629,0.6615939140319824,1.0009135608738047,0.0009135608561336994,0.0009135608561336994,0.09135608561336994
Pythia_plus,133,MUR1.0_MUF1.0_PDF26152,pdf,9,1.74,1.95,0.6475628614425659,0.6484108567237854,1.0013095180896112,0.001309518120251596,0.001309518120251596,0.1309518120251596
Pythia_plus,133,MUR1.0_MUF1.0_PDF26152,pdf,10,1.95,2.18,0.6217986941337585,0.622023344039917,1.0003612904116361,0.00036129041109234095,0.00036129041109234095,0.036129041109234095
Pythia_plus,133,MUR1.0_MUF1.0_PDF26152,pdf,11,2.18,2.5,0.6207728385925293,0.6201485991477966,0.9989944156607302,-0.0010055843740701675,0.0010055843740701675,-0.10055843740701675
Pythia_plus,134,MUR1.0_MUF1.0_PDF26153,pdf,1,0.0,0.21,0.6547458171844482,0.6550467610359192,1.0004596346300692,0.0004596346407197416,0.0004596346407197416,0.04596346407197416
Pythia_plus,134,MUR1.0_MUF1.0_PDF26153,pdf,2,0.21,0.42,0.6447997093200684,0.6449294686317444,1.0002012397180093,0.0002012397162616253,0.0002012397162616253,0.02012397162616253
Pythia_plus,134,MUR1.0_MUF1.0_PDF26153,pdf,3,0.42,0.63,0.6357879638671875,0.6358612179756165,1.0001152178282573,0.00011521783017087728,0.00011521783017087728,0.011521783017087728
Pythia_plus,134,MUR1.0_MUF1.0_PDF26153,pdf,4,0.63,0.84,0.6187161207199097,0.6190536618232727,1.0005455508464371,0.000545550836250186,0.000545550836250186,0.0545550836250186
Pythia_plus,134,MUR1.0_MUF1.0_PDF26153,pdf,5,0.84,1.05,0.6409361958503723,0.6412556767463684,1.0004984597500726,0.0004984597326256335,0.0004984597326256335,0.04984597326256335
Pythia_plus,134,MUR1.0_MUF1.0_PDF26153,pdf,6,1.05,1.37,0.6362332105636597,0.6364402174949646,1.0003253632911138,0.00032536330400034785,0.00032536330400034785,0.032536330400034785
Pythia_plus,134,MUR1.0_MUF1.0_PDF26153,pdf,7,1.37,1.52,0.6330141425132751,0.6341090202331543,1.0017296260009803,0.0017296259757131338,0.0017296259757131338,0.17296259757131338
Pythia_plus,134,MUR1.0_MUF1.0_PDF26153,pdf,8,1.52,1.74,0.6609900593757629,0.6615939140319824,1.0009135608738047,0.0009135608561336994,0.0009135608561336994,0.09135608561336994
Pythia_plus,134,MUR1.0_MUF1.0_PDF26153,pdf,9,1.74,1.95,0.6475628614425659,0.6484107971191406,1.001309426045042,0.0013094260357320309,0.0013094260357320309,0.1309426035732031
Pythia_plus,134,MUR1.0_MUF1.0_PDF26153,pdf,10,1.95,2.18,0.6217986941337585,0.622023344039917,1.0003612904116361,0.00036129041109234095,0.00036129041109234095,0.036129041109234095
Pythia_plus,134,MUR1.0_MUF1.0_PDF26153,pdf,11,2.18,2.5,0.6207728385925293,0.6201484203338623,0.9989941276102178,-0.0010058723855763674,0.0010058723855763674,-0.10058723855763674
Pythia_plus,135,MUR1.0_MUF1.0_PDF13313,pdf,1,0.0,0.21,0.6547458171844482,0.6547518968582153,1.0000092855480822,9.285548003390431e-06,9.285548003390431e-06,0.0009285548003390431
Pythia_plus,135,MUR1.0_MUF1.0_PDF13313,pdf,2,0.21,0.42,0.6447997093200684,0.6448130011558533,1.0000206138985375,2.0613899323507212e-05,2.0613899323507212e-05,0.002061389932350721
Pythia_plus,135,MUR1.0_MUF1.0_PDF13313,pdf,3,0.42,0.63,0.6357879638671875,0.6358018517494202,1.0000218435752515,2.1843574359081686e-05,2.1843574359081686e-05,0.0021843574359081686
Pythia_plus,135,MUR1.0_MUF1.0_PDF13313,pdf,4,0.63,0.84,0.6187161207199097,0.6187054514884949,0.9999827558535207,-1.7244146874872968e-05,1.7244146874872968e-05,-0.0017244146874872968
Pythia_plus,135,MUR1.0_MUF1.0_PDF13313,pdf,5,0.84,1.05,0.6409361958503723,0.6409322023391724,0.9999937692531241,-6.230746748769889e-06,6.230746748769889e-06,-0.0006230746748769889
Pythia_plus,135,MUR1.0_MUF1.0_PDF13313,pdf,6,1.05,1.37,0.6362332105636597,0.6362577676773071,1.0000385976607944,3.859766002278775e-05,3.859766002278775e-05,0.003859766002278775
Pythia_plus,135,MUR1.0_MUF1.0_PDF13313,pdf,7,1.37,1.52,0.6330141425132751,0.6330024600028992,0.9999815446297462,-1.8455370081937872e-05,1.8455370081937872e-05,-0.0018455370081937872
Pythia_plus,135,MUR1.0_MUF1.0_PDF13313,pdf,8,1.52,1.74,0.6609900593757629,0.6609686613082886,0.9999676272476857,-3.237275086576119e-05,3.237275086576119e-05,-0.003237275086576119
Pythia_plus,135,MUR1.0_MUF1.0_PDF13313,pdf,9,1.74,1.95,0.6475628614425659,0.6475536823272705,0.9999858251363042,-1.4174863281368744e-05,1.4174863281368744e-05,-0.0014174863281368744
Pythia_plus,135,MUR1.0_MUF1.0_PDF13313,pdf,10,1.95,2.18,0.6217986941337585,0.6218175888061523,1.000030387121382,3.0387122023967095e-05,3.0387122023967095e-05,0.0030387122023967095
Pythia_plus,135,MUR1.0_MUF1.0_PDF13313,pdf,11,2.18,2.5,0.6207728385925293,0.6207560300827026,0.9999729232518214,-2.70767486654222e-05,2.70767486654222e-05,-0.00270767486654222
Pythia_plus,136,MUR1.0_MUF1.0_PDF26154,pdf,1,0.0,0.21,0.6547458171844482,0.6550468802452087,1.0004598166996395,0.00045981668517924845,0.00045981668517924845,0.045981668517924845
Pythia_plus,136,MUR1.0_MUF1.0_PDF26154,pdf,2,0.21,0.42,0.6447997093200684,0.6449286937713623,1.0002000380109197,0.00020003800455015153,0.00020003800455015153,0.020003800455015153
Pythia_plus,136,MUR1.0_MUF1.0_PDF26154,pdf,3,0.42,0.63,0.6357879638671875,0.6358613967895508,1.0001154990760075,0.00011549907503649592,0.00011549907503649592,0.011549907503649592
Pythia_plus,136,MUR1.0_MUF1.0_PDF26154,pdf,4,0.63,0.84,0.6187161207199097,0.6190539002418518,1.0005459361904925,0.0005459361709654331,0.0005459361709654331,0.05459361709654331
Pythia_plus,136,MUR1.0_MUF1.0_PDF26154,pdf,5,0.84,1.05,0.6409361958503723,0.6412557363510132,1.0004985527462946,0.0004985527484677732,0.0004985527484677732,0.04985527484677732
Pythia_plus,136,MUR1.0_MUF1.0_PDF26154,pdf,6,1.05,1.37,0.6362332105636597,0.636440098285675,1.0003251759238285,0.0003251759335398674,0.0003251759335398674,0.03251759335398674
Pythia_plus,136,MUR1.0_MUF1.0_PDF26154,pdf,7,1.37,1.52,0.6330141425132751,0.6341091394424438,1.0017298143210849,0.0017298143357038498,0.0017298143357038498,0.17298143357038498
Pythia_plus,136,MUR1.0_MUF1.0_PDF26154,pdf,8,1.52,1.74,0.6609900593757629,0.6615936756134033,1.0009132001746144,0.0009132002014666796,0.0009132002014666796,0.09132002014666796
Pythia_plus,136,MUR1.0_MUF1.0_PDF26154,pdf,9,1.74,1.95,0.6475628614425659,0.6484106183052063,1.0013091499113336,0.0013091498985886574,0.0013091498985886574,0.13091498985886574
Pythia_plus,136,MUR1.0_MUF1.0_PDF26154,pdf,10,1.95,2.18,0.6217986941337585,0.6220235824584961,1.0003616738453445,0.0003616738540586084,0.0003616738540586084,0.03616738540586084
Pythia_plus,136,MUR1.0_MUF1.0_PDF26154,pdf,11,2.18,2.5,0.6207728385925293,0.6201488971710205,0.9989948957449178,-0.0010051042772829533,0.0010051042772829533,-0.10051042772829533
Pythia_plus,137,MUR1.0_MUF1.0_PDF26155,pdf,1,0.0,0.21,0.6547458171844482,0.6550492644309998,1.0004634580910443,0.00046345809823833406,0.00046345809823833406,0.046345809823833406
Pythia_plus,137,MUR1.0_MUF1.0_PDF26155,pdf,2,0.21,0.42,0.6447997093200684,0.644928514957428,1.000199760693899,0.00019976068870164454,0.00019976068870164454,0.019976068870164454
Pythia_plus,137,MUR1.0_MUF1.0_PDF26155,pdf,3,0.42,0.63,0.6357879638671875,0.6358627676963806,1.0001176553087576,0.0001176553123514168,0.0001176553123514168,0.01176553123514168
Pythia_plus,137,MUR1.0_MUF1.0_PDF26155,pdf,4,0.63,0.84,0.6187161207199097,0.6190541386604309,1.000546321534548,0.0005463215056806803,0.0005463215056806803,0.05463215056806803
Pythia_plus,137,MUR1.0_MUF1.0_PDF26155,pdf,5,0.84,1.05,0.6409361958503723,0.6412534117698669,1.0004949258936355,0.000494925887323916,0.000494925887323916,0.049492588732391596
Pythia_plus,137,MUR1.0_MUF1.0_PDF26155,pdf,6,1.05,1.37,0.6362332105636597,0.6364405155181885,1.0003258317093273,0.0003258317010477185,0.0003258317010477185,0.03258317010477185
Pythia_plus,137,MUR1.0_MUF1.0_PDF26155,pdf,7,1.37,1.52,0.6330141425132751,0.6341087818145752,1.001729249360771,0.0017292493721470237,0.0017292493721470237,0.17292493721470237
Pythia_plus,137,MUR1.0_MUF1.0_PDF26155,pdf,8,1.52,1.74,0.6609900593757629,0.6615925431251526,1.0009114868534614,0.0009114868589676917,0.0009114868589676917,0.09114868589676917
Pythia_plus,137,MUR1.0_MUF1.0_PDF26155,pdf,9,1.74,1.95,0.6475628614425659,0.6484103798866272,1.0013087817330557,0.0013087816769257188,0.0013087816769257188,0.13087816769257188
Pythia_plus,137,MUR1.0_MUF1.0_PDF26155,pdf,10,1.95,2.18,0.6217986941337585,0.6220222115516663,1.0003594691015218,0.00035946909338235855,0.00035946909338235855,0.035946909338235855
Pythia_plus,137,MUR1.0_MUF1.0_PDF26155,pdf,11,2.18,2.5,0.6207728385925293,0.6201473474502563,0.9989923993071425,-0.00100760068744421,0.00100760068744421,-0.100760068744421
Pythia_plus,138,MUR1.0_MUF1.0_PDF26156,pdf,1,0.0,0.21,0.6547458171844482,0.6550488471984863,1.0004628208475483,0.0004628208407666534,0.0004628208407666534,0.04628208407666534
Pythia_plus,138,MUR1.0_MUF1.0_PDF26156,pdf,2,0.21,0.42,0.6447997093200684,0.644930362701416,1.0002026263031127,0.00020262631005607545,0.00020262631005607545,0.020262631005607545
Pythia_plus,138,MUR1.0_MUF1.0_PDF26156,pdf,3,0.42,0.63,0.6357879638671875,0.6358619332313538,1.0001163428192574,0.00011634281690930948,0.00011634281690930948,0.011634281690930948
Pythia_plus,138,MUR1.0_MUF1.0_PDF26156,pdf,4,0.63,0.84,0.6187161207199097,0.6190539598464966,1.0005460325265063,0.0005460325046442449,0.0005460325046442449,0.05460325046442449
Pythia_plus,138,MUR1.0_MUF1.0_PDF26156,pdf,5,0.84,1.05,0.6409361958503723,0.6412577629089355,1.0005017146178437,0.0005017146468162537,0.0005017146468162537,0.050171464681625366
Pythia_plus,138,MUR1.0_MUF1.0_PDF26156,pdf,6,1.05,1.37,0.6362332105636597,0.636441171169281,1.000326862229397,0.000326862238580361,0.000326862238580361,0.0326862238580361
Pythia_plus,138,MUR1.0_MUF1.0_PDF26156,pdf,7,1.37,1.52,0.6330141425132751,0.6341063380241394,1.001725388798626,0.0017253888072445989,0.0017253888072445989,0.1725388807244599
Pythia_plus,138,MUR1.0_MUF1.0_PDF26156,pdf,8,1.52,1.74,0.6609900593757629,0.6615912318229675,1.0009095030079156,0.0009095030254684389,0.0009095030254684389,0.09095030254684389
Pythia_plus,138,MUR1.0_MUF1.0_PDF26156,pdf,9,1.74,1.95,0.6475628614425659,0.6484102606773376,1.0013085976439167,0.0013085976243019104,0.0013085976243019104,0.13085976243019104
Pythia_plus,138,MUR1.0_MUF1.0_PDF26156,pdf,10,1.95,2.18,0.6217986941337585,0.6220257878303528,1.0003652206071463,0.0003652206214610487,0.0003652206214610487,0.03652206214610487
Pythia_plus,138,MUR1.0_MUF1.0_PDF26156,pdf,11,2.18,2.5,0.6207728385925293,0.6201502680778503,0.9989971041321806,-0.0010028958786278963,0.0010028958786278963,-0.10028958786278963
Pythia_plus,139,MUR1.0_MUF1.0_PDF26157,pdf,1,0.0,0.21,0.6547458171844482,0.6550487279891968,1.0004626387779783,0.0004626387672033161,0.0004626387672033161,0.04626387672033161
Pythia_plus,139,MUR1.0_MUF1.0_PDF26157,pdf,2,0.21,0.42,0.6447997093200684,0.6449306607246399,1.0002030884981472,0.0002030884934356436,0.0002030884934356436,0.02030884934356436
Pythia_plus,139,MUR1.0_MUF1.0_PDF26157,pdf,3,0.42,0.63,0.6357879638671875,0.6358619928359985,1.0001164365685073,0.00011643656762316823,0.00011643656762316823,0.011643656762316823
Pythia_plus,139,MUR1.0_MUF1.0_PDF26157,pdf,4,0.63,0.84,0.6187161207199097,0.6190536618232727,1.0005455508464371,0.000545550836250186,0.000545550836250186,0.0545550836250186
Pythia_plus,139,MUR1.0_MUF1.0_PDF26157,pdf,5,0.84,1.05,0.6409361958503723,0.641257643699646,1.0005015286253995,0.0005015286151319742,0.0005015286151319742,0.05015286151319742
Pythia_plus,139,MUR1.0_MUF1.0_PDF26157,pdf,6,1.05,1.37,0.6362332105636597,0.6364415287971497,1.0003274243312534,0.0003274243208579719,0.0003274243208579719,0.03274243208579719
Pythia_plus,139,MUR1.0_MUF1.0_PDF26157,pdf,7,1.37,1.52,0.6330141425132751,0.6341067552566528,1.0017260479189922,0.001726047950796783,0.001726047950796783,0.1726047950796783
Pythia_plus,139,MUR1.0_MUF1.0_PDF26157,pdf,8,1.52,1.74,0.6609900593757629,0.6615914106369019,1.0009097735323083,0.0009097735164687037,0.0009097735164687037,0.09097735164687037
Pythia_plus,139,MUR1.0_MUF1.0_PDF26157,pdf,9,1.74,1.95,0.6475628614425659,0.6484099626541138,1.0013081374210695,0.0013081374345347285,0.0013081374345347285,0.13081374345347285
Pythia_plus,139,MUR1.0_MUF1.0_PDF26157,pdf,10,1.95,2.18,0.6217986941337585,0.6220256686210632,1.000365028890292,0.00036502888542599976,0.00036502888542599976,0.036502888542599976
Pythia_plus,139,MUR1.0_MUF1.0_PDF26157,pdf,11,2.18,2.5,0.6207728385925293,0.6201500296592712,0.9989967200648305,-0.0010032799327746034,0.0010032799327746034,-0.10032799327746034
Pythia_plus,140,MUR1.0_MUF1.0_PDF26158,pdf,1,0.0,0.21,0.6547458171844482,0.6550489664077759,1.0004630029171186,0.00046300291432999074,0.00046300291432999074,0.046300291432999074
Pythia_plus,140,MUR1.0_MUF1.0_PDF26158,pdf,2,0.21,0.42,0.6447997093200684,0.644930362701416,1.0002026263031127,0.00020262631005607545,0.00020262631005607545,0.020262631005607545
Pythia_plus,140,MUR1.0_MUF1.0_PDF26158,pdf,3,0.42,0.63,0.6357879638671875,0.6358618140220642,1.0001161553207574,0.00011615532275754958,0.00011615532275754958,0.011615532275754958
Pythia_plus,140,MUR1.0_MUF1.0_PDF26158,pdf,4,0.63,0.84,0.6187161207199097,0.6190539598464966,1.0005460325265063,0.0005460325046442449,0.0005460325046442449,0.05460325046442449
Pythia_plus,140,MUR1.0_MUF1.0_PDF26158,pdf,5,0.84,1.05,0.6409361958503723,0.641257643699646,1.0005015286253995,0.0005015286151319742,0.0005015286151319742,0.05015286151319742
Pythia_plus,140,MUR1.0_MUF1.0_PDF26158,pdf,6,1.05,1.37,0.6362332105636597,0.6364409327507019,1.0003264874948263,0.0003264874976594001,0.0003264874976594001,0.03264874976594001
Pythia_plus,140,MUR1.0_MUF1.0_PDF26158,pdf,7,1.37,1.52,0.6330141425132751,0.6341059803962708,1.001724823838312,0.0017248238436877728,0.0017248238436877728,0.17248238436877728
Pythia_plus,140,MUR1.0_MUF1.0_PDF26158,pdf,8,1.52,1.74,0.6609900593757629,0.6615914106369019,1.0009097735323083,0.0009097735164687037,0.0009097735164687037,0.09097735164687037
Pythia_plus,140,MUR1.0_MUF1.0_PDF26158,pdf,9,1.74,1.95,0.6475628614425659,0.6484096646308899,1.0013076771982221,0.0013076772447675467,0.0013076772447675467,0.13076772447675467
Pythia_plus,140,MUR1.0_MUF1.0_PDF26158,pdf,10,1.95,2.18,0.6217986941337585,0.6220252513885498,1.0003643578813026,0.0003643578675109893,0.0003643578675109893,0.03643578675109893
Pythia_plus,140,MUR1.0_MUF1.0_PDF26158,pdf,11,2.18,2.5,0.6207728385925293,0.620150089263916,0.9989968160816681,-0.0010031838901340961,0.0010031838901340961,-0.10031838901340961
Pythia_plus,141,MUR1.0_MUF1.0_PDF26159,pdf,1,0.0,0.21,0.6547458171844482,0.6550498008728027,1.0004642774041104,0.00046427740016952157,0.00046427740016952157,0.04642774001695216
Pythia_plus,141,MUR1.0_MUF1.0_PDF26159,pdf,2,0.21,0.42,0.6447997093200684,0.6449308395385742,1.0002033658151679,0.0002033658092841506,0.0002033658092841506,0.02033658092841506
Pythia_plus,141,MUR1.0_MUF1.0_PDF26159,pdf,3,0.42,0.63,0.6357879638671875,0.6358606219291687,1.0001142803357572,0.00011428033758420497,0.00011428033758420497,0.011428033758420497
Pythia_plus,141,MUR1.0_MUF1.0_PDF26159,pdf,4,0.63,0.84,0.6187161207199097,0.6190547347068787,1.0005472848946864,0.0005472849006764591,0.0005472849006764591,0.05472849006764591
Pythia_plus,141,MUR1.0_MUF1.0_PDF26159,pdf,5,0.84,1.05,0.6409361958503723,0.6412585377693176,1.00050292356873,0.0005029235617257655,0.0005029235617257655,0.05029235617257655
Pythia_plus,141,MUR1.0_MUF1.0_PDF26159,pdf,6,1.05,1.37,0.6362332105636597,0.6364416480064392,1.0003276116985387,0.00032761169131845236,0.00032761169131845236,0.032761169131845236
Pythia_plus,141,MUR1.0_MUF1.0_PDF26159,pdf,7,1.37,1.52,0.6330141425132751,0.6341074109077454,1.0017270836795678,0.0017270836979150772,0.0017270836979150772,0.17270836979150772
Pythia_plus,141,MUR1.0_MUF1.0_PDF26159,pdf,8,1.52,1.74,0.6609900593757629,0.6615923643112183,1.0009112163290688,0.0009112163097597659,0.0009112163097597659,0.09112163097597659
Pythia_plus,141,MUR1.0_MUF1.0_PDF26159,pdf,9,1.74,1.95,0.6475628614425659,0.6484107375144958,1.0013093340004724,0.0013093339512124658,0.0013093339512124658,0.13093339512124658
Pythia_plus,141,MUR1.0_MUF1.0_PDF26159,pdf,10,1.95,2.18,0.6217986941337585,0.6220239996910095,1.000362344854334,0.0003623448428697884,0.0003623448428697884,0.03623448428697884
Pythia_plus,141,MUR1.0_MUF1.0_PDF26159,pdf,11,2.18,2.5,0.6207728385925293,0.6201525926589966,0.9990008487888437,-0.0009991512633860111,0.0009991512633860111,-0.09991512633860111
Pythia_plus,142,MUR1.0_MUF1.0_PDF26160,pdf,1,0.0,0.21,0.6547458171844482,0.6550478339195251,1.0004612732562015,0.0004612732445821166,0.0004612732445821166,0.04612732445821166
Pythia_plus,142,MUR1.0_MUF1.0_PDF26160,pdf,2,0.21,0.42,0.6447997093200684,0.6449291110038757,1.000200685083968,0.00020068508456461132,0.00020068508456461132,0.02006850845646113
Pythia_plus,142,MUR1.0_MUF1.0_PDF26160,pdf,3,0.42,0.63,0.6357879638671875,0.6358607411384583,1.0001144678342573,0.00011446783173596486,0.00011446783173596486,0.011446783173596486
Pythia_plus,142,MUR1.0_MUF1.0_PDF26160,pdf,4,0.63,0.84,0.6187161207199097,0.6190521717071533,1.0005431424460909,0.0005431424360722303,0.0005431424360722303,0.054314243607223034
Pythia_plus,142,MUR1.0_MUF1.0_PDF26160,pdf,5,0.84,1.05,0.6409361958503723,0.6412560939788818,1.000499110723627,0.0004991107271052897,0.0004991107271052897,0.04991107271052897
Pythia_plus,142,MUR1.0_MUF1.0_PDF26160,pdf,6,1.05,1.37,0.6362332105636597,0.6364402174949646,1.0003253632911138,0.00032536330400034785,0.00032536330400034785,0.032536330400034785
Pythia_plus,142,MUR1.0_MUF1.0_PDF26160,pdf,7,1.37,1.52,0.6330141425132751,0.634108304977417,1.0017284960803525,0.0017284960485994816,0.0017284960485994816,0.17284960485994816
Pythia_plus,142,MUR1.0_MUF1.0_PDF26160,pdf,8,1.52,1.74,0.6609900593757629,0.6615943312644958,1.0009141920973874,0.000914192118216306,0.000914192118216306,0.0914192118216306
Pythia_plus,142,MUR1.0_MUF1.0_PDF26160,pdf,9,1.74,1.95,0.6475628614425659,0.6484121084213257,1.0013114510255698,0.0013114510802552104,0.0013114510802552104,0.13114510802552104
Pythia_plus,142,MUR1.0_MUF1.0_PDF26160,pdf,10,1.95,2.18,0.6217986941337585,0.6220260262489319,1.0003656040408544,0.00036560403532348573,0.00036560403532348573,0.03656040353234857
Pythia_plus,142,MUR1.0_MUF1.0_PDF26160,pdf,11,2.18,2.5,0.6207728385925293,0.6201506853103638,0.9989977762500432,-0.0010022236965596676,0.0010022236965596676,-0.10022236965596676
Pythia_plus,143,MUR1.0_MUF1.0_PDF26161,pdf,1,0.0,0.21,0.6547458171844482,0.655048131942749,1.000461728430127,0.0004617284284904599,0.0004617284284904599,0.04617284284904599
Pythia_plus,143,MUR1.0_MUF1.0_PDF26161,pdf,2,0.21,0.42,0.6447997093200684,0.644930362701416,1.0002026263031127,0.00020262631005607545,0.00020262631005607545,0.020262631005607545
Pythia_plus,143,MUR1.0_MUF1.0_PDF26161,pdf,3,0.42,0.63,0.6357879638671875,0.6358621716499329,1.0001167178162575,0.00011671781976474449,0.00011671781976474449,0.011671781976474449
Pythia_plus,143,MUR1.0_MUF1.0_PDF26161,pdf,4,0.63,0.84,0.6187161207199097,0.6190537214279175,1.000545647182451,0.0005456471699289978,0.0005456471699289978,0.054564716992899776
Pythia_plus,143,MUR1.0_MUF1.0_PDF26161,pdf,5,0.84,1.05,0.6409361958503723,0.6412575244903564,1.0005013426329554,0.0005013426416553557,0.0005013426416553557,0.05013426416553557
Pythia_plus,143,MUR1.0_MUF1.0_PDF26161,pdf,6,1.05,1.37,0.6362332105636597,0.6364409923553467,1.000326581178469,0.00032658118288964033,0.00032658118288964033,0.03265811828896403
Pythia_plus,143,MUR1.0_MUF1.0_PDF26161,pdf,7,1.37,1.52,0.6330141425132751,0.6341072916984558,1.0017268953594631,0.0017268953379243612,0.0017268953379243612,0.17268953379243612
Pythia_plus,143,MUR1.0_MUF1.0_PDF26161,pdf,8,1.52,1.74,0.6609900593757629,0.6615918874740601,1.0009104949306884,0.0009104949422180653,0.0009104949422180653,0.09104949422180653
Pythia_plus,143,MUR1.0_MUF1.0_PDF26161,pdf,9,1.74,1.95,0.6475628614425659,0.6484100818634033,1.0013083215102083,0.001308321487158537,0.001308321487158537,0.1308321487158537
Pythia_plus,143,MUR1.0_MUF1.0_PDF26161,pdf,10,1.95,2.18,0.6217986941337585,0.622025191783905,1.0003642620228754,0.0003642620285972953,0.0003642620285972953,0.03642620285972953
Pythia_plus,143,MUR1.0_MUF1.0_PDF26161,pdf,11,2.18,2.5,0.6207728385925293,0.6201504468917847,0.9989973921826931,-0.0010026078671216965,0.0010026078671216965,-0.10026078671216965
Pythia_plus,144,MUR1.0_MUF1.0_PDF26162,pdf,1,0.0,0.21,0.6547458171844482,0.6550496816635132,1.00046409533454,0.00046409532660618424,0.00046409532660618424,0.046409532660618424
Pythia_plus,144,MUR1.0_MUF1.0_PDF26162,pdf,2,0.21,0.42,0.6447997093200684,0.6449300646781921,1.0002021641080783,0.00020216411212459207,0.00020216411212459207,0.020216411212459207
Pythia_plus,144,MUR1.0_MUF1.0_PDF26162,pdf,3,0.42,0.63,0.6357879638671875,0.6358614563941956,1.0001155928252574,0.00011559282575035468,0.00011559282575035468,0.011559282575035468
Pythia_plus,144,MUR1.0_MUF1.0_PDF26162,pdf,4,0.63,0.84,0.6187161207199097,0.6190541982650757,1.0005464178705619,0.000546417897567153,0.000546417897567153,0.0546417897567153
Pythia_plus,144,MUR1.0_MUF1.0_PDF26162,pdf,5,0.84,1.05,0.6409361958503723,0.6412581205368042,1.0005022725951758,0.0005022725672461092,0.0005022725672461092,0.050227256724610925
Pythia_plus,144,MUR1.0_MUF1.0_PDF26162,pdf,6,1.05,1.37,0.6362332105636597,0.6364413499832153,1.0003271432803253,0.0003271432942710817,0.0003271432942710817,0.03271432942710817
Pythia_plus,144,MUR1.0_MUF1.0_PDF26162,pdf,7,1.37,1.52,0.6330141425132751,0.634107232093811,1.0017268011994107,0.0017268011579290032,0.0017268011579290032,0.17268011579290032
Pythia_plus,144,MUR1.0_MUF1.0_PDF26162,pdf,8,1.52,1.74,0.6609900593757629,0.6615927815437317,1.0009118475526515,0.0009118475718423724,0.0009118475718423724,0.09118475718423724
Pythia_plus,144,MUR1.0_MUF1.0_PDF26162,pdf,9,1.74,1.95,0.6475628614425659,0.6484101414680481,1.0013084135547778,0.001308413571678102,0.001308413571678102,0.1308413571678102
Pythia_plus,144,MUR1.0_MUF1.0_PDF26162,pdf,10,1.95,2.18,0.6217986941337585,0.6220231652259827,1.000361002836355,0.00036100283614359796,0.00036100283614359796,0.036100283614359796
Pythia_plus,144,MUR1.0_MUF1.0_PDF26162,pdf,11,2.18,2.5,0.6207728385925293,0.6201502680778503,0.9989971041321806,-0.0010028958786278963,0.0010028958786278963,-0.10028958786278963
Pythia_plus,145,MUR1.0_MUF1.0_PDF26200,pdf,1,0.0,0.21,0.6547458171844482,0.6550469994544983,1.0004599987692098,0.0004599987587425858,0.0004599987587425858,0.04599987587425858
Pythia_plus,145,MUR1.0_MUF1.0_PDF26200,pdf,2,0.21,0.42,0.6447997093200684,0.644928514957428,1.000199760693899,0.00019976068870164454,0.00019976068870164454,0.019976068870164454
Pythia_plus,145,MUR1.0_MUF1.0_PDF26200,pdf,3,0.42,0.63,0.6357879638671875,0.6358613967895508,1.0001154990760075,0.00011549907503649592,0.00011549907503649592,0.011549907503649592
Pythia_plus,145,MUR1.0_MUF1.0_PDF26200,pdf,4,0.63,0.84,0.6187161207199097,0.6190540790557861,1.000546225198534,0.0005462251720018685,0.0005462251720018685,0.05462251720018685
Pythia_plus,145,MUR1.0_MUF1.0_PDF26200,pdf,5,0.84,1.05,0.6409361958503723,0.6412555575370789,1.0004982737576287,0.000498273759149015,0.000498273759149015,0.049827375914901495
Pythia_plus,145,MUR1.0_MUF1.0_PDF26200,pdf,6,1.05,1.37,0.6362332105636597,0.6364404559135437,1.0003257380256847,0.0003257380158174783,0.0003257380158174783,0.03257380158174783
Pythia_plus,145,MUR1.0_MUF1.0_PDF26200,pdf,7,1.37,1.52,0.6330141425132751,0.6341092586517334,1.0017300026411895,0.0017300026956945658,0.0017300026956945658,0.17300026956945658
Pythia_plus,145,MUR1.0_MUF1.0_PDF26200,pdf,8,1.52,1.74,0.6609900593757629,0.6615936756134033,1.0009132001746144,0.0009132002014666796,0.0009132002014666796,0.09132002014666796
Pythia_plus,145,MUR1.0_MUF1.0_PDF26200,pdf,9,1.74,1.95,0.6475628614425659,0.6484107375144958,1.0013093340004724,0.0013093339512124658,0.0013093339512124658,0.13093339512124658
Pythia_plus,145,MUR1.0_MUF1.0_PDF26200,pdf,10,1.95,2.18,0.6217986941337585,0.6220235228538513,1.0003615779869175,0.00036157798604108393,0.00036157798604108393,0.03615779860410839
Pythia_plus,145,MUR1.0_MUF1.0_PDF26200,pdf,11,2.18,2.5,0.6207728385925293,0.6201485991477966,0.9989944156607302,-0.0010055843740701675,0.0010055843740701675,-0.10055843740701675
Pythia_plus,146,MUR1.0_MUF1.0_PDF13314,pdf,1,0.0,0.21,0.6547458171844482,0.65474933385849,1.000005371052322,5.371052338887239e-06,5.371052338887239e-06,0.0005371052338887239
Pythia_plus,146,MUR1.0_MUF1.0_PDF13314,pdf,2,0.21,0.42,0.6447997093200684,0.6448132991790771,1.000021076093572,2.1076093617011793e-05,2.1076093617011793e-05,0.0021076093617011793
Pythia_plus,146,MUR1.0_MUF1.0_PDF13314,pdf,3,0.42,0.63,0.6357879638671875,0.6357999444007874,1.0000188435992512,1.8843598809326068e-05,1.8843598809326068e-05,0.0018843598809326068
Pythia_plus,146,MUR1.0_MUF1.0_PDF13314,pdf,4,0.63,0.84,0.6187161207199097,0.6187023520469666,0.9999777463808005,-2.225362004537601e-05,2.225362004537601e-05,-0.002225362004537601
Pythia_plus,146,MUR1.0_MUF1.0_PDF13314,pdf,5,0.84,1.05,0.6409361958503723,0.640932559967041,0.9999943272304562,-5.672769475495443e-06,5.672769475495443e-06,-0.0005672769475495443
Pythia_plus,146,MUR1.0_MUF1.0_PDF13314,pdf,6,1.05,1.37,0.6362332105636597,0.6362571716308594,1.0000376608243673,3.766082591027953e-05,3.766082591027953e-05,0.0037660825910279527
Pythia_plus,146,MUR1.0_MUF1.0_PDF13314,pdf,7,1.37,1.52,0.6330141425132751,0.6330016851425171,0.999980320549066,-1.9679451725096442e-05,1.9679451725096442e-05,-0.001967945172509644
Pythia_plus,146,MUR1.0_MUF1.0_PDF13314,pdf,8,1.52,1.74,0.6609900593757629,0.6609652638435364,0.9999624872842263,-3.751271651708521e-05,3.751271651708521e-05,-0.003751271651708521
Pythia_plus,146,MUR1.0_MUF1.0_PDF13314,pdf,9,1.74,1.95,0.6475628614425659,0.6475556492805481,0.9999888626070962,-1.1137392903037835e-05,1.1137392903037835e-05,-0.0011137392903037835
Pythia_plus,146,MUR1.0_MUF1.0_PDF13314,pdf,10,1.95,2.18,0.6217986941337585,0.6218162775039673,1.0000282782359864,2.8278236641199328e-05,2.8278236641199328e-05,0.002827823664119933
Pythia_plus,146,MUR1.0_MUF1.0_PDF13314,pdf,11,2.18,2.5,0.6207728385925293,0.6207525134086609,0.9999672582584082,-3.274174014222808e-05,3.274174014222808e-05,-0.003274174014222808
Pythia_plus,147,MUR1.0_MUF1.0_PDF26201,pdf,1,0.0,0.21,0.6547458171844482,0.6550100445747375,1.0004035572024355,0.00040355720557272434,0.00040355720557272434,0.040355720557272434
Pythia_plus,147,MUR1.0_MUF1.0_PDF26201,pdf,2,0.21,0.42,0.6447997093200684,0.6448958516120911,1.0001491041181207,0.0001491041184635833,0.0001491041184635833,0.014910411846358329
Pythia_plus,147,MUR1.0_MUF1.0_PDF26201,pdf,3,0.42,0.63,0.6357879638671875,0.6358577609062195,1.0001097803717571,0.00010978036880260333,0.00010978036880260333,0.010978036880260333
Pythia_plus,147,MUR1.0_MUF1.0_PDF26201,pdf,4,0.63,0.84,0.6187161207199097,0.6190123558044434,1.0004787899888385,0.0004787899961229414,0.0004787899961229414,0.04787899961229414
Pythia_plus,147,MUR1.0_MUF1.0_PDF26201,pdf,5,0.84,1.05,0.6409361958503723,0.6412336230278015,1.0004640511479221,0.0004640511469915509,0.0004640511469915509,0.04640511469915509
Pythia_plus,147,MUR1.0_MUF1.0_PDF26201,pdf,6,1.05,1.37,0.6362332105636597,0.6364443898200989,1.0003319211461033,0.00033192115370184183,0.00033192115370184183,0.03319211537018418
Pythia_plus,147,MUR1.0_MUF1.0_PDF26201,pdf,7,1.37,1.52,0.6330141425132751,0.634091317653656,1.0017016604654425,0.0017016604542732239,0.0017016604542732239,0.1701660454273224
Pythia_plus,147,MUR1.0_MUF1.0_PDF26201,pdf,8,1.52,1.74,0.6609900593757629,0.6616142392158508,1.0009443104797633,0.0009443105082027614,0.0009443105082027614,0.09443105082027614
Pythia_plus,147,MUR1.0_MUF1.0_PDF26201,pdf,9,1.74,1.95,0.6475628614425659,0.6484523415565491,1.0013735811099507,0.0013735811226069927,0.0013735811226069927,0.13735811226069927
Pythia_plus,147,MUR1.0_MUF1.0_PDF26201,pdf,10,1.95,2.18,0.6217986941337585,0.6221239566802979,1.0005230994365346,0.0005230994429439306,0.0005230994429439306,0.05230994429439306
Pythia_plus,147,MUR1.0_MUF1.0_PDF26201,pdf,11,2.18,2.5,0.6207728385925293,0.6202706694602966,0.9991910581439561,-0.000808941840659827,0.000808941840659827,-0.0808941840659827
Pythia_plus,148,MUR1.0_MUF1.0_PDF26202,pdf,1,0.0,0.21,0.6547458171844482,0.6550915837287903,1.0005280927884792,0.0005280927871353924,0.0005280927871353924,0.05280927871353924
Pythia_plus,148,MUR1.0_MUF1.0_PDF26202,pdf,2,0.21,0.42,0.6447997093200684,0.6449640393257141,1.000254854342008,0.00025485435617156327,0.00025485435617156327,0.025485435617156327
Pythia_plus,148,MUR1.0_MUF1.0_PDF26202,pdf,3,0.42,0.63,0.6357879638671875,0.6358667612075806,1.000123936508508,0.00012393650831654668,0.00012393650831654668,0.012393650831654668
Pythia_plus,148,MUR1.0_MUF1.0_PDF26202,pdf,4,0.63,0.84,0.6187161207199097,0.6190965175628662,1.0006148164403958,0.0006148164393380284,0.0006148164393380284,0.06148164393380284
Pythia_plus,148,MUR1.0_MUF1.0_PDF26202,pdf,5,0.84,1.05,0.6409361958503723,0.6412801146507263,1.0005365882011044,0.000536588195245713,0.000536588195245713,0.0536588195245713
Pythia_plus,148,MUR1.0_MUF1.0_PDF26202,pdf,6,1.05,1.37,0.6362332105636597,0.6364387273788452,1.0003230212000462,0.00032302120234817266,0.00032302120234817266,0.032302120234817266
Pythia_plus,148,MUR1.0_MUF1.0_PDF26202,pdf,7,1.37,1.52,0.6330141425132751,0.6341281533241272,1.0017598513777735,0.0017598513513803482,0.0017598513513803482,0.17598513513803482
Pythia_plus,148,MUR1.0_MUF1.0_PDF26202,pdf,8,1.52,1.74,0.6609900593757629,0.6615723967552185,1.0008810077718953,0.0008810077561065555,0.0008810077561065555,0.08810077561065555
Pythia_plus,148,MUR1.0_MUF1.0_PDF26202,pdf,9,1.74,1.95,0.6475628614425659,0.648368775844574,1.0012445346235772,0.0012445346219465137,0.0012445346219465137,0.12445346219465137
Pythia_plus,148,MUR1.0_MUF1.0_PDF26202,pdf,10,1.95,2.18,0.6217986941337585,0.6219188570976257,1.0001932505889781,0.00019325058383401483,0.00019325058383401483,0.019325058383401483
Pythia_plus,148,MUR1.0_MUF1.0_PDF26202,pdf,11,2.18,2.5,0.6207728385925293,0.6200212836265564,0.9987893236958033,-0.001210676273331046,0.001210676273331046,-0.12106762733310461
Pythia_plus,149,MUR1.0_MUF1.0_PDF26203,pdf,1,0.0,0.21,0.6547458171844482,0.6549798846244812,1.000357493601165,0.00035749361268244684,0.00035749361268244684,0.035749361268244684
Pythia_plus,149,MUR1.0_MUF1.0_PDF26203,pdf,2,0.21,0.42,0.6447997093200684,0.6448830962181091,1.0001293221706453,0.00012932217214256525,0.00012932217214256525,0.012932217214256525
Pythia_plus,149,MUR1.0_MUF1.0_PDF26203,pdf,3,0.42,0.63,0.6357879638671875,0.6358780264854431,1.000141655116759,0.00014165512402541935,0.00014165512402541935,0.014165512402541935
Pythia_plus,149,MUR1.0_MUF1.0_PDF26203,pdf,4,0.63,0.84,0.6187161207199097,0.6189521551132202,1.0003814906148492,0.00038149062311276793,0.00038149062311276793,0.038149062311276793
Pythia_plus,149,MUR1.0_MUF1.0_PDF26203,pdf,5,0.84,1.05,0.6409361958503723,0.6412108540534973,1.0004285265911073,0.00042852660408243537,0.00042852660408243537,0.04285266040824354
Pythia_plus,149,MUR1.0_MUF1.0_PDF26203,pdf,6,1.05,1.37,0.6362332105636597,0.6364235877990723,1.000299225554799,0.0002992255613207817,0.0002992255613207817,0.02992255613207817
Pythia_plus,149,MUR1.0_MUF1.0_PDF26203,pdf,7,1.37,1.52,0.6330141425132751,0.6340072154998779,1.0015688006316257,0.0015688006533309817,0.0015688006533309817,0.15688006533309817
Pythia_plus,149,MUR1.0_MUF1.0_PDF26203,pdf,8,1.52,1.74,0.6609900593757629,0.6615458130836487,1.0008407898121956,0.0008407898130826652,0.0008407898130826652,0.08407898130826652
Pythia_plus,149,MUR1.0_MUF1.0_PDF26203,pdf,9,1.74,1.95,0.6475628614425659,0.648420512676239,1.0013244293098627,0.0013244292931631207,0.0013244292931631207,0.13244292931631207
Pythia_plus,149,MUR1.0_MUF1.0_PDF26203,pdf,10,1.95,2.18,0.6217986941337585,0.6222127676010132,1.0006659284928725,0.0006659284699708223,0.0006659284699708223,0.06659284699708223
Pythia_plus,149,MUR1.0_MUF1.0_PDF26203,pdf,11,2.18,2.5,0.6207728385925293,0.6203283667564392,0.9992840024426684,-0.0007159975357353687,0.0007159975357353687,-0.07159975357353687
Pythia_plus,150,MUR1.0_MUF1.0_PDF26204,pdf,1,0.0,0.21,0.6547458171844482,0.6550852060317993,1.0005183520664713,0.0005183520843274891,0.0005183520843274891,0.051835208432748914
Pythia_plus,150,MUR1.0_MUF1.0_PDF26204,pdf,2,0.21,0.42,0.6447997093200684,0.644955039024353,1.000240896051967,0.00024089605722110718,0.00024089605722110718,0.02408960572211072
Pythia_plus,150,MUR1.0_MUF1.0_PDF26204,pdf,3,0.42,0.63,0.6357879638671875,0.6358531713485718,1.0001025616795065,0.00010256168025080115,0.00010256168025080115,0.010256168025080115
Pythia_plus,150,MUR1.0_MUF1.0_PDF26204,pdf,4,0.63,0.84,0.6187161207199097,0.6191099882125854,1.000636588379526,0.0006365883746184409,0.0006365883746184409,0.06365883746184409
Pythia_plus,150,MUR1.0_MUF1.0_PDF26204,pdf,5,0.84,1.05,0.6409361958503723,0.6412824392318726,1.0005402150537634,0.0005402150563895702,0.0005402150563895702,0.054021505638957024
Pythia_plus,150,MUR1.0_MUF1.0_PDF26204,pdf,6,1.05,1.37,0.6362332105636597,0.6364505290985107,1.000341570561302,0.00034157055779360235,0.00034157055779360235,0.034157055779360235
Pythia_plus,150,MUR1.0_MUF1.0_PDF26204,pdf,7,1.37,1.52,0.6330141425132751,0.6341647505760193,1.001817665649895,0.0018176656449213624,0.0018176656449213624,0.18176656449213624
Pythia_plus,150,MUR1.0_MUF1.0_PDF26204,pdf,8,1.52,1.74,0.6609900593757629,0.6616188883781433,1.0009513441139708,0.0009513440891169012,0.0009513440891169012,0.09513440891169012
Pythia_plus,150,MUR1.0_MUF1.0_PDF26204,pdf,9,1.74,1.95,0.6475628614425659,0.6484068632125854,1.001303351103458,0.001303351134993136,0.001303351134993136,0.1303351134993136
Pythia_plus,150,MUR1.0_MUF1.0_PDF26204,pdf,10,1.95,2.18,0.6217986941337585,0.6219191551208496,1.0001937298811134,0.00019372988026589155,0.00019372988026589155,0.019372988026589155
Pythia_plus,150,MUR1.0_MUF1.0_PDF26204,pdf,11,2.18,2.5,0.6207728385925293,0.6200516819953918,0.9988382922829347,-0.0011617076816037297,0.0011617076816037297,-0.11617076816037297
Pythia_plus,151,MUR1.0_MUF1.0_PDF26205,pdf,1,0.0,0.21,0.6547458171844482,0.6550293564796448,1.0004330524728142,0.0004330524825491011,0.0004330524825491011,0.04330524825491011
Pythia_plus,151,MUR1.0_MUF1.0_PDF26205,pdf,2,0.21,0.42,0.6447997093200684,0.6449122428894043,1.0001745248450167,0.00017452484462410212,0.00017452484462410212,0.01745248446241021
Pythia_plus,151,MUR1.0_MUF1.0_PDF26205,pdf,3,0.42,0.63,0.6357879638671875,0.6358513832092285,1.0000997492020063,9.974920249078423e-05,9.974920249078423e-05,0.009974920249078423
Pythia_plus,151,MUR1.0_MUF1.0_PDF26205,pdf,4,0.63,0.84,0.6187161207199097,0.6190136075019836,1.0004808130451295,0.0004808130324818194,0.0004808130324818194,0.04808130324818194
Pythia_plus,151,MUR1.0_MUF1.0_PDF26205,pdf,5,0.84,1.05,0.6409361958503723,0.6412193179130554,1.0004417320546353,0.0004417320596985519,0.0004417320596985519,0.04417320596985519
Pythia_plus,151,MUR1.0_MUF1.0_PDF26205,pdf,6,1.05,1.37,0.6362332105636597,0.6364210247993469,1.0002951971581628,0.0002951971546281129,0.0002951971546281129,0.02951971546281129
Pythia_plus,151,MUR1.0_MUF1.0_PDF26205,pdf,7,1.37,1.52,0.6330141425132751,0.6340346932411194,1.001612208415743,0.001612208434380591,0.001612208434380591,0.1612208434380591
Pythia_plus,151,MUR1.0_MUF1.0_PDF26205,pdf,8,1.52,1.74,0.6609900593757629,0.6615350842475891,1.0008245583486397,0.0008245583740063012,0.0008245583740063012,0.08245583740063012
Pythia_plus,151,MUR1.0_MUF1.0_PDF26205,pdf,9,1.74,1.95,0.6475628614425659,0.6483684182167053,1.0012439823561605,0.0012439823476597667,0.0012439823476597667,0.12439823476597667
Pythia_plus,151,MUR1.0_MUF1.0_PDF26205,pdf,10,1.95,2.18,0.6217986941337585,0.6220563054084778,1.0004143001218073,0.0004143001278862357,0.0004143001278862357,0.04143001278862357
Pythia_plus,151,MUR1.0_MUF1.0_PDF26205,pdf,11,2.18,2.5,0.6207728385925293,0.6201491355895996,0.9989952798122679,-0.0010047202231362462,0.0010047202231362462,-0.10047202231362462
Pythia_plus,152,MUR1.0_MUF1.0_PDF26206,pdf,1,0.0,0.21,0.6547458171844482,0.6550793647766113,1.0005094306575297,0.0005094306543469429,0.0005094306543469429,0.05094306543469429
Pythia_plus,152,MUR1.0_MUF1.0_PDF26206,pdf,2,0.21,0.42,0.6447997093200684,0.6449534296989441,1.0002384001987807,0.00023840020003262907,0.00023840020003262907,0.023840020003262907
Pythia_plus,152,MUR1.0_MUF1.0_PDF26206,pdf,3,0.42,0.63,0.6357879638671875,0.6358758807182312,1.0001382801437588,0.00013828014198224992,0.00013828014198224992,0.013828014198224992
Pythia_plus,152,MUR1.0_MUF1.0_PDF26206,pdf,4,0.63,0.84,0.6187161207199097,0.619111955165863,1.0006397674679832,0.0006397674442268908,0.0006397674442268908,0.06397674442268908
Pythia_plus,152,MUR1.0_MUF1.0_PDF26206,pdf,5,0.84,1.05,0.6409361958503723,0.641310453414917,1.0005839232781168,0.0005839233053848147,0.0005839233053848147,0.058392330538481474
Pythia_plus,152,MUR1.0_MUF1.0_PDF26206,pdf,6,1.05,1.37,0.6362332105636597,0.6364691853523254,1.0003708935414684,0.00037089354009367526,0.00037089354009367526,0.037089354009367526
Pythia_plus,152,MUR1.0_MUF1.0_PDF26206,pdf,7,1.37,1.52,0.6330141425132751,0.6342114806175232,1.0018914871309101,0.001891487161628902,0.001891487161628902,0.1891487161628902
Pythia_plus,152,MUR1.0_MUF1.0_PDF26206,pdf,8,1.52,1.74,0.6609900593757629,0.6616738438606262,1.001034485277296,0.001034485292620957,0.001034485292620957,0.10344852926209569
Pythia_plus,152,MUR1.0_MUF1.0_PDF26206,pdf,9,1.74,1.95,0.6475628614425659,0.6484673023223877,1.0013966842968836,0.001396684325300157,0.001396684325300157,0.1396684325300157
Pythia_plus,152,MUR1.0_MUF1.0_PDF26206,pdf,10,1.95,2.18,0.6217986941337585,0.6219777464866638,1.0002879587149258,0.0002879587118513882,0.0002879587118513882,0.02879587118513882
Pythia_plus,152,MUR1.0_MUF1.0_PDF26206,pdf,11,2.18,2.5,0.6207728385925293,0.620148241519928,0.9989938395597052,-0.0010061603970825672,0.0010061603970825672,-0.10061603970825672
Pythia_plus,153,MUR1.0_MUF1.0_PDF26207,pdf,1,0.0,0.21,0.6547458171844482,0.6550470590591431,1.0004600898039948,0.00046008979552425444,0.00046008979552425444,0.046008979552425444
Pythia_plus,153,MUR1.0_MUF1.0_PDF26207,pdf,2,0.21,0.42,0.6447997093200684,0.6449121236801147,1.000174339967003,0.00017433996254112571,0.00017433996254112571,0.01743399625411257
Pythia_plus,153,MUR1.0_MUF1.0_PDF26207,pdf,3,0.42,0.63,0.6357879638671875,0.6358319520950317,1.0000691869465044,6.918694998603314e-05,6.918694998603314e-05,0.006918694998603314
Pythia_plus,153,MUR1.0_MUF1.0_PDF26207,pdf,4,0.63,0.84,0.6187161207199097,0.6190679669380188,1.0005686714897613,0.0005686715012416244,0.0005686715012416244,0.056867150124162436
Pythia_plus,153,MUR1.0_MUF1.0_PDF26207,pdf,5,0.84,1.05,0.6409361958503723,0.641245424747467,1.0004824643998838,0.0004824644129257649,0.0004824644129257649,0.04824644129257649
Pythia_plus,153,MUR1.0_MUF1.0_PDF26207,pdf,6,1.05,1.37,0.6362332105636597,0.636446475982666,1.0003352000735979,0.0003352000785525888,0.0003352000785525888,0.03352000785525888
Pythia_plus,153,MUR1.0_MUF1.0_PDF26207,pdf,7,1.37,1.52,0.6330141425132751,0.6341336369514465,1.0017685141025865,0.001768514048308134,0.001768514048308134,0.1768514048308134
Pythia_plus,153,MUR1.0_MUF1.0_PDF26207,pdf,8,1.52,1.74,0.6609900593757629,0.6616383790969849,1.0009808312727642,0.00098083121702075,0.00098083121702075,0.098083121702075
Pythia_plus,153,MUR1.0_MUF1.0_PDF26207,pdf,9,1.74,1.95,0.6475628614425659,0.6484326720237732,1.0013432064020311,0.0013432063860818744,0.0013432063860818744,0.13432063860818744
Pythia_plus,153,MUR1.0_MUF1.0_PDF26207,pdf,10,1.95,2.18,0.6217986941337585,0.6219950914382935,1.0003158535172039,0.0003158535109832883,0.0003158535109832883,0.03158535109832883
Pythia_plus,153,MUR1.0_MUF1.0_PDF26207,pdf,11,2.18,2.5,0.6207728385925293,0.6201801896095276,0.9990453045846119,-0.000954695395193994,0.000954695395193994,-0.0954695395193994
Pythia_plus,154,MUR1.0_MUF1.0_PDF26208,pdf,1,0.0,0.21,0.6547458171844482,0.6550500392913818,1.0004646415432508,0.0004646415472961962,0.0004646415472961962,0.04646415472961962
Pythia_plus,154,MUR1.0_MUF1.0_PDF26208,pdf,2,0.21,0.42,0.6447997093200684,0.6449460387229919,1.000226937761926,0.0002269377582706511,0.0002269377582706511,0.02269377582706511
Pythia_plus,154,MUR1.0_MUF1.0_PDF26208,pdf,3,0.42,0.63,0.6357879638671875,0.6358897089958191,1.0001600299697602,0.00016002997290343046,0.00016002997290343046,0.016002997290343046
Pythia_plus,154,MUR1.0_MUF1.0_PDF26208,pdf,4,0.63,0.84,0.6187161207199097,0.6190389394760132,1.000521755851016,0.0005217558355070651,0.0005217558355070651,0.052175583550706506
Pythia_plus,154,MUR1.0_MUF1.0_PDF26208,pdf,5,0.84,1.05,0.6409361958503723,0.6412662863731384,1.0005150130775937,0.000515013060066849,0.000515013060066849,0.0515013060066849
Pythia_plus,154,MUR1.0_MUF1.0_PDF26208,pdf,6,1.05,1.37,0.6362332105636597,0.6364361643791199,1.00031899280341,0.00031899279565550387,0.00031899279565550387,0.03189927956555039
Pythia_plus,154,MUR1.0_MUF1.0_PDF26208,pdf,7,1.37,1.52,0.6330141425132751,0.6340881586074829,1.00169666998267,0.0016966699622571468,0.0016966699622571468,0.16966699622571468
Pythia_plus,154,MUR1.0_MUF1.0_PDF26208,pdf,8,1.52,1.74,0.6609900593757629,0.661554753780365,1.0008543160318255,0.0008543160511180758,0.0008543160511180758,0.08543160511180758
Pythia_plus,154,MUR1.0_MUF1.0_PDF26208,pdf,9,1.74,1.95,0.6475628614425659,0.6483917236328125,1.0012799717828167,0.001279971795156598,0.001279971795156598,0.1279971795156598
Pythia_plus,154,MUR1.0_MUF1.0_PDF26208,pdf,10,1.95,2.18,0.6217986941337585,0.6220497488975525,1.0004037556948293,0.00040375569369643927,0.00040375569369643927,0.04037556936964393
Pythia_plus,154,MUR1.0_MUF1.0_PDF26208,pdf,11,2.18,2.5,0.6207728385925293,0.6201190948486328,0.9989468873261615,-0.001053112675435841,0.001053112675435841,-0.10531126754358411
Pythia_plus,155,MUR1.0_MUF1.0_PDF26209,pdf,1,0.0,0.21,0.6547458171844482,0.6550784707069397,1.000508065135753,0.0005080651608295739,0.0005080651608295739,0.05080651608295739
Pythia_plus,155,MUR1.0_MUF1.0_PDF26209,pdf,2,0.21,0.42,0.6447997093200684,0.6450071930885315,1.0003217801829996,0.0003217801859136671,0.0003217801859136671,0.03217801859136671
Pythia_plus,155,MUR1.0_MUF1.0_PDF26209,pdf,3,0.42,0.63,0.6357879638671875,0.6359333395957947,1.0002286544207646,0.00022865441860631108,0.00022865441860631108,0.02286544186063111
Pythia_plus,155,MUR1.0_MUF1.0_PDF26209,pdf,4,0.63,0.84,0.6187161207199097,0.6190896034240723,1.0006036414627892,0.0006036414415575564,0.0006036414415575564,0.06036414415575564
Pythia_plus,155,MUR1.0_MUF1.0_PDF26209,pdf,5,0.84,1.05,0.6409361958503723,0.6413484215736389,1.000643161871549,0.0006431618821807206,0.0006431618821807206,0.06431618821807206
Pythia_plus,155,MUR1.0_MUF1.0_PDF26209,pdf,6,1.05,1.37,0.6362332105636597,0.6364532113075256,1.0003457863252234,0.0003457863349467516,0.0003457863349467516,0.03457863349467516
Pythia_plus,155,MUR1.0_MUF1.0_PDF26209,pdf,7,1.37,1.52,0.6330141425132751,0.6341522932052612,1.0017979861989612,0.0017979862168431282,0.0017979862168431282,0.17979862168431282
Pythia_plus,155,MUR1.0_MUF1.0_PDF26209,pdf,8,1.52,1.74,0.6609900593757629,0.6615696549415588,1.0008768597312088,0.000876859703566879,0.000876859703566879,0.0876859703566879
Pythia_plus,155,MUR1.0_MUF1.0_PDF26209,pdf,9,1.74,1.95,0.6475628614425659,0.6483985781669617,1.001290556908304,0.0012905568582937121,0.0012905568582937121,0.12905568582937121
Pythia_plus,155,MUR1.0_MUF1.0_PDF26209,pdf,10,1.95,2.18,0.6217986941337585,0.6219779849052429,1.0002883421486342,0.0002883421548176557,0.0002883421548176557,0.028834215481765568
Pythia_plus,155,MUR1.0_MUF1.0_PDF26209,pdf,11,2.18,2.5,0.6207728385925293,0.619937002658844,0.9986535558875604,-0.001346444129012525,0.001346444129012525,-0.1346444129012525
Pythia_plus,156,MUR1.0_MUF1.0_PDF26210,pdf,1,0.0,0.21,0.6547458171844482,0.6550186276435852,1.0004166662114928,0.00041666621109470725,0.00041666621109470725,0.041666621109470725
Pythia_plus,156,MUR1.0_MUF1.0_PDF26210,pdf,2,0.21,0.42,0.6447997093200684,0.6448490619659424,1.0000765394977087,7.653949433006346e-05,7.653949433006346e-05,0.007653949433006346
Pythia_plus,156,MUR1.0_MUF1.0_PDF26210,pdf,3,0.42,0.63,0.6357879638671875,0.6357895731925964,1.0000025312297502,2.531229711166816e-06,2.531229711166816e-06,0.0002531229711166816
Pythia_plus,156,MUR1.0_MUF1.0_PDF26210,pdf,4,0.63,0.84,0.6187161207199097,0.6190181970596313,1.000488230918196,0.0004882309294771403,0.0004882309294771403,0.04882309294771403
Pythia_plus,156,MUR1.0_MUF1.0_PDF26210,pdf,5,0.84,1.05,0.6409361958503723,0.6411624550819397,1.0003530136588201,0.0003530136600602418,0.0003530136600602418,0.03530136600602418
Pythia_plus,156,MUR1.0_MUF1.0_PDF26210,pdf,6,1.05,1.37,0.6362332105636597,0.6364304423332214,1.0003099991737103,0.00030999918817542493,0.00030999918817542493,0.030999918817542493
Pythia_plus,156,MUR1.0_MUF1.0_PDF26210,pdf,7,1.37,1.52,0.6330141425132751,0.634063184261322,1.0016572169207498,0.0016572169261053205,0.0016572169261053205,0.16572169261053205
Pythia_plus,156,MUR1.0_MUF1.0_PDF26210,pdf,8,1.52,1.74,0.6609900593757629,0.6616175174713135,1.0009492700936276,0.0009492700919508934,0.0009492700919508934,0.09492700919508934
Pythia_plus,156,MUR1.0_MUF1.0_PDF26210,pdf,9,1.74,1.95,0.6475628614425659,0.6484214067459106,1.0013258099784046,0.0013258099788799882,0.0013258099788799882,0.13258099788799882
Pythia_plus,156,MUR1.0_MUF1.0_PDF26210,pdf,10,1.95,2.18,0.6217986941337585,0.6220697164535522,1.0004358682678987,0.0004358682781457901,0.0004358682781457901,0.04358682781457901
Pythia_plus,156,MUR1.0_MUF1.0_PDF26210,pdf,11,2.18,2.5,0.6207728385925293,0.6203622817993164,0.999338636023213,-0.000661363999824971,0.000661363999824971,-0.0661363999824971
Pythia_plus,157,MUR1.0_MUF1.0_PDF13315,pdf,1,0.0,0.21,0.6547458171844482,0.6547499299049377,1.0000062814001733,6.28140014669043e-06,6.28140014669043e-06,0.000628140014669043
Pythia_plus,157,MUR1.0_MUF1.0_PDF13315,pdf,2,0.21,0.42,0.6447997093200684,0.64481520652771,1.0000240341417925,2.403414146101568e-05,2.403414146101568e-05,0.002403414146101568
Pythia_plus,157,MUR1.0_MUF1.0_PDF13315,pdf,3,0.42,0.63,0.6357879638671875,0.6357999444007874,1.0000188435992512,1.8843598809326068e-05,1.8843598809326068e-05,0.0018843598809326068
Pythia_plus,157,MUR1.0_MUF1.0_PDF13315,pdf,4,0.63,0.84,0.6187161207199097,0.6187023520469666,0.9999777463808005,-2.225362004537601e-05,2.225362004537601e-05,-0.002225362004537601
Pythia_plus,157,MUR1.0_MUF1.0_PDF13315,pdf,5,0.84,1.05,0.6409361958503723,0.6409313678741455,0.9999924673060157,-7.532693871326046e-06,7.532693871326046e-06,-0.0007532693871326046
Pythia_plus,157,MUR1.0_MUF1.0_PDF13315,pdf,6,1.05,1.37,0.6362332105636597,0.63625568151474,1.0000353187332998,3.5318731534061953e-05,3.5318731534061953e-05,0.0035318731534061953
Pythia_plus,157,MUR1.0_MUF1.0_PDF13315,pdf,7,1.37,1.52,0.6330141425132751,0.6330001354217529,0.9999778723877059,-2.2127613192424178e-05,2.2127613192424178e-05,-0.002212761319242418
Pythia_plus,157,MUR1.0_MUF1.0_PDF13315,pdf,8,1.52,1.74,0.6609900593757629,0.6609646081924438,0.9999614953614535,-3.8504636904690415e-05,3.8504636904690415e-05,-0.0038504636904690415
Pythia_plus,157,MUR1.0_MUF1.0_PDF13315,pdf,9,1.74,1.95,0.6475628614425659,0.6475531458854675,0.9999849967351792,-1.5003264707047492e-05,1.5003264707047492e-05,-0.0015003264707047492
Pythia_plus,157,MUR1.0_MUF1.0_PDF13315,pdf,10,1.95,2.18,0.6217986941337585,0.6218183636665344,1.000031633280934,3.16332807415165e-05,3.16332807415165e-05,0.00316332807415165
Pythia_plus,157,MUR1.0_MUF1.0_PDF13315,pdf,11,2.18,2.5,0.6207728385925293,0.6207515001296997,0.9999656259721704,-3.437402847339399e-05,3.437402847339399e-05,-0.003437402847339399
Pythia_plus,158,MUR1.0_MUF1.0_PDF26211,pdf,1,0.0,0.21,0.6547458171844482,0.6549561023712158,1.0003211707219022,0.0003211707226000726,0.0003211707226000726,0.03211707226000726
Pythia_plus,158,MUR1.0_MUF1.0_PDF26211,pdf,2,0.21,0.42,0.6447997093200684,0.6447054147720337,0.999853761491093,-0.0001462385116610676,0.0001462385116610676,-0.01462385116610676
Pythia_plus,158,MUR1.0_MUF1.0_PDF26211,pdf,3,0.42,0.63,0.6357879638671875,0.6356926560401917,0.9998500949492404,-0.0001499050558777526,0.0001499050558777526,-0.01499050558777526
Pythia_plus,158,MUR1.0_MUF1.0_PDF26211,pdf,4,0.63,0.84,0.6187161207199097,0.6189531683921814,1.0003831283270848,0.0003831283247563988,0.0003831283247563988,0.03831283247563988
Pythia_plus,158,MUR1.0_MUF1.0_PDF26211,pdf,5,0.84,1.05,0.6409361958503723,0.6409929990768433,1.000088625399593,8.862539834808558e-05,8.862539834808558e-05,0.008862539834808558
Pythia_plus,158,MUR1.0_MUF1.0_PDF26211,pdf,6,1.05,1.37,0.6362332105636597,0.6364331245422363,1.000314214937632,0.0003142149362247437,0.0003142149362247437,0.03142149362247437
Pythia_plus,158,MUR1.0_MUF1.0_PDF26211,pdf,7,1.37,1.52,0.6330141425132751,0.6340519785881042,1.0016395148309145,0.0016395148122683167,0.0016395148122683167,0.16395148122683167
Pythia_plus,158,MUR1.0_MUF1.0_PDF26211,pdf,8,1.52,1.74,0.6609900593757629,0.6617981195449829,1.001222499730152,0.001222499762661755,0.001222499762661755,0.12224997626617551
Pythia_plus,158,MUR1.0_MUF1.0_PDF26211,pdf,9,1.74,1.95,0.6475628614425659,0.6485301852226257,1.0014937913176567,0.001493791351094842,0.001493791351094842,0.1493791351094842
Pythia_plus,158,MUR1.0_MUF1.0_PDF26211,pdf,10,1.95,2.18,0.6217986941337585,0.6222410202026367,1.000711365387305,0.000711365370079875,0.000711365370079875,0.0711365370079875
Pythia_plus,158,MUR1.0_MUF1.0_PDF26211,pdf,11,2.18,2.5,0.6207728385925293,0.6212660670280457,1.000794539330417,0.000794539344497025,0.000794539344497025,0.0794539344497025
Pythia_plus,159,MUR1.0_MUF1.0_PDF26212,pdf,1,0.0,0.21,0.6547458171844482,0.6551406979560852,1.0006031054514177,0.0006031054654158652,0.0006031054654158652,0.06031054654158652
Pythia_plus,159,MUR1.0_MUF1.0_PDF26212,pdf,2,0.21,0.42,0.6447997093200684,0.6451534628868103,1.0005486255059186,0.0005486254813149571,0.0005486254813149571,0.054862548131495714
Pythia_plus,159,MUR1.0_MUF1.0_PDF26212,pdf,3,0.42,0.63,0.6357879638671875,0.6360356211662292,1.000389528133775,0.0003895281406585127,0.0003895281406585127,0.03895281406585127
Pythia_plus,159,MUR1.0_MUF1.0_PDF26212,pdf,4,0.63,0.84,0.6187161207199097,0.6191540956497192,1.0007078770297757,0.0007078770431689918,0.0007078770431689918,0.07078770431689918
Pythia_plus,159,MUR1.0_MUF1.0_PDF26212,pdf,5,0.84,1.05,0.6409361958503723,0.6415255665779114,1.0009195466434175,0.0009195466409437358,0.0009195466409437358,0.09195466409437358
Pythia_plus,159,MUR1.0_MUF1.0_PDF26212,pdf,6,1.05,1.37,0.6362332105636597,0.6364527940750122,1.0003451305397246,0.00034513053833507,0.00034513053833507,0.034513053833507
Pythia_plus,159,MUR1.0_MUF1.0_PDF26212,pdf,7,1.37,1.52,0.6330141425132751,0.6341649889945984,1.0018180422901044,0.0018180422484874725,0.0018180422484874725,0.18180422484874725
Pythia_plus,159,MUR1.0_MUF1.0_PDF26212,pdf,8,1.52,1.74,0.6609900593757629,0.6613839864730835,1.000595965236894,0.000595965248066932,0.000595965248066932,0.059596524806693196
Pythia_plus,159,MUR1.0_MUF1.0_PDF26212,pdf,9,1.74,1.95,0.6475628614425659,0.6482877135276794,1.0011193540091208,0.0011193540412932634,0.0011193540412932634,0.11193540412932634
Pythia_plus,159,MUR1.0_MUF1.0_PDF26212,pdf,10,1.95,2.18,0.6217986941337585,0.6217965483665466,0.9999965490966254,-3.4509034776419867e-06,3.4509034776419867e-06,-0.00034509034776419867
Pythia_plus,159,MUR1.0_MUF1.0_PDF26212,pdf,11,2.18,2.5,0.6207728385925293,0.6189715266227722,0.9970982751535309,-0.002901724772527814,0.002901724772527814,-0.2901724772527814
Pythia_plus,160,MUR1.0_MUF1.0_PDF26213,pdf,1,0.0,0.21,0.6547458171844482,0.655127763748169,1.0005833509030468,0.0005833508912473917,0.0005833508912473917,0.05833508912473917
Pythia_plus,160,MUR1.0_MUF1.0_PDF26213,pdf,2,0.21,0.42,0.6447997093200684,0.6451370120048523,1.0005231123400158,0.0005231123650446534,0.0005231123650446534,0.05231123650446534
Pythia_plus,160,MUR1.0_MUF1.0_PDF26213,pdf,3,0.42,0.63,0.6357879638671875,0.6360427141189575,1.0004006842945257,0.00040068430826067924,0.00040068430826067924,0.040068430826067924
Pythia_plus,160,MUR1.0_MUF1.0_PDF26213,pdf,4,0.63,0.84,0.6187161207199097,0.619113028049469,1.0006415015162324,0.0006415015086531639,0.0006415015086531639,0.06415015086531639
Pythia_plus,160,MUR1.0_MUF1.0_PDF26213,pdf,5,0.84,1.05,0.6409361958503723,0.6414782404899597,1.000845707643127,0.0008457076619379222,0.0008457076619379222,0.08457076619379222
Pythia_plus,160,MUR1.0_MUF1.0_PDF26213,pdf,6,1.05,1.37,0.6362332105636597,0.6364377737045288,1.000321522261763,0.0003215222677681595,0.0003215222677681595,0.03215222677681595
Pythia_plus,160,MUR1.0_MUF1.0_PDF26213,pdf,7,1.37,1.52,0.6330141425132751,0.6341102719306946,1.001731603362079,0.0017316034063696861,0.0017316034063696861,0.1731603406369686
Pythia_plus,160,MUR1.0_MUF1.0_PDF26213,pdf,8,1.52,1.74,0.6609900593757629,0.6613736748695374,1.000580364996921,0.0005803650128655136,0.0005803650128655136,0.058036501286551356
Pythia_plus,160,MUR1.0_MUF1.0_PDF26213,pdf,9,1.74,1.95,0.6475628614425659,0.6482672095298767,1.001087690677229,0.0010876907035708427,0.0010876907035708427,0.10876907035708427
Pythia_plus,160,MUR1.0_MUF1.0_PDF26213,pdf,10,1.95,2.18,0.6217986941337585,0.621860921382904,1.0001000761978638,0.00010007619857788086,0.00010007619857788086,0.010007619857788086
Pythia_plus,160,MUR1.0_MUF1.0_PDF26213,pdf,11,2.18,2.5,0.6207728385925293,0.6192534565925598,0.9975524347949657,-0.002447565319016576,0.002447565319016576,-0.24475653190165758
Pythia_plus,161,MUR1.0_MUF1.0_PDF26214,pdf,1,0.0,0.21,0.6547458171844482,0.6549772620201111,1.0003534880706197,0.00035348808160051703,0.00035348808160051703,0.0353488081600517
Pythia_plus,161,MUR1.0_MUF1.0_PDF26214,pdf,2,0.21,0.42,0.6447997093200684,0.6447426676750183,0.999911535870402,-8.84641267475672e-05,8.84641267475672e-05,-0.00884641267475672
Pythia_plus,161,MUR1.0_MUF1.0_PDF26214,pdf,3,0.42,0.63,0.6357879638671875,0.6356999278068542,0.9998615323577411,-0.00013846764340996742,0.00013846764340996742,-0.013846764340996742
Pythia_plus,161,MUR1.0_MUF1.0_PDF26214,pdf,4,0.63,0.84,0.6187161207199097,0.6190013289451599,1.0004609678262761,0.00046096782898530364,0.00046096782898530364,0.046096782898530364
Pythia_plus,161,MUR1.0_MUF1.0_PDF26214,pdf,5,0.84,1.05,0.6409361958503723,0.6410598158836365,1.000192874164487,0.00019287416944280267,0.00019287416944280267,0.019287416944280267
Pythia_plus,161,MUR1.0_MUF1.0_PDF26214,pdf,6,1.05,1.37,0.6362332105636597,0.6364450454711914,1.000332951666173,0.00033295166213065386,0.00033295166213065386,0.033295166213065386
Pythia_plus,161,MUR1.0_MUF1.0_PDF26214,pdf,7,1.37,1.52,0.6330141425132751,0.6341105699539185,1.0017320741623403,0.0017320741899311543,0.0017320741899311543,0.17320741899311543
Pythia_plus,161,MUR1.0_MUF1.0_PDF26214,pdf,8,1.52,1.74,0.6609900593757629,0.6617876887321472,1.0012067191405838,0.001206719083711505,0.001206719083711505,0.1206719083711505
Pythia_plus,161,MUR1.0_MUF1.0_PDF26214,pdf,9,1.74,1.95,0.6475628614425659,0.6485399603843689,1.001508886627047,0.0015088865766301751,0.0015088865766301751,0.1508886576630175
Pythia_plus,161,MUR1.0_MUF1.0_PDF26214,pdf,10,1.95,2.18,0.6217986941337585,0.6221626400947571,1.0005853115557046,0.0005853115580976009,0.0005853115580976009,0.058531155809760094
Pythia_plus,161,MUR1.0_MUF1.0_PDF26214,pdf,11,2.18,2.5,0.6207728385925293,0.6209177374839783,1.0002334169319933,0.0002334169257665053,0.0002334169257665053,0.02334169257665053
Pythia_plus,162,MUR1.0_MUF1.0_PDF26215,pdf,1,0.0,0.21,0.6547458171844482,0.6550792455673218,1.0005092485879594,0.0005092485807836056,0.0005092485807836056,0.05092485807836056
Pythia_plus,162,MUR1.0_MUF1.0_PDF26215,pdf,2,0.21,0.42,0.6447997093200684,0.6450042128562927,1.0003171582326549,0.00031715823570266366,0.00031715823570266366,0.031715823570266366
Pythia_plus,162,MUR1.0_MUF1.0_PDF26215,pdf,3,0.42,0.63,0.6357879638671875,0.6359316110610962,1.0002259356925145,0.00022593569883611053,0.00022593569883611053,0.022593569883611053
Pythia_plus,162,MUR1.0_MUF1.0_PDF26215,pdf,4,0.63,0.84,0.6187161207199097,0.6190778613090515,1.0005846632680606,0.0005846632411703467,0.0005846632411703467,0.058466324117034674
Pythia_plus,162,MUR1.0_MUF1.0_PDF26215,pdf,5,0.84,1.05,0.6409361958503723,0.6413422226905823,1.000633490264458,0.0006334902718663216,0.0006334902718663216,0.06334902718663216
Pythia_plus,162,MUR1.0_MUF1.0_PDF26215,pdf,6,1.05,1.37,0.6362332105636597,0.6364416480064392,1.0003276116985387,0.00032761169131845236,0.00032761169131845236,0.032761169131845236
Pythia_plus,162,MUR1.0_MUF1.0_PDF26215,pdf,7,1.37,1.52,0.6330141425132751,0.6341199278831482,1.001746857290554,0.0017468573059886694,0.0017468573059886694,0.17468573059886694
Pythia_plus,162,MUR1.0_MUF1.0_PDF26215,pdf,8,1.52,1.74,0.6609900593757629,0.6615194082260132,1.0008008423768886,0.0008008423610590398,0.0008008423610590398,0.08008423610590398
Pythia_plus,162,MUR1.0_MUF1.0_PDF26215,pdf,9,1.74,1.95,0.6475628614425659,0.6483699679374695,1.0012463755149663,0.001246375497430563,0.001246375497430563,0.1246375497430563
Pythia_plus,162,MUR1.0_MUF1.0_PDF26215,pdf,10,1.95,2.18,0.6217986941337585,0.6219782829284668,1.0002888214407695,0.0002888214366976172,0.0002888214366976172,0.028882143669761717
Pythia_plus,162,MUR1.0_MUF1.0_PDF26215,pdf,11,2.18,2.5,0.6207728385925293,0.619836151599884,0.9984910953984891,-0.0015089046210050583,0.0015089046210050583,-0.15089046210050583
Pythia_plus,163,MUR1.0_MUF1.0_PDF26216,pdf,1,0.0,0.21,0.6547458171844482,0.6550158262252808,1.000412387576592,0.00041238756966777146,0.00041238756966777146,0.041238756966777146
Pythia_plus,163,MUR1.0_MUF1.0_PDF26216,pdf,2,0.21,0.42,0.6447997093200684,0.6448472142219543,1.000073673888495,7.367388752754778e-05,7.367388752754778e-05,0.007367388752754778
Pythia_plus,163,MUR1.0_MUF1.0_PDF26216,pdf,3,0.42,0.63,0.6357879638671875,0.6357846260070801,0.9999947500419997,-5.249958121567033e-06,5.249958121567033e-06,-0.0005249958121567033
Pythia_plus,163,MUR1.0_MUF1.0_PDF26216,pdf,4,0.63,0.84,0.6187161207199097,0.619029700756073,1.000506823768869,0.0005068237660452724,0.0005068237660452724,0.050682376604527235
Pythia_plus,163,MUR1.0_MUF1.0_PDF26216,pdf,5,0.84,1.05,0.6409361958503723,0.6411622762680054,1.000352734670154,0.00035273467074148357,0.00035273467074148357,0.03527346707414836
Pythia_plus,163,MUR1.0_MUF1.0_PDF26216,pdf,6,1.05,1.37,0.6362332105636597,0.6364407539367676,1.0003262064438982,0.00032620644196867943,0.00032620644196867943,0.03262064419686794
Pythia_plus,163,MUR1.0_MUF1.0_PDF26216,pdf,7,1.37,1.52,0.6330141425132751,0.6340958476066589,1.0017088166294186,0.0017088166205212474,0.0017088166205212474,0.17088166205212474
Pythia_plus,163,MUR1.0_MUF1.0_PDF26216,pdf,8,1.52,1.74,0.6609900593757629,0.661674976348877,1.0010361985984493,0.001036198576912284,0.001036198576912284,0.10361985769122839
Pythia_plus,163,MUR1.0_MUF1.0_PDF26216,pdf,9,1.74,1.95,0.6475628614425659,0.6484555602073669,1.0013785515167013,0.0013785514747723937,0.0013785514747723937,0.13785514747723937
Pythia_plus,163,MUR1.0_MUF1.0_PDF26216,pdf,10,1.95,2.18,0.6217986941337585,0.622072696685791,1.0004406611892522,0.0004406611842568964,0.0004406611842568964,0.04406611842568964
Pythia_plus,163,MUR1.0_MUF1.0_PDF26216,pdf,11,2.18,2.5,0.6207728385925293,0.6204943060874939,0.9995513133183035,-0.0004486866819206625,0.0004486866819206625,-0.04486866819206625
Pythia_plus,164,MUR1.0_MUF1.0_PDF26217,pdf,1,0.0,0.21,0.6547458171844482,0.6551473736763,1.0006133013473513,0.0006133013521321118,0.0006133013521321118,0.06133013521321118
Pythia_plus,164,MUR1.0_MUF1.0_PDF26217,pdf,2,0.21,0.42,0.6447997093200684,0.6449012756347656,1.0001575160677483,0.00015751607134006917,0.00015751607134006917,0.015751607134006917
Pythia_plus,164,MUR1.0_MUF1.0_PDF26217,pdf,3,0.42,0.63,0.6357879638671875,0.6357133388519287,0.9998826259389925,-0.00011737406020984054,0.00011737406020984054,-0.011737406020984054
Pythia_plus,164,MUR1.0_MUF1.0_PDF26217,pdf,4,0.63,0.84,0.6187161207199097,0.6192742586135864,1.000902090433699,0.0009020904544740915,0.0009020904544740915,0.09020904544740915
Pythia_plus,164,MUR1.0_MUF1.0_PDF26217,pdf,5,0.84,1.05,0.6409361958503723,0.6413208246231079,1.0006001046207498,0.0006001046276651323,0.0006001046276651323,0.06001046276651323
Pythia_plus,164,MUR1.0_MUF1.0_PDF26217,pdf,6,1.05,1.37,0.6362332105636597,0.6365205645561218,1.00045164884148,0.0004516488406807184,0.0004516488406807184,0.04516488406807184
Pythia_plus,164,MUR1.0_MUF1.0_PDF26217,pdf,7,1.37,1.52,0.6330141425132751,0.634463369846344,1.0022894075119948,0.0022894074209034443,0.0022894074209034443,0.22894074209034443
Pythia_plus,164,MUR1.0_MUF1.0_PDF26217,pdf,8,1.52,1.74,0.6609900593757629,0.661863386631012,1.0013212411334502,0.0013212411431595683,0.0013212411431595683,0.13212411431595683
Pythia_plus,164,MUR1.0_MUF1.0_PDF26217,pdf,9,1.74,1.95,0.6475628614425659,0.6486172676086426,1.001628268433628,0.0016282683936879039,0.0016282683936879039,0.1628268393687904
Pythia_plus,164,MUR1.0_MUF1.0_PDF26217,pdf,10,1.95,2.18,0.6217986941337585,0.621745228767395,0.9999140149909159,-8.598501153755933e-05,8.598501153755933e-05,-0.008598501153755933
Pythia_plus,164,MUR1.0_MUF1.0_PDF26217,pdf,11,2.18,2.5,0.6207728385925293,0.6198081374168396,0.9984459674848581,-0.0015540325548499823,0.0015540325548499823,-0.15540325548499823
Pythia_plus,165,MUR1.0_MUF1.0_PDF26218,pdf,1,0.0,0.21,0.6547458171844482,0.6549381017684937,1.0002936782167962,0.000293678225716576,0.000293678225716576,0.029367822571657598
Pythia_plus,165,MUR1.0_MUF1.0_PDF26218,pdf,2,0.21,0.42,0.6447997093200684,0.6449620723724365,1.0002518038547805,0.0002518038672860712,0.0002518038672860712,0.025180386728607118
Pythia_plus,165,MUR1.0_MUF1.0_PDF26218,pdf,3,0.42,0.63,0.6357879638671875,0.6360290050506592,1.0003791219670242,0.0003791219787672162,0.0003791219787672162,0.03791219787672162
Pythia_plus,165,MUR1.0_MUF1.0_PDF26218,pdf,4,0.63,0.84,0.6187161207199097,0.6188080310821533,1.000148550133358,0.00014855012705083936,0.00014855012705083936,0.014855012705083936
Pythia_plus,165,MUR1.0_MUF1.0_PDF26218,pdf,5,0.84,1.05,0.6409361958503723,0.6411831378936768,1.000385283347864,0.0003852833469863981,0.0003852833469863981,0.03852833469863981
Pythia_plus,165,MUR1.0_MUF1.0_PDF26218,pdf,6,1.05,1.37,0.6362332105636597,0.6363517642021179,1.0001863367653399,0.00018633676518220454,0.00018633676518220454,0.018633676518220454
Pythia_plus,165,MUR1.0_MUF1.0_PDF26218,pdf,7,1.37,1.52,0.6330141425132751,0.6337096095085144,1.0010986594904152,0.0010986594716086984,0.0010986594716086984,0.10986594716086984
Pythia_plus,165,MUR1.0_MUF1.0_PDF26218,pdf,8,1.52,1.74,0.6609900593757629,0.661292314529419,1.0004572763982886,0.0004572763864416629,0.0004572763864416629,0.04572763864416629
Pythia_plus,165,MUR1.0_MUF1.0_PDF26218,pdf,9,1.74,1.95,0.6475628614425659,0.648179829120636,1.0009527533384106,0.0009527533547952771,0.0009527533547952771,0.09527533547952771
Pythia_plus,165,MUR1.0_MUF1.0_PDF26218,pdf,10,1.95,2.18,0.6217986941337585,0.622336208820343,1.0008644512953397,0.0008644512854516506,0.0008644512854516506,0.08644512854516506
Pythia_plus,165,MUR1.0_MUF1.0_PDF26218,pdf,11,2.18,2.5,0.6207728385925293,0.6205330491065979,0.9996137242626867,-0.0003862757293973118,0.0003862757293973118,-0.03862757293973118
Pythia_plus,166,MUR1.0_MUF1.0_PDF26219,pdf,1,0.0,0.21,0.6547458171844482,0.6553021669387817,1.000849718684307,0.0008497186936438084,0.0008497186936438084,0.08497186936438084
Pythia_plus,166,MUR1.0_MUF1.0_PDF26219,pdf,2,0.21,0.42,0.6447997093200684,0.6446243524551392,0.9997280444417165,-0.0002719555632211268,0.0002719555632211268,-0.02719555632211268
Pythia_plus,166,MUR1.0_MUF1.0_PDF26219,pdf,3,0.42,0.63,0.6357879638671875,0.6351796388626099,0.9990431951544387,-0.0009568048408254981,0.0009568048408254981,-0.09568048408254981
Pythia_plus,166,MUR1.0_MUF1.0_PDF26219,pdf,4,0.63,0.84,0.6187161207199097,0.619813084602356,1.0017729679989102,0.0017729679821059108,0.0017729679821059108,0.17729679821059108
Pythia_plus,166,MUR1.0_MUF1.0_PDF26219,pdf,5,0.84,1.05,0.6409361958503723,0.6413527131080627,1.000649857599535,0.0006498576258309186,0.0006498576258309186,0.06498576258309186
Pythia_plus,166,MUR1.0_MUF1.0_PDF26219,pdf,6,1.05,1.37,0.6362332105636597,0.6367678642272949,1.0008403422750622,0.0008403422543779016,0.0008403422543779016,0.08403422543779016
Pythia_plus,166,MUR1.0_MUF1.0_PDF26219,pdf,7,1.37,1.52,0.6330141425132751,0.6355428695678711,1.0039947402194778,0.003994740080088377,0.003994740080088377,0.3994740080088377
Pythia_plus,166,MUR1.0_MUF1.0_PDF26219,pdf,8,1.52,1.74,0.6609900593757629,0.6629158854484558,1.0029135477082842,0.0029135476797819138,0.0029135476797819138,0.2913547679781914
Pythia_plus,166,MUR1.0_MUF1.0_PDF26219,pdf,9,1.74,1.95,0.6475628614425659,0.6494523286819458,1.0029178128516678,0.002917812904343009,0.002917812904343009,0.2917812904343009
Pythia_plus,166,MUR1.0_MUF1.0_PDF26219,pdf,10,1.95,2.18,0.6217986941337585,0.621285617351532,0.99917485065976,-0.0008251493563875556,0.0008251493563875556,-0.08251493563875556
Pythia_plus,166,MUR1.0_MUF1.0_PDF26219,pdf,11,2.18,2.5,0.6207728385925293,0.6196449995040894,0.998183169400586,-0.0018168305978178978,0.0018168305978178978,-0.18168305978178978
Pythia_plus,167,MUR1.0_MUF1.0_PDF26220,pdf,1,0.0,0.21,0.6547458171844482,0.6548723578453064,1.0001932668488092,0.00019326685287524015,0.00019326685287524015,0.019326685287524015
Pythia_plus,167,MUR1.0_MUF1.0_PDF26220,pdf,2,0.21,0.42,0.6447997093200684,0.645141065120697,1.0005293981924845,0.0005293982103466988,0.0005293982103466988,0.052939821034669876
Pythia_plus,167,MUR1.0_MUF1.0_PDF26220,pdf,3,0.42,0.63,0.6357879638671875,0.6363385915756226,1.0008660555715554,0.0008660555467940867,0.0008660555467940867,0.08660555467940867
Pythia_plus,167,MUR1.0_MUF1.0_PDF26220,pdf,4,0.63,0.84,0.6187161207199097,0.6185231804847717,0.999688160323165,-0.0003118396853096783,0.0003118396853096783,-0.03118396853096783
Pythia_plus,167,MUR1.0_MUF1.0_PDF26220,pdf,5,0.84,1.05,0.6409361958503723,0.6411901712417603,1.0003962569020635,0.00039625688805244863,0.00039625688805244863,0.03962568880524486
Pythia_plus,167,MUR1.0_MUF1.0_PDF26220,pdf,6,1.05,1.37,0.6362332105636597,0.6362084150314331,0.9999610276046348,-3.897239366779104e-05,3.897239366779104e-05,-0.003897239366779104
Pythia_plus,167,MUR1.0_MUF1.0_PDF26220,pdf,7,1.37,1.52,0.6330141425132751,0.6330845355987549,1.0001112030217845,0.00011120302224298939,0.00011120302224298939,0.011120302224298939
Pythia_plus,167,MUR1.0_MUF1.0_PDF26220,pdf,8,1.52,1.74,0.6609900593757629,0.6606463193893433,0.9994799619426284,-0.0005200380692258477,0.0005200380692258477,-0.05200380692258477
Pythia_plus,167,MUR1.0_MUF1.0_PDF26220,pdf,9,1.74,1.95,0.6475628614425659,0.6476631760597229,1.0001549110103898,0.0001549110165797174,0.0001549110165797174,0.01549110165797174
Pythia_plus,167,MUR1.0_MUF1.0_PDF26220,pdf,10,1.95,2.18,0.6217986941337585,0.6225590109825134,1.0012227700957368,0.0012227700790390372,0.0012227700790390372,0.12227700790390372
Pythia_plus,167,MUR1.0_MUF1.0_PDF26220,pdf,11,2.18,2.5,0.6207728385925293,0.6205142736434937,0.9995834789588702,-0.00041652104118838906,0.00041652104118838906,-0.041652104118838906
Pythia_plus,168,MUR1.0_MUF1.0_PDF13316,pdf,1,0.0,0.21,0.6547458171844482,0.6547489166259766,1.0000047338088263,4.733808964374475e-06,4.733808964374475e-06,0.0004733808964374475
Pythia_plus,168,MUR1.0_MUF1.0_PDF13316,pdf,2,0.21,0.42,0.6447997093200684,0.6448111534118652,1.0000177482893238,1.774828888301272e-05,1.774828888301272e-05,0.001774828888301272
Pythia_plus,168,MUR1.0_MUF1.0_PDF13316,pdf,3,0.42,0.63,0.6357879638671875,0.6357991099357605,1.0000175311097512,1.7531110643176362e-05,1.7531110643176362e-05,0.0017531110643176362
Pythia_plus,168,MUR1.0_MUF1.0_PDF13316,pdf,4,0.63,0.84,0.6187161207199097,0.6187009811401367,0.9999755306524819,-2.446934740873985e-05,2.446934740873985e-05,-0.002446934740873985
Pythia_plus,168,MUR1.0_MUF1.0_PDF13316,pdf,5,0.84,1.05,0.6409361958503723,0.6409310698509216,0.9999920023249056,-7.99767531134421e-06,7.99767531134421e-06,-0.000799767531134421
Pythia_plus,168,MUR1.0_MUF1.0_PDF13316,pdf,6,1.05,1.37,0.6362332105636597,0.6362572312355042,1.0000377545080101,3.7754507502540946e-05,3.7754507502540946e-05,0.0037754507502540946
Pythia_plus,168,MUR1.0_MUF1.0_PDF13316,pdf,7,1.37,1.52,0.6330141425132751,0.6329983472824097,0.9999750475861364,-2.495241460565012e-05,2.495241460565012e-05,-0.002495241460565012
Pythia_plus,168,MUR1.0_MUF1.0_PDF13316,pdf,8,1.52,1.74,0.6609900593757629,0.6609630584716797,0.9999591508167176,-4.084918327862397e-05,4.084918327862397e-05,-0.004084918327862397
Pythia_plus,168,MUR1.0_MUF1.0_PDF13316,pdf,9,1.74,1.95,0.6475628614425659,0.6475511789321899,0.9999819592643872,-1.80407350853784e-05,1.80407350853784e-05,-0.00180407350853784
Pythia_plus,168,MUR1.0_MUF1.0_PDF13316,pdf,10,1.95,2.18,0.6217986941337585,0.6218191385269165,1.0000328794404858,3.287944127805531e-05,3.287944127805531e-05,0.003287944127805531
Pythia_plus,168,MUR1.0_MUF1.0_PDF13316,pdf,11,2.18,2.5,0.6207728385925293,0.6207505464553833,0.9999640897027703,-3.591029599192552e-05,3.591029599192552e-05,-0.0035910295991925523
Pythia_plus,169,MUR1.0_MUF1.0_PDF26221,pdf,1,0.0,0.21,0.6547458171844482,0.6550663113594055,1.0004894940395885,0.000489494064822793,0.000489494064822793,0.0489494064822793
Pythia_plus,169,MUR1.0_MUF1.0_PDF26221,pdf,2,0.21,0.42,0.6447997093200684,0.6448789238929749,1.0001228514401628,0.0001228514447575435,0.0001228514447575435,0.01228514447575435
Pythia_plus,169,MUR1.0_MUF1.0_PDF26221,pdf,3,0.42,0.63,0.6357879638671875,0.6357909440994263,1.0000046874625004,4.687462478614179e-06,4.687462478614179e-06,0.00046874624786141794
Pythia_plus,169,MUR1.0_MUF1.0_PDF26221,pdf,4,0.63,0.84,0.6187161207199097,0.619101345539093,1.0006226196575179,0.000622619641944766,0.000622619641944766,0.062261964194476604
Pythia_plus,169,MUR1.0_MUF1.0_PDF26221,pdf,5,0.84,1.05,0.6409361958503723,0.6412322521209717,1.0004619122348155,0.00046191224828362465,0.00046191224828362465,0.046191224828362465
Pythia_plus,169,MUR1.0_MUF1.0_PDF26221,pdf,6,1.05,1.37,0.6362332105636597,0.6364697217941284,1.0003717366942528,0.0003717367071658373,0.0003717367071658373,0.03717367071658373
Pythia_plus,169,MUR1.0_MUF1.0_PDF26221,pdf,7,1.37,1.52,0.6330141425132751,0.634218156337738,1.0019020330567696,0.0019020331092178822,0.0019020331092178822,0.19020331092178822
Pythia_plus,169,MUR1.0_MUF1.0_PDF26221,pdf,8,1.52,1.74,0.6609900593757629,0.6617172956466675,1.0011002227046975,0.0011002226965501904,0.0011002226965501904,0.11002226965501904
Pythia_plus,169,MUR1.0_MUF1.0_PDF26221,pdf,9,1.74,1.95,0.6475628614425659,0.6485110521316528,1.0014642450108622,0.001464245025999844,0.001464245025999844,0.1464245025999844
Pythia_plus,169,MUR1.0_MUF1.0_PDF26221,pdf,10,1.95,2.18,0.6217986941337585,0.6220006346702576,1.0003247683509215,0.0003247683634981513,0.0003247683634981513,0.03247683634981513
Pythia_plus,169,MUR1.0_MUF1.0_PDF26221,pdf,11,2.18,2.5,0.6207728385925293,0.6202783584594727,0.9992034443159953,-0.0007965556578710675,0.0007965556578710675,-0.07965556578710675
Pythia_plus,170,MUR1.0_MUF1.0_PDF26222,pdf,1,0.0,0.21,0.6547458171844482,0.6550266742706299,1.000428955907484,0.00042895591468550265,0.00042895591468550265,0.042895591468550265
Pythia_plus,170,MUR1.0_MUF1.0_PDF26222,pdf,2,0.21,0.42,0.6447997093200684,0.6449986696243286,1.0003085614050138,0.0003085614007432014,0.0003085614007432014,0.030856140074320138
Pythia_plus,170,MUR1.0_MUF1.0_PDF26222,pdf,3,0.42,0.63,0.6357879638671875,0.6359633207321167,1.0002758102935176,0.00027581030735746026,0.00027581030735746026,0.027581030735746026
Pythia_plus,170,MUR1.0_MUF1.0_PDF26222,pdf,4,0.63,0.84,0.6187161207199097,0.618986189365387,1.000436498478758,0.0004364984924905002,0.0004364984924905002,0.04364984924905002
Pythia_plus,170,MUR1.0_MUF1.0_PDF26222,pdf,5,0.84,1.05,0.6409361958503723,0.641291081905365,1.0005536995059576,0.000553699501324445,0.000553699501324445,0.0553699501324445
Pythia_plus,170,MUR1.0_MUF1.0_PDF26222,pdf,6,1.05,1.37,0.6362332105636597,0.6364033222198486,1.0002673731162797,0.00026737310690805316,0.00026737310690805316,0.026737310690805316
Pythia_plus,170,MUR1.0_MUF1.0_PDF26222,pdf,7,1.37,1.52,0.6330141425132751,0.6339555382728577,1.0014871638662683,0.0014871638268232346,0.0014871638268232346,0.14871638268232346
Pythia_plus,170,MUR1.0_MUF1.0_PDF26222,pdf,8,1.52,1.74,0.6609900593757629,0.6614183783531189,1.0006479960950705,0.000647996086627245,0.000647996086627245,0.0647996086627245
Pythia_plus,170,MUR1.0_MUF1.0_PDF26222,pdf,9,1.74,1.95,0.6475628614425659,0.6482679843902588,1.001088887256632,0.00108888722024858,0.00108888722024858,0.108888722024858
Pythia_plus,170,MUR1.0_MUF1.0_PDF26222,pdf,10,1.95,2.18,0.6217986941337585,0.6220574378967285,1.0004161214319216,0.0004161214455962181,0.0004161214455962181,0.04161214455962181
Pythia_plus,170,MUR1.0_MUF1.0_PDF26222,pdf,11,2.18,2.5,0.6207728385925293,0.6199652552604675,0.9986990678685415,-0.001300932141020894,0.001300932141020894,-0.1300932141020894
Pythia_plus,171,MUR1.0_MUF1.0_PDF26223,pdf,1,0.0,0.21,0.6547458171844482,0.6551182866096497,1.000568876372213,0.0005688763922080398,0.0005688763922080398,0.056887639220803976
Pythia_plus,171,MUR1.0_MUF1.0_PDF26223,pdf,2,0.21,0.42,0.6447997093200684,0.6450005769729614,1.0003115194532344,0.0003115194558631629,0.0003115194558631629,0.031151945586316288
Pythia_plus,171,MUR1.0_MUF1.0_PDF26223,pdf,3,0.42,0.63,0.6357879638671875,0.6359258890151978,1.0002169357645139,0.00021693576127290726,0.00021693576127290726,0.021693576127290726
Pythia_plus,171,MUR1.0_MUF1.0_PDF26223,pdf,4,0.63,0.84,0.6187161207199097,0.6190360188484192,1.0005170353863373,0.0005170353688299656,0.0005170353688299656,0.05170353688299656
Pythia_plus,171,MUR1.0_MUF1.0_PDF26223,pdf,5,0.84,1.05,0.6409361958503723,0.6412316560745239,1.0004609822725952,0.0004609822644852102,0.0004609822644852102,0.04609822644852102
Pythia_plus,171,MUR1.0_MUF1.0_PDF26223,pdf,6,1.05,1.37,0.6362332105636597,0.6363901495933533,1.0002466690312417,0.00024666902027092874,0.00024666902027092874,0.024666902027092874
Pythia_plus,171,MUR1.0_MUF1.0_PDF26223,pdf,7,1.37,1.52,0.6330141425132751,0.6339507699012756,1.001479631062083,0.001479631057009101,0.001479631057009101,0.1479631057009101
Pythia_plus,171,MUR1.0_MUF1.0_PDF26223,pdf,8,1.52,1.74,0.6609900593757629,0.6614027619361877,1.000624370298117,0.0006243702955543995,0.0006243702955543995,0.06243702955543995
Pythia_plus,171,MUR1.0_MUF1.0_PDF26223,pdf,9,1.74,1.95,0.6475628614425659,0.6482014060020447,1.0009860734725526,0.0009860735153779387,0.0009860735153779387,0.09860735153779387
Pythia_plus,171,MUR1.0_MUF1.0_PDF26223,pdf,10,1.95,2.18,0.6217986941337585,0.6219227313995361,1.0001994813867379,0.0001994813937926665,0.0001994813937926665,0.01994813937926665
Pythia_plus,171,MUR1.0_MUF1.0_PDF26223,pdf,11,2.18,2.5,0.6207728385925293,0.6202642321586609,0.9991806883255048,-0.000819311651866883,0.000819311651866883,-0.0819311651866883
Pythia_plus,172,MUR1.0_MUF1.0_PDF26224,pdf,1,0.0,0.21,0.6547458171844482,0.6549925208091736,1.0003767929756102,0.00037679297383874655,0.00037679297383874655,0.037679297383874655
Pythia_plus,172,MUR1.0_MUF1.0_PDF26224,pdf,2,0.21,0.42,0.6447997093200684,0.6448661684989929,1.0001030694926873,0.00010306949116056785,0.00010306949116056785,0.010306949116056785
Pythia_plus,172,MUR1.0_MUF1.0_PDF26224,pdf,3,0.42,0.63,0.6357879638671875,0.6358080506324768,1.0000315934972521,3.1593495805282146e-05,3.1593495805282146e-05,0.0031593495805282146
Pythia_plus,172,MUR1.0_MUF1.0_PDF26224,pdf,4,0.63,0.84,0.6187161207199097,0.6190707087516785,1.0005731029463985,0.0005731029668822885,0.0005731029668822885,0.057310296688228846
Pythia_plus,172,MUR1.0_MUF1.0_PDF26224,pdf,5,0.84,1.05,0.6409361958503723,0.6412810683250427,1.0005380761406568,0.000538076157681644,0.000538076157681644,0.053807615768164396
Pythia_plus,172,MUR1.0_MUF1.0_PDF26224,pdf,6,1.05,1.37,0.6362332105636597,0.6364869475364685,1.0003988112669944,0.00039881127304397523,0.00039881127304397523,0.03988112730439752
Pythia_plus,172,MUR1.0_MUF1.0_PDF26224,pdf,7,1.37,1.52,0.6330141425132751,0.6342487335205078,1.0019503371636074,0.0019503372022882104,0.0019503372022882104,0.19503372022882104
Pythia_plus,172,MUR1.0_MUF1.0_PDF26224,pdf,8,1.52,1.74,0.6609900593757629,0.6617578268051147,1.0011615415670199,0.0011615415569394827,0.0011615415569394827,0.11615415569394827
Pythia_plus,172,MUR1.0_MUF1.0_PDF26224,pdf,9,1.74,1.95,0.6475628614425659,0.648593544960022,1.0015916346949856,0.0015916347038000822,0.0015916347038000822,0.15916347038000822
Pythia_plus,172,MUR1.0_MUF1.0_PDF26224,pdf,10,1.95,2.18,0.6217986941337585,0.622107982635498,1.0004974093780792,0.00049740937538445,0.00049740937538445,0.049740937538444996
Pythia_plus,172,MUR1.0_MUF1.0_PDF26224,pdf,11,2.18,2.5,0.6207728385925293,0.620055615901947,0.9988446293942106,-0.0011553706135600805,0.0011553706135600805,-0.11553706135600805
Pythia_plus,173,MUR1.0_MUF1.0_PDF26225,pdf,1,0.0,0.21,0.6547458171844482,0.6553313136100769,1.0008942346942304,0.0008942346903495491,0.0008942346903495491,0.0894234690349549
Pythia_plus,173,MUR1.0_MUF1.0_PDF26225,pdf,2,0.21,0.42,0.6447997093200684,0.6452018618583679,1.000623685979517,0.0006236860062927008,0.0006236860062927008,0.06236860062927008
Pythia_plus,173,MUR1.0_MUF1.0_PDF26225,pdf,3,0.42,0.63,0.6357879638671875,0.6360255479812622,1.000373684510524,0.00037368451012298465,0.00037368451012298465,0.037368451012298465
Pythia_plus,173,MUR1.0_MUF1.0_PDF26225,pdf,4,0.63,0.84,0.6187161207199097,0.6192255616188049,1.0008233839103828,0.0008233839180320501,0.0008233839180320501,0.08233839180320501
Pythia_plus,173,MUR1.0_MUF1.0_PDF26225,pdf,5,0.84,1.05,0.6409361958503723,0.6414239406585693,1.0007609880848591,0.0007609880995005369,0.0007609880995005369,0.07609880995005369
Pythia_plus,173,MUR1.0_MUF1.0_PDF26225,pdf,6,1.05,1.37,0.6362332105636597,0.6364030241966248,1.0002669046980661,0.0002669047098606825,0.0002669047098606825,0.02669047098606825
Pythia_plus,173,MUR1.0_MUF1.0_PDF26225,pdf,7,1.37,1.52,0.6330141425132751,0.6341842412948608,1.0018484559870022,0.001848455984145403,0.001848455984145403,0.1848455984145403
Pythia_plus,173,MUR1.0_MUF1.0_PDF26225,pdf,8,1.52,1.74,0.6609900593757629,0.6613956689834595,1.0006136394972105,0.0006136394804343581,0.0006136394804343581,0.06136394804343581
Pythia_plus,173,MUR1.0_MUF1.0_PDF26225,pdf,9,1.74,1.95,0.6475628614425659,0.6482303738594055,1.001030807133307,0.001030807150527835,0.001030807150527835,0.10308071505278349
Pythia_plus,173,MUR1.0_MUF1.0_PDF26225,pdf,10,1.95,2.18,0.6217986941337585,0.6217050552368164,0.9998494064110691,-0.000150593594298698,0.000150593594298698,-0.0150593594298698
Pythia_plus,173,MUR1.0_MUF1.0_PDF26225,pdf,11,2.18,2.5,0.6207728385925293,0.6195748448371887,0.9980701575828337,-0.0019298424012959003,0.0019298424012959003,-0.19298424012959003
Pythia_plus,174,MUR1.0_MUF1.0_PDF26226,pdf,1,0.0,0.21,0.6547458171844482,0.6546396017074585,0.9998377760129168,-0.0001622239942662418,0.0001622239942662418,-0.01622239942662418
Pythia_plus,174,MUR1.0_MUF1.0_PDF26226,pdf,2,0.21,0.42,0.6447997093200684,0.6445341110229492,0.9995880917852782,-0.0004119082004763186,0.0004119082004763186,-0.04119082004763186
Pythia_plus,174,MUR1.0_MUF1.0_PDF26226,pdf,3,0.42,0.63,0.6357879638671875,0.6356041431427002,0.9997108773129815,-0.0002891226904466748,0.0002891226904466748,-0.028912269044667482
Pythia_plus,174,MUR1.0_MUF1.0_PDF26226,pdf,4,0.63,0.84,0.6187161207199097,0.6187914609909058,1.0001217687215074,0.0001217687240568921,0.0001217687240568921,0.01217687240568921
Pythia_plus,174,MUR1.0_MUF1.0_PDF26226,pdf,5,0.84,1.05,0.6409361958503723,0.640981137752533,1.0000701191514094,7.011915295151994e-05,7.011915295151994e-05,0.007011915295151994
Pythia_plus,174,MUR1.0_MUF1.0_PDF26226,pdf,6,1.05,1.37,0.6362332105636597,0.6364743709564209,1.0003790440183837,0.0003790440096054226,0.0003790440096054226,0.03790440096054226
Pythia_plus,174,MUR1.0_MUF1.0_PDF26226,pdf,7,1.37,1.52,0.6330141425132751,0.6339362859725952,1.0014567501693703,0.001456750207580626,0.001456750207580626,0.1456750207580626
Pythia_plus,174,MUR1.0_MUF1.0_PDF26226,pdf,8,1.52,1.74,0.6609900593757629,0.6618294715881348,1.0012699316736542,0.001269931672140956,0.001269931672140956,0.1269931672140956
Pythia_plus,174,MUR1.0_MUF1.0_PDF26226,pdf,9,1.74,1.95,0.6475628614425659,0.6486085653305054,1.0016148299264878,0.0016148298745974898,0.0016148298745974898,0.16148298745974898
Pythia_plus,174,MUR1.0_MUF1.0_PDF26226,pdf,10,1.95,2.18,0.6217986941337585,0.6224331259727478,1.0010203170977596,0.0010203170822933316,0.0010203170822933316,0.10203170822933316
Pythia_plus,174,MUR1.0_MUF1.0_PDF26226,pdf,11,2.18,2.5,0.6207728385925293,0.6209361553192139,1.0002630861347845,0.00026308614178560674,0.00026308614178560674,0.026308614178560674
Pythia_plus,175,MUR1.0_MUF1.0_PDF26227,pdf,1,0.0,0.21,0.6547458171844482,0.6550934910774231,1.000531005901603,0.0005310059059411287,0.0005310059059411287,0.05310059059411287
Pythia_plus,175,MUR1.0_MUF1.0_PDF26227,pdf,2,0.21,0.42,0.6447997093200684,0.6449475288391113,1.0002292487370983,0.0002292487333761528,0.0002292487333761528,0.02292487333761528
Pythia_plus,175,MUR1.0_MUF1.0_PDF26227,pdf,3,0.42,0.63,0.6357879638671875,0.635846734046936,1.000092436760506,9.243676322512329e-05,9.243676322512329e-05,0.009243676322512329
Pythia_plus,175,MUR1.0_MUF1.0_PDF26227,pdf,4,0.63,0.84,0.6187161207199097,0.6191316843032837,1.000671654688568,0.0006716547068208456,0.0006716547068208456,0.06716547068208456
Pythia_plus,175,MUR1.0_MUF1.0_PDF26227,pdf,5,0.84,1.05,0.6409361958503723,0.6413103938102722,1.0005838302818948,0.000583830289542675,0.000583830289542675,0.0583830289542675
Pythia_plus,175,MUR1.0_MUF1.0_PDF26227,pdf,6,1.05,1.37,0.6362332105636597,0.6364708542823792,1.0003735166834642,0.0003735166974365711,0.0003735166974365711,0.03735166974365711
Pythia_plus,175,MUR1.0_MUF1.0_PDF26227,pdf,7,1.37,1.52,0.6330141425132751,0.6342440843582153,1.0019429926795267,0.001942992676049471,0.001942992676049471,0.1942992676049471
Pythia_plus,175,MUR1.0_MUF1.0_PDF26227,pdf,8,1.52,1.74,0.6609900593757629,0.6616755723953247,1.0010371003464245,0.0010371003299951553,0.0010371003299951553,0.10371003299951553
Pythia_plus,175,MUR1.0_MUF1.0_PDF26227,pdf,9,1.74,1.95,0.6475628614425659,0.6484849452972412,1.0014239294894416,0.001423929468728602,0.001423929468728602,0.1423929468728602
Pythia_plus,175,MUR1.0_MUF1.0_PDF26227,pdf,10,1.95,2.18,0.6217986941337585,0.6219469308853149,1.0002383999081292,0.0002383999089943245,0.0002383999089943245,0.02383999089943245
Pythia_plus,175,MUR1.0_MUF1.0_PDF26227,pdf,11,2.18,2.5,0.6207728385925293,0.6200217008590698,0.9987899958136659,-0.0012100042076781392,0.0012100042076781392,-0.12100042076781392
Pythia_plus,176,MUR1.0_MUF1.0_PDF26228,pdf,1,0.0,0.21,0.6547458171844482,0.6550233960151672,1.0004239489943023,0.000423949008109048,0.000423949008109048,0.0423949008109048
Pythia_plus,176,MUR1.0_MUF1.0_PDF26228,pdf,2,0.21,0.42,0.6447997093200684,0.644926905632019,1.0001972648407127,0.00019726484606508166,0.00019726484606508166,0.019726484606508166
Pythia_plus,176,MUR1.0_MUF1.0_PDF26228,pdf,3,0.42,0.63,0.6357879638671875,0.635887861251831,1.00015712374301,0.00015712373715359718,0.00015712373715359718,0.015712373715359718
Pythia_plus,176,MUR1.0_MUF1.0_PDF26228,pdf,4,0.63,0.84,0.6187161207199097,0.6190049648284912,1.000466844323121,0.000466844328911975,0.000466844328911975,0.0466844328911975
Pythia_plus,176,MUR1.0_MUF1.0_PDF26228,pdf,5,0.84,1.05,0.6409361958503723,0.641228973865509,1.000456797442604,0.0004567974538076669,0.0004567974538076669,0.04567974538076669
Pythia_plus,176,MUR1.0_MUF1.0_PDF26228,pdf,6,1.05,1.37,0.6362332105636597,0.6364223957061768,1.0002973518819451,0.00029735188581980765,0.00029735188581980765,0.029735188581980765
Pythia_plus,176,MUR1.0_MUF1.0_PDF26228,pdf,7,1.37,1.52,0.6330141425132751,0.6340280771255493,1.001601756649936,0.0016017566667869687,0.0016017566667869687,0.16017566667869687
Pythia_plus,176,MUR1.0_MUF1.0_PDF26228,pdf,8,1.52,1.74,0.6609900593757629,0.6615496277809143,1.0008465609992379,0.0008465609862469137,0.0008465609862469137,0.08465609862469137
Pythia_plus,176,MUR1.0_MUF1.0_PDF26228,pdf,9,1.74,1.95,0.6475628614425659,0.6483622193336487,1.0012344097209374,0.0012344097485765815,0.0012344097485765815,0.12344097485765815
Pythia_plus,176,MUR1.0_MUF1.0_PDF26228,pdf,10,1.95,2.18,0.6217986941337585,0.6220775246620178,1.0004484257218451,0.000448425707872957,0.000448425707872957,0.0448425707872957
Pythia_plus,176,MUR1.0_MUF1.0_PDF26228,pdf,11,2.18,2.5,0.6207728385925293,0.6202796101570129,0.999205460669583,-0.000794539344497025,0.000794539344497025,-0.0794539344497025
Pythia_plus,177,MUR1.0_MUF1.0_PDF26229,pdf,1,0.0,0.21,0.6547458171844482,0.6551920771598816,1.000681577436191,0.0006815774249844253,0.0006815774249844253,0.06815774249844253
Pythia_plus,177,MUR1.0_MUF1.0_PDF26229,pdf,2,0.21,0.42,0.6447997093200684,0.6450189352035522,1.0003399906673578,0.00033999065635725856,0.00033999065635725856,0.033999065635725856
Pythia_plus,177,MUR1.0_MUF1.0_PDF26229,pdf,3,0.42,0.63,0.6357879638671875,0.6359283328056335,1.000220779483764,0.00022077948960941285,0.00022077948960941285,0.022077948960941285
Pythia_plus,177,MUR1.0_MUF1.0_PDF26229,pdf,4,0.63,0.84,0.6187161207199097,0.619160532951355,1.0007182813192717,0.0007182813133113086,0.0007182813133113086,0.07182813133113086
Pythia_plus,177,MUR1.0_MUF1.0_PDF26229,pdf,5,0.84,1.05,0.6409361958503723,0.6413589119911194,1.000659529206626,0.0006595291779376566,0.0006595291779376566,0.06595291779376566
Pythia_plus,177,MUR1.0_MUF1.0_PDF26229,pdf,6,1.05,1.37,0.6362332105636597,0.6364810466766357,1.0003895365863666,0.00038953658076934516,0.00038953658076934516,0.038953658076934516
Pythia_plus,177,MUR1.0_MUF1.0_PDF26229,pdf,7,1.37,1.52,0.6330141425132751,0.6342898607254028,1.002015307599705,0.0020153075456619263,0.0020153075456619263,0.20153075456619263
Pythia_plus,177,MUR1.0_MUF1.0_PDF26229,pdf,8,1.52,1.74,0.6609900593757629,0.6616260409355164,1.0009621650896747,0.0009621650679036975,0.0009621650679036975,0.09621650679036975
Pythia_plus,177,MUR1.0_MUF1.0_PDF26229,pdf,9,1.74,1.95,0.6475628614425659,0.6484999060630798,1.0014470326763745,0.0014470326714217663,0.0014470326714217663,0.14470326714217663
Pythia_plus,177,MUR1.0_MUF1.0_PDF26229,pdf,10,1.95,2.18,0.6217986941337585,0.6220144033432007,1.0003469116475754,0.0003469116345513612,0.0003469116345513612,0.03469116345513612
Pythia_plus,177,MUR1.0_MUF1.0_PDF26229,pdf,11,2.18,2.5,0.6207728385925293,0.6201328635215759,0.998969067215627,-0.0010309327626600862,0.0010309327626600862,-0.10309327626600862
Pythia_plus,178,MUR1.0_MUF1.0_PDF26230,pdf,1,0.0,0.21,0.6547458171844482,0.6548429727554321,1.0001483866997452,0.00014838669449090958,0.00014838669449090958,0.014838669449090958
Pythia_plus,178,MUR1.0_MUF1.0_PDF26230,pdf,2,0.21,0.42,0.6447997093200684,0.6447964310646057,0.9999949158546209,-5.084145414002705e-06,5.084145414002705e-06,-0.0005084145414002705
Pythia_plus,178,MUR1.0_MUF1.0_PDF26230,pdf,3,0.42,0.63,0.6357879638671875,0.6357649564743042,0.9999638127894976,-3.618721166276373e-05,3.618721166276373e-05,-0.003618721166276373
Pythia_plus,178,MUR1.0_MUF1.0_PDF26230,pdf,4,0.63,0.84,0.6187161207199097,0.6189003586769104,1.0002977746188129,0.0002977746189571917,0.0002977746189571917,0.02977746189571917
Pythia_plus,178,MUR1.0_MUF1.0_PDF26230,pdf,5,0.84,1.05,0.6409361958503723,0.6411023139953613,1.0002591804707934,0.000259180465945974,0.000259180465945974,0.0259180465945974
Pythia_plus,178,MUR1.0_MUF1.0_PDF26230,pdf,6,1.05,1.37,0.6362332105636597,0.6363815069198608,1.0002330849030496,0.00023308490926865488,0.00023308490926865488,0.02330849092686549
Pythia_plus,178,MUR1.0_MUF1.0_PDF26230,pdf,7,1.37,1.52,0.6330141425132751,0.633844256401062,1.0013113670485956,0.0013113670283928514,0.0013113670283928514,0.13113670283928514
Pythia_plus,178,MUR1.0_MUF1.0_PDF26230,pdf,8,1.52,1.74,0.6609900593757629,0.6615443229675293,1.0008385354422573,0.0008385354303754866,0.0008385354303754866,0.08385354303754866
Pythia_plus,178,MUR1.0_MUF1.0_PDF26230,pdf,9,1.74,1.95,0.6475628614425659,0.648265540599823,1.0010851134292842,0.0010851133847609162,0.0010851133847609162,0.10851133847609162
Pythia_plus,178,MUR1.0_MUF1.0_PDF26230,pdf,10,1.95,2.18,0.6217986941337585,0.6220202445983887,1.0003563057734284,0.0003563057689461857,0.0003563057689461857,0.03563057689461857
Pythia_plus,178,MUR1.0_MUF1.0_PDF26230,pdf,11,2.18,2.5,0.6207728385925293,0.6201940178871155,0.9990675804909149,-0.0009324194979853928,0.0009324194979853928,-0.09324194979853928
Pythia_plus,179,MUR1.0_MUF1.0_PDF13317,pdf,1,0.0,0.21,0.6547458171844482,0.6547489762306213,1.0000048248436113,4.824843472306384e-06,4.824843472306384e-06,0.0004824843472306384
Pythia_plus,179,MUR1.0_MUF1.0_PDF13317,pdf,2,0.21,0.42,0.6447997093200684,0.6448151469230652,1.0000239417027856,2.3941702238516882e-05,2.3941702238516882e-05,0.002394170223851688
Pythia_plus,179,MUR1.0_MUF1.0_PDF13317,pdf,3,0.42,0.63,0.6357879638671875,0.6358023285865784,1.0000225935692515,2.2593569156015292e-05,2.2593569156015292e-05,0.002259356915601529
Pythia_plus,179,MUR1.0_MUF1.0_PDF13317,pdf,4,0.63,0.84,0.6187161207199097,0.6187003254890442,0.9999744709563295,-2.5529043341521174e-05,2.5529043341521174e-05,-0.0025529043341521174
Pythia_plus,179,MUR1.0_MUF1.0_PDF13317,pdf,5,0.84,1.05,0.6409361958503723,0.6409319043159485,0.9999933042720139,-6.695728188788053e-06,6.695728188788053e-06,-0.0006695728188788053
Pythia_plus,179,MUR1.0_MUF1.0_PDF13317,pdf,6,1.05,1.37,0.6362332105636597,0.63625568151474,1.0000353187332998,3.5318731534061953e-05,3.5318731534061953e-05,0.0035318731534061953
Pythia_plus,179,MUR1.0_MUF1.0_PDF13317,pdf,7,1.37,1.52,0.6330141425132751,0.6329959034919739,0.9999711870239915,-2.8812975870096125e-05,2.8812975870096125e-05,-0.0028812975870096125
Pythia_plus,179,MUR1.0_MUF1.0_PDF13317,pdf,8,1.52,1.74,0.6609900593757629,0.6609610319137573,0.9999560848736015,-4.391512629808858e-05,4.391512629808858e-05,-0.004391512629808858
Pythia_plus,179,MUR1.0_MUF1.0_PDF13317,pdf,9,1.74,1.95,0.6475628614425659,0.6475500464439392,0.9999802104175676,-1.9789582438534126e-05,1.9789582438534126e-05,-0.0019789582438534126
Pythia_plus,179,MUR1.0_MUF1.0_PDF13317,pdf,10,1.95,2.18,0.6217986941337585,0.6218182444572449,1.0000314415640799,3.1441562896361575e-05,3.1441562896361575e-05,0.0031441562896361575
Pythia_plus,179,MUR1.0_MUF1.0_PDF13317,pdf,11,2.18,2.5,0.6207728385925293,0.620747447013855,0.9999590968272196,-4.0903174522100016e-05,4.0903174522100016e-05,-0.004090317452210002
Pythia_plus,180,MUR1.0_MUF1.0_PDF26231,pdf,1,0.0,0.21,0.6547458171844482,0.6547079682350159,0.999942192911449,-5.780709034297615e-05,5.780709034297615e-05,-0.005780709034297615
Pythia_plus,180,MUR1.0_MUF1.0_PDF26231,pdf,2,0.21,0.42,0.6447997093200684,0.6445640325546265,0.9996344961667393,-0.0003655038308352232,0.0003655038308352232,-0.03655038308352232
Pythia_plus,180,MUR1.0_MUF1.0_PDF26231,pdf,3,0.42,0.63,0.6357879638671875,0.635550856590271,0.9996270654834761,-0.0003729345044121146,0.0003729345044121146,-0.03729345044121146
Pythia_plus,180,MUR1.0_MUF1.0_PDF26231,pdf,4,0.63,0.84,0.6187161207199097,0.6188116669654846,1.000154426630203,0.00015442662697751075,0.00015442662697751075,0.015442662697751075
Pythia_plus,180,MUR1.0_MUF1.0_PDF26231,pdf,5,0.84,1.05,0.6409361958503723,0.6408342719078064,0.9998409764603313,-0.00015902353334240615,0.00015902353334240615,-0.015902353334240615
Pythia_plus,180,MUR1.0_MUF1.0_PDF26231,pdf,6,1.05,1.37,0.6362332105636597,0.636353075504303,1.0001883978054793,0.00018839781114365906,0.00018839781114365906,0.018839781114365906
Pythia_plus,180,MUR1.0_MUF1.0_PDF26231,pdf,7,1.37,1.52,0.6330141425132751,0.6337711215019226,1.0011958326644046,0.001195832621306181,0.001195832621306181,0.1195832621306181
Pythia_plus,180,MUR1.0_MUF1.0_PDF26231,pdf,8,1.52,1.74,0.6609900593757629,0.6617603898048401,1.0011654190833137,0.0011654191184788942,0.0011654191184788942,0.11654191184788942
Pythia_plus,180,MUR1.0_MUF1.0_PDF26231,pdf,9,1.74,1.95,0.6475628614425659,0.6483547687530518,1.0012229041497558,0.0012229041894897819,0.0012229041894897819,0.12229041894897819
Pythia_plus,180,MUR1.0_MUF1.0_PDF26231,pdf,10,1.95,2.18,0.6217986941337585,0.6221221685409546,1.0005202236837225,0.0005202236934565008,0.0005202236934565008,0.05202236934565008
Pythia_plus,180,MUR1.0_MUF1.0_PDF26231,pdf,11,2.18,2.5,0.6207728385925293,0.6209418773651123,1.0002723037511858,0.00027230376144871116,0.00027230376144871116,0.027230376144871116
Pythia_plus,181,MUR1.0_MUF1.0_PDF26232,pdf,1,0.0,0.21,0.6547458171844482,0.6553397178649902,1.0009070705989325,0.000907070585526526,0.000907070585526526,0.0907070585526526
Pythia_plus,181,MUR1.0_MUF1.0_PDF26232,pdf,2,0.21,0.42,0.6447997093200684,0.645247757434845,1.0006948640148257,0.0006948640220798552,0.0006948640220798552,0.06948640220798552
Pythia_plus,181,MUR1.0_MUF1.0_PDF26232,pdf,3,0.42,0.63,0.6357879638671875,0.6361322999000549,1.0005415894172847,0.0005415893974713981,0.0005415893974713981,0.05415893974713981
Pythia_plus,181,MUR1.0_MUF1.0_PDF26232,pdf,4,0.63,0.84,0.6187161207199097,0.6192567944526672,1.0008738639816406,0.0008738639880903065,0.0008738639880903065,0.08738639880903065
Pythia_plus,181,MUR1.0_MUF1.0_PDF26232,pdf,5,0.84,1.05,0.6409361958503723,0.641607403755188,1.0010472304562628,0.0010472304420545697,0.0010472304420545697,0.10472304420545697
Pythia_plus,181,MUR1.0_MUF1.0_PDF26232,pdf,6,1.05,1.37,0.6362332105636597,0.636504590511322,1.0004265416252351,0.00042654163553379476,0.00042654163553379476,0.042654163553379476
Pythia_plus,181,MUR1.0_MUF1.0_PDF26232,pdf,7,1.37,1.52,0.6330141425132751,0.6343637108802795,1.0021319719045236,0.0021319719962775707,0.0021319719962775707,0.21319719962775707
Pythia_plus,181,MUR1.0_MUF1.0_PDF26232,pdf,8,1.52,1.74,0.6609900593757629,0.6614217758178711,1.00065313605853,0.0006531360559165478,0.0006531360559165478,0.06531360559165478
Pythia_plus,181,MUR1.0_MUF1.0_PDF26232,pdf,9,1.74,1.95,0.6475628614425659,0.648404061794281,1.0012990250086935,0.0012990250252187252,0.0012990250252187252,0.12990250252187252
Pythia_plus,181,MUR1.0_MUF1.0_PDF26232,pdf,10,1.95,2.18,0.6217986941337585,0.6218885183334351,1.0001444586495982,0.00014445865235757083,0.00014445865235757083,0.014445865235757083
Pythia_plus,181,MUR1.0_MUF1.0_PDF26232,pdf,11,2.18,2.5,0.6207728385925293,0.6194435954093933,0.9978587285066309,-0.00214127148501575,0.00214127148501575,-0.214127148501575
Pythia_plus,182,MUR1.0_MUF1.0_PDF26233,pdf,1,0.0,0.21,0.6547458171844482,0.6549707055091858,1.0003434742442565,0.0003434742393437773,0.0003434742393437773,0.03434742393437773
Pythia_plus,182,MUR1.0_MUF1.0_PDF26233,pdf,2,0.21,0.42,0.6447997093200684,0.644848644733429,1.0000758924246604,7.589242159156129e-05,7.589242159156129e-05,0.007589242159156129
Pythia_plus,182,MUR1.0_MUF1.0_PDF26233,pdf,3,0.42,0.63,0.6357879638671875,0.635817289352417,1.0000461246310028,4.612463089870289e-05,4.612463089870289e-05,0.004612463089870289
Pythia_plus,182,MUR1.0_MUF1.0_PDF26233,pdf,4,0.63,0.84,0.6187161207199097,0.6189591288566589,1.0003927619284698,0.0003927619254682213,0.0003927619254682213,0.03927619254682213
Pythia_plus,182,MUR1.0_MUF1.0_PDF26233,pdf,5,0.84,1.05,0.6409361958503723,0.6411331295967102,1.0003072595175821,0.00030725952819921076,0.00030725952819921076,0.030725952819921076
Pythia_plus,182,MUR1.0_MUF1.0_PDF26233,pdf,6,1.05,1.37,0.6362332105636597,0.6364088654518127,1.0002760856950512,0.0002760856878012419,0.0002760856878012419,0.027608568780124187
Pythia_plus,182,MUR1.0_MUF1.0_PDF26233,pdf,7,1.37,1.52,0.6330141425132751,0.6339777708053589,1.001522285565782,0.001522285514511168,0.001522285514511168,0.1522285514511168
Pythia_plus,182,MUR1.0_MUF1.0_PDF26233,pdf,8,1.52,1.74,0.6609900593757629,0.6616020202636719,1.0009258246462691,0.0009258246282115579,0.0009258246282115579,0.09258246282115579
Pythia_plus,182,MUR1.0_MUF1.0_PDF26233,pdf,9,1.74,1.95,0.6475628614425659,0.6483795046806335,1.001261102646079,0.0012611026177182794,0.0012611026177182794,0.12611026177182794
Pythia_plus,182,MUR1.0_MUF1.0_PDF26233,pdf,10,1.95,2.18,0.6217986941337585,0.6221293210983276,1.0005317266949711,0.0005317266914062202,0.0005317266914062202,0.05317266914062202
Pythia_plus,182,MUR1.0_MUF1.0_PDF26233,pdf,11,2.18,2.5,0.6207728385925293,0.6205707788467407,0.9996745029208322,-0.000325497065205127,0.000325497065205127,-0.0325497065205127
Pythia_plus,183,MUR1.0_MUF1.0_PDF26234,pdf,1,0.0,0.21,0.6547458171844482,0.6551626920700073,1.000636697287127,0.00063669728115201,0.00063669728115201,0.063669728115201
Pythia_plus,183,MUR1.0_MUF1.0_PDF26234,pdf,2,0.21,0.42,0.6447997093200684,0.6450486779212952,1.0003861177317983,0.0003861177247017622,0.0003861177247017622,0.03861177247017622
Pythia_plus,183,MUR1.0_MUF1.0_PDF26234,pdf,3,0.42,0.63,0.6357879638671875,0.6359249353408813,1.0002154357765138,0.00021543577895499766,0.00021543577895499766,0.021543577895499766
Pythia_plus,183,MUR1.0_MUF1.0_PDF26234,pdf,4,0.63,0.84,0.6187161207199097,0.6191890239715576,1.0007643299338922,0.0007643299177289009,0.0007643299177289009,0.07643299177289009
Pythia_plus,183,MUR1.0_MUF1.0_PDF26234,pdf,5,0.84,1.05,0.6409361958503723,0.6414339542388916,1.00077661145016,0.000776611443143338,0.000776611443143338,0.0776611443143338
Pythia_plus,183,MUR1.0_MUF1.0_PDF26234,pdf,6,1.05,1.37,0.6362332105636597,0.6364845633506775,1.0003950639212862,0.0003950639220420271,0.0003950639220420271,0.03950639220420271
Pythia_plus,183,MUR1.0_MUF1.0_PDF26234,pdf,7,1.37,1.52,0.6330141425132751,0.6342962980270386,1.002025476885355,0.0020254768896847963,0.0020254768896847963,0.20254768896847963
Pythia_plus,183,MUR1.0_MUF1.0_PDF26234,pdf,8,1.52,1.74,0.6609900593757629,0.6615782380104065,1.0008898449020536,0.000889844901394099,0.000889844901394099,0.0889844901394099
Pythia_plus,183,MUR1.0_MUF1.0_PDF26234,pdf,9,1.74,1.95,0.6475628614425659,0.6484545469284058,1.0013769867590205,0.0013769867364317179,0.0013769867364317179,0.1376986736431718
Pythia_plus,183,MUR1.0_MUF1.0_PDF26234,pdf,10,1.95,2.18,0.6217986941337585,0.6218672394752502,1.0001102371911335,0.00011023718980140984,0.00011023718980140984,0.011023718980140984
Pythia_plus,183,MUR1.0_MUF1.0_PDF26234,pdf,11,2.18,2.5,0.6207728385925293,0.6195236444473267,0.9979876791194103,-0.0020123207941651344,0.0020123207941651344,-0.20123207941651344
Pythia_plus,184,MUR1.0_MUF1.0_PDF26235,pdf,1,0.0,0.21,0.6547458171844482,0.6549881100654602,1.0003700564015114,0.00037005639751441777,0.00037005639751441777,0.03700563975144178
Pythia_plus,184,MUR1.0_MUF1.0_PDF26235,pdf,2,0.21,0.42,0.6447997093200684,0.6448776125907898,1.0001208177820111,0.00012081778550054878,0.00012081778550054878,0.012081778550054878
Pythia_plus,184,MUR1.0_MUF1.0_PDF26235,pdf,3,0.42,0.63,0.6357879638671875,0.6358314156532288,1.0000683432032544,6.834320083726197e-05,6.834320083726197e-05,0.0068343200837261975
Pythia_plus,184,MUR1.0_MUF1.0_PDF26235,pdf,4,0.63,0.84,0.6187161207199097,0.6189941167831421,1.0004493111686001,0.00044931116281077266,0.00044931116281077266,0.044931116281077266
Pythia_plus,184,MUR1.0_MUF1.0_PDF26235,pdf,5,0.84,1.05,0.6409361958503723,0.6411893367767334,1.000394954954955,0.0003949549573007971,0.0003949549573007971,0.03949549573007971
Pythia_plus,184,MUR1.0_MUF1.0_PDF26235,pdf,6,1.05,1.37,0.6362332105636597,0.6364238858222961,1.0002996939730127,0.00029969398747198284,0.00029969398747198284,0.029969398747198284
Pythia_plus,184,MUR1.0_MUF1.0_PDF26235,pdf,7,1.37,1.52,0.6330141425132751,0.6340276598930359,1.0016010975295697,0.0016010975232347846,0.0016010975232347846,0.16010975232347846
Pythia_plus,184,MUR1.0_MUF1.0_PDF26235,pdf,8,1.52,1.74,0.6609900593757629,0.6615994572639465,1.000921947129975,0.0009219471248798072,0.0009219471248798072,0.09219471248798072
Pythia_plus,184,MUR1.0_MUF1.0_PDF26235,pdf,9,1.74,1.95,0.6475628614425659,0.64839106798172,1.0012789592925528,0.0012789593311026692,0.0012789593311026692,0.12789593311026692
Pythia_plus,184,MUR1.0_MUF1.0_PDF26235,pdf,10,1.95,2.18,0.6217986941337585,0.6220762133598328,1.0004463168364495,0.00044631684431806207,0.00044631684431806207,0.04463168443180621
Pythia_plus,184,MUR1.0_MUF1.0_PDF26235,pdf,11,2.18,2.5,0.6207728385925293,0.6203386187553406,0.9993005173387205,-0.000699482683558017,0.000699482683558017,-0.0699482683558017
Pythia_plus,185,MUR1.0_MUF1.0_PDF26236,pdf,1,0.0,0.21,0.6547458171844482,0.6552122235298157,1.0007123471935615,0.0007123472169041634,0.0007123472169041634,0.07123472169041634
Pythia_plus,185,MUR1.0_MUF1.0_PDF26236,pdf,2,0.21,0.42,0.6447997093200684,0.6450803279876709,1.0004352028444592,0.00043520284816622734,0.00043520284816622734,0.043520284816622734
Pythia_plus,185,MUR1.0_MUF1.0_PDF26236,pdf,3,0.42,0.63,0.6357879638671875,0.6359564661979675,1.000265029129767,0.00026502914261072874,0.00026502914261072874,0.026502914261072874
Pythia_plus,185,MUR1.0_MUF1.0_PDF26236,pdf,4,0.63,0.84,0.6187161207199097,0.6192156672477722,1.0008073921320837,0.0008073921198956668,0.0008073921198956668,0.08073921198956668
Pythia_plus,185,MUR1.0_MUF1.0_PDF26236,pdf,5,0.84,1.05,0.6409361958503723,0.6414429545402527,1.0007906538796862,0.0007906538667157292,0.0007906538667157292,0.07906538667157292
Pythia_plus,185,MUR1.0_MUF1.0_PDF26236,pdf,6,1.05,1.37,0.6362332105636597,0.636485755443573,1.0003969375941404,0.0003969375975430012,0.0003969375975430012,0.03969375975430012
Pythia_plus,185,MUR1.0_MUF1.0_PDF26236,pdf,7,1.37,1.52,0.6330141425132751,0.6343457102775574,1.0021035355687244,0.002103535458445549,0.002103535458445549,0.2103535458445549
Pythia_plus,185,MUR1.0_MUF1.0_PDF26236,pdf,8,1.52,1.74,0.6609900593757629,0.6616200804710388,1.0009531476099216,0.000953147595282644,0.000953147595282644,0.0953147595282644
Pythia_plus,185,MUR1.0_MUF1.0_PDF26236,pdf,9,1.74,1.95,0.6475628614425659,0.6484763622283936,1.0014106750714404,0.001410675118677318,0.001410675118677318,0.1410675118677318
Pythia_plus,185,MUR1.0_MUF1.0_PDF26236,pdf,10,1.95,2.18,0.6217986941337585,0.6218817830085754,1.000133626647339,0.0001336266432190314,0.0001336266432190314,0.01336266432190314
Pythia_plus,185,MUR1.0_MUF1.0_PDF26236,pdf,11,2.18,2.5,0.6207728385925293,0.6197227239608765,0.9983083753567026,-0.0016916246386244893,0.0016916246386244893,-0.16916246386244893
Pythia_plus,186,MUR1.0_MUF1.0_PDF26237,pdf,1,0.0,0.21,0.6547458171844482,0.6550381183624268,1.000446434586227,0.00044643459841609,0.00044643459841609,0.044643459841609
Pythia_plus,186,MUR1.0_MUF1.0_PDF26237,pdf,2,0.21,0.42,0.6447997093200684,0.6449043154716492,1.0001622304570998,0.00016223045531660318,0.00016223045531660318,0.01622304553166032
Pythia_plus,186,MUR1.0_MUF1.0_PDF26237,pdf,3,0.42,0.63,0.6357879638671875,0.635856032371521,1.0001070616435068,0.00010706164175644517,0.00010706164175644517,0.010706164175644517
Pythia_plus,186,MUR1.0_MUF1.0_PDF26237,pdf,4,0.63,0.84,0.6187161207199097,0.6190356016159058,1.0005163610342402,0.0005163610330782831,0.0005163610330782831,0.05163610330782831
Pythia_plus,186,MUR1.0_MUF1.0_PDF26237,pdf,5,0.84,1.05,0.6409361958503723,0.6412338018417358,1.0004643301365883,0.00046433013631030917,0.00046433013631030917,0.04643301363103092
Pythia_plus,186,MUR1.0_MUF1.0_PDF26237,pdf,6,1.05,1.37,0.6362332105636597,0.63644939661026,1.0003397905720903,0.0003397905675228685,0.0003397905675228685,0.03397905675228685
Pythia_plus,186,MUR1.0_MUF1.0_PDF26237,pdf,7,1.37,1.52,0.6330141425132751,0.6341301202774048,1.0017629586594998,0.0017629587091505527,0.0017629587091505527,0.17629587091505527
Pythia_plus,186,MUR1.0_MUF1.0_PDF26237,pdf,8,1.52,1.74,0.6609900593757629,0.6616431474685669,1.0009880452565667,0.0009880452416837215,0.0009880452416837215,0.09880452416837215
Pythia_plus,186,MUR1.0_MUF1.0_PDF26237,pdf,9,1.74,1.95,0.6475628614425659,0.6484819650650024,1.001419327260969,0.0014193272218108177,0.0014193272218108177,0.14193272218108177
Pythia_plus,186,MUR1.0_MUF1.0_PDF26237,pdf,10,1.95,2.18,0.6217986941337585,0.622128427028656,1.000530288818565,0.0005302888457663357,0.0005302888457663357,0.05302888457663357
Pythia_plus,186,MUR1.0_MUF1.0_PDF26237,pdf,11,2.18,2.5,0.6207728385925293,0.620360791683197,0.9993362356022752,-0.0006637644255533814,0.0006637644255533814,-0.06637644255533814
Pythia_plus,187,MUR1.0_MUF1.0_PDF26238,pdf,1,0.0,0.21,0.6547458171844482,0.6550557017326355,1.0004732898478372,0.000473289837827906,0.000473289837827906,0.0473289837827906
Pythia_plus,187,MUR1.0_MUF1.0_PDF26238,pdf,2,0.21,0.42,0.6447997093200684,0.6449486017227173,1.0002309126392224,0.00023091264301910996,0.00023091264301910996,0.023091264301910996
Pythia_plus,187,MUR1.0_MUF1.0_PDF26238,pdf,3,0.42,0.63,0.6357879638671875,0.6358671188354492,1.000124499004008,0.00012449899804778397,0.00012449899804778397,0.012449899804778397
Pythia_plus,187,MUR1.0_MUF1.0_PDF26238,pdf,4,0.63,0.84,0.6187161207199097,0.6190683245658875,1.0005692495058445,0.0005692495033144951,0.0005692495033144951,0.05692495033144951
Pythia_plus,187,MUR1.0_MUF1.0_PDF26238,pdf,5,0.84,1.05,0.6409361958503723,0.6412811279296875,1.0005381691368789,0.0005381691153161228,0.0005381691153161228,0.05381691153161228
Pythia_plus,187,MUR1.0_MUF1.0_PDF26238,pdf,6,1.05,1.37,0.6362332105636597,0.6364412903785706,1.0003270495966825,0.00032704960904084146,0.00032704960904084146,0.032704960904084146
Pythia_plus,187,MUR1.0_MUF1.0_PDF26238,pdf,7,1.37,1.52,0.6330141425132751,0.6341058611869812,1.0017246355182075,0.0017246354836970568,0.0017246354836970568,0.17246354836970568
Pythia_plus,187,MUR1.0_MUF1.0_PDF26238,pdf,8,1.52,1.74,0.6609900593757629,0.6615695357322693,1.0008766793816137,0.0008766793762333691,0.0008766793762333691,0.08766793762333691
Pythia_plus,187,MUR1.0_MUF1.0_PDF26238,pdf,9,1.74,1.95,0.6475628614425659,0.6483796238899231,1.0012612867352177,0.0012612867867574096,0.0012612867867574096,0.12612867867574096
Pythia_plus,187,MUR1.0_MUF1.0_PDF26238,pdf,10,1.95,2.18,0.6217986941337585,0.6219688653945923,1.000273675809292,0.00027367580332793295,0.00027367580332793295,0.027367580332793295
Pythia_plus,187,MUR1.0_MUF1.0_PDF26238,pdf,11,2.18,2.5,0.6207728385925293,0.6199966073036194,0.998749572725073,-0.0012504273327067494,0.0012504273327067494,-0.12504273327067494
Pythia_plus,188,MUR1.0_MUF1.0_PDF26239,pdf,1,0.0,0.21,0.6547458171844482,0.6550962328910828,1.0005351935017186,0.0005351934814825654,0.0005351934814825654,0.05351934814825654
Pythia_plus,188,MUR1.0_MUF1.0_PDF26239,pdf,2,0.21,0.42,0.6447997093200684,0.6452253460884094,1.0006601069482335,0.0006601069471798837,0.0006601069471798837,0.06601069471798837
Pythia_plus,188,MUR1.0_MUF1.0_PDF26239,pdf,3,0.42,0.63,0.6357879638671875,0.6361268758773804,1.000533058235534,0.0005330582498572767,0.0005330582498572767,0.05330582498572767
Pythia_plus,188,MUR1.0_MUF1.0_PDF26239,pdf,4,0.63,0.84,0.6187161207199097,0.6191590428352356,1.0007158729189254,0.000715872913133353,0.000715872913133353,0.0715872913133353
Pythia_plus,188,MUR1.0_MUF1.0_PDF26239,pdf,5,0.84,1.05,0.6409361958503723,0.6416649222373962,1.0011369718105203,0.0011369717540219426,0.0011369717540219426,0.11369717540219426
Pythia_plus,188,MUR1.0_MUF1.0_PDF26239,pdf,6,1.05,1.37,0.6362332105636597,0.6364803910255432,1.000388506066297,0.00038850607234053314,0.00038850607234053314,0.038850607234053314
Pythia_plus,188,MUR1.0_MUF1.0_PDF26239,pdf,7,1.37,1.52,0.6330141425132751,0.6342101097106934,1.001889321449707,0.0018893214873969555,0.0018893214873969555,0.18893214873969555
Pythia_plus,188,MUR1.0_MUF1.0_PDF26239,pdf,8,1.52,1.74,0.6609900593757629,0.6613196730613708,1.0004986666303564,0.0004986666026525199,0.0004986666026525199,0.049866660265251994
Pythia_plus,188,MUR1.0_MUF1.0_PDF26239,pdf,9,1.74,1.95,0.6475628614425659,0.6482381224632263,1.0010427729273357,0.0010427728993818164,0.0010427728993818164,0.10427728993818164
Pythia_plus,188,MUR1.0_MUF1.0_PDF26239,pdf,10,1.95,2.18,0.6217986941337585,0.6217836141586304,0.9999757478179506,-2.4252181901829317e-05,2.4252181901829317e-05,-0.0024252181901829317
Pythia_plus,188,MUR1.0_MUF1.0_PDF26239,pdf,11,2.18,2.5,0.6207728385925293,0.6183965802192688,0.9961720967388842,-0.003827903186902404,0.003827903186902404,-0.3827903186902404
Pythia_plus,189,MUR1.0_MUF1.0_PDF26240,pdf,1,0.0,0.21,0.6547458171844482,0.6549671292304993,1.0003380121571492,0.00033801214885897934,0.00033801214885897934,0.033801214885897934
Pythia_plus,189,MUR1.0_MUF1.0_PDF26240,pdf,2,0.21,0.42,0.6447997093200684,0.644626796245575,0.9997318344409991,-0.0002681655460037291,0.0002681655460037291,-0.02681655460037291
Pythia_plus,189,MUR1.0_MUF1.0_PDF26240,pdf,3,0.42,0.63,0.6357879638671875,0.6356405019760132,0.9997680643554852,-0.00023193564265966415,0.00023193564265966415,-0.023193564265966415
Pythia_plus,189,MUR1.0_MUF1.0_PDF26240,pdf,4,0.63,0.84,0.6187161207199097,0.6188508868217468,1.0002178157273167,0.00021781573013868183,0.00021781573013868183,0.021781573013868183
Pythia_plus,189,MUR1.0_MUF1.0_PDF26240,pdf,5,0.84,1.05,0.6409361958503723,0.6407783031463623,0.9997536530078466,-0.000246346986386925,0.000246346986386925,-0.024634698638692498
Pythia_plus,189,MUR1.0_MUF1.0_PDF26240,pdf,6,1.05,1.37,0.6362332105636597,0.6363656520843506,1.0002081650540902,0.00020816506003029644,0.00020816506003029644,0.020816506003029644
Pythia_plus,189,MUR1.0_MUF1.0_PDF26240,pdf,7,1.37,1.52,0.6330141425132751,0.6337491869926453,1.0011611817651527,0.0011611817171797156,0.0011611817171797156,0.11611817171797156
Pythia_plus,189,MUR1.0_MUF1.0_PDF26240,pdf,8,1.52,1.74,0.6609900593757629,0.661647617816925,1.0009948083663815,0.0009948083898052573,0.0009948083898052573,0.09948083898052573
Pythia_plus,189,MUR1.0_MUF1.0_PDF26240,pdf,9,1.74,1.95,0.6475628614425659,0.6482697129249573,1.001091556549146,0.0010915565071627498,0.0010915565071627498,0.10915565071627498
Pythia_plus,189,MUR1.0_MUF1.0_PDF26240,pdf,10,1.95,2.18,0.6217986941337585,0.6221243143081665,1.0005236745870971,0.0005236745928414166,0.0005236745928414166,0.05236745928414166
Pythia_plus,189,MUR1.0_MUF1.0_PDF26240,pdf,11,2.18,2.5,0.6207728385925293,0.6220449805259705,1.002049287363032,0.0020492873154580593,0.0020492873154580593,0.20492873154580593
Pythia_plus,190,MUR1.0_MUF1.0_PDF13318,pdf,1,0.0,0.21,0.6547458171844482,0.6547478437423706,1.0000030951826941,3.0951825920055853e-06,3.0951825920055853e-06,0.00030951825920055853
Pythia_plus,190,MUR1.0_MUF1.0_PDF13318,pdf,2,0.21,0.42,0.6447997093200684,0.6448127627372742,1.00002024414251,2.0244142433512025e-05,2.0244142433512025e-05,0.0020244142433512025
Pythia_plus,190,MUR1.0_MUF1.0_PDF13318,pdf,3,0.42,0.63,0.6357879638671875,0.6357993483543396,1.0000179061067511,1.790610622265376e-05,1.790610622265376e-05,0.0017906106222653762
Pythia_plus,190,MUR1.0_MUF1.0_PDF13318,pdf,4,0.63,0.84,0.6187161207199097,0.6187005639076233,0.999974856300385,-2.5143699531327002e-05,2.5143699531327002e-05,-0.0025143699531327
Pythia_plus,190,MUR1.0_MUF1.0_PDF13318,pdf,5,0.84,1.05,0.6409361958503723,0.6409323215484619,0.9999939552455681,-6.044754627509974e-06,6.044754627509974e-06,-0.0006044754627509974
Pythia_plus,190,MUR1.0_MUF1.0_PDF13318,pdf,6,1.05,1.37,0.6362332105636597,0.6362566947937012,1.0000369113552257,3.691135498229414e-05,3.691135498229414e-05,0.0036911354982294142
Pythia_plus,190,MUR1.0_MUF1.0_PDF13318,pdf,7,1.37,1.52,0.6330141425132751,0.6329962611198425,0.9999717519843054,-2.8248015951248817e-05,2.8248015951248817e-05,-0.0028248015951248817
Pythia_plus,190,MUR1.0_MUF1.0_PDF13318,pdf,8,1.52,1.74,0.6609900593757629,0.6609600782394409,0.999954642076841,-4.5357923227129504e-05,4.5357923227129504e-05,-0.00453579232271295
Pythia_plus,190,MUR1.0_MUF1.0_PDF13318,pdf,9,1.74,1.95,0.6475628614425659,0.6475504040718079,0.9999807626849843,-1.923731542774476e-05,1.923731542774476e-05,-0.0019237315427744761
Pythia_plus,190,MUR1.0_MUF1.0_PDF13318,pdf,10,1.95,2.18,0.6217986941337585,0.6218201518058777,1.0000345090337461,3.4509033866925165e-05,3.4509033866925165e-05,0.0034509033866925165
Pythia_plus,190,MUR1.0_MUF1.0_PDF13318,pdf,11,2.18,2.5,0.6207728385925293,0.6207455396652222,0.9999560242884192,-4.3975713197141886e-05,4.3975713197141886e-05,-0.004397571319714189
Pythia_plus,191,MUR1.0_MUF1.0_PDF26241,pdf,1,0.0,0.21,0.6547458171844482,0.6549619436264038,1.000330092130844,0.0003300921234767884,0.0003300921234767884,0.03300921234767884
Pythia_plus,191,MUR1.0_MUF1.0_PDF26241,pdf,2,0.21,0.42,0.6447997093200684,0.6448454260826111,1.000070900718288,7.090072176652029e-05,7.090072176652029e-05,0.007090072176652029
Pythia_plus,191,MUR1.0_MUF1.0_PDF26241,pdf,3,0.42,0.63,0.6357879638671875,0.6359545588493347,1.0002620291537667,0.0002620291488710791,0.0002620291488710791,0.02620291488710791
Pythia_plus,191,MUR1.0_MUF1.0_PDF26241,pdf,4,0.63,0.84,0.6187161207199097,0.6187471151351929,1.0000500947272024,5.009472806705162e-05,5.009472806705162e-05,0.005009472806705162
Pythia_plus,191,MUR1.0_MUF1.0_PDF26241,pdf,5,0.84,1.05,0.6409361958503723,0.6409380435943604,1.0000028828828829,2.8828828817495378e-06,2.8828828817495378e-06,0.0002882882881749538
Pythia_plus,191,MUR1.0_MUF1.0_PDF26241,pdf,6,1.05,1.37,0.6362332105636597,0.6363418102264404,1.000170691597008,0.00017069159366656095,0.00017069159366656095,0.017069159366656095
Pythia_plus,191,MUR1.0_MUF1.0_PDF26241,pdf,7,1.37,1.52,0.6330141425132751,0.6336533427238464,1.0010097724010296,0.0010097724152728915,0.0010097724152728915,0.10097724152728915
Pythia_plus,191,MUR1.0_MUF1.0_PDF26241,pdf,8,1.52,1.74,0.6609900593757629,0.6614739894866943,1.0007321291811686,0.0007321292068809271,0.0007321292068809271,0.07321292068809271
Pythia_plus,191,MUR1.0_MUF1.0_PDF26241,pdf,9,1.74,1.95,0.6475628614425659,0.6483244895935059,1.0011761455084736,0.0011761455098167062,0.0011761455098167062,0.11761455098167062
Pythia_plus,191,MUR1.0_MUF1.0_PDF26241,pdf,10,1.95,2.18,0.6217986941337585,0.6225614547729492,1.0012267002912467,0.0012267002603039145,0.0012267002603039145,0.12267002603039145
Pythia_plus,191,MUR1.0_MUF1.0_PDF26241,pdf,11,2.18,2.5,0.6207728385925293,0.6220901608467102,1.0021220681258665,0.002122068079188466,0.002122068079188466,0.2122068079188466
Pythia_plus,192,MUR1.0_MUF1.0_PDF26242,pdf,1,0.0,0.21,0.6547458171844482,0.6550197601318359,1.00041839587241,0.0004183958808425814,0.0004183958808425814,0.04183958808425814
Pythia_plus,192,MUR1.0_MUF1.0_PDF26242,pdf,2,0.21,0.42,0.6447997093200684,0.6450332403182983,1.0003621760290125,0.00036217604065313935,0.00036217604065313935,0.036217604065313935
Pythia_plus,192,MUR1.0_MUF1.0_PDF26242,pdf,3,0.42,0.63,0.6357879638671875,0.6359440684318542,1.0002455292857657,0.0002455292851664126,0.0002455292851664126,0.02455292851664126
Pythia_plus,192,MUR1.0_MUF1.0_PDF26242,pdf,4,0.63,0.84,0.6187161207199097,0.6189910173416138,1.00044430169588,0.0004443016950972378,0.0004443016950972378,0.04443016950972378
Pythia_plus,192,MUR1.0_MUF1.0_PDF26242,pdf,5,0.84,1.05,0.6409361958503723,0.6413222551345825,1.0006023365300785,0.0006023365422151983,0.0006023365422151983,0.06023365422151983
Pythia_plus,192,MUR1.0_MUF1.0_PDF26242,pdf,6,1.05,1.37,0.6362332105636597,0.6363595724105835,1.0001986093225341,0.00019860932661686093,0.00019860932661686093,0.019860932661686093
Pythia_plus,192,MUR1.0_MUF1.0_PDF26242,pdf,7,1.37,1.52,0.6330141425132751,0.6337153911590576,1.0011077930154897,0.0011077930685132742,0.0011077930685132742,0.11077930685132742
Pythia_plus,192,MUR1.0_MUF1.0_PDF26242,pdf,8,1.52,1.74,0.6609900593757629,0.6610810160636902,1.000137606741035,0.000137606737553142,0.000137606737553142,0.013760673755314201
Pythia_plus,192,MUR1.0_MUF1.0_PDF26242,pdf,9,1.74,1.95,0.6475628614425659,0.6477321982383728,1.0002614986218166,0.0002614986151456833,0.0002614986151456833,0.02614986151456833
Pythia_plus,192,MUR1.0_MUF1.0_PDF26242,pdf,10,1.95,2.18,0.6217986941337585,0.6214990615844727,0.9995181196871066,-0.0004818802990484983,0.0004818802990484983,-0.04818802990484983
Pythia_plus,192,MUR1.0_MUF1.0_PDF26242,pdf,11,2.18,2.5,0.6207728385925293,0.6191191673278809,0.9973361088600498,-0.00266389106400311,0.00266389106400311,-0.266389106400311
Pythia_plus,193,MUR1.0_MUF1.0_PDF26243,pdf,1,0.0,0.21,0.6547458171844482,0.6551962494850159,1.0006879498711494,0.0006879498832859099,0.0006879498832859099,0.06879498832859099
Pythia_plus,193,MUR1.0_MUF1.0_PDF26243,pdf,2,0.21,0.42,0.6447997093200684,0.6450615525245667,1.0004060845572873,0.00040608455310575664,0.00040608455310575664,0.040608455310575664
Pythia_plus,193,MUR1.0_MUF1.0_PDF26243,pdf,3,0.42,0.63,0.6357879638671875,0.6358986496925354,1.000174092357261,0.00017409236170351505,0.00017409236170351505,0.017409236170351505
Pythia_plus,193,MUR1.0_MUF1.0_PDF26243,pdf,4,0.63,0.84,0.6187161207199097,0.6192275285720825,1.00082656299884,0.0008265629876405001,0.0008265629876405001,0.08265629876405
Pythia_plus,193,MUR1.0_MUF1.0_PDF26243,pdf,5,0.84,1.05,0.6409361958503723,0.6414383053779602,1.0007834001743678,0.0007834002026356757,0.0007834002026356757,0.07834002026356757
Pythia_plus,193,MUR1.0_MUF1.0_PDF26243,pdf,6,1.05,1.37,0.6362332105636597,0.6364817023277283,1.0003905671064364,0.00039056711830198765,0.00039056711830198765,0.039056711830198765
Pythia_plus,193,MUR1.0_MUF1.0_PDF26243,pdf,7,1.37,1.52,0.6330141425132751,0.6342073082923889,1.0018848959272482,0.0018848959589377046,0.0018848959589377046,0.18848959589377046
Pythia_plus,193,MUR1.0_MUF1.0_PDF26243,pdf,8,1.52,1.74,0.6609900593757629,0.6614632606506348,1.0007158977176127,0.0007158977095969021,0.0007158977095969021,0.07158977095969021
Pythia_plus,193,MUR1.0_MUF1.0_PDF26243,pdf,9,1.74,1.95,0.6475628614425659,0.6482072472572327,1.000995093840359,0.000995093840174377,0.000995093840174377,0.0995093840174377
Pythia_plus,193,MUR1.0_MUF1.0_PDF26243,pdf,10,1.95,2.18,0.6217986941337585,0.6215129494667053,0.9995404547006145,-0.0004595452919602394,0.0004595452919602394,-0.04595452919602394
Pythia_plus,193,MUR1.0_MUF1.0_PDF26243,pdf,11,2.18,2.5,0.6207728385925293,0.6193736791610718,0.9977461007562286,-0.0022538993507623672,0.0022538993507623672,-0.22538993507623672
Pythia_plus,194,MUR1.0_MUF1.0_PDF26244,pdf,1,0.0,0.21,0.6547458171844482,0.6548811197280884,1.0002066489622217,0.00020664896874222904,0.00020664896874222904,0.020664896874222904
Pythia_plus,194,MUR1.0_MUF1.0_PDF26244,pdf,2,0.21,0.42,0.6447997093200684,0.645033061504364,1.0003618987119918,0.00036189871025271714,0.00036189871025271714,0.036189871025271714
Pythia_plus,194,MUR1.0_MUF1.0_PDF26244,pdf,3,0.42,0.63,0.6357879638671875,0.6361533999443054,1.0005747766517867,0.0005747766699641943,0.0005747766699641943,0.05747766699641943
Pythia_plus,194,MUR1.0_MUF1.0_PDF26244,pdf,4,0.63,0.84,0.6187161207199097,0.6187173128128052,1.000001926720277,1.926720187839237e-06,1.926720187839237e-06,0.0001926720187839237
Pythia_plus,194,MUR1.0_MUF1.0_PDF26244,pdf,5,0.84,1.05,0.6409361958503723,0.6412354707717896,1.000466934030805,0.0004669340269174427,0.0004669340269174427,0.04669340269174427
Pythia_plus,194,MUR1.0_MUF1.0_PDF26244,pdf,6,1.05,1.37,0.6362332105636597,0.6363160014152527,1.000130126579717,0.0001301265729125589,0.0001301265729125589,0.013012657291255891
Pythia_plus,194,MUR1.0_MUF1.0_PDF26244,pdf,7,1.37,1.52,0.6330141425132751,0.6336315870285034,1.0009754039819345,0.0009754039929248393,0.0009754039929248393,0.09754039929248393
Pythia_plus,194,MUR1.0_MUF1.0_PDF26244,pdf,8,1.52,1.74,0.6609900593757629,0.6611958742141724,1.0003113735758806,0.0003113735874649137,0.0003113735874649137,0.031137358746491373
Pythia_plus,194,MUR1.0_MUF1.0_PDF26244,pdf,9,1.74,1.95,0.6475628614425659,0.6482323408126831,1.0010338446040987,0.0010338446591049433,0.0010338446591049433,0.10338446591049433
Pythia_plus,194,MUR1.0_MUF1.0_PDF26244,pdf,10,1.95,2.18,0.6217986941337585,0.6226328611373901,1.0013415386868796,0.0013415387365967035,0.0013415387365967035,0.13415387365967035
Pythia_plus,194,MUR1.0_MUF1.0_PDF26244,pdf,11,2.18,2.5,0.6207728385925293,0.620305597782135,0.9992473240107386,-0.0007526759873144329,0.0007526759873144329,-0.07526759873144329
Pythia_plus,195,MUR1.0_MUF1.0_PDF26245,pdf,1,0.0,0.21,0.6547458171844482,0.6549959182739258,1.0003819819583621,0.0003819819539785385,0.0003819819539785385,0.03819819539785385
Pythia_plus,195,MUR1.0_MUF1.0_PDF26245,pdf,2,0.21,0.42,0.6447997093200684,0.6452301740646362,1.0006675945077919,0.0006675944896414876,0.0006675944896414876,0.06675944896414876
Pythia_plus,195,MUR1.0_MUF1.0_PDF26245,pdf,3,0.42,0.63,0.6357879638671875,0.6363731622695923,1.0009204301365588,0.0009204301168210804,0.0009204301168210804,0.09204301168210804
Pythia_plus,195,MUR1.0_MUF1.0_PDF26245,pdf,4,0.63,0.84,0.6187161207199097,0.6184241771697998,0.9995281462041588,-0.00047185379662550986,0.00047185379662550986,-0.047185379662550986
Pythia_plus,195,MUR1.0_MUF1.0_PDF26245,pdf,5,0.84,1.05,0.6409361958503723,0.6409698724746704,1.000052542865446,5.254286588751711e-05,5.254286588751711e-05,0.005254286588751711
Pythia_plus,195,MUR1.0_MUF1.0_PDF26245,pdf,6,1.05,1.37,0.6362332105636597,0.6360120177268982,0.9996523400019224,-0.00034766001044772565,0.00034766001044772565,-0.034766001044772565
Pythia_plus,195,MUR1.0_MUF1.0_PDF26245,pdf,7,1.37,1.52,0.6330141425132751,0.6324302554130554,0.9990776081275191,-0.000922391889616847,0.000922391889616847,-0.0922391889616847
Pythia_plus,195,MUR1.0_MUF1.0_PDF26245,pdf,8,1.52,1.74,0.6609900593757629,0.6600651144981384,0.9986006674918863,-0.0013993325410410762,0.0013993325410410762,-0.13993325410410762
Pythia_plus,195,MUR1.0_MUF1.0_PDF26245,pdf,9,1.74,1.95,0.6475628614425659,0.6469065546989441,0.9989864972457504,-0.001013502711430192,0.001013502711430192,-0.1013502711430192
Pythia_plus,195,MUR1.0_MUF1.0_PDF26245,pdf,10,1.95,2.18,0.6217986941337585,0.622161865234375,1.0005840653961526,0.0005840653902851045,0.0005840653902851045,0.05840653902851045
Pythia_plus,195,MUR1.0_MUF1.0_PDF26245,pdf,11,2.18,2.5,0.6207728385925293,0.6210089921951294,1.000380418710225,0.000380418699933216,0.000380418699933216,0.0380418699933216
Pythia_plus,196,MUR1.0_MUF1.0_PDF26246,pdf,1,0.0,0.21,0.6547458171844482,0.6549233794212341,1.0002711926248715,0.000271192635409534,0.000271192635409534,0.027119263540953398
Pythia_plus,196,MUR1.0_MUF1.0_PDF26246,pdf,2,0.21,0.42,0.6447997093200684,0.6445803642272949,0.9996598244546283,-0.0003401755529921502,0.0003401755529921502,-0.03401755529921502
Pythia_plus,196,MUR1.0_MUF1.0_PDF26246,pdf,3,0.42,0.63,0.6357879638671875,0.6354750990867615,0.9995079101867185,-0.0004920898354612291,0.0004920898354612291,-0.04920898354612291
Pythia_plus,196,MUR1.0_MUF1.0_PDF26246,pdf,4,0.63,0.84,0.6187161207199097,0.619186520576477,1.0007602838213105,0.0007602838450111449,0.0007602838450111449,0.07602838450111449
Pythia_plus,196,MUR1.0_MUF1.0_PDF26246,pdf,5,0.84,1.05,0.6409361958503723,0.641086995601654,1.000235280441732,0.00023528044403064996,0.00023528044403064996,0.023528044403064996
Pythia_plus,196,MUR1.0_MUF1.0_PDF26246,pdf,6,1.05,1.37,0.6362332105636597,0.6365246176719666,1.0004580193291839,0.00045801931992173195,0.00045801931992173195,0.045801931992173195
Pythia_plus,196,MUR1.0_MUF1.0_PDF26246,pdf,7,1.37,1.52,0.6330141425132751,0.6352535486221313,1.003537687325539,0.0035376872401684523,0.0035376872401684523,0.3537687240168452
Pythia_plus,196,MUR1.0_MUF1.0_PDF26246,pdf,8,1.52,1.74,0.6609900593757629,0.6635680198669434,1.0039001501680904,0.0039001500699669123,0.0039001500699669123,0.3900150069966912
Pythia_plus,196,MUR1.0_MUF1.0_PDF26246,pdf,9,1.74,1.95,0.6475628614425659,0.6522125601768494,1.007180304818478,0.007180304732173681,0.007180304732173681,0.7180304732173681
Pythia_plus,196,MUR1.0_MUF1.0_PDF26246,pdf,10,1.95,2.18,0.6217986941337585,0.6230741739273071,1.0020512744809242,0.002051274525001645,0.002051274525001645,0.2051274525001645
Pythia_plus,196,MUR1.0_MUF1.0_PDF26246,pdf,11,2.18,2.5,0.6207728385925293,0.6210687756538391,1.0004767235982501,0.0004767235950566828,0.0004767235950566828,0.04767235950566828
Pythia_plus,197,MUR1.0_MUF1.0_PDF26247,pdf,1,0.0,0.21,0.6547458171844482,0.6550909876823425,1.000527182440628,0.0005271824193187058,0.0005271824193187058,0.05271824193187058
Pythia_plus,197,MUR1.0_MUF1.0_PDF26247,pdf,2,0.21,0.42,0.6447997093200684,0.6447683572769165,0.9999513770823735,-4.862291825702414e-05,4.862291825702414e-05,-0.004862291825702414
Pythia_plus,197,MUR1.0_MUF1.0_PDF26247,pdf,3,0.42,0.63,0.6357879638671875,0.6357195377349854,0.9998923758609931,-0.00010762413876364008,0.00010762413876364008,-0.010762413876364008
Pythia_plus,197,MUR1.0_MUF1.0_PDF26247,pdf,4,0.63,0.84,0.6187161207199097,0.6191260814666748,1.0006625991032658,0.0006625991081818938,0.0006625991081818938,0.06625991081818938
Pythia_plus,197,MUR1.0_MUF1.0_PDF26247,pdf,5,0.84,1.05,0.6409361958503723,0.6413611769676208,1.000663063063063,0.0006630630814470351,0.0006630630814470351,0.06630630814470351
Pythia_plus,197,MUR1.0_MUF1.0_PDF26247,pdf,6,1.05,1.37,0.6362332105636597,0.6366010904312134,1.0005782154427743,0.0005782154621556401,0.0005782154621556401,0.05782154621556401
Pythia_plus,197,MUR1.0_MUF1.0_PDF26247,pdf,7,1.37,1.52,0.6330141425132751,0.6343641877174377,1.0021327251849421,0.002132725203409791,0.002132725203409791,0.2132725203409791
Pythia_plus,197,MUR1.0_MUF1.0_PDF26247,pdf,8,1.52,1.74,0.6609900593757629,0.6615718603134155,1.0008801961987175,0.0008801962248980999,0.0008801962248980999,0.08801962248980999
Pythia_plus,197,MUR1.0_MUF1.0_PDF26247,pdf,9,1.74,1.95,0.6475628614425659,0.6486691832542419,1.0017084392536217,0.0017084392020478845,0.0017084392020478845,0.17084392020478845
Pythia_plus,197,MUR1.0_MUF1.0_PDF26247,pdf,10,1.95,2.18,0.6217986941337585,0.6220526695251465,1.000408452757756,0.0004084527608938515,0.0004084527608938515,0.04084527608938515
Pythia_plus,197,MUR1.0_MUF1.0_PDF26247,pdf,11,2.18,2.5,0.6207728385925293,0.6197637319564819,0.9983744349409113,-0.0016255651134997606,0.0016255651134997606,-0.16255651134997606
Pythia_plus,198,MUR1.0_MUF1.0_PDF26248,pdf,1,0.0,0.21,0.6547458171844482,0.6544971466064453,0.9996202028764807,-0.0003797971294261515,0.0003797971294261515,-0.03797971294261515
Pythia_plus,198,MUR1.0_MUF1.0_PDF26248,pdf,2,0.21,0.42,0.6447997093200684,0.6446604132652283,0.9997839700408876,-0.00021602996275760233,0.00021602996275760233,-0.021602996275760233
Pythia_plus,198,MUR1.0_MUF1.0_PDF26248,pdf,3,0.42,0.63,0.6357879638671875,0.6357702612876892,0.9999721564727482,-2.7843527277582325e-05,2.7843527277582325e-05,-0.0027843527277582325
Pythia_plus,198,MUR1.0_MUF1.0_PDF26248,pdf,4,0.63,0.84,0.6187161207199097,0.618670642375946,0.9999264956214319,-7.350437954301015e-05,7.350437954301015e-05,-0.0073504379543010145
Pythia_plus,198,MUR1.0_MUF1.0_PDF26248,pdf,5,0.84,1.05,0.6409361958503723,0.6408169865608215,0.9998140075559431,-0.00018599243776407093,0.00018599243776407093,-0.018599243776407093
Pythia_plus,198,MUR1.0_MUF1.0_PDF26248,pdf,6,1.05,1.37,0.6362332105636597,0.6362836956977844,1.000079350045371,7.935004396131262e-05,7.935004396131262e-05,0.007935004396131262
Pythia_plus,198,MUR1.0_MUF1.0_PDF26248,pdf,7,1.37,1.52,0.6330141425132751,0.6336844563484192,1.001058923948338,0.001058923895470798,0.001058923895470798,0.1058923895470798
Pythia_plus,198,MUR1.0_MUF1.0_PDF26248,pdf,8,1.52,1.74,0.6609900593757629,0.6619748473167419,1.0014898680048365,0.0014898680383339524,0.0014898680383339524,0.14898680383339524
Pythia_plus,198,MUR1.0_MUF1.0_PDF26248,pdf,9,1.74,1.95,0.6475628614425659,0.6482968926429749,1.0011335288728167,0.0011335288872942328,0.0011335288872942328,0.11335288872942328
Pythia_plus,198,MUR1.0_MUF1.0_PDF26248,pdf,10,1.95,2.18,0.6217986941337585,0.6223713159561157,1.0009209119088853,0.0009209119016304612,0.0009209119016304612,0.09209119016304612
Pythia_plus,198,MUR1.0_MUF1.0_PDF26248,pdf,11,2.18,2.5,0.6207728385925293,0.6214339137077332,1.0010649227448525,0.00106492277700454,0.00106492277700454,0.106492277700454
Pythia_plus,199,MUR1.0_MUF1.0_PDF26249,pdf,1,0.0,0.21,0.6547458171844482,0.6550837159156799,1.0005160761968435,0.0005160762229934335,0.0005160762229934335,0.05160762229934335
Pythia_plus,199,MUR1.0_MUF1.0_PDF26249,pdf,2,0.21,0.42,0.6447997093200684,0.6449507474899292,1.0002342404434705,0.00023424044775310904,0.00023424044775310904,0.023424044775310904
Pythia_plus,199,MUR1.0_MUF1.0_PDF26249,pdf,3,0.42,0.63,0.6357879638671875,0.6358637809753418,1.0001192490460076,0.00011924904538318515,0.00011924904538318515,0.011924904538318515
Pythia_plus,199,MUR1.0_MUF1.0_PDF26249,pdf,4,0.63,0.84,0.6187161207199097,0.6190958023071289,1.0006136604082296,0.000613660435192287,0.000613660435192287,0.0613660435192287
Pythia_plus,199,MUR1.0_MUF1.0_PDF26249,pdf,5,0.84,1.05,0.6409361958503723,0.6413084864616394,1.0005808544027899,0.000580854422878474,0.000580854422878474,0.0580854422878474
Pythia_plus,199,MUR1.0_MUF1.0_PDF26249,pdf,6,1.05,1.37,0.6362332105636597,0.6364623308181763,1.0003601199225574,0.00036011991323903203,0.00036011991323903203,0.0360119913239032
Pythia_plus,199,MUR1.0_MUF1.0_PDF26249,pdf,7,1.37,1.52,0.6330141425132751,0.6341726779937744,1.001830188936853,0.001830188906751573,0.001830188906751573,0.1830188906751573
Pythia_plus,199,MUR1.0_MUF1.0_PDF26249,pdf,8,1.52,1.74,0.6609900593757629,0.6615859270095825,1.0009014774509353,0.0009014774695970118,0.0009014774695970118,0.09014774695970118
Pythia_plus,199,MUR1.0_MUF1.0_PDF26249,pdf,9,1.74,1.95,0.6475628614425659,0.6484332084655762,1.0013440348031561,0.0013440347975119948,0.0013440347975119948,0.13440347975119948
Pythia_plus,199,MUR1.0_MUF1.0_PDF26249,pdf,10,1.95,2.18,0.6217986941337585,0.6219701766967773,1.0002757846946875,0.00027578469598665833,0.00027578469598665833,0.027578469598665833
Pythia_plus,199,MUR1.0_MUF1.0_PDF26249,pdf,11,2.18,2.5,0.6207728385925293,0.6199347972869873,0.9986500032645724,-0.0013499967753887177,0.0013499967753887177,-0.13499967753887177
Pythia_plus,200,MUR1.0_MUF1.0_PDF26250,pdf,1,0.0,0.21,0.6547458171844482,0.6550219655036926,1.0004217641594595,0.00042176415445283055,0.00042176415445283055,0.042176415445283055
Pythia_plus,200,MUR1.0_MUF1.0_PDF26250,pdf,2,0.21,0.42,0.6447997093200684,0.6449117064476013,1.0001736928939546,0.00017369289707858115,0.00017369289707858115,0.017369289707858115
Pythia_plus,200,MUR1.0_MUF1.0_PDF26250,pdf,3,0.42,0.63,0.6357879638671875,0.6358602643013,1.0001137178402573,0.00011371784057701007,0.00011371784057701007,0.011371784057701007
Pythia_plus,200,MUR1.0_MUF1.0_PDF26250,pdf,4,0.63,0.84,0.6187161207199097,0.6190182566642761,1.0004883272542098,0.0004883272340521216,0.0004883272340521216,0.048832723405212164
Pythia_plus,200,MUR1.0_MUF1.0_PDF26250,pdf,5,0.84,1.05,0.6409361958503723,0.6412160396575928,1.0004366172624237,0.00043661726522259414,0.00043661726522259414,0.043661726522259414
Pythia_plus,200,MUR1.0_MUF1.0_PDF26250,pdf,6,1.05,1.37,0.6362332105636597,0.6364259123802185,1.0003028792168647,0.0003028792270924896,0.0003028792270924896,0.03028792270924896
Pythia_plus,200,MUR1.0_MUF1.0_PDF26250,pdf,7,1.37,1.52,0.6330141425132751,0.6340622901916504,1.001655804519965,0.001655804575420916,0.001655804575420916,0.1655804575420916
Pythia_plus,200,MUR1.0_MUF1.0_PDF26250,pdf,8,1.52,1.74,0.6609900593757629,0.6616009473800659,1.0009242014999136,0.0009242015075869858,0.0009242015075869858,0.09242015075869858
Pythia_plus,200,MUR1.0_MUF1.0_PDF26250,pdf,9,1.74,1.95,0.6475628614425659,0.6483966112136841,1.001287519437512,0.0012875194661319256,0.0012875194661319256,0.12875194661319256
Pythia_plus,200,MUR1.0_MUF1.0_PDF26250,pdf,10,1.95,2.18,0.6217986941337585,0.6220649480819702,1.0004281995937327,0.0004281995934434235,0.0004281995934434235,0.04281995934434235
Pythia_plus,200,MUR1.0_MUF1.0_PDF26250,pdf,11,2.18,2.5,0.6207728385925293,0.6203098297119141,0.9992541412062019,-0.0007458588224835694,0.0007458588224835694,-0.07458588224835694
Pythia_plus,201,MUR1.0_MUF1.0_PDF13319,pdf,1,0.0,0.21,0.6547458171844482,0.6547474265098572,1.0000024579391982,2.4579392174928216e-06,2.4579392174928216e-06,0.00024579392174928216
Pythia_plus,201,MUR1.0_MUF1.0_PDF13319,pdf,2,0.21,0.42,0.6447997093200684,0.6448158025741577,1.0000249585318615,2.4958531867014244e-05,2.4958531867014244e-05,0.0024958531867014244
Pythia_plus,201,MUR1.0_MUF1.0_PDF13319,pdf,3,0.42,0.63,0.6357879638671875,0.6357996463775635,1.0000183748530012,1.8374852515989915e-05,1.8374852515989915e-05,0.0018374852515989915
Pythia_plus,201,MUR1.0_MUF1.0_PDF13319,pdf,4,0.63,0.84,0.6187161207199097,0.618699312210083,0.999972833244094,-2.7166755899088457e-05,2.7166755899088457e-05,-0.0027166755899088457
Pythia_plus,201,MUR1.0_MUF1.0_PDF13319,pdf,5,0.84,1.05,0.6409361958503723,0.6409332156181335,0.9999953501888986,-4.649811216950184e-06,4.649811216950184e-06,-0.0004649811216950184
Pythia_plus,201,MUR1.0_MUF1.0_PDF13319,pdf,6,1.05,1.37,0.6362332105636597,0.6362571120262146,1.0000375671407247,3.75671406800393e-05,3.75671406800393e-05,0.00375671406800393
Pythia_plus,201,MUR1.0_MUF1.0_PDF13319,pdf,7,1.37,1.52,0.6330141425132751,0.6329938173294067,0.9999678914221605,-3.2108579034684226e-05,3.2108579034684226e-05,-0.0032108579034684226
Pythia_plus,201,MUR1.0_MUF1.0_PDF13319,pdf,8,1.52,1.74,0.6609900593757629,0.660957932472229,0.9999513957841298,-4.860421540797688e-05,4.860421540797688e-05,-0.004860421540797688
Pythia_plus,201,MUR1.0_MUF1.0_PDF13319,pdf,9,1.74,1.95,0.6475628614425659,0.6475495100021362,0.9999793820164424,-2.0617982954718173e-05,2.0617982954718173e-05,-0.0020617982954718173
Pythia_plus,201,MUR1.0_MUF1.0_PDF13319,pdf,10,1.95,2.18,0.6217986941337585,0.6218196749687195,1.0000337421663295,3.374216612428427e-05,3.374216612428427e-05,0.0033742166124284267
Pythia_plus,201,MUR1.0_MUF1.0_PDF13319,pdf,11,2.18,2.5,0.6207728385925293,0.6207436919212341,0.9999530477664563,-4.6952234697528183e-05,4.6952234697528183e-05,-0.004695223469752818
Pythia_plus,202,MUR1.0_MUF1.0_PDF26251,pdf,1,0.0,0.21,0.6547458171844482,0.6550471186637878,1.0004601808387799,0.0004601808323059231,0.0004601808323059231,0.04601808323059231
Pythia_plus,202,MUR1.0_MUF1.0_PDF26251,pdf,2,0.21,0.42,0.6447997093200684,0.644928514957428,1.000199760693899,0.00019976068870164454,0.00019976068870164454,0.019976068870164454
Pythia_plus,202,MUR1.0_MUF1.0_PDF26251,pdf,3,0.42,0.63,0.6357879638671875,0.6358613967895508,1.0001154990760075,0.00011549907503649592,0.00011549907503649592,0.011549907503649592
Pythia_plus,202,MUR1.0_MUF1.0_PDF26251,pdf,4,0.63,0.84,0.6187161207199097,0.6190541386604309,1.000546321534548,0.0005463215056806803,0.0005463215056806803,0.05463215056806803
Pythia_plus,202,MUR1.0_MUF1.0_PDF26251,pdf,5,0.84,1.05,0.6409361958503723,0.6412555575370789,1.0004982737576287,0.000498273759149015,0.000498273759149015,0.049827375914901495
Pythia_plus,202,MUR1.0_MUF1.0_PDF26251,pdf,6,1.05,1.37,0.6362332105636597,0.6364403963088989,1.000325644342042,0.0003256443305872381,0.0003256443305872381,0.03256443305872381
Pythia_plus,202,MUR1.0_MUF1.0_PDF26251,pdf,7,1.37,1.52,0.6330141425132751,0.6341091394424438,1.0017298143210849,0.0017298143357038498,0.0017298143357038498,0.17298143357038498
Pythia_plus,202,MUR1.0_MUF1.0_PDF26251,pdf,8,1.52,1.74,0.6609900593757629,0.6615936756134033,1.0009132001746144,0.0009132002014666796,0.0009132002014666796,0.09132002014666796
Pythia_plus,202,MUR1.0_MUF1.0_PDF26251,pdf,9,1.74,1.95,0.6475628614425659,0.6484107375144958,1.0013093340004724,0.0013093339512124658,0.0013093339512124658,0.13093339512124658
Pythia_plus,202,MUR1.0_MUF1.0_PDF26251,pdf,10,1.95,2.18,0.6217986941337585,0.6220235824584961,1.0003616738453445,0.0003616738540586084,0.0003616738540586084,0.03616738540586084
Pythia_plus,202,MUR1.0_MUF1.0_PDF26251,pdf,11,2.18,2.5,0.6207728385925293,0.6201486587524414,0.9989945116775678,-0.0010054883314296603,0.0010054883314296603,-0.10054883314296603
Pythia_plus,203,MUR1.0_MUF1.0_PDF26252,pdf,1,0.0,0.21,0.6547458171844482,0.6550466418266296,1.000459452560499,0.00045945256715640426,0.00045945256715640426,0.045945256715640426
Pythia_plus,203,MUR1.0_MUF1.0_PDF26252,pdf,2,0.21,0.42,0.6447997093200684,0.6449293494224548,1.0002010548399956,0.0002010548341786489,0.0002010548341786489,0.02010548341786489
Pythia_plus,203,MUR1.0_MUF1.0_PDF26252,pdf,3,0.42,0.63,0.6357879638671875,0.635861337184906,1.0001154053267574,0.00011540532432263717,0.00011540532432263717,0.011540532432263717
Pythia_plus,203,MUR1.0_MUF1.0_PDF26252,pdf,4,0.63,0.84,0.6187161207199097,0.619053840637207,1.0005458398544786,0.0005458398372866213,0.0005458398372866213,0.05458398372866213
Pythia_plus,203,MUR1.0_MUF1.0_PDF26252,pdf,5,0.84,1.05,0.6409361958503723,0.6412559151649475,1.0004988317349608,0.0004988317377865314,0.0004988317377865314,0.049883173778653145
Pythia_plus,203,MUR1.0_MUF1.0_PDF26252,pdf,6,1.05,1.37,0.6362332105636597,0.6364402770996094,1.0003254569747566,0.0003254569892305881,0.0003254569892305881,0.03254569892305881
Pythia_plus,203,MUR1.0_MUF1.0_PDF26252,pdf,7,1.37,1.52,0.6330141425132751,0.6341091990470886,1.001729908481137,0.0017299085156992078,0.0017299085156992078,0.17299085156992078
Pythia_plus,203,MUR1.0_MUF1.0_PDF26252,pdf,8,1.52,1.74,0.6609900593757629,0.6615939140319824,1.0009135608738047,0.0009135608561336994,0.0009135608561336994,0.09135608561336994
Pythia_plus,203,MUR1.0_MUF1.0_PDF26252,pdf,9,1.74,1.95,0.6475628614425659,0.6484108567237854,1.0013095180896112,0.001309518120251596,0.001309518120251596,0.1309518120251596
Pythia_plus,203,MUR1.0_MUF1.0_PDF26252,pdf,10,1.95,2.18,0.6217986941337585,0.622023344039917,1.0003612904116361,0.00036129041109234095,0.00036129041109234095,0.036129041109234095
Pythia_plus,203,MUR1.0_MUF1.0_PDF26252,pdf,11,2.18,2.5,0.6207728385925293,0.6201485991477966,0.9989944156607302,-0.0010055843740701675,0.0010055843740701675,-0.10055843740701675
Pythia_plus,204,MUR1.0_MUF1.0_PDF26253,pdf,1,0.0,0.21,0.6547458171844482,0.6550467610359192,1.0004596346300692,0.0004596346407197416,0.0004596346407197416,0.04596346407197416
Pythia_plus,204,MUR1.0_MUF1.0_PDF26253,pdf,2,0.21,0.42,0.6447997093200684,0.6449294686317444,1.0002012397180093,0.0002012397162616253,0.0002012397162616253,0.02012397162616253
Pythia_plus,204,MUR1.0_MUF1.0_PDF26253,pdf,3,0.42,0.63,0.6357879638671875,0.6358612179756165,1.0001152178282573,0.00011521783017087728,0.00011521783017087728,0.011521783017087728
Pythia_plus,204,MUR1.0_MUF1.0_PDF26253,pdf,4,0.63,0.84,0.6187161207199097,0.6190536618232727,1.0005455508464371,0.000545550836250186,0.000545550836250186,0.0545550836250186
Pythia_plus,204,MUR1.0_MUF1.0_PDF26253,pdf,5,0.84,1.05,0.6409361958503723,0.6412556767463684,1.0004984597500726,0.0004984597326256335,0.0004984597326256335,0.04984597326256335
Pythia_plus,204,MUR1.0_MUF1.0_PDF26253,pdf,6,1.05,1.37,0.6362332105636597,0.6364402174949646,1.0003253632911138,0.00032536330400034785,0.00032536330400034785,0.032536330400034785
Pythia_plus,204,MUR1.0_MUF1.0_PDF26253,pdf,7,1.37,1.52,0.6330141425132751,0.6341090202331543,1.0017296260009803,0.0017296259757131338,0.0017296259757131338,0.17296259757131338
Pythia_plus,204,MUR1.0_MUF1.0_PDF26253,pdf,8,1.52,1.74,0.6609900593757629,0.6615939140319824,1.0009135608738047,0.0009135608561336994,0.0009135608561336994,0.09135608561336994
Pythia_plus,204,MUR1.0_MUF1.0_PDF26253,pdf,9,1.74,1.95,0.6475628614425659,0.6484107971191406,1.001309426045042,0.0013094260357320309,0.0013094260357320309,0.1309426035732031
Pythia_plus,204,MUR1.0_MUF1.0_PDF26253,pdf,10,1.95,2.18,0.6217986941337585,0.622023344039917,1.0003612904116361,0.00036129041109234095,0.00036129041109234095,0.036129041109234095
Pythia_plus,204,MUR1.0_MUF1.0_PDF26253,pdf,11,2.18,2.5,0.6207728385925293,0.6201484203338623,0.9989941276102178,-0.0010058723855763674,0.0010058723855763674,-0.10058723855763674
Pythia_plus,205,MUR1.0_MUF1.0_PDF26254,pdf,1,0.0,0.21,0.6547458171844482,0.6550468802452087,1.0004598166996395,0.00045981668517924845,0.00045981668517924845,0.045981668517924845
Pythia_plus,205,MUR1.0_MUF1.0_PDF26254,pdf,2,0.21,0.42,0.6447997093200684,0.6449286937713623,1.0002000380109197,0.00020003800455015153,0.00020003800455015153,0.020003800455015153
Pythia_plus,205,MUR1.0_MUF1.0_PDF26254,pdf,3,0.42,0.63,0.6357879638671875,0.6358613967895508,1.0001154990760075,0.00011549907503649592,0.00011549907503649592,0.011549907503649592
Pythia_plus,205,MUR1.0_MUF1.0_PDF26254,pdf,4,0.63,0.84,0.6187161207199097,0.6190539002418518,1.0005459361904925,0.0005459361709654331,0.0005459361709654331,0.05459361709654331
Pythia_plus,205,MUR1.0_MUF1.0_PDF26254,pdf,5,0.84,1.05,0.6409361958503723,0.6412557363510132,1.0004985527462946,0.0004985527484677732,0.0004985527484677732,0.04985527484677732
Pythia_plus,205,MUR1.0_MUF1.0_PDF26254,pdf,6,1.05,1.37,0.6362332105636597,0.636440098285675,1.0003251759238285,0.0003251759335398674,0.0003251759335398674,0.03251759335398674
Pythia_plus,205,MUR1.0_MUF1.0_PDF26254,pdf,7,1.37,1.52,0.6330141425132751,0.6341091394424438,1.0017298143210849,0.0017298143357038498,0.0017298143357038498,0.17298143357038498
Pythia_plus,205,MUR1.0_MUF1.0_PDF26254,pdf,8,1.52,1.74,0.6609900593757629,0.6615936756134033,1.0009132001746144,0.0009132002014666796,0.0009132002014666796,0.09132002014666796
Pythia_plus,205,MUR1.0_MUF1.0_PDF26254,pdf,9,1.74,1.95,0.6475628614425659,0.6484106183052063,1.0013091499113336,0.0013091498985886574,0.0013091498985886574,0.13091498985886574
Pythia_plus,205,MUR1.0_MUF1.0_PDF26254,pdf,10,1.95,2.18,0.6217986941337585,0.6220235824584961,1.0003616738453445,0.0003616738540586084,0.0003616738540586084,0.03616738540586084
Pythia_plus,205,MUR1.0_MUF1.0_PDF26254,pdf,11,2.18,2.5,0.6207728385925293,0.6201488971710205,0.9989948957449178,-0.0010051042772829533,0.0010051042772829533,-0.10051042772829533
Pythia_plus,206,MUR1.0_MUF1.0_PDF26255,pdf,1,0.0,0.21,0.6547458171844482,0.6550492644309998,1.0004634580910443,0.00046345809823833406,0.00046345809823833406,0.046345809823833406
Pythia_plus,206,MUR1.0_MUF1.0_PDF26255,pdf,2,0.21,0.42,0.6447997093200684,0.644928514957428,1.000199760693899,0.00019976068870164454,0.00019976068870164454,0.019976068870164454
Pythia_plus,206,MUR1.0_MUF1.0_PDF26255,pdf,3,0.42,0.63,0.6357879638671875,0.6358627676963806,1.0001176553087576,0.0001176553123514168,0.0001176553123514168,0.01176553123514168
Pythia_plus,206,MUR1.0_MUF1.0_PDF26255,pdf,4,0.63,0.84,0.6187161207199097,0.6190541386604309,1.000546321534548,0.0005463215056806803,0.0005463215056806803,0.05463215056806803
Pythia_plus,206,MUR1.0_MUF1.0_PDF26255,pdf,5,0.84,1.05,0.6409361958503723,0.6412534117698669,1.0004949258936355,0.000494925887323916,0.000494925887323916,0.049492588732391596
Pythia_plus,206,MUR1.0_MUF1.0_PDF26255,pdf,6,1.05,1.37,0.6362332105636597,0.6364405155181885,1.0003258317093273,0.0003258317010477185,0.0003258317010477185,0.03258317010477185
Pythia_plus,206,MUR1.0_MUF1.0_PDF26255,pdf,7,1.37,1.52,0.6330141425132751,0.6341087818145752,1.001729249360771,0.0017292493721470237,0.0017292493721470237,0.17292493721470237
Pythia_plus,206,MUR1.0_MUF1.0_PDF26255,pdf,8,1.52,1.74,0.6609900593757629,0.6615925431251526,1.0009114868534614,0.0009114868589676917,0.0009114868589676917,0.09114868589676917
Pythia_plus,206,MUR1.0_MUF1.0_PDF26255,pdf,9,1.74,1.95,0.6475628614425659,0.6484103798866272,1.0013087817330557,0.0013087816769257188,0.0013087816769257188,0.13087816769257188
Pythia_plus,206,MUR1.0_MUF1.0_PDF26255,pdf,10,1.95,2.18,0.6217986941337585,0.6220222115516663,1.0003594691015218,0.00035946909338235855,0.00035946909338235855,0.035946909338235855
Pythia_plus,206,MUR1.0_MUF1.0_PDF26255,pdf,11,2.18,2.5,0.6207728385925293,0.6201473474502563,0.9989923993071425,-0.00100760068744421,0.00100760068744421,-0.100760068744421
Pythia_plus,207,MUR1.0_MUF1.0_PDF26256,pdf,1,0.0,0.21,0.6547458171844482,0.6550488471984863,1.0004628208475483,0.0004628208407666534,0.0004628208407666534,0.04628208407666534
Pythia_plus,207,MUR1.0_MUF1.0_PDF26256,pdf,2,0.21,0.42,0.6447997093200684,0.644930362701416,1.0002026263031127,0.00020262631005607545,0.00020262631005607545,0.020262631005607545
Pythia_plus,207,MUR1.0_MUF1.0_PDF26256,pdf,3,0.42,0.63,0.6357879638671875,0.6358619332313538,1.0001163428192574,0.00011634281690930948,0.00011634281690930948,0.011634281690930948
Pythia_plus,207,MUR1.0_MUF1.0_PDF26256,pdf,4,0.63,0.84,0.6187161207199097,0.6190539598464966,1.0005460325265063,0.0005460325046442449,0.0005460325046442449,0.05460325046442449
Pythia_plus,207,MUR1.0_MUF1.0_PDF26256,pdf,5,0.84,1.05,0.6409361958503723,0.6412577629089355,1.0005017146178437,0.0005017146468162537,0.0005017146468162537,0.050171464681625366
Pythia_plus,207,MUR1.0_MUF1.0_PDF26256,pdf,6,1.05,1.37,0.6362332105636597,0.636441171169281,1.000326862229397,0.000326862238580361,0.000326862238580361,0.0326862238580361
Pythia_plus,207,MUR1.0_MUF1.0_PDF26256,pdf,7,1.37,1.52,0.6330141425132751,0.6341063380241394,1.001725388798626,0.0017253888072445989,0.0017253888072445989,0.1725388807244599
Pythia_plus,207,MUR1.0_MUF1.0_PDF26256,pdf,8,1.52,1.74,0.6609900593757629,0.6615912318229675,1.0009095030079156,0.0009095030254684389,0.0009095030254684389,0.09095030254684389
Pythia_plus,207,MUR1.0_MUF1.0_PDF26256,pdf,9,1.74,1.95,0.6475628614425659,0.6484102606773376,1.0013085976439167,0.0013085976243019104,0.0013085976243019104,0.13085976243019104
Pythia_plus,207,MUR1.0_MUF1.0_PDF26256,pdf,10,1.95,2.18,0.6217986941337585,0.6220257878303528,1.0003652206071463,0.0003652206214610487,0.0003652206214610487,0.03652206214610487
Pythia_plus,207,MUR1.0_MUF1.0_PDF26256,pdf,11,2.18,2.5,0.6207728385925293,0.6201502680778503,0.9989971041321806,-0.0010028958786278963,0.0010028958786278963,-0.10028958786278963
Pythia_plus,208,MUR1.0_MUF1.0_PDF26257,pdf,1,0.0,0.21,0.6547458171844482,0.6550487279891968,1.0004626387779783,0.0004626387672033161,0.0004626387672033161,0.04626387672033161
Pythia_plus,208,MUR1.0_MUF1.0_PDF26257,pdf,2,0.21,0.42,0.6447997093200684,0.6449306607246399,1.0002030884981472,0.0002030884934356436,0.0002030884934356436,0.02030884934356436
Pythia_plus,208,MUR1.0_MUF1.0_PDF26257,pdf,3,0.42,0.63,0.6357879638671875,0.6358619928359985,1.0001164365685073,0.00011643656762316823,0.00011643656762316823,0.011643656762316823
Pythia_plus,208,MUR1.0_MUF1.0_PDF26257,pdf,4,0.63,0.84,0.6187161207199097,0.6190536618232727,1.0005455508464371,0.000545550836250186,0.000545550836250186,0.0545550836250186
Pythia_plus,208,MUR1.0_MUF1.0_PDF26257,pdf,5,0.84,1.05,0.6409361958503723,0.641257643699646,1.0005015286253995,0.0005015286151319742,0.0005015286151319742,0.05015286151319742
Pythia_plus,208,MUR1.0_MUF1.0_PDF26257,pdf,6,1.05,1.37,0.6362332105636597,0.6364415287971497,1.0003274243312534,0.0003274243208579719,0.0003274243208579719,0.03274243208579719
Pythia_plus,208,MUR1.0_MUF1.0_PDF26257,pdf,7,1.37,1.52,0.6330141425132751,0.6341067552566528,1.0017260479189922,0.001726047950796783,0.001726047950796783,0.1726047950796783
Pythia_plus,208,MUR1.0_MUF1.0_PDF26257,pdf,8,1.52,1.74,0.6609900593757629,0.6615914106369019,1.0009097735323083,0.0009097735164687037,0.0009097735164687037,0.09097735164687037
Pythia_plus,208,MUR1.0_MUF1.0_PDF26257,pdf,9,1.74,1.95,0.6475628614425659,0.6484099626541138,1.0013081374210695,0.0013081374345347285,0.0013081374345347285,0.13081374345347285
Pythia_plus,208,MUR1.0_MUF1.0_PDF26257,pdf,10,1.95,2.18,0.6217986941337585,0.6220256686210632,1.000365028890292,0.00036502888542599976,0.00036502888542599976,0.036502888542599976
Pythia_plus,208,MUR1.0_MUF1.0_PDF26257,pdf,11,2.18,2.5,0.6207728385925293,0.6201500296592712,0.9989967200648305,-0.0010032799327746034,0.0010032799327746034,-0.10032799327746034
Pythia_plus,209,MUR1.0_MUF1.0_PDF26258,pdf,1,0.0,0.21,0.6547458171844482,0.6550489664077759,1.0004630029171186,0.00046300291432999074,0.00046300291432999074,0.046300291432999074
Pythia_plus,209,MUR1.0_MUF1.0_PDF26258,pdf,2,0.21,0.42,0.6447997093200684,0.644930362701416,1.0002026263031127,0.00020262631005607545,0.00020262631005607545,0.020262631005607545
Pythia_plus,209,MUR1.0_MUF1.0_PDF26258,pdf,3,0.42,0.63,0.6357879638671875,0.6358618140220642,1.0001161553207574,0.00011615532275754958,0.00011615532275754958,0.011615532275754958
Pythia_plus,209,MUR1.0_MUF1.0_PDF26258,pdf,4,0.63,0.84,0.6187161207199097,0.6190539598464966,1.0005460325265063,0.0005460325046442449,0.0005460325046442449,0.05460325046442449
Pythia_plus,209,MUR1.0_MUF1.0_PDF26258,pdf,5,0.84,1.05,0.6409361958503723,0.641257643699646,1.0005015286253995,0.0005015286151319742,0.0005015286151319742,0.05015286151319742
Pythia_plus,209,MUR1.0_MUF1.0_PDF26258,pdf,6,1.05,1.37,0.6362332105636597,0.6364409327507019,1.0003264874948263,0.0003264874976594001,0.0003264874976594001,0.03264874976594001
Pythia_plus,209,MUR1.0_MUF1.0_PDF26258,pdf,7,1.37,1.52,0.6330141425132751,0.6341059803962708,1.001724823838312,0.0017248238436877728,0.0017248238436877728,0.17248238436877728
Pythia_plus,209,MUR1.0_MUF1.0_PDF26258,pdf,8,1.52,1.74,0.6609900593757629,0.6615914106369019,1.0009097735323083,0.0009097735164687037,0.0009097735164687037,0.09097735164687037
Pythia_plus,209,MUR1.0_MUF1.0_PDF26258,pdf,9,1.74,1.95,0.6475628614425659,0.6484096646308899,1.0013076771982221,0.0013076772447675467,0.0013076772447675467,0.13076772447675467
Pythia_plus,209,MUR1.0_MUF1.0_PDF26258,pdf,10,1.95,2.18,0.6217986941337585,0.6220252513885498,1.0003643578813026,0.0003643578675109893,0.0003643578675109893,0.03643578675109893
Pythia_plus,209,MUR1.0_MUF1.0_PDF26258,pdf,11,2.18,2.5,0.6207728385925293,0.620150089263916,0.9989968160816681,-0.0010031838901340961,0.0010031838901340961,-0.10031838901340961
Pythia_plus,210,MUR1.0_MUF1.0_PDF26259,pdf,1,0.0,0.21,0.6547458171844482,0.6550498008728027,1.0004642774041104,0.00046427740016952157,0.00046427740016952157,0.04642774001695216
Pythia_plus,210,MUR1.0_MUF1.0_PDF26259,pdf,2,0.21,0.42,0.6447997093200684,0.6449308395385742,1.0002033658151679,0.0002033658092841506,0.0002033658092841506,0.02033658092841506
Pythia_plus,210,MUR1.0_MUF1.0_PDF26259,pdf,3,0.42,0.63,0.6357879638671875,0.6358606219291687,1.0001142803357572,0.00011428033758420497,0.00011428033758420497,0.011428033758420497
Pythia_plus,210,MUR1.0_MUF1.0_PDF26259,pdf,4,0.63,0.84,0.6187161207199097,0.6190547347068787,1.0005472848946864,0.0005472849006764591,0.0005472849006764591,0.05472849006764591
Pythia_plus,210,MUR1.0_MUF1.0_PDF26259,pdf,5,0.84,1.05,0.6409361958503723,0.6412585377693176,1.00050292356873,0.0005029235617257655,0.0005029235617257655,0.05029235617257655
Pythia_plus,210,MUR1.0_MUF1.0_PDF26259,pdf,6,1.05,1.37,0.6362332105636597,0.6364416480064392,1.0003276116985387,0.00032761169131845236,0.00032761169131845236,0.032761169131845236
Pythia_plus,210,MUR1.0_MUF1.0_PDF26259,pdf,7,1.37,1.52,0.6330141425132751,0.6341074109077454,1.0017270836795678,0.0017270836979150772,0.0017270836979150772,0.17270836979150772
Pythia_plus,210,MUR1.0_MUF1.0_PDF26259,pdf,8,1.52,1.74,0.6609900593757629,0.6615923643112183,1.0009112163290688,0.0009112163097597659,0.0009112163097597659,0.09112163097597659
Pythia_plus,210,MUR1.0_MUF1.0_PDF26259,pdf,9,1.74,1.95,0.6475628614425659,0.6484107375144958,1.0013093340004724,0.0013093339512124658,0.0013093339512124658,0.13093339512124658
Pythia_plus,210,MUR1.0_MUF1.0_PDF26259,pdf,10,1.95,2.18,0.6217986941337585,0.6220239996910095,1.000362344854334,0.0003623448428697884,0.0003623448428697884,0.03623448428697884
Pythia_plus,210,MUR1.0_MUF1.0_PDF26259,pdf,11,2.18,2.5,0.6207728385925293,0.6201525926589966,0.9990008487888437,-0.0009991512633860111,0.0009991512633860111,-0.09991512633860111
Pythia_plus,211,MUR1.0_MUF1.0_PDF26260,pdf,1,0.0,0.21,0.6547458171844482,0.6550478339195251,1.0004612732562015,0.0004612732445821166,0.0004612732445821166,0.04612732445821166
Pythia_plus,211,MUR1.0_MUF1.0_PDF26260,pdf,2,0.21,0.42,0.6447997093200684,0.6449291110038757,1.000200685083968,0.00020068508456461132,0.00020068508456461132,0.02006850845646113
Pythia_plus,211,MUR1.0_MUF1.0_PDF26260,pdf,3,0.42,0.63,0.6357879638671875,0.6358607411384583,1.0001144678342573,0.00011446783173596486,0.00011446783173596486,0.011446783173596486
Pythia_plus,211,MUR1.0_MUF1.0_PDF26260,pdf,4,0.63,0.84,0.6187161207199097,0.6190521717071533,1.0005431424460909,0.0005431424360722303,0.0005431424360722303,0.054314243607223034
Pythia_plus,211,MUR1.0_MUF1.0_PDF26260,pdf,5,0.84,1.05,0.6409361958503723,0.6412560939788818,1.000499110723627,0.0004991107271052897,0.0004991107271052897,0.04991107271052897
Pythia_plus,211,MUR1.0_MUF1.0_PDF26260,pdf,6,1.05,1.37,0.6362332105636597,0.6364402174949646,1.0003253632911138,0.00032536330400034785,0.00032536330400034785,0.032536330400034785
Pythia_plus,211,MUR1.0_MUF1.0_PDF26260,pdf,7,1.37,1.52,0.6330141425132751,0.634108304977417,1.0017284960803525,0.0017284960485994816,0.0017284960485994816,0.17284960485994816
Pythia_plus,211,MUR1.0_MUF1.0_PDF26260,pdf,8,1.52,1.74,0.6609900593757629,0.6615943312644958,1.0009141920973874,0.000914192118216306,0.000914192118216306,0.0914192118216306
Pythia_plus,211,MUR1.0_MUF1.0_PDF26260,pdf,9,1.74,1.95,0.6475628614425659,0.6484121084213257,1.0013114510255698,0.0013114510802552104,0.0013114510802552104,0.13114510802552104
Pythia_plus,211,MUR1.0_MUF1.0_PDF26260,pdf,10,1.95,2.18,0.6217986941337585,0.6220260262489319,1.0003656040408544,0.00036560403532348573,0.00036560403532348573,0.03656040353234857
Pythia_plus,211,MUR1.0_MUF1.0_PDF26260,pdf,11,2.18,2.5,0.6207728385925293,0.6201506853103638,0.9989977762500432,-0.0010022236965596676,0.0010022236965596676,-0.10022236965596676
Pythia_plus,212,MUR1.0_MUF1.0_PDF13320,pdf,1,0.0,0.21,0.6547458171844482,0.6547459363937378,1.0000001820695703,1.8206957008715108e-07,1.8206957008715108e-07,1.8206957008715108e-05
Pythia_plus,212,MUR1.0_MUF1.0_PDF13320,pdf,2,0.21,0.42,0.6447997093200684,0.6448138952255249,1.0000220004836409,2.2000484023010358e-05,2.2000484023010358e-05,0.002200048402301036
Pythia_plus,212,MUR1.0_MUF1.0_PDF13320,pdf,3,0.42,0.63,0.6357879638671875,0.6358031630516052,1.0000239060587515,2.39060591411544e-05,2.39060591411544e-05,0.00239060591411544
Pythia_plus,212,MUR1.0_MUF1.0_PDF13320,pdf,4,0.63,0.84,0.6187161207199097,0.6186986565589905,0.9999717735479418,-2.822645183186978e-05,2.822645183186978e-05,-0.002822645183186978
Pythia_plus,212,MUR1.0_MUF1.0_PDF13320,pdf,5,0.84,1.05,0.6409361958503723,0.6409311294555664,0.9999920953211275,-7.904678568593226e-06,7.904678568593226e-06,-0.0007904678568593226
Pythia_plus,212,MUR1.0_MUF1.0_PDF13320,pdf,6,1.05,1.37,0.6362332105636597,0.6362552642822266,1.0000346629478007,3.46629494742956e-05,3.46629494742956e-05,0.00346629494742956
Pythia_plus,212,MUR1.0_MUF1.0_PDF13320,pdf,7,1.37,1.52,0.6330141425132751,0.6329929232597351,0.9999664790213757,-3.352097701281309e-05,3.352097701281309e-05,-0.003352097701281309
Pythia_plus,212,MUR1.0_MUF1.0_PDF13320,pdf,8,1.52,1.74,0.6609900593757629,0.6609572172164917,0.9999503136865594,-4.9686314014252275e-05,4.9686314014252275e-05,-0.0049686314014252275
Pythia_plus,212,MUR1.0_MUF1.0_PDF13320,pdf,9,1.74,1.95,0.6475628614425659,0.6475479602813721,0.9999769888576366,-2.301114182046149e-05,2.301114182046149e-05,-0.002301114182046149
Pythia_plus,212,MUR1.0_MUF1.0_PDF13320,pdf,10,1.95,2.18,0.6217986941337585,0.6218227744102478,1.0000387268045372,3.87268046324607e-05,3.87268046324607e-05,0.00387268046324607
Pythia_plus,212,MUR1.0_MUF1.0_PDF13320,pdf,11,2.18,2.5,0.6207728385925293,0.6207428574562073,0.9999517035307312,-4.829646786674857e-05,4.829646786674857e-05,-0.004829646786674857
Pythia_plus,213,MUR1.0_MUF1.0_PDF26261,pdf,1,0.0,0.21,0.6547458171844482,0.655048131942749,1.000461728430127,0.0004617284284904599,0.0004617284284904599,0.04617284284904599
Pythia_plus,213,MUR1.0_MUF1.0_PDF26261,pdf,2,0.21,0.42,0.6447997093200684,0.644930362701416,1.0002026263031127,0.00020262631005607545,0.00020262631005607545,0.020262631005607545
Pythia_plus,213,MUR1.0_MUF1.0_PDF26261,pdf,3,0.42,0.63,0.6357879638671875,0.6358621716499329,1.0001167178162575,0.00011671781976474449,0.00011671781976474449,0.011671781976474449
Pythia_plus,213,MUR1.0_MUF1.0_PDF26261,pdf,4,0.63,0.84,0.6187161207199097,0.6190537214279175,1.000545647182451,0.0005456471699289978,0.0005456471699289978,0.054564716992899776
Pythia_plus,213,MUR1.0_MUF1.0_PDF26261,pdf,5,0.84,1.05,0.6409361958503723,0.6412575244903564,1.0005013426329554,0.0005013426416553557,0.0005013426416553557,0.05013426416553557
Pythia_plus,213,MUR1.0_MUF1.0_PDF26261,pdf,6,1.05,1.37,0.6362332105636597,0.6364409923553467,1.000326581178469,0.00032658118288964033,0.00032658118288964033,0.03265811828896403
Pythia_plus,213,MUR1.0_MUF1.0_PDF26261,pdf,7,1.37,1.52,0.6330141425132751,0.6341072916984558,1.0017268953594631,0.0017268953379243612,0.0017268953379243612,0.17268953379243612
Pythia_plus,213,MUR1.0_MUF1.0_PDF26261,pdf,8,1.52,1.74,0.6609900593757629,0.6615918874740601,1.0009104949306884,0.0009104949422180653,0.0009104949422180653,0.09104949422180653
Pythia_plus,213,MUR1.0_MUF1.0_PDF26261,pdf,9,1.74,1.95,0.6475628614425659,0.6484100818634033,1.0013083215102083,0.001308321487158537,0.001308321487158537,0.1308321487158537
Pythia_plus,213,MUR1.0_MUF1.0_PDF26261,pdf,10,1.95,2.18,0.6217986941337585,0.622025191783905,1.0003642620228754,0.0003642620285972953,0.0003642620285972953,0.03642620285972953
Pythia_plus,213,MUR1.0_MUF1.0_PDF26261,pdf,11,2.18,2.5,0.6207728385925293,0.6201504468917847,0.9989973921826931,-0.0010026078671216965,0.0010026078671216965,-0.10026078671216965
Pythia_plus,214,MUR1.0_MUF1.0_PDF26262,pdf,1,0.0,0.21,0.6547458171844482,0.6550496816635132,1.00046409533454,0.00046409532660618424,0.00046409532660618424,0.046409532660618424
Pythia_plus,214,MUR1.0_MUF1.0_PDF26262,pdf,2,0.21,0.42,0.6447997093200684,0.6449300646781921,1.0002021641080783,0.00020216411212459207,0.00020216411212459207,0.020216411212459207
Pythia_plus,214,MUR1.0_MUF1.0_PDF26262,pdf,3,0.42,0.63,0.6357879638671875,0.6358614563941956,1.0001155928252574,0.00011559282575035468,0.00011559282575035468,0.011559282575035468
Pythia_plus,214,MUR1.0_MUF1.0_PDF26262,pdf,4,0.63,0.84,0.6187161207199097,0.6190541982650757,1.0005464178705619,0.000546417897567153,0.000546417897567153,0.0546417897567153
Pythia_plus,214,MUR1.0_MUF1.0_PDF26262,pdf,5,0.84,1.05,0.6409361958503723,0.6412581205368042,1.0005022725951758,0.0005022725672461092,0.0005022725672461092,0.050227256724610925
Pythia_plus,214,MUR1.0_MUF1.0_PDF26262,pdf,6,1.05,1.37,0.6362332105636597,0.6364413499832153,1.0003271432803253,0.0003271432942710817,0.0003271432942710817,0.03271432942710817
Pythia_plus,214,MUR1.0_MUF1.0_PDF26262,pdf,7,1.37,1.52,0.6330141425132751,0.634107232093811,1.0017268011994107,0.0017268011579290032,0.0017268011579290032,0.17268011579290032
Pythia_plus,214,MUR1.0_MUF1.0_PDF26262,pdf,8,1.52,1.74,0.6609900593757629,0.6615927815437317,1.0009118475526515,0.0009118475718423724,0.0009118475718423724,0.09118475718423724
Pythia_plus,214,MUR1.0_MUF1.0_PDF26262,pdf,9,1.74,1.95,0.6475628614425659,0.6484101414680481,1.0013084135547778,0.001308413571678102,0.001308413571678102,0.1308413571678102
Pythia_plus,214,MUR1.0_MUF1.0_PDF26262,pdf,10,1.95,2.18,0.6217986941337585,0.6220231652259827,1.000361002836355,0.00036100283614359796,0.00036100283614359796,0.036100283614359796
Pythia_plus,214,MUR1.0_MUF1.0_PDF26262,pdf,11,2.18,2.5,0.6207728385925293,0.6201502680778503,0.9989971041321806,-0.0010028958786278963,0.0010028958786278963,-0.10028958786278963
Pythia_plus,215,MUR0.5_MUF2.0_PDF13300,scale,1,0.0,0.21,0.6547458171844482,0.6556918025016785,1.0014448130746343,0.001444813096895814,0.001444813096895814,0.1444813096895814
Pythia_plus,215,MUR0.5_MUF2.0_PDF13300,scale,2,0.21,0.42,0.6447997093200684,0.6459880471229553,1.001842956480455,0.0018429565243422985,0.0018429565243422985,0.18429565243422985
Pythia_plus,215,MUR0.5_MUF2.0_PDF13300,scale,3,0.42,0.63,0.6357879638671875,0.6368732452392578,1.0017069863441093,0.0017069863388314843,0.0017069863388314843,0.17069863388314843
Pythia_plus,215,MUR0.5_MUF2.0_PDF13300,scale,4,0.63,0.84,0.6187161207199097,0.6198104023933411,1.0017686328782869,0.0017686329083517194,0.0017686329083517194,0.17686329083517194
Pythia_plus,215,MUR0.5_MUF2.0_PDF13300,scale,5,0.84,1.05,0.6409361958503723,0.642309308052063,1.0021423539668701,0.0021423539146780968,0.0021423539146780968,0.21423539146780968
Pythia_plus,215,MUR0.5_MUF2.0_PDF13300,scale,6,1.05,1.37,0.6362332105636597,0.6367303133010864,1.0007813215801582,0.0007813216070644557,0.0007813216070644557,0.07813216070644557
Pythia_plus,215,MUR0.5_MUF2.0_PDF13300,scale,7,1.37,1.52,0.6330141425132751,0.6350763440132141,1.0032577494900057,0.0032577496021986008,0.0032577496021986008,0.3257749602198601
Pythia_plus,215,MUR0.5_MUF2.0_PDF13300,scale,8,1.52,1.74,0.6609900593757629,0.6619781851768494,1.0014949177934984,0.0014949177857488394,0.0014949177857488394,0.14949177857488394
Pythia_plus,215,MUR0.5_MUF2.0_PDF13300,scale,9,1.74,1.95,0.6475628614425659,0.6484856009483337,1.0014249419797057,0.0014249419327825308,0.0014249419327825308,0.14249419327825308
Pythia_plus,215,MUR0.5_MUF2.0_PDF13300,scale,10,1.95,2.18,0.6217986941337585,0.6214892268180847,0.9995023030466397,-0.0004976969794370234,0.0004976969794370234,-0.04976969794370234
Pythia_plus,215,MUR0.5_MUF2.0_PDF13300,scale,11,2.18,2.5,0.6207728385925293,0.6208160519599915,1.0000696122071966,6.961220788070932e-05,6.961220788070932e-05,0.006961220788070932
Pythia_plus,216,MUR1.0_MUF1.0_PDF13321,pdf,1,0.0,0.21,0.6547458171844482,0.6547451615333557,0.9999989986173636,-1.001382656795613e-06,1.001382656795613e-06,-0.0001001382656795613
Pythia_plus,216,MUR1.0_MUF1.0_PDF13321,pdf,2,0.21,0.42,0.6447997093200684,0.6448135375976562,1.0000214458495995,2.144585050700698e-05,2.144585050700698e-05,0.002144585050700698
Pythia_plus,216,MUR1.0_MUF1.0_PDF13321,pdf,3,0.42,0.63,0.6357879638671875,0.6358016133308411,1.0000214685782514,2.1468578779604286e-05,2.1468578779604286e-05,0.0021468578779604286
Pythia_plus,216,MUR1.0_MUF1.0_PDF13321,pdf,4,0.63,0.84,0.6187161207199097,0.6186973452568054,0.999969654155637,-3.034584369743243e-05,3.034584369743243e-05,-0.003034584369743243
Pythia_plus,216,MUR1.0_MUF1.0_PDF13321,pdf,5,0.84,1.05,0.6409361958503723,0.6409295201301575,0.9999895844231328,-1.041557698044926e-05,1.041557698044926e-05,-0.001041557698044926
Pythia_plus,216,MUR1.0_MUF1.0_PDF13321,pdf,6,1.05,1.37,0.6362332105636597,0.6362534761428833,1.0000318524385197,3.185243986081332e-05,3.185243986081332e-05,0.003185243986081332
Pythia_plus,216,MUR1.0_MUF1.0_PDF13321,pdf,7,1.37,1.52,0.6330141425132751,0.6329910159111023,0.9999634658997016,-3.653410021797754e-05,3.653410021797754e-05,-0.003653410021797754
Pythia_plus,216,MUR1.0_MUF1.0_PDF13321,pdf,8,1.52,1.74,0.6609900593757629,0.6609565615653992,0.9999493217637866,-5.067823440185748e-05,5.067823440185748e-05,-0.005067823440185748
Pythia_plus,216,MUR1.0_MUF1.0_PDF13321,pdf,9,1.74,1.95,0.6475628614425659,0.6475480198860168,0.9999770809022062,-2.2919097318663262e-05,2.2919097318663262e-05,-0.002291909731866326
Pythia_plus,216,MUR1.0_MUF1.0_PDF13321,pdf,10,1.95,2.18,0.6217986941337585,0.6218217611312866,1.000037097211277,3.7097212043590844e-05,3.7097212043590844e-05,0.0037097212043590844
Pythia_plus,216,MUR1.0_MUF1.0_PDF13321,pdf,11,2.18,2.5,0.6207728385925293,0.6207398176193237,0.999946806672018,-5.3193329222267494e-05,5.3193329222267494e-05,-0.005319332922226749
Pythia_plus,217,MUR1.0_MUF1.0_PDF13322,pdf,1,0.0,0.21,0.6547458171844482,0.6547446250915527,0.9999981793042976,-1.8206957292932202e-06,1.8206957292932202e-06,-0.00018206957292932202
Pythia_plus,217,MUR1.0_MUF1.0_PDF13322,pdf,2,0.21,0.42,0.6447997093200684,0.6448147296905518,1.0000232946297374,2.3294629500014707e-05,2.3294629500014707e-05,0.0023294629500014707
Pythia_plus,217,MUR1.0_MUF1.0_PDF13322,pdf,3,0.42,0.63,0.6357879638671875,0.6358035802841187,1.0000245623035016,2.4562303224229254e-05,2.4562303224229254e-05,0.0024562303224229254
Pythia_plus,217,MUR1.0_MUF1.0_PDF13322,pdf,4,0.63,0.84,0.6187161207199097,0.6186975240707397,0.9999699431636786,-3.0056837204028852e-05,3.0056837204028852e-05,-0.0030056837204028852
Pythia_plus,217,MUR1.0_MUF1.0_PDF13322,pdf,5,0.84,1.05,0.6409361958503723,0.6409313082695007,0.9999923743097937,-7.625690159329679e-06,7.625690159329679e-06,-0.0007625690159329679
Pythia_plus,217,MUR1.0_MUF1.0_PDF13322,pdf,6,1.05,1.37,0.6362332105636597,0.6362542510032654,1.0000330703258749,3.307032602606341e-05,3.307032602606341e-05,0.0033070326026063412
Pythia_plus,217,MUR1.0_MUF1.0_PDF13322,pdf,7,1.37,1.52,0.6330141425132751,0.6329905390739441,0.9999627126192832,-3.728738010977395e-05,3.728738010977395e-05,-0.003728738010977395
Pythia_plus,217,MUR1.0_MUF1.0_PDF13322,pdf,8,1.52,1.74,0.6609900593757629,0.6609559059143066,0.9999483298410137,-5.167015842744149e-05,5.167015842744149e-05,-0.005167015842744149
Pythia_plus,217,MUR1.0_MUF1.0_PDF13322,pdf,9,1.74,1.95,0.6475628614425659,0.6475467681884766,0.9999751479662476,-2.485203367541544e-05,2.485203367541544e-05,-0.002485203367541544
Pythia_plus,217,MUR1.0_MUF1.0_PDF13322,pdf,10,1.95,2.18,0.6217986941337585,0.6218221187591553,1.0000376723618394,3.7672361941076815e-05,3.7672361941076815e-05,0.0037672361941076815
Pythia_plus,217,MUR1.0_MUF1.0_PDF13322,pdf,11,2.18,2.5,0.6207728385925293,0.6207398176193237,0.999946806672018,-5.3193329222267494e-05,5.3193329222267494e-05,-0.005319332922226749
Pythia_plus,218,MUR1.0_MUF1.0_PDF13323,pdf,1,0.0,0.21,0.6547458171844482,0.6547456979751587,0.9999998179304298,-1.8206957008715108e-07,1.8206957008715108e-07,-1.8206957008715108e-05
Pythia_plus,218,MUR1.0_MUF1.0_PDF13323,pdf,2,0.21,0.42,0.6447997093200684,0.6448145508766174,1.0000230173127167,2.3017311832518317e-05,2.3017311832518317e-05,0.0023017311832518317
Pythia_plus,218,MUR1.0_MUF1.0_PDF13323,pdf,3,0.42,0.63,0.6357879638671875,0.6358014941215515,1.0000212810797513,2.1281079170876183e-05,2.1281079170876183e-05,0.0021281079170876183
Pythia_plus,218,MUR1.0_MUF1.0_PDF13323,pdf,4,0.63,0.84,0.6187161207199097,0.6186954975128174,0.9999666677392076,-3.3332260500174016e-05,3.3332260500174016e-05,-0.0033332260500174016
Pythia_plus,218,MUR1.0_MUF1.0_PDF13323,pdf,5,0.84,1.05,0.6409361958503723,0.6409300565719604,0.9999904213891311,-9.578610843163915e-06,9.578610843163915e-06,-0.0009578610843163915
Pythia_plus,218,MUR1.0_MUF1.0_PDF13323,pdf,6,1.05,1.37,0.6362332105636597,0.6362548470497131,1.000034007162302,3.400716377655044e-05,3.400716377655044e-05,0.003400716377655044
Pythia_plus,218,MUR1.0_MUF1.0_PDF13323,pdf,7,1.37,1.52,0.6330141425132751,0.632988691329956,0.9999597936576614,-4.020634150947444e-05,4.020634150947444e-05,-0.004020634150947444
Pythia_plus,218,MUR1.0_MUF1.0_PDF13323,pdf,8,1.52,1.74,0.6609900593757629,0.6609538793563843,0.9999452638978976,-5.4736101446906105e-05,5.4736101446906105e-05,-0.0054736101446906105
Pythia_plus,218,MUR1.0_MUF1.0_PDF13323,pdf,9,1.74,1.95,0.6475628614425659,0.6475462317466736,0.9999743195651225,-2.5680434191599488e-05,2.5680434191599488e-05,-0.002568043419159949
Pythia_plus,218,MUR1.0_MUF1.0_PDF13323,pdf,10,1.95,2.18,0.6217986941337585,0.6218211650848389,1.0000361386270062,3.613862645579502e-05,3.613862645579502e-05,0.003613862645579502
Pythia_plus,218,MUR1.0_MUF1.0_PDF13323,pdf,11,2.18,2.5,0.6207728385925293,0.6207365393638611,0.9999415257459549,-5.8474255638429895e-05,5.8474255638429895e-05,-0.0058474255638429895
Pythia_plus,219,MUR1.0_MUF1.0_PDF13324,pdf,1,0.0,0.21,0.6547458171844482,0.6547439694404602,0.9999971779216613,-2.8220783860888332e-06,2.8220783860888332e-06,-0.0002822078386088833
Pythia_plus,219,MUR1.0_MUF1.0_PDF13324,pdf,2,0.21,0.42,0.6447997093200684,0.6448133587837219,1.0000211685325788,2.116853283951059e-05,2.116853283951059e-05,0.002116853283951059
Pythia_plus,219,MUR1.0_MUF1.0_PDF13324,pdf,3,0.42,0.63,0.6357879638671875,0.6358038187026978,1.0000249373005017,2.4937300622696057e-05,2.4937300622696057e-05,0.0024937300622696057
Pythia_plus,219,MUR1.0_MUF1.0_PDF13324,pdf,4,0.63,0.84,0.6187161207199097,0.6186949610710144,0.999965800715083,-3.4199285437352955e-05,3.4199285437352955e-05,-0.0034199285437352955
Pythia_plus,219,MUR1.0_MUF1.0_PDF13324,pdf,5,0.84,1.05,0.6409361958503723,0.6409316658973694,0.9999929322871258,-7.067712886055233e-06,7.067712886055233e-06,-0.0007067712886055233
Pythia_plus,219,MUR1.0_MUF1.0_PDF13324,pdf,6,1.05,1.37,0.6362332105636597,0.6362529993057251,1.000031102969378,3.1102968932827935e-05,3.1102968932827935e-05,0.0031102968932827935
Pythia_plus,219,MUR1.0_MUF1.0_PDF13324,pdf,7,1.37,1.52,0.6330141425132751,0.6329888105392456,0.999959981977766,-4.001802153652534e-05,4.001802153652534e-05,-0.004001802153652534
Pythia_plus,219,MUR1.0_MUF1.0_PDF13324,pdf,8,1.52,1.74,0.6609900593757629,0.6609512567520142,0.9999412962068062,-5.870379391126335e-05,5.870379391126335e-05,-0.005870379391126335
Pythia_plus,219,MUR1.0_MUF1.0_PDF13324,pdf,9,1.74,1.95,0.6475628614425659,0.6475443243980408,0.9999713741389,-2.8625861887121573e-05,2.8625861887121573e-05,-0.0028625861887121573
Pythia_plus,219,MUR1.0_MUF1.0_PDF13324,pdf,10,1.95,2.18,0.6217986941337585,0.621823251247406,1.0000394936719539,3.9493672375101596e-05,3.9493672375101596e-05,0.00394936723751016
Pythia_plus,219,MUR1.0_MUF1.0_PDF13324,pdf,11,2.18,2.5,0.6207728385925293,0.620735228061676,0.9999394133755295,-6.0586626204894856e-05,6.0586626204894856e-05,-0.0060586626204894856
Pythia_plus,220,MUR1.0_MUF1.0_PDF13325,pdf,1,0.0,0.21,0.6547458171844482,0.6547424793243408,0.9999949020520333,-5.097947905596811e-06,5.097947905596811e-06,-0.0005097947905596811
Pythia_plus,220,MUR1.0_MUF1.0_PDF13325,pdf,2,0.21,0.42,0.6447997093200684,0.6448144912719727,1.0000229248737098,2.2924874429008923e-05,2.2924874429008923e-05,0.0022924874429008923
Pythia_plus,220,MUR1.0_MUF1.0_PDF13325,pdf,3,0.42,0.63,0.6357879638671875,0.635802686214447,1.0000231560647515,2.3156064344220795e-05,2.3156064344220795e-05,0.0023156064344220795
Pythia_plus,220,MUR1.0_MUF1.0_PDF13325,pdf,4,0.63,0.84,0.6187161207199097,0.6186943650245667,0.9999648373549445,-3.5162644053343683e-05,3.5162644053343683e-05,-0.0035162644053343683
Pythia_plus,220,MUR1.0_MUF1.0_PDF13325,pdf,5,0.84,1.05,0.6409361958503723,0.6409323811531067,0.9999940482417902,-5.951758339506341e-06,5.951758339506341e-06,-0.0005951758339506341
Pythia_plus,220,MUR1.0_MUF1.0_PDF13325,pdf,6,1.05,1.37,0.6362332105636597,0.6362557411193848,1.0000354124169424,3.541241676430218e-05,3.541241676430218e-05,0.003541241676430218
Pythia_plus,220,MUR1.0_MUF1.0_PDF13325,pdf,7,1.37,1.52,0.6330141425132751,0.632986307144165,0.9999560272555688,-4.39727446064353e-05,4.39727446064353e-05,-0.00439727446064353
Pythia_plus,220,MUR1.0_MUF1.0_PDF13325,pdf,8,1.52,1.74,0.6609900593757629,0.660951554775238,0.9999417470807939,-5.8252921007806435e-05,5.8252921007806435e-05,-0.0058252921007806435
Pythia_plus,220,MUR1.0_MUF1.0_PDF13325,pdf,9,1.74,1.95,0.6475628614425659,0.6475432515144348,0.9999697173366499,-3.0282662919489667e-05,3.0282662919489667e-05,-0.0030282662919489667
Pythia_plus,220,MUR1.0_MUF1.0_PDF13325,pdf,10,1.95,2.18,0.6217986941337585,0.6218236684799194,1.0000401646809434,4.016467937617563e-05,4.016467937617563e-05,0.004016467937617563
Pythia_plus,220,MUR1.0_MUF1.0_PDF13325,pdf,11,2.18,2.5,0.6207728385925293,0.6207334399223328,0.9999365328704042,-6.346713053062558e-05,6.346713053062558e-05,-0.006346713053062558
Pythia_plus,221,MUR1.0_MUF1.0_PDF13326,pdf,1,0.0,0.21,0.6547458171844482,0.6547433733940125,0.9999962675738101,-3.7324261938920245e-06,3.7324261938920245e-06,-0.00037324261938920245
Pythia_plus,221,MUR1.0_MUF1.0_PDF13326,pdf,2,0.21,0.42,0.6447997093200684,0.6448138356208801,1.000021908044634,2.190804480051156e-05,2.190804480051156e-05,0.002190804480051156
Pythia_plus,221,MUR1.0_MUF1.0_PDF13326,pdf,3,0.42,0.63,0.6357879638671875,0.6358044147491455,1.0000258747930018,2.5874793209368363e-05,2.5874793209368363e-05,0.0025874793209368363
Pythia_plus,221,MUR1.0_MUF1.0_PDF13326,pdf,4,0.63,0.84,0.6187161207199097,0.6186931729316711,0.9999629106346675,-3.708936492330395e-05,3.708936492330395e-05,-0.0037089364923303947
Pythia_plus,221,MUR1.0_MUF1.0_PDF13326,pdf,5,0.84,1.05,0.6409361958503723,0.6409308314323425,0.9999916303400175,-8.36965955386404e-06,8.36965955386404e-06,-0.000836965955386404
Pythia_plus,221,MUR1.0_MUF1.0_PDF13326,pdf,6,1.05,1.37,0.6362332105636597,0.6362547278404236,1.0000338197950165,3.381979331606999e-05,3.381979331606999e-05,0.003381979331606999
Pythia_plus,221,MUR1.0_MUF1.0_PDF13326,pdf,7,1.37,1.52,0.6330141425132751,0.6329857110977173,0.9999550856550455,-4.491434447118081e-05,4.491434447118081e-05,-0.004491434447118081
Pythia_plus,221,MUR1.0_MUF1.0_PDF13326,pdf,8,1.52,1.74,0.6609900593757629,0.6609503626823425,0.9999399435848432,-6.005641625961289e-05,6.005641625961289e-05,-0.006005641625961289
Pythia_plus,221,MUR1.0_MUF1.0_PDF13326,pdf,9,1.74,1.95,0.6475628614425659,0.6475417017936707,0.9999673241778441,-3.267582360422239e-05,3.267582360422239e-05,-0.0032675823604222387
Pythia_plus,221,MUR1.0_MUF1.0_PDF13326,pdf,10,1.95,2.18,0.6217986941337585,0.6218246221542358,1.0000416984157765,4.169841486145742e-05,4.169841486145742e-05,0.004169841486145742
Pythia_plus,221,MUR1.0_MUF1.0_PDF13326,pdf,11,2.18,2.5,0.6207728385925293,0.620730996131897,0.9999325961800661,-6.740381650160998e-05,6.740381650160998e-05,-0.006740381650160998
Pythia_plus,222,MUR1.0_MUF1.0_PDF13327,pdf,1,0.0,0.21,0.6547458171844482,0.6547433733940125,0.9999962675738101,-3.7324261938920245e-06,3.7324261938920245e-06,-0.00037324261938920245
Pythia_plus,222,MUR1.0_MUF1.0_PDF13327,pdf,2,0.21,0.42,0.6447997093200684,0.644812822341919,1.0000203365815168,2.033658165601082e-05,2.033658165601082e-05,0.002033658165601082
Pythia_plus,222,MUR1.0_MUF1.0_PDF13327,pdf,3,0.42,0.63,0.6357879638671875,0.6358036994934082,1.0000247498020016,2.4749802832957357e-05,2.4749802832957357e-05,0.0024749802832957357
Pythia_plus,222,MUR1.0_MUF1.0_PDF13327,pdf,4,0.63,0.84,0.6187161207199097,0.6186907887458801,0.9999590571941134,-4.0942806663224474e-05,4.0942806663224474e-05,-0.004094280666322447
Pythia_plus,222,MUR1.0_MUF1.0_PDF13327,pdf,5,0.84,1.05,0.6409361958503723,0.640933096408844,0.9999951641964545,-4.8358033382100984e-06,4.8358033382100984e-06,-0.00048358033382100984
Pythia_plus,222,MUR1.0_MUF1.0_PDF13327,pdf,6,1.05,1.37,0.6362332105636597,0.6362533569335938,1.0000316650712342,3.1665073038311675e-05,3.1665073038311675e-05,0.0031665073038311675
Pythia_plus,222,MUR1.0_MUF1.0_PDF13327,pdf,7,1.37,1.52,0.6330141425132751,0.6329824924468994,0.9999500010122205,-4.999898737878539e-05,4.999898737878539e-05,-0.004999898737878539
Pythia_plus,222,MUR1.0_MUF1.0_PDF13327,pdf,8,1.52,1.74,0.6609900593757629,0.6609477996826172,0.9999360660685492,-6.393393414327875e-05,6.393393414327875e-05,-0.006393393414327875
Pythia_plus,222,MUR1.0_MUF1.0_PDF13327,pdf,9,1.74,1.95,0.6475628614425659,0.647542417049408,0.9999684287126775,-3.157128594466485e-05,3.157128594466485e-05,-0.003157128594466485
Pythia_plus,222,MUR1.0_MUF1.0_PDF13327,pdf,10,1.95,2.18,0.6217986941337585,0.6218252778053284,1.0000427528584743,4.2752857552841306e-05,4.2752857552841306e-05,0.004275285755284131
Pythia_plus,222,MUR1.0_MUF1.0_PDF13327,pdf,11,2.18,2.5,0.6207728385925293,0.6207295656204224,0.9999302917759658,-6.970822141738608e-05,6.970822141738608e-05,-0.0069708221417386085
Pythia_plus,223,MUR1.0_MUF1.0_PDF13328,pdf,1,0.0,0.21,0.6547458171844482,0.6547424793243408,0.9999949020520333,-5.097947905596811e-06,5.097947905596811e-06,-0.0005097947905596811
Pythia_plus,223,MUR1.0_MUF1.0_PDF13328,pdf,2,0.21,0.42,0.6447997093200684,0.6448126435279846,1.000020059264496,2.005926398851443e-05,2.005926398851443e-05,0.002005926398851443
Pythia_plus,223,MUR1.0_MUF1.0_PDF13328,pdf,3,0.42,0.63,0.6357879638671875,0.6358035802841187,1.0000245623035016,2.4562303224229254e-05,2.4562303224229254e-05,0.0024562303224229254
Pythia_plus,223,MUR1.0_MUF1.0_PDF13328,pdf,4,0.63,0.84,0.6187161207199097,0.6186925768852234,0.9999619472745289,-3.805272717727348e-05,3.805272717727348e-05,-0.003805272717727348
Pythia_plus,223,MUR1.0_MUF1.0_PDF13328,pdf,5,0.84,1.05,0.6409361958503723,0.6409318447113037,0.9999932112757919,-6.7887240220443346e-06,6.7887240220443346e-06,-0.0006788724022044335
Pythia_plus,223,MUR1.0_MUF1.0_PDF13328,pdf,6,1.05,1.37,0.6362332105636597,0.6362552046775818,1.0000345692641581,3.4569264244055375e-05,3.4569264244055375e-05,0.0034569264244055375
Pythia_plus,223,MUR1.0_MUF1.0_PDF13328,pdf,7,1.37,1.52,0.6330141425132751,0.6329810619354248,0.999947741170965,-5.2258830692153424e-05,5.2258830692153424e-05,-0.005225883069215342
Pythia_plus,223,MUR1.0_MUF1.0_PDF13328,pdf,8,1.52,1.74,0.6609900593757629,0.6609475016593933,0.9999356151945616,-6.438480340875685e-05,6.438480340875685e-05,-0.006438480340875685
Pythia_plus,223,MUR1.0_MUF1.0_PDF13328,pdf,9,1.74,1.95,0.6475628614425659,0.6475420594215393,0.9999678764452609,-3.2123552955454215e-05,3.2123552955454215e-05,-0.0032123552955454215
Pythia_plus,223,MUR1.0_MUF1.0_PDF13328,pdf,10,1.95,2.18,0.6217986941337585,0.6218246221542358,1.0000416984157765,4.169841486145742e-05,4.169841486145742e-05,0.004169841486145742
Pythia_plus,223,MUR1.0_MUF1.0_PDF13328,pdf,11,2.18,2.5,0.6207728385925293,0.6207284927368164,0.9999285634728906,-7.143653056118637e-05,7.143653056118637e-05,-0.007143653056118637
Pythia_plus,224,MUR1.0_MUF1.0_PDF13329,pdf,1,0.0,0.21,0.6547458171844482,0.6547396779060364,0.9999906234171326,-9.376582966069691e-06,9.376582966069691e-06,-0.0009376582966069691
Pythia_plus,224,MUR1.0_MUF1.0_PDF13329,pdf,2,0.21,0.42,0.6447997093200684,0.6448143124580383,1.0000226475566891,2.2647556761512533e-05,2.2647556761512533e-05,0.0022647556761512533
Pythia_plus,224,MUR1.0_MUF1.0_PDF13329,pdf,3,0.42,0.63,0.6357879638671875,0.6358057856559753,1.0000280310257519,2.8031025067321025e-05,2.8031025067321025e-05,0.0028031025067321025
Pythia_plus,224,MUR1.0_MUF1.0_PDF13329,pdf,4,0.63,0.84,0.6187161207199097,0.6186931729316711,0.9999629106346675,-3.708936492330395e-05,3.708936492330395e-05,-0.0037089364923303947
Pythia_plus,224,MUR1.0_MUF1.0_PDF13329,pdf,5,0.84,1.05,0.6409361958503723,0.6409315466880798,0.9999927462946818,-7.2537054620624986e-06,7.2537054620624986e-06,-0.0007253705462062499
Pythia_plus,224,MUR1.0_MUF1.0_PDF13329,pdf,6,1.05,1.37,0.6362332105636597,0.6362521052360535,1.0000296977147374,2.9697714126086794e-05,2.9697714126086794e-05,0.0029697714126086794
Pythia_plus,224,MUR1.0_MUF1.0_PDF13329,pdf,7,1.37,1.52,0.6330141425132751,0.6329807043075562,0.9999471762106511,-5.282379061100073e-05,5.282379061100073e-05,-0.005282379061100073
Pythia_plus,224,MUR1.0_MUF1.0_PDF13329,pdf,8,1.52,1.74,0.6609900593757629,0.6609448194503784,0.9999315573286727,-6.844267045380548e-05,6.844267045380548e-05,-0.006844267045380548
Pythia_plus,224,MUR1.0_MUF1.0_PDF13329,pdf,9,1.74,1.95,0.6475628614425659,0.647538423538208,0.9999622617265241,-3.77382748411037e-05,3.77382748411037e-05,-0.0037738274841103703
Pythia_plus,224,MUR1.0_MUF1.0_PDF13329,pdf,10,1.95,2.18,0.6217986941337585,0.6218258142471313,1.000043615584318,4.361558603704907e-05,4.361558603704907e-05,0.004361558603704907
Pythia_plus,224,MUR1.0_MUF1.0_PDF13329,pdf,11,2.18,2.5,0.6207728385925293,0.6207273006439209,0.9999266431361403,-7.335686677834019e-05,7.335686677834019e-05,-0.007335686677834019
Pythia_plus,225,MUR1.0_MUF1.0_PDF13330,pdf,1,0.0,0.21,0.6547458171844482,0.6547410488128662,0.9999927172171904,-7.282782917172881e-06,7.282782917172881e-06,-0.0007282782917172881
Pythia_plus,225,MUR1.0_MUF1.0_PDF13330,pdf,2,0.21,0.42,0.6447997093200684,0.6448120474815369,1.0000191348744272,1.9134873582515866e-05,1.9134873582515866e-05,0.0019134873582515866
Pythia_plus,225,MUR1.0_MUF1.0_PDF13330,pdf,3,0.42,0.63,0.6357879638671875,0.6358048319816589,1.0000265310377516,2.6531037292443216e-05,2.6531037292443216e-05,0.0026531037292443216
Pythia_plus,225,MUR1.0_MUF1.0_PDF13330,pdf,4,0.63,0.84,0.6187161207199097,0.6186907887458801,0.9999590571941134,-4.0942806663224474e-05,4.0942806663224474e-05,-0.004094280666322447
Pythia_plus,225,MUR1.0_MUF1.0_PDF13330,pdf,5,0.84,1.05,0.6409361958503723,0.6409314274787903,0.9999925603022377,-7.439697583322413e-06,7.439697583322413e-06,-0.0007439697583322413
Pythia_plus,225,MUR1.0_MUF1.0_PDF13330,pdf,6,1.05,1.37,0.6362332105636597,0.6362536549568176,1.0000321334894477,3.213348827557638e-05,3.213348827557638e-05,0.0032133488275576383
Pythia_plus,225,MUR1.0_MUF1.0_PDF13330,pdf,7,1.37,1.52,0.6330141425132751,0.6329797506332397,0.999945669649814,-5.433035039459355e-05,5.433035039459355e-05,-0.005433035039459355
Pythia_plus,225,MUR1.0_MUF1.0_PDF13330,pdf,8,1.52,1.74,0.6609900593757629,0.6609424352645874,0.9999279503367713,-7.204966095741838e-05,7.204966095741838e-05,-0.007204966095741838
Pythia_plus,225,MUR1.0_MUF1.0_PDF13330,pdf,9,1.74,1.95,0.6475628614425659,0.6475390195846558,0.9999631821722187,-3.681782618514262e-05,3.681782618514262e-05,-0.003681782618514262
Pythia_plus,225,MUR1.0_MUF1.0_PDF13330,pdf,10,1.95,2.18,0.6217986941337585,0.6218262910842896,1.0000443824517347,4.438245014171116e-05,4.438245014171116e-05,0.004438245014171116
Pythia_plus,225,MUR1.0_MUF1.0_PDF13330,pdf,11,2.18,2.5,0.6207728385925293,0.620724618434906,0.9999223223784522,-7.767762144794688e-05,7.767762144794688e-05,-0.007767762144794688
Pythia_plus,226,MUR1.0_MUF0.5_PDF13300,scale,1,0.0,0.21,0.6547458171844482,0.6536597609519958,0.9983412551803345,-0.001658744877204299,0.001658744877204299,-0.1658744877204299
Pythia_plus,226,MUR1.0_MUF0.5_PDF13300,scale,2,0.21,0.42,0.6447997093200684,0.6435797810554504,0.9981080508458908,-0.0018919490976259112,0.0018919490976259112,-0.18919490976259112
Pythia_plus,226,MUR1.0_MUF0.5_PDF13300,scale,3,0.42,0.63,0.6357879638671875,0.6346080303192139,0.9981441398468812,-0.0018558601150289178,0.0018558601150289178,-0.18558601150289178
Pythia_plus,226,MUR1.0_MUF0.5_PDF13300,scale,4,0.63,0.84,0.6187161207199097,0.6175516247749329,0.9981178832973968,-0.0018821166595444083,0.0018821166595444083,-0.18821166595444083
Pythia_plus,226,MUR1.0_MUF0.5_PDF13300,scale,5,0.84,1.05,0.6409361958503723,0.6394129395484924,0.9976233885498401,-0.0023766113445162773,0.0023766113445162773,-0.23766113445162773
Pythia_plus,226,MUR1.0_MUF0.5_PDF13300,scale,6,1.05,1.37,0.6362332105636597,0.6357333660125732,0.9992143689722773,-0.0007856310112401843,0.0007856310112401843,-0.07856310112401843
Pythia_plus,226,MUR1.0_MUF0.5_PDF13300,scale,7,1.37,1.52,0.6330141425132751,0.6307418346405029,0.9964103363255828,-0.003589663654565811,0.003589663654565811,-0.3589663654565811
Pythia_plus,226,MUR1.0_MUF0.5_PDF13300,scale,8,1.52,1.74,0.6609900593757629,0.6599462628364563,0.998420858945606,-0.0015791410114616156,0.0015791410114616156,-0.15791410114616156
Pythia_plus,226,MUR1.0_MUF0.5_PDF13300,scale,9,1.74,1.95,0.6475628614425659,0.6465111970901489,0.9983759656165669,-0.0016240343684330583,0.0016240343684330583,-0.16240343684330583
Pythia_plus,226,MUR1.0_MUF0.5_PDF13300,scale,10,1.95,2.18,0.6217986941337585,0.6220545172691345,1.0004114243689952,0.00041142437839880586,0.00041142437839880586,0.041142437839880586
Pythia_plus,226,MUR1.0_MUF0.5_PDF13300,scale,11,2.18,2.5,0.6207728385925293,0.6206690073013306,0.999832738669053,-0.00016726132889743894,0.00016726132889743894,-0.016726132889743894
Pythia_plus,227,MUR1.0_MUF1.0_PDF26400,pdf,1,0.0,0.21,0.6547458171844482,0.6546684503555298,0.9998818368489146,-0.00011816315236501396,0.00011816315236501396,-0.011816315236501396
Pythia_plus,227,MUR1.0_MUF1.0_PDF26400,pdf,2,0.21,0.42,0.6447997093200684,0.6452890634536743,1.0007589242466035,0.0007589242304675281,0.0007589242304675281,0.07589242304675281
Pythia_plus,227,MUR1.0_MUF1.0_PDF26400,pdf,3,0.42,0.63,0.6357879638671875,0.6366027593612671,1.001281552247582,0.0012815522495657206,0.0012815522495657206,0.12815522495657206
Pythia_plus,227,MUR1.0_MUF1.0_PDF26400,pdf,4,0.63,0.84,0.6187161207199097,0.6184833645820618,0.9996238078659127,-0.0003761921252589673,0.0003761921252589673,-0.03761921252589673
Pythia_plus,227,MUR1.0_MUF1.0_PDF26400,pdf,5,0.84,1.05,0.6409361958503723,0.641302227973938,1.0005710897994768,0.0005710897967219353,0.0005710897967219353,0.05710897967219353
Pythia_plus,227,MUR1.0_MUF1.0_PDF26400,pdf,6,1.05,1.37,0.6362332105636597,0.6359773278236389,0.9995978161218682,-0.00040218388312496245,0.00040218388312496245,-0.040218388312496245
Pythia_plus,227,MUR1.0_MUF1.0_PDF26400,pdf,7,1.37,1.52,0.6330141425132751,0.6324931979179382,0.9991770411427641,-0.00082295888569206,0.00082295888569206,-0.082295888569206
Pythia_plus,227,MUR1.0_MUF1.0_PDF26400,pdf,8,1.52,1.74,0.6609900593757629,0.6598963141441345,0.9983452924652735,-0.001654707477428019,0.001654707477428019,-0.1654707477428019
Pythia_plus,227,MUR1.0_MUF1.0_PDF26400,pdf,9,1.74,1.95,0.6475628614425659,0.645889163017273,0.997415388489753,-0.0025846115313470364,0.0025846115313470364,-0.25846115313470364
Pythia_plus,227,MUR1.0_MUF1.0_PDF26400,pdf,10,1.95,2.18,0.6217986941337585,0.6206488013267517,0.9981506992249175,-0.001849300810135901,0.001849300810135901,-0.1849300810135901
Pythia_plus,227,MUR1.0_MUF1.0_PDF26400,pdf,11,2.18,2.5,0.6207728385925293,0.6180092692375183,0.9955481793287271,-0.0044518206268548965,0.0044518206268548965,-0.44518206268548965
Pythia_plus,228,MUR1.0_MUF1.0_PDF26401,pdf,1,0.0,0.21,0.6547458171844482,0.6546191573143005,0.9998065510816206,-0.00019344891188666224,0.00019344891188666224,-0.019344891188666224
Pythia_plus,228,MUR1.0_MUF1.0_PDF26401,pdf,2,0.21,0.42,0.6447997093200684,0.6452481150627136,1.000695418648867,0.0006954186246730387,0.0006954186246730387,0.06954186246730387
Pythia_plus,228,MUR1.0_MUF1.0_PDF26401,pdf,3,0.42,0.63,0.6357879638671875,0.636603057384491,1.001282020993832,0.0012820209376513958,0.0012820209376513958,0.12820209376513958
Pythia_plus,228,MUR1.0_MUF1.0_PDF26401,pdf,4,0.63,0.84,0.6187161207199097,0.6184357404708862,0.9995468353908458,-0.00045316459727473557,0.00045316459727473557,-0.04531645972747356
Pythia_plus,228,MUR1.0_MUF1.0_PDF26401,pdf,5,0.84,1.05,0.6409361958503723,0.641277015209198,1.0005317523975588,0.000531752419192344,0.000531752419192344,0.053175241919234395
Pythia_plus,228,MUR1.0_MUF1.0_PDF26401,pdf,6,1.05,1.37,0.6362332105636597,0.635978102684021,0.9995990340092233,-0.00040096600423566997,0.00040096600423566997,-0.040096600423567
Pythia_plus,228,MUR1.0_MUF1.0_PDF26401,pdf,7,1.37,1.52,0.6330141425132751,0.632473349571228,0.999145685845343,-0.0008543141302652657,0.0008543141302652657,-0.08543141302652657
Pythia_plus,228,MUR1.0_MUF1.0_PDF26401,pdf,8,1.52,1.74,0.6609900593757629,0.6599261164665222,0.9983903798640399,-0.0016096201725304127,0.0016096201725304127,-0.16096201725304127
Pythia_plus,228,MUR1.0_MUF1.0_PDF26401,pdf,9,1.74,1.95,0.6475628614425659,0.6459431052207947,0.9974986888251082,-0.002501311246305704,0.002501311246305704,-0.2501311246305704
Pythia_plus,228,MUR1.0_MUF1.0_PDF26401,pdf,10,1.95,2.18,0.6217986941337585,0.6207727789878845,0.9983500847532283,-0.0016499152407050133,0.0016499152407050133,-0.16499152407050133
Pythia_plus,228,MUR1.0_MUF1.0_PDF26401,pdf,11,2.18,2.5,0.6207728385925293,0.6181715726852417,0.995809633177274,-0.004190366715192795,0.004190366715192795,-0.4190366715192795
Pythia_plus,229,MUR1.0_MUF1.0_PDF26402,pdf,1,0.0,0.21,0.6547458171844482,0.6547262668609619,0.9999701405904807,-2.9859409551136196e-05,2.9859409551136196e-05,-0.0029859409551136196
Pythia_plus,229,MUR1.0_MUF1.0_PDF26402,pdf,2,0.21,0.42,0.6447997093200684,0.6453337669372559,1.0008282535017745,0.0008282535127364099,0.0008282535127364099,0.08282535127364099
Pythia_plus,229,MUR1.0_MUF1.0_PDF26402,pdf,3,0.42,0.63,0.6357879638671875,0.6366079449653625,1.0012897084323324,0.0012897084234282374,0.0012897084234282374,0.12897084234282374
Pythia_plus,229,MUR1.0_MUF1.0_PDF26402,pdf,4,0.63,0.84,0.6187161207199097,0.6185413002967834,0.9997174464713756,-0.0002825535193551332,0.0002825535193551332,-0.028255351935513318
Pythia_plus,229,MUR1.0_MUF1.0_PDF26402,pdf,5,0.84,1.05,0.6409361958503723,0.6413324475288391,1.0006182388840454,0.0006182388751767576,0.0006182388751767576,0.06182388751767576
Pythia_plus,229,MUR1.0_MUF1.0_PDF26402,pdf,6,1.05,1.37,0.6362332105636597,0.6359763741493225,0.9995963171835849,-0.0004036828177049756,0.0004036828177049756,-0.04036828177049756
Pythia_plus,229,MUR1.0_MUF1.0_PDF26402,pdf,7,1.37,1.52,0.6330141425132751,0.632516086101532,0.9992131986028532,-0.0007868013926781714,0.0007868013926781714,-0.07868013926781714
Pythia_plus,229,MUR1.0_MUF1.0_PDF26402,pdf,8,1.52,1.74,0.6609900593757629,0.6598632335662842,0.9982952454526428,-0.0017047545406967402,0.0017047545406967402,-0.17047545406967402
Pythia_plus,229,MUR1.0_MUF1.0_PDF26402,pdf,9,1.74,1.95,0.6475628614425659,0.6458277106285095,0.9973204905386467,-0.002679509576410055,0.002679509576410055,-0.2679509576410055
Pythia_plus,229,MUR1.0_MUF1.0_PDF26402,pdf,10,1.95,2.18,0.6217986941337585,0.6205017566680908,0.9979142164853296,-0.0020857835188508034,0.0020857835188508034,-0.20857835188508034
Pythia_plus,229,MUR1.0_MUF1.0_PDF26402,pdf,11,2.18,2.5,0.6207728385925293,0.6178154349327087,0.995235932573136,-0.0047640674747526646,0.0047640674747526646,-0.47640674747526646
Pythia_plus,230,MUR1.0_MUF1.0_PDF26403,pdf,1,0.0,0.21,0.6547458171844482,0.6546660661697388,0.9998781954575099,-0.00012180454359622672,0.00012180454359622672,-0.012180454359622672
Pythia_plus,230,MUR1.0_MUF1.0_PDF26403,pdf,2,0.21,0.42,0.6447997093200684,0.6452847123146057,1.0007521761991003,0.0007521762163378298,0.0007521762163378298,0.07521762163378298
Pythia_plus,230,MUR1.0_MUF1.0_PDF26403,pdf,3,0.42,0.63,0.6357879638671875,0.6366026401519775,1.001281364749082,0.0012813647044822574,0.0012813647044822574,0.12813647044822574
Pythia_plus,230,MUR1.0_MUF1.0_PDF26403,pdf,4,0.63,0.84,0.6187161207199097,0.6184840202331543,0.9996248675620649,-0.00037513242568820715,0.00037513242568820715,-0.037513242568820715
Pythia_plus,230,MUR1.0_MUF1.0_PDF26403,pdf,5,0.84,1.05,0.6409361958503723,0.6412966251373291,1.0005623481546062,0.0005623481702059507,0.0005623481702059507,0.056234817020595074
Pythia_plus,230,MUR1.0_MUF1.0_PDF26403,pdf,6,1.05,1.37,0.6362332105636597,0.6359768509864807,0.9995970666527265,-0.0004029333358630538,0.0004029333358630538,-0.04029333358630538
Pythia_plus,230,MUR1.0_MUF1.0_PDF26403,pdf,7,1.37,1.52,0.6330141425132751,0.6324900388717651,0.9991720506599914,-0.0008279493195004761,0.0008279493195004761,-0.08279493195004761
Pythia_plus,230,MUR1.0_MUF1.0_PDF26403,pdf,8,1.52,1.74,0.6609900593757629,0.6598967909812927,0.9983460138636537,-0.0016539861680939794,0.0016539861680939794,-0.16539861680939794
Pythia_plus,230,MUR1.0_MUF1.0_PDF26403,pdf,9,1.74,1.95,0.6475628614425659,0.6458802819252014,0.9974016738489044,-0.002598326187580824,0.002598326187580824,-0.2598326187580824
Pythia_plus,230,MUR1.0_MUF1.0_PDF26403,pdf,10,1.95,2.18,0.6217986941337585,0.6206440925598145,0.9981431264091788,-0.001856873626820743,0.001856873626820743,-0.1856873626820743
Pythia_plus,230,MUR1.0_MUF1.0_PDF26403,pdf,11,2.18,2.5,0.6207728385925293,0.6180009841918945,0.9955348329883128,-0.004465166945010424,0.004465166945010424,-0.44651669450104237
Pythia_plus,231,MUR1.0_MUF1.0_PDF26404,pdf,1,0.0,0.21,0.6547458171844482,0.6546736359596252,0.9998897568752201,-0.00011024312698282301,0.00011024312698282301,-0.011024312698282301
Pythia_plus,231,MUR1.0_MUF1.0_PDF26404,pdf,2,0.21,0.42,0.6447997093200684,0.6452908515930176,1.0007616974168105,0.0007616974180564284,0.0007616974180564284,0.07616974180564284
Pythia_plus,231,MUR1.0_MUF1.0_PDF26404,pdf,3,0.42,0.63,0.6357879638671875,0.6366091966629028,1.0012916771665827,0.0012916771229356527,0.0012916771229356527,0.12916771229356527
Pythia_plus,231,MUR1.0_MUF1.0_PDF26404,pdf,4,0.63,0.84,0.6187161207199097,0.6184870004653931,0.9996296843627575,-0.0003703156253322959,0.0003703156253322959,-0.03703156253322959
Pythia_plus,231,MUR1.0_MUF1.0_PDF26404,pdf,5,0.84,1.05,0.6409361958503723,0.6413102149963379,1.0005835512932286,0.0005835513002239168,0.0005835513002239168,0.05835513002239168
Pythia_plus,231,MUR1.0_MUF1.0_PDF26404,pdf,6,1.05,1.37,0.6362332105636597,0.6359797120094299,0.9996015634675763,-0.00039843653212301433,0.00039843653212301433,-0.03984365321230143
Pythia_plus,231,MUR1.0_MUF1.0_PDF26404,pdf,7,1.37,1.52,0.6330141425132751,0.6324976086616516,0.9991840089866354,-0.0008159910212270916,0.0008159910212270916,-0.08159910212270916
Pythia_plus,231,MUR1.0_MUF1.0_PDF26404,pdf,8,1.52,1.74,0.6609900593757629,0.6599008440971375,0.998352145749886,-0.0016478542238473892,0.0016478542238473892,-0.16478542238473892
Pythia_plus,231,MUR1.0_MUF1.0_PDF26404,pdf,9,1.74,1.95,0.6475628614425659,0.6459009647369385,0.9974336133145046,-0.0025663867127150297,0.0025663867127150297,-0.25663867127150297
Pythia_plus,231,MUR1.0_MUF1.0_PDF26404,pdf,10,1.95,2.18,0.6217986941337585,0.6206512451171875,0.9981546294204275,-0.0018453706288710237,0.0018453706288710237,-0.18453706288710237
Pythia_plus,231,MUR1.0_MUF1.0_PDF26404,pdf,11,2.18,2.5,0.6207728385925293,0.6180171370506287,0.9955608535512788,-0.0044391462579369545,0.0044391462579369545,-0.44391462579369545
Pythia_plus,232,MUR1.0_MUF1.0_PDF26405,pdf,1,0.0,0.21,0.6547458171844482,0.6547082662582397,0.9999426480853746,-5.735191371059045e-05,5.735191371059045e-05,-0.005735191371059045
Pythia_plus,232,MUR1.0_MUF1.0_PDF26405,pdf,2,0.21,0.42,0.6447997093200684,0.6453120708465576,1.0007946057032648,0.0007946057012304664,0.0007946057012304664,0.07946057012304664
Pythia_plus,232,MUR1.0_MUF1.0_PDF26405,pdf,3,0.42,0.63,0.6357879638671875,0.6365941166877747,1.001267958606331,0.0012679585488513112,0.0012679585488513112,0.12679585488513112
Pythia_plus,232,MUR1.0_MUF1.0_PDF26405,pdf,4,0.63,0.84,0.6187161207199097,0.6185445785522461,0.9997227449521374,-0.000277255050605163,0.000277255050605163,-0.027725505060516298
Pythia_plus,232,MUR1.0_MUF1.0_PDF26405,pdf,5,0.84,1.05,0.6409361958503723,0.6413326859474182,1.0006186108689334,0.0006186108803376555,0.0006186108803376555,0.061861088033765554
Pythia_plus,232,MUR1.0_MUF1.0_PDF26405,pdf,6,1.05,1.37,0.6362332105636597,0.6359899044036865,0.9996175833704789,-0.00038241661968640983,0.00038241661968640983,-0.03824166196864098
Pythia_plus,232,MUR1.0_MUF1.0_PDF26405,pdf,7,1.37,1.52,0.6330141425132751,0.6325584053993225,0.999280052239997,-0.0007199477404356003,0.0007199477404356003,-0.07199477404356003
Pythia_plus,232,MUR1.0_MUF1.0_PDF26405,pdf,8,1.52,1.74,0.6609900593757629,0.6599321365356445,0.9983994875185906,-0.0016005125362426043,0.0016005125362426043,-0.16005125362426043
Pythia_plus,232,MUR1.0_MUF1.0_PDF26405,pdf,9,1.74,1.95,0.6475628614425659,0.6458916664123535,0.99741925436167,-0.0025807456113398075,0.0025807456113398075,-0.25807456113398075
Pythia_plus,232,MUR1.0_MUF1.0_PDF26405,pdf,10,1.95,2.18,0.6217986941337585,0.6205363869667053,0.9979699102314588,-0.002030089730396867,0.002030089730396867,-0.20300897303968668
Pythia_plus,232,MUR1.0_MUF1.0_PDF26405,pdf,11,2.18,2.5,0.6207728385925293,0.6179024577140808,0.9953761171559045,-0.0046238829381763935,0.0046238829381763935,-0.46238829381763935
Pythia_plus,233,MUR1.0_MUF1.0_PDF26406,pdf,1,0.0,0.21,0.6547458171844482,0.6545901298522949,0.9997622171412675,-0.00023778286413289607,0.00023778286413289607,-0.023778286413289607
Pythia_plus,233,MUR1.0_MUF1.0_PDF26406,pdf,2,0.21,0.42,0.6447997093200684,0.6452407240867615,1.0006839562120122,0.000683956197462976,0.000683956197462976,0.0683956197462976
Pythia_plus,233,MUR1.0_MUF1.0_PDF26406,pdf,3,0.42,0.63,0.6357879638671875,0.6366250514984131,1.0013166144670842,0.0013166144490242004,0.0013166144490242004,0.13166144490242004
Pythia_plus,233,MUR1.0_MUF1.0_PDF26406,pdf,4,0.63,0.84,0.6187161207199097,0.6183637976646423,0.9994305578221279,-0.0005694421706721187,0.0005694421706721187,-0.056944217067211866
Pythia_plus,233,MUR1.0_MUF1.0_PDF26406,pdf,5,0.84,1.05,0.6409361958503723,0.6412400007247925,1.000474001743679,0.0004740017466247082,0.0004740017466247082,0.04740017466247082
Pythia_plus,233,MUR1.0_MUF1.0_PDF26406,pdf,6,1.05,1.37,0.6362332105636597,0.6359512209892273,0.9995567826863635,-0.0004432173154782504,0.0004432173154782504,-0.04432173154782504
Pythia_plus,233,MUR1.0_MUF1.0_PDF26406,pdf,7,1.37,1.52,0.6330141425132751,0.6323625445365906,0.9989706423080889,-0.0010293576633557677,0.0010293576633557677,-0.10293576633557677
Pythia_plus,233,MUR1.0_MUF1.0_PDF26406,pdf,8,1.52,1.74,0.6609900593757629,0.6598314642906189,0.9982471822855578,-0.0017528177704662085,0.0017528177704662085,-0.17528177704662085
Pythia_plus,233,MUR1.0_MUF1.0_PDF26406,pdf,9,1.74,1.95,0.6475628614425659,0.6458855867385864,0.9974098658155858,-0.002590134274214506,0.002590134274214506,-0.2590134274214506
Pythia_plus,233,MUR1.0_MUF1.0_PDF26406,pdf,10,1.95,2.18,0.6217986941337585,0.6208760142326355,0.9985161115489178,-0.0014838884817436337,0.0014838884817436337,-0.14838884817436337
Pythia_plus,233,MUR1.0_MUF1.0_PDF26406,pdf,11,2.18,2.5,0.6207728385925293,0.6182239651679993,0.9958940319774475,-0.004105967935174704,0.004105967935174704,-0.41059679351747036
Pythia_plus,234,MUR1.0_MUF1.0_PDF26407,pdf,1,0.0,0.21,0.6547458171844482,0.6546716094017029,0.999886661692526,-0.00011333830479998142,0.00011333830479998142,-0.011333830479998142
Pythia_plus,234,MUR1.0_MUF1.0_PDF26407,pdf,2,0.21,0.42,0.6447997093200684,0.6452696323394775,1.000728789130356,0.0007287891348823905,0.0007287891348823905,0.07287891348823905
Pythia_plus,234,MUR1.0_MUF1.0_PDF26407,pdf,3,0.42,0.63,0.6357879638671875,0.6365605592727661,1.0012151777785778,0.00121517782099545,0.00121517782099545,0.121517782099545
Pythia_plus,234,MUR1.0_MUF1.0_PDF26407,pdf,4,0.63,0.84,0.6187161207199097,0.6185048818588257,0.9996585851669127,-0.00034141482319682837,0.00034141482319682837,-0.03414148231968284
Pythia_plus,234,MUR1.0_MUF1.0_PDF26407,pdf,5,0.84,1.05,0.6409361958503723,0.6412848830223083,1.0005440278988667,0.000544027891010046,0.000544027891010046,0.0544027891010046
Pythia_plus,234,MUR1.0_MUF1.0_PDF26407,pdf,6,1.05,1.37,0.6362332105636597,0.6359806060791016,0.999602968722217,-0.0003970312827732414,0.0003970312827732414,-0.03970312827732414
Pythia_plus,234,MUR1.0_MUF1.0_PDF26407,pdf,7,1.37,1.52,0.6330141425132751,0.6325026750564575,0.9991920125910821,-0.0008079874096438289,0.0008079874096438289,-0.08079874096438289
Pythia_plus,234,MUR1.0_MUF1.0_PDF26407,pdf,8,1.52,1.74,0.6609900593757629,0.6599202752113342,0.9983815427338817,-0.0016184572596102953,0.0016184572596102953,-0.16184572596102953
Pythia_plus,234,MUR1.0_MUF1.0_PDF26407,pdf,9,1.74,1.95,0.6475628614425659,0.6458971500396729,0.9974277224620597,-0.0025722775608301163,0.0025722775608301163,-0.2572277560830116
Pythia_plus,234,MUR1.0_MUF1.0_PDF26407,pdf,10,1.95,2.18,0.6217986941337585,0.6205945014953613,0.9980633721978545,-0.001936627784743905,0.001936627784743905,-0.1936627784743905
Pythia_plus,234,MUR1.0_MUF1.0_PDF26407,pdf,11,2.18,2.5,0.6207728385925293,0.6179745197296143,0.9954922015124572,-0.0045077987015247345,0.0045077987015247345,-0.45077987015247345
Pythia_plus,235,MUR1.0_MUF1.0_PDF26408,pdf,1,0.0,0.21,0.6547458171844482,0.6546666026115417,0.999879014770576,-0.00012098522711312398,0.00012098522711312398,-0.012098522711312398
Pythia_plus,235,MUR1.0_MUF1.0_PDF26408,pdf,2,0.21,0.42,0.6447997093200684,0.6453048586845398,1.0007834205834307,0.0007834205753169954,0.0007834205753169954,0.07834205753169954
Pythia_plus,235,MUR1.0_MUF1.0_PDF26408,pdf,3,0.42,0.63,0.6357879638671875,0.636650800704956,1.0013571141430868,0.0013571141753345728,0.0013571141753345728,0.13571141753345728
Pythia_plus,235,MUR1.0_MUF1.0_PDF26408,pdf,4,0.63,0.84,0.6187161207199097,0.6184621453285217,0.9995895122449817,-0.00041048775892704725,0.00041048775892704725,-0.041048775892704725
Pythia_plus,235,MUR1.0_MUF1.0_PDF26408,pdf,5,0.84,1.05,0.6409361958503723,0.6413223147392273,1.0006024295263005,0.0006024294998496771,0.0006024294998496771,0.06024294998496771
Pythia_plus,235,MUR1.0_MUF1.0_PDF26408,pdf,6,1.05,1.37,0.6362332105636597,0.6359745860099792,0.9995935066743038,-0.00040649331640452147,0.00040649331640452147,-0.040649331640452147
Pythia_plus,235,MUR1.0_MUF1.0_PDF26408,pdf,7,1.37,1.52,0.6330141425132751,0.6324825286865234,0.9991601864933997,-0.0008398134959861636,0.0008398134959861636,-0.08398134959861636
Pythia_plus,235,MUR1.0_MUF1.0_PDF26408,pdf,8,1.52,1.74,0.6609900593757629,0.6598729491233826,0.9983099439446406,-0.0016900560585781932,0.0016900560585781932,-0.16900560585781932
Pythia_plus,235,MUR1.0_MUF1.0_PDF26408,pdf,9,1.74,1.95,0.6475628614425659,0.6458814740180969,0.9974035147402935,-0.0025964851956814528,0.0025964851956814528,-0.2596485195681453
Pythia_plus,235,MUR1.0_MUF1.0_PDF26408,pdf,10,1.95,2.18,0.6217986941337585,0.6207053065299988,0.9982415730137822,-0.0017584270099177957,0.0017584270099177957,-0.17584270099177957
Pythia_plus,235,MUR1.0_MUF1.0_PDF26408,pdf,11,2.18,2.5,0.6207728385925293,0.6180452108383179,0.9956060774817472,-0.004393922630697489,0.004393922630697489,-0.4393922630697489
Pythia_plus,236,MUR1.0_MUF1.0_PDF26409,pdf,1,0.0,0.21,0.6547458171844482,0.6546083688735962,0.999790073785514,-0.00020992622012272477,0.00020992622012272477,-0.020992622012272477
Pythia_plus,236,MUR1.0_MUF1.0_PDF26409,pdf,2,0.21,0.42,0.6447997093200684,0.6451651453971863,1.00056674355127,0.0005667435470968485,0.0005667435470968485,0.05667435470968485
Pythia_plus,236,MUR1.0_MUF1.0_PDF26409,pdf,3,0.42,0.63,0.6357879638671875,0.6365036368370056,1.001125647244822,0.0011256472207605839,0.0011256472207605839,0.11256472207605839
Pythia_plus,236,MUR1.0_MUF1.0_PDF26409,pdf,4,0.63,0.84,0.6187161207199097,0.6184292435646057,0.9995363347653361,-0.00046366523019969463,0.00046366523019969463,-0.04636652301996946
Pythia_plus,236,MUR1.0_MUF1.0_PDF26409,pdf,5,0.84,1.05,0.6409361958503723,0.6411876678466797,1.0003923510607382,0.0003923510666936636,0.0003923510666936636,0.03923510666936636
Pythia_plus,236,MUR1.0_MUF1.0_PDF26409,pdf,6,1.05,1.37,0.6362332105636597,0.6359800100326538,0.9996020318857899,-0.0003979681059718132,0.0003979681059718132,-0.03979681059718132
Pythia_plus,236,MUR1.0_MUF1.0_PDF26409,pdf,7,1.37,1.52,0.6330141425132751,0.6324819326400757,0.9991592448928764,-0.0008407551213167608,0.0008407551213167608,-0.08407551213167608
Pythia_plus,236,MUR1.0_MUF1.0_PDF26409,pdf,8,1.52,1.74,0.6609900593757629,0.6599881649017334,0.9984842518282715,-0.0015157482121139765,0.0015157482121139765,-0.15157482121139765
Pythia_plus,236,MUR1.0_MUF1.0_PDF26409,pdf,9,1.74,1.95,0.6475628614425659,0.6460102796554565,0.9976024230548819,-0.0023975770454853773,0.0023975770454853773,-0.23975770454853773
Pythia_plus,236,MUR1.0_MUF1.0_PDF26409,pdf,10,1.95,2.18,0.6217986941337585,0.6208102703094482,0.9984103797038569,-0.001589620253071189,0.001589620253071189,-0.1589620253071189
Pythia_plus,236,MUR1.0_MUF1.0_PDF26409,pdf,11,2.18,2.5,0.6207728385925293,0.6183663010597229,0.9961233201854277,-0.0038766798097640276,0.0038766798097640276,-0.38766798097640276
Pythia_plus,237,MUR1.0_MUF2.0_PDF13300,scale,1,0.0,0.21,0.6547458171844482,0.6556650996208191,1.0014040294909008,0.0014040294336155057,0.0014040294336155057,0.14040294336155057
Pythia_plus,237,MUR1.0_MUF2.0_PDF13300,scale,2,0.21,0.42,0.6447997093200684,0.6458433866500854,1.0016186070107223,0.0016186069697141647,0.0016186069697141647,0.16186069697141647
Pythia_plus,237,MUR1.0_MUF2.0_PDF13300,scale,3,0.42,0.63,0.6357879638671875,0.63680100440979,1.001593362253102,0.001593362307175994,0.001593362307175994,0.1593362307175994
Pythia_plus,237,MUR1.0_MUF2.0_PDF13300,scale,4,0.63,0.84,0.6187161207199097,0.6196969747543335,1.001585305443929,0.0015853054355829954,0.0015853054355829954,0.15853054355829954
Pythia_plus,237,MUR1.0_MUF2.0_PDF13300,scale,5,0.84,1.05,0.6409361958503723,0.6421843767166138,1.0019474338854983,0.0019474339205771685,0.0019474339205771685,0.19474339205771685
Pythia_plus,237,MUR1.0_MUF2.0_PDF13300,scale,6,1.05,1.37,0.6362332105636597,0.6366867423057556,1.000712838837341,0.0007128388388082385,0.0007128388388082385,0.07128388388082385
Pythia_plus,237,MUR1.0_MUF2.0_PDF13300,scale,7,1.37,1.52,0.6330141425132751,0.6348897814750671,1.0029630285262587,0.0029630286153405905,0.0029630286153405905,0.29630286153405905
Pythia_plus,237,MUR1.0_MUF2.0_PDF13300,scale,8,1.52,1.74,0.6609900593757629,0.6618112921714783,1.0012424283604067,0.001242428319528699,0.001242428319528699,0.12424283195286989
Pythia_plus,237,MUR1.0_MUF2.0_PDF13300,scale,9,1.74,1.95,0.6475628614425659,0.6483994126319885,1.0012918455322763,0.0012918455759063363,0.0012918455759063363,0.12918455759063363
Pythia_plus,237,MUR1.0_MUF2.0_PDF13300,scale,10,1.95,2.18,0.6217986941337585,0.6215642690658569,0.9996229888063239,-0.00037701119435951114,0.00037701119435951114,-0.037701119435951114
Pythia_plus,237,MUR1.0_MUF2.0_PDF13300,scale,11,2.18,2.5,0.6207728385925293,0.6207940578460693,1.0000341819941545,3.418199412408285e-05,3.418199412408285e-05,0.003418199412408285
Pythia_plus,238,MUR1.0_MUF1.0_PDF26410,pdf,1,0.0,0.21,0.6547458171844482,0.6547194719314575,0.9999597626249771,-4.0237373468698934e-05,4.0237373468698934e-05,-0.004023737346869893
Pythia_plus,238,MUR1.0_MUF1.0_PDF26410,pdf,2,0.21,0.42,0.6447997093200684,0.6453885436058044,1.0009132049491105,0.0009132049744948745,0.0009132049744948745,0.09132049744948745
Pythia_plus,238,MUR1.0_MUF1.0_PDF26410,pdf,3,0.42,0.63,0.6357879638671875,0.6366892457008362,1.0014175824093408,0.0014175823889672756,0.0014175823889672756,0.14175823889672756
Pythia_plus,238,MUR1.0_MUF1.0_PDF26410,pdf,4,0.63,0.84,0.6187161207199097,0.6185285449028015,0.9996968305644115,-0.0003031694213859737,0.0003031694213859737,-0.03031694213859737
Pythia_plus,238,MUR1.0_MUF1.0_PDF26410,pdf,5,0.84,1.05,0.6409361958503723,0.6413996815681458,1.0007231386224935,0.0007231386261992157,0.0007231386261992157,0.07231386261992157
Pythia_plus,238,MUR1.0_MUF1.0_PDF26410,pdf,6,1.05,1.37,0.6362332105636597,0.6359756588935852,0.9995951929798724,-0.00040480701136402786,0.00040480701136402786,-0.040480701136402786
Pythia_plus,238,MUR1.0_MUF1.0_PDF26410,pdf,7,1.37,1.52,0.6330141425132751,0.6325023770332336,0.9991915417908206,-0.000808458193205297,0.000808458193205297,-0.0808458193205297
Pythia_plus,238,MUR1.0_MUF1.0_PDF26410,pdf,8,1.52,1.74,0.6609900593757629,0.6598172187805176,0.9982256305089474,-0.0017743695061653852,0.0017743695061653852,-0.17743695061653852
Pythia_plus,238,MUR1.0_MUF1.0_PDF26410,pdf,9,1.74,1.95,0.6475628614425659,0.6457910537719727,0.997263883128433,-0.002736116759479046,0.002736116759479046,-0.2736116759479046
Pythia_plus,238,MUR1.0_MUF1.0_PDF26410,pdf,10,1.95,2.18,0.6217986941337585,0.620513379573822,0.9979329088786089,-0.0020670911762863398,0.0020670911762863398,-0.20670911762863398
Pythia_plus,238,MUR1.0_MUF1.0_PDF26410,pdf,11,2.18,2.5,0.6207728385925293,0.6177056431770325,0.9950590695584378,-0.004940930288285017,0.004940930288285017,-0.4940930288285017
Pythia_plus,239,MUR1.0_MUF1.0_PDF26411,pdf,1,0.0,0.21,0.6547458171844482,0.6547403335571289,0.999991624799769,-8.37520019558724e-06,8.37520019558724e-06,-0.000837520019558724
Pythia_plus,239,MUR1.0_MUF1.0_PDF26411,pdf,2,0.21,0.42,0.6447997093200684,0.6455010771751404,1.0010877297941272,0.0010877298191189766,0.0010877298191189766,0.10877298191189766
Pythia_plus,239,MUR1.0_MUF1.0_PDF26411,pdf,3,0.42,0.63,0.6357879638671875,0.6367859840393066,1.0015697374421004,0.001569737447425723,0.001569737447425723,0.1569737447425723
Pythia_plus,239,MUR1.0_MUF1.0_PDF26411,pdf,4,0.63,0.84,0.6187161207199097,0.6185315251350403,0.999701647365104,-0.00029835262103006244,0.00029835262103006244,-0.029835262103006244
Pythia_plus,239,MUR1.0_MUF1.0_PDF26411,pdf,5,0.84,1.05,0.6409361958503723,0.6415238380432129,1.0009168497529788,0.0009168497635982931,0.0009168497635982931,0.0916849763598293
Pythia_plus,239,MUR1.0_MUF1.0_PDF26411,pdf,6,1.05,1.37,0.6362332105636597,0.635959804058075,0.999570273130913,-0.0004297268751543015,0.0004297268751543015,-0.04297268751543015
Pythia_plus,239,MUR1.0_MUF1.0_PDF26411,pdf,7,1.37,1.52,0.6330141425132751,0.6324266195297241,0.9990718643643278,-0.0009281356469728053,0.0009281356469728053,-0.09281356469728053
Pythia_plus,239,MUR1.0_MUF1.0_PDF26411,pdf,8,1.52,1.74,0.6609900593757629,0.6595882773399353,0.9978792691116241,-0.002120730932801962,0.002120730932801962,-0.2120730932801962
Pythia_plus,239,MUR1.0_MUF1.0_PDF26411,pdf,9,1.74,1.95,0.6475628614425659,0.6456330418586731,0.9970198729748124,-0.0029801269993185997,0.0029801269993185997,-0.29801269993185997
Pythia_plus,239,MUR1.0_MUF1.0_PDF26411,pdf,10,1.95,2.18,0.6217986941337585,0.6204043030738831,0.9977574879570662,-0.002242512069642544,0.002242512069642544,-0.22425120696425438
Pythia_plus,239,MUR1.0_MUF1.0_PDF26411,pdf,11,2.18,2.5,0.6207728385925293,0.6168853640556335,0.993737685840589,-0.006262314040213823,0.006262314040213823,-0.6262314040213823
Pythia_plus,240,MUR1.0_MUF1.0_PDF26412,pdf,1,0.0,0.21,0.6547458171844482,0.6546040177345276,0.9997834282462003,-0.0002165717596653849,0.0002165717596653849,-0.02165717596653849
Pythia_plus,240,MUR1.0_MUF1.0_PDF26412,pdf,2,0.21,0.42,0.6447997093200684,0.6450900435447693,1.000450270402583,0.00045027039595879614,0.00045027039595879614,0.045027039595879614
Pythia_plus,240,MUR1.0_MUF1.0_PDF26412,pdf,3,0.42,0.63,0.6357879638671875,0.6364367604255676,1.0010204605863153,0.0010204606223851442,0.0010204606223851442,0.10204606223851442
Pythia_plus,240,MUR1.0_MUF1.0_PDF26412,pdf,4,0.63,0.84,0.6187161207199097,0.6184400916099548,0.9995538679198569,-0.0004461320932023227,0.0004461320932023227,-0.04461320932023227
Pythia_plus,240,MUR1.0_MUF1.0_PDF26412,pdf,5,0.84,1.05,0.6409361958503723,0.6410995125770569,1.0002548096483581,0.0002548096526879817,0.0002548096526879817,0.025480965268798172
Pythia_plus,240,MUR1.0_MUF1.0_PDF26412,pdf,6,1.05,1.37,0.6362332105636597,0.6359922885894775,0.9996213307161871,-0.00037866929778829217,0.00037866929778829217,-0.03786692977882922
Pythia_plus,240,MUR1.0_MUF1.0_PDF26412,pdf,7,1.37,1.52,0.6330141425132751,0.632552981376648,0.9992714836752363,-0.0007285163155756891,0.0007285163155756891,-0.07285163155756891
Pythia_plus,240,MUR1.0_MUF1.0_PDF26412,pdf,8,1.52,1.74,0.6609900593757629,0.6601746082305908,0.998766318594954,-0.0012336814543232322,0.0012336814543232322,-0.12336814543232322
Pythia_plus,240,MUR1.0_MUF1.0_PDF26412,pdf,9,1.74,1.95,0.6475628614425659,0.6461198329925537,0.997771600973537,-0.0022283990401774645,0.0022283990401774645,-0.22283990401774645
Pythia_plus,240,MUR1.0_MUF1.0_PDF26412,pdf,10,1.95,2.18,0.6217986941337585,0.6208669543266296,0.9985015410680028,-0.001498458907008171,0.001498458907008171,-0.1498458907008171
Pythia_plus,240,MUR1.0_MUF1.0_PDF26412,pdf,11,2.18,2.5,0.6207728385925293,0.619005024433136,0.997152236616213,-0.0028477634768933058,0.0028477634768933058,-0.2847763476893306
Pythia_plus,241,MUR1.0_MUF1.0_PDF26413,pdf,1,0.0,0.21,0.6547458171844482,0.6546489000320435,0.9998519774393955,-0.00014802256191615015,0.00014802256191615015,-0.014802256191615015
Pythia_plus,241,MUR1.0_MUF1.0_PDF26413,pdf,2,0.21,0.42,0.6447997093200684,0.6452464461326599,1.000692830356674,0.0006928303628228605,0.0006928303628228605,0.06928303628228605
Pythia_plus,241,MUR1.0_MUF1.0_PDF26413,pdf,3,0.42,0.63,0.6357879638671875,0.6365740895271301,1.0012364588583291,0.0012364588910713792,0.0012364588910713792,0.12364588910713792
Pythia_plus,241,MUR1.0_MUF1.0_PDF26413,pdf,4,0.63,0.84,0.6187161207199097,0.6184684038162231,0.999599627526436,-0.00040037246071733534,0.00040037246071733534,-0.040037246071733534
Pythia_plus,241,MUR1.0_MUF1.0_PDF26413,pdf,5,0.84,1.05,0.6409361958503723,0.6412621736526489,1.0005085963382738,0.0005085963639430702,0.0005085963639430702,0.05085963639430702
Pythia_plus,241,MUR1.0_MUF1.0_PDF26413,pdf,6,1.05,1.37,0.6362332105636597,0.6359811425209045,0.9996038118750012,-0.00039618811570107937,0.00039618811570107937,-0.03961881157010794
Pythia_plus,241,MUR1.0_MUF1.0_PDF26413,pdf,7,1.37,1.52,0.6330141425132751,0.6325048208236694,0.9991954023529656,-0.0008045976283028722,0.0008045976283028722,-0.08045976283028722
Pythia_plus,241,MUR1.0_MUF1.0_PDF26413,pdf,8,1.52,1.74,0.6609900593757629,0.6599528193473816,0.9984307781733346,-0.0015692218439653516,0.0015692218439653516,-0.15692218439653516
Pythia_plus,241,MUR1.0_MUF1.0_PDF26413,pdf,9,1.74,1.95,0.6475628614425659,0.6459444761276245,0.9975008058502056,-0.0024991941172629595,0.0024991941172629595,-0.24991941172629595
Pythia_plus,241,MUR1.0_MUF1.0_PDF26413,pdf,10,1.95,2.18,0.6217986941337585,0.620708703994751,0.9982470369441254,-0.0017529630567878485,0.0017529630567878485,-0.17529630567878485
Pythia_plus,241,MUR1.0_MUF1.0_PDF26413,pdf,11,2.18,2.5,0.6207728385925293,0.6182023286819458,0.9958591778654304,-0.004140822216868401,0.004140822216868401,-0.41408222168684006
Pythia_plus,242,MUR1.0_MUF1.0_PDF26414,pdf,1,0.0,0.21,0.6547458171844482,0.65468430519104,0.9999060521017565,-9.394789958605543e-05,9.394789958605543e-05,-0.009394789958605543
Pythia_plus,242,MUR1.0_MUF1.0_PDF26414,pdf,2,0.21,0.42,0.6447997093200684,0.6453254818916321,1.000815404479816,0.0008154044626280665,0.0008154044626280665,0.08154044626280665
Pythia_plus,242,MUR1.0_MUF1.0_PDF26414,pdf,3,0.42,0.63,0.6357879638671875,0.636631190776825,1.001326270639835,0.0013262706343084574,0.0013262706343084574,0.13262706343084574
Pythia_plus,242,MUR1.0_MUF1.0_PDF26414,pdf,4,0.63,0.84,0.6187161207199097,0.6184964179992676,0.9996449054529459,-0.0003550945548340678,0.0003550945548340678,-0.03550945548340678
Pythia_plus,242,MUR1.0_MUF1.0_PDF26414,pdf,5,0.84,1.05,0.6409361958503723,0.6413373351097107,1.0006258645742516,0.00062586460262537,0.00062586460262537,0.062586460262537
Pythia_plus,242,MUR1.0_MUF1.0_PDF26414,pdf,6,1.05,1.37,0.6362332105636597,0.6359748244285583,0.9995938814088746,-0.000406118604587391,0.000406118604587391,-0.0406118604587391
Pythia_plus,242,MUR1.0_MUF1.0_PDF26414,pdf,7,1.37,1.52,0.6330141425132751,0.632482647895813,0.9991603748135043,-0.0008396251942031085,0.0008396251942031085,-0.08396251942031085
Pythia_plus,242,MUR1.0_MUF1.0_PDF26414,pdf,8,1.52,1.74,0.6609900593757629,0.6598501801490784,0.998275497171983,-0.001724502770230174,0.001724502770230174,-0.1724502770230174
Pythia_plus,242,MUR1.0_MUF1.0_PDF26414,pdf,9,1.74,1.95,0.6475628614425659,0.6458436250686646,0.9973450664386907,-0.0026549336034804583,0.0026549336034804583,-0.2654933603480458
Pythia_plus,242,MUR1.0_MUF1.0_PDF26414,pdf,10,1.95,2.18,0.6217986941337585,0.6205957531929016,0.998065385224823,-0.0019346147309988737,0.0019346147309988737,-0.19346147309988737
Pythia_plus,242,MUR1.0_MUF1.0_PDF26414,pdf,11,2.18,2.5,0.6207728385925293,0.6178445816040039,0.9952828848066797,-0.0047171153128147125,0.0047171153128147125,-0.47171153128147125
Pythia_plus,243,MUR1.0_MUF1.0_PDF26415,pdf,1,0.0,0.21,0.6547458171844482,0.6547348499298096,0.999983249599538,-1.675040039117448e-05,1.675040039117448e-05,-0.001675040039117448
Pythia_plus,243,MUR1.0_MUF1.0_PDF26415,pdf,2,0.21,0.42,0.6447997093200684,0.6455495953559875,1.0011629751457394,0.0011629750952124596,0.0011629750952124596,0.11629750952124596
Pythia_plus,243,MUR1.0_MUF1.0_PDF26415,pdf,3,0.42,0.63,0.6357879638671875,0.6368779540061951,1.0017143925348597,0.001714392565190792,0.001714392565190792,0.1714392565190792
Pythia_plus,243,MUR1.0_MUF1.0_PDF26415,pdf,4,0.63,0.84,0.6187161207199097,0.618470311164856,0.9996027102788793,-0.0003972897247876972,0.0003972897247876972,-0.03972897247876972
Pythia_plus,243,MUR1.0_MUF1.0_PDF26415,pdf,5,0.84,1.05,0.6409361958503723,0.6415224075317383,1.00091461784365,0.0009146178490482271,0.0009146178490482271,0.09146178490482271
Pythia_plus,243,MUR1.0_MUF1.0_PDF26415,pdf,6,1.05,1.37,0.6362332105636597,0.6359231472015381,0.9995126576906495,-0.00048734230222180486,0.00048734230222180486,-0.048734230222180486
Pythia_plus,243,MUR1.0_MUF1.0_PDF26415,pdf,7,1.37,1.52,0.6330141425132751,0.6323017477989197,0.9988745990547272,-0.00112540100235492,0.00112540100235492,-0.11254010023549199
Pythia_plus,243,MUR1.0_MUF1.0_PDF26415,pdf,8,1.52,1.74,0.6609900593757629,0.6594723463058472,0.9977038791304228,-0.00229612085968256,0.00229612085968256,-0.229612085968256
Pythia_plus,243,MUR1.0_MUF1.0_PDF26415,pdf,9,1.74,1.95,0.6475628614425659,0.6455221772193909,0.9968486700756294,-0.0031513299327343702,0.0031513299327343702,-0.315132993273437
Pythia_plus,243,MUR1.0_MUF1.0_PDF26415,pdf,10,1.95,2.18,0.6217986941337585,0.6204780340194702,0.9978760648313548,-0.0021239351481199265,0.0021239351481199265,-0.21239351481199265
Pythia_plus,243,MUR1.0_MUF1.0_PDF26415,pdf,11,2.18,2.5,0.6207728385925293,0.6170536875724792,0.9940088373897247,-0.005991162732243538,0.005991162732243538,-0.5991162732243538
Pythia_plus,244,MUR1.0_MUF1.0_PDF26416,pdf,1,0.0,0.21,0.6547458171844482,0.6546095013618469,0.9997918034464313,-0.00020819655037485063,0.00020819655037485063,-0.020819655037485063
Pythia_plus,244,MUR1.0_MUF1.0_PDF26416,pdf,2,0.21,0.42,0.6447997093200684,0.6450471878051758,1.0003838067566257,0.0003838067641481757,0.0003838067641481757,0.03838067641481757
Pythia_plus,244,MUR1.0_MUF1.0_PDF26416,pdf,3,0.42,0.63,0.6357879638671875,0.6363533139228821,1.0008892116363068,0.0008892116602510214,0.0008892116602510214,0.08892116602510214
Pythia_plus,244,MUR1.0_MUF1.0_PDF26416,pdf,4,0.63,0.84,0.6187161207199097,0.6184976100921631,0.9996468321732229,-0.00035316782305017114,0.00035316782305017114,-0.035316782305017114
Pythia_plus,244,MUR1.0_MUF1.0_PDF26416,pdf,5,0.84,1.05,0.6409361958503723,0.6411039233207703,1.000261691368788,0.00026169136981479824,0.00026169136981479824,0.026169136981479824
Pythia_plus,244,MUR1.0_MUF1.0_PDF26416,pdf,6,1.05,1.37,0.6362332105636597,0.6360264420509338,0.9996750114434569,-0.00032498856307938695,0.00032498856307938695,-0.032498856307938695
Pythia_plus,244,MUR1.0_MUF1.0_PDF26416,pdf,7,1.37,1.52,0.6330141425132751,0.632663905620575,0.9994467155325951,-0.000553284480702132,0.000553284480702132,-0.0553284480702132
Pythia_plus,244,MUR1.0_MUF1.0_PDF26416,pdf,8,1.52,1.74,0.6609900593757629,0.6602754592895508,0.9989188943523795,-0.0010811056708917022,0.0010811056708917022,-0.10811056708917022
Pythia_plus,244,MUR1.0_MUF1.0_PDF26416,pdf,9,1.74,1.95,0.6475628614425659,0.6462128162384033,0.997915190501884,-0.0020848095882683992,0.0020848095882683992,-0.20848095882683992
Pythia_plus,244,MUR1.0_MUF1.0_PDF26416,pdf,10,1.95,2.18,0.6217986941337585,0.6207974553108215,0.9983897701420363,-0.0016102298395708203,0.0016102298395708203,-0.16102298395708203
Pythia_plus,244,MUR1.0_MUF1.0_PDF26416,pdf,11,2.18,2.5,0.6207728385925293,0.6188409328460693,0.9968879022625408,-0.0031120977364480495,0.0031120977364480495,-0.31120977364480495
Pythia_plus,245,MUR1.0_MUF1.0_PDF26417,pdf,1,0.0,0.21,0.6547458171844482,0.6550177931785583,1.0004153917245011,0.0004153917252551764,0.0004153917252551764,0.04153917252551764
Pythia_plus,245,MUR1.0_MUF1.0_PDF26417,pdf,2,0.21,0.42,0.6447997093200684,0.6452376842498779,1.0006792418226607,0.0006792418425902724,0.0006792418425902724,0.06792418425902724
Pythia_plus,245,MUR1.0_MUF1.0_PDF26417,pdf,3,0.42,0.63,0.6357879638671875,0.6361650824546814,1.000593151504788,0.000593151489738375,0.000593151489738375,0.059315148973837495
Pythia_plus,245,MUR1.0_MUF1.0_PDF26417,pdf,4,0.63,0.84,0.6187161207199097,0.6192594766616821,1.000878199102264,0.0008781991200521588,0.0008781991200521588,0.08781991200521588
Pythia_plus,245,MUR1.0_MUF1.0_PDF26417,pdf,5,0.84,1.05,0.6409361958503723,0.6416603922843933,1.001129904097646,0.0011299040634185076,0.0011299040634185076,0.11299040634185076
Pythia_plus,245,MUR1.0_MUF1.0_PDF26417,pdf,6,1.05,1.37,0.6362332105636597,0.636305570602417,1.0001137319422437,0.00011373194138286635,0.00011373194138286635,0.011373194138286635
Pythia_plus,245,MUR1.0_MUF1.0_PDF26417,pdf,7,1.37,1.52,0.6330141425132751,0.6337936520576477,1.0012314251641798,0.0012314252089709044,0.0012314252089709044,0.12314252089709044
Pythia_plus,245,MUR1.0_MUF1.0_PDF26417,pdf,8,1.52,1.74,0.6609900593757629,0.6607820391654968,0.9996852899566105,-0.0003147100505884737,0.0003147100505884737,-0.03147100505884737
Pythia_plus,245,MUR1.0_MUF1.0_PDF26417,pdf,9,1.74,1.95,0.6475628614425659,0.6465811729431152,0.9984840259411051,-0.0015159740578383207,0.0015159740578383207,-0.15159740578383207
Pythia_plus,245,MUR1.0_MUF1.0_PDF26417,pdf,10,1.95,2.18,0.6217986941337585,0.6195864677429199,0.9964422144792046,-0.003557785414159298,0.003557785414159298,-0.3557785414159298
Pythia_plus,245,MUR1.0_MUF1.0_PDF26417,pdf,11,2.18,2.5,0.6207728385925293,0.6163451671600342,0.992867485242212,-0.007132514845579863,0.007132514845579863,-0.7132514845579863
Pythia_plus,246,MUR1.0_MUF1.0_PDF26418,pdf,1,0.0,0.21,0.6547458171844482,0.6544379591941833,0.9995298053348569,-0.00047019467456266284,0.00047019467456266284,-0.047019467456266284
Pythia_plus,246,MUR1.0_MUF1.0_PDF26418,pdf,2,0.21,0.42,0.6447997093200684,0.6453205347061157,1.000807732042244,0.0008077320526354015,0.0008077320526354015,0.08077320526354015
Pythia_plus,246,MUR1.0_MUF1.0_PDF26418,pdf,3,0.42,0.63,0.6357879638671875,0.6368969678878784,1.0017442985456115,0.0017442984972149134,0.0017442984972149134,0.17442984972149134
Pythia_plus,246,MUR1.0_MUF1.0_PDF26418,pdf,4,0.63,0.84,0.6187161207199097,0.6179666519165039,0.99878867096184,-0.0012113290140405297,0.0012113290140405297,-0.12113290140405297
Pythia_plus,246,MUR1.0_MUF1.0_PDF26418,pdf,5,0.84,1.05,0.6409361958503723,0.6410609483718872,1.0001946410927056,0.00019464109209366143,0.00019464109209366143,0.019464109209366143
Pythia_plus,246,MUR1.0_MUF1.0_PDF26418,pdf,6,1.05,1.37,0.6362332105636597,0.6357534527778625,0.9992459403598688,-0.0007540596416220069,0.0007540596416220069,-0.07540596416220069
Pythia_plus,246,MUR1.0_MUF1.0_PDF26418,pdf,7,1.37,1.52,0.6330141425132751,0.6316096782684326,0.997781306687294,-0.0022186932619661093,0.0022186932619661093,-0.22186932619661093
Pythia_plus,246,MUR1.0_MUF1.0_PDF26418,pdf,8,1.52,1.74,0.6609900593757629,0.6592977046966553,0.9974396669736517,-0.002560333115980029,0.002560333115980029,-0.2560333115980029
Pythia_plus,246,MUR1.0_MUF1.0_PDF26418,pdf,9,1.74,1.95,0.6475628614425659,0.6454184055328369,0.9966884204802112,-0.003311579581350088,0.003311579581350088,-0.3311579581350088
Pythia_plus,246,MUR1.0_MUF1.0_PDF26418,pdf,10,1.95,2.18,0.6217986941337585,0.6213549375534058,0.9992863340104453,-0.0007136659696698189,0.0007136659696698189,-0.07136659696698189
Pythia_plus,246,MUR1.0_MUF1.0_PDF26418,pdf,11,2.18,2.5,0.6207728385925293,0.6191175580024719,0.9973335164054369,-0.0026664836332201958,0.0026664836332201958,-0.2666483633220196
Pythia_plus,247,MUR1.0_MUF1.0_PDF26419,pdf,1,0.0,0.21,0.6547458171844482,0.6545411348342896,0.999687386547899,-0.00031261343974620104,0.00031261343974620104,-0.031261343974620104
Pythia_plus,247,MUR1.0_MUF1.0_PDF26419,pdf,2,0.21,0.42,0.6447997093200684,0.6454838514328003,1.0010610149211348,0.0010610149474814534,0.0010610149474814534,0.10610149474814534
Pythia_plus,247,MUR1.0_MUF1.0_PDF26419,pdf,3,0.42,0.63,0.6357879638671875,0.6370166540145874,1.0019325470396236,0.0019325470784679055,0.0019325470784679055,0.19325470784679055
Pythia_plus,247,MUR1.0_MUF1.0_PDF26419,pdf,4,0.63,0.84,0.6187161207199097,0.6180081367492676,0.9988557208274801,-0.0011442791437730193,0.0011442791437730193,-0.11442791437730193
Pythia_plus,247,MUR1.0_MUF1.0_PDF26419,pdf,5,0.84,1.05,0.6409361958503723,0.6411876678466797,1.0003923510607382,0.0003923510666936636,0.0003923510666936636,0.03923510666936636
Pythia_plus,247,MUR1.0_MUF1.0_PDF26419,pdf,6,1.05,1.37,0.6362332105636597,0.6357258558273315,0.9992025648332965,-0.00079743517562747,0.00079743517562747,-0.079743517562747
Pythia_plus,247,MUR1.0_MUF1.0_PDF26419,pdf,7,1.37,1.52,0.6330141425132751,0.6315246820449829,0.9976470344526923,-0.0023529655300080776,0.0023529655300080776,-0.23529655300080776
Pythia_plus,247,MUR1.0_MUF1.0_PDF26419,pdf,8,1.52,1.74,0.6609900593757629,0.6590177416801453,0.9970161159496402,-0.0029838839545845985,0.0029838839545845985,-0.29838839545845985
Pythia_plus,247,MUR1.0_MUF1.0_PDF26419,pdf,9,1.74,1.95,0.6475628614425659,0.6451977491378784,0.9963476714840953,-0.0036523286253213882,0.0036523286253213882,-0.3652328625321388
Pythia_plus,247,MUR1.0_MUF1.0_PDF26419,pdf,10,1.95,2.18,0.6217986941337585,0.6211650967597961,0.9989810249202195,-0.0010189750464633107,0.0010189750464633107,-0.10189750464633107
Pythia_plus,247,MUR1.0_MUF1.0_PDF26419,pdf,11,2.18,2.5,0.6207728385925293,0.6184378266334534,0.9962385403904429,-0.003761459607630968,0.003761459607630968,-0.3761459607630968
Pythia_plus,248,MUR2.0_MUF0.5_PDF13300,scale,1,0.0,0.21,0.6547458171844482,0.6536311507225037,0.998297558483477,-0.0017024414846673608,0.0017024414846673608,-0.17024414846673608
Pythia_plus,248,MUR2.0_MUF0.5_PDF13300,scale,2,0.21,0.42,0.6447997093200684,0.6434571743011475,0.9979179038087089,-0.002082096179947257,0.002082096179947257,-0.2082096179947257
Pythia_plus,248,MUR2.0_MUF0.5_PDF13300,scale,3,0.42,0.63,0.6357879638671875,0.6345532536506653,0.9980579842861257,-0.0019420157186686993,0.0019420157186686993,-0.19420157186686993
Pythia_plus,248,MUR2.0_MUF0.5_PDF13300,scale,4,0.63,0.84,0.6187161207199097,0.6174558997154236,0.9979631676591524,-0.002036832273006439,0.002036832273006439,-0.20368322730064392
Pythia_plus,248,MUR2.0_MUF0.5_PDF13300,scale,5,0.84,1.05,0.6409361958503723,0.6393015384674072,0.9974495786108689,-0.0025504212826490402,0.0025504212826490402,-0.255042128264904
Pythia_plus,248,MUR2.0_MUF0.5_PDF13300,scale,6,1.05,1.37,0.6362332105636597,0.6356992125511169,0.9991606882450075,-0.0008393117459490895,0.0008393117459490895,-0.08393117459490895
Pythia_plus,248,MUR2.0_MUF0.5_PDF13300,scale,7,1.37,1.52,0.6330141425132751,0.63057941198349,0.9961537501830237,-0.0038462497759610415,0.0038462497759610415,-0.38462497759610415
Pythia_plus,248,MUR2.0_MUF0.5_PDF13300,scale,8,1.52,1.74,0.6609900593757629,0.6598038673400879,0.9982054313543001,-0.0017945686122402549,0.0017945686122402549,-0.1794568612240255
Pythia_plus,248,MUR2.0_MUF0.5_PDF13300,scale,9,1.74,1.95,0.6475628614425659,0.6464338898658752,0.9982565838099862,-0.001743416185490787,0.001743416185490787,-0.1743416185490787
Pythia_plus,248,MUR2.0_MUF0.5_PDF13300,scale,10,1.95,2.18,0.6217986941337585,0.6221169233322144,1.00051178814214,0.0005117881228215992,0.0005117881228215992,0.051178812282159925
Pythia_plus,248,MUR2.0_MUF0.5_PDF13300,scale,11,2.18,2.5,0.6207728385925293,0.6206450462341309,0.9997941399003729,-0.00020586009486578405,0.00020586009486578405,-0.020586009486578405
Pythia_plus,249,MUR1.0_MUF1.0_PDF26420,pdf,1,0.0,0.21,0.6547458171844482,0.6548569798469543,1.0001697798742482,0.00016977987252175808,0.00016977987252175808,0.016977987252175808
Pythia_plus,249,MUR1.0_MUF1.0_PDF26420,pdf,2,0.21,0.42,0.6447997093200684,0.6450003385543823,1.0003111496972068,0.0003111496916972101,0.0003111496916972101,0.031114969169721007
Pythia_plus,249,MUR1.0_MUF1.0_PDF26420,pdf,3,0.42,0.63,0.6357879638671875,0.6360088586807251,1.0003474347205223,0.0003474347176961601,0.0003474347176961601,0.03474347176961601
Pythia_plus,249,MUR1.0_MUF1.0_PDF26420,pdf,4,0.63,0.84,0.6187161207199097,0.6191698312759399,1.0007333097374322,0.0007333097164519131,0.0007333097164519131,0.07333097164519131
Pythia_plus,249,MUR1.0_MUF1.0_PDF26420,pdf,5,0.84,1.05,0.6409361958503723,0.6414655447006226,1.000825899447835,0.0008258994203060865,0.0008258994203060865,0.08258994203060865
Pythia_plus,249,MUR1.0_MUF1.0_PDF26420,pdf,6,1.05,1.37,0.6362332105636597,0.6363393664360046,1.0001668505676573,0.00016685057198628783,0.00016685057198628783,0.016685057198628783
Pythia_plus,249,MUR1.0_MUF1.0_PDF26420,pdf,7,1.37,1.52,0.6330141425132751,0.6338629126548767,1.0013408391449703,0.0013408391969278455,0.0013408391969278455,0.13408391969278455
Pythia_plus,249,MUR1.0_MUF1.0_PDF26420,pdf,8,1.52,1.74,0.6609900593757629,0.6611384749412537,1.0002245352458565,0.00022453525161836296,0.00022453525161836296,0.022453525161836296
Pythia_plus,249,MUR1.0_MUF1.0_PDF26420,pdf,9,1.74,1.95,0.6475628614425659,0.6468673348426819,0.9989259319190501,-0.0010740681318566203,0.0010740681318566203,-0.10740681318566203
Pythia_plus,249,MUR1.0_MUF1.0_PDF26420,pdf,10,1.95,2.18,0.6217986941337585,0.6199331283569336,0.9969997270910581,-0.0030002729035913944,0.0030002729035913944,-0.30002729035913944
Pythia_plus,249,MUR1.0_MUF1.0_PDF26420,pdf,11,2.18,2.5,0.6207728385925293,0.6174113154411316,0.9945849384148004,-0.005415061488747597,0.005415061488747597,-0.5415061488747597
Pythia_plus,250,MUR1.0_MUF1.0_PDF26421,pdf,1,0.0,0.21,0.6547458171844482,0.6546365022659302,0.9998330422040905,-0.00016695779049769044,0.00016695779049769044,-0.016695779049769044
Pythia_plus,250,MUR1.0_MUF1.0_PDF26421,pdf,2,0.21,0.42,0.6447997093200684,0.6453469395637512,1.0008486825222982,0.0008486825390718877,0.0008486825390718877,0.08486825390718877
Pythia_plus,250,MUR1.0_MUF1.0_PDF26421,pdf,3,0.42,0.63,0.6357879638671875,0.6367547512054443,1.0015206128350973,0.0015206128591671586,0.0015206128591671586,0.15206128591671586
Pythia_plus,250,MUR1.0_MUF1.0_PDF26421,pdf,4,0.63,0.84,0.6187161207199097,0.6182697415351868,0.9992785395922713,-0.0007214603829197586,0.0007214603829197586,-0.07214603829197586
Pythia_plus,250,MUR1.0_MUF1.0_PDF26421,pdf,5,0.84,1.05,0.6409361958503723,0.6411961913108826,1.0004056495204883,0.0004056495090480894,0.0004056495090480894,0.04056495090480894
Pythia_plus,250,MUR1.0_MUF1.0_PDF26421,pdf,6,1.05,1.37,0.6362332105636597,0.6358566880226135,0.9994082004290336,-0.0005917995586059988,0.0005917995586059988,-0.059179955860599875
Pythia_plus,250,MUR1.0_MUF1.0_PDF26421,pdf,7,1.37,1.52,0.6330141425132751,0.6320611238479614,0.9984944749235303,-0.0015055250842124224,0.0015055250842124224,-0.15055250842124224
Pythia_plus,250,MUR1.0_MUF1.0_PDF26421,pdf,8,1.52,1.74,0.6609900593757629,0.6595277190208435,0.9977876515173307,-0.0022123483940958977,0.0022123483940958977,-0.22123483940958977
Pythia_plus,250,MUR1.0_MUF1.0_PDF26421,pdf,9,1.74,1.95,0.6475628614425659,0.6456144452095032,0.9969911550691429,-0.003008845029398799,0.003008845029398799,-0.3008845029398799
Pythia_plus,250,MUR1.0_MUF1.0_PDF26421,pdf,10,1.95,2.18,0.6217986941337585,0.6209149956703186,0.9985788029602233,-0.001421197084710002,0.001421197084710002,-0.1421197084710002
Pythia_plus,250,MUR1.0_MUF1.0_PDF26421,pdf,11,2.18,2.5,0.6207728385925293,0.6184483170509338,0.9962554393538451,-0.0037445607595145702,0.0037445607595145702,-0.374456075951457
Pythia_plus,251,MUR1.0_MUF1.0_PDF26422,pdf,1,0.0,0.21,0.6547458171844482,0.6547291874885559,0.9999746012949516,-2.53987054747995e-05,2.53987054747995e-05,-0.00253987054747995
Pythia_plus,251,MUR1.0_MUF1.0_PDF26422,pdf,2,0.21,0.42,0.6447997093200684,0.6451863646507263,1.0005996518377245,0.0005996518302708864,0.0005996518302708864,0.05996518302708864
Pythia_plus,251,MUR1.0_MUF1.0_PDF26422,pdf,3,0.42,0.63,0.6357879638671875,0.6363435983657837,1.0008739305085559,0.0008739305194467306,0.0008739305194467306,0.08739305194467306
Pythia_plus,251,MUR1.0_MUF1.0_PDF26422,pdf,4,0.63,0.84,0.6187161207199097,0.6188593506813049,1.0002314954412834,0.00023149544722400606,0.00023149544722400606,0.023149544722400606
Pythia_plus,251,MUR1.0_MUF1.0_PDF26422,pdf,5,0.84,1.05,0.6409361958503723,0.641488790512085,1.000862167974426,0.000862167973536998,0.000862167973536998,0.0862167973536998
Pythia_plus,251,MUR1.0_MUF1.0_PDF26422,pdf,6,1.05,1.37,0.6362332105636597,0.6361836791038513,0.9999221488929123,-7.785110938129947e-05,7.785110938129947e-05,-0.007785110938129947
Pythia_plus,251,MUR1.0_MUF1.0_PDF26422,pdf,7,1.37,1.52,0.6330141425132751,0.6332331299781799,1.0003459440322064,0.0003459440195001662,0.0003459440195001662,0.03459440195001662
Pythia_plus,251,MUR1.0_MUF1.0_PDF26422,pdf,8,1.52,1.74,0.6609900593757629,0.6605253219604492,0.9992969071036369,-0.000703092897310853,0.000703092897310853,-0.0703092897310853
Pythia_plus,251,MUR1.0_MUF1.0_PDF26422,pdf,9,1.74,1.95,0.6475628614425659,0.6463610529899597,0.9981441053461143,-0.0018558946903795004,0.0018558946903795004,-0.18558946903795004
Pythia_plus,251,MUR1.0_MUF1.0_PDF26422,pdf,10,1.95,2.18,0.6217986941337585,0.6201872825622559,0.9974084674240952,-0.0025915326550602913,0.0025915326550602913,-0.25915326550602913
Pythia_plus,251,MUR1.0_MUF1.0_PDF26422,pdf,11,2.18,2.5,0.6207728385925293,0.6172345280647278,0.994300152474738,-0.005699847359210253,0.005699847359210253,-0.5699847359210253
Pythia_plus,252,MUR1.0_MUF1.0_PDF26423,pdf,1,0.0,0.21,0.6547458171844482,0.6546094417572021,0.9997917124116462,-0.0002082875871565193,0.0002082875871565193,-0.02082875871565193
Pythia_plus,252,MUR1.0_MUF1.0_PDF26423,pdf,2,0.21,0.42,0.6447997093200684,0.6451235413551331,1.0005022211244576,0.0005022211116738617,0.0005022211116738617,0.050222111167386174
Pythia_plus,252,MUR1.0_MUF1.0_PDF26423,pdf,3,0.42,0.63,0.6357879638671875,0.6364122033119202,1.0009818358953129,0.0009818358812481165,0.0009818358812481165,0.09818358812481165
Pythia_plus,252,MUR1.0_MUF1.0_PDF26423,pdf,4,0.63,0.84,0.6187161207199097,0.6185603737831116,0.9997482739958078,-0.0002517260145395994,0.0002517260145395994,-0.025172601453959942
Pythia_plus,252,MUR1.0_MUF1.0_PDF26423,pdf,5,0.84,1.05,0.6409361958503723,0.641247034072876,1.0004849752978786,0.0004849752876907587,0.0004849752876907587,0.04849752876907587
Pythia_plus,252,MUR1.0_MUF1.0_PDF26423,pdf,6,1.05,1.37,0.6362332105636597,0.636060893535614,0.9997291605889403,-0.0002708394022192806,0.0002708394022192806,-0.02708394022192806
Pythia_plus,252,MUR1.0_MUF1.0_PDF26423,pdf,7,1.37,1.52,0.6330141425132751,0.6327422261238098,0.9995704418413375,-0.00042955816024914384,0.00042955816024914384,-0.042955816024914384
Pythia_plus,252,MUR1.0_MUF1.0_PDF26423,pdf,8,1.52,1.74,0.6609900593757629,0.6602524518966675,0.9988840868805319,-0.0011159131536260247,0.0011159131536260247,-0.11159131536260247
Pythia_plus,252,MUR1.0_MUF1.0_PDF26423,pdf,9,1.74,1.95,0.6475628614425659,0.6461710333824158,0.9978506672586973,-0.002149332780390978,0.002149332780390978,-0.21493327803909779
Pythia_plus,252,MUR1.0_MUF1.0_PDF26423,pdf,10,1.95,2.18,0.6217986941337585,0.6206430792808533,0.9981414968159186,-0.0018585032084956765,0.0018585032084956765,-0.18585032084956765
Pythia_plus,252,MUR1.0_MUF1.0_PDF26423,pdf,11,2.18,2.5,0.6207728385925293,0.6183181405067444,0.9960457385807175,-0.003954261541366577,0.003954261541366577,-0.3954261541366577
Pythia_plus,253,MUR1.0_MUF1.0_PDF26424,pdf,1,0.0,0.21,0.6547458171844482,0.6547580361366272,1.0000186621309495,1.8662130969460122e-05,1.8662130969460122e-05,0.0018662130969460122
Pythia_plus,253,MUR1.0_MUF1.0_PDF26424,pdf,2,0.21,0.42,0.6447997093200684,0.6455150246620178,1.0011093605217405,0.001109360484406352,0.001109360484406352,0.1109360484406352
Pythia_plus,253,MUR1.0_MUF1.0_PDF26424,pdf,3,0.42,0.63,0.6357879638671875,0.6368645429611206,1.0016932989536085,0.0016932989237830043,0.0016932989237830043,0.16932989237830043
Pythia_plus,253,MUR1.0_MUF1.0_PDF26424,pdf,4,0.63,0.84,0.6187161207199097,0.6183826327323914,0.9994610000025047,-0.0005389999714680016,0.0005389999714680016,-0.05389999714680016
Pythia_plus,253,MUR1.0_MUF1.0_PDF26424,pdf,5,0.84,1.05,0.6409361958503723,0.6413764357566833,1.0006868700959024,0.0006868700729683042,0.0006868700729683042,0.06868700729683042
Pythia_plus,253,MUR1.0_MUF1.0_PDF26424,pdf,6,1.05,1.37,0.6362332105636597,0.635857105255127,0.9994088562145326,-0.0005911437910981476,0.0005911437910981476,-0.05911437910981476
Pythia_plus,253,MUR1.0_MUF1.0_PDF26424,pdf,7,1.37,1.52,0.6330141425132751,0.6321421265602112,0.9986224384346268,-0.0013775615952908993,0.0013775615952908993,-0.13775615952908993
Pythia_plus,253,MUR1.0_MUF1.0_PDF26424,pdf,8,1.52,1.74,0.6609900593757629,0.6593921780586243,0.9975825940277412,-0.002417406067252159,0.002417406067252159,-0.2417406067252159
Pythia_plus,253,MUR1.0_MUF1.0_PDF26424,pdf,9,1.74,1.95,0.6475628614425659,0.6454890966415405,0.9967975853395827,-0.003202414605766535,0.003202414605766535,-0.3202414605766535
Pythia_plus,253,MUR1.0_MUF1.0_PDF26424,pdf,10,1.95,2.18,0.6217986941337585,0.6206456422805786,0.9981456187282827,-0.0018543812911957502,0.0018543812911957502,-0.18543812911957502
Pythia_plus,253,MUR1.0_MUF1.0_PDF26424,pdf,11,2.18,2.5,0.6207728385925293,0.617560088634491,0.9948245964412319,-0.005175403784960508,0.005175403784960508,-0.5175403784960508
Pythia_plus,254,MUR1.0_MUF1.0_PDF26425,pdf,1,0.0,0.21,0.6547458171844482,0.6546927094459534,0.9999188880064583,-8.11119971331209e-05,8.11119971331209e-05,-0.00811119971331209
Pythia_plus,254,MUR1.0_MUF1.0_PDF26425,pdf,2,0.21,0.42,0.6447997093200684,0.6453106999397278,1.0007924796061063,0.0007924796082079411,0.0007924796082079411,0.0792479608207941
Pythia_plus,254,MUR1.0_MUF1.0_PDF26425,pdf,3,0.42,0.63,0.6357879638671875,0.6366296410560608,1.0013238331593348,0.001323833130300045,0.001323833130300045,0.1323833130300045
Pythia_plus,254,MUR1.0_MUF1.0_PDF26425,pdf,4,0.63,0.84,0.6187161207199097,0.6184925436973572,0.9996386436120456,-0.00036135638947598636,0.00036135638947598636,-0.036135638947598636
Pythia_plus,254,MUR1.0_MUF1.0_PDF26425,pdf,5,0.84,1.05,0.6409361958503723,0.6413312554359436,1.0006163789596048,0.0006163789657875896,0.0006163789657875896,0.061637896578758955
Pythia_plus,254,MUR1.0_MUF1.0_PDF26425,pdf,6,1.05,1.37,0.6362332105636597,0.6359797716140747,0.9996016571512191,-0.0003983428468927741,0.0003983428468927741,-0.03983428468927741
Pythia_plus,254,MUR1.0_MUF1.0_PDF26425,pdf,7,1.37,1.52,0.6330141425132751,0.6325212717056274,0.9992213905274046,-0.0007786094793118536,0.0007786094793118536,-0.07786094793118536
Pythia_plus,254,MUR1.0_MUF1.0_PDF26425,pdf,8,1.52,1.74,0.6609900593757629,0.659889280796051,0.9983346518391646,-0.0016653481870889664,0.0016653481870889664,-0.16653481870889664
Pythia_plus,254,MUR1.0_MUF1.0_PDF26425,pdf,9,1.74,1.95,0.6475628614425659,0.6459126472473145,0.9974516540501175,-0.0025483460631221533,0.0025483460631221533,-0.25483460631221533
Pythia_plus,254,MUR1.0_MUF1.0_PDF26425,pdf,10,1.95,2.18,0.6217986941337585,0.6206725239753723,0.9981888508788924,-0.001811149064451456,0.001811149064451456,-0.1811149064451456
Pythia_plus,254,MUR1.0_MUF1.0_PDF26425,pdf,11,2.18,2.5,0.6207728385925293,0.6179180145263672,0.9954011775504953,-0.004598822444677353,0.004598822444677353,-0.4598822444677353
Pythia_plus,255,MUR1.0_MUF1.0_PDF26426,pdf,1,0.0,0.21,0.6547458171844482,0.6546253561973572,0.9998160186992732,-0.00018398130487184972,0.00018398130487184972,-0.01839813048718497
Pythia_plus,255,MUR1.0_MUF1.0_PDF26426,pdf,2,0.21,0.42,0.6447997093200684,0.6452410221099854,1.0006844184070467,0.0006844184244982898,0.0006844184244982898,0.06844184244982898
Pythia_plus,255,MUR1.0_MUF1.0_PDF26426,pdf,3,0.42,0.63,0.6357879638671875,0.6365534067153931,1.0012039278685771,0.0012039279099553823,0.0012039279099553823,0.12039279099553823
Pythia_plus,255,MUR1.0_MUF1.0_PDF26426,pdf,4,0.63,0.84,0.6187161207199097,0.6184658408164978,0.9995954850778405,-0.0004045149253215641,0.0004045149253215641,-0.04045149253215641
Pythia_plus,255,MUR1.0_MUF1.0_PDF26426,pdf,5,0.84,1.05,0.6409361958503723,0.6412413716316223,1.000476140656786,0.00047614064533263445,0.00047614064533263445,0.047614064533263445
Pythia_plus,255,MUR1.0_MUF1.0_PDF26426,pdf,6,1.05,1.37,0.6362332105636597,0.63597172498703,0.999589009859454,-0.0004109901492483914,0.0004109901492483914,-0.04109901492483914
Pythia_plus,255,MUR1.0_MUF1.0_PDF26426,pdf,7,1.37,1.52,0.6330141425132751,0.6324343681335449,0.9990841051711288,-0.0009158948087133467,0.0009158948087133467,-0.09158948087133467
Pythia_plus,255,MUR1.0_MUF1.0_PDF26426,pdf,8,1.52,1.74,0.6609900593757629,0.6599169373512268,0.9983764929452198,-0.0016235070070251822,0.0016235070070251822,-0.16235070070251822
Pythia_plus,255,MUR1.0_MUF1.0_PDF26426,pdf,9,1.74,1.95,0.6475628614425659,0.6458464860916138,0.9973494845780244,-0.0026505154091864824,0.0026505154091864824,-0.26505154091864824
Pythia_plus,255,MUR1.0_MUF1.0_PDF26426,pdf,10,1.95,2.18,0.6217986941337585,0.6206009984016418,0.9980738207664054,-0.001926179276779294,0.001926179276779294,-0.1926179276779294
Pythia_plus,255,MUR1.0_MUF1.0_PDF26426,pdf,11,2.18,2.5,0.6207728385925293,0.618212878704071,0.9958761728456702,-0.00412382697686553,0.00412382697686553,-0.412382697686553
Pythia_plus,256,MUR1.0_MUF1.0_PDF26427,pdf,1,0.0,0.21,0.6547458171844482,0.6548997759819031,1.000235142849964,0.00023514285567216575,0.00023514285567216575,0.023514285567216575
Pythia_plus,256,MUR1.0_MUF1.0_PDF26427,pdf,2,0.21,0.42,0.6447997093200684,0.6454634666442871,1.0010294007807767,0.0010294007370248437,0.0010294007370248437,0.10294007370248437
Pythia_plus,256,MUR1.0_MUF1.0_PDF26427,pdf,3,0.42,0.63,0.6357879638671875,0.6367148756980896,1.0014578945868433,0.0014578945701941848,0.0014578945701941848,0.14578945701941848
Pythia_plus,256,MUR1.0_MUF1.0_PDF26427,pdf,4,0.63,0.84,0.6187161207199097,0.6186884641647339,0.9999553000895732,-4.4699911086354405e-05,4.4699911086354405e-05,-0.0044699911086354405
Pythia_plus,256,MUR1.0_MUF1.0_PDF26427,pdf,5,0.84,1.05,0.6409361958503723,0.6415570974349976,1.0009687416448707,0.0009687416604720056,0.0009687416604720056,0.09687416604720056
Pythia_plus,256,MUR1.0_MUF1.0_PDF26427,pdf,6,1.05,1.37,0.6362332105636597,0.6360642910003662,0.9997345005565745,-0.0002654994314070791,0.0002654994314070791,-0.02654994314070791
Pythia_plus,256,MUR1.0_MUF1.0_PDF26427,pdf,7,1.37,1.52,0.6330141425132751,0.6328370571136475,0.9997202504845711,-0.00027974951080977917,0.00027974951080977917,-0.027974951080977917
Pythia_plus,256,MUR1.0_MUF1.0_PDF26427,pdf,8,1.52,1.74,0.6609900593757629,0.6599318385124207,0.9983990366446029,-0.00160096341278404,0.00160096341278404,-0.160096341278404
Pythia_plus,256,MUR1.0_MUF1.0_PDF26427,pdf,9,1.74,1.95,0.6475628614425659,0.6461170315742493,0.9977672748787727,-0.0022327250335365534,0.0022327250335365534,-0.22327250335365534
Pythia_plus,256,MUR1.0_MUF1.0_PDF26427,pdf,10,1.95,2.18,0.6217986941337585,0.6206101775169373,0.9980885829641746,-0.0019114169990643859,0.0019114169990643859,-0.1911416999064386
Pythia_plus,256,MUR1.0_MUF1.0_PDF26427,pdf,11,2.18,2.5,0.6207728385925293,0.6175299286842346,0.9947760119214506,-0.005223988089710474,0.005223988089710474,-0.5223988089710474
Pythia_plus,257,MUR1.0_MUF1.0_PDF26428,pdf,1,0.0,0.21,0.6547458171844482,0.6545214056968689,0.9996572540340244,-0.00034274597419425845,0.00034274597419425845,-0.034274597419425845
Pythia_plus,257,MUR1.0_MUF1.0_PDF26428,pdf,2,0.21,0.42,0.6447997093200684,0.6451823115348816,1.0005933659852555,0.0005933659849688411,0.0005933659849688411,0.05933659849688411
Pythia_plus,257,MUR1.0_MUF1.0_PDF26428,pdf,3,0.42,0.63,0.6357879638671875,0.6365470886230469,1.0011939904480764,0.0011939904652535915,0.0011939904652535915,0.11939904652535915
Pythia_plus,257,MUR1.0_MUF1.0_PDF26428,pdf,4,0.63,0.84,0.6187161207199097,0.6183580756187439,0.9994213095647982,-0.000578690436668694,0.000578690436668694,-0.0578690436668694
Pythia_plus,257,MUR1.0_MUF1.0_PDF26428,pdf,5,0.84,1.05,0.6409361958503723,0.6411396861076355,1.0003174891020052,0.0003174890880472958,0.0003174890880472958,0.03174890880472958
Pythia_plus,257,MUR1.0_MUF1.0_PDF26428,pdf,6,1.05,1.37,0.6362332105636597,0.635920524597168,0.9995085356103705,-0.0004914643941447139,0.0004914643941447139,-0.04914643941447139
Pythia_plus,257,MUR1.0_MUF1.0_PDF26428,pdf,7,1.37,1.52,0.6330141425132751,0.6322803497314453,0.9988407955959461,-0.0011592044029384851,0.0011592044029384851,-0.11592044029384851
Pythia_plus,257,MUR1.0_MUF1.0_PDF26428,pdf,8,1.52,1.74,0.6609900593757629,0.6598958373069763,0.9983445710668932,-0.0016554289031773806,0.0016554289031773806,-0.16554289031773806
Pythia_plus,257,MUR1.0_MUF1.0_PDF26428,pdf,9,1.74,1.95,0.6475628614425659,0.6457296013832092,0.9971689851773267,-0.0028310148045420647,0.0028310148045420647,-0.28310148045420647
Pythia_plus,257,MUR1.0_MUF1.0_PDF26428,pdf,10,1.95,2.18,0.6217986941337585,0.6206487417221069,0.9981506033664904,-0.0018493966199457645,0.0018493966199457645,-0.18493966199457645
Pythia_plus,257,MUR1.0_MUF1.0_PDF26428,pdf,11,2.18,2.5,0.6207728385925293,0.6183809638023376,0.9961469403274559,-0.00385305960662663,0.00385305960662663,-0.385305960662663
Pythia_plus,258,MUR1.0_MUF1.0_PDF26429,pdf,1,0.0,0.21,0.6547458171844482,0.6549999713897705,1.0003881723237502,0.0003881723096128553,0.0003881723096128553,0.03881723096128553
Pythia_plus,258,MUR1.0_MUF1.0_PDF26429,pdf,2,0.21,0.42,0.6447997093200684,0.6455578804016113,1.0011758241676976,0.0011758242035284638,0.0011758242035284638,0.11758242035284638
Pythia_plus,258,MUR1.0_MUF1.0_PDF26429,pdf,3,0.42,0.63,0.6357879638671875,0.6368131041526794,1.0016123933508532,0.001612393301911652,0.001612393301911652,0.1612393301911652
Pythia_plus,258,MUR1.0_MUF1.0_PDF26429,pdf,4,0.63,0.84,0.6187161207199097,0.6186854243278503,0.9999503869528669,-4.9613048759056255e-05,4.9613048759056255e-05,-0.0049613048759056255
Pythia_plus,258,MUR1.0_MUF1.0_PDF26429,pdf,5,0.84,1.05,0.6409361958503723,0.6415993571281433,1.001034675966289,0.0010346759809181094,0.0010346759809181094,0.10346759809181094
Pythia_plus,258,MUR1.0_MUF1.0_PDF26429,pdf,6,1.05,1.37,0.6362332105636597,0.6360496878623962,0.9997115480641119,-0.0002884519344661385,0.0002884519344661385,-0.028845193446613848
Pythia_plus,258,MUR1.0_MUF1.0_PDF26429,pdf,7,1.37,1.52,0.6330141425132751,0.63280189037323,0.9996646960537051,-0.0003353039501234889,0.0003353039501234889,-0.03353039501234889
Pythia_plus,258,MUR1.0_MUF1.0_PDF26429,pdf,8,1.52,1.74,0.6609900593757629,0.6598066091537476,0.9982095793949867,-0.0017904206179082394,0.0017904206179082394,-0.17904206179082394
Pythia_plus,258,MUR1.0_MUF1.0_PDF26429,pdf,9,1.74,1.95,0.6475628614425659,0.6461329460144043,0.9977918507788167,-0.0022081492934376,0.0022081492934376,-0.22081492934376
Pythia_plus,258,MUR1.0_MUF1.0_PDF26429,pdf,10,1.95,2.18,0.6217986941337585,0.6207475662231445,0.9983095366385766,-0.0016904633957892656,0.0016904633957892656,-0.16904633957892656
Pythia_plus,258,MUR1.0_MUF1.0_PDF26429,pdf,11,2.18,2.5,0.6207728385925293,0.6176437735557556,0.9949594040810996,-0.0050405957736074924,0.0050405957736074924,-0.5040595773607492
Pythia_plus,259,MUR2.0_MUF1.0_PDF13300,scale,1,0.0,0.21,0.6547458171844482,0.6547299027442932,0.999975693712373,-2.430628774163779e-05,2.430628774163779e-05,-0.002430628774163779
Pythia_plus,259,MUR2.0_MUF1.0_PDF13300,scale,2,0.21,0.42,0.6447997093200684,0.6446965336799622,0.9998399880790657,-0.00016001191397663206,0.00016001191397663206,-0.016001191397663206
Pythia_plus,259,MUR2.0_MUF1.0_PDF13300,scale,3,0.42,0.63,0.6357879638671875,0.6357382535934448,0.999921813125495,-7.818687299732119e-05,7.818687299732119e-05,-0.007818687299732119
Pythia_plus,259,MUR2.0_MUF1.0_PDF13300,scale,4,0.63,0.84,0.6187161207199097,0.6186225414276123,0.9998487524582542,-0.00015124754281714559,0.00015124754281714559,-0.015124754281714559
Pythia_plus,259,MUR2.0_MUF1.0_PDF13300,scale,5,0.84,1.05,0.6409361958503723,0.6408246755599976,0.9998260040685847,-0.00017399592616129667,0.00017399592616129667,-0.017399592616129667
Pythia_plus,259,MUR2.0_MUF1.0_PDF13300,scale,6,1.05,1.37,0.6362332105636597,0.6362255811691284,0.9999880084937338,-1.1991506653430406e-05,1.1991506653430406e-05,-0.0011991506653430406
Pythia_plus,259,MUR2.0_MUF1.0_PDF13300,scale,7,1.37,1.52,0.6330141425132751,0.6328633427619934,0.9997617750676422,-0.00023822493676561862,0.00023822493676561862,-0.023822493676561862
Pythia_plus,259,MUR2.0_MUF1.0_PDF13300,scale,8,1.52,1.74,0.6609900593757629,0.6608472466468811,0.9997839411851115,-0.00021605881920550019,0.00021605881920550019,-0.02160588192055002
Pythia_plus,259,MUR2.0_MUF1.0_PDF13300,scale,9,1.74,1.95,0.6475628614425659,0.6474922299385071,0.9998909271851979,-0.00010907281830441207,0.00010907281830441207,-0.010907281830441207
Pythia_plus,259,MUR2.0_MUF1.0_PDF13300,scale,10,1.95,2.18,0.6217986941337585,0.6218709349632263,1.0001161804136118,0.00011618041025940329,0.00011618041025940329,0.011618041025940329
Pythia_plus,259,MUR2.0_MUF1.0_PDF13300,scale,11,2.18,2.5,0.6207728385925293,0.6207594871520996,0.9999784922283972,-2.1507770725293085e-05,2.1507770725293085e-05,-0.0021507770725293085
Pythia_plus,260,MUR1.0_MUF1.0_PDF26430,pdf,1,0.0,0.21,0.6547458171844482,0.6543363928794861,0.999374682061013,-0.0006253179162740707,0.0006253179162740707,-0.06253179162740707
Pythia_plus,260,MUR1.0_MUF1.0_PDF26430,pdf,2,0.21,0.42,0.6447997093200684,0.6450238823890686,1.0003476631049302,0.00034766309545375407,0.00034766309545375407,0.03476630954537541
Pythia_plus,260,MUR1.0_MUF1.0_PDF26430,pdf,3,0.42,0.63,0.6357879638671875,0.6364054679870605,1.000971242230062,0.0009712422033771873,0.0009712422033771873,0.09712422033771873
Pythia_plus,260,MUR1.0_MUF1.0_PDF26430,pdf,4,0.63,0.84,0.6187161207199097,0.6182805895805359,0.9992960727467921,-0.0007039272459223866,0.0007039272459223866,-0.07039272459223866
Pythia_plus,260,MUR1.0_MUF1.0_PDF26430,pdf,5,0.84,1.05,0.6409361958503723,0.6409823298454285,1.00007197907585,7.197907689260319e-05,7.197907689260319e-05,0.007197907689260319
Pythia_plus,260,MUR1.0_MUF1.0_PDF26430,pdf,6,1.05,1.37,0.6362332105636597,0.6358853578567505,0.9994532622611746,-0.0005467377486638725,0.0005467377486638725,-0.05467377486638725
Pythia_plus,260,MUR1.0_MUF1.0_PDF26430,pdf,7,1.37,1.52,0.6330141425132751,0.6321505308151245,0.9986357150020032,-0.0013642850099131465,0.0013642850099131465,-0.13642850099131465
Pythia_plus,260,MUR1.0_MUF1.0_PDF26430,pdf,8,1.52,1.74,0.6609900593757629,0.6599838733673096,0.9984777592428491,-0.0015222408110275865,0.0015222408110275865,-0.15222408110275865
Pythia_plus,260,MUR1.0_MUF1.0_PDF26430,pdf,9,1.74,1.95,0.6475628614425659,0.6455511450767517,0.9968934037363836,-0.0031065961811691523,0.0031065961811691523,-0.3106596181169152
Pythia_plus,260,MUR1.0_MUF1.0_PDF26430,pdf,10,1.95,2.18,0.6217986941337585,0.6204613447189331,0.9978492244717745,-0.002150775631889701,0.002150775631889701,-0.2150775631889701
Pythia_plus,260,MUR1.0_MUF1.0_PDF26430,pdf,11,2.18,2.5,0.6207728385925293,0.618455708026886,0.9962673454416967,-0.0037326544988900423,0.0037326544988900423,-0.37326544988900423
Pythia_plus,261,MUR1.0_MUF1.0_PDF26431,pdf,1,0.0,0.21,0.6547458171844482,0.6547753214836121,1.0000450622186343,4.506221739575267e-05,4.506221739575267e-05,0.004506221739575267
Pythia_plus,261,MUR1.0_MUF1.0_PDF26431,pdf,2,0.21,0.42,0.6447997093200684,0.6454064846038818,1.0009410290901857,0.0009410291095264256,0.0009410291095264256,0.09410291095264256
Pythia_plus,261,MUR1.0_MUF1.0_PDF26431,pdf,3,0.42,0.63,0.6357879638671875,0.6367056965827942,1.0014434572023423,0.0014434572076424956,0.0014434572076424956,0.14434572076424956
Pythia_plus,261,MUR1.0_MUF1.0_PDF26431,pdf,4,0.63,0.84,0.6187161207199097,0.6185466647148132,0.9997261167126221,-0.000273883284535259,0.000273883284535259,-0.0273883284535259
Pythia_plus,261,MUR1.0_MUF1.0_PDF26431,pdf,5,0.84,1.05,0.6409361958503723,0.6414408087730408,1.000787306015693,0.0007873059948906302,0.0007873059948906302,0.07873059948906302
Pythia_plus,261,MUR1.0_MUF1.0_PDF26431,pdf,6,1.05,1.37,0.6362332105636597,0.6360035538673401,0.9996390369246583,-0.00036096308031119406,0.00036096308031119406,-0.036096308031119406
Pythia_plus,261,MUR1.0_MUF1.0_PDF26431,pdf,7,1.37,1.52,0.6330141425132751,0.6325731873512268,0.9993034039329712,-0.0006965960492379963,0.0006965960492379963,-0.06965960492379963
Pythia_plus,261,MUR1.0_MUF1.0_PDF26431,pdf,8,1.52,1.74,0.6609900593757629,0.6598100066184998,0.998214719358446,-0.0017852806486189365,0.0017852806486189365,-0.17852806486189365
Pythia_plus,261,MUR1.0_MUF1.0_PDF26431,pdf,9,1.74,1.95,0.6475628614425659,0.6459313631057739,0.9974805560449258,-0.002519443864002824,0.002519443864002824,-0.2519443864002824
Pythia_plus,261,MUR1.0_MUF1.0_PDF26431,pdf,10,1.95,2.18,0.6217986941337585,0.6206638216972351,0.9981748555485398,-0.0018251443980261683,0.0018251443980261683,-0.18251443980261683
Pythia_plus,261,MUR1.0_MUF1.0_PDF26431,pdf,11,2.18,2.5,0.6207728385925293,0.6177058815956116,0.9950594536257878,-0.0049405465833842754,0.0049405465833842754,-0.49405465833842754
Pythia_plus,262,MUR1.0_MUF1.0_PDF26432,pdf,1,0.0,0.21,0.6547458171844482,0.6545394062995911,0.9996847465391305,-0.00031525344820693135,0.00031525344820693135,-0.031525344820693135
Pythia_plus,262,MUR1.0_MUF1.0_PDF26432,pdf,2,0.21,0.42,0.6447997093200684,0.6451423764228821,1.0005314318506364,0.0005314318696036935,0.0005314318696036935,0.05314318696036935
Pythia_plus,262,MUR1.0_MUF1.0_PDF26432,pdf,3,0.42,0.63,0.6357879638671875,0.6364837288856506,1.00109433499532,0.0010943349916487932,0.0010943349916487932,0.10943349916487932
Pythia_plus,262,MUR1.0_MUF1.0_PDF26432,pdf,4,0.63,0.84,0.6187161207199097,0.6184048056602478,0.9994968369996572,-0.0005031630280427635,0.0005031630280427635,-0.05031630280427635
Pythia_plus,262,MUR1.0_MUF1.0_PDF26432,pdf,5,0.84,1.05,0.6409361958503723,0.6411290764808655,1.000300935774484,0.0003009357606060803,0.0003009357606060803,0.03009357606060803
Pythia_plus,262,MUR1.0_MUF1.0_PDF26432,pdf,6,1.05,1.37,0.6362332105636597,0.6359419822692871,0.9995422617217442,-0.00045773826423101127,0.00045773826423101127,-0.04577382642310113
Pythia_plus,262,MUR1.0_MUF1.0_PDF26432,pdf,7,1.37,1.52,0.6330141425132751,0.6323825716972351,0.9990022800856668,-0.000997719937004149,0.000997719937004149,-0.0997719937004149
Pythia_plus,262,MUR1.0_MUF1.0_PDF26432,pdf,8,1.52,1.74,0.6609900593757629,0.6599991917610168,0.9985009341658151,-0.001499065780080855,0.001499065780080855,-0.1499065780080855
Pythia_plus,262,MUR1.0_MUF1.0_PDF26432,pdf,9,1.74,1.95,0.6475628614425659,0.6458212733268738,0.9973105497251457,-0.002689450280740857,0.002689450280740857,-0.2689450280740857
Pythia_plus,262,MUR1.0_MUF1.0_PDF26432,pdf,10,1.95,2.18,0.6217986941337585,0.6206198930740356,0.9981042078877873,-0.0018957920838147402,0.0018957920838147402,-0.18957920838147402
Pythia_plus,262,MUR1.0_MUF1.0_PDF26432,pdf,11,2.18,2.5,0.6207728385925293,0.6183961033821106,0.996171328604184,-0.003828671295195818,0.003828671295195818,-0.3828671295195818
Pythia_plus,263,MUR1.0_MUF1.0_PDF26433,pdf,1,0.0,0.21,0.6547458171844482,0.6546539664268494,0.9998597153961306,-0.00014028461009729654,0.00014028461009729654,-0.014028461009729654
Pythia_plus,263,MUR1.0_MUF1.0_PDF26433,pdf,2,0.21,0.42,0.6447997093200684,0.6452346444129944,1.0006745274333089,0.000674527429509908,0.000674527429509908,0.0674527429509908
Pythia_plus,263,MUR1.0_MUF1.0_PDF26433,pdf,3,0.42,0.63,0.6357879638671875,0.6365528106689453,1.001202990376077,0.00120299041736871,0.00120299041736871,0.120299041736871
Pythia_plus,263,MUR1.0_MUF1.0_PDF26433,pdf,4,0.63,0.84,0.6187161207199097,0.6184816360473633,0.9996210141215109,-0.0003789858892560005,0.0003789858892560005,-0.03789858892560005
Pythia_plus,263,MUR1.0_MUF1.0_PDF26433,pdf,5,0.84,1.05,0.6409361958503723,0.6412534117698669,1.0004949258936355,0.000494925887323916,0.000494925887323916,0.049492588732391596
Pythia_plus,263,MUR1.0_MUF1.0_PDF26433,pdf,6,1.05,1.37,0.6362332105636597,0.635985255241394,0.9996102760463479,-0.0003897239512298256,0.0003897239512298256,-0.03897239512298256
Pythia_plus,263,MUR1.0_MUF1.0_PDF26433,pdf,7,1.37,1.52,0.6330141425132751,0.6325337290763855,0.9992410699783385,-0.0007589299930259585,0.0007589299930259585,-0.07589299930259585
Pythia_plus,263,MUR1.0_MUF1.0_PDF26433,pdf,8,1.52,1.74,0.6609900593757629,0.6599924564361572,0.9984907444136938,-0.0015092556132003665,0.0015092556132003665,-0.15092556132003665
Pythia_plus,263,MUR1.0_MUF1.0_PDF26433,pdf,9,1.74,1.95,0.6475628614425659,0.6459694504737854,0.9975393725248065,-0.002460627583786845,0.002460627583786845,-0.24606275837868452
Pythia_plus,263,MUR1.0_MUF1.0_PDF26433,pdf,10,1.95,2.18,0.6217986941337585,0.6206987500190735,0.9982310285868042,-0.001768971444107592,0.001768971444107592,-0.1768971444107592
Pythia_plus,263,MUR1.0_MUF1.0_PDF26433,pdf,11,2.18,2.5,0.6207728385925293,0.618241012096405,0.9959214927929761,-0.004078507423400879,0.004078507423400879,-0.4078507423400879
Pythia_plus,264,MUR1.0_MUF1.0_PDF26434,pdf,1,0.0,0.21,0.6547458171844482,0.6546906232833862,0.9999157017889791,-8.429821173194796e-05,8.429821173194796e-05,-0.008429821173194796
Pythia_plus,264,MUR1.0_MUF1.0_PDF26434,pdf,2,0.21,0.42,0.6447997093200684,0.6453765034675598,1.0008945322697178,0.0008945322479121387,0.0008945322479121387,0.08945322479121387
Pythia_plus,264,MUR1.0_MUF1.0_PDF26434,pdf,3,0.42,0.63,0.6357879638671875,0.6366881132125854,1.0014158011735905,0.0014158011181280017,0.0014158011181280017,0.14158011181280017
Pythia_plus,264,MUR1.0_MUF1.0_PDF26434,pdf,4,0.63,0.84,0.6187161207199097,0.6184875965118408,0.999630647722896,-0.000369352288544178,0.000369352288544178,-0.0369352288544178
Pythia_plus,264,MUR1.0_MUF1.0_PDF26434,pdf,5,0.84,1.05,0.6409361958503723,0.6413818597793579,1.0006953327521069,0.0006953327683731914,0.0006953327683731914,0.06953327683731914
Pythia_plus,264,MUR1.0_MUF1.0_PDF26434,pdf,6,1.05,1.37,0.6362332105636597,0.6359632015228271,0.9995756130985471,-0.0004243869043421,0.0004243869043421,-0.04243869043421
Pythia_plus,264,MUR1.0_MUF1.0_PDF26434,pdf,7,1.37,1.52,0.6330141425132751,0.6324324011802673,0.9990809978894024,-0.0009190021082758904,0.0009190021082758904,-0.09190021082758904
Pythia_plus,264,MUR1.0_MUF1.0_PDF26434,pdf,8,1.52,1.74,0.6609900593757629,0.659757137298584,0.9981347343130345,-0.0018652656581252813,0.0018652656581252813,-0.18652656581252813
Pythia_plus,264,MUR1.0_MUF1.0_PDF26434,pdf,9,1.74,1.95,0.6475628614425659,0.6457691192626953,0.9972300107268741,-0.0027699891943484545,0.0027699891943484545,-0.27699891943484545
Pythia_plus,264,MUR1.0_MUF1.0_PDF26434,pdf,10,1.95,2.18,0.6217986941337585,0.6205719709396362,0.9980271377124211,-0.001972862286493182,0.001972862286493182,-0.19728622864931822
Pythia_plus,264,MUR1.0_MUF1.0_PDF26434,pdf,11,2.18,2.5,0.6207728385925293,0.617671012878418,0.9950032837758429,-0.004996716044843197,0.004996716044843197,-0.4996716044843197
Pythia_plus,265,MUR1.0_MUF1.0_PDF26435,pdf,1,0.0,0.21,0.6547458171844482,0.6547273397445679,0.999971779216613,-2.8220783860888332e-05,2.8220783860888332e-05,-0.002822078386088833
Pythia_plus,265,MUR1.0_MUF1.0_PDF26435,pdf,2,0.21,0.42,0.6447997093200684,0.6453449130058289,1.0008455395960638,0.0008455396164208651,0.0008455396164208651,0.0845539616420865
Pythia_plus,265,MUR1.0_MUF1.0_PDF26435,pdf,3,0.42,0.63,0.6357879638671875,0.6366239786148071,1.001314926980584,0.001314927008934319,0.001314927008934319,0.1314927008934319
Pythia_plus,265,MUR1.0_MUF1.0_PDF26435,pdf,4,0.63,0.84,0.6187161207199097,0.618564784526825,0.9997554028608328,-0.0002445971476845443,0.0002445971476845443,-0.024459714768454432
Pythia_plus,265,MUR1.0_MUF1.0_PDF26435,pdf,5,0.84,1.05,0.6409361958503723,0.6414071321487427,1.000734763150247,0.0007347631617449224,0.0007347631617449224,0.07347631617449224
Pythia_plus,265,MUR1.0_MUF1.0_PDF26435,pdf,6,1.05,1.37,0.6362332105636597,0.6360093951225281,0.9996482179216434,-0.0003517820732668042,0.0003517820732668042,-0.03517820732668042
Pythia_plus,265,MUR1.0_MUF1.0_PDF26435,pdf,7,1.37,1.52,0.6330141425132751,0.6326025128364563,0.9993497306787104,-0.0006502693286165595,0.0006502693286165595,-0.06502693286165595
Pythia_plus,265,MUR1.0_MUF1.0_PDF26435,pdf,8,1.52,1.74,0.6609900593757629,0.6598914265632629,0.9983378981318758,-0.0016621018294245005,0.0016621018294245005,-0.16621018294245005
Pythia_plus,265,MUR1.0_MUF1.0_PDF26435,pdf,9,1.74,1.95,0.6475628614425659,0.6459247469902039,0.9974703390977165,-0.002529660938307643,0.002529660938307643,-0.2529660938307643
Pythia_plus,265,MUR1.0_MUF1.0_PDF26435,pdf,10,1.95,2.18,0.6217986941337585,0.6205466985702515,0.9979864937393423,-0.00201350636780262,0.00201350636780262,-0.201350636780262
Pythia_plus,265,MUR1.0_MUF1.0_PDF26435,pdf,11,2.18,2.5,0.6207728385925293,0.6176046133041382,0.9948963210188538,-0.005103678908199072,0.005103678908199072,-0.5103678908199072
Pythia_plus,266,MUR1.0_MUF1.0_PDF26436,pdf,1,0.0,0.21,0.6547458171844482,0.6546202898025513,0.999808280742538,-0.00019171925669070333,0.00019171925669070333,-0.019171925669070333
Pythia_plus,266,MUR1.0_MUF1.0_PDF26436,pdf,2,0.21,0.42,0.6447997093200684,0.645241916179657,1.00068580499215,0.0006858049891889095,0.0006858049891889095,0.06858049891889095
Pythia_plus,266,MUR1.0_MUF1.0_PDF26436,pdf,3,0.42,0.63,0.6357879638671875,0.6365901827812195,1.0012617711558307,0.0012617711909115314,0.0012617711909115314,0.12617711909115314
Pythia_plus,266,MUR1.0_MUF1.0_PDF26436,pdf,4,0.63,0.84,0.6187161207199097,0.6184209585189819,0.9995229440594108,-0.00047705593169666827,0.00047705593169666827,-0.04770559316966683
Pythia_plus,266,MUR1.0_MUF1.0_PDF26436,pdf,5,0.84,1.05,0.6409361958503723,0.641220211982727,1.0004431269979657,0.00044312700629234314,0.00044312700629234314,0.044312700629234314
Pythia_plus,266,MUR1.0_MUF1.0_PDF26436,pdf,6,1.05,1.37,0.6362332105636597,0.6359500288963318,0.9995549090135094,-0.00044509099097922444,0.00044509099097922444,-0.044509099097922444
Pythia_plus,266,MUR1.0_MUF1.0_PDF26436,pdf,7,1.37,1.52,0.6330141425132751,0.6324023008346558,0.9990334470629831,-0.0009665529360063374,0.0009665529360063374,-0.09665529360063374
Pythia_plus,266,MUR1.0_MUF1.0_PDF26436,pdf,8,1.52,1.74,0.6609900593757629,0.6599006056785583,0.9983517850506958,-0.001648214994929731,0.001648214994929731,-0.1648214994929731
Pythia_plus,266,MUR1.0_MUF1.0_PDF26436,pdf,9,1.74,1.95,0.6475628614425659,0.6458589434623718,0.9973687218930402,-0.002631278010085225,0.002631278010085225,-0.2631278010085225
Pythia_plus,266,MUR1.0_MUF1.0_PDF26436,pdf,10,1.95,2.18,0.6217986941337585,0.6207277774810791,0.9982777116407886,-0.0017222883179783821,0.0017222883179783821,-0.1722288317978382
Pythia_plus,266,MUR1.0_MUF1.0_PDF26436,pdf,11,2.18,2.5,0.6207728385925293,0.6183241009712219,0.9960553402644687,-0.0039446596056222916,0.0039446596056222916,-0.39446596056222916
Pythia_plus,267,MUR1.0_MUF1.0_PDF26437,pdf,1,0.0,0.21,0.6547458171844482,0.6547603011131287,1.000022121452784,2.212145227531437e-05,2.212145227531437e-05,0.002212145227531437
Pythia_plus,267,MUR1.0_MUF1.0_PDF26437,pdf,2,0.21,0.42,0.6447997093200684,0.6453834176063538,1.0009052551945175,0.0009052552049979568,0.0009052552049979568,0.09052552049979568
Pythia_plus,267,MUR1.0_MUF1.0_PDF26437,pdf,3,0.42,0.63,0.6357879638671875,0.6366674304008484,1.0013832701838385,0.0013832701370120049,0.0013832701370120049,0.13832701370120049
Pythia_plus,267,MUR1.0_MUF1.0_PDF26437,pdf,4,0.63,0.84,0.6187161207199097,0.6185694932937622,0.999763013405927,-0.00023698659788351506,0.00023698659788351506,-0.023698659788351506
Pythia_plus,267,MUR1.0_MUF1.0_PDF26437,pdf,5,0.84,1.05,0.6409361958503723,0.6414383053779602,1.0007834001743678,0.0007834002026356757,0.0007834002026356757,0.07834002026356757
Pythia_plus,267,MUR1.0_MUF1.0_PDF26437,pdf,6,1.05,1.37,0.6362332105636597,0.636012852191925,0.9996536515729203,-0.0003463484172243625,0.0003463484172243625,-0.03463484172243625
Pythia_plus,267,MUR1.0_MUF1.0_PDF26437,pdf,7,1.37,1.52,0.6330141425132751,0.6326151490211487,0.9993696926098012,-0.0006303074187599123,0.0006303074187599123,-0.06303074187599123
Pythia_plus,267,MUR1.0_MUF1.0_PDF26437,pdf,8,1.52,1.74,0.6609900593757629,0.6598687171936035,0.9983035415340158,-0.0016964584356173873,0.0016964584356173873,-0.16964584356173873
Pythia_plus,267,MUR1.0_MUF1.0_PDF26437,pdf,9,1.74,1.95,0.6475628614425659,0.6459372043609619,0.9974895764127323,-0.0025104235392063856,0.0025104235392063856,-0.25104235392063856
Pythia_plus,267,MUR1.0_MUF1.0_PDF26437,pdf,10,1.95,2.18,0.6217986941337585,0.6205867528915405,0.9980509106023351,-0.0019490893464535475,0.0019490893464535475,-0.19490893464535475
Pythia_plus,267,MUR1.0_MUF1.0_PDF26437,pdf,11,2.18,2.5,0.6207728385925293,0.6176271438598633,0.9949326153834337,-0.005067384801805019,0.005067384801805019,-0.5067384801805019
Pythia_plus,268,MUR1.0_MUF1.0_PDF26438,pdf,1,0.0,0.21,0.6547458171844482,0.6545974612236023,0.9997734144198371,-0.0002265855873702094,0.0002265855873702094,-0.02265855873702094
Pythia_plus,268,MUR1.0_MUF1.0_PDF26438,pdf,2,0.21,0.42,0.6447997093200684,0.6452106833457947,1.0006373669525375,0.0006373669602908194,0.0006373669602908194,0.06373669602908194
Pythia_plus,268,MUR1.0_MUF1.0_PDF26438,pdf,3,0.42,0.63,0.6357879638671875,0.636552095413208,1.001201865385077,0.0012018653796985745,0.0012018653796985745,0.12018653796985745
Pythia_plus,268,MUR1.0_MUF1.0_PDF26438,pdf,4,0.63,0.84,0.6187161207199097,0.6184138655662537,0.9995114800737626,-0.0004885199014097452,0.0004885199014097452,-0.04885199014097452
Pythia_plus,268,MUR1.0_MUF1.0_PDF26438,pdf,5,0.84,1.05,0.6409361958503723,0.6411938071250916,1.0004019296716071,0.0004019296611659229,0.0004019296611659229,0.04019296611659229
Pythia_plus,268,MUR1.0_MUF1.0_PDF26438,pdf,6,1.05,1.37,0.6362332105636597,0.6359481811523438,0.9995520048205855,-0.00044799517490901053,0.00044799517490901053,-0.04479951749090105
Pythia_plus,268,MUR1.0_MUF1.0_PDF26438,pdf,7,1.37,1.52,0.6330141425132751,0.6323987245559692,0.9990277974598443,-0.0009722025133669376,0.0009722025133669376,-0.09722025133669376
Pythia_plus,268,MUR1.0_MUF1.0_PDF26438,pdf,8,1.52,1.74,0.6609900593757629,0.6599296927452087,0.9983957903518919,-0.001604209654033184,0.001604209654033184,-0.1604209654033184
Pythia_plus,268,MUR1.0_MUF1.0_PDF26438,pdf,9,1.74,1.95,0.6475628614425659,0.6458585858345032,0.9973681696256235,-0.002631830284371972,0.002631830284371972,-0.2631830284371972
Pythia_plus,268,MUR1.0_MUF1.0_PDF26438,pdf,10,1.95,2.18,0.6217986941337585,0.6207040548324585,0.9982395599868137,-0.001760440063662827,0.001760440063662827,-0.1760440063662827
Pythia_plus,268,MUR1.0_MUF1.0_PDF26438,pdf,11,2.18,2.5,0.6207728385925293,0.6183295249938965,0.9960640777966824,-0.0039359224028885365,0.0039359224028885365,-0.39359224028885365
Pythia_plus,269,MUR1.0_MUF1.0_PDF26439,pdf,1,0.0,0.21,0.6547458171844482,0.6545252203941345,0.9996630802602721,-0.00033691973658278584,0.00033691973658278584,-0.033691973658278584
Pythia_plus,269,MUR1.0_MUF1.0_PDF26439,pdf,2,0.21,0.42,0.6447997093200684,0.6448972225189209,1.0001512302152793,0.0001512302114861086,0.0001512302114861086,0.01512302114861086
Pythia_plus,269,MUR1.0_MUF1.0_PDF26439,pdf,3,0.42,0.63,0.6357879638671875,0.636350691318512,1.0008850866693066,0.0008850866579450667,0.0008850866579450667,0.08850866579450667
Pythia_plus,269,MUR1.0_MUF1.0_PDF26439,pdf,4,0.63,0.84,0.6187161207199097,0.6181255578994751,0.9990455027747662,-0.0009544971981085837,0.0009544971981085837,-0.09544971981085837
Pythia_plus,269,MUR1.0_MUF1.0_PDF26439,pdf,5,0.84,1.05,0.6409361958503723,0.6405914425849915,0.9994621098517873,-0.0005378901259973645,0.0005378901259973645,-0.05378901259973645
Pythia_plus,269,MUR1.0_MUF1.0_PDF26439,pdf,6,1.05,1.37,0.6362332105636597,0.6358319520950317,0.9993693217173111,-0.000630678259767592,0.000630678259767592,-0.0630678259767592
Pythia_plus,269,MUR1.0_MUF1.0_PDF26439,pdf,7,1.37,1.52,0.6330141425132751,0.6319469809532166,0.9983141584233464,-0.0016858415910974145,0.0016858415910974145,-0.16858415910974145
Pythia_plus,269,MUR1.0_MUF1.0_PDF26439,pdf,8,1.52,1.74,0.6609900593757629,0.6600630879402161,0.9985976015487702,-0.0014023984549567103,0.0014023984549567103,-0.14023984549567103
Pythia_plus,269,MUR1.0_MUF1.0_PDF26439,pdf,9,1.74,1.95,0.6475628614425659,0.6459739208221436,0.9975462758675154,-0.002453724155202508,0.002453724155202508,-0.2453724155202508
Pythia_plus,269,MUR1.0_MUF1.0_PDF26439,pdf,10,1.95,2.18,0.6217986941337585,0.621342122554779,0.9992657244486247,-0.0007342755561694503,0.0007342755561694503,-0.07342755561694503
Pythia_plus,269,MUR1.0_MUF1.0_PDF26439,pdf,11,2.18,2.5,0.6207728385925293,0.6212674975395203,1.0007968437345174,0.0007968437275849283,0.0007968437275849283,0.07968437275849283
Pythia_plus,270,MUR2.0_MUF2.0_PDF13300,scale,1,0.0,0.21,0.6547458171844482,0.6556428074836731,1.0013699824812659,0.0013699824921786785,0.0013699824921786785,0.13699824921786785
Pythia_plus,270,MUR2.0_MUF2.0_PDF13300,scale,2,0.21,0.42,0.6447997093200684,0.6457253098487854,1.0014354853380643,0.0014354853192344308,0.0014354853192344308,0.14354853192344308
Pythia_plus,270,MUR2.0_MUF2.0_PDF13300,scale,3,0.42,0.63,0.6357879638671875,0.6367450952529907,1.0015054254565963,0.0015054254326969385,0.0015054254326969385,0.15054254326969385
Pythia_plus,270,MUR2.0_MUF2.0_PDF13300,scale,4,0.63,0.84,0.6187161207199097,0.6196050047874451,1.0014366589745571,0.00143665901850909,0.00143665901850909,0.143665901850909
Pythia_plus,270,MUR2.0_MUF2.0_PDF13300,scale,5,0.84,1.05,0.6409361958503723,0.6420820951461792,1.0017878523684975,0.0017878523794934154,0.0017878523794934154,0.17878523794934154
Pythia_plus,270,MUR2.0_MUF2.0_PDF13300,scale,6,1.05,1.37,0.6362332105636597,0.6366536617279053,1.0006608444156397,0.0006608444382436574,0.0006608444382436574,0.06608444382436574
Pythia_plus,270,MUR2.0_MUF2.0_PDF13300,scale,7,1.37,1.52,0.6330141425132751,0.6347370147705078,1.0027216963121746,0.0027216963935643435,0.0027216963935643435,0.27216963935643435
Pythia_plus,270,MUR2.0_MUF2.0_PDF13300,scale,8,1.52,1.74,0.6609900593757629,0.6616761684417725,1.0010380020943999,0.0010380020830780268,0.0010380020830780268,0.10380020830780268
Pythia_plus,270,MUR2.0_MUF2.0_PDF13300,scale,9,1.74,1.95,0.6475628614425659,0.6483291983604431,1.0011834170294602,0.0011834170436486602,0.0011834170436486602,0.11834170436486602
Pythia_plus,270,MUR2.0_MUF2.0_PDF13300,scale,10,1.95,2.18,0.6217986941337585,0.6216256618499756,0.9997217229862085,-0.0002782770025078207,0.0002782770025078207,-0.027827700250782073
Pythia_plus,270,MUR2.0_MUF2.0_PDF13300,scale,11,2.18,2.5,0.6207728385925293,0.6207766532897949,1.0000061450776008,6.1450778048310895e-06,6.1450778048310895e-06,0.0006145077804831089
Pythia_plus,271,MUR1.0_MUF1.0_PDF26440,pdf,1,0.0,0.21,0.6547458171844482,0.6547127366065979,0.9999494756942586,-5.0524304242571816e-05,5.0524304242571816e-05,-0.005052430424257182
Pythia_plus,271,MUR1.0_MUF1.0_PDF26440,pdf,2,0.21,0.42,0.6447997093200684,0.6454862356185913,1.0010647124814105,0.0010647125309333205,0.0010647125309333205,0.10647125309333205
Pythia_plus,271,MUR1.0_MUF1.0_PDF26440,pdf,3,0.42,0.63,0.6357879638671875,0.6367524266242981,1.0015169566143471,0.00151695660315454,0.00151695660315454,0.151695660315454
Pythia_plus,271,MUR1.0_MUF1.0_PDF26440,pdf,4,0.63,0.84,0.6187161207199097,0.6186241507530212,0.9998513535306282,-0.00014864647528156638,0.00014864647528156638,-0.014864647528156638
Pythia_plus,271,MUR1.0_MUF1.0_PDF26440,pdf,5,0.84,1.05,0.6409361958503723,0.6416292786598206,1.0010813600697472,0.001081360038369894,0.001081360038369894,0.1081360038369894
Pythia_plus,271,MUR1.0_MUF1.0_PDF26440,pdf,6,1.05,1.37,0.6362332105636597,0.6360353827476501,0.9996890639898627,-0.00031093601137399673,0.00031093601137399673,-0.031093601137399673
Pythia_plus,271,MUR1.0_MUF1.0_PDF26440,pdf,7,1.37,1.52,0.6330141425132751,0.632573664188385,0.9993041572133897,-0.0006958427838981152,0.0006958427838981152,-0.06958427838981152
Pythia_plus,271,MUR1.0_MUF1.0_PDF26440,pdf,8,1.52,1.74,0.6609900593757629,0.6596325039863586,0.9979461788113934,-0.002053821226581931,0.002053821226581931,-0.2053821226581931
Pythia_plus,271,MUR1.0_MUF1.0_PDF26440,pdf,9,1.74,1.95,0.6475628614425659,0.6454685926437378,0.9967659220076909,-0.0032340779434889555,0.0032340779434889555,-0.32340779434889555
Pythia_plus,271,MUR1.0_MUF1.0_PDF26440,pdf,10,1.95,2.18,0.6217986941337585,0.6199615597724915,0.9970454515607717,-0.0029545484576374292,0.0029545484576374292,-0.2954548457637429
Pythia_plus,271,MUR1.0_MUF1.0_PDF26440,pdf,11,2.18,2.5,0.6207728385925293,0.6162503361701965,0.9927147224537295,-0.007285277359187603,0.007285277359187603,-0.7285277359187603
Pythia_plus,272,MUR1.0_MUF1.0_PDF26441,pdf,1,0.0,0.21,0.6547458171844482,0.6547245383262634,0.9999675005817122,-3.249941801186651e-05,3.249941801186651e-05,-0.003249941801186651
Pythia_plus,272,MUR1.0_MUF1.0_PDF26441,pdf,2,0.21,0.42,0.6447997093200684,0.6454551815986633,1.0010165517588185,0.0010165517451241612,0.0010165517451241612,0.10165517451241612
Pythia_plus,272,MUR1.0_MUF1.0_PDF26441,pdf,3,0.42,0.63,0.6357879638671875,0.6369794011116028,1.0018739537583699,0.0018739537335932255,0.0018739537335932255,0.18739537335932255
Pythia_plus,272,MUR1.0_MUF1.0_PDF26441,pdf,4,0.63,0.84,0.6187161207199097,0.6180611252784729,0.9989413635437935,-0.0010586364660412073,0.0010586364660412073,-0.10586364660412073
Pythia_plus,272,MUR1.0_MUF1.0_PDF26441,pdf,5,0.84,1.05,0.6409361958503723,0.641087532043457,1.0002361174077303,0.0002361174119869247,0.0002361174119869247,0.02361174119869247
Pythia_plus,272,MUR1.0_MUF1.0_PDF26441,pdf,6,1.05,1.37,0.6362332105636597,0.6357898712158203,0.9993031810655615,-0.000696818926371634,0.000696818926371634,-0.0696818926371634
Pythia_plus,272,MUR1.0_MUF1.0_PDF26441,pdf,7,1.37,1.52,0.6330141425132751,0.6318363547325134,0.9981393973662491,-0.0018606026424095035,0.0018606026424095035,-0.18606026424095035
Pythia_plus,272,MUR1.0_MUF1.0_PDF26441,pdf,8,1.52,1.74,0.6609900593757629,0.659367024898529,0.9975445402631824,-0.002455459674820304,0.002455459674820304,-0.2455459674820304
Pythia_plus,272,MUR1.0_MUF1.0_PDF26441,pdf,9,1.74,1.95,0.6475628614425659,0.6459981799125671,0.997583738007283,-0.002416261937469244,0.002416261937469244,-0.2416261937469244
Pythia_plus,272,MUR1.0_MUF1.0_PDF26441,pdf,10,1.95,2.18,0.6217986941337585,0.6219696402549744,1.0002749219688438,0.0002749219711404294,0.0002749219711404294,0.027492197114042938
Pythia_plus,272,MUR1.0_MUF1.0_PDF26441,pdf,11,2.18,2.5,0.6207728385925293,0.6200363636016846,0.998813615955694,-0.0011863840045407414,0.0011863840045407414,-0.11863840045407414
Pythia_plus,273,MUR1.0_MUF1.0_PDF26442,pdf,1,0.0,0.21,0.6547458171844482,0.6545712351799011,0.9997333591143844,-0.0002666408836375922,0.0002666408836375922,-0.02666408836375922
Pythia_plus,273,MUR1.0_MUF1.0_PDF26442,pdf,2,0.21,0.42,0.6447997093200684,0.6452168226242065,1.0006468881702475,0.000646888162009418,0.000646888162009418,0.0646888162009418
Pythia_plus,273,MUR1.0_MUF1.0_PDF26442,pdf,3,0.42,0.63,0.6357879638671875,0.6365190148353577,1.0011498345513237,0.0011498345993459225,0.0011498345993459225,0.11498345993459225
Pythia_plus,273,MUR1.0_MUF1.0_PDF26442,pdf,4,0.63,0.84,0.6187161207199097,0.6184785962104797,0.9996161009848046,-0.00038389902329072356,0.00038389902329072356,-0.038389902329072356
Pythia_plus,273,MUR1.0_MUF1.0_PDF26442,pdf,5,0.84,1.05,0.6409361958503723,0.641243577003479,1.000479581517001,0.0004795815038960427,0.0004795815038960427,0.04795815038960427
Pythia_plus,273,MUR1.0_MUF1.0_PDF26442,pdf,6,1.05,1.37,0.6362332105636597,0.6359515190124512,0.9995572511045769,-0.00044274888932704926,0.00044274888932704926,-0.044274888932704926
Pythia_plus,273,MUR1.0_MUF1.0_PDF26442,pdf,7,1.37,1.52,0.6330141425132751,0.632330060005188,0.998919325079577,-0.0010806749342009425,0.0010806749342009425,-0.10806749342009425
Pythia_plus,273,MUR1.0_MUF1.0_PDF26442,pdf,8,1.52,1.74,0.6609900593757629,0.6598221063613892,0.9982330248423451,-0.0017669751541689038,0.0017669751541689038,-0.17669751541689038
Pythia_plus,273,MUR1.0_MUF1.0_PDF26442,pdf,9,1.74,1.95,0.6475628614425659,0.6454355716705322,0.9967149293162137,-0.003285070648416877,0.003285070648416877,-0.3285070648416877
Pythia_plus,273,MUR1.0_MUF1.0_PDF26442,pdf,10,1.95,2.18,0.6217986941337585,0.6200919151306152,0.9972550939407793,-0.0027449061162769794,0.0027449061162769794,-0.27449061162769794
Pythia_plus,273,MUR1.0_MUF1.0_PDF26442,pdf,11,2.18,2.5,0.6207728385925293,0.6176512837409973,0.9949715022026262,-0.005028497893363237,0.005028497893363237,-0.5028497893363237
Pythia_plus,274,MUR1.0_MUF1.0_PDF26443,pdf,1,0.0,0.21,0.6547458171844482,0.6548128128051758,1.0001023230984745,0.00010232310160063207,0.00010232310160063207,0.010232310160063207
Pythia_plus,274,MUR1.0_MUF1.0_PDF26443,pdf,2,0.21,0.42,0.6447997093200684,0.6452835202217102,1.0007503274189624,0.0007503274246118963,0.0007503274246118963,0.07503274246118963
Pythia_plus,274,MUR1.0_MUF1.0_PDF26443,pdf,3,0.42,0.63,0.6357879638671875,0.6365237236022949,1.0011572407420741,0.0011572407092899084,0.0011572407092899084,0.11572407092899084
Pythia_plus,274,MUR1.0_MUF1.0_PDF26443,pdf,4,0.63,0.84,0.6187161207199097,0.6186608672142029,0.9999106965151603,-8.93034812179394e-05,8.93034812179394e-05,-0.00893034812179394
Pythia_plus,274,MUR1.0_MUF1.0_PDF26443,pdf,5,0.84,1.05,0.6409361958503723,0.6414356827735901,1.0007793083405987,0.0007793083204887807,0.0007793083204887807,0.07793083204887807
Pythia_plus,274,MUR1.0_MUF1.0_PDF26443,pdf,6,1.05,1.37,0.6362332105636597,0.6360898613929749,0.9997746908392949,-0.0002253091661259532,0.0002253091661259532,-0.02253091661259532
Pythia_plus,274,MUR1.0_MUF1.0_PDF26443,pdf,7,1.37,1.52,0.6330141425132751,0.632784903049469,0.9996378604387952,-0.00036213957355357707,0.00036213957355357707,-0.03621395735535771
Pythia_plus,274,MUR1.0_MUF1.0_PDF26443,pdf,8,1.52,1.74,0.6609900593757629,0.6599724888801575,0.9984605358565204,-0.001539464108645916,0.001539464108645916,-0.1539464108645916
Pythia_plus,274,MUR1.0_MUF1.0_PDF26443,pdf,9,1.74,1.95,0.6475628614425659,0.6460874676704407,0.9977216207723238,-0.002278379164636135,0.002278379164636135,-0.2278379164636135
Pythia_plus,274,MUR1.0_MUF1.0_PDF26443,pdf,10,1.95,2.18,0.6217986941337585,0.6204925775527954,0.9978994542875606,-0.0021005456801503897,0.0021005456801503897,-0.21005456801503897
Pythia_plus,274,MUR1.0_MUF1.0_PDF26443,pdf,11,2.18,2.5,0.6207728385925293,0.6176354885101318,0.9949460577406855,-0.0050539420917630196,0.0050539420917630196,-0.505394209176302
Pythia_plus,275,MUR1.0_MUF1.0_PDF26444,pdf,1,0.0,0.21,0.6547458171844482,0.6541135311126709,0.9990343029994505,-0.0009656969923526049,0.0009656969923526049,-0.09656969923526049
Pythia_plus,275,MUR1.0_MUF1.0_PDF26444,pdf,2,0.21,0.42,0.6447997093200684,0.6453428864479065,1.0008423966698292,0.0008423966937698424,0.0008423966937698424,0.08423966937698424
Pythia_plus,275,MUR1.0_MUF1.0_PDF26444,pdf,3,0.42,0.63,0.6357879638671875,0.6370140314102173,1.0019284220726234,0.00192842201795429,0.00192842201795429,0.192842201795429
Pythia_plus,275,MUR1.0_MUF1.0_PDF26444,pdf,4,0.63,0.84,0.6187161207199097,0.6177384257316589,0.9984198003648053,-0.0015801996923983097,0.0015801996923983097,-0.15801996923983097
Pythia_plus,275,MUR1.0_MUF1.0_PDF26444,pdf,5,0.84,1.05,0.6409361958503723,0.6409151554107666,0.999967172333624,-3.282766556367278e-05,3.282766556367278e-05,-0.003282766556367278
Pythia_plus,275,MUR1.0_MUF1.0_PDF26444,pdf,6,1.05,1.37,0.6362332105636597,0.6355729103088379,0.998962172606116,-0.0010378273436799645,0.0010378273436799645,-0.10378273436799645
Pythia_plus,275,MUR1.0_MUF1.0_PDF26444,pdf,7,1.37,1.52,0.6330141425132751,0.6312113404273987,0.9971520350576707,-0.0028479648754000664,0.0028479648754000664,-0.28479648754000664
Pythia_plus,275,MUR1.0_MUF1.0_PDF26444,pdf,8,1.52,1.74,0.6609900593757629,0.6592535972595215,0.9973729376234775,-0.002627062378451228,0.002627062378451228,-0.2627062378451228
Pythia_plus,275,MUR1.0_MUF1.0_PDF26444,pdf,9,1.74,1.95,0.6475628614425659,0.6449131369590759,0.9959081586649561,-0.004091841168701649,0.004091841168701649,-0.40918411687016487
Pythia_plus,275,MUR1.0_MUF1.0_PDF26444,pdf,10,1.95,2.18,0.6217986941337585,0.6212069392204285,0.9990483175360243,-0.0009516824502497911,0.0009516824502497911,-0.09516824502497911
Pythia_plus,275,MUR1.0_MUF1.0_PDF26444,pdf,11,2.18,2.5,0.6207728385925293,0.618876039981842,0.9969444561798357,-0.0030555438715964556,0.0030555438715964556,-0.30555438715964556
Pythia_plus,276,MUR1.0_MUF1.0_PDF26445,pdf,1,0.0,0.21,0.6547458171844482,0.6545718908309937,0.9997343604970208,-0.00026563950814306736,0.00026563950814306736,-0.026563950814306736
Pythia_plus,276,MUR1.0_MUF1.0_PDF26445,pdf,2,0.21,0.42,0.6447997093200684,0.6452632546424866,1.0007188981566184,0.0007188981398940086,0.0007188981398940086,0.07188981398940086
Pythia_plus,276,MUR1.0_MUF1.0_PDF26445,pdf,3,0.42,0.63,0.6357879638671875,0.6366322040557861,1.0013278643770849,0.0013278643600642681,0.0013278643600642681,0.1327864360064268
Pythia_plus,276,MUR1.0_MUF1.0_PDF26445,pdf,4,0.63,0.84,0.6187161207199097,0.6183733940124512,0.9994460679203578,-0.0005539320991374552,0.0005539320991374552,-0.05539320991374552
Pythia_plus,276,MUR1.0_MUF1.0_PDF26445,pdf,5,0.84,1.05,0.6409361958503723,0.6411938071250916,1.0004019296716071,0.0004019296611659229,0.0004019296611659229,0.04019296611659229
Pythia_plus,276,MUR1.0_MUF1.0_PDF26445,pdf,6,1.05,1.37,0.6362332105636597,0.6359080672264099,0.9994889557290452,-0.000511044287122786,0.000511044287122786,-0.051104428712278605
Pythia_plus,276,MUR1.0_MUF1.0_PDF26445,pdf,7,1.37,1.52,0.6330141425132751,0.6323148012161255,0.9988952201061843,-0.0011047798907384276,0.0011047798907384276,-0.11047798907384276
Pythia_plus,276,MUR1.0_MUF1.0_PDF26445,pdf,8,1.52,1.74,0.6609900593757629,0.6598854660987854,0.9983288806521224,-0.0016711193602532148,0.0016711193602532148,-0.16711193602532148
Pythia_plus,276,MUR1.0_MUF1.0_PDF26445,pdf,9,1.74,1.95,0.6475628614425659,0.6457762718200684,0.9972410560752085,-0.0027589439414441586,0.0027589439414441586,-0.27589439414441586
Pythia_plus,276,MUR1.0_MUF1.0_PDF26445,pdf,10,1.95,2.18,0.6217986941337585,0.6207440495491028,0.9983038809913793,-0.00169611896853894,0.00169611896853894,-0.169611896853894
Pythia_plus,276,MUR1.0_MUF1.0_PDF26445,pdf,11,2.18,2.5,0.6207728385925293,0.6183510422706604,0.9960987398750245,-0.003901260206475854,0.003901260206475854,-0.3901260206475854
Pythia_plus,277,MUR1.0_MUF1.0_PDF26446,pdf,1,0.0,0.21,0.6547458171844482,0.6548649668693542,1.0001819785354542,0.00018197853933088481,0.00018197853933088481,0.01819785393308848
Pythia_plus,277,MUR1.0_MUF1.0_PDF26446,pdf,2,0.21,0.42,0.6447997093200684,0.6453161239624023,1.0008008915557336,0.0008008915465325117,0.0008008915465325117,0.08008915465325117
Pythia_plus,277,MUR1.0_MUF1.0_PDF26446,pdf,3,0.42,0.63,0.6357879638671875,0.6365353465080261,1.0011755218458251,0.0011755218729376793,0.0011755218729376793,0.11755218729376793
Pythia_plus,277,MUR1.0_MUF1.0_PDF26446,pdf,4,0.63,0.84,0.6187161207199097,0.6187248826026917,1.000014161394036,1.4161393664835487e-05,1.4161393664835487e-05,0.0014161393664835487
Pythia_plus,277,MUR1.0_MUF1.0_PDF26446,pdf,5,0.84,1.05,0.6409361958503723,0.6416031122207642,1.0010405347282767,0.0010405346984043717,0.0010405346984043717,0.10405346984043717
Pythia_plus,277,MUR1.0_MUF1.0_PDF26446,pdf,6,1.05,1.37,0.6362332105636597,0.6361793279647827,0.9999153099869948,-8.469001477351412e-05,8.469001477351412e-05,-0.008469001477351412
Pythia_plus,277,MUR1.0_MUF1.0_PDF26446,pdf,7,1.37,1.52,0.6330141425132751,0.6329236030578613,0.999856970880533,-0.00014302911586128175,0.00014302911586128175,-0.014302911586128175
Pythia_plus,277,MUR1.0_MUF1.0_PDF26446,pdf,8,1.52,1.74,0.6609900593757629,0.6598792672157288,0.9983195024731791,-0.001680497545748949,0.001680497545748949,-0.1680497545748949
Pythia_plus,277,MUR1.0_MUF1.0_PDF26446,pdf,9,1.74,1.95,0.6475628614425659,0.6461842656135559,0.997871101153116,-0.0021288988646119833,0.0021288988646119833,-0.21288988646119833
Pythia_plus,277,MUR1.0_MUF1.0_PDF26446,pdf,10,1.95,2.18,0.6217986941337585,0.620464026927948,0.9978535381009928,-0.0021464619785547256,0.0021464619785547256,-0.21464619785547256
Pythia_plus,277,MUR1.0_MUF1.0_PDF26446,pdf,11,2.18,2.5,0.6207728385925293,0.6170077919960022,0.9939349044248399,-0.006065095774829388,0.006065095774829388,-0.6065095774829388
Pythia_plus,278,MUR1.0_MUF1.0_PDF26447,pdf,1,0.0,0.21,0.6547458171844482,0.6544548869132996,0.9995556592138308,-0.0004443407815415412,0.0004443407815415412,-0.04443407815415412
Pythia_plus,278,MUR1.0_MUF1.0_PDF26447,pdf,2,0.21,0.42,0.6447997093200684,0.6450866460800171,1.00044500137919,0.00044500138028524816,0.00044500138028524816,0.044500138028524816
Pythia_plus,278,MUR1.0_MUF1.0_PDF26447,pdf,3,0.42,0.63,0.6357879638671875,0.6363851428031921,1.00093927373581,0.0009392737410962582,0.0009392737410962582,0.09392737410962582
Pythia_plus,278,MUR1.0_MUF1.0_PDF26447,pdf,4,0.63,0.84,0.6187161207199097,0.6185004115104675,0.999651359965874,-0.00034864002373069525,0.00034864002373069525,-0.034864002373069525
Pythia_plus,278,MUR1.0_MUF1.0_PDF26447,pdf,5,0.84,1.05,0.6409361958503723,0.6410488486289978,1.0001757628596337,0.00017576286336407065,0.00017576286336407065,0.017576286336407065
Pythia_plus,278,MUR1.0_MUF1.0_PDF26447,pdf,6,1.05,1.37,0.6362332105636597,0.6359123587608337,0.9994957009513199,-0.0005042990669608116,0.0005042990669608116,-0.05042990669608116
Pythia_plus,278,MUR1.0_MUF1.0_PDF26447,pdf,7,1.37,1.52,0.6330141425132751,0.6326805949211121,0.9994730803472435,-0.0005269196699373424,0.0005269196699373424,-0.05269196699373424
Pythia_plus,278,MUR1.0_MUF1.0_PDF26447,pdf,8,1.52,1.74,0.6609900593757629,0.6606397032737732,0.9994699525401023,-0.0005300474585965276,0.0005300474585965276,-0.05300474585965276
Pythia_plus,278,MUR1.0_MUF1.0_PDF26447,pdf,9,1.74,1.95,0.6475628614425659,0.6462346315383911,0.9979488788143039,-0.002051121089607477,0.002051121089607477,-0.20511210896074772
Pythia_plus,278,MUR1.0_MUF1.0_PDF26447,pdf,10,1.95,2.18,0.6217986941337585,0.620681643486023,0.9982035172182344,-0.0017964828293770552,0.0017964828293770552,-0.17964828293770552
Pythia_plus,278,MUR1.0_MUF1.0_PDF26447,pdf,11,2.18,2.5,0.6207728385925293,0.6187360286712646,0.9967189126285185,-0.0032810873817652464,0.0032810873817652464,-0.32810873817652464
Pythia_plus,279,MUR1.0_MUF1.0_PDF26448,pdf,1,0.0,0.21,0.6547458171844482,0.6546515226364136,0.9998559829699407,-0.00014401703083422035,0.00014401703083422035,-0.014401703083422035
Pythia_plus,279,MUR1.0_MUF1.0_PDF26448,pdf,2,0.21,0.42,0.6447997093200684,0.6452614665031433,1.0007161249864114,0.0007161250105127692,0.0007161250105127692,0.07161250105127692
Pythia_plus,279,MUR1.0_MUF1.0_PDF26448,pdf,3,0.42,0.63,0.6357879638671875,0.6366592049598694,1.0013703327873378,0.0013703327858820558,0.0013703327858820558,0.13703327858820558
Pythia_plus,279,MUR1.0_MUF1.0_PDF26448,pdf,4,0.63,0.84,0.6187161207199097,0.6183610558509827,0.9994261263654908,-0.0005738736363127828,0.0005738736363127828,-0.057387363631278276
Pythia_plus,279,MUR1.0_MUF1.0_PDF26448,pdf,5,0.84,1.05,0.6409361958503723,0.6413654088973999,1.000669665794827,0.0006696658092550933,0.0006696658092550933,0.06696658092550933
Pythia_plus,279,MUR1.0_MUF1.0_PDF26448,pdf,6,1.05,1.37,0.6362332105636597,0.6360328793525696,0.999685129276869,-0.0003148707328364253,0.0003148707328364253,-0.03148707328364253
Pythia_plus,279,MUR1.0_MUF1.0_PDF26448,pdf,7,1.37,1.52,0.6330141425132751,0.6323713660240173,0.9989845779958315,-0.0010154220508411527,0.0010154220508411527,-0.10154220508411527
Pythia_plus,279,MUR1.0_MUF1.0_PDF26448,pdf,8,1.52,1.74,0.6609900593757629,0.65958571434021,0.9978753915953301,-0.0021246084943413734,0.0021246084943413734,-0.21246084943413734
Pythia_plus,279,MUR1.0_MUF1.0_PDF26448,pdf,9,1.74,1.95,0.6475628614425659,0.6459318399429321,0.9974812924014814,-0.0025187076535075903,0.0025187076535075903,-0.25187076535075903
Pythia_plus,279,MUR1.0_MUF1.0_PDF26448,pdf,10,1.95,2.18,0.6217986941337585,0.6209670901298523,0.9986625832254846,-0.0013374168192967772,0.0013374168192967772,-0.13374168192967772
Pythia_plus,279,MUR1.0_MUF1.0_PDF26448,pdf,11,2.18,2.5,0.6207728385925293,0.6179253458976746,0.9954129876215093,-0.004587012343108654,0.004587012343108654,-0.4587012343108654
Pythia_plus,280,MUR1.0_MUF1.0_PDF26449,pdf,1,0.0,0.21,0.6547458171844482,0.6545905470848083,0.9997628543847632,-0.00023714562121313065,0.00023714562121313065,-0.023714562121313065
Pythia_plus,280,MUR1.0_MUF1.0_PDF26449,pdf,2,0.21,0.42,0.6447997093200684,0.6455274820327759,1.0011286802741814,0.0011286803055554628,0.0011286803055554628,0.11286803055554628
Pythia_plus,280,MUR1.0_MUF1.0_PDF26449,pdf,3,0.42,0.63,0.6357879638671875,0.6369456052780151,1.0018207979336164,0.001820797915570438,0.001820797915570438,0.1820797915570438
Pythia_plus,280,MUR1.0_MUF1.0_PDF26449,pdf,4,0.63,0.84,0.6187161207199097,0.6181045174598694,0.9990114961618769,-0.0009885038016363978,0.0009885038016363978,-0.09885038016363978
Pythia_plus,280,MUR1.0_MUF1.0_PDF26449,pdf,5,0.84,1.05,0.6409361958503723,0.6410349011421204,1.0001540017436792,0.0001540017401566729,0.0001540017401566729,0.01540017401566729
Pythia_plus,280,MUR1.0_MUF1.0_PDF26449,pdf,6,1.05,1.37,0.6362332105636597,0.6356090903282166,0.9990190385772377,-0.0009809613693505526,0.0009809613693505526,-0.09809613693505526
Pythia_plus,280,MUR1.0_MUF1.0_PDF26449,pdf,7,1.37,1.52,0.6330141425132751,0.6311482191085815,0.9970523195622687,-0.0029476804193109274,0.0029476804193109274,-0.29476804193109274
Pythia_plus,280,MUR1.0_MUF1.0_PDF26449,pdf,8,1.52,1.74,0.6609900593757629,0.6588442921638489,0.9967537072888198,-0.003246292704716325,0.003246292704716325,-0.3246292704716325
Pythia_plus,280,MUR1.0_MUF1.0_PDF26449,pdf,9,1.74,1.95,0.6475628614425659,0.6442635655403137,0.9949050569470547,-0.005094943102449179,0.005094943102449179,-0.5094943102449179
Pythia_plus,280,MUR1.0_MUF1.0_PDF26449,pdf,10,1.95,2.18,0.6217986941337585,0.6200421452522278,0.9971750521541737,-0.002824947936460376,0.002824947936460376,-0.2824947936460376
Pythia_plus,280,MUR1.0_MUF1.0_PDF26449,pdf,11,2.18,2.5,0.6207728385925293,0.6186479330062866,0.9965769997426749,-0.00342300022020936,0.00342300022020936,-0.342300022020936
Pythia_plus,282,MUR1.0_MUF1.0_PDF26450,pdf,1,0.0,0.21,0.6547458171844482,0.6544854044914246,0.9996022690238121,-0.00039773096796125174,0.00039773096796125174,-0.039773096796125174
Pythia_plus,282,MUR1.0_MUF1.0_PDF26450,pdf,2,0.21,0.42,0.6447997093200684,0.6448208093643188,1.0000327234084407,3.272340836701915e-05,3.272340836701915e-05,0.0032723408367019147
Pythia_plus,282,MUR1.0_MUF1.0_PDF26450,pdf,3,0.42,0.63,0.6357879638671875,0.6361566781997681,1.0005799328605371,0.000579932879190892,0.000579932879190892,0.0579932879190892
Pythia_plus,282,MUR1.0_MUF1.0_PDF26450,pdf,4,0.63,0.84,0.6187161207199097,0.6185185313224792,0.9996806461140846,-0.00031935388687998056,0.00031935388687998056,-0.031935388687998056
Pythia_plus,282,MUR1.0_MUF1.0_PDF26450,pdf,5,0.84,1.05,0.6409361958503723,0.6410748362541199,1.0002163092124383,0.0002163092140108347,0.0002163092140108347,0.02163092140108347
Pythia_plus,282,MUR1.0_MUF1.0_PDF26450,pdf,6,1.05,1.37,0.6362332105636597,0.6360886096954346,0.9997727234827981,-0.00022727651230525225,0.00022727651230525225,-0.022727651230525225
Pythia_plus,282,MUR1.0_MUF1.0_PDF26450,pdf,7,1.37,1.52,0.6330141425132751,0.6338319778442383,1.0012919700778187,0.0012919700238853693,0.0012919700238853693,0.12919700238853693
Pythia_plus,282,MUR1.0_MUF1.0_PDF26450,pdf,8,1.52,1.74,0.6609900593757629,0.6622642874717712,1.0019277568216558,0.0019277568208053708,0.0019277568208053708,0.19277568208053708
Pythia_plus,282,MUR1.0_MUF1.0_PDF26450,pdf,9,1.74,1.95,0.6475628614425659,0.6510971188545227,1.00545778274573,0.005457782652229071,0.005457782652229071,0.5457782652229071
Pythia_plus,282,MUR1.0_MUF1.0_PDF26450,pdf,10,1.95,2.18,0.6217986941337585,0.6222631931304932,1.000747024722176,0.0007470247219316661,0.0007470247219316661,0.07470247219316661
Pythia_plus,282,MUR1.0_MUF1.0_PDF26450,pdf,11,2.18,2.5,0.6207728385925293,0.6193928122520447,0.9977769221610702,-0.002223077928647399,0.002223077928647399,-0.2223077928647399
Pythia_plus,283,MUR1.0_MUF1.0_PDF26451,pdf,1,0.0,0.21,0.6547458171844482,0.6546684503555298,0.9998818368489146,-0.00011816315236501396,0.00011816315236501396,-0.011816315236501396
Pythia_plus,283,MUR1.0_MUF1.0_PDF26451,pdf,2,0.21,0.42,0.6447997093200684,0.6452890634536743,1.0007589242466035,0.0007589242304675281,0.0007589242304675281,0.07589242304675281
Pythia_plus,283,MUR1.0_MUF1.0_PDF26451,pdf,3,0.42,0.63,0.6357879638671875,0.6366027593612671,1.001281552247582,0.0012815522495657206,0.0012815522495657206,0.12815522495657206
Pythia_plus,283,MUR1.0_MUF1.0_PDF26451,pdf,4,0.63,0.84,0.6187161207199097,0.618483304977417,0.9996237115298987,-0.00037628845893777907,0.00037628845893777907,-0.03762884589377791
Pythia_plus,283,MUR1.0_MUF1.0_PDF26451,pdf,5,0.84,1.05,0.6409361958503723,0.6413023471832275,1.000571275791921,0.0005712757701985538,0.0005712757701985538,0.05712757701985538
Pythia_plus,283,MUR1.0_MUF1.0_PDF26451,pdf,6,1.05,1.37,0.6362332105636597,0.6359773874282837,0.9995979098055109,-0.0004020901978947222,0.0004020901978947222,-0.04020901978947222
Pythia_plus,283,MUR1.0_MUF1.0_PDF26451,pdf,7,1.37,1.52,0.6330141425132751,0.6324933767318726,0.999177323622921,-0.0008226764039136469,0.0008226764039136469,-0.0822676403913647
Pythia_plus,283,MUR1.0_MUF1.0_PDF26451,pdf,8,1.52,1.74,0.6609900593757629,0.6598963737487793,0.998345382640071,-0.001654617371968925,0.001654617371968925,-0.1654617371968925
Pythia_plus,283,MUR1.0_MUF1.0_PDF26451,pdf,9,1.74,1.95,0.6475628614425659,0.6458893418312073,0.9974156646234613,-0.002584335394203663,0.002584335394203663,-0.2584335394203663
Pythia_plus,283,MUR1.0_MUF1.0_PDF26451,pdf,10,1.95,2.18,0.6217986941337585,0.6206489205360413,0.9981508909417717,-0.001849109074100852,0.001849109074100852,-0.1849109074100852
Pythia_plus,283,MUR1.0_MUF1.0_PDF26451,pdf,11,2.18,2.5,0.6207728385925293,0.6180095076560974,0.9955485633960771,-0.004451436456292868,0.004451436456292868,-0.44514364562928677
Pythia_plus,284,MUR1.0_MUF1.0_PDF26452,pdf,1,0.0,0.21,0.6547458171844482,0.6546688079833984,0.9998823830576253,-0.00011761693895095959,0.00011761693895095959,-0.01176169389509596
Pythia_plus,284,MUR1.0_MUF1.0_PDF26452,pdf,2,0.21,0.42,0.6447997093200684,0.6452897787094116,1.0007600335146862,0.000760033493861556,0.000760033493861556,0.0760033493861556
Pythia_plus,284,MUR1.0_MUF1.0_PDF26452,pdf,3,0.42,0.63,0.6357879638671875,0.6366027593612671,1.001281552247582,0.0012815522495657206,0.0012815522495657206,0.12815522495657206
Pythia_plus,284,MUR1.0_MUF1.0_PDF26452,pdf,4,0.63,0.84,0.6187161207199097,0.6184839606285095,0.9996247712260511,-0.0003752287884708494,0.0003752287884708494,-0.03752287884708494
Pythia_plus,284,MUR1.0_MUF1.0_PDF26452,pdf,5,0.84,1.05,0.6409361958503723,0.641301155090332,1.0005694158674805,0.0005694158608093858,0.0005694158608093858,0.05694158608093858
Pythia_plus,284,MUR1.0_MUF1.0_PDF26452,pdf,6,1.05,1.37,0.6362332105636597,0.6359767317771912,0.9995968792854412,-0.00040312070632353425,0.00040312070632353425,-0.040312070632353425
Pythia_plus,284,MUR1.0_MUF1.0_PDF26452,pdf,7,1.37,1.52,0.6330141425132751,0.6324928998947144,0.9991765703425025,-0.0008234296692535281,0.0008234296692535281,-0.08234296692535281
Pythia_plus,284,MUR1.0_MUF1.0_PDF26452,pdf,8,1.52,1.74,0.6609900593757629,0.6598966717720032,0.9983458335140587,-0.0016541664954274893,0.0016541664954274893,-0.16541664954274893
Pythia_plus,284,MUR1.0_MUF1.0_PDF26452,pdf,9,1.74,1.95,0.6475628614425659,0.6458897590637207,0.9974163089354475,-0.0025836911518126726,0.0025836911518126726,-0.25836911518126726
Pythia_plus,284,MUR1.0_MUF1.0_PDF26452,pdf,10,1.95,2.18,0.6217986941337585,0.6206492781639099,0.9981514660923341,-0.0018485338659957051,0.0018485338659957051,-0.1848533865995705
Pythia_plus,284,MUR1.0_MUF1.0_PDF26452,pdf,11,2.18,2.5,0.6207728385925293,0.6180098056793213,0.9955490434802647,-0.004450956359505653,0.004450956359505653,-0.44509563595056534
Pythia_plus,285,MUR1.0_MUF1.0_PDF26453,pdf,1,0.0,0.21,0.6547458171844482,0.6546691656112671,0.9998829292663362,-0.00011707073281286284,0.00011707073281286284,-0.011707073281286284
Pythia_plus,285,MUR1.0_MUF1.0_PDF26453,pdf,2,0.21,0.42,0.6447997093200684,0.6452893614768982,1.000759386441638,0.000759386457502842,0.000759386457502842,0.0759386457502842
Pythia_plus,285,MUR1.0_MUF1.0_PDF26453,pdf,3,0.42,0.63,0.6357879638671875,0.6366034150123596,1.0012825834893322,0.0012825834564864635,0.0012825834564864635,0.12825834564864635
Pythia_plus,285,MUR1.0_MUF1.0_PDF26453,pdf,4,0.63,0.84,0.6187161207199097,0.6184841394424438,0.9996250602340927,-0.00037493975833058357,0.00037493975833058357,-0.03749397583305836
Pythia_plus,285,MUR1.0_MUF1.0_PDF26453,pdf,5,0.84,1.05,0.6409361958503723,0.6413012742996216,1.0005696018599244,0.0005696018342860043,0.0005696018342860043,0.05696018342860043
Pythia_plus,285,MUR1.0_MUF1.0_PDF26453,pdf,6,1.05,1.37,0.6362332105636597,0.6359764337539673,0.9995964108672276,-0.0004035891324747354,0.0004035891324747354,-0.04035891324747354
Pythia_plus,285,MUR1.0_MUF1.0_PDF26453,pdf,7,1.37,1.52,0.6330141425132751,0.6324930787086487,0.9991768528226594,-0.0008231471874751151,0.0008231471874751151,-0.0823147187475115
Pythia_plus,285,MUR1.0_MUF1.0_PDF26453,pdf,8,1.52,1.74,0.6609900593757629,0.6598968505859375,0.9983461040384513,-0.0016538959462195635,0.0016538959462195635,-0.16538959462195635
Pythia_plus,285,MUR1.0_MUF1.0_PDF26453,pdf,9,1.74,1.95,0.6475628614425659,0.6458899974822998,0.9974166771137253,-0.002583322813734412,0.002583322813734412,-0.2583322813734412
Pythia_plus,285,MUR1.0_MUF1.0_PDF26453,pdf,10,1.95,2.18,0.6217986941337585,0.6206493973731995,0.9981516578091882,-0.001848342246375978,0.001848342246375978,-0.1848342246375978
Pythia_plus,285,MUR1.0_MUF1.0_PDF26453,pdf,11,2.18,2.5,0.6207728385925293,0.6180099248886108,0.9955492355139397,-0.004450764507055283,0.004450764507055283,-0.44507645070552826
Pythia_plus,286,MUR1.0_MUF1.0_PDF26454,pdf,1,0.0,0.21,0.6547458171844482,0.6546682715415955,0.9998815637445593,-0.00011843625543406233,0.00011843625543406233,-0.011843625543406233
Pythia_plus,286,MUR1.0_MUF1.0_PDF26454,pdf,2,0.21,0.42,0.6447997093200684,0.6452890634536743,1.0007589242466035,0.0007589242304675281,0.0007589242304675281,0.07589242304675281
Pythia_plus,286,MUR1.0_MUF1.0_PDF26454,pdf,3,0.42,0.63,0.6357879638671875,0.6366026401519775,1.001281364749082,0.0012813647044822574,0.0012813647044822574,0.12813647044822574
Pythia_plus,286,MUR1.0_MUF1.0_PDF26454,pdf,4,0.63,0.84,0.6187161207199097,0.6184832453727722,0.9996236151938849,-0.00037638479261659086,0.00037638479261659086,-0.037638479261659086
Pythia_plus,286,MUR1.0_MUF1.0_PDF26454,pdf,5,0.84,1.05,0.6409361958503723,0.6413019895553589,1.0005707178145888,0.0005707177915610373,0.0005707177915610373,0.05707177915610373
Pythia_plus,286,MUR1.0_MUF1.0_PDF26454,pdf,6,1.05,1.37,0.6362332105636597,0.6359776258468628,0.9995982845400817,-0.0004017154569737613,0.0004017154569737613,-0.04017154569737613
Pythia_plus,286,MUR1.0_MUF1.0_PDF26454,pdf,7,1.37,1.52,0.6330141425132751,0.6324933767318726,0.999177323622921,-0.0008226764039136469,0.0008226764039136469,-0.0822676403913647
Pythia_plus,286,MUR1.0_MUF1.0_PDF26454,pdf,8,1.52,1.74,0.6609900593757629,0.6598963141441345,0.9983452924652735,-0.001654707477428019,0.001654707477428019,-0.1654707477428019
Pythia_plus,286,MUR1.0_MUF1.0_PDF26454,pdf,9,1.74,1.95,0.6475628614425659,0.6458892226219177,0.9974154805343224,-0.002584519563242793,0.002584519563242793,-0.2584519563242793
Pythia_plus,286,MUR1.0_MUF1.0_PDF26454,pdf,10,1.95,2.18,0.6217986941337585,0.6206488013267517,0.9981506992249175,-0.001849300810135901,0.001849300810135901,-0.1849300810135901
Pythia_plus,286,MUR1.0_MUF1.0_PDF26454,pdf,11,2.18,2.5,0.6207728385925293,0.6180095076560974,0.9955485633960771,-0.004451436456292868,0.004451436456292868,-0.44514364562928677
Pythia_plus,287,MUR1.0_MUF1.0_PDF26455,pdf,1,0.0,0.21,0.6547458171844482,0.6546692252159119,0.9998830203011212,-0.00011697969603119418,0.00011697969603119418,-0.011697969603119418
Pythia_plus,287,MUR1.0_MUF1.0_PDF26455,pdf,2,0.21,0.42,0.6447997093200684,0.64528888463974,1.0007586469295828,0.0007586469291709363,0.0007586469291709363,0.07586469291709363
Pythia_plus,287,MUR1.0_MUF1.0_PDF26455,pdf,3,0.42,0.63,0.6357879638671875,0.6366056799888611,1.0012861459608322,0.0012861459981650114,0.0012861459981650114,0.12861459981650114
Pythia_plus,287,MUR1.0_MUF1.0_PDF26455,pdf,4,0.63,0.84,0.6187161207199097,0.6184843182563782,0.9996253492421342,-0.0003746507572941482,0.0003746507572941482,-0.03746507572941482
Pythia_plus,287,MUR1.0_MUF1.0_PDF26455,pdf,5,0.84,1.05,0.6409361958503723,0.6413024067878723,1.000571368788143,0.0005713687860406935,0.0005713687860406935,0.05713687860406935
Pythia_plus,287,MUR1.0_MUF1.0_PDF26455,pdf,6,1.05,1.37,0.6362332105636597,0.635978102684021,0.9995990340092233,-0.00040096600423566997,0.00040096600423566997,-0.040096600423567
Pythia_plus,287,MUR1.0_MUF1.0_PDF26455,pdf,7,1.37,1.52,0.6330141425132751,0.6324924826622009,0.9991759112221362,-0.0008240887545980513,0.0008240887545980513,-0.08240887545980513
Pythia_plus,287,MUR1.0_MUF1.0_PDF26455,pdf,8,1.52,1.74,0.6609900593757629,0.6598965525627136,0.9983456531644636,-0.0016543468227609992,0.0016543468227609992,-0.16543468227609992
Pythia_plus,287,MUR1.0_MUF1.0_PDF26455,pdf,9,1.74,1.95,0.6475628614425659,0.6458882093429565,0.9974139157766417,-0.002586084185168147,0.002586084185168147,-0.2586084185168147
Pythia_plus,287,MUR1.0_MUF1.0_PDF26455,pdf,10,1.95,2.18,0.6217986941337585,0.620648205280304,0.9981497406406468,-0.001850259373895824,0.001850259373895824,-0.1850259373895824
Pythia_plus,287,MUR1.0_MUF1.0_PDF26455,pdf,11,2.18,2.5,0.6207728385925293,0.6180092692375183,0.9955481793287271,-0.0044518206268548965,0.0044518206268548965,-0.44518206268548965
Pythia_plus,288,MUR1.0_MUF1.0_PDF26456,pdf,1,0.0,0.21,0.6547458171844482,0.6546695232391357,0.9998834754750469,-0.0001165245266747661,0.0001165245266747661,-0.01165245266747661
Pythia_plus,288,MUR1.0_MUF1.0_PDF26456,pdf,2,0.21,0.42,0.6447997093200684,0.6452890634536743,1.0007589242466035,0.0007589242304675281,0.0007589242304675281,0.07589242304675281
Pythia_plus,288,MUR1.0_MUF1.0_PDF26456,pdf,3,0.42,0.63,0.6357879638671875,0.6366022825241089,1.001280802253582,0.0012808023020625114,0.0012808023020625114,0.12808023020625114
Pythia_plus,288,MUR1.0_MUF1.0_PDF26456,pdf,4,0.63,0.84,0.6187161207199097,0.6184837222099304,0.9996243858819958,-0.00037561412318609655,0.00037561412318609655,-0.037561412318609655
Pythia_plus,288,MUR1.0_MUF1.0_PDF26456,pdf,5,0.84,1.05,0.6409361958503723,0.6413022875785828,1.000571182795699,0.000571182812564075,0.000571182812564075,0.0571182812564075
Pythia_plus,288,MUR1.0_MUF1.0_PDF26456,pdf,6,1.05,1.37,0.6362332105636597,0.6359757781028748,0.9995953803471579,-0.0004046196409035474,0.0004046196409035474,-0.04046196409035474
Pythia_plus,288,MUR1.0_MUF1.0_PDF26456,pdf,7,1.37,1.52,0.6330141425132751,0.6324945688247681,0.9991792068239673,-0.0008207931532524526,0.0008207931532524526,-0.08207931532524526
Pythia_plus,288,MUR1.0_MUF1.0_PDF26456,pdf,8,1.52,1.74,0.6609900593757629,0.6598951816558838,0.9983435791441203,-0.0016564208781346679,0.0016564208781346679,-0.1656420878134668
Pythia_plus,288,MUR1.0_MUF1.0_PDF26456,pdf,9,1.74,1.95,0.6475628614425659,0.6458908319473267,0.9974179657376977,-0.0025820343289524317,0.0025820343289524317,-0.25820343289524317
Pythia_plus,288,MUR1.0_MUF1.0_PDF26456,pdf,10,1.95,2.18,0.6217986941337585,0.6206498742103577,0.9981524246766048,-0.0018475753022357821,0.0018475753022357821,-0.18475753022357821
Pythia_plus,288,MUR1.0_MUF1.0_PDF26456,pdf,11,2.18,2.5,0.6207728385925293,0.6180102229118347,0.9955497155981273,-0.004450284410268068,0.004450284410268068,-0.44502844102680683
Pythia_plus,289,MUR1.0_MUF1.0_PDF26457,pdf,1,0.0,0.21,0.6547458171844482,0.6546686887741089,0.9998822009880551,-0.00011779901251429692,0.00011779901251429692,-0.011779901251429692
Pythia_plus,289,MUR1.0_MUF1.0_PDF26457,pdf,2,0.21,0.42,0.6447997093200684,0.6452898383140564,1.0007601259536931,0.0007601259276270866,0.0007601259276270866,0.07601259276270866
Pythia_plus,289,MUR1.0_MUF1.0_PDF26457,pdf,3,0.42,0.63,0.6357879638671875,0.6366031765937805,1.001282208492332,0.001282208482734859,0.001282208482734859,0.1282208482734859
Pythia_plus,289,MUR1.0_MUF1.0_PDF26457,pdf,4,0.63,0.84,0.6187161207199097,0.6184837818145752,0.9996244822180096,-0.00037551778950728476,0.00037551778950728476,-0.037551778950728476
Pythia_plus,289,MUR1.0_MUF1.0_PDF26457,pdf,5,0.84,1.05,0.6409361958503723,0.641301155090332,1.0005694158674805,0.0005694158608093858,0.0005694158608093858,0.05694158608093858
Pythia_plus,289,MUR1.0_MUF1.0_PDF26457,pdf,6,1.05,1.37,0.6362332105636597,0.6359765529632568,0.999596598234513,-0.00040340176201425493,0.00040340176201425493,-0.04034017620142549
Pythia_plus,289,MUR1.0_MUF1.0_PDF26457,pdf,7,1.37,1.52,0.6330141425132751,0.6324928998947144,0.9991765703425025,-0.0008234296692535281,0.0008234296692535281,-0.08234296692535281
Pythia_plus,289,MUR1.0_MUF1.0_PDF26457,pdf,8,1.52,1.74,0.6609900593757629,0.6598971486091614,0.998346554912439,-0.0016534450696781278,0.0016534450696781278,-0.16534450696781278
Pythia_plus,289,MUR1.0_MUF1.0_PDF26457,pdf,9,1.74,1.95,0.6475628614425659,0.6458898186683655,0.9974164009800169,-0.0025835989508777857,0.0025835989508777857,-0.25835989508777857
Pythia_plus,289,MUR1.0_MUF1.0_PDF26457,pdf,10,1.95,2.18,0.6217986941337585,0.6206494569778442,0.9981517536676153,-0.0018482463201507926,0.0018482463201507926,-0.18482463201507926
Pythia_plus,289,MUR1.0_MUF1.0_PDF26457,pdf,11,2.18,2.5,0.6207728385925293,0.6180099844932556,0.9955493315307772,-0.004450668580830097,0.004450668580830097,-0.4450668580830097
Pythia_plus,290,MUR1.0_MUF1.0_PDF26458,pdf,1,0.0,0.21,0.6547458171844482,0.6546684503555298,0.9998818368489146,-0.00011816315236501396,0.00011816315236501396,-0.011816315236501396
Pythia_plus,290,MUR1.0_MUF1.0_PDF26458,pdf,2,0.21,0.42,0.6447997093200684,0.6452890634536743,1.0007589242466035,0.0007589242304675281,0.0007589242304675281,0.07589242304675281
Pythia_plus,290,MUR1.0_MUF1.0_PDF26458,pdf,3,0.42,0.63,0.6357879638671875,0.6366027593612671,1.001281552247582,0.0012815522495657206,0.0012815522495657206,0.12815522495657206
Pythia_plus,290,MUR1.0_MUF1.0_PDF26458,pdf,4,0.63,0.84,0.6187161207199097,0.6184835433959961,0.9996240968739541,-0.0003759031242225319,0.0003759031242225319,-0.03759031242225319
Pythia_plus,290,MUR1.0_MUF1.0_PDF26458,pdf,5,0.84,1.05,0.6409361958503723,0.6413020491600037,1.000570810810811,0.000570810807403177,0.000570810807403177,0.0570810807403177
Pythia_plus,290,MUR1.0_MUF1.0_PDF26458,pdf,6,1.05,1.37,0.6362332105636597,0.6359774470329285,0.9995980034891536,-0.000401996512664482,0.000401996512664482,-0.0401996512664482
Pythia_plus,290,MUR1.0_MUF1.0_PDF26458,pdf,7,1.37,1.52,0.6330141425132751,0.6324933767318726,0.999177323622921,-0.0008226764039136469,0.0008226764039136469,-0.0822676403913647
Pythia_plus,290,MUR1.0_MUF1.0_PDF26458,pdf,8,1.52,1.74,0.6609900593757629,0.6598964333534241,0.9983454728148685,-0.0016545271500945091,0.0016545271500945091,-0.1654527150094509
Pythia_plus,290,MUR1.0_MUF1.0_PDF26458,pdf,9,1.74,1.95,0.6475628614425659,0.645889401435852,0.9974157566680307,-0.0025842434260994196,0.0025842434260994196,-0.25842434260994196
Pythia_plus,290,MUR1.0_MUF1.0_PDF26458,pdf,10,1.95,2.18,0.6217986941337585,0.6206486821174622,0.9981505075080633,-0.00184949254617095,0.00184949254617095,-0.184949254617095
Pythia_plus,290,MUR1.0_MUF1.0_PDF26458,pdf,11,2.18,2.5,0.6207728385925293,0.618009626865387,0.9955487554297522,-0.004451244603842497,0.004451244603842497,-0.4451244603842497
Pythia_plus,291,MUR1.0_MUF1.0_PDF26459,pdf,1,0.0,0.21,0.6547458171844482,0.6546688079833984,0.9998823830576253,-0.00011761693895095959,0.00011761693895095959,-0.01176169389509596
Pythia_plus,291,MUR1.0_MUF1.0_PDF26459,pdf,2,0.21,0.42,0.6447997093200684,0.6452881097793579,1.0007574452224932,0.0007574452320113778,0.0007574452320113778,0.07574452320113778
Pythia_plus,291,MUR1.0_MUF1.0_PDF26459,pdf,3,0.42,0.63,0.6357879638671875,0.6366023421287537,1.0012808960028319,0.0012808960163965821,0.0012808960163965821,0.1280896016396582
Pythia_plus,291,MUR1.0_MUF1.0_PDF26459,pdf,4,0.63,0.84,0.6187161207199097,0.6184833645820618,0.9996238078659127,-0.0003761921252589673,0.0003761921252589673,-0.03761921252589673
Pythia_plus,291,MUR1.0_MUF1.0_PDF26459,pdf,5,0.84,1.05,0.6409361958503723,0.6413017511367798,1.0005703458297006,0.0005703458446078002,0.0005703458446078002,0.057034584460780025
Pythia_plus,291,MUR1.0_MUF1.0_PDF26459,pdf,6,1.05,1.37,0.6362332105636597,0.6359776854515076,0.9995983782237244,-0.0004016217717435211,0.0004016217717435211,-0.04016217717435211
Pythia_plus,291,MUR1.0_MUF1.0_PDF26459,pdf,7,1.37,1.52,0.6330141425132751,0.6324943900108337,0.9991789243438104,-0.0008210756350308657,0.0008210756350308657,-0.08210756350308657
Pythia_plus,291,MUR1.0_MUF1.0_PDF26459,pdf,8,1.52,1.74,0.6609900593757629,0.6598972082138062,0.9983466450872365,-0.0016533549642190337,0.0016533549642190337,-0.16533549642190337
Pythia_plus,291,MUR1.0_MUF1.0_PDF26459,pdf,9,1.74,1.95,0.6475628614425659,0.6458900570869446,0.9974167691582948,-0.002583230845630169,0.002583230845630169,-0.2583230845630169
Pythia_plus,291,MUR1.0_MUF1.0_PDF26459,pdf,10,1.95,2.18,0.6217986941337585,0.6206477880477905,0.9981490696316573,-0.0018509303918108344,0.0018509303918108344,-0.18509303918108344
Pythia_plus,291,MUR1.0_MUF1.0_PDF26459,pdf,11,2.18,2.5,0.6207728385925293,0.6180087327957153,0.9955473151771894,-0.00445268489420414,0.00445268489420414,-0.44526848942041397
Pythia_plus,292,Var3cUp,model,1,0.0,0.21,0.6547458171844482,0.6539446115493774,0.9987763104184214,-0.0012236895272508264,0.0012236895272508264,-0.12236895272508264
Pythia_plus,292,Var3cUp,model,2,0.21,0.42,0.6447997093200684,0.6438509225845337,0.9985285558882538,-0.0014714441495016217,0.0014714441495016217,-0.14714441495016217
Pythia_plus,292,Var3cUp,model,3,0.42,0.63,0.6357879638671875,0.631197988986969,0.992780651504788,-0.007219348568469286,0.007219348568469286,-0.7219348568469286
Pythia_plus,292,Var3cUp,model,4,0.63,0.84,0.6187161207199097,0.6165681481361389,0.9965283390688585,-0.0034716608934104443,0.0034716608934104443,-0.3471660893410444
Pythia_plus,292,Var3cUp,model,5,0.84,1.05,0.6409361958503723,0.637305736541748,0.9943356931124673,-0.005664306692779064,0.005664306692779064,-0.5664306692779064
Pythia_plus,292,Var3cUp,model,6,1.05,1.37,0.6362332105636597,0.6334249973297119,0.9955861888576047,-0.004413811024278402,0.004413811024278402,-0.44138110242784023
Pythia_plus,292,Var3cUp,model,7,1.37,1.52,0.6330141425132751,0.6284936666488647,0.9928588074723534,-0.007141192443668842,0.007141192443668842,-0.7141192443668842
Pythia_plus,292,Var3cUp,model,8,1.52,1.74,0.6609900593757629,0.6624409556388855,1.002195034921543,0.0021950348746031523,0.0021950348746031523,0.21950348746031523
Pythia_plus,292,Var3cUp,model,9,1.74,1.95,0.6475628614425659,0.6504172682762146,1.0044079223865463,0.004407922271639109,0.004407922271639109,0.44079222716391087
Pythia_plus,292,Var3cUp,model,10,1.95,2.18,0.6217986941337585,0.6168136596679688,0.9919828804517923,-0.008017119951546192,0.008017119951546192,-0.8017119951546192
Pythia_plus,292,Var3cUp,model,11,2.18,2.5,0.6207728385925293,0.627160906791687,1.0102905085435783,0.010290508158504963,0.010290508158504963,1.0290508158504963
Pythia_plus,293,Var3cDown,model,1,0.0,0.21,0.6547458171844482,0.6559337973594666,1.0018144143022203,0.001814414281398058,0.001814414281398058,0.1814414281398058
Pythia_plus,293,Var3cDown,model,2,0.21,0.42,0.6447997093200684,0.645607590675354,1.0012529182994476,0.0012529182713478804,0.0012529182713478804,0.12529182713478804
Pythia_plus,293,Var3cDown,model,3,0.42,0.63,0.6357879638671875,0.63932204246521,1.0055585805313558,0.0055585806258022785,0.0055585806258022785,0.5558580625802279
Pythia_plus,293,Var3cDown,model,4,0.63,0.84,0.6187161207199097,0.6201430559158325,1.0023062841715884,0.002306284150108695,0.002306284150108695,0.2306284150108695
Pythia_plus,293,Var3cDown,model,5,0.84,1.05,0.6409361958503723,0.6435486078262329,1.0040759314152863,0.0040759313851594925,0.0040759313851594925,0.40759313851594925
Pythia_plus,293,Var3cDown,model,6,1.05,1.37,0.6362332105636597,0.6388017535209656,1.004037109215079,0.004037109203636646,0.004037109203636646,0.4037109203636646
Pythia_plus,293,Var3cDown,model,7,1.37,1.52,0.6330141425132751,0.6376404166221619,1.0073083266205063,0.0073083266615867615,0.0073083266615867615,0.7308326661586761
Pythia_plus,293,Var3cDown,model,8,1.52,1.74,0.6609900593757629,0.6601032614707947,0.9986583793623073,-0.0013416206929832697,0.0013416206929832697,-0.13416206929832697
Pythia_plus,293,Var3cDown,model,9,1.74,1.95,0.6475628614425659,0.6454980373382568,0.9968113920250008,-0.003188607981428504,0.003188607981428504,-0.3188607981428504
Pythia_plus,293,Var3cDown,model,10,1.95,2.18,0.6217986941337585,0.6260033845901489,1.0067621410209746,0.006762140896171331,0.006762140896171331,0.6762140896171331
Pythia_plus,293,Var3cDown,model,11,2.18,2.5,0.6207728385925293,0.6149686574935913,0.9906500723966954,-0.009349927306175232,0.009349927306175232,-0.9349927306175232
Pythia_plus,294,isr_muRfac_2.0_fsr_muRfac_2.0,shower,1,0.0,0.21,0.6547458171844482,0.6518574357032776,0.9955885453478858,-0.004411454778164625,0.004411454778164625,-0.4411454778164625
Pythia_plus,294,isr_muRfac_2.0_fsr_muRfac_2.0,shower,2,0.21,0.42,0.6447997093200684,0.6415985822677612,0.9950354706957255,-0.004964529536664486,0.004964529536664486,-0.4964529536664486
Pythia_plus,294,isr_muRfac_2.0_fsr_muRfac_2.0,shower,3,0.42,0.63,0.6357879638671875,0.6419199705123901,1.0096447353421172,0.009644735604524612,0.009644735604524612,0.9644735604524612
Pythia_plus,294,isr_muRfac_2.0_fsr_muRfac_2.0,shower,4,0.63,0.84,0.6187161207199097,0.6197845339775085,1.0017268230482756,0.0017268230440095067,0.0017268230440095067,0.17268230440095067
Pythia_plus,294,isr_muRfac_2.0_fsr_muRfac_2.0,shower,5,0.84,1.05,0.6409361958503723,0.6454826593399048,1.0070934728276664,0.007093472871929407,0.007093472871929407,0.7093472871929407
Pythia_plus,294,isr_muRfac_2.0_fsr_muRfac_2.0,shower,6,1.05,1.37,0.6362332105636597,0.6399365663528442,1.0058207520885363,0.0058207521215081215,0.0058207521215081215,0.5820752121508121
Pythia_plus,294,isr_muRfac_2.0_fsr_muRfac_2.0,shower,7,1.37,1.52,0.6330141425132751,0.6327735781669617,0.9996199700288554,-0.0003800299600698054,0.0003800299600698054,-0.03800299600698054
Pythia_plus,294,isr_muRfac_2.0_fsr_muRfac_2.0,shower,8,1.52,1.74,0.6609900593757629,0.66246098279953,1.002225333653514,0.0022253335919231176,0.0022253335919231176,0.22253335919231176
Pythia_plus,294,isr_muRfac_2.0_fsr_muRfac_2.0,shower,9,1.74,1.95,0.6475628614425659,0.6595442891120911,1.0185023391286434,0.018502339720726013,0.018502339720726013,1.8502339720726013
Pythia_plus,294,isr_muRfac_2.0_fsr_muRfac_2.0,shower,10,1.95,2.18,0.6217986941337585,0.6377904415130615,1.025718528408268,0.025718528777360916,0.025718528777360916,2.5718528777360916
Pythia_plus,294,isr_muRfac_2.0_fsr_muRfac_2.0,shower,11,2.18,2.5,0.6207728385925293,0.6069529056549072,0.9777375360543225,-0.022262463346123695,0.022262463346123695,-2.2262463346123695
Pythia_plus,295,isr_muRfac_2.0_fsr_muRfac_1.0,shower,1,0.0,0.21,0.6547458171844482,0.6559705138206482,1.001870491729854,0.001870491774752736,0.001870491774752736,0.1870491774752736
Pythia_plus,295,isr_muRfac_2.0_fsr_muRfac_1.0,shower,2,0.21,0.42,0.6447997093200684,0.6456261873245239,1.0012817592695988,0.0012817592360079288,0.0012817592360079288,0.12817592360079288
Pythia_plus,295,isr_muRfac_2.0_fsr_muRfac_1.0,shower,3,0.42,0.63,0.6357879638671875,0.6394082307815552,1.0056941419468644,0.005694142077118158,0.005694142077118158,0.5694142077118158
Pythia_plus,295,isr_muRfac_2.0_fsr_muRfac_1.0,shower,4,0.63,0.84,0.6187161207199097,0.6201742887496948,1.0023567642428461,0.0023567641619592905,0.0023567641619592905,0.23567641619592905
Pythia_plus,295,isr_muRfac_2.0_fsr_muRfac_1.0,shower,5,0.84,1.05,0.6409361958503723,0.6436097025871277,1.0041712525428654,0.004171252716332674,0.004171252716332674,0.4171252716332674
Pythia_plus,295,isr_muRfac_2.0_fsr_muRfac_1.0,shower,6,1.05,1.37,0.6362332105636597,0.6388717293739319,1.0041470938116146,0.004147093743085861,0.004147093743085861,0.4147093743085861
Pythia_plus,295,isr_muRfac_2.0_fsr_muRfac_1.0,shower,7,1.37,1.52,0.6330141425132751,0.6377725005149841,1.007516985296437,0.007516985293477774,0.007516985293477774,0.7516985293477774
Pythia_plus,295,isr_muRfac_2.0_fsr_muRfac_1.0,shower,8,1.52,1.74,0.6609900593757629,0.6600861549377441,0.9986324991954154,-0.001367500750347972,0.001367500750347972,-0.1367500750347972
Pythia_plus,295,isr_muRfac_2.0_fsr_muRfac_1.0,shower,9,1.74,1.95,0.6475628614425659,0.6454492211341858,0.9967360075226186,-0.003263992490246892,0.003263992490246892,-0.3263992490246892
Pythia_plus,295,isr_muRfac_2.0_fsr_muRfac_1.0,shower,10,1.95,2.18,0.6217986941337585,0.6261084675788879,1.0069311394279035,0.006931139621883631,0.006931139621883631,0.6931139621883631
Pythia_plus,295,isr_muRfac_2.0_fsr_muRfac_1.0,shower,11,2.18,2.5,0.6207728385925293,0.6148191094398499,0.9904091661513763,-0.009590833447873592,0.009590833447873592,-0.9590833447873592
Pythia_plus,296,isr_muRfac_2.0_fsr_muRfac_0.5,shower,1,0.0,0.21,0.6547458171844482,0.6727138757705688,1.0274428001134657,0.027442799881100655,0.027442799881100655,2.7442799881100655
Pythia_plus,296,isr_muRfac_2.0_fsr_muRfac_0.5,shower,2,0.21,0.42,0.6447997093200684,0.6671363711357117,1.0346412405166823,0.034641239792108536,0.034641239792108536,3.4641239792108536
Pythia_plus,296,isr_muRfac_2.0_fsr_muRfac_0.5,shower,3,0.42,0.63,0.6357879638671875,0.6340994834899902,0.99734427124583,-0.0026557287201285362,0.0026557287201285362,-0.2655728720128536
Pythia_plus,296,isr_muRfac_2.0_fsr_muRfac_0.5,shower,4,0.63,0.84,0.6187161207199097,0.6178164482116699,0.9985459042069359,-0.00145409582182765,0.00145409582182765,-0.145409582182765
Pythia_plus,296,isr_muRfac_2.0_fsr_muRfac_0.5,shower,5,0.84,1.05,0.6409361958503723,0.6525851488113403,1.01817490264458,0.018174903467297554,0.018174903467297554,1.8174903467297554
Pythia_plus,296,isr_muRfac_2.0_fsr_muRfac_0.5,shower,6,1.05,1.37,0.6362332105636597,0.636088490486145,0.9997725361155126,-0.0002274638827657327,0.0002274638827657327,-0.02274638827657327
Pythia_plus,296,isr_muRfac_2.0_fsr_muRfac_0.5,shower,7,1.37,1.52,0.6330141425132751,0.6474137306213379,1.0227476562385978,0.02274765633046627,0.02274765633046627,2.274765633046627
Pythia_plus,296,isr_muRfac_2.0_fsr_muRfac_0.5,shower,8,1.52,1.74,0.6609900593757629,0.6562855839729309,0.9928826835803326,-0.007117316592484713,0.007117316592484713,-0.7117316592484713
Pythia_plus,296,isr_muRfac_2.0_fsr_muRfac_0.5,shower,9,1.74,1.95,0.6475628614425659,0.639420747756958,0.9874265277235482,-0.01257347222417593,0.01257347222417593,-1.257347222417593
Pythia_plus,296,isr_muRfac_2.0_fsr_muRfac_0.5,shower,10,1.95,2.18,0.6217986941337585,0.602136492729187,0.9683785096526081,-0.03162148967385292,0.03162148967385292,-3.162148967385292
Pythia_plus,296,isr_muRfac_2.0_fsr_muRfac_0.5,shower,11,2.18,2.5,0.6207728385925293,0.6346954107284546,1.0224278049398743,0.02242780476808548,0.02242780476808548,2.242780476808548
Pythia_plus,297,isr_muRfac_1.0_fsr_muRfac_2.0,shower,1,0.0,0.21,0.6547458171844482,0.6514410376548767,0.9949525763390398,-0.005047423765063286,0.005047423765063286,-0.5047423765063286
Pythia_plus,297,isr_muRfac_1.0_fsr_muRfac_2.0,shower,2,0.21,0.42,0.6447997093200684,0.6398922204971313,0.9923891268063506,-0.007610873319208622,0.007610873319208622,-0.7610873319208622
Pythia_plus,297,isr_muRfac_1.0_fsr_muRfac_2.0,shower,3,0.42,0.63,0.6357879638671875,0.6385537385940552,1.0043501526987784,0.004350152797996998,0.004350152797996998,0.4350152797996998
Pythia_plus,297,isr_muRfac_1.0_fsr_muRfac_2.0,shower,4,0.63,0.84,0.6187161207199097,0.6173266172409058,0.99775421484511,-0.00224578520283103,0.00224578520283103,-0.224578520283103
Pythia_plus,297,isr_muRfac_1.0_fsr_muRfac_2.0,shower,5,0.84,1.05,0.6409361958503723,0.6426886320114136,1.0027341819238593,0.002734181936830282,0.002734181936830282,0.2734181936830282
Pythia_plus,297,isr_muRfac_1.0_fsr_muRfac_2.0,shower,6,1.05,1.37,0.6362332105636597,0.6366801857948303,1.0007025336366435,0.0007025336381047964,0.0007025336381047964,0.07025336381047964
Pythia_plus,297,isr_muRfac_1.0_fsr_muRfac_2.0,shower,7,1.37,1.52,0.6330141425132751,0.6285591721534729,0.992962289369848,-0.007037710398435593,0.007037710398435593,-0.7037710398435593
Pythia_plus,297,isr_muRfac_1.0_fsr_muRfac_2.0,shower,8,1.52,1.74,0.6609900593757629,0.6628040671348572,1.0027443797881126,0.002744379686191678,0.002744379686191678,0.2744379686191678
Pythia_plus,297,isr_muRfac_1.0_fsr_muRfac_2.0,shower,9,1.74,1.95,0.6475628614425659,0.6624804735183716,1.0230365466644797,0.023036547005176544,0.023036547005176544,2.3036547005176544
Pythia_plus,297,isr_muRfac_1.0_fsr_muRfac_2.0,shower,10,1.95,2.18,0.6217986941337585,0.634067714214325,1.0197314986286015,0.01973149925470352,0.01973149925470352,1.9731499254703522
Pythia_plus,297,isr_muRfac_1.0_fsr_muRfac_2.0,shower,11,2.18,2.5,0.6207728385925293,0.6138456463813782,0.9888410191611201,-0.011158980429172516,0.011158980429172516,-1.1158980429172516
Pythia_plus,298,isr_muRfac_1.0_fsr_muRfac_0.5,shower,1,0.0,0.21,0.6547458171844482,0.6717081665992737,1.0259067701841416,0.025906769558787346,0.025906769558787346,2.5906769558787346
Pythia_plus,298,isr_muRfac_1.0_fsr_muRfac_0.5,shower,2,0.21,0.42,0.6447997093200684,0.6676493287086487,1.035436770610016,0.03543677181005478,0.03543677181005478,3.543677181005478
Pythia_plus,298,isr_muRfac_1.0_fsr_muRfac_0.5,shower,3,0.42,0.63,0.6357879638671875,0.6311860680580139,0.9927619016547867,-0.007238098420202732,0.007238098420202732,-0.7238098420202732
Pythia_plus,298,isr_muRfac_1.0_fsr_muRfac_0.5,shower,4,0.63,0.84,0.6187161207199097,0.6194934844970703,1.0012564142926421,0.001256414339877665,0.001256414339877665,0.1256414339877665
Pythia_plus,298,isr_muRfac_1.0_fsr_muRfac_0.5,shower,5,0.84,1.05,0.6409361958503723,0.6515167951583862,1.0165080383609415,0.016508039087057114,0.016508039087057114,1.6508039087057114
Pythia_plus,298,isr_muRfac_1.0_fsr_muRfac_0.5,shower,6,1.05,1.37,0.6362332105636597,0.6327722668647766,0.9945602592863443,-0.005439740605652332,0.005439740605652332,-0.5439740605652332
Pythia_plus,298,isr_muRfac_1.0_fsr_muRfac_0.5,shower,7,1.37,1.52,0.6330141425132751,0.6410730481147766,1.012731004033346,0.012731003575026989,0.012731003575026989,1.273100357502699
Pythia_plus,298,isr_muRfac_1.0_fsr_muRfac_0.5,shower,8,1.52,1.74,0.6609900593757629,0.6574090123176575,0.9945822981642305,-0.005417701788246632,0.005417701788246632,-0.5417701788246632
Pythia_plus,298,isr_muRfac_1.0_fsr_muRfac_0.5,shower,9,1.74,1.95,0.6475628614425659,0.6457328796386719,0.9971740476286466,-0.0028259523678570986,0.0028259523678570986,-0.28259523678570986
Pythia_plus,298,isr_muRfac_1.0_fsr_muRfac_0.5,shower,10,1.95,2.18,0.6217986941337585,0.5971826910972595,0.9604116199201863,-0.039588380604982376,0.039588380604982376,-3.9588380604982376
Pythia_plus,298,isr_muRfac_1.0_fsr_muRfac_0.5,shower,11,2.18,2.5,0.6207728385925293,0.6396586894989014,1.0304231269995507,0.030423127114772797,0.030423127114772797,3.0423127114772797
Pythia_plus,299,isr_muRfac_0.5_fsr_muRfac_2.0,shower,1,0.0,0.21,0.6547458171844482,0.6524144411087036,0.9964392654148291,-0.0035607346799224615,0.0035607346799224615,-0.35607346799224615
Pythia_plus,299,isr_muRfac_0.5_fsr_muRfac_2.0,shower,2,0.21,0.42,0.6447997093200684,0.6384058594703674,0.9900839752914232,-0.009916024282574654,0.009916024282574654,-0.9916024282574654
Pythia_plus,299,isr_muRfac_0.5_fsr_muRfac_2.0,shower,3,0.42,0.63,0.6357879638671875,0.6329594850540161,0.9955512230902153,-0.004448777064681053,0.004448777064681053,-0.4448777064681053
Pythia_plus,299,isr_muRfac_0.5_fsr_muRfac_2.0,shower,4,0.63,0.84,0.6187161207199097,0.6132205128669739,0.9911177231869418,-0.008882276713848114,0.008882276713848114,-0.8882276713848114
Pythia_plus,299,isr_muRfac_0.5_fsr_muRfac_2.0,shower,5,0.84,1.05,0.6409361958503723,0.6377747058868408,0.9950673873873874,-0.004932612646371126,0.004932612646371126,-0.4932612646371126
Pythia_plus,299,isr_muRfac_0.5_fsr_muRfac_2.0,shower,6,1.05,1.37,0.6362332105636597,0.6323286890983582,0.993863065617335,-0.006136934272944927,0.006136934272944927,-0.6136934272944927
Pythia_plus,299,isr_muRfac_0.5_fsr_muRfac_2.0,shower,7,1.37,1.52,0.6330141425132751,0.6244439482688904,0.9864612910378933,-0.013538708910346031,0.013538708910346031,-1.3538708910346031
Pythia_plus,299,isr_muRfac_0.5_fsr_muRfac_2.0,shower,8,1.52,1.74,0.6609900593757629,0.6643333435058594,1.0050579945684113,0.005057994741946459,0.005057994741946459,0.5057994741946459
Pythia_plus,299,isr_muRfac_0.5_fsr_muRfac_2.0,shower,9,1.74,1.95,0.6475628614425659,0.6674425601959229,1.0306992570714621,0.03069925680756569,0.03069925680756569,3.069925680756569
Pythia_plus,299,isr_muRfac_0.5_fsr_muRfac_2.0,shower,10,1.95,2.18,0.6217986941337585,0.628574013710022,1.0108963232637571,0.010896323248744011,0.010896323248744011,1.089632324874401
Pythia_plus,299,isr_muRfac_0.5_fsr_muRfac_2.0,shower,11,2.18,2.5,0.6207728385925293,0.6243621110916138,1.0057819419213354,0.005781942047178745,0.005781942047178745,0.5781942047178745
Pythia_plus,300,isr_muRfac_0.5_fsr_muRfac_1.0,shower,1,0.0,0.21,0.6547458171844482,0.6538622379302979,0.9986505003453859,-0.0013494996819645166,0.0013494996819645166,-0.13494996819645166
Pythia_plus,300,isr_muRfac_0.5_fsr_muRfac_1.0,shower,2,0.21,0.42,0.6447997093200684,0.6436781883239746,0.9982606676462736,-0.0017393323360010982,0.0017393323360010982,-0.17393323360010982
Pythia_plus,300,isr_muRfac_0.5_fsr_muRfac_1.0,shower,3,0.42,0.63,0.6357879638671875,0.6303161978721619,0.9913937251001992,-0.008606274612247944,0.008606274612247944,-0.8606274612247944
Pythia_plus,300,isr_muRfac_0.5_fsr_muRfac_1.0,shower,4,0.63,0.84,0.6187161207199097,0.6161385178565979,0.9958339490810219,-0.004166050814092159,0.004166050814092159,-0.4166050814092159
Pythia_plus,300,isr_muRfac_0.5_fsr_muRfac_1.0,shower,5,0.84,1.05,0.6409361958503723,0.6365818381309509,0.9932062539959314,-0.006793745793402195,0.006793745793402195,-0.6793745793402195
Pythia_plus,300,isr_muRfac_0.5_fsr_muRfac_1.0,shower,6,1.05,1.37,0.6362332105636597,0.6328731179237366,0.9947187720098009,-0.005281228106468916,0.005281228106468916,-0.5281228106468916
Pythia_plus,300,isr_muRfac_0.5_fsr_muRfac_1.0,shower,7,1.37,1.52,0.6330141425132751,0.6277379393577576,0.9916649521690474,-0.008335047401487827,0.008335047401487827,-0.8335047401487827
Pythia_plus,300,isr_muRfac_0.5_fsr_muRfac_1.0,shower,8,1.52,1.74,0.6609900593757629,0.662756085395813,1.0026717890760988,0.0026717891450971365,0.0026717891450971365,0.26717891450971365
Pythia_plus,300,isr_muRfac_0.5_fsr_muRfac_1.0,shower,9,1.74,1.95,0.6475628614425659,0.6509928107261658,1.0052967047491868,0.005296704825013876,0.005296704825013876,0.5296704825013876
Pythia_plus,300,isr_muRfac_0.5_fsr_muRfac_1.0,shower,10,1.95,2.18,0.6217986941337585,0.6158872246742249,0.9904929529198045,-0.00950704701244831,0.00950704701244831,-0.9507047012448311
Pythia_plus,300,isr_muRfac_0.5_fsr_muRfac_1.0,shower,11,2.18,2.5,0.6207728385925293,0.6282185316085815,1.0119942313084023,0.01199423149228096,0.01199423149228096,1.199423149228096
Pythia_plus,301,isr_muRfac_0.5_fsr_muRfac_0.5,shower,1,0.0,0.21,0.6547458171844482,0.6697805523872375,1.0229627052333714,0.02296270616352558,0.02296270616352558,2.296270616352558
Pythia_plus,301,isr_muRfac_0.5_fsr_muRfac_0.5,shower,2,0.21,0.42,0.6447997093200684,0.6679046154022217,1.035832686876545,0.035832688212394714,0.035832688212394714,3.5832688212394714
Pythia_plus,301,isr_muRfac_0.5_fsr_muRfac_0.5,shower,3,0.42,0.63,0.6357879638671875,0.6272501349449158,0.9865712636798906,-0.013428736478090286,0.013428736478090286,-1.3428736478090286
Pythia_plus,301,isr_muRfac_0.5_fsr_muRfac_0.5,shower,4,0.63,0.84,0.6187161207199097,0.6227307915687561,1.0064887122129211,0.006488712038844824,0.006488712038844824,0.6488712038844824
Pythia_plus,301,isr_muRfac_0.5_fsr_muRfac_0.5,shower,5,0.84,1.05,0.6409361958503723,0.6503777503967285,1.0147308805579773,0.014730880968272686,0.014730880968272686,1.4730880968272686
Pythia_plus,301,isr_muRfac_0.5_fsr_muRfac_0.5,shower,6,1.05,1.37,0.6362332105636597,0.6278231739997864,0.9867815190652771,-0.013218481093645096,0.013218481093645096,-1.3218481093645096
Pythia_plus,301,isr_muRfac_0.5_fsr_muRfac_0.5,shower,7,1.37,1.52,0.6330141425132751,0.6359776854515076,1.0046816378011179,0.004681637976318598,0.004681637976318598,0.4681637976318598
Pythia_plus,301,isr_muRfac_0.5_fsr_muRfac_0.5,shower,8,1.52,1.74,0.6609900593757629,0.6559925079345703,0.992439294100864,-0.00756070576608181,0.00756070576608181,-0.756070576608181
Pythia_plus,301,isr_muRfac_0.5_fsr_muRfac_0.5,shower,9,1.74,1.95,0.6475628614425659,0.6552546620368958,1.0118780755542325,0.011878076009452343,0.011878076009452343,1.1878076009452343
Pythia_plus,301,isr_muRfac_0.5_fsr_muRfac_0.5,shower,10,1.95,2.18,0.6217986941337585,0.5899646282196045,0.9488032602601348,-0.051196739077568054,0.051196739077568054,-5.119673907756805
Pythia_plus,301,isr_muRfac_0.5_fsr_muRfac_0.5,shower,11,2.18,2.5,0.6207728385925293,0.6449193358421326,1.0388974770615775,0.038897477090358734,0.038897477090358734,3.8897477090358734
Pythia_plus,302,isr_muRfac_1.75_fsr_muRfac_1.0,shower,1,0.0,0.21,0.6547458171844482,0.6557260751724243,1.001497158076078,0.001497158082202077,0.001497158082202077,0.1497158082202077
Pythia_plus,302,isr_muRfac_1.75_fsr_muRfac_1.0,shower,2,0.21,0.42,0.6447997093200684,0.6454941630363464,1.0010770068693275,0.0010770069202408195,0.0010770069202408195,0.10770069202408195
Pythia_plus,302,isr_muRfac_1.75_fsr_muRfac_1.0,shower,3,0.42,0.63,0.6357879638671875,0.6388102769851685,1.0047536494708043,0.004753649700433016,0.004753649700433016,0.4753649700433016
Pythia_plus,302,isr_muRfac_1.75_fsr_muRfac_1.0,shower,4,0.63,0.84,0.6187161207199097,0.6199528574943542,1.0019988759513905,0.0019988759886473417,0.0019988759886473417,0.19988759886473417
Pythia_plus,302,isr_muRfac_1.75_fsr_muRfac_1.0,shower,5,0.84,1.05,0.6409361958503723,0.6431819200515747,1.003503818657367,0.0035038187634199858,0.0035038187634199858,0.3503818763419986
Pythia_plus,302,isr_muRfac_1.75_fsr_muRfac_1.0,shower,6,1.05,1.37,0.6362332105636597,0.6383956074714661,1.0033987488736884,0.0033987488131970167,0.0033987488131970167,0.33987488131970167
Pythia_plus,302,isr_muRfac_1.75_fsr_muRfac_1.0,shower,7,1.37,1.52,0.6330141425132751,0.6368757486343384,1.006100347309353,0.006100347265601158,0.006100347265601158,0.6100347265601158
Pythia_plus,302,isr_muRfac_1.75_fsr_muRfac_1.0,shower,8,1.52,1.74,0.6609900593757629,0.6602092385292053,0.9988187101523206,-0.0011812899028882384,0.0011812899028882384,-0.11812899028882384
Pythia_plus,302,isr_muRfac_1.75_fsr_muRfac_1.0,shower,9,1.74,1.95,0.6475628614425659,0.6457903981208801,0.997262870638169,-0.0027371293399482965,0.0027371293399482965,-0.27371293399482965
Pythia_plus,302,isr_muRfac_1.75_fsr_muRfac_1.0,shower,10,1.95,2.18,0.6217986941337585,0.6253829002380371,1.00576425479515,0.005764254834502935,0.005764254834502935,0.5764254834502935
Pythia_plus,302,isr_muRfac_1.75_fsr_muRfac_1.0,shower,11,2.18,2.5,0.6207728385925293,0.6158482432365417,0.9920669928678693,-0.007933007553219795,0.007933007553219795,-0.7933007553219795
Pythia_plus,303,isr_muRfac_1.5_fsr_muRfac_1.0,shower,1,0.0,0.21,0.6547458171844482,0.6554453372955322,1.0010683842381645,0.001068384270183742,0.001068384270183742,0.1068384270183742
Pythia_plus,303,isr_muRfac_1.5_fsr_muRfac_1.0,shower,2,0.21,0.42,0.6447997093200684,0.6453221440315247,1.00081022789543,0.0008102278807200491,0.0008102278807200491,0.08102278807200491
Pythia_plus,303,isr_muRfac_1.5_fsr_muRfac_1.0,shower,3,0.42,0.63,0.6357879638671875,0.6380757689476013,1.0035983774629802,0.003598377574235201,0.003598377574235201,0.3598377574235201
Pythia_plus,303,isr_muRfac_1.5_fsr_muRfac_1.0,shower,4,0.63,0.84,0.6187161207199097,0.6196673512458801,1.001537426445045,0.0015374264912679791,0.0015374264912679791,0.15374264912679791
Pythia_plus,303,isr_muRfac_1.5_fsr_muRfac_1.0,shower,5,0.84,1.05,0.6409361958503723,0.6426469683647156,1.0026691775646615,0.002669177483767271,0.002669177483767271,0.2669177483767271
Pythia_plus,303,isr_muRfac_1.5_fsr_muRfac_1.0,shower,6,1.05,1.37,0.6362332105636597,0.6378263831138611,1.0025040700858574,0.002504070056602359,0.002504070056602359,0.2504070056602359
Pythia_plus,303,isr_muRfac_1.5_fsr_muRfac_1.0,shower,7,1.37,1.52,0.6330141425132751,0.6358250379562378,1.0044404939071385,0.004440493881702423,0.004440493881702423,0.4440493881702423
Pythia_plus,303,isr_muRfac_1.5_fsr_muRfac_1.0,shower,8,1.52,1.74,0.6609900593757629,0.6603750586509705,0.9990695764390568,-0.00093042355729267,0.00093042355729267,-0.093042355729267
Pythia_plus,303,isr_muRfac_1.5_fsr_muRfac_1.0,shower,9,1.74,1.95,0.6475628614425659,0.6462218761444092,0.9979291812764409,-0.002070818794891238,0.002070818794891238,-0.20708187948912382
Pythia_plus,303,isr_muRfac_1.5_fsr_muRfac_1.0,shower,10,1.95,2.18,0.6217986941337585,0.6244996190071106,1.0043437287643628,0.0043437285348773,0.0043437285348773,0.43437285348773
Pythia_plus,303,isr_muRfac_1.5_fsr_muRfac_1.0,shower,11,2.18,2.5,0.6207728385925293,0.6170988082885742,0.9940815221357218,-0.005918477661907673,0.005918477661907673,-0.5918477661907673
Pythia_plus,304,isr_muRfac_1.25_fsr_muRfac_1.0,shower,1,0.0,0.21,0.6547458171844482,0.6551183462142944,1.000568967406998,0.0005689674289897084,0.0005689674289897084,0.05689674289897084
Pythia_plus,304,isr_muRfac_1.25_fsr_muRfac_1.0,shower,2,0.21,0.42,0.6447997093200684,0.6450953483581543,1.0004584974741966,0.0004584974667523056,0.0004584974667523056,0.04584974667523056
Pythia_plus,304,isr_muRfac_1.25_fsr_muRfac_1.0,shower,3,0.42,0.63,0.6357879638671875,0.637129008769989,1.002109264375885,0.002109264489263296,0.002109264489263296,0.2109264489263296
Pythia_plus,304,isr_muRfac_1.25_fsr_muRfac_1.0,shower,4,0.63,0.84,0.6187161207199097,0.6192829012870789,1.0009160591557074,0.0009160591289401054,0.0009160591289401054,0.09160591289401054
Pythia_plus,304,isr_muRfac_1.25_fsr_muRfac_1.0,shower,5,0.84,1.05,0.6409361958503723,0.6419393420219421,1.0015651264167393,0.0015651264693588018,0.0015651264693588018,0.15651264693588018
Pythia_plus,304,isr_muRfac_1.25_fsr_muRfac_1.0,shower,6,1.05,1.37,0.6362332105636597,0.6371297240257263,1.0014090956699233,0.001409095712006092,0.001409095712006092,0.1409095712006092
Pythia_plus,304,isr_muRfac_1.25_fsr_muRfac_1.0,shower,7,1.37,1.52,0.6330141425132751,0.6345664858818054,1.0024523044025002,0.0024523043539375067,0.0024523043539375067,0.24523043539375067
Pythia_plus,304,isr_muRfac_1.25_fsr_muRfac_1.0,shower,8,1.52,1.74,0.6609900593757629,0.6606160402297974,0.9994341531454818,-0.0005658468580804765,0.0005658468580804765,-0.05658468580804765
Pythia_plus,304,isr_muRfac_1.25_fsr_muRfac_1.0,shower,9,1.74,1.95,0.6475628614425659,0.6467775702476501,0.9987873127974536,-0.0012126872316002846,0.0012126872316002846,-0.12126872316002846
Pythia_plus,304,isr_muRfac_1.25_fsr_muRfac_1.0,shower,10,1.95,2.18,0.6217986941337585,0.6233741044998169,1.002533634085953,0.0025336341932415962,0.0025336341932415962,0.2533634193241596
Pythia_plus,304,isr_muRfac_1.25_fsr_muRfac_1.0,shower,11,2.18,2.5,0.6207728385925293,0.6186766624450684,0.996623279858356,-0.003376720240339637,0.003376720240339637,-0.3376720240339637
Pythia_plus,305,isr_muRfac_0.625_fsr_muRfac_1.0,shower,1,0.0,0.21,0.6547458171844482,0.654080867767334,0.9989844159372049,-0.0010155841009691358,0.0010155841009691358,-0.10155841009691358
Pythia_plus,305,isr_muRfac_0.625_fsr_muRfac_1.0,shower,2,0.21,0.42,0.6447997093200684,0.6440741419792175,0.9988747399690736,-0.0011252600234001875,0.0011252600234001875,-0.11252600234001875
Pythia_plus,305,isr_muRfac_0.625_fsr_muRfac_1.0,shower,3,0.42,0.63,0.6357879638671875,0.6323429942131042,0.9945815745974033,-0.005418425425887108,0.005418425425887108,-0.5418425425887108
Pythia_plus,305,isr_muRfac_0.625_fsr_muRfac_1.0,shower,4,0.63,0.84,0.6187161207199097,0.6171168684959412,0.997415208412369,-0.002584791509434581,0.002584791509434581,-0.2584791509434581
Pythia_plus,305,isr_muRfac_0.625_fsr_muRfac_1.0,shower,5,0.84,1.05,0.6409361958503723,0.6382258534431458,0.9957712757919209,-0.004228724166750908,0.004228724166750908,-0.4228724166750908
Pythia_plus,305,isr_muRfac_0.625_fsr_muRfac_1.0,shower,6,1.05,1.37,0.6362332105636597,0.6341301202774048,0.9966944663508029,-0.003305533668026328,0.003305533668026328,-0.3305533668026328
Pythia_plus,305,isr_muRfac_0.625_fsr_muRfac_1.0,shower,7,1.37,1.52,0.6330141425132751,0.6295008659362793,0.9944499240363778,-0.00555007578805089,0.00555007578805089,-0.555007578805089
Pythia_plus,305,isr_muRfac_0.625_fsr_muRfac_1.0,shower,8,1.52,1.74,0.6609900593757629,0.6620649099349976,1.0016261221239087,0.0016261221608147025,0.0016261221608147025,0.16261221608147025
Pythia_plus,305,isr_muRfac_0.625_fsr_muRfac_1.0,shower,9,1.74,1.95,0.6475628614425659,0.6497079730033875,1.0033125920100527,0.003312591928988695,0.003312591928988695,0.3312591928988695
Pythia_plus,305,isr_muRfac_0.625_fsr_muRfac_1.0,shower,10,1.95,2.18,0.6217986941337585,0.6180338263511658,0.9939451983123933,-0.006054801866412163,0.006054801866412163,-0.6054801866412163
Pythia_plus,305,isr_muRfac_0.625_fsr_muRfac_1.0,shower,11,2.18,2.5,0.6207728385925293,0.625715970993042,1.007962868368597,0.007962868548929691,0.007962868548929691,0.7962868548929691
Pythia_plus,306,isr_muRfac_0.75_fsr_muRfac_1.0,shower,1,0.0,0.21,0.6547458171844482,0.6543135643005371,0.9993398157383121,-0.0006601842469535768,0.0006601842469535768,-0.06601842469535768
Pythia_plus,306,isr_muRfac_0.75_fsr_muRfac_1.0,shower,2,0.21,0.42,0.6447997093200684,0.6443750858306885,0.9993414645148838,-0.0006585354567505419,0.0006585354567505419,-0.06585354567505419
Pythia_plus,306,isr_muRfac_0.75_fsr_muRfac_1.0,shower,3,0.42,0.63,0.6357879638671875,0.6337999701499939,0.9968731812645499,-0.003126818686723709,0.003126818686723709,-0.3126818686723709
Pythia_plus,306,isr_muRfac_0.75_fsr_muRfac_1.0,shower,4,0.63,0.84,0.6187161207199097,0.617804229259491,0.9985261553240965,-0.0014738446334376931,0.0014738446334376931,-0.1473844633437693
Pythia_plus,306,isr_muRfac_0.75_fsr_muRfac_1.0,shower,5,0.84,1.05,0.6409361958503723,0.6393887400627136,0.9975856320836965,-0.0024143678601831198,0.0024143678601831198,-0.24143678601831198
Pythia_plus,306,isr_muRfac_0.75_fsr_muRfac_1.0,shower,6,1.05,1.37,0.6362332105636597,0.6350038647651672,0.9980677748692129,-0.0019322250736877322,0.0019322250736877322,-0.19322250736877322
Pythia_plus,306,isr_muRfac_0.75_fsr_muRfac_1.0,shower,7,1.37,1.52,0.6330141425132751,0.630899965763092,0.9966601429443754,-0.0033398570958524942,0.0033398570958524942,-0.3339857095852494
Pythia_plus,306,isr_muRfac_0.75_fsr_muRfac_1.0,shower,8,1.52,1.74,0.6609900593757629,0.6616178750991821,1.0009498111424129,0.0009498111321590841,0.0009498111321590841,0.09498111321590841
Pythia_plus,306,isr_muRfac_0.75_fsr_muRfac_1.0,shower,9,1.74,1.95,0.6475628614425659,0.6487998962402344,1.0019102929944326,0.0019102930091321468,0.0019102930091321468,0.19102930091321468
Pythia_plus,306,isr_muRfac_0.75_fsr_muRfac_1.0,shower,10,1.95,2.18,0.6217986941337585,0.6195710897445679,0.9964174830050199,-0.0035825169179588556,0.0035825169179588556,-0.35825169179588556
Pythia_plus,306,isr_muRfac_0.75_fsr_muRfac_1.0,shower,11,2.18,2.5,0.6207728385925293,0.623725175857544,1.0047559059956754,0.004755905829370022,0.004755905829370022,0.4755905829370022
Pythia_plus,307,isr_muRfac_0.875_fsr_muRfac_1.0,shower,1,0.0,0.21,0.6547458171844482,0.6545332670211792,0.9996753699562633,-0.00032463003299199045,0.00032463003299199045,-0.032463003299199045
Pythia_plus,307,isr_muRfac_0.875_fsr_muRfac_1.0,shower,2,0.21,0.42,0.6447997093200684,0.6446142792701721,0.9997124222495513,-0.00028757774271070957,0.00028757774271070957,-0.028757774271070957
Pythia_plus,307,isr_muRfac_0.875_fsr_muRfac_1.0,shower,3,0.42,0.63,0.6357879638671875,0.6349108815193176,0.9986204797861618,-0.0013795201666653156,0.0013795201666653156,-0.13795201666653156
Pythia_plus,307,isr_muRfac_0.875_fsr_muRfac_1.0,shower,4,0.63,0.84,0.6187161207199097,0.618322491645813,0.9993637969645293,-0.0006362030399031937,0.0006362030399031937,-0.06362030399031937
Pythia_plus,307,isr_muRfac_0.875_fsr_muRfac_1.0,shower,5,0.84,1.05,0.6409361958503723,0.6402620673179626,0.9989482127288579,-0.0010517872869968414,0.0010517872869968414,-0.10517872869968414
Pythia_plus,307,isr_muRfac_0.875_fsr_muRfac_1.0,shower,6,1.05,1.37,0.6362332105636597,0.635675847530365,0.9991239642570672,-0.000876035715918988,0.000876035715918988,-0.0876035715918988
Pythia_plus,307,isr_muRfac_0.875_fsr_muRfac_1.0,shower,7,1.37,1.52,0.6330141425132751,0.6320508122444153,0.9984781852344797,-0.0015218147309496999,0.0015218147309496999,-0.15218147309497
Pythia_plus,307,isr_muRfac_0.875_fsr_muRfac_1.0,shower,8,1.52,1.74,0.6609900593757629,0.6612628698348999,1.0004127300483074,0.00041273003444075584,0.00041273003444075584,0.041273003444075584
Pythia_plus,307,isr_muRfac_0.875_fsr_muRfac_1.0,shower,9,1.74,1.95,0.6475628614425659,0.6481132507324219,1.0008499395543313,0.0008499395335093141,0.0008499395335093141,0.0849939533509314
Pythia_plus,307,isr_muRfac_0.875_fsr_muRfac_1.0,shower,10,1.95,2.18,0.6217986941337585,0.6207944750785828,0.9983849772206826,-0.001615022774785757,0.001615022774785757,-0.1615022774785757
Pythia_plus,307,isr_muRfac_0.875_fsr_muRfac_1.0,shower,11,2.18,2.5,0.6207728385925293,0.6221109628677368,1.0021555780021585,0.0021555779967457056,0.0021555779967457056,0.21555779967457056
Pythia_plus,308,isr_muRfac_1.0_fsr_muRfac_1.75,shower,1,0.0,0.21,0.6547458171844482,0.6518319249153137,0.9955495824598546,-0.004450417589396238,0.004450417589396238,-0.44504175893962383
Pythia_plus,308,isr_muRfac_1.0_fsr_muRfac_1.75,shower,2,0.21,0.42,0.6447997093200684,0.6406307816505432,0.99353453854078,-0.006465461570769548,0.006465461570769548,-0.6465461570769548
Pythia_plus,308,isr_muRfac_1.0_fsr_muRfac_1.75,shower,3,0.42,0.63,0.6357879638671875,0.6381694078445435,1.0037456575347397,0.0037456576246768236,0.0037456576246768236,0.37456576246768236
Pythia_plus,308,isr_muRfac_1.0_fsr_muRfac_1.75,shower,4,0.63,0.84,0.6187161207199097,0.6176905035972595,0.9983423462096692,-0.001657653832808137,0.001657653832808137,-0.1657653832808137
Pythia_plus,308,isr_muRfac_1.0_fsr_muRfac_1.75,shower,5,0.84,1.05,0.6409361958503723,0.6420271396636963,1.0017021098517873,0.0017021098174154758,0.0017021098174154758,0.17021098174154758
Pythia_plus,308,isr_muRfac_1.0_fsr_muRfac_1.75,shower,6,1.05,1.37,0.6362332105636597,0.636841356754303,1.0009558542065173,0.0009558541933074594,0.0009558541933074594,0.09558541933074594
Pythia_plus,308,isr_muRfac_1.0_fsr_muRfac_1.75,shower,7,1.37,1.52,0.6330141425132751,0.6291300654411316,0.9938641543509241,-0.006135845556855202,0.006135845556855202,-0.6135845556855202
Pythia_plus,308,isr_muRfac_1.0_fsr_muRfac_1.75,shower,8,1.52,1.74,0.6609900593757629,0.6624999642372131,1.0022843079711004,0.0022843079641461372,0.0022843079641461372,0.22843079641461372
Pythia_plus,308,isr_muRfac_1.0_fsr_muRfac_1.75,shower,9,1.74,1.95,0.6475628614425659,0.6595587730407715,1.0185247059590206,0.01852470636367798,0.01852470636367798,1.8524706363677979
Pythia_plus,308,isr_muRfac_1.0_fsr_muRfac_1.75,shower,10,1.95,2.18,0.6217986941337585,0.6321001648902893,1.0165672119509386,0.016567211598157883,0.016567211598157883,1.6567211598157883
Pythia_plus,308,isr_muRfac_1.0_fsr_muRfac_1.75,shower,11,2.18,2.5,0.6207728385925293,0.6149927377700806,0.9906888631990506,-0.009311136789619923,0.009311136789619923,-0.9311136789619923
Pythia_plus,309,isr_muRfac_1.0_fsr_muRfac_1.5,shower,1,0.0,0.21,0.6547458171844482,0.6523885130882263,0.996399665283302,-0.0036003347486257553,0.0036003347486257553,-0.36003347486257553
Pythia_plus,309,isr_muRfac_1.0_fsr_muRfac_1.5,shower,2,0.21,0.42,0.6447997093200684,0.6415401697158813,0.994944880468969,-0.005055119749158621,0.005055119749158621,-0.5055119749158621
Pythia_plus,309,isr_muRfac_1.0_fsr_muRfac_1.5,shower,3,0.42,0.63,0.6357879638671875,0.6376011371612549,1.0028518521851826,0.0028518522158265114,0.0028518522158265114,0.28518522158265114
Pythia_plus,309,isr_muRfac_1.0_fsr_muRfac_1.5,shower,4,0.63,0.84,0.6187161207199097,0.6181257963180542,0.9990458881188216,-0.0009541118633933365,0.0009541118633933365,-0.09541118633933365
Pythia_plus,309,isr_muRfac_1.0_fsr_muRfac_1.5,shower,5,0.84,1.05,0.6409361958503723,0.6413662433624268,1.0006709677419354,0.0006709677400067449,0.0006709677400067449,0.06709677400067449
Pythia_plus,309,isr_muRfac_1.0_fsr_muRfac_1.5,shower,6,1.05,1.37,0.6362332105636597,0.6369385123252869,1.0011085585441262,0.0011085584992542863,0.0011085584992542863,0.11085584992542863
Pythia_plus,309,isr_muRfac_1.0_fsr_muRfac_1.5,shower,7,1.37,1.52,0.6330141425132751,0.6299178004264832,0.9951085736023235,-0.0048914263024926186,0.0048914263024926186,-0.48914263024926186
Pythia_plus,309,isr_muRfac_1.0_fsr_muRfac_1.5,shower,8,1.52,1.74,0.6609900593757629,0.6621605753898621,1.0017708526739488,0.0017708527157083154,0.0017708527157083154,0.17708527157083154
Pythia_plus,309,isr_muRfac_1.0_fsr_muRfac_1.5,shower,9,1.74,1.95,0.6475628614425659,0.6561974883079529,1.013334036553844,0.01333403680473566,0.01333403680473566,1.333403680473566
Pythia_plus,309,isr_muRfac_1.0_fsr_muRfac_1.5,shower,10,1.95,2.18,0.6217986941337585,0.6296553015708923,1.012635290989279,0.012635290622711182,0.012635290622711182,1.2635290622711182
Pythia_plus,309,isr_muRfac_1.0_fsr_muRfac_1.5,shower,11,2.18,2.5,0.6207728385925293,0.6164072155952454,0.9929674387700628,-0.007032561115920544,0.007032561115920544,-0.7032561115920544
Pythia_plus,310,isr_muRfac_1.0_fsr_muRfac_1.25,shower,1,0.0,0.21,0.6547458171844482,0.6532352566719055,0.9976929054407121,-0.002307094633579254,0.002307094633579254,-0.23070946335792542
Pythia_plus,310,isr_muRfac_1.0_fsr_muRfac_1.25,shower,2,0.21,0.42,0.6447997093200684,0.6427765488624573,0.996862342788981,-0.0031376571860164404,0.0031376571860164404,-0.31376571860164404
Pythia_plus,310,isr_muRfac_1.0_fsr_muRfac_1.25,shower,3,0.42,0.63,0.6357879638671875,0.6367892622947693,1.0015748936508508,0.0015748935984447598,0.0015748935984447598,0.15748935984447598
Pythia_plus,310,isr_muRfac_1.0_fsr_muRfac_1.25,shower,4,0.63,0.84,0.6187161207199097,0.6185144782066345,0.9996740952651427,-0.00032590472255833447,0.00032590472255833447,-0.03259047225583345
Pythia_plus,310,isr_muRfac_1.0_fsr_muRfac_1.25,shower,5,0.84,1.05,0.6409361958503723,0.6408668160438538,0.9998917523975589,-0.00010824760101968423,0.00010824760101968423,-0.010824760101968423
Pythia_plus,310,isr_muRfac_1.0_fsr_muRfac_1.25,shower,6,1.05,1.37,0.6362332105636597,0.6368444561958313,1.000960725755938,0.0009607257670722902,0.0009607257670722902,0.09607257670722902
Pythia_plus,310,isr_muRfac_1.0_fsr_muRfac_1.25,shower,7,1.37,1.52,0.6330141425132751,0.6311824321746826,0.9971063674322977,-0.00289363251067698,0.00289363251067698,-0.289363251067698
Pythia_plus,310,isr_muRfac_1.0_fsr_muRfac_1.25,shower,8,1.52,1.74,0.6609900593757629,0.6616687774658203,1.0010268204195059,0.0010268203914165497,0.0010268203914165497,0.10268203914165497
Pythia_plus,310,isr_muRfac_1.0_fsr_muRfac_1.25,shower,9,1.74,1.95,0.6475628614425659,0.6522184610366821,1.0071894172308538,0.007189417257905006,0.007189417257905006,0.7189417257905006
Pythia_plus,310,isr_muRfac_1.0_fsr_muRfac_1.25,shower,10,1.95,2.18,0.6217986941337585,0.6263833045959473,1.0073731426351347,0.007373142521828413,0.007373142521828413,0.7373142521828413
Pythia_plus,310,isr_muRfac_1.0_fsr_muRfac_1.25,shower,11,2.18,2.5,0.6207728385925293,0.6182214021682739,0.9958899032534345,-0.004110096953809261,0.004110096953809261,-0.41100969538092613
Pythia_plus,311,isr_muRfac_1.0_fsr_muRfac_0.625,shower,1,0.0,0.21,0.6547458171844482,0.6621370315551758,1.0112886774939798,0.011288677342236042,0.011288677342236042,1.1288677342236042
Pythia_plus,311,isr_muRfac_1.0_fsr_muRfac_0.625,shower,2,0.21,0.42,0.6447997093200684,0.6548628211021423,1.0156065699730004,0.015606570057570934,0.015606570057570934,1.5606570057570934
Pythia_plus,311,isr_muRfac_1.0_fsr_muRfac_0.625,shower,3,0.42,0.63,0.6357879638671875,0.6340228915214539,0.9972238034595723,-0.0027761964593082666,0.0027761964593082666,-0.27761964593082666
Pythia_plus,311,isr_muRfac_1.0_fsr_muRfac_0.625,shower,4,0.63,0.84,0.6187161207199097,0.6182354688644409,0.9992231463843071,-0.000776853587012738,0.000776853587012738,-0.0776853587012738
Pythia_plus,311,isr_muRfac_1.0_fsr_muRfac_0.625,shower,5,0.84,1.05,0.6409361958503723,0.6456635594367981,1.007375716361523,0.007375716231763363,0.007375716231763363,0.7375716231763363
Pythia_plus,311,isr_muRfac_1.0_fsr_muRfac_0.625,shower,6,1.05,1.37,0.6362332105636597,0.6329284310340881,0.9948057104302309,-0.005194289609789848,0.005194289609789848,-0.5194289609789848
Pythia_plus,311,isr_muRfac_1.0_fsr_muRfac_0.625,shower,7,1.37,1.52,0.6330141425132751,0.6375759243965149,1.0072064454439011,0.007206445559859276,0.007206445559859276,0.7206445559859276
Pythia_plus,311,isr_muRfac_1.0_fsr_muRfac_0.625,shower,8,1.52,1.74,0.6609900593757629,0.658848226070404,0.996759658825457,-0.0032403410878032446,0.0032403410878032446,-0.32403410878032446
Pythia_plus,311,isr_muRfac_1.0_fsr_muRfac_0.625,shower,9,1.74,1.95,0.6475628614425659,0.641236424446106,0.9902303893982328,-0.009769611060619354,0.009769611060619354,-0.9769611060619354
Pythia_plus,311,isr_muRfac_1.0_fsr_muRfac_0.625,shower,10,1.95,2.18,0.6217986941337585,0.6082463264465332,0.9782045735781008,-0.021795425564050674,0.021795425564050674,-2.1795425564050674
Pythia_plus,311,isr_muRfac_1.0_fsr_muRfac_0.625,shower,11,2.18,2.5,0.6207728385925293,0.6304891109466553,1.0156518967166082,0.015651896595954895,0.015651896595954895,1.5651896595954895
Pythia_plus,312,isr_muRfac_1.0_fsr_muRfac_0.75,shower,1,0.0,0.21,0.6547458171844482,0.6579650640487671,1.0049167887443136,0.004916788544505835,0.004916788544505835,0.49167885445058346
Pythia_plus,312,isr_muRfac_1.0_fsr_muRfac_0.75,shower,2,0.21,0.42,0.6447997093200684,0.6493352651596069,1.007034053790628,0.007034053560346365,0.007034053560346365,0.7034053560346365
Pythia_plus,312,isr_muRfac_1.0_fsr_muRfac_0.75,shower,3,0.42,0.63,0.6357879638671875,0.6347156763076782,0.9983134509923921,-0.0016865490470081568,0.0016865490470081568,-0.16865490470081568
Pythia_plus,312,isr_muRfac_1.0_fsr_muRfac_0.75,shower,4,0.63,0.84,0.6187161207199097,0.6186579465866089,0.9999059760504816,-9.402394789503887e-05,9.402394789503887e-05,-0.009402394789503887
Pythia_plus,312,isr_muRfac_1.0_fsr_muRfac_0.75,shower,5,0.84,1.05,0.6409361958503723,0.6428549885749817,1.0029937343795408,0.002993734320625663,0.002993734320625663,0.2993734320625663
Pythia_plus,312,isr_muRfac_1.0_fsr_muRfac_0.75,shower,6,1.05,1.37,0.6362332105636597,0.6346299052238464,0.9974800036948829,-0.0025199963711202145,0.0025199963711202145,-0.25199963711202145
Pythia_plus,312,isr_muRfac_1.0_fsr_muRfac_0.75,shower,7,1.37,1.52,0.6330141425132751,0.6355484127998352,1.004003497104343,0.004003497306257486,0.004003497306257486,0.40034973062574863
Pythia_plus,312,isr_muRfac_1.0_fsr_muRfac_0.75,shower,8,1.52,1.74,0.6609900593757629,0.6599932312965393,0.9984919166860617,-0.0015080833109095693,0.0015080833109095693,-0.15080833109095693
Pythia_plus,312,isr_muRfac_1.0_fsr_muRfac_0.75,shower,9,1.74,1.95,0.6475628614425659,0.6425841450691223,0.9923116091581401,-0.007688391022384167,0.007688391022384167,-0.7688391022384167
Pythia_plus,312,isr_muRfac_1.0_fsr_muRfac_0.75,shower,10,1.95,2.18,0.6217986941337585,0.6143595576286316,0.9880361014339366,-0.011963898316025734,0.011963898316025734,-1.1963898316025734
Pythia_plus,312,isr_muRfac_1.0_fsr_muRfac_0.75,shower,11,2.18,2.5,0.6207728385925293,0.6254573464393616,1.00754625131063,0.0075462511740624905,0.0075462511740624905,0.754625117406249
Pythia_plus,313,isr_muRfac_1.0_fsr_muRfac_0.875,shower,1,0.0,0.21,0.6547458171844482,0.6559866666793823,1.0018951621566214,0.0018951621605083346,0.0018951621605083346,0.18951621605083346
Pythia_plus,313,isr_muRfac_1.0_fsr_muRfac_0.875,shower,2,0.21,0.42,0.6447997093200684,0.646489679813385,1.002620923162479,0.002620923100039363,0.002620923100039363,0.2620923100039363
Pythia_plus,313,isr_muRfac_1.0_fsr_muRfac_0.875,shower,3,0.42,0.63,0.6357879638671875,0.6352669596672058,0.9991805378056976,-0.0008194621768780053,0.0008194621768780053,-0.08194621768780053
Pythia_plus,313,isr_muRfac_1.0_fsr_muRfac_0.875,shower,4,0.63,0.84,0.6187161207199097,0.6187595129013062,1.0000701326180834,7.013262074906379e-05,7.013262074906379e-05,0.007013262074906379
Pythia_plus,313,isr_muRfac_1.0_fsr_muRfac_0.875,shower,5,0.84,1.05,0.6409361958503723,0.6414843797683716,1.000855286253996,0.0008552862564101815,0.0008552862564101815,0.08552862564101815
Pythia_plus,313,isr_muRfac_1.0_fsr_muRfac_0.875,shower,6,1.05,1.37,0.6362332105636597,0.6356353163719177,0.9990602593800278,-0.0009397406247444451,0.0009397406247444451,-0.09397406247444451
Pythia_plus,313,isr_muRfac_1.0_fsr_muRfac_0.875,shower,7,1.37,1.52,0.6330141425132751,0.6341683268547058,1.001823315253034,0.0018233152804896235,0.0018233152804896235,0.18233152804896235
Pythia_plus,313,isr_muRfac_1.0_fsr_muRfac_0.875,shower,8,1.52,1.74,0.6609900593757629,0.6605777144432068,0.9993761707506682,-0.0006238292553462088,0.0006238292553462088,-0.06238292553462088
Pythia_plus,313,isr_muRfac_1.0_fsr_muRfac_0.875,shower,9,1.74,1.95,0.6475628614425659,0.645015299320221,0.9960659230569989,-0.003934076987206936,0.003934076987206936,-0.3934076987206936
Pythia_plus,313,isr_muRfac_1.0_fsr_muRfac_0.875,shower,10,1.95,2.18,0.6217986941337585,0.6185776591300964,0.9948198106010027,-0.00518018938601017,0.00518018938601017,-0.518018938601017
Pythia_plus,313,isr_muRfac_1.0_fsr_muRfac_0.875,shower,11,2.18,2.5,0.6207728385925293,0.6226494908332825,1.003023090129085,0.00302309007383883,0.00302309007383883,0.302309007383883
Pythia_plus,314,hardHi,model,1,0.0,0.21,0.6547458171844482,0.6557387113571167,1.0015164574505235,0.0015164574142545462,0.0015164574142545462,0.15164574142545462
Pythia_plus,314,hardHi,model,2,0.21,0.42,0.6447997093200684,0.6437094807624817,0.9983091981248933,-0.0016908019315451384,0.0016908019315451384,-0.16908019315451384
Pythia_plus,314,hardHi,model,3,0.42,0.63,0.6357879638671875,0.6353521943092346,0.9993145992332061,-0.0006854007951915264,0.0006854007951915264,-0.06854007951915264
Pythia_plus,314,hardHi,model,4,0.63,0.84,0.6187161207199097,0.6167815327644348,0.9968732219984444,-0.0031267779413610697,0.0031267779413610697,-0.31267779413610697
Pythia_plus,314,hardHi,model,5,0.84,1.05,0.6409361958503723,0.6419121623039246,1.0015227201394943,0.001522720092907548,0.001522720092907548,0.1522720092907548
Pythia_plus,314,hardHi,model,6,1.05,1.37,0.6362332105636597,0.6345406770706177,0.9973397592817538,-0.0026602407451719046,0.0026602407451719046,-0.26602407451719046
Pythia_plus,314,hardHi,model,7,1.37,1.52,0.6330141425132751,0.6338402032852173,1.001304964165038,0.00130496418569237,0.00130496418569237,0.130496418569237
Pythia_plus,314,hardHi,model,8,1.52,1.74,0.6609900593757629,0.659747302532196,0.9981198554714416,-0.00188014458399266,0.00188014458399266,-0.188014458399266
Pythia_plus,314,hardHi,model,9,1.74,1.95,0.6475628614425659,0.6471171975135803,0.9993117827541981,-0.0006882172310724854,0.0006882172310724854,-0.06882172310724854
Pythia_plus,314,hardHi,model,10,1.95,2.18,0.6217986941337585,0.617760419845581,0.9935054957074118,-0.006494504399597645,0.006494504399597645,-0.6494504399597645
Pythia_plus,314,hardHi,model,11,2.18,2.5,0.6207728385925293,0.6248267889022827,1.0065304891865838,0.006530489306896925,0.006530489306896925,0.6530489306896925
Pythia_plus,315,hardLo,model,1,0.0,0.21,0.6547458171844482,0.6535439491271973,0.9981643745928469,-0.0018356253858655691,0.0018356253858655691,-0.1835625385865569
Pythia_plus,315,hardLo,model,2,0.21,0.42,0.6447997093200684,0.6458197832107544,1.001582001163992,0.0015820012195035815,0.0015820012195035815,0.15820012195035815
Pythia_plus,315,hardLo,model,3,0.42,0.63,0.6357879638671875,0.6370953917503357,1.0020563897988817,0.0020563898142427206,0.0020563898142427206,0.20563898142427206
Pythia_plus,315,hardLo,model,4,0.63,0.84,0.6187161207199097,0.619654655456543,1.0015169068740948,0.00151690689381212,0.00151690689381212,0.151690689381212
Pythia_plus,315,hardLo,model,5,0.84,1.05,0.6409361958503723,0.6406832337379456,0.9996053240337112,-0.00039467596798203886,0.00039467596798203886,-0.039467596798203886
Pythia_plus,315,hardLo,model,6,1.05,1.37,0.6362332105636597,0.6364659667015076,1.0003658346247624,0.00036583462497219443,0.00036583462497219443,0.03658346249721944
Pythia_plus,315,hardLo,model,7,1.37,1.52,0.6330141425132751,0.6330104470252991,0.9999941620767564,-5.837923254148336e-06,5.837923254148336e-06,-0.0005837923254148336
Pythia_plus,315,hardLo,model,8,1.52,1.74,0.6609900593757629,0.6629005074501038,1.0028902826105208,0.002890282543376088,0.002890282543376088,0.2890282543376088
Pythia_plus,315,hardLo,model,9,1.74,1.95,0.6475628614425659,0.6474123001098633,0.9997674954175612,-0.0002325045788893476,0.0002325045788893476,-0.02325045788893476
Pythia_plus,315,hardLo,model,10,1.95,2.18,0.6217986941337585,0.6261727213859558,1.0070344748122877,0.0070344749838113785,0.0070344749838113785,0.7034474983811378
Pythia_plus,315,hardLo,model,11,2.18,2.5,0.6207728385925293,0.6183954477310181,0.9961702724189714,-0.0038297276478260756,0.0038297276478260756,-0.38297276478260756
Pythia_plus,316,isr_PDF_plus,shower,1,0.0,0.21,0.6547458171844482,0.6541741490364075,0.9991268853759172,-0.0008731146226637065,0.0008731146226637065,-0.08731146226637065
Pythia_plus,316,isr_PDF_plus,shower,2,0.21,0.42,0.6447997093200684,0.6437917947769165,0.9984368563934145,-0.0015631435671821237,0.0015631435671821237,-0.15631435671821237
Pythia_plus,316,isr_PDF_plus,shower,3,0.42,0.63,0.6357879638671875,0.6348780393600464,0.9985688239494084,-0.001431176089681685,0.001431176089681685,-0.1431176089681685
Pythia_plus,316,isr_PDF_plus,shower,4,0.63,0.84,0.6187161207199097,0.6193113923072815,1.000962107770328,0.0009621077915653586,0.0009621077915653586,0.09621077915653586
Pythia_plus,316,isr_PDF_plus,shower,5,0.84,1.05,0.6409361958503723,0.640048086643219,0.9986143562917756,-0.0013856437290087342,0.0013856437290087342,-0.13856437290087342
Pythia_plus,316,isr_PDF_plus,shower,6,1.05,1.37,0.6362332105636597,0.6345457434654236,0.9973477223913837,-0.0026522777043282986,0.0026522777043282986,-0.26522777043282986
Pythia_plus,316,isr_PDF_plus,shower,7,1.37,1.52,0.6330141425132751,0.6307604908943176,0.9964398084219576,-0.003560191486030817,0.003560191486030817,-0.3560191486030817
Pythia_plus,316,isr_PDF_plus,shower,8,1.52,1.74,0.6609900593757629,0.6626868844032288,1.0025670961361632,0.002567096147686243,0.002567096147686243,0.2567096147686243
Pythia_plus,316,isr_PDF_plus,shower,9,1.74,1.95,0.6475628614425659,0.6478307843208313,1.0004137403396922,0.0004137403448112309,0.0004137403448112309,0.04137403448112309
Pythia_plus,316,isr_PDF_plus,shower,10,1.95,2.18,0.6217986941337585,0.6200592517852783,0.9972025635227435,-0.002797436434775591,0.002797436434775591,-0.2797436434775591
Pythia_plus,316,isr_PDF_plus,shower,11,2.18,2.5,0.6207728385925293,0.6223739385604858,1.002579204289264,0.002579204272478819,0.002579204272478819,0.2579204272478819
Pythia_plus,317,isr_PDF_minus,shower,1,0.0,0.21,0.6547458171844482,0.6559785604476929,1.001882781425845,0.0018827813910320401,0.0018827813910320401,0.188278139103204
Pythia_plus,317,isr_PDF_minus,shower,2,0.21,0.42,0.6447997093200684,0.6465792655944824,1.0027598589898412,0.0027598589658737183,0.0027598589658737183,0.2759858965873718
Pythia_plus,317,isr_PDF_minus,shower,3,0.42,0.63,0.6357879638671875,0.6369872093200684,1.0018862349101207,0.001886234967969358,0.001886234967969358,0.1886234967969358
Pythia_plus,317,isr_PDF_minus,shower,4,0.63,0.84,0.6187161207199097,0.6182247400283813,0.999205805901814,-0.0007941941148601472,0.0007941941148601472,-0.07941941148601472
Pythia_plus,317,isr_PDF_minus,shower,5,0.84,1.05,0.6409361958503723,0.642421543598175,1.0023174658529497,0.002317465841770172,0.002317465841770172,0.2317465841770172
Pythia_plus,317,isr_PDF_minus,shower,6,1.05,1.37,0.6362332105636597,0.6385620832443237,1.003660407287763,0.00366040738299489,0.00366040738299489,0.366040738299489
Pythia_plus,317,isr_PDF_minus,shower,7,1.37,1.52,0.6330141425132751,0.6360985040664673,1.0048725002271612,0.00487250043079257,0.00487250043079257,0.487250043079257
Pythia_plus,317,isr_PDF_minus,shower,8,1.52,1.74,0.6609900593757629,0.6600748300552368,0.9986153659838841,-0.0013846340589225292,0.0013846340589225292,-0.13846340589225292
Pythia_plus,317,isr_PDF_minus,shower,9,1.74,1.95,0.6475628614425659,0.6481344103813171,1.0008826153764872,0.0008826153934933245,0.0008826153934933245,0.08826153934933245
Pythia_plus,317,isr_PDF_minus,shower,10,1.95,2.18,0.6217986941337585,0.6240172386169434,1.0035679465140652,0.00356794660910964,0.00356794660910964,0.356794660910964
Pythia_plus,317,isr_PDF_minus,shower,11,2.18,2.5,0.6207728385925293,0.6194623708724976,0.9978889738104474,-0.0021110260859131813,0.0021110260859131813,-0.21110260859131813
