pair_label,weight_index,weight_name,category,bin,bin_low_edge,bin_up_edge,C_nominal_weight0,C_weight,C_weight_over_C_nominal,signed_relative_shift,absolute_relative_shift,signed_relative_shift_percent
Pythia_minus,1,MUR0.5_MUF0.5_PDF13300,scale,1,0.0,0.21,0.660984456539154,0.6596803069114685,0.9980269587056344,-0.001973041333258152,0.001973041333258152,-0.1973041333258152
Pythia_minus,1,MUR0.5_MUF0.5_PDF13300,scale,2,0.21,0.42,0.6471099853515625,0.6453728079795837,0.9973154835942842,-0.002684516366571188,0.002684516366571188,-0.2684516366571188
Pythia_minus,1,MUR0.5_MUF0.5_PDF13300,scale,3,0.42,0.63,0.6394927501678467,0.6380634903907776,0.9977650101948866,-0.0022349897772073746,0.0022349897772073746,-0.22349897772073746
Pythia_minus,1,MUR0.5_MUF0.5_PDF13300,scale,4,0.63,0.84,0.6380901336669922,0.6368787288665771,0.9981015146035039,-0.0018984853522852063,0.0018984853522852063,-0.18984853522852063
Pythia_minus,1,MUR0.5_MUF0.5_PDF13300,scale,5,0.84,1.05,0.6463085412979126,0.6449655890464783,0.9979221189793694,-0.0020778810139745474,0.0020778810139745474,-0.20778810139745474
Pythia_minus,1,MUR0.5_MUF0.5_PDF13300,scale,6,1.05,1.37,0.6265755295753479,0.6254527568817139,0.9982080808447866,-0.0017919191159307957,0.0017919191159307957,-0.17919191159307957
Pythia_minus,1,MUR0.5_MUF0.5_PDF13300,scale,7,1.37,1.52,0.6408894062042236,0.6404763460159302,0.999355489130738,-0.0006445108447223902,0.0006445108447223902,-0.06445108447223902
Pythia_minus,1,MUR0.5_MUF0.5_PDF13300,scale,8,1.52,1.74,0.6314683556556702,0.6307935118675232,0.998931310204062,-0.001068689743988216,0.001068689743988216,-0.10686897439882159
Pythia_minus,1,MUR0.5_MUF0.5_PDF13300,scale,9,1.74,1.95,0.5918737053871155,0.5911858081817627,0.9988377635311525,-0.0011622364399954677,0.0011622364399954677,-0.11622364399954677
Pythia_minus,1,MUR0.5_MUF0.5_PDF13300,scale,10,1.95,2.18,0.6574898362159729,0.6566226482391357,0.9986810625365282,-0.001318937516771257,0.001318937516771257,-0.1318937516771257
Pythia_minus,1,MUR0.5_MUF0.5_PDF13300,scale,11,2.18,2.5,0.6256763339042664,0.6267029047012329,1.0016407377766083,0.0016407377552241087,0.0016407377552241087,0.16407377552241087
Pythia_minus,2,MUR1.0_MUF1.0_PDF13301,pdf,1,0.0,0.21,0.660984456539154,0.6609830856323242,0.9999979259620763,-2.0740378658956615e-06,2.0740378658956615e-06,-0.00020740378658956615
Pythia_minus,2,MUR1.0_MUF1.0_PDF13301,pdf,2,0.21,0.42,0.6471099853515625,0.6471107602119446,1.000001197416822,1.1974168501183158e-06,1.1974168501183158e-06,0.00011974168501183158
Pythia_minus,2,MUR1.0_MUF1.0_PDF13301,pdf,3,0.42,0.63,0.6394927501678467,0.6394938826560974,1.000001770916481,1.7709164694679203e-06,1.7709164694679203e-06,0.00017709164694679203
Pythia_minus,2,MUR1.0_MUF1.0_PDF13301,pdf,4,0.63,0.84,0.6380901336669922,0.6380942463874817,1.0000064453597892,6.445359758799896e-06,6.445359758799896e-06,0.0006445359758799896
Pythia_minus,2,MUR1.0_MUF1.0_PDF13301,pdf,5,0.84,1.05,0.6463085412979126,0.6463093161582947,1.0000011989016586,1.1989017139057978e-06,1.1989017139057978e-06,0.00011989017139057978
Pythia_minus,2,MUR1.0_MUF1.0_PDF13301,pdf,6,1.05,1.37,0.6265755295753479,0.6265409588813782,0.9999448259749417,-5.517402678378858e-05,5.517402678378858e-05,-0.005517402678378858
Pythia_minus,2,MUR1.0_MUF1.0_PDF13301,pdf,7,1.37,1.52,0.6408894062042236,0.6408724784851074,0.9999735871447517,-2.6412855731905438e-05,2.6412855731905438e-05,-0.002641285573190544
Pythia_minus,2,MUR1.0_MUF1.0_PDF13301,pdf,8,1.52,1.74,0.6314683556556702,0.6314610242843628,0.9999883899624713,-1.1610037290665787e-05,1.1610037290665787e-05,-0.0011610037290665787
Pythia_minus,2,MUR1.0_MUF1.0_PDF13301,pdf,9,1.74,1.95,0.5918737053871155,0.5918620228767395,0.9999802618189156,-1.9738181435968727e-05,1.9738181435968727e-05,-0.0019738181435968727
Pythia_minus,2,MUR1.0_MUF1.0_PDF13301,pdf,10,1.95,2.18,0.6574898362159729,0.6574743986129761,0.9999765203929453,-2.3479606170440093e-05,2.3479606170440093e-05,-0.0023479606170440093
Pythia_minus,2,MUR1.0_MUF1.0_PDF13301,pdf,11,2.18,2.5,0.6256763339042664,0.6256626844406128,0.9999781844654912,-2.1815534637426026e-05,2.1815534637426026e-05,-0.0021815534637426026
Pythia_minus,3,MUR1.0_MUF1.0_PDF26460,pdf,1,0.0,0.21,0.660984456539154,0.6604971289634705,0.999262724605908,-0.0007372754043899477,0.0007372754043899477,-0.07372754043899477
Pythia_minus,3,MUR1.0_MUF1.0_PDF26460,pdf,2,0.21,0.42,0.6471099853515625,0.6464879512786865,0.9990387506189724,-0.0009612494031898677,0.0009612494031898677,-0.09612494031898677
Pythia_minus,3,MUR1.0_MUF1.0_PDF26460,pdf,3,0.42,0.63,0.6394927501678467,0.6390298008918762,0.999276067983806,-0.0007239319966174662,0.0007239319966174662,-0.07239319966174662
Pythia_minus,3,MUR1.0_MUF1.0_PDF26460,pdf,4,0.63,0.84,0.6380901336669922,0.6377356648445129,0.9994444847149694,-0.0005555152893066406,0.0005555152893066406,-0.05555152893066406
Pythia_minus,3,MUR1.0_MUF1.0_PDF26460,pdf,5,0.84,1.05,0.6463085412979126,0.6462268233299255,0.999873561986628,-0.0001264380116481334,0.0001264380116481334,-0.01264380116481334
Pythia_minus,3,MUR1.0_MUF1.0_PDF26460,pdf,6,1.05,1.37,0.6265755295753479,0.6257585883140564,0.9986961807112941,-0.001303819241002202,0.001303819241002202,-0.1303819241002202
Pythia_minus,3,MUR1.0_MUF1.0_PDF26460,pdf,7,1.37,1.52,0.6408894062042236,0.6408052444458008,0.9998686797478502,-0.00013132025196682662,0.00013132025196682662,-0.013132025196682662
Pythia_minus,3,MUR1.0_MUF1.0_PDF26460,pdf,8,1.52,1.74,0.6314683556556702,0.6320690512657166,1.0009512679529644,0.0009512679534964263,0.0009512679534964263,0.09512679534964263
Pythia_minus,3,MUR1.0_MUF1.0_PDF26460,pdf,9,1.74,1.95,0.5918737053871155,0.592982292175293,1.0018730123978938,0.0018730123993009329,0.0018730123993009329,0.1873012399300933
Pythia_minus,3,MUR1.0_MUF1.0_PDF26460,pdf,10,1.95,2.18,0.6574898362159729,0.6587621569633484,1.0019351185026646,0.0019351184600964189,0.0019351184600964189,0.19351184600964189
Pythia_minus,3,MUR1.0_MUF1.0_PDF26460,pdf,11,2.18,2.5,0.6256763339042664,0.6300552487373352,1.0069986902105503,0.006998690310865641,0.006998690310865641,0.6998690310865641
Pythia_minus,4,MUR1.0_MUF1.0_PDF26461,pdf,1,0.0,0.21,0.660984456539154,0.6604970097541809,0.9992625442547842,-0.0007374557317234576,0.0007374557317234576,-0.07374557317234576
Pythia_minus,4,MUR1.0_MUF1.0_PDF26461,pdf,2,0.21,0.42,0.6471099853515625,0.6464874744415283,0.999038013747082,-0.0009619862539693713,0.0009619862539693713,-0.09619862539693713
Pythia_minus,4,MUR1.0_MUF1.0_PDF26461,pdf,3,0.42,0.63,0.6394927501678467,0.6390287280082703,0.9992743902734555,-0.0007256097160279751,0.0007256097160279751,-0.07256097160279751
Pythia_minus,4,MUR1.0_MUF1.0_PDF26461,pdf,4,0.63,0.84,0.6380901336669922,0.6377350091934204,0.9994434571938435,-0.0005565428291447461,0.0005565428291447461,-0.055654282914474607
Pythia_minus,4,MUR1.0_MUF1.0_PDF26461,pdf,5,0.84,1.05,0.6463085412979126,0.6462271213531494,0.9998740231026505,-0.0001259768905583769,0.0001259768905583769,-0.01259768905583769
Pythia_minus,4,MUR1.0_MUF1.0_PDF26461,pdf,6,1.05,1.37,0.6265755295753479,0.6257594227790833,0.9986975124981058,-0.001302487449720502,0.001302487449720502,-0.1302487449720502
Pythia_minus,4,MUR1.0_MUF1.0_PDF26461,pdf,7,1.37,1.52,0.6408894062042236,0.6408059000968933,0.9998697027809761,-0.00013029722322244197,0.00013029722322244197,-0.013029722322244197
Pythia_minus,4,MUR1.0_MUF1.0_PDF26461,pdf,8,1.52,1.74,0.6314683556556702,0.6320701837539673,1.0009530613733957,0.0009530613897368312,0.0009530613897368312,0.09530613897368312
Pythia_minus,4,MUR1.0_MUF1.0_PDF26461,pdf,9,1.74,1.95,0.5918737053871155,0.5929825901985168,1.0018735159229215,0.0018735158955678344,0.0018735158955678344,0.18735158955678344
Pythia_minus,4,MUR1.0_MUF1.0_PDF26461,pdf,10,1.95,2.18,0.6574898362159729,0.6587613821029663,1.0019339399895693,0.0019339399877935648,0.0019339399877935648,0.19339399877935648
Pythia_minus,4,MUR1.0_MUF1.0_PDF26461,pdf,11,2.18,2.5,0.6256763339042664,0.630055844783783,1.0069996428539787,0.006999643053859472,0.006999643053859472,0.6999643053859472
Pythia_minus,5,MUR1.0_MUF1.0_PDF26462,pdf,1,0.0,0.21,0.660984456539154,0.6604964733123779,0.9992617326747271,-0.000738267321139574,0.000738267321139574,-0.0738267321139574
Pythia_minus,5,MUR1.0_MUF1.0_PDF26462,pdf,2,0.21,0.42,0.6471099853515625,0.6464856266975403,0.9990351583685066,-0.0009648416307754815,0.0009648416307754815,-0.09648416307754815
Pythia_minus,5,MUR1.0_MUF1.0_PDF26462,pdf,3,0.42,0.63,0.6394927501678467,0.6390287280082703,0.9992743902734555,-0.0007256097160279751,0.0007256097160279751,-0.07256097160279751
Pythia_minus,5,MUR1.0_MUF1.0_PDF26462,pdf,4,0.63,0.84,0.6380901336669922,0.637734591960907,0.9994428033167635,-0.000557196675799787,0.000557196675799787,-0.055719667579978704
Pythia_minus,5,MUR1.0_MUF1.0_PDF26462,pdf,5,0.84,1.05,0.6463085412979126,0.6462282538414001,0.999875775343536,-0.00012422465078998357,0.00012422465078998357,-0.012422465078998357
Pythia_minus,5,MUR1.0_MUF1.0_PDF26462,pdf,6,1.05,1.37,0.6265755295753479,0.6257610321044922,0.9987000809440999,-0.001299919094890356,0.001299919094890356,-0.1299919094890356
Pythia_minus,5,MUR1.0_MUF1.0_PDF26462,pdf,7,1.37,1.52,0.6408894062042236,0.6408067941665649,0.9998710978261476,-0.00012890217476524413,0.00012890217476524413,-0.012890217476524413
Pythia_minus,5,MUR1.0_MUF1.0_PDF26462,pdf,8,1.52,1.74,0.6314683556556702,0.6320696473121643,1.0009522118584546,0.0009522118489257991,0.0009522118489257991,0.09522118489257991
Pythia_minus,5,MUR1.0_MUF1.0_PDF26462,pdf,9,1.74,1.95,0.5918737053871155,0.5929827690124512,1.0018738180379383,0.0018738179933279753,0.0018738179933279753,0.18738179933279753
Pythia_minus,5,MUR1.0_MUF1.0_PDF26462,pdf,10,1.95,2.18,0.6574898362159729,0.6587607860565186,1.0019330334410343,0.0019330334616824985,0.0019330334616824985,0.19330334616824985
Pythia_minus,5,MUR1.0_MUF1.0_PDF26462,pdf,11,2.18,2.5,0.6256763339042664,0.6300556659698486,1.0069993570609501,0.006999357137829065,0.006999357137829065,0.6999357137829065
Pythia_minus,6,MUR1.0_MUF1.0_PDF26500,pdf,1,0.0,0.21,0.660984456539154,0.6604974865913391,0.9992632656592794,-0.000736734364181757,0.000736734364181757,-0.0736734364181757
Pythia_minus,6,MUR1.0_MUF1.0_PDF26500,pdf,2,0.21,0.42,0.6471099853515625,0.6464859843254089,0.9990357110224245,-0.0009642889490351081,0.0009642889490351081,-0.09642889490351081
Pythia_minus,6,MUR1.0_MUF1.0_PDF26500,pdf,3,0.42,0.63,0.6394927501678467,0.6390288472175598,0.9992745766857167,-0.0007254233350977302,0.0007254233350977302,-0.07254233350977302
Pythia_minus,6,MUR1.0_MUF1.0_PDF26500,pdf,4,0.63,0.84,0.6380901336669922,0.6377345323562622,0.999442709905752,-0.0005572900990955532,0.0005572900990955532,-0.055729009909555316
Pythia_minus,6,MUR1.0_MUF1.0_PDF26500,pdf,5,0.84,1.05,0.6463085412979126,0.6462275981903076,0.9998747608882865,-0.0001252391084562987,0.0001252391084562987,-0.012523910845629871
Pythia_minus,6,MUR1.0_MUF1.0_PDF26500,pdf,6,1.05,1.37,0.6265755295753479,0.6257604360580444,0.9986991296678057,-0.001300870324485004,0.001300870324485004,-0.1300870324485004
Pythia_minus,6,MUR1.0_MUF1.0_PDF26500,pdf,7,1.37,1.52,0.6408894062042236,0.6408059597015381,0.9998697957839875,-0.00013020422193221748,0.00013020422193221748,-0.013020422193221748
Pythia_minus,6,MUR1.0_MUF1.0_PDF26500,pdf,8,1.52,1.74,0.6314683556556702,0.6320696473121643,1.0009522118584546,0.0009522118489257991,0.0009522118489257991,0.09522118489257991
Pythia_minus,6,MUR1.0_MUF1.0_PDF26500,pdf,9,1.74,1.95,0.5918737053871155,0.5929820537567139,1.0018726095778718,0.0018726096022874117,0.0018726096022874117,0.18726096022874117
Pythia_minus,6,MUR1.0_MUF1.0_PDF26500,pdf,10,1.95,2.18,0.6574898362159729,0.6587609648704529,1.0019333054055948,0.0019333054078742862,0.0019333054078742862,0.19333054078742862
Pythia_minus,6,MUR1.0_MUF1.0_PDF26500,pdf,11,2.18,2.5,0.6256763339042664,0.6300554871559143,1.0069990712679218,0.006999071221798658,0.006999071221798658,0.6999071221798658
Pythia_minus,7,MUR1.0_MUF1.0_PDF26501,pdf,1,0.0,0.21,0.660984456539154,0.660460889339447,0.999207897864273,-0.0007921021315269172,0.0007921021315269172,-0.07921021315269172
Pythia_minus,7,MUR1.0_MUF1.0_PDF26501,pdf,2,0.21,0.42,0.6471099853515625,0.6464356780052185,0.9989579710379872,-0.0010420290054753423,0.0010420290054753423,-0.10420290054753423
Pythia_minus,7,MUR1.0_MUF1.0_PDF26501,pdf,3,0.42,0.63,0.6394927501678467,0.6389972567558289,0.9992251774365107,-0.0007748225471004844,0.0007748225471004844,-0.07748225471004844
Pythia_minus,7,MUR1.0_MUF1.0_PDF26501,pdf,4,0.63,0.84,0.6380901336669922,0.6377158164978027,0.9994133788481601,-0.000586621172260493,0.000586621172260493,-0.058662117226049304
Pythia_minus,7,MUR1.0_MUF1.0_PDF26501,pdf,5,0.84,1.05,0.6463085412979126,0.6461978554725647,0.9998287415092402,-0.00017125849262811244,0.00017125849262811244,-0.017125849262811244
Pythia_minus,7,MUR1.0_MUF1.0_PDF26501,pdf,6,1.05,1.37,0.6265755295753479,0.6257310509681702,0.9986522317465062,-0.0013477682368829846,0.0013477682368829846,-0.13477682368829846
Pythia_minus,7,MUR1.0_MUF1.0_PDF26501,pdf,7,1.37,1.52,0.6408894062042236,0.6408012509346008,0.999862448546084,-0.00013755145482718945,0.00013755145482718945,-0.013755145482718945
Pythia_minus,7,MUR1.0_MUF1.0_PDF26501,pdf,8,1.52,1.74,0.6314683556556702,0.6321237087249756,1.0010378240864104,0.0010378240840509534,0.0010378240840509534,0.10378240840509534
Pythia_minus,7,MUR1.0_MUF1.0_PDF26501,pdf,9,1.74,1.95,0.5918737053871155,0.5930346846580505,1.0019615320977568,0.001961532048881054,0.001961532048881054,0.1961532048881054
Pythia_minus,7,MUR1.0_MUF1.0_PDF26501,pdf,10,1.95,2.18,0.6574898362159729,0.658862292766571,1.0020874186565332,0.0020874186884611845,0.0020874186884611845,0.20874186884611845
Pythia_minus,7,MUR1.0_MUF1.0_PDF26501,pdf,11,2.18,2.5,0.6256763339042664,0.63023841381073,1.0072914375360753,0.007291437592357397,0.007291437592357397,0.7291437592357397
Pythia_minus,8,MUR1.0_MUF1.0_PDF26502,pdf,1,0.0,0.21,0.660984456539154,0.6605401039123535,0.9993277411860377,-0.0006722587859258056,0.0006722587859258056,-0.06722587859258056
Pythia_minus,8,MUR1.0_MUF1.0_PDF26502,pdf,2,0.21,0.42,0.6471099853515625,0.6465507745742798,0.9991358334905327,-0.0008641665335744619,0.0008641665335744619,-0.0864166533574462
Pythia_minus,8,MUR1.0_MUF1.0_PDF26502,pdf,3,0.42,0.63,0.6394927501678467,0.6390656232833862,0.999332084868283,-0.0006679151556454599,0.0006679151556454599,-0.06679151556454599
Pythia_minus,8,MUR1.0_MUF1.0_PDF26502,pdf,4,0.63,0.84,0.6380901336669922,0.6377604603767395,0.9994833436957282,-0.0005166563205420971,0.0005166563205420971,-0.05166563205420971
Pythia_minus,8,MUR1.0_MUF1.0_PDF26502,pdf,5,0.84,1.05,0.6463085412979126,0.6462623476982117,0.9999285270165111,-7.147298310883343e-05,7.147298310883343e-05,-0.007147298310883343
Pythia_minus,8,MUR1.0_MUF1.0_PDF26502,pdf,6,1.05,1.37,0.6265755295753479,0.625793993473053,0.9987526865231641,-0.0012473134556785226,0.0012473134556785226,-0.12473134556785226
Pythia_minus,8,MUR1.0_MUF1.0_PDF26502,pdf,7,1.37,1.52,0.6408894062042236,0.6408118009567261,0.9998789100791083,-0.00012108992086723447,0.00012108992086723447,-0.012108992086723447
Pythia_minus,8,MUR1.0_MUF1.0_PDF26502,pdf,8,1.52,1.74,0.6314683556556702,0.6320071220397949,1.0008531961725387,0.0008531961939297616,0.0008531961939297616,0.08531961939297616
Pythia_minus,8,MUR1.0_MUF1.0_PDF26502,pdf,9,1.74,1.95,0.5918737053871155,0.5929211378097534,1.0017696890622179,0.0017696890281513333,0.0017696890281513333,0.17696890281513333
Pythia_minus,8,MUR1.0_MUF1.0_PDF26502,pdf,10,1.95,2.18,0.6574898362159729,0.6586423516273499,1.0017529022471434,0.0017529022879898548,0.0017529022879898548,0.17529022879898548
Pythia_minus,8,MUR1.0_MUF1.0_PDF26502,pdf,11,2.18,2.5,0.6256763339042664,0.6298391819000244,1.0066533569677818,0.006653356831520796,0.006653356831520796,0.6653356831520796
Pythia_minus,9,MUR1.0_MUF1.0_PDF26503,pdf,1,0.0,0.21,0.660984456539154,0.6604948043823242,0.9992592077589939,-0.0007407922530546784,0.0007407922530546784,-0.07407922530546784
Pythia_minus,9,MUR1.0_MUF1.0_PDF26503,pdf,2,0.21,0.42,0.6471099853515625,0.6464864611625671,0.9990364478943149,-0.0009635520982556045,0.0009635520982556045,-0.09635520982556045
Pythia_minus,9,MUR1.0_MUF1.0_PDF26503,pdf,3,0.42,0.63,0.6394927501678467,0.6390265226364136,0.9992709416466242,-0.0007290583453141153,0.0007290583453141153,-0.07290583453141153
Pythia_minus,9,MUR1.0_MUF1.0_PDF26503,pdf,4,0.63,0.84,0.6380901336669922,0.6377333402633667,0.9994408416855233,-0.0005591583321802318,0.0005591583321802318,-0.05591583321802318
Pythia_minus,9,MUR1.0_MUF1.0_PDF26503,pdf,5,0.84,1.05,0.6463085412979126,0.646226704120636,0.999873377540219,-0.00012662245717365295,0.00012662245717365295,-0.012662245717365295
Pythia_minus,9,MUR1.0_MUF1.0_PDF26503,pdf,6,1.05,1.37,0.6265755295753479,0.6257569789886475,0.9986936122653,-0.0013063877122476697,0.0013063877122476697,-0.13063877122476697
Pythia_minus,9,MUR1.0_MUF1.0_PDF26503,pdf,7,1.37,1.52,0.6408894062042236,0.6408097147941589,0.999875654973708,-0.00012434502423275262,0.00012434502423275262,-0.012434502423275262
Pythia_minus,9,MUR1.0_MUF1.0_PDF26503,pdf,8,1.52,1.74,0.6314683556556702,0.6320672035217285,1.000948341845945,0.0009483418543823063,0.0009483418543823063,0.09483418543823063
Pythia_minus,9,MUR1.0_MUF1.0_PDF26503,pdf,9,1.74,1.95,0.5918737053871155,0.5929763913154602,1.0018630426023463,0.0018630425911396742,0.0018630425911396742,0.18630425911396742
Pythia_minus,9,MUR1.0_MUF1.0_PDF26503,pdf,10,1.95,2.18,0.6574898362159729,0.658745527267456,1.0019098257985402,0.0019098258344456553,0.0019098258344456553,0.19098258344456553
Pythia_minus,9,MUR1.0_MUF1.0_PDF26503,pdf,11,2.18,2.5,0.6256763339042664,0.6300420165061951,1.0069775415264415,0.006977541372179985,0.006977541372179985,0.6977541372179985
Pythia_minus,10,MUR1.0_MUF1.0_PDF26504,pdf,1,0.0,0.21,0.660984456539154,0.660500705242157,0.999268135139622,-0.000731864885892719,0.000731864885892719,-0.0731864885892719
Pythia_minus,10,MUR1.0_MUF1.0_PDF26504,pdf,2,0.21,0.42,0.6471099853515625,0.6464921236038208,0.9990451982480134,-0.000954801740590483,0.000954801740590483,-0.0954801740590483
Pythia_minus,10,MUR1.0_MUF1.0_PDF26504,pdf,3,0.42,0.63,0.6394927501678467,0.6390339732170105,0.9992825924129464,-0.0007174075581133366,0.0007174075581133366,-0.07174075581133366
Pythia_minus,10,MUR1.0_MUF1.0_PDF26504,pdf,4,0.63,0.84,0.6380901336669922,0.6377406120300293,0.9994522378289189,-0.0005477621452882886,0.0005477621452882886,-0.05477621452882886
Pythia_minus,10,MUR1.0_MUF1.0_PDF26504,pdf,5,0.84,1.05,0.6463085412979126,0.6462304592132568,0.9998791876021026,-0.00012081240129191428,0.00012081240129191428,-0.012081240129191428
Pythia_minus,10,MUR1.0_MUF1.0_PDF26504,pdf,6,1.05,1.37,0.6265755295753479,0.625760555267334,0.9986993199230646,-0.0013006801018491387,0.0013006801018491387,-0.13006801018491387
Pythia_minus,10,MUR1.0_MUF1.0_PDF26504,pdf,7,1.37,1.52,0.6408894062042236,0.6408021450042725,0.9998638435912555,-0.0001361564063699916,0.0001361564063699916,-0.01361564063699916
Pythia_minus,10,MUR1.0_MUF1.0_PDF26504,pdf,8,1.52,1.74,0.6314683556556702,0.6320704817771912,1.0009535333261408,0.0009535333374515176,0.0009535333374515176,0.09535333374515176
Pythia_minus,10,MUR1.0_MUF1.0_PDF26504,pdf,9,1.74,1.95,0.5918737053871155,0.5929892659187317,1.0018847948835412,0.0018847949104383588,0.0018847949104383588,0.18847949104383588
Pythia_minus,10,MUR1.0_MUF1.0_PDF26504,pdf,10,1.95,2.18,0.6574898362159729,0.6587788462638855,1.0019605018616426,0.0019605017732828856,0.0019605017732828856,0.19605017732828856
Pythia_minus,10,MUR1.0_MUF1.0_PDF26504,pdf,11,2.18,2.5,0.6256763339042664,0.6300709247589111,1.0070237447327155,0.007023744750767946,0.007023744750767946,0.7023744750767946
Pythia_minus,11,MUR1.0_MUF1.0_PDF26505,pdf,1,0.0,0.21,0.660984456539154,0.6605138182640076,0.99928797376324,-0.0007120262598618865,0.0007120262598618865,-0.07120262598618865
Pythia_minus,11,MUR1.0_MUF1.0_PDF26505,pdf,2,0.21,0.42,0.6471099853515625,0.6465262174606323,0.999097884588177,-0.0009021154255606234,0.0009021154255606234,-0.09021154255606234
Pythia_minus,11,MUR1.0_MUF1.0_PDF26505,pdf,3,0.42,0.63,0.6394927501678467,0.6390479803085327,0.9993044958536321,-0.0006955041317269206,0.0006955041317269206,-0.06955041317269206
Pythia_minus,11,MUR1.0_MUF1.0_PDF26505,pdf,4,0.63,0.84,0.6380901336669922,0.6377558708190918,0.9994761510478474,-0.0005238489247858524,0.0005238489247858524,-0.05238489247858524
Pythia_minus,11,MUR1.0_MUF1.0_PDF26505,pdf,5,0.84,1.05,0.6463085412979126,0.6462694406509399,0.9999395015778468,-6.049842340871692e-05,6.049842340871692e-05,-0.006049842340871692
Pythia_minus,11,MUR1.0_MUF1.0_PDF26505,pdf,6,1.05,1.37,0.6265755295753479,0.62582927942276,0.9988090020797754,-0.0011909978929907084,0.0011909978929907084,-0.11909978929907084
Pythia_minus,11,MUR1.0_MUF1.0_PDF26505,pdf,7,1.37,1.52,0.6408894062042236,0.640828013420105,0.9999042068982193,-9.579310426488519e-05,9.579310426488519e-05,-0.009579310426488519
Pythia_minus,11,MUR1.0_MUF1.0_PDF26505,pdf,8,1.52,1.74,0.6314683556556702,0.6320593953132629,1.0009359766840242,0.0009359766845591366,0.0009359766845591366,0.09359766845591366
Pythia_minus,11,MUR1.0_MUF1.0_PDF26505,pdf,9,1.74,1.95,0.5918737053871155,0.5929728746414185,1.0018571010070199,0.001857100985944271,0.001857100985944271,0.1857100985944271
Pythia_minus,11,MUR1.0_MUF1.0_PDF26505,pdf,10,1.95,2.18,0.6574898362159729,0.6587315797805786,1.0018886125628226,0.0018886125180870295,0.0018886125180870295,0.18886125180870295
Pythia_minus,11,MUR1.0_MUF1.0_PDF26505,pdf,11,2.18,2.5,0.6256763339042664,0.6299113631248474,1.0067687220869521,0.006768722087144852,0.006768722087144852,0.6768722087144852
Pythia_minus,12,MUR1.0_MUF1.0_PDF26506,pdf,1,0.0,0.21,0.660984456539154,0.6604669094085693,0.9992170055960249,-0.000782994378823787,0.000782994378823787,-0.0782994378823787
Pythia_minus,12,MUR1.0_MUF1.0_PDF26506,pdf,2,0.21,0.42,0.6471099853515625,0.6464125514030457,0.9989222327513028,-0.0010777672287076712,0.0010777672287076712,-0.10777672287076712
Pythia_minus,12,MUR1.0_MUF1.0_PDF26506,pdf,3,0.42,0.63,0.6394927501678467,0.6389899253845215,0.9992137130824498,-0.0007862868951633573,0.0007862868951633573,-0.07862868951633573
Pythia_minus,12,MUR1.0_MUF1.0_PDF26506,pdf,4,0.63,0.84,0.6380901336669922,0.6376966238021851,0.9993833005024765,-0.00061669951537624,0.00061669951537624,-0.061669951537624
Pythia_minus,12,MUR1.0_MUF1.0_PDF26506,pdf,5,0.84,1.05,0.6463085412979126,0.6461450457572937,0.9997470317500515,-0.0002529682533349842,0.0002529682533349842,-0.02529682533349842
Pythia_minus,12,MUR1.0_MUF1.0_PDF26506,pdf,6,1.05,1.37,0.6265755295753479,0.6256217956542969,0.998477862801796,-0.0015221372013911605,0.0015221372013911605,-0.15221372013911605
Pythia_minus,12,MUR1.0_MUF1.0_PDF26506,pdf,7,1.37,1.52,0.6408894062042236,0.640760600566864,0.9997990204922835,-0.00020097951346542686,0.00020097951346542686,-0.020097951346542686
Pythia_minus,12,MUR1.0_MUF1.0_PDF26506,pdf,8,1.52,1.74,0.6314683556556702,0.6320919990539551,1.000987608314335,0.000987608334980905,0.000987608334980905,0.0987608334980905
Pythia_minus,12,MUR1.0_MUF1.0_PDF26506,pdf,9,1.74,1.95,0.5918737053871155,0.5930021405220032,1.0019065471647361,0.0019065471133217216,0.0019065471133217216,0.19065471133217216
Pythia_minus,12,MUR1.0_MUF1.0_PDF26506,pdf,10,1.95,2.18,0.6574898362159729,0.6588201522827148,1.0020233256751134,0.0020233257673680782,0.0020233257673680782,0.20233257673680782
Pythia_minus,12,MUR1.0_MUF1.0_PDF26506,pdf,11,2.18,2.5,0.6256763339042664,0.6303477883338928,1.0074662476051734,0.007466247770935297,0.007466247770935297,0.7466247770935297
Pythia_minus,13,MUR1.0_MUF1.0_PDF13302,pdf,1,0.0,0.21,0.660984456539154,0.6609445810317993,0.9999396725490891,-6.032744931872003e-05,6.032744931872003e-05,-0.006032744931872003
Pythia_minus,13,MUR1.0_MUF1.0_PDF13302,pdf,2,0.21,0.42,0.6471099853515625,0.6470750570297241,0.9999460241340281,-5.3975865739630535e-05,5.3975865739630535e-05,-0.0053975865739630535
Pythia_minus,13,MUR1.0_MUF1.0_PDF13302,pdf,3,0.42,0.63,0.6394927501678467,0.6394611597061157,0.999950600750794,-4.939924838254228e-05,4.939924838254228e-05,-0.004939924838254228
Pythia_minus,13,MUR1.0_MUF1.0_PDF13302,pdf,4,0.63,0.84,0.6380901336669922,0.6380634307861328,0.9999581518668751,-4.1848132241284475e-05,4.1848132241284475e-05,-0.0041848132241284475
Pythia_minus,13,MUR1.0_MUF1.0_PDF13302,pdf,5,0.84,1.05,0.6463085412979126,0.6462841033935547,0.9999621884861543,-3.781151463044807e-05,3.781151463044807e-05,-0.0037811514630448073
Pythia_minus,13,MUR1.0_MUF1.0_PDF13302,pdf,6,1.05,1.37,0.6265755295753479,0.6265747547149658,0.9999987633408176,-1.2366591590762255e-06,1.2366591590762255e-06,-0.00012366591590762255
Pythia_minus,13,MUR1.0_MUF1.0_PDF13302,pdf,7,1.37,1.52,0.6408894062042236,0.640863835811615,0.9999601017080934,-3.9898292016005144e-05,3.9898292016005144e-05,-0.003989829201600514
Pythia_minus,13,MUR1.0_MUF1.0_PDF13302,pdf,8,1.52,1.74,0.6314683556556702,0.6314427852630615,0.999959506454473,-4.0493545384379104e-05,4.0493545384379104e-05,-0.00404935453843791
Pythia_minus,13,MUR1.0_MUF1.0_PDF13302,pdf,9,1.74,1.95,0.5918737053871155,0.5918506979942322,0.9999611278678645,-3.887213097186759e-05,3.887213097186759e-05,-0.003887213097186759
Pythia_minus,13,MUR1.0_MUF1.0_PDF13302,pdf,10,1.95,2.18,0.6574898362159729,0.6574640870094299,0.999960837103291,-3.9162896428024396e-05,3.9162896428024396e-05,-0.00391628964280244
Pythia_minus,13,MUR1.0_MUF1.0_PDF13302,pdf,11,2.18,2.5,0.6256763339042664,0.6256544589996338,0.9999650379861804,-3.496201316011138e-05,3.496201316011138e-05,-0.0034962013160111383
Pythia_minus,14,MUR1.0_MUF1.0_PDF26507,pdf,1,0.0,0.21,0.660984456539154,0.6604812741279602,0.9992387379064427,-0.0007612620829604566,0.0007612620829604566,-0.07612620829604566
Pythia_minus,14,MUR1.0_MUF1.0_PDF26507,pdf,2,0.21,0.42,0.6471099853515625,0.6464866995811462,0.9990368163302601,-0.0009631836437620223,0.0009631836437620223,-0.09631836437620223
Pythia_minus,14,MUR1.0_MUF1.0_PDF26507,pdf,3,0.42,0.63,0.6394927501678467,0.6390096545219421,0.9992445643116709,-0.0007554356707260013,0.0007554356707260013,-0.07554356707260013
Pythia_minus,14,MUR1.0_MUF1.0_PDF26507,pdf,4,0.63,0.84,0.6380901336669922,0.6377267837524414,0.9994305664742649,-0.0005694334977306426,0.0005694334977306426,-0.056943349773064256
Pythia_minus,14,MUR1.0_MUF1.0_PDF26507,pdf,5,0.84,1.05,0.6463085412979126,0.6462368965148926,0.9998891477081888,-0.0001108522919821553,0.0001108522919821553,-0.01108522919821553
Pythia_minus,14,MUR1.0_MUF1.0_PDF26507,pdf,6,1.05,1.37,0.6265755295753479,0.6257944703102112,0.9987534475441994,-0.00124655244871974,0.00124655244871974,-0.12465524487197399
Pythia_minus,14,MUR1.0_MUF1.0_PDF26507,pdf,7,1.37,1.52,0.6408894062042236,0.6408194303512573,0.9998908144645724,-0.000109185537439771,0.000109185537439771,-0.0109185537439771
Pythia_minus,14,MUR1.0_MUF1.0_PDF26507,pdf,8,1.52,1.74,0.6314683556556702,0.6320412158966064,1.000907187566575,0.000907187582924962,0.000907187582924962,0.0907187582924962
Pythia_minus,14,MUR1.0_MUF1.0_PDF26507,pdf,9,1.74,1.95,0.5918737053871155,0.5929566621780396,1.001829709245515,0.0018297092756256461,0.0018297092756256461,0.1829709275625646
Pythia_minus,14,MUR1.0_MUF1.0_PDF26507,pdf,10,1.95,2.18,0.6574898362159729,0.6587042212486267,1.0018470019850694,0.0018470019567757845,0.0018470019567757845,0.18470019567757845
Pythia_minus,14,MUR1.0_MUF1.0_PDF26507,pdf,11,2.18,2.5,0.6256763339042664,0.6299165487289429,1.0067770100847786,0.006777009926736355,0.006777009926736355,0.6777009926736355
Pythia_minus,15,MUR1.0_MUF1.0_PDF26508,pdf,1,0.0,0.21,0.660984456539154,0.6605132818222046,0.9992871621831828,-0.0007128377910703421,0.0007128377910703421,-0.0712837791070342
Pythia_minus,15,MUR1.0_MUF1.0_PDF26508,pdf,2,0.21,0.42,0.6471099853515625,0.6464892029762268,0.9990406849076847,-0.0009593151044100523,0.0009593151044100523,-0.09593151044100523
Pythia_minus,15,MUR1.0_MUF1.0_PDF26508,pdf,3,0.42,0.63,0.6394927501678467,0.6390473246574402,0.9993034705861957,-0.0006965294014662504,0.0006965294014662504,-0.06965294014662504
Pythia_minus,15,MUR1.0_MUF1.0_PDF26508,pdf,4,0.63,0.84,0.6380901336669922,0.6377458572387695,0.9994604579979255,-0.0005395420012064278,0.0005395420012064278,-0.05395420012064278
Pythia_minus,15,MUR1.0_MUF1.0_PDF26508,pdf,5,0.84,1.05,0.6463085412979126,0.6462203860282898,0.9998636018805418,-0.00013639811368193477,0.00013639811368193477,-0.013639811368193477
Pythia_minus,15,MUR1.0_MUF1.0_PDF26508,pdf,6,1.05,1.37,0.6265755295753479,0.625720202922821,0.9986349185179534,-0.0013650815235450864,0.0013650815235450864,-0.13650815235450864
Pythia_minus,15,MUR1.0_MUF1.0_PDF26508,pdf,7,1.37,1.52,0.6408894062042236,0.6407907009124756,0.9998459870130595,-0.00015401298878714442,0.00015401298878714442,-0.015401298878714442
Pythia_minus,15,MUR1.0_MUF1.0_PDF26508,pdf,8,1.52,1.74,0.6314683556556702,0.6320999264717102,1.0010001622573537,0.0010001622140407562,0.0010001622140407562,0.10001622140407562
Pythia_minus,15,MUR1.0_MUF1.0_PDF26508,pdf,9,1.74,1.95,0.5918737053871155,0.5930100679397583,1.001919940930472,0.001919940928928554,0.001919940928928554,0.1919940928928554
Pythia_minus,15,MUR1.0_MUF1.0_PDF26508,pdf,10,1.95,2.18,0.6574898362159729,0.6588207483291626,1.0020242322236483,0.0020242321770638227,0.0020242321770638227,0.20242321770638227
Pythia_minus,15,MUR1.0_MUF1.0_PDF26508,pdf,11,2.18,2.5,0.6256763339042664,0.6302039623260498,1.007236374745918,0.007236374542117119,0.007236374542117119,0.7236374542117119
Pythia_minus,16,MUR1.0_MUF1.0_PDF26509,pdf,1,0.0,0.21,0.660984456539154,0.6605111956596375,0.9992840060385163,-0.000715993985068053,0.000715993985068053,-0.0715993985068053
Pythia_minus,16,MUR1.0_MUF1.0_PDF26509,pdf,2,0.21,0.42,0.6471099853515625,0.6464982032775879,0.999054593364616,-0.0009454066166654229,0.0009454066166654229,-0.09454066166654229
Pythia_minus,16,MUR1.0_MUF1.0_PDF26509,pdf,3,0.42,0.63,0.6394927501678467,0.6390249729156494,0.9992685182872292,-0.0007314817048609257,0.0007314817048609257,-0.07314817048609257
Pythia_minus,16,MUR1.0_MUF1.0_PDF26509,pdf,4,0.63,0.84,0.6380901336669922,0.6377354264259338,0.9994441110709236,-0.0005558889242820442,0.0005558889242820442,-0.05558889242820442
Pythia_minus,16,MUR1.0_MUF1.0_PDF26509,pdf,5,0.84,1.05,0.6463085412979126,0.6462408304214478,0.999895234439686,-0.00010476556053617969,0.00010476556053617969,-0.01047655605361797
Pythia_minus,16,MUR1.0_MUF1.0_PDF26509,pdf,6,1.05,1.37,0.6265755295753479,0.6257743239402771,0.9987212944054585,-0.0012787055457010865,0.0012787055457010865,-0.12787055457010865
Pythia_minus,16,MUR1.0_MUF1.0_PDF26509,pdf,7,1.37,1.52,0.6408894062042236,0.6408242583274841,0.9998983477084988,-0.00010165229468839243,0.00010165229468839243,-0.010165229468839243
Pythia_minus,16,MUR1.0_MUF1.0_PDF26509,pdf,8,1.52,1.74,0.6314683556556702,0.6320268511772156,1.0008844394442624,0.0008844394469633698,0.0008844394469633698,0.08844394469633698
Pythia_minus,16,MUR1.0_MUF1.0_PDF26509,pdf,9,1.74,1.95,0.5918737053871155,0.5930132269859314,1.001925278295765,0.0019252783386036754,0.0019252783386036754,0.19252783386036754
Pythia_minus,16,MUR1.0_MUF1.0_PDF26509,pdf,10,1.95,2.18,0.6574898362159729,0.6586558222770691,1.001773390244033,0.001773390220478177,0.001773390220478177,0.1773390220478177
Pythia_minus,16,MUR1.0_MUF1.0_PDF26509,pdf,11,2.18,2.5,0.6256763339042664,0.62979656457901,1.0065852429626563,0.006585243158042431,0.006585243158042431,0.6585243158042431
Pythia_minus,17,MUR1.0_MUF1.0_PDF26510,pdf,1,0.0,0.21,0.660984456539154,0.6604873538017273,0.9992479358137565,-0.0007520641665905714,0.0007520641665905714,-0.07520641665905714
Pythia_minus,17,MUR1.0_MUF1.0_PDF26510,pdf,2,0.21,0.42,0.6471099853515625,0.6464819312095642,0.999029447611356,-0.0009705523843877017,0.0009705523843877017,-0.09705523843877017
Pythia_minus,17,MUR1.0_MUF1.0_PDF26510,pdf,3,0.42,0.63,0.6394927501678467,0.6390312314033508,0.9992783049309398,-0.0007216950762085617,0.0007216950762085617,-0.07216950762085617
Pythia_minus,17,MUR1.0_MUF1.0_PDF26510,pdf,4,0.63,0.84,0.6380901336669922,0.6377339363098145,0.9994417757956376,-0.0005582242156378925,0.0005582242156378925,-0.05582242156378925
Pythia_minus,17,MUR1.0_MUF1.0_PDF26510,pdf,5,0.84,1.05,0.6463085412979126,0.6462152004241943,0.9998555784617501,-0.0001444215449737385,0.0001444215449737385,-0.01444215449737385
Pythia_minus,17,MUR1.0_MUF1.0_PDF26510,pdf,6,1.05,1.37,0.6265755295753479,0.6257457733154297,0.9986757282709706,-0.001324271783232689,0.001324271783232689,-0.1324271783232689
Pythia_minus,17,MUR1.0_MUF1.0_PDF26510,pdf,7,1.37,1.52,0.6408894062042236,0.6407881379127502,0.9998419878835677,-0.00015801211702637374,0.00015801211702637374,-0.015801211702637374
Pythia_minus,17,MUR1.0_MUF1.0_PDF26510,pdf,8,1.52,1.74,0.6314683556556702,0.6321039795875549,1.0010065808146866,0.0010065807728096843,0.0010065807728096843,0.10065807728096843
Pythia_minus,17,MUR1.0_MUF1.0_PDF26510,pdf,9,1.74,1.95,0.5918737053871155,0.5929604768753052,1.0018361543658691,0.0018361543770879507,0.0018361543770879507,0.18361543770879507
Pythia_minus,17,MUR1.0_MUF1.0_PDF26510,pdf,10,1.95,2.18,0.6574898362159729,0.6588510274887085,1.002070284889223,0.00207028491422534,0.00207028491422534,0.207028491422534
Pythia_minus,17,MUR1.0_MUF1.0_PDF26510,pdf,11,2.18,2.5,0.6256763339042664,0.630273163318634,1.0073469766479468,0.007346976548433304,0.007346976548433304,0.7346976548433304
Pythia_minus,18,MUR1.0_MUF1.0_PDF26511,pdf,1,0.0,0.21,0.660984456539154,0.660300076007843,0.9989646041982676,-0.0010353957768529654,0.0010353957768529654,-0.10353957768529654
Pythia_minus,18,MUR1.0_MUF1.0_PDF26511,pdf,2,0.21,0.42,0.6471099853515625,0.6462481617927551,0.9986681961670871,-0.0013318038545548916,0.0013318038545548916,-0.13318038545548916
Pythia_minus,18,MUR1.0_MUF1.0_PDF26511,pdf,3,0.42,0.63,0.6394927501678467,0.6388646364212036,0.9990177937959762,-0.000982206198386848,0.000982206198386848,-0.0982206198386848
Pythia_minus,18,MUR1.0_MUF1.0_PDF26511,pdf,4,0.63,0.84,0.6380901336669922,0.6376238465309143,0.9992692456575089,-0.000730754341930151,0.000730754341930151,-0.0730754341930151
Pythia_minus,18,MUR1.0_MUF1.0_PDF26511,pdf,5,0.84,1.05,0.6463085412979126,0.6460805535316467,0.9996472462427806,-0.0003527537628542632,0.0003527537628542632,-0.03527537628542632
Pythia_minus,18,MUR1.0_MUF1.0_PDF26511,pdf,6,1.05,1.37,0.6265755295753479,0.6256862282752991,0.9985806957691892,-0.0014193042879924178,0.0014193042879924178,-0.14193042879924178
Pythia_minus,18,MUR1.0_MUF1.0_PDF26511,pdf,7,1.37,1.52,0.6408894062042236,0.6407878398895264,0.9998415228685105,-0.00015847713802941144,0.00015847713802941144,-0.015847713802941144
Pythia_minus,18,MUR1.0_MUF1.0_PDF26511,pdf,8,1.52,1.74,0.6314683556556702,0.6321732997894287,1.0011163570231902,0.0011163570452481508,0.0011163570452481508,0.11163570452481508
Pythia_minus,18,MUR1.0_MUF1.0_PDF26511,pdf,9,1.74,1.95,0.5918737053871155,0.5929100513458252,1.001750957931189,0.0017509579192847013,0.0017509579192847013,0.17509579192847013
Pythia_minus,18,MUR1.0_MUF1.0_PDF26511,pdf,10,1.95,2.18,0.6574898362159729,0.6590846180915833,1.0024255612600625,0.0024255611933767796,0.0024255611933767796,0.24255611933767796
Pythia_minus,18,MUR1.0_MUF1.0_PDF26511,pdf,11,2.18,2.5,0.6256763339042664,0.6307591199874878,1.0081236668350622,0.008123666979372501,0.008123666979372501,0.8123666979372501
Pythia_minus,19,MUR1.0_MUF1.0_PDF26512,pdf,1,0.0,0.21,0.660984456539154,0.660683274269104,0.9995443428857208,-0.00045565710752271116,0.00045565710752271116,-0.045565710752271116
Pythia_minus,19,MUR1.0_MUF1.0_PDF26512,pdf,2,0.21,0.42,0.6471099853515625,0.6467103362083435,0.999382409246858,-0.0006175907328724861,0.0006175907328724861,-0.06175907328724861
Pythia_minus,19,MUR1.0_MUF1.0_PDF26512,pdf,3,0.42,0.63,0.6394927501678467,0.6391801834106445,0.9995112270512526,-0.0004887729301117361,0.0004887729301117361,-0.048877293011173606
Pythia_minus,19,MUR1.0_MUF1.0_PDF26512,pdf,4,0.63,0.84,0.6380901336669922,0.6378400325775146,0.999608047396,-0.00039195260615088046,0.00039195260615088046,-0.039195260615088046
Pythia_minus,19,MUR1.0_MUF1.0_PDF26512,pdf,5,0.84,1.05,0.6463085412979126,0.6463668346405029,1.0000901942940028,9.019429126055911e-05,9.019429126055911e-05,0.009019429126055911
Pythia_minus,19,MUR1.0_MUF1.0_PDF26512,pdf,6,1.05,1.37,0.6265755295753479,0.6258273720741272,0.9988059579956342,-0.0011940420372411609,0.0011940420372411609,-0.11940420372411609
Pythia_minus,19,MUR1.0_MUF1.0_PDF26512,pdf,7,1.37,1.52,0.6408894062042236,0.6408212780952454,0.9998936975579269,-0.00010630243923515081,0.00010630243923515081,-0.010630243923515081
Pythia_minus,19,MUR1.0_MUF1.0_PDF26512,pdf,8,1.52,1.74,0.6314683556556702,0.6319708824157715,1.0007958067187381,0.0007958066998980939,0.0007958066998980939,0.0795806699898094
Pythia_minus,19,MUR1.0_MUF1.0_PDF26512,pdf,9,1.74,1.95,0.5918737053871155,0.5930512547492981,1.0019895280892948,0.0019895280711352825,0.0019895280711352825,0.19895280711352825
Pythia_minus,19,MUR1.0_MUF1.0_PDF26512,pdf,10,1.95,2.18,0.6574898362159729,0.6584507822990417,1.0014615375480165,0.001461537554860115,0.001461537554860115,0.1461537554860115
Pythia_minus,19,MUR1.0_MUF1.0_PDF26512,pdf,11,2.18,2.5,0.6256763339042664,0.6293800473213196,1.005919535734941,0.005919535644352436,0.005919535644352436,0.5919535644352436
Pythia_minus,20,MUR1.0_MUF1.0_PDF26513,pdf,1,0.0,0.21,0.660984456539154,0.6605168581008911,0.9992925727168968,-0.0007074272725731134,0.0007074272725731134,-0.07074272725731134
Pythia_minus,20,MUR1.0_MUF1.0_PDF26513,pdf,2,0.21,0.42,0.6471099853515625,0.6465116143226624,0.9990753178865335,-0.0009246821282431483,0.0009246821282431483,-0.09246821282431483
Pythia_minus,20,MUR1.0_MUF1.0_PDF26513,pdf,3,0.42,0.63,0.6394927501678467,0.6390478610992432,0.9993043094413709,-0.0006956905708648264,0.0006956905708648264,-0.06956905708648264
Pythia_minus,20,MUR1.0_MUF1.0_PDF26513,pdf,4,0.63,0.84,0.6380901336669922,0.6377483010292053,0.9994642878493946,-0.0005357121699489653,0.0005357121699489653,-0.05357121699489653
Pythia_minus,20,MUR1.0_MUF1.0_PDF26513,pdf,5,0.84,1.05,0.6463085412979126,0.6462491750717163,0.9999081456883162,-9.185430826619267e-05,9.185430826619267e-05,-0.009185430826619267
Pythia_minus,20,MUR1.0_MUF1.0_PDF26513,pdf,6,1.05,1.37,0.6265755295753479,0.6257704496383667,0.9987151111095468,-0.0012848889455199242,0.0012848889455199242,-0.12848889455199242
Pythia_minus,20,MUR1.0_MUF1.0_PDF26513,pdf,7,1.37,1.52,0.6408894062042236,0.64081209897995,0.9998793750941656,-0.00012062490714015439,0.00012062490714015439,-0.01206249071401544
Pythia_minus,20,MUR1.0_MUF1.0_PDF26513,pdf,8,1.52,1.74,0.6314683556556702,0.632064938545227,1.0009447550050825,0.0009447549819014966,0.0009447549819014966,0.09447549819014966
Pythia_minus,20,MUR1.0_MUF1.0_PDF26513,pdf,9,1.74,1.95,0.5918737053871155,0.593006432056427,1.0019137979251345,0.0019137979252263904,0.0019137979252263904,0.19137979252263904
Pythia_minus,20,MUR1.0_MUF1.0_PDF26513,pdf,10,1.95,2.18,0.6574898362159729,0.6587325930595398,1.001890153695332,0.0018901537405326962,0.0018901537405326962,0.18901537405326962
Pythia_minus,20,MUR1.0_MUF1.0_PDF26513,pdf,11,2.18,2.5,0.6256763339042664,0.629970133304596,1.0068626527289852,0.006862652953714132,0.006862652953714132,0.6862652953714132
Pythia_minus,21,MUR1.0_MUF1.0_PDF26514,pdf,1,0.0,0.21,0.660984456539154,0.6604804396629333,0.9992374754485761,-0.0007625245489180088,0.0007625245489180088,-0.07625245489180088
Pythia_minus,21,MUR1.0_MUF1.0_PDF26514,pdf,2,0.21,0.42,0.6471099853515625,0.6464682221412659,0.999008262544507,-0.0009917374700307846,0.0009917374700307846,-0.09917374700307846
Pythia_minus,21,MUR1.0_MUF1.0_PDF26514,pdf,3,0.42,0.63,0.6394927501678467,0.6390163898468018,0.9992550966044261,-0.0007449034019373357,0.0007449034019373357,-0.07449034019373357
Pythia_minus,21,MUR1.0_MUF1.0_PDF26514,pdf,4,0.63,0.84,0.6380901336669922,0.6377238631248474,0.9994259893347044,-0.0005740106571465731,0.0005740106571465731,-0.05740106571465731
Pythia_minus,21,MUR1.0_MUF1.0_PDF26514,pdf,5,0.84,1.05,0.6463085412979126,0.6462119221687317,0.9998505061855025,-0.00014949381875339895,0.00014949381875339895,-0.014949381875339895
Pythia_minus,21,MUR1.0_MUF1.0_PDF26514,pdf,6,1.05,1.37,0.6265755295753479,0.6257494688034058,0.9986816261839941,-0.001318373833782971,0.001318373833782971,-0.1318373833782971
Pythia_minus,21,MUR1.0_MUF1.0_PDF26514,pdf,7,1.37,1.52,0.6408894062042236,0.6407979130744934,0.9998572403774434,-0.00014275962894316763,0.00014275962894316763,-0.014275962894316763
Pythia_minus,21,MUR1.0_MUF1.0_PDF26514,pdf,8,1.52,1.74,0.6314683556556702,0.6320732831954956,1.0009579696819444,0.0009579696925356984,0.0009579696925356984,0.09579696925356984
Pythia_minus,21,MUR1.0_MUF1.0_PDF26514,pdf,9,1.74,1.95,0.5918737053871155,0.5929630398750305,1.001840484681107,0.0018404846778139472,0.0018404846778139472,0.18404846778139472
Pythia_minus,21,MUR1.0_MUF1.0_PDF26514,pdf,10,1.95,2.18,0.6574898362159729,0.6587874889373779,1.0019736468153992,0.0019736469257622957,0.0019736469257622957,0.19736469257622957
Pythia_minus,21,MUR1.0_MUF1.0_PDF26514,pdf,11,2.18,2.5,0.6256763339042664,0.6301307678222656,1.0071193901329194,0.007119390182197094,0.007119390182197094,0.7119390182197094
Pythia_minus,22,MUR1.0_MUF1.0_PDF26515,pdf,1,0.0,0.21,0.660984456539154,0.6604366898536682,0.9991712865861417,-0.0008287134114652872,0.0008287134114652872,-0.08287134114652872
Pythia_minus,22,MUR1.0_MUF1.0_PDF26515,pdf,2,0.21,0.42,0.6471099853515625,0.6463683247566223,0.9988538878834682,-0.0011461121030151844,0.0011461121030151844,-0.11461121030151844
Pythia_minus,22,MUR1.0_MUF1.0_PDF26515,pdf,3,0.42,0.63,0.6394927501678467,0.6389843225479126,0.9992049517061755,-0.0007950483122840524,0.0007950483122840524,-0.07950483122840524
Pythia_minus,22,MUR1.0_MUF1.0_PDF26515,pdf,4,0.63,0.84,0.6380901336669922,0.6376726031303406,0.9993456558648663,-0.0006543441559188068,0.0006543441559188068,-0.06543441559188068
Pythia_minus,22,MUR1.0_MUF1.0_PDF26515,pdf,5,0.84,1.05,0.6463085412979126,0.6460691094398499,0.9996295393875162,-0.00037046062061563134,0.00037046062061563134,-0.037046062061563134
Pythia_minus,22,MUR1.0_MUF1.0_PDF26515,pdf,6,1.05,1.37,0.6265755295753479,0.6255167126655579,0.9983101527911445,-0.0016898472094908357,0.0016898472094908357,-0.16898472094908357
Pythia_minus,22,MUR1.0_MUF1.0_PDF26515,pdf,7,1.37,1.52,0.6408894062042236,0.6406903862953186,0.9996894629448102,-0.00031053705606609583,0.00031053705606609583,-0.031053705606609583
Pythia_minus,22,MUR1.0_MUF1.0_PDF26515,pdf,8,1.52,1.74,0.6314683556556702,0.6321029663085938,1.0010049761753534,0.0010049762204289436,0.0010049762204289436,0.10049762204289436
Pythia_minus,22,MUR1.0_MUF1.0_PDF26515,pdf,9,1.74,1.95,0.5918737053871155,0.5928646326065063,1.0016742207169733,0.0016742206644266844,0.0016742206644266844,0.16742206644266844
Pythia_minus,22,MUR1.0_MUF1.0_PDF26515,pdf,10,1.95,2.18,0.6574898362159729,0.6589469313621521,1.0022161485484935,0.002216148655861616,0.002216148655861616,0.2216148655861616
Pythia_minus,22,MUR1.0_MUF1.0_PDF26515,pdf,11,2.18,2.5,0.6256763339042664,0.6308262348175049,1.008230934485092,0.008230934850871563,0.008230934850871563,0.8230934850871563
Pythia_minus,23,MUR1.0_MUF1.0_PDF26516,pdf,1,0.0,0.21,0.660984456539154,0.6605539321899414,0.9993486619163984,-0.0006513380794785917,0.0006513380794785917,-0.06513380794785917
Pythia_minus,23,MUR1.0_MUF1.0_PDF26516,pdf,2,0.21,0.42,0.6471099853515625,0.6465988159179688,0.9992100733334905,-0.0007899266784079373,0.0007899266784079373,-0.07899266784079373
Pythia_minus,23,MUR1.0_MUF1.0_PDF26516,pdf,3,0.42,0.63,0.6394927501678467,0.639069676399231,0.9993384228851622,-0.0006615770980715752,0.0006615770980715752,-0.06615770980715752
Pythia_minus,23,MUR1.0_MUF1.0_PDF26516,pdf,4,0.63,0.84,0.6380901336669922,0.6377941966056824,0.9995362143282029,-0.0004637856618501246,0.0004637856618501246,-0.04637856618501246
Pythia_minus,23,MUR1.0_MUF1.0_PDF26516,pdf,5,0.84,1.05,0.6463085412979126,0.6463727951049805,1.000099416614453,9.941661119228229e-05,9.941661119228229e-05,0.009941661119228229
Pythia_minus,23,MUR1.0_MUF1.0_PDF26516,pdf,6,1.05,1.37,0.6265755295753479,0.6259822845458984,0.9990531947044732,-0.0009468052885495126,0.0009468052885495126,-0.09468052885495126
Pythia_minus,23,MUR1.0_MUF1.0_PDF26516,pdf,7,1.37,1.52,0.6408894062042236,0.6409110426902771,1.000033760093152,3.3760094083845615e-05,3.3760094083845615e-05,0.0033760094083845615
Pythia_minus,23,MUR1.0_MUF1.0_PDF26516,pdf,8,1.52,1.74,0.6314683556556702,0.6320385336875916,1.0009029399918692,0.0009029399952851236,0.0009029399952851236,0.09029399952851236
Pythia_minus,23,MUR1.0_MUF1.0_PDF26516,pdf,9,1.74,1.95,0.5918737053871155,0.5930926203727722,1.002059417363134,0.002059417311102152,0.002059417311102152,0.2059417311102152
Pythia_minus,23,MUR1.0_MUF1.0_PDF26516,pdf,10,1.95,2.18,0.6574898362159729,0.6585867404937744,1.0016683212688344,0.0016683213179931045,0.0016683213179931045,0.16683213179931045
Pythia_minus,23,MUR1.0_MUF1.0_PDF26516,pdf,11,2.18,2.5,0.6256763339042664,0.6293292045593262,1.0058382752505048,0.005838275421410799,0.005838275421410799,0.5838275421410799
Pythia_minus,24,MUR1.0_MUF1.0_PDF13303,pdf,1,0.0,0.21,0.660984456539154,0.6609548330307007,0.9999551827457358,-4.481725409277715e-05,4.481725409277715e-05,-0.004481725409277715
Pythia_minus,24,MUR1.0_MUF1.0_PDF13303,pdf,2,0.21,0.42,0.6471099853515625,0.6470813155174255,0.9999556955775897,-4.430442277225666e-05,4.430442277225666e-05,-0.004430442277225666
Pythia_minus,24,MUR1.0_MUF1.0_PDF13303,pdf,3,0.42,0.63,0.6394927501678467,0.6394638419151306,0.99995479502667,-4.520497168414295e-05,4.520497168414295e-05,-0.004520497168414295
Pythia_minus,24,MUR1.0_MUF1.0_PDF13303,pdf,4,0.63,0.84,0.6380901336669922,0.6380645632743835,0.9999599266760925,-4.007332245237194e-05,4.007332245237194e-05,-0.004007332245237194
Pythia_minus,24,MUR1.0_MUF1.0_PDF13303,pdf,5,0.84,1.05,0.6463085412979126,0.6462804079055786,0.9999564706474752,-4.352935138740577e-05,4.352935138740577e-05,-0.004352935138740577
Pythia_minus,24,MUR1.0_MUF1.0_PDF13303,pdf,6,1.05,1.37,0.6265755295753479,0.6265425086021423,0.9999472992933064,-5.27007068740204e-05,5.27007068740204e-05,-0.00527007068740204
Pythia_minus,24,MUR1.0_MUF1.0_PDF13303,pdf,7,1.37,1.52,0.6408894062042236,0.6408664584159851,0.9999641938405965,-3.580615884857252e-05,3.580615884857252e-05,-0.0035806158848572522
Pythia_minus,24,MUR1.0_MUF1.0_PDF13303,pdf,8,1.52,1.74,0.6314683556556702,0.6314495801925659,0.9999702669770606,-2.9733022529399022e-05,2.9733022529399022e-05,-0.0029733022529399022
Pythia_minus,24,MUR1.0_MUF1.0_PDF13303,pdf,9,1.74,1.95,0.5918737053871155,0.5918554663658142,0.9999691842683072,-3.081573231611401e-05,3.081573231611401e-05,-0.003081573231611401
Pythia_minus,24,MUR1.0_MUF1.0_PDF13303,pdf,10,1.95,2.18,0.6574898362159729,0.657468318939209,0.999967273597889,-3.272640242357738e-05,3.272640242357738e-05,-0.0032726402423577383
Pythia_minus,24,MUR1.0_MUF1.0_PDF13303,pdf,11,2.18,2.5,0.6256763339042664,0.6256592273712158,0.999972659133607,-2.734086592681706e-05,2.734086592681706e-05,-0.002734086592681706
Pythia_minus,25,MUR1.0_MUF1.0_PDF26517,pdf,1,0.0,0.21,0.660984456539154,0.6597398519515991,0.9981170440919722,-0.0018829558975994587,0.0018829558975994587,-0.18829558975994587
Pythia_minus,25,MUR1.0_MUF1.0_PDF26517,pdf,2,0.21,0.42,0.6471099853515625,0.64593905210495,0.998190518964135,-0.0018094810657203197,0.0018094810657203197,-0.18094810657203197
Pythia_minus,25,MUR1.0_MUF1.0_PDF26517,pdf,3,0.42,0.63,0.6394927501678467,0.6384504437446594,0.9983701043945945,-0.0016298956470564008,0.0016298956470564008,-0.16298956470564008
Pythia_minus,25,MUR1.0_MUF1.0_PDF26517,pdf,4,0.63,0.84,0.6380901336669922,0.6376190185546875,0.9992616793655823,-0.0007383206393569708,0.0007383206393569708,-0.07383206393569708
Pythia_minus,25,MUR1.0_MUF1.0_PDF26517,pdf,5,0.84,1.05,0.6463085412979126,0.6465724110603333,1.0004082721263297,0.00040827211341820657,0.00040827211341820657,0.04082721134182066
Pythia_minus,25,MUR1.0_MUF1.0_PDF26517,pdf,6,1.05,1.37,0.6265755295753479,0.62721186876297,1.001015582571591,0.001015582587569952,0.001015582587569952,0.1015582587569952
Pythia_minus,25,MUR1.0_MUF1.0_PDF26517,pdf,7,1.37,1.52,0.6408894062042236,0.6415707468986511,1.001063117423742,0.0010631174081936479,0.0010631174081936479,0.10631174081936479
Pythia_minus,25,MUR1.0_MUF1.0_PDF26517,pdf,8,1.52,1.74,0.6314683556556702,0.6326666474342346,1.00189762759738,0.0018976276041939855,0.0018976276041939855,0.18976276041939855
Pythia_minus,25,MUR1.0_MUF1.0_PDF26517,pdf,9,1.74,1.95,0.5918737053871155,0.5933753252029419,1.0025370612043734,0.0025370612274855375,0.0025370612274855375,0.25370612274855375
Pythia_minus,25,MUR1.0_MUF1.0_PDF26517,pdf,10,1.95,2.18,0.6574898362159729,0.6598807573318481,1.0036364381381706,0.0036364381667226553,0.0036364381667226553,0.36364381667226553
Pythia_minus,25,MUR1.0_MUF1.0_PDF26517,pdf,11,2.18,2.5,0.6256763339042664,0.6295510530471802,1.0061928491345282,0.006192849017679691,0.006192849017679691,0.6192849017679691
Pythia_minus,26,MUR1.0_MUF1.0_PDF26518,pdf,1,0.0,0.21,0.660984456539154,0.661008358001709,1.0000361604003218,3.6160399758955464e-05,3.6160399758955464e-05,0.0036160399758955464
Pythia_minus,26,MUR1.0_MUF1.0_PDF26518,pdf,2,0.21,0.42,0.6471099853515625,0.6468586921691895,0.9996116685137588,-0.0003883314784616232,0.0003883314784616232,-0.03883314784616232
Pythia_minus,26,MUR1.0_MUF1.0_PDF26518,pdf,3,0.42,0.63,0.6394927501678467,0.6394196152687073,0.9998856360777816,-0.00011436392378527671,0.00011436392378527671,-0.011436392378527671
Pythia_minus,26,MUR1.0_MUF1.0_PDF26518,pdf,4,0.63,0.84,0.6380901336669922,0.6378172039985657,0.9995722709786186,-0.0004277290136087686,0.0004277290136087686,-0.04277290136087686
Pythia_minus,26,MUR1.0_MUF1.0_PDF26518,pdf,5,0.84,1.05,0.6463085412979126,0.6459901928901672,0.9995074358647558,-0.000492564111482352,0.000492564111482352,-0.0492564111482352
Pythia_minus,26,MUR1.0_MUF1.0_PDF26518,pdf,6,1.05,1.37,0.6265755295753479,0.6247540712356567,0.9970929947728319,-0.00290700513869524,0.00290700513869524,-0.290700513869524
Pythia_minus,26,MUR1.0_MUF1.0_PDF26518,pdf,7,1.37,1.52,0.6408894062042236,0.6402662396430969,0.9990276535154208,-0.0009723464609123766,0.0009723464609123766,-0.09723464609123766
Pythia_minus,26,MUR1.0_MUF1.0_PDF26518,pdf,8,1.52,1.74,0.6314683556556702,0.6316429972648621,1.0002765643086113,0.00027656430029310286,0.00027656430029310286,0.027656430029310286
Pythia_minus,26,MUR1.0_MUF1.0_PDF26518,pdf,9,1.74,1.95,0.5918737053871155,0.5926985740661621,1.0013936565715604,0.0013936565956100821,0.0013936565956100821,0.13936565956100821
Pythia_minus,26,MUR1.0_MUF1.0_PDF26518,pdf,10,1.95,2.18,0.6574898362159729,0.6579447984695435,1.0006919684967133,0.0006919684819877148,0.0006919684819877148,0.06919684819877148
Pythia_minus,26,MUR1.0_MUF1.0_PDF26518,pdf,11,2.18,2.5,0.6256763339042664,0.6304148435592651,1.0075734199908604,0.0075734201818704605,0.0075734201818704605,0.757342018187046
Pythia_minus,27,MUR1.0_MUF1.0_PDF26519,pdf,1,0.0,0.21,0.660984456539154,0.6610324382781982,1.0000725913273292,7.259132689796388e-05,7.259132689796388e-05,0.007259132689796388
Pythia_minus,27,MUR1.0_MUF1.0_PDF26519,pdf,2,0.21,0.42,0.6471099853515625,0.6468636989593506,0.9996194056686081,-0.00038059434155002236,0.00038059434155002236,-0.038059434155002236
Pythia_minus,27,MUR1.0_MUF1.0_PDF26519,pdf,3,0.42,0.63,0.6394927501678467,0.6394285559654236,0.9998996169973682,-0.00010038300388259813,0.00010038300388259813,-0.010038300388259813
Pythia_minus,27,MUR1.0_MUF1.0_PDF26519,pdf,4,0.63,0.84,0.6380901336669922,0.637813925743103,0.9995671333729894,-0.0004328666254878044,0.0004328666254878044,-0.04328666254878044
Pythia_minus,27,MUR1.0_MUF1.0_PDF26519,pdf,5,0.84,1.05,0.6463085412979126,0.6459405422210693,0.9994306139354058,-0.0005693860584869981,0.0005693860584869981,-0.05693860584869981
Pythia_minus,27,MUR1.0_MUF1.0_PDF26519,pdf,6,1.05,1.37,0.6265755295753479,0.6246626377105713,0.9969470689893155,-0.003052931046113372,0.003052931046113372,-0.3052931046113372
Pythia_minus,27,MUR1.0_MUF1.0_PDF26519,pdf,7,1.37,1.52,0.6408894062042236,0.6402201056480408,0.9989556691845682,-0.0010443307692185044,0.0010443307692185044,-0.10443307692185044
Pythia_minus,27,MUR1.0_MUF1.0_PDF26519,pdf,8,1.52,1.74,0.6314683556556702,0.6315509676933289,1.0001308253009336,0.00013082529767416418,0.00013082529767416418,0.013082529767416418
Pythia_minus,27,MUR1.0_MUF1.0_PDF26519,pdf,9,1.74,1.95,0.5918737053871155,0.5925468802452087,1.001137362332481,0.001137362327426672,0.001137362327426672,0.1137362327426672
Pythia_minus,27,MUR1.0_MUF1.0_PDF26519,pdf,10,1.95,2.18,0.6574898362159729,0.6578676700592041,1.0005746611162931,0.0005746611277572811,0.0005746611277572811,0.057466112775728106
Pythia_minus,27,MUR1.0_MUF1.0_PDF26519,pdf,11,2.18,2.5,0.6256763339042664,0.6304473876953125,1.007625434322047,0.007625434547662735,0.007625434547662735,0.7625434547662735
Pythia_minus,28,MUR1.0_MUF1.0_PDF26520,pdf,1,0.0,0.21,0.660984456539154,0.659721851348877,0.9980898110722785,-0.0019101889338344336,0.0019101889338344336,-0.19101889338344336
Pythia_minus,28,MUR1.0_MUF1.0_PDF26520,pdf,2,0.21,0.42,0.6471099853515625,0.6459439396858215,0.9981980719010116,-0.00180192815605551,0.00180192815605551,-0.180192815605551
Pythia_minus,28,MUR1.0_MUF1.0_PDF26520,pdf,3,0.42,0.63,0.6394927501678467,0.638452410697937,0.9983731801969036,-0.0016268198378384113,0.0016268198378384113,-0.16268198378384113
Pythia_minus,28,MUR1.0_MUF1.0_PDF26520,pdf,4,0.63,0.84,0.6380901336669922,0.6376262903213501,0.9992730755089779,-0.0007269245106726885,0.0007269245106726885,-0.07269245106726885
Pythia_minus,28,MUR1.0_MUF1.0_PDF26520,pdf,5,0.84,1.05,0.6463085412979126,0.6466308236122131,1.0004986508667413,0.0004986508865840733,0.0004986508865840733,0.04986508865840733
Pythia_minus,28,MUR1.0_MUF1.0_PDF26520,pdf,6,1.05,1.37,0.6265755295753479,0.6272968053817749,1.0011511394435015,0.0011511394986882806,0.0011511394986882806,0.11511394986882806
Pythia_minus,28,MUR1.0_MUF1.0_PDF26520,pdf,7,1.37,1.52,0.6408894062042236,0.6416183710098267,1.0011374268298807,0.001137426821514964,0.001137426821514964,0.11374268215149641
Pythia_minus,28,MUR1.0_MUF1.0_PDF26520,pdf,8,1.52,1.74,0.6314683556556702,0.6327884793281555,1.002090561879565,0.0020905619021505117,0.0020905619021505117,0.20905619021505117
Pythia_minus,28,MUR1.0_MUF1.0_PDF26520,pdf,9,1.74,1.95,0.5918737053871155,0.5935827493667603,1.0028875146236256,0.002887514652684331,0.002887514652684331,0.2887514652684331
Pythia_minus,28,MUR1.0_MUF1.0_PDF26520,pdf,10,1.95,2.18,0.6574898362159729,0.6599776148796082,1.003783752275097,0.0037837522104382515,0.0037837522104382515,0.37837522104382515
Pythia_minus,28,MUR1.0_MUF1.0_PDF26520,pdf,11,2.18,2.5,0.6256763339042664,0.6295382380485535,1.0061723673008192,0.006172367371618748,0.006172367371618748,0.6172367371618748
Pythia_minus,29,MUR1.0_MUF1.0_PDF26521,pdf,1,0.0,0.21,0.660984456539154,0.6608597636222839,0.9998113527245058,-0.00018864727462641895,0.00018864727462641895,-0.018864727462641895
Pythia_minus,29,MUR1.0_MUF1.0_PDF26521,pdf,2,0.21,0.42,0.6471099853515625,0.6467894911766052,0.9995047299806645,-0.0004952700110152364,0.0004952700110152364,-0.04952700110152364
Pythia_minus,29,MUR1.0_MUF1.0_PDF26521,pdf,3,0.42,0.63,0.6394927501678467,0.6393069624900818,0.9997094764909905,-0.00029052351601421833,0.00029052351601421833,-0.029052351601421833
Pythia_minus,29,MUR1.0_MUF1.0_PDF26521,pdf,4,0.63,0.84,0.6380901336669922,0.6378338932991028,0.9995984260618217,-0.0004015739250462502,0.0004015739250462502,-0.04015739250462502
Pythia_minus,29,MUR1.0_MUF1.0_PDF26521,pdf,5,0.84,1.05,0.6463085412979126,0.6461580991744995,0.9997672286318374,-0.0002327713737031445,0.0002327713737031445,-0.02327713737031445
Pythia_minus,29,MUR1.0_MUF1.0_PDF26521,pdf,6,1.05,1.37,0.6265755295753479,0.6252714395523071,0.9979187025961186,-0.0020812973380088806,0.0020812973380088806,-0.20812973380088806
Pythia_minus,29,MUR1.0_MUF1.0_PDF26521,pdf,7,1.37,1.52,0.6408894062042236,0.6405355334281921,0.9994478411210955,-0.0005521588609553874,0.0005521588609553874,-0.055215886095538735
Pythia_minus,29,MUR1.0_MUF1.0_PDF26521,pdf,8,1.52,1.74,0.6314683556556702,0.6317336559295654,1.000420132333662,0.00042013233178295195,0.00042013233178295195,0.042013233178295195
Pythia_minus,29,MUR1.0_MUF1.0_PDF26521,pdf,9,1.74,1.95,0.5918737053871155,0.5927538871765137,1.0014871108166945,0.0014871108578518033,0.0014871108578518033,0.14871108578518033
Pythia_minus,29,MUR1.0_MUF1.0_PDF26521,pdf,10,1.95,2.18,0.6574898362159729,0.6581610441207886,1.0010208643051863,0.00102086435072124,0.00102086435072124,0.102086435072124
Pythia_minus,29,MUR1.0_MUF1.0_PDF26521,pdf,11,2.18,2.5,0.6256763339042664,0.6298589706420898,1.0066849847296022,0.0066849845461547375,0.0066849845461547375,0.6684984546154737
Pythia_minus,30,MUR1.0_MUF1.0_PDF26522,pdf,1,0.0,0.21,0.660984456539154,0.6598738431930542,0.9983197587551228,-0.0016802411992102861,0.0016802411992102861,-0.16802411992102861
Pythia_minus,30,MUR1.0_MUF1.0_PDF26522,pdf,2,0.21,0.42,0.6471099853515625,0.6459668874740601,0.9982335338607371,-0.0017664661863818765,0.0017664661863818765,-0.17664661863818765
Pythia_minus,30,MUR1.0_MUF1.0_PDF26522,pdf,3,0.42,0.63,0.6394927501678467,0.6385537385940552,0.998531630618885,-0.0014683693880215287,0.0014683693880215287,-0.14683693880215287
Pythia_minus,30,MUR1.0_MUF1.0_PDF26522,pdf,4,0.63,0.84,0.6380901336669922,0.637572169303894,0.9991882583105909,-0.0008117416873574257,0.0008117416873574257,-0.08117416873574257
Pythia_minus,30,MUR1.0_MUF1.0_PDF26522,pdf,5,0.84,1.05,0.6463085412979126,0.6463449001312256,1.0000562561547461,5.625615449389443e-05,5.625615449389443e-05,0.005625615449389443
Pythia_minus,30,MUR1.0_MUF1.0_PDF26522,pdf,6,1.05,1.37,0.6265755295753479,0.6265795826911926,1.0000064686788,6.468678748206003e-06,6.468678748206003e-06,0.0006468678748206003
Pythia_minus,30,MUR1.0_MUF1.0_PDF26522,pdf,7,1.37,1.52,0.6408894062042236,0.6412577033042908,1.0005746656076724,0.0005746656097471714,0.0005746656097471714,0.05746656097471714
Pythia_minus,30,MUR1.0_MUF1.0_PDF26522,pdf,8,1.52,1.74,0.6314683556556702,0.6326268911361694,1.0018346691011877,0.0018346691504120827,0.0018346691504120827,0.18346691504120827
Pythia_minus,30,MUR1.0_MUF1.0_PDF26522,pdf,9,1.74,1.95,0.5918737053871155,0.5933570265769958,1.002506144767675,0.0025061448104679585,0.0025061448104679585,0.25061448104679585
Pythia_minus,30,MUR1.0_MUF1.0_PDF26522,pdf,10,1.95,2.18,0.6574898362159729,0.6597501039505005,1.0034377226993136,0.0034377228002995253,0.0034377228002995253,0.3437722800299525
Pythia_minus,30,MUR1.0_MUF1.0_PDF26522,pdf,11,2.18,2.5,0.6256763339042664,0.6303829550743103,1.0075224535674447,0.0075224535539746284,0.0075224535539746284,0.7522453553974628
Pythia_minus,31,MUR1.0_MUF1.0_PDF26523,pdf,1,0.0,0.21,0.660984456539154,0.660376787185669,0.9990806601464325,-0.0009193398291245103,0.0009193398291245103,-0.09193398291245103
Pythia_minus,31,MUR1.0_MUF1.0_PDF26523,pdf,2,0.21,0.42,0.6471099853515625,0.6464189887046814,0.9989321805218232,-0.0010678194230422378,0.0010678194230422378,-0.10678194230422378
Pythia_minus,31,MUR1.0_MUF1.0_PDF26523,pdf,3,0.42,0.63,0.6394927501678467,0.6389293074607849,0.9991189224476527,-0.0008810775470919907,0.0008810775470919907,-0.08810775470919907
Pythia_minus,31,MUR1.0_MUF1.0_PDF26523,pdf,4,0.63,0.84,0.6380901336669922,0.6377312541007996,0.9994375723001229,-0.0005624276818707585,0.0005624276818707585,-0.05624276818707585
Pythia_minus,31,MUR1.0_MUF1.0_PDF26523,pdf,5,0.84,1.05,0.6463085412979126,0.6463281512260437,1.000030341434281,3.0341434467118233e-05,3.0341434467118233e-05,0.0030341434467118233
Pythia_minus,31,MUR1.0_MUF1.0_PDF26523,pdf,6,1.05,1.37,0.6265755295753479,0.6260414123535156,0.9991475613128488,-0.0008524386794306338,0.0008524386794306338,-0.08524386794306338
Pythia_minus,31,MUR1.0_MUF1.0_PDF26523,pdf,7,1.37,1.52,0.6408894062042236,0.6409504413604736,1.000095235083712,9.5235081971623e-05,9.5235081971623e-05,0.0095235081971623
Pythia_minus,31,MUR1.0_MUF1.0_PDF26523,pdf,8,1.52,1.74,0.6314683556556702,0.632199764251709,1.0011582664269525,0.0011582664446905255,0.0011582664446905255,0.11582664446905255
Pythia_minus,31,MUR1.0_MUF1.0_PDF26523,pdf,9,1.74,1.95,0.5918737053871155,0.5931364893913269,1.002133536247206,0.0021335361525416374,0.0021335361525416374,0.21335361525416374
Pythia_minus,31,MUR1.0_MUF1.0_PDF26523,pdf,10,1.95,2.18,0.6574898362159729,0.6588925123214722,1.002133380667254,0.0021333806216716766,0.0021333806216716766,0.21333806216716766
Pythia_minus,31,MUR1.0_MUF1.0_PDF26523,pdf,11,2.18,2.5,0.6256763339042664,0.6297862529754639,1.0065687622313462,0.006568762008100748,0.006568762008100748,0.6568762008100748
Pythia_minus,32,MUR1.0_MUF1.0_PDF26524,pdf,1,0.0,0.21,0.660984456539154,0.6606679558753967,0.9995211677663125,-0.0004788322257809341,0.0004788322257809341,-0.04788322257809341
Pythia_minus,32,MUR1.0_MUF1.0_PDF26524,pdf,2,0.21,0.42,0.6471099853515625,0.6465892195701599,0.9991952437866962,-0.0008047561859712005,0.0008047561859712005,-0.08047561859712005
Pythia_minus,32,MUR1.0_MUF1.0_PDF26524,pdf,3,0.42,0.63,0.6394927501678467,0.6391665935516357,0.9994899760534809,-0.0005100239650346339,0.0005100239650346339,-0.05100239650346339
Pythia_minus,32,MUR1.0_MUF1.0_PDF26524,pdf,4,0.63,0.84,0.6380901336669922,0.6377462148666382,0.9994610184639942,-0.000538981519639492,0.000538981519639492,-0.053898151963949203
Pythia_minus,32,MUR1.0_MUF1.0_PDF26524,pdf,5,0.84,1.05,0.6463085412979126,0.6460898518562317,0.9996616330626829,-0.00033836692455224693,0.00033836692455224693,-0.03383669245522469
Pythia_minus,32,MUR1.0_MUF1.0_PDF26524,pdf,6,1.05,1.37,0.6265755295753479,0.625370979309082,0.9980775657372348,-0.0019224343122914433,0.0019224343122914433,-0.19224343122914433
Pythia_minus,32,MUR1.0_MUF1.0_PDF26524,pdf,7,1.37,1.52,0.6408894062042236,0.64060378074646,0.9995543295691914,-0.00044567041913978755,0.00044567041913978755,-0.044567041913978755
Pythia_minus,32,MUR1.0_MUF1.0_PDF26524,pdf,8,1.52,1.74,0.6314683556556702,0.6318764090538025,1.0006461976985508,0.0006461977027356625,0.0006461977027356625,0.06461977027356625
Pythia_minus,32,MUR1.0_MUF1.0_PDF26524,pdf,9,1.74,1.95,0.5918737053871155,0.5927593111991882,1.0014962749721978,0.0014962749555706978,0.0014962749555706978,0.14962749555706978
Pythia_minus,32,MUR1.0_MUF1.0_PDF26524,pdf,10,1.95,2.18,0.6574898362159729,0.6585611701011658,1.0016294303366857,0.0016294303350150585,0.0016294303350150585,0.16294303350150585
Pythia_minus,32,MUR1.0_MUF1.0_PDF26524,pdf,11,2.18,2.5,0.6256763339042664,0.6303919553756714,1.0075368384832126,0.007536838296800852,0.007536838296800852,0.7536838296800852
Pythia_minus,33,MUR1.0_MUF1.0_PDF26525,pdf,1,0.0,0.21,0.660984456539154,0.6604648232460022,0.9992138494513584,-0.0007861505728214979,0.0007861505728214979,-0.07861505728214979
Pythia_minus,33,MUR1.0_MUF1.0_PDF26525,pdf,2,0.21,0.42,0.6471099853515625,0.6464464068412781,0.9989745506555212,-0.0010254493681713939,0.0010254493681713939,-0.10254493681713939
Pythia_minus,33,MUR1.0_MUF1.0_PDF26525,pdf,3,0.42,0.63,0.6394927501678467,0.6390074491500854,0.9992411156848395,-0.0007588843000121415,0.0007588843000121415,-0.07588843000121415
Pythia_minus,33,MUR1.0_MUF1.0_PDF26525,pdf,4,0.63,0.84,0.6380901336669922,0.6377227306365967,0.999424214525487,-0.0005757854669354856,0.0005757854669354856,-0.05757854669354856
Pythia_minus,33,MUR1.0_MUF1.0_PDF26525,pdf,5,0.84,1.05,0.6463085412979126,0.646212100982666,0.9998507828551161,-0.00014921714318916202,0.00014921714318916202,-0.014921714318916202
Pythia_minus,33,MUR1.0_MUF1.0_PDF26525,pdf,6,1.05,1.37,0.6265755295753479,0.6257796287536621,0.9987297607644761,-0.0012702392414212227,0.0012702392414212227,-0.12702392414212227
Pythia_minus,33,MUR1.0_MUF1.0_PDF26525,pdf,7,1.37,1.52,0.6408894062042236,0.6408219337463379,0.9998947205910528,-0.00010527941049076617,0.00010527941049076617,-0.010527941049076617
Pythia_minus,33,MUR1.0_MUF1.0_PDF26525,pdf,8,1.52,1.74,0.6314683556556702,0.632113516330719,1.001021683302529,0.0010216833325102925,0.0010216833325102925,0.10216833325102925
Pythia_minus,33,MUR1.0_MUF1.0_PDF26525,pdf,9,1.74,1.95,0.5918737053871155,0.5930094122886658,1.0019188331754112,0.001918833120726049,0.001918833120726049,0.1918833120726049
Pythia_minus,33,MUR1.0_MUF1.0_PDF26525,pdf,10,1.95,2.18,0.6574898362159729,0.6588813662528992,1.0021164282096509,0.0021164282225072384,0.0021164282225072384,0.21164282225072384
Pythia_minus,33,MUR1.0_MUF1.0_PDF26525,pdf,11,2.18,2.5,0.6256763339042664,0.6301890015602112,1.007212463395867,0.007212463300675154,0.007212463300675154,0.7212463300675154
Pythia_minus,34,MUR1.0_MUF1.0_PDF26526,pdf,1,0.0,0.21,0.660984456539154,0.660569429397583,0.9993721075624924,-0.0006278924411162734,0.0006278924411162734,-0.06278924411162734
Pythia_minus,34,MUR1.0_MUF1.0_PDF26526,pdf,2,0.21,0.42,0.6471099853515625,0.646578311920166,0.9991783878422033,-0.0008216121350415051,0.0008216121350415051,-0.08216121350415051
Pythia_minus,34,MUR1.0_MUF1.0_PDF26526,pdf,3,0.42,0.63,0.6394927501678467,0.6390751004219055,0.9993469046430448,-0.0006530953687615693,0.0006530953687615693,-0.06530953687615693
Pythia_minus,34,MUR1.0_MUF1.0_PDF26526,pdf,4,0.63,0.84,0.6380901336669922,0.6377646327018738,0.9994898824665289,-0.0005101175047457218,0.0005101175047457218,-0.05101175047457218
Pythia_minus,34,MUR1.0_MUF1.0_PDF26526,pdf,5,0.84,1.05,0.6463085412979126,0.6462609171867371,0.999926313659603,-7.368634396698326e-05,7.368634396698326e-05,-0.007368634396698326
Pythia_minus,34,MUR1.0_MUF1.0_PDF26526,pdf,6,1.05,1.37,0.6265755295753479,0.625714898109436,0.9986264521589359,-0.0013735478278249502,0.0013735478278249502,-0.13735478278249502
Pythia_minus,34,MUR1.0_MUF1.0_PDF26526,pdf,7,1.37,1.52,0.6408894062042236,0.6407672166824341,0.9998093438265531,-0.000190656166523695,0.000190656166523695,-0.0190656166523695
Pythia_minus,34,MUR1.0_MUF1.0_PDF26526,pdf,8,1.52,1.74,0.6314683556556702,0.6319749355316162,1.000802225276071,0.000802225258667022,0.000802225258667022,0.0802225258667022
Pythia_minus,34,MUR1.0_MUF1.0_PDF26526,pdf,9,1.74,1.95,0.5918737053871155,0.5929321646690369,1.0017883194882413,0.001788319437764585,0.001788319437764585,0.1788319437764585
Pythia_minus,34,MUR1.0_MUF1.0_PDF26526,pdf,10,1.95,2.18,0.6574898362159729,0.6585087180137634,1.001549654065612,0.0015496540581807494,0.0015496540581807494,0.15496540581807494
Pythia_minus,34,MUR1.0_MUF1.0_PDF26526,pdf,11,2.18,2.5,0.6256763339042664,0.629775881767273,1.0065521862356934,0.006552186328917742,0.006552186328917742,0.6552186328917742
Pythia_minus,35,MUR1.0_MUF1.0_PDF13304,pdf,1,0.0,0.21,0.660984456539154,0.6609691381454468,0.9999768248805918,-2.317512007721234e-05,2.317512007721234e-05,-0.002317512007721234
Pythia_minus,35,MUR1.0_MUF1.0_PDF13304,pdf,2,0.21,0.42,0.6471099853515625,0.6470908522605896,0.9999704330153977,-2.9566985176643357e-05,2.9566985176643357e-05,-0.0029566985176643357
Pythia_minus,35,MUR1.0_MUF1.0_PDF13304,pdf,3,0.42,0.63,0.6394927501678467,0.6394709944725037,0.9999659797623393,-3.402023867238313e-05,3.402023867238313e-05,-0.003402023867238313
Pythia_minus,35,MUR1.0_MUF1.0_PDF13304,pdf,4,0.63,0.84,0.6380901336669922,0.6380646824836731,0.9999601134981153,-3.988650132669136e-05,3.988650132669136e-05,-0.003988650132669136
Pythia_minus,35,MUR1.0_MUF1.0_PDF13304,pdf,5,0.84,1.05,0.6463085412979126,0.6462802290916443,0.9999561939778616,-4.38060233136639e-05,4.38060233136639e-05,-0.00438060233136639
Pythia_minus,35,MUR1.0_MUF1.0_PDF13304,pdf,6,1.05,1.37,0.6265755295753479,0.6265432834625244,0.9999485359524887,-5.146404873812571e-05,5.146404873812571e-05,-0.005146404873812571
Pythia_minus,35,MUR1.0_MUF1.0_PDF13304,pdf,7,1.37,1.52,0.6408894062042236,0.6408659815788269,0.9999634498165051,-3.655018372228369e-05,3.655018372228369e-05,-0.003655018372228369
Pythia_minus,35,MUR1.0_MUF1.0_PDF13304,pdf,8,1.52,1.74,0.6314683556556702,0.6314427852630615,0.999959506454473,-4.0493545384379104e-05,4.0493545384379104e-05,-0.00404935453843791
Pythia_minus,35,MUR1.0_MUF1.0_PDF13304,pdf,9,1.74,1.95,0.5918737053871155,0.5918542146682739,0.9999670694631909,-3.293053669040091e-05,3.293053669040091e-05,-0.0032930536690400913
Pythia_minus,35,MUR1.0_MUF1.0_PDF13304,pdf,10,1.95,2.18,0.6574898362159729,0.6574624180793762,0.9999582987673932,-4.170123429503292e-05,4.170123429503292e-05,-0.004170123429503292
Pythia_minus,35,MUR1.0_MUF1.0_PDF13304,pdf,11,2.18,2.5,0.6256763339042664,0.6256544589996338,0.9999650379861804,-3.496201316011138e-05,3.496201316011138e-05,-0.0034962013160111383
Pythia_minus,36,MUR1.0_MUF1.0_PDF26527,pdf,1,0.0,0.21,0.660984456539154,0.6606835126876831,0.9995447035879684,-0.00045529642375186086,0.00045529642375186086,-0.045529642375186086
Pythia_minus,36,MUR1.0_MUF1.0_PDF26527,pdf,2,0.21,0.42,0.6471099853515625,0.6467011570930481,0.9993682244629678,-0.0006317755323834717,0.0006317755323834717,-0.06317755323834717
Pythia_minus,36,MUR1.0_MUF1.0_PDF26527,pdf,3,0.42,0.63,0.6394927501678467,0.6392287611961365,0.999587190047673,-0.00041280995355919003,0.00041280995355919003,-0.041280995355919003
Pythia_minus,36,MUR1.0_MUF1.0_PDF26527,pdf,4,0.63,0.84,0.6380901336669922,0.6378997564315796,0.9997016452294623,-0.00029835477471351624,0.00029835477471351624,-0.029835477471351624
Pythia_minus,36,MUR1.0_MUF1.0_PDF26527,pdf,5,0.84,1.05,0.6463085412979126,0.6463648080825806,1.0000870587050497,8.705870277481154e-05,8.705870277481154e-05,0.008705870277481154
Pythia_minus,36,MUR1.0_MUF1.0_PDF26527,pdf,6,1.05,1.37,0.6265755295753479,0.6259934306144714,0.999070983571173,-0.0009290164452977479,0.0009290164452977479,-0.09290164452977479
Pythia_minus,36,MUR1.0_MUF1.0_PDF26527,pdf,7,1.37,1.52,0.6408894062042236,0.640889048576355,0.9999994419819314,-5.58018086849188e-07,5.58018086849188e-07,-5.58018086849188e-05
Pythia_minus,36,MUR1.0_MUF1.0_PDF26527,pdf,8,1.52,1.74,0.6314683556556702,0.6320412158966064,1.000907187566575,0.000907187582924962,0.000907187582924962,0.0907187582924962
Pythia_minus,36,MUR1.0_MUF1.0_PDF26527,pdf,9,1.74,1.95,0.5918737053871155,0.5929616093635559,1.0018380677609742,0.0018380677793174982,0.0018380677793174982,0.18380677793174982
Pythia_minus,36,MUR1.0_MUF1.0_PDF26527,pdf,10,1.95,2.18,0.6574898362159729,0.6587502360343933,1.001916987531966,0.0019169875886291265,0.0019169875886291265,0.19169875886291265
Pythia_minus,36,MUR1.0_MUF1.0_PDF26527,pdf,11,2.18,2.5,0.6256763339042664,0.6294600367546082,1.0060473804830226,0.006047380622476339,0.006047380622476339,0.6047380622476339
Pythia_minus,37,MUR1.0_MUF1.0_PDF26528,pdf,1,0.0,0.21,0.660984456539154,0.6603850722312927,0.9990931945495366,-0.0009068054496310651,0.0009068054496310651,-0.09068054496310651
Pythia_minus,37,MUR1.0_MUF1.0_PDF26528,pdf,2,0.21,0.42,0.6471099853515625,0.6463655829429626,0.9988496508700984,-0.0011503491550683975,0.0011503491550683975,-0.11503491550683975
Pythia_minus,37,MUR1.0_MUF1.0_PDF26528,pdf,3,0.42,0.63,0.6394927501678467,0.6389122605323792,0.9990922654943075,-0.000907734502106905,0.000907734502106905,-0.0907734502106905
Pythia_minus,37,MUR1.0_MUF1.0_PDF26528,pdf,4,0.63,0.84,0.6380901336669922,0.6376355886459351,0.9992876476267625,-0.0007123523973859847,0.0007123523973859847,-0.07123523973859847
Pythia_minus,37,MUR1.0_MUF1.0_PDF26528,pdf,5,0.84,1.05,0.6463085412979126,0.6461566686630249,0.9997650152749293,-0.0002349847200093791,0.0002349847200093791,-0.02349847200093791
Pythia_minus,37,MUR1.0_MUF1.0_PDF26528,pdf,6,1.05,1.37,0.6265755295753479,0.6256104111671448,0.9984596934245785,-0.0015403066063299775,0.0015403066063299775,-0.15403066063299775
Pythia_minus,37,MUR1.0_MUF1.0_PDF26528,pdf,7,1.37,1.52,0.6408894062042236,0.6407505869865417,0.999783395986362,-0.00021660400670953095,0.00021660400670953095,-0.021660400670953095
Pythia_minus,37,MUR1.0_MUF1.0_PDF26528,pdf,8,1.52,1.74,0.6314683556556702,0.6321125030517578,1.0010200786631958,0.00102007866371423,0.00102007866371423,0.102007866371423
Pythia_minus,37,MUR1.0_MUF1.0_PDF26528,pdf,9,1.74,1.95,0.5918737053871155,0.5930323600769043,1.001957604602541,0.0019576046615839005,0.0019576046615839005,0.19576046615839005
Pythia_minus,37,MUR1.0_MUF1.0_PDF26528,pdf,10,1.95,2.18,0.6574898362159729,0.6588160395622253,1.0020170704902225,0.0020170705392956734,0.0020170705392956734,0.20170705392956734
Pythia_minus,37,MUR1.0_MUF1.0_PDF26528,pdf,11,2.18,2.5,0.6256763339042664,0.6305326223373413,1.0077616623322978,0.007761662360280752,0.007761662360280752,0.7761662360280752
Pythia_minus,38,MUR1.0_MUF1.0_PDF26529,pdf,1,0.0,0.21,0.660984456539154,0.6610250473022461,1.0000614095576537,6.140955520095304e-05,6.140955520095304e-05,0.006140955520095304
Pythia_minus,38,MUR1.0_MUF1.0_PDF26529,pdf,2,0.21,0.42,0.6471099853515625,0.647042989730835,0.9998964694993987,-0.00010353050311096013,0.00010353050311096013,-0.010353050311096013
Pythia_minus,38,MUR1.0_MUF1.0_PDF26529,pdf,3,0.42,0.63,0.6394927501678467,0.6395173072814941,1.0000384009257979,3.8400925404857844e-05,3.8400925404857844e-05,0.0038400925404857844
Pythia_minus,38,MUR1.0_MUF1.0_PDF26529,pdf,4,0.63,0.84,0.6380901336669922,0.6380635499954224,0.9999583386888979,-4.1661311115603894e-05,4.1661311115603894e-05,-0.004166131111560389
Pythia_minus,38,MUR1.0_MUF1.0_PDF26529,pdf,5,0.84,1.05,0.6463085412979126,0.6464421153068542,1.0002066722012886,0.00020667220815084875,0.00020667220815084875,0.020667220815084875
Pythia_minus,38,MUR1.0_MUF1.0_PDF26529,pdf,6,1.05,1.37,0.6265755295753479,0.6258743405342102,0.99888091856761,-0.0011190813966095448,0.0011190813966095448,-0.11190813966095448
Pythia_minus,38,MUR1.0_MUF1.0_PDF26529,pdf,7,1.37,1.52,0.6408894062042236,0.6407896280288696,0.9998443129588536,-0.00015568704111501575,0.00015568704111501575,-0.015568704111501575
Pythia_minus,38,MUR1.0_MUF1.0_PDF26529,pdf,8,1.52,1.74,0.6314683556556702,0.6318011283874512,1.000526982435146,0.0005269824177958071,0.0005269824177958071,0.05269824177958071
Pythia_minus,38,MUR1.0_MUF1.0_PDF26529,pdf,9,1.74,1.95,0.5918737053871155,0.5928230881690979,1.0016040293281174,0.0016040293266996741,0.0016040293266996741,0.1604029326699674
Pythia_minus,38,MUR1.0_MUF1.0_PDF26529,pdf,10,1.95,2.18,0.6574898362159729,0.6583031415939331,1.001236985475914,0.0012369854375720024,0.0012369854375720024,0.12369854375720024
Pythia_minus,38,MUR1.0_MUF1.0_PDF26529,pdf,11,2.18,2.5,0.6256763339042664,0.6287731528282166,1.0049495541962181,0.004949554335325956,0.004949554335325956,0.49495543353259563
Pythia_minus,39,MUR1.0_MUF1.0_PDF26530,pdf,1,0.0,0.21,0.660984456539154,0.6599724292755127,0.9984689091345049,-0.0015310908202081919,0.0015310908202081919,-0.1531090820208192
Pythia_minus,39,MUR1.0_MUF1.0_PDF26530,pdf,2,0.21,0.42,0.6471099853515625,0.6459504961967468,0.9982082038895046,-0.0017917960649356246,0.0017917960649356246,-0.17917960649356246
Pythia_minus,39,MUR1.0_MUF1.0_PDF26530,pdf,3,0.42,0.63,0.6394927501678467,0.6385377049446106,0.9985065581697596,-0.0014934418722987175,0.0014934418722987175,-0.14934418722987175
Pythia_minus,39,MUR1.0_MUF1.0_PDF26530,pdf,4,0.63,0.84,0.6380901336669922,0.6374064087867737,0.9989284822877776,-0.0010715177049860358,0.0010715177049860358,-0.10715177049860358
Pythia_minus,39,MUR1.0_MUF1.0_PDF26530,pdf,5,0.84,1.05,0.6463085412979126,0.6460362076759338,0.9995786321786312,-0.00042136781848967075,0.00042136781848967075,-0.042136781848967075
Pythia_minus,39,MUR1.0_MUF1.0_PDF26530,pdf,6,1.05,1.37,0.6265755295753479,0.6256217360496521,0.9984777676741665,-0.001522232312709093,0.001522232312709093,-0.1522232312709093
Pythia_minus,39,MUR1.0_MUF1.0_PDF26530,pdf,7,1.37,1.52,0.6408894062042236,0.6408095955848694,0.9998754689676852,-0.0001245310268132016,0.0001245310268132016,-0.01245310268132016
Pythia_minus,39,MUR1.0_MUF1.0_PDF26530,pdf,8,1.52,1.74,0.6314683556556702,0.6323458552360535,1.001389617662586,0.0013896176824346185,0.0013896176824346185,0.13896176824346185
Pythia_minus,39,MUR1.0_MUF1.0_PDF26530,pdf,9,1.74,1.95,0.5918737053871155,0.5931708812713623,1.0021916430353979,0.0021916429977864027,0.0021916429977864027,0.21916429977864027
Pythia_minus,39,MUR1.0_MUF1.0_PDF26530,pdf,10,1.95,2.18,0.6574898362159729,0.6592370271682739,1.0026573657204445,0.0026573657523840666,0.0026573657523840666,0.26573657523840666
Pythia_minus,39,MUR1.0_MUF1.0_PDF26530,pdf,11,2.18,2.5,0.6256763339042664,0.6314440369606018,1.0092183493985534,0.009218349121510983,0.009218349121510983,0.9218349121510983
Pythia_minus,40,MUR1.0_MUF1.0_PDF26531,pdf,1,0.0,0.21,0.660984456539154,0.6606417298316956,0.9994814905190766,-0.0005185094778425992,0.0005185094778425992,-0.051850947784259915
Pythia_minus,40,MUR1.0_MUF1.0_PDF26531,pdf,2,0.21,0.42,0.6471099853515625,0.6466296315193176,0.9992576936794076,-0.0007423062925226986,0.0007423062925226986,-0.07423062925226986
Pythia_minus,40,MUR1.0_MUF1.0_PDF26531,pdf,3,0.42,0.63,0.6394927501678467,0.639164924621582,0.9994873662818248,-0.0005126337055116892,0.0005126337055116892,-0.05126337055116892
Pythia_minus,40,MUR1.0_MUF1.0_PDF26531,pdf,4,0.63,0.84,0.6380901336669922,0.6378281116485596,0.999589365193712,-0.00041063482058234513,0.00041063482058234513,-0.04106348205823451
Pythia_minus,40,MUR1.0_MUF1.0_PDF26531,pdf,5,0.84,1.05,0.6463085412979126,0.6462640166282654,0.9999311092662372,-6.88907311996445e-05,6.88907311996445e-05,-0.006889073119964451
Pythia_minus,40,MUR1.0_MUF1.0_PDF26531,pdf,6,1.05,1.37,0.6265755295753479,0.6257696747779846,0.9987138744503644,-0.0012861255090683699,0.0012861255090683699,-0.128612550906837
Pythia_minus,40,MUR1.0_MUF1.0_PDF26531,pdf,7,1.37,1.52,0.6408894062042236,0.6407878398895264,0.9998415228685105,-0.00015847713802941144,0.00015847713802941144,-0.015847713802941144
Pythia_minus,40,MUR1.0_MUF1.0_PDF26531,pdf,8,1.52,1.74,0.6314683556556702,0.6319941282272339,1.0008326190328536,0.000832619029097259,0.000832619029097259,0.0832619029097259
Pythia_minus,40,MUR1.0_MUF1.0_PDF26531,pdf,9,1.74,1.95,0.5918737053871155,0.5929121971130371,1.0017545833113881,0.0017545833252370358,0.0017545833252370358,0.17545833252370358
Pythia_minus,40,MUR1.0_MUF1.0_PDF26531,pdf,10,1.95,2.18,0.6574898362159729,0.6586424112319946,1.001752992901997,0.0017529928591102362,0.0017529928591102362,0.17529928591102362
Pythia_minus,40,MUR1.0_MUF1.0_PDF26531,pdf,11,2.18,2.5,0.6256763339042664,0.6297440528869629,1.0065013150766207,0.006501315161585808,0.006501315161585808,0.6501315161585808
Pythia_minus,41,MUR1.0_MUF1.0_PDF26532,pdf,1,0.0,0.21,0.660984456539154,0.660318911075592,0.9989930996758278,-0.0010069003328680992,0.0010069003328680992,-0.10069003328680992
Pythia_minus,41,MUR1.0_MUF1.0_PDF26532,pdf,2,0.21,0.42,0.6471099853515625,0.646313488483429,0.998769147616072,-0.001230852329172194,0.001230852329172194,-0.1230852329172194
Pythia_minus,41,MUR1.0_MUF1.0_PDF26532,pdf,3,0.42,0.63,0.6394927501678467,0.638860821723938,0.9990118286036193,-0.000988171435892582,0.000988171435892582,-0.0988171435892582
Pythia_minus,41,MUR1.0_MUF1.0_PDF26532,pdf,4,0.63,0.84,0.6380901336669922,0.6376233100891113,0.999268404958406,-0.0007315950351767242,0.0007315950351767242,-0.07315950351767242
Pythia_minus,41,MUR1.0_MUF1.0_PDF26532,pdf,5,0.84,1.05,0.6463085412979126,0.6461820006370544,0.9998042101368426,-0.0001957898639375344,0.0001957898639375344,-0.01957898639375344
Pythia_minus,41,MUR1.0_MUF1.0_PDF26532,pdf,6,1.05,1.37,0.6265755295753479,0.6257413625717163,0.9986686888263943,-0.00133131118491292,0.00133131118491292,-0.133131118491292
Pythia_minus,41,MUR1.0_MUF1.0_PDF26532,pdf,7,1.37,1.52,0.6408894062042236,0.6408200263977051,0.9998917444946868,-0.00010825550270965323,0.00010825550270965323,-0.010825550270965323
Pythia_minus,41,MUR1.0_MUF1.0_PDF26532,pdf,8,1.52,1.74,0.6314683556556702,0.6321650147438049,1.0011032367368773,0.0011032366892322898,0.0011032366892322898,0.11032366892322898
Pythia_minus,41,MUR1.0_MUF1.0_PDF26532,pdf,9,1.74,1.95,0.5918737053871155,0.5930720567703247,1.0020246741362255,0.002024674089625478,0.002024674089625478,0.20246740896254778
Pythia_minus,41,MUR1.0_MUF1.0_PDF26532,pdf,10,1.95,2.18,0.6574898362159729,0.6589142680168152,1.002166469688779,0.00216646958142519,0.00216646958142519,0.216646958142519
Pythia_minus,41,MUR1.0_MUF1.0_PDF26532,pdf,11,2.18,2.5,0.6256763339042664,0.6304704546928406,1.0076623016227233,0.007662301417440176,0.007662301417440176,0.7662301417440176
Pythia_minus,42,MUR1.0_MUF1.0_PDF26533,pdf,1,0.0,0.21,0.660984456539154,0.6604932546615601,0.9992568631943846,-0.000743136799428612,0.000743136799428612,-0.0743136799428612
Pythia_minus,42,MUR1.0_MUF1.0_PDF26533,pdf,2,0.21,0.42,0.6471099853515625,0.6464952826499939,0.9990500800242873,-0.0009499199804849923,0.0009499199804849923,-0.09499199804849923
Pythia_minus,42,MUR1.0_MUF1.0_PDF26533,pdf,3,0.42,0.63,0.6394927501678467,0.6390296220779419,0.9992757883654143,-0.0007242116262204945,0.0007242116262204945,-0.07242116262204945
Pythia_minus,42,MUR1.0_MUF1.0_PDF26533,pdf,4,0.63,0.84,0.6380901336669922,0.6377438306808472,0.9994572820235366,-0.0005427179858088493,0.0005427179858088493,-0.054271798580884933
Pythia_minus,42,MUR1.0_MUF1.0_PDF26533,pdf,5,0.84,1.05,0.6463085412979126,0.646253764629364,0.9999152468750628,-8.475312642985955e-05,8.475312642985955e-05,-0.008475312642985955
Pythia_minus,42,MUR1.0_MUF1.0_PDF26533,pdf,6,1.05,1.37,0.6265755295753479,0.6258089542388916,0.9987765635581463,-0.0012234364403411746,0.0012234364403411746,-0.12234364403411746
Pythia_minus,42,MUR1.0_MUF1.0_PDF26533,pdf,7,1.37,1.52,0.6408894062042236,0.640831708908081,0.9999099730849285,-9.002691513160244e-05,9.002691513160244e-05,-0.009002691513160244
Pythia_minus,42,MUR1.0_MUF1.0_PDF26533,pdf,8,1.52,1.74,0.6314683556556702,0.6320896148681641,1.0009838326923743,0.000983832636848092,0.000983832636848092,0.09838326368480921
Pythia_minus,42,MUR1.0_MUF1.0_PDF26533,pdf,9,1.74,1.95,0.5918737053871155,0.5930283069610596,1.0019507566621648,0.0019507566466927528,0.0019507566466927528,0.19507566466927528
Pythia_minus,42,MUR1.0_MUF1.0_PDF26533,pdf,10,1.95,2.18,0.6574898362159729,0.6587901711463928,1.0019777262838065,0.001977726351469755,0.001977726351469755,0.19777263514697552
Pythia_minus,42,MUR1.0_MUF1.0_PDF26533,pdf,11,2.18,2.5,0.6256763339042664,0.6299975514411926,1.0069064743266882,0.006906474474817514,0.006906474474817514,0.6906474474817514
Pythia_minus,43,MUR1.0_MUF1.0_PDF26534,pdf,1,0.0,0.21,0.660984456539154,0.6605028510093689,0.9992713814598504,-0.0007286185282282531,0.0007286185282282531,-0.07286185282282531
Pythia_minus,43,MUR1.0_MUF1.0_PDF26534,pdf,2,0.21,0.42,0.6471099853515625,0.6464795470237732,0.9990257632519041,-0.0009742367547005415,0.0009742367547005415,-0.09742367547005415
Pythia_minus,43,MUR1.0_MUF1.0_PDF26534,pdf,3,0.42,0.63,0.6394927501678467,0.6390350461006165,0.9992842701232968,-0.0007157298969104886,0.0007157298969104886,-0.07157298969104886
Pythia_minus,43,MUR1.0_MUF1.0_PDF26534,pdf,4,0.63,0.84,0.6380901336669922,0.637729823589325,0.9994353304358483,-0.0005646695499308407,0.0005646695499308407,-0.05646695499308407
Pythia_minus,43,MUR1.0_MUF1.0_PDF26534,pdf,5,0.84,1.05,0.6463085412979126,0.6461900472640991,0.9998166602694504,-0.00018333972548134625,0.00018333972548134625,-0.018333972548134625
Pythia_minus,43,MUR1.0_MUF1.0_PDF26534,pdf,6,1.05,1.37,0.6265755295753479,0.6256802678108215,0.998571183006248,-0.001428817049600184,0.001428817049600184,-0.1428817049600184
Pythia_minus,43,MUR1.0_MUF1.0_PDF26534,pdf,7,1.37,1.52,0.6408894062042236,0.6407607197761536,0.9997992064983064,-0.00020079349633306265,0.00020079349633306265,-0.020079349633306265
Pythia_minus,43,MUR1.0_MUF1.0_PDF26534,pdf,8,1.52,1.74,0.6314683556556702,0.6320497393608093,1.0009206854150838,0.0009206854156218469,0.0009206854156218469,0.09206854156218469
Pythia_minus,43,MUR1.0_MUF1.0_PDF26534,pdf,9,1.74,1.95,0.5918737053871155,0.5929248332977295,1.0017759327725608,0.0017759327311068773,0.0017759327311068773,0.17759327311068773
Pythia_minus,43,MUR1.0_MUF1.0_PDF26534,pdf,10,1.95,2.18,0.6574898362159729,0.6587404012680054,1.0019020294811396,0.0019020295003429055,0.0019020295003429055,0.19020295003429055
Pythia_minus,43,MUR1.0_MUF1.0_PDF26534,pdf,11,2.18,2.5,0.6256763339042664,0.6301824450492859,1.0072019843181554,0.007201984524726868,0.007201984524726868,0.7201984524726868
Pythia_minus,44,MUR1.0_MUF1.0_PDF26535,pdf,1,0.0,0.21,0.660984456539154,0.6604403257369995,0.9991767872954176,-0.0008232127293013036,0.0008232127293013036,-0.08232127293013036
Pythia_minus,44,MUR1.0_MUF1.0_PDF26535,pdf,2,0.21,0.42,0.6471099853515625,0.6464372277259827,0.9989603658716311,-0.0010396341094747186,0.0010396341094747186,-0.10396341094747186
Pythia_minus,44,MUR1.0_MUF1.0_PDF26535,pdf,3,0.42,0.63,0.6394927501678467,0.6389891505241394,0.9992125014027523,-0.0007874986040405929,0.0007874986040405929,-0.07874986040405929
Pythia_minus,44,MUR1.0_MUF1.0_PDF26535,pdf,4,0.63,0.84,0.6380901336669922,0.6377317309379578,0.9994383195882144,-0.0005616804119199514,0.0005616804119199514,-0.056168041191995144
Pythia_minus,44,MUR1.0_MUF1.0_PDF26535,pdf,5,0.84,1.05,0.6463085412979126,0.6462358236312866,0.9998874876905077,-0.00011251230898778886,0.00011251230898778886,-0.011251230898778886
Pythia_minus,44,MUR1.0_MUF1.0_PDF26535,pdf,6,1.05,1.37,0.6265755295753479,0.6258612275123596,0.9988599904891396,-0.0011400094954296947,0.0011400094954296947,-0.11400094954296947
Pythia_minus,44,MUR1.0_MUF1.0_PDF26535,pdf,7,1.37,1.52,0.6408894062042236,0.6408572793006897,0.9999498713768352,-5.012862311559729e-05,5.012862311559729e-05,-0.005012862311559729
Pythia_minus,44,MUR1.0_MUF1.0_PDF26535,pdf,8,1.52,1.74,0.6314683556556702,0.632114052772522,1.00102253281747,0.0010225328151136637,0.0010225328151136637,0.10225328151136637
Pythia_minus,44,MUR1.0_MUF1.0_PDF26535,pdf,9,1.74,1.95,0.5918737053871155,0.5929839015007019,1.0018757314330433,0.0018757313955575228,0.0018757313955575228,0.18757313955575228
Pythia_minus,44,MUR1.0_MUF1.0_PDF26535,pdf,10,1.95,2.18,0.6574898362159729,0.6588647961616516,1.0020912261603798,0.0020912261679768562,0.0020912261679768562,0.20912261679768562
Pythia_minus,44,MUR1.0_MUF1.0_PDF26535,pdf,11,2.18,2.5,0.6256763339042664,0.6300357580184937,1.006967538770444,0.006967538967728615,0.006967538967728615,0.6967538967728615
Pythia_minus,45,MUR1.0_MUF1.0_PDF26536,pdf,1,0.0,0.21,0.660984456539154,0.6605405211448669,0.999328372414971,-0.0006716275820508599,0.0006716275820508599,-0.06716275820508599
Pythia_minus,45,MUR1.0_MUF1.0_PDF26536,pdf,2,0.21,0.42,0.6471099853515625,0.6465270519256592,0.9990991741139852,-0.0009008258930407465,0.0009008258930407465,-0.09008258930407465
Pythia_minus,45,MUR1.0_MUF1.0_PDF26536,pdf,3,0.42,0.63,0.6394927501678467,0.6390596628189087,0.9993227642552253,-0.0006772357737645507,0.0006772357737645507,-0.06772357737645507
Pythia_minus,45,MUR1.0_MUF1.0_PDF26536,pdf,4,0.63,0.84,0.6380901336669922,0.6377376914024353,0.9994476606893583,-0.0005523393047042191,0.0005523393047042191,-0.05523393047042191
Pythia_minus,45,MUR1.0_MUF1.0_PDF26536,pdf,5,0.84,1.05,0.6463085412979126,0.6462169885635376,0.9998583451578852,-0.00014165484753903002,0.00014165484753903002,-0.014165484753903002
Pythia_minus,45,MUR1.0_MUF1.0_PDF26536,pdf,6,1.05,1.37,0.6265755295753479,0.6256784796714783,0.9985683291773657,-0.0014316708547994494,0.0014316708547994494,-0.14316708547994494
Pythia_minus,45,MUR1.0_MUF1.0_PDF26536,pdf,7,1.37,1.52,0.6408894062042236,0.6407612562179565,0.9998000435254093,-0.000199956470169127,0.000199956470169127,-0.0199956470169127
Pythia_minus,45,MUR1.0_MUF1.0_PDF26536,pdf,8,1.52,1.74,0.6314683556556702,0.6320337057113647,1.000895294357399,0.0008952943608164787,0.0008952943608164787,0.08952943608164787
Pythia_minus,45,MUR1.0_MUF1.0_PDF26536,pdf,9,1.74,1.95,0.5918737053871155,0.5929821133613586,1.0018727102828773,0.001872710301540792,0.001872710301540792,0.1872710301540792
Pythia_minus,45,MUR1.0_MUF1.0_PDF26536,pdf,10,1.95,2.18,0.6574898362159729,0.6586800813674927,1.0018102867694045,0.001810286776162684,0.001810286776162684,0.1810286776162684
Pythia_minus,45,MUR1.0_MUF1.0_PDF26536,pdf,11,2.18,2.5,0.6256763339042664,0.6300761103630066,1.0070320327305418,0.007032032590359449,0.007032032590359449,0.7032032590359449
Pythia_minus,46,MUR1.0_MUF1.0_PDF13305,pdf,1,0.0,0.21,0.660984456539154,0.6609610319137573,0.9999645610041734,-3.543899583746679e-05,3.543899583746679e-05,-0.003543899583746679
Pythia_minus,46,MUR1.0_MUF1.0_PDF13305,pdf,2,0.21,0.42,0.6471099853515625,0.6470822691917419,0.9999571693213705,-4.2830677557503805e-05,4.2830677557503805e-05,-0.0042830677557503805
Pythia_minus,46,MUR1.0_MUF1.0_PDF13305,pdf,3,0.42,0.63,0.6394927501678467,0.639470100402832,0.9999645816703806,-3.54183284798637e-05,3.54183284798637e-05,-0.0035418328479863703
Pythia_minus,46,MUR1.0_MUF1.0_PDF13305,pdf,4,0.63,0.84,0.6380901336669922,0.6380674839019775,0.999964503815653,-3.549618486431427e-05,3.549618486431427e-05,-0.0035496184864314273
Pythia_minus,46,MUR1.0_MUF1.0_PDF13305,pdf,5,0.84,1.05,0.6463085412979126,0.6462824940681458,0.9999596984596327,-4.030154013889842e-05,4.030154013889842e-05,-0.004030154013889842
Pythia_minus,46,MUR1.0_MUF1.0_PDF13305,pdf,6,1.05,1.37,0.6265755295753479,0.6265465617179871,0.9999537679721063,-4.6232027671067044e-05,4.6232027671067044e-05,-0.004623202767106704
Pythia_minus,46,MUR1.0_MUF1.0_PDF13305,pdf,7,1.37,1.52,0.6408894062042236,0.6408668160438538,0.9999647518586652,-3.5248140193289146e-05,3.5248140193289146e-05,-0.0035248140193289146
Pythia_minus,46,MUR1.0_MUF1.0_PDF13305,pdf,8,1.52,1.74,0.6314683556556702,0.6314437389373779,0.9999610167032572,-3.898329669027589e-05,3.898329669027589e-05,-0.0038983296690275893
Pythia_minus,46,MUR1.0_MUF1.0_PDF13305,pdf,9,1.74,1.95,0.5918737053871155,0.5918524265289307,0.999964048313025,-3.5951685276813805e-05,3.5951685276813805e-05,-0.0035951685276813805
Pythia_minus,46,MUR1.0_MUF1.0_PDF13305,pdf,10,1.95,2.18,0.6574898362159729,0.6574612259864807,0.9999564856703232,-4.3514330172911286e-05,4.3514330172911286e-05,-0.004351433017291129
Pythia_minus,46,MUR1.0_MUF1.0_PDF13305,pdf,11,2.18,2.5,0.6256763339042664,0.6256565451622009,0.9999683722381796,-3.162776192766614e-05,3.162776192766614e-05,-0.0031627761927666143
Pythia_minus,47,MUR1.0_MUF1.0_PDF26537,pdf,1,0.0,0.21,0.660984456539154,0.660588800907135,0.9994014146201098,-0.0005985854077152908,0.0005985854077152908,-0.05985854077152908
Pythia_minus,47,MUR1.0_MUF1.0_PDF26537,pdf,2,0.21,0.42,0.6471099853515625,0.6465903520584106,0.9991969938574359,-0.0008030061144381762,0.0008030061144381762,-0.08030061144381762
Pythia_minus,47,MUR1.0_MUF1.0_PDF26537,pdf,3,0.42,0.63,0.6394927501678467,0.6391165852546692,0.9994117761099266,-0.0005882238619960845,0.0005882238619960845,-0.058822386199608445
Pythia_minus,47,MUR1.0_MUF1.0_PDF26537,pdf,4,0.63,0.84,0.6380901336669922,0.6378045082092285,0.999552374433182,-0.00044762555626221,0.00044762555626221,-0.044762555626221
Pythia_minus,47,MUR1.0_MUF1.0_PDF26537,pdf,5,0.84,1.05,0.6463085412979126,0.6462839245796204,0.9999619118165407,-3.80881829187274e-05,3.80881829187274e-05,-0.00380881829187274
Pythia_minus,47,MUR1.0_MUF1.0_PDF26537,pdf,6,1.05,1.37,0.6265755295753479,0.6258264183998108,0.9988044359535636,-0.0011955640511587262,0.0011955640511587262,-0.11955640511587262
Pythia_minus,47,MUR1.0_MUF1.0_PDF26537,pdf,7,1.37,1.52,0.6408894062042236,0.6408252716064453,0.9998999287596932,-0.0001000712436507456,0.0001000712436507456,-0.01000712436507456
Pythia_minus,47,MUR1.0_MUF1.0_PDF26537,pdf,8,1.52,1.74,0.6314683556556702,0.6320359706878662,1.0008988811982615,0.0008988811750896275,0.0008988811750896275,0.08988811750896275
Pythia_minus,47,MUR1.0_MUF1.0_PDF26537,pdf,9,1.74,1.95,0.5918737053871155,0.5929635167121887,1.0018412903211513,0.0018412902718409896,0.0018412902718409896,0.18412902718409896
Pythia_minus,47,MUR1.0_MUF1.0_PDF26537,pdf,10,1.95,2.18,0.6574898362159729,0.6586903929710388,1.0018259700590588,0.001825970015488565,0.001825970015488565,0.1825970015488565
Pythia_minus,47,MUR1.0_MUF1.0_PDF26537,pdf,11,2.18,2.5,0.6256763339042664,0.629749596118927,1.006510174660504,0.006510174833238125,0.006510174833238125,0.6510174833238125
Pythia_minus,48,MUR1.0_MUF1.0_PDF26538,pdf,1,0.0,0.21,0.660984456539154,0.660423994064331,0.9991520791914571,-0.0008479208336211741,0.0008479208336211741,-0.08479208336211741
Pythia_minus,48,MUR1.0_MUF1.0_PDF26538,pdf,2,0.21,0.42,0.6471099853515625,0.6464064717292786,0.9989128376347002,-0.0010871624108403921,0.0010871624108403921,-0.10871624108403921
Pythia_minus,48,MUR1.0_MUF1.0_PDF26538,pdf,3,0.42,0.63,0.6394927501678467,0.6389572024345398,0.9991625429167629,-0.0008374570752494037,0.0008374570752494037,-0.08374570752494037
Pythia_minus,48,MUR1.0_MUF1.0_PDF26538,pdf,4,0.63,0.84,0.6380901336669922,0.6376801133155823,0.9993574256523078,-0.00064257433405146,0.00064257433405146,-0.064257433405146
Pythia_minus,48,MUR1.0_MUF1.0_PDF26538,pdf,5,0.84,1.05,0.6463085412979126,0.6461846232414246,0.9998082679578407,-0.00019173204782418907,0.00019173204782418907,-0.019173204782418907
Pythia_minus,48,MUR1.0_MUF1.0_PDF26538,pdf,6,1.05,1.37,0.6265755295753479,0.6257076859474182,0.9986149417157771,-0.0013850582763552666,0.0013850582763552666,-0.13850582763552666
Pythia_minus,48,MUR1.0_MUF1.0_PDF26538,pdf,7,1.37,1.52,0.6408894062042236,0.6407897472381592,0.9998444989648765,-0.00015550103853456676,0.00015550103853456676,-0.015550103853456676
Pythia_minus,48,MUR1.0_MUF1.0_PDF26538,pdf,8,1.52,1.74,0.6314683556556702,0.6321061849594116,1.0010100732650002,0.0010100732324644923,0.0010100732324644923,0.10100732324644923
Pythia_minus,48,MUR1.0_MUF1.0_PDF26538,pdf,9,1.74,1.95,0.5918737053871155,0.5930070281028748,1.0019148049751898,0.0019148049177601933,0.0019148049177601933,0.19148049177601933
Pythia_minus,48,MUR1.0_MUF1.0_PDF26538,pdf,10,1.95,2.18,0.6574898362159729,0.6588377356529236,1.002050068856894,0.0020500689279288054,0.0020500689279288054,0.20500689279288054
Pythia_minus,48,MUR1.0_MUF1.0_PDF26538,pdf,11,2.18,2.5,0.6256763339042664,0.6303213834762573,1.0074240455012986,0.007424045354127884,0.007424045354127884,0.7424045354127884
Pythia_minus,49,MUR1.0_MUF1.0_PDF26539,pdf,1,0.0,0.21,0.660984456539154,0.6594849824905396,0.997731453389289,-0.002268546726554632,0.002268546726554632,-0.22685467265546322
Pythia_minus,49,MUR1.0_MUF1.0_PDF26539,pdf,2,0.21,0.42,0.6471099853515625,0.6453555822372437,0.9972888640972435,-0.002711135894060135,0.002711135894060135,-0.2711135894060135
Pythia_minus,49,MUR1.0_MUF1.0_PDF26539,pdf,3,0.42,0.63,0.6394927501678467,0.6382617950439453,0.9980751069913173,-0.0019248930038884282,0.0019248930038884282,-0.19248930038884282
Pythia_minus,49,MUR1.0_MUF1.0_PDF26539,pdf,4,0.63,0.84,0.6380901336669922,0.6372655630111694,0.9987077520677462,-0.0012922479072585702,0.0012922479072585702,-0.12922479072585702
Pythia_minus,49,MUR1.0_MUF1.0_PDF26539,pdf,5,0.84,1.05,0.6463085412979126,0.6456116437911987,0.9989217262929647,-0.0010782737517729402,0.0010782737517729402,-0.10782737517729402
Pythia_minus,49,MUR1.0_MUF1.0_PDF26539,pdf,6,1.05,1.37,0.6265755295753479,0.6256791949272156,0.9985694707089187,-0.0014305292861536145,0.0014305292861536145,-0.14305292861536145
Pythia_minus,49,MUR1.0_MUF1.0_PDF26539,pdf,7,1.37,1.52,0.6408894062042236,0.6407917737960815,0.9998476610672653,-0.0001523389364592731,0.0001523389364592731,-0.01523389364592731
Pythia_minus,49,MUR1.0_MUF1.0_PDF26539,pdf,8,1.52,1.74,0.6314683556556702,0.6325446963310242,1.0017045045340973,0.001704504480585456,0.001704504480585456,0.1704504480585456
Pythia_minus,49,MUR1.0_MUF1.0_PDF26539,pdf,9,1.74,1.95,0.5918737053871155,0.5923682451248169,1.000835549430901,0.0008355494355782866,0.0008355494355782866,0.08355494355782866
Pythia_minus,49,MUR1.0_MUF1.0_PDF26539,pdf,10,1.95,2.18,0.6574898362159729,0.6604440212249756,1.0044931265036807,0.004493126645684242,0.004493126645684242,0.4493126645684242
Pythia_minus,49,MUR1.0_MUF1.0_PDF26539,pdf,11,2.18,2.5,0.6256763339042664,0.633308470249176,1.0121982180423617,0.012198218144476414,0.012198218144476414,1.2198218144476414
Pythia_minus,50,MUR1.0_MUF1.0_PDF26540,pdf,1,0.0,0.21,0.660984456539154,0.661247730255127,1.000398305456911,0.0003983054484706372,0.0003983054484706372,0.03983054484706372
Pythia_minus,50,MUR1.0_MUF1.0_PDF26540,pdf,2,0.21,0.42,0.6471099853515625,0.6473193168640137,1.0003234867598858,0.0003234867472201586,0.0003234867472201586,0.03234867472201586
Pythia_minus,50,MUR1.0_MUF1.0_PDF26540,pdf,3,0.42,0.63,0.6394927501678467,0.6396158933639526,1.0001925638657727,0.00019256386440247297,0.00019256386440247297,0.019256386440247297
Pythia_minus,50,MUR1.0_MUF1.0_PDF26540,pdf,4,0.63,0.84,0.6380901336669922,0.6380895972251892,0.999999159300897,-8.406991014453524e-07,8.406991014453524e-07,-8.406991014453524e-05
Pythia_minus,50,MUR1.0_MUF1.0_PDF26540,pdf,5,0.84,1.05,0.6463085412979126,0.6466147303581238,1.0004737506015258,0.000473750609671697,0.000473750609671697,0.0473750609671697
Pythia_minus,50,MUR1.0_MUF1.0_PDF26540,pdf,6,1.05,1.37,0.6265755295753479,0.6255987882614136,0.9984411435368433,-0.001558856456540525,0.001558856456540525,-0.1558856456540525
Pythia_minus,50,MUR1.0_MUF1.0_PDF26540,pdf,7,1.37,1.52,0.6408894062042236,0.640710175037384,0.9997203399446074,-0.00027966004563495517,0.00027966004563495517,-0.027966004563495517
Pythia_minus,50,MUR1.0_MUF1.0_PDF26540,pdf,8,1.52,1.74,0.6314683556556702,0.6315306425094604,1.0000986381237198,9.863812010735273e-05,9.863812010735273e-05,0.009863812010735273
Pythia_minus,50,MUR1.0_MUF1.0_PDF26540,pdf,9,1.74,1.95,0.5918737053871155,0.5930968523025513,1.002066567418527,0.0020665673073381186,0.0020665673073381186,0.20665673073381186
Pythia_minus,50,MUR1.0_MUF1.0_PDF26540,pdf,10,1.95,2.18,0.6574898362159729,0.6569832563400269,0.9992295244001618,-0.0007704755989834666,0.0007704755989834666,-0.07704755989834666
Pythia_minus,50,MUR1.0_MUF1.0_PDF26540,pdf,11,2.18,2.5,0.6256763339042664,0.6273512840270996,1.002677023297943,0.002677023410797119,0.002677023410797119,0.2677023410797119
Pythia_minus,51,MUR1.0_MUF1.0_PDF26541,pdf,1,0.0,0.21,0.660984456539154,0.6601217985153198,0.9986948890926255,-0.0013051108689978719,0.0013051108689978719,-0.1305110868997872
Pythia_minus,51,MUR1.0_MUF1.0_PDF26541,pdf,2,0.21,0.42,0.6471099853515625,0.6458413004875183,0.9980394602266028,-0.001960539724677801,0.001960539724677801,-0.1960539724677801
Pythia_minus,51,MUR1.0_MUF1.0_PDF26541,pdf,3,0.42,0.63,0.6394927501678467,0.6387520432472229,0.9988417274153157,-0.0011582726147025824,0.0011582726147025824,-0.11582726147025824
Pythia_minus,51,MUR1.0_MUF1.0_PDF26541,pdf,4,0.63,0.84,0.6380901336669922,0.637482225894928,0.9990473010943287,-0.000952698930632323,0.000952698930632323,-0.0952698930632323
Pythia_minus,51,MUR1.0_MUF1.0_PDF26541,pdf,5,0.84,1.05,0.6463085412979126,0.6455815434455872,0.9988751535746913,-0.0011248463997617364,0.0011248463997617364,-0.11248463997617364
Pythia_minus,51,MUR1.0_MUF1.0_PDF26541,pdf,6,1.05,1.37,0.6265755295753479,0.6253716349601746,0.9980786121411583,-0.001921387854963541,0.001921387854963541,-0.1921387854963541
Pythia_minus,51,MUR1.0_MUF1.0_PDF26541,pdf,7,1.37,1.52,0.6408894062042236,0.6405877470970154,0.9995293117591147,-0.0004706882464233786,0.0004706882464233786,-0.04706882464233786
Pythia_minus,51,MUR1.0_MUF1.0_PDF26541,pdf,8,1.52,1.74,0.6314683556556702,0.6324571371078491,1.0015658448175955,0.0015658448683097959,0.0015658448683097959,0.15658448683097959
Pythia_minus,51,MUR1.0_MUF1.0_PDF26541,pdf,9,1.74,1.95,0.5918737053871155,0.5926235318183899,1.0012668689695954,0.001266869017854333,0.001266869017854333,0.1266869017854333
Pythia_minus,51,MUR1.0_MUF1.0_PDF26541,pdf,10,1.95,2.18,0.6574898362159729,0.6605398058891296,1.0046388088532443,0.0046388087794184685,0.0046388087794184685,0.46388087794184685
Pythia_minus,51,MUR1.0_MUF1.0_PDF26541,pdf,11,2.18,2.5,0.6256763339042664,0.6329970359802246,1.0117004618510606,0.011700461618602276,0.011700461618602276,1.1700461618602276
Pythia_minus,52,MUR1.0_MUF1.0_PDF26542,pdf,1,0.0,0.21,0.660984456539154,0.6607833504676819,0.9996957476541504,-0.0003042523458134383,0.0003042523458134383,-0.03042523458134383
Pythia_minus,52,MUR1.0_MUF1.0_PDF26542,pdf,2,0.21,0.42,0.6471099853515625,0.6468631625175476,0.9996185766877314,-0.0003814233059529215,0.0003814233059529215,-0.03814233059529215
Pythia_minus,52,MUR1.0_MUF1.0_PDF26542,pdf,3,0.42,0.63,0.6394927501678467,0.639236569404602,0.9995994000507787,-0.0004005999362561852,0.0004005999362561852,-0.04005999362561852
Pythia_minus,52,MUR1.0_MUF1.0_PDF26542,pdf,4,0.63,0.84,0.6380901336669922,0.6378526091575623,0.9996277571194137,-0.0003722428809851408,0.0003722428809851408,-0.03722428809851408
Pythia_minus,52,MUR1.0_MUF1.0_PDF26542,pdf,5,0.84,1.05,0.6463085412979126,0.6464290618896484,1.0001864753195027,0.00018647531396709383,0.00018647531396709383,0.018647531396709383
Pythia_minus,52,MUR1.0_MUF1.0_PDF26542,pdf,6,1.05,1.37,0.6265755295753479,0.6255761981010437,0.9984050901652967,-0.0015949098160490394,0.0015949098160490394,-0.15949098160490394
Pythia_minus,52,MUR1.0_MUF1.0_PDF26542,pdf,7,1.37,1.52,0.6408894062042236,0.6407145857810974,0.9997272221674538,-0.0002727778337430209,0.0002727778337430209,-0.02727778337430209
Pythia_minus,52,MUR1.0_MUF1.0_PDF26542,pdf,8,1.52,1.74,0.6314683556556702,0.6317058205604553,1.0003760519472724,0.00037605196121148765,0.00037605196121148765,0.037605196121148765
Pythia_minus,52,MUR1.0_MUF1.0_PDF26542,pdf,9,1.74,1.95,0.5918737053871155,0.5929490923881531,1.0018169197098126,0.0018169196555390954,0.0018169196555390954,0.18169196555390954
Pythia_minus,52,MUR1.0_MUF1.0_PDF26542,pdf,10,1.95,2.18,0.6574898362159729,0.6575796008110046,1.0001365262093607,0.0001365262141916901,0.0001365262141916901,0.013652621419169009
Pythia_minus,52,MUR1.0_MUF1.0_PDF26542,pdf,11,2.18,2.5,0.6256763339042664,0.6288388967514038,1.0050546307663626,0.005054630804806948,0.005054630804806948,0.5054630804806948
Pythia_minus,53,MUR1.0_MUF1.0_PDF26543,pdf,1,0.0,0.21,0.660984456539154,0.6605657339096069,0.9993665166776545,-0.0006334833451546729,0.0006334833451546729,-0.06334833451546729
Pythia_minus,53,MUR1.0_MUF1.0_PDF26543,pdf,2,0.21,0.42,0.6471099853515625,0.6465862989425659,0.9991907304463675,-0.0008092695497907698,0.0008092695497907698,-0.08092695497907698
Pythia_minus,53,MUR1.0_MUF1.0_PDF26543,pdf,3,0.42,0.63,0.6394927501678467,0.6391013264656067,0.9993879153404988,-0.0006120846373960376,0.0006120846373960376,-0.06120846373960376
Pythia_minus,53,MUR1.0_MUF1.0_PDF26543,pdf,4,0.63,0.84,0.6380901336669922,0.637868344783783,0.9996524176264336,-0.0003475823614280671,0.0003475823614280671,-0.03475823614280671
Pythia_minus,53,MUR1.0_MUF1.0_PDF26543,pdf,5,0.84,1.05,0.6463085412979126,0.646341860294342,1.0000515527713165,5.1552771765273064e-05,5.1552771765273064e-05,0.0051552771765273064
Pythia_minus,53,MUR1.0_MUF1.0_PDF26543,pdf,6,1.05,1.37,0.6265755295753479,0.6259669065475464,0.9990286517760851,-0.0009713481995277107,0.0009713481995277107,-0.09713481995277107
Pythia_minus,53,MUR1.0_MUF1.0_PDF26543,pdf,7,1.37,1.52,0.6408894062042236,0.6409053206443787,1.0000248318040539,2.4831804694258608e-05,2.4831804694258608e-05,0.002483180469425861
Pythia_minus,53,MUR1.0_MUF1.0_PDF26543,pdf,8,1.52,1.74,0.6314683556556702,0.6318907141685486,1.0006688514303141,0.000668851425871253,0.000668851425871253,0.0668851425871253
Pythia_minus,53,MUR1.0_MUF1.0_PDF26543,pdf,9,1.74,1.95,0.5918737053871155,0.5927282571792603,1.0014438076643155,0.0014438076177611947,0.0014438076177611947,0.14438076177611947
Pythia_minus,53,MUR1.0_MUF1.0_PDF26543,pdf,10,1.95,2.18,0.6574898362159729,0.6583569645881653,1.0013188468086183,0.0013188468292355537,0.0013188468292355537,0.13188468292355537
Pythia_minus,53,MUR1.0_MUF1.0_PDF26543,pdf,11,2.18,2.5,0.6256763339042664,0.6291251182556152,1.0055120901406454,0.0055120899342000484,0.0055120899342000484,0.5512089934200048
Pythia_minus,54,MUR1.0_MUF1.0_PDF26544,pdf,1,0.0,0.21,0.660984456539154,0.6604503393173218,0.9991919367898168,-0.0008080631960183382,0.0008080631960183382,-0.08080631960183382
Pythia_minus,54,MUR1.0_MUF1.0_PDF26544,pdf,2,0.21,0.42,0.6471099853515625,0.6462692618370056,0.9987008027482374,-0.0012991972034797072,0.0012991972034797072,-0.12991972034797072
Pythia_minus,54,MUR1.0_MUF1.0_PDF26544,pdf,3,0.42,0.63,0.6394927501678467,0.6388963460922241,0.9990673794574434,-0.0009326205472461879,0.0009326205472461879,-0.09326205472461879
Pythia_minus,54,MUR1.0_MUF1.0_PDF26544,pdf,4,0.63,0.84,0.6380901336669922,0.6373655796051025,0.9988644957449416,-0.0011355042224749923,0.0011355042224749923,-0.11355042224749923
Pythia_minus,54,MUR1.0_MUF1.0_PDF26544,pdf,5,0.84,1.05,0.6463085412979126,0.6457897424697876,0.9991972892280162,-0.0008027107687667012,0.0008027107687667012,-0.08027107687667012
Pythia_minus,54,MUR1.0_MUF1.0_PDF26544,pdf,6,1.05,1.37,0.6265755295753479,0.6246698498725891,0.9969585794324742,-0.0030414205975830555,0.0030414205975830555,-0.30414205975830555
Pythia_minus,54,MUR1.0_MUF1.0_PDF26544,pdf,7,1.37,1.52,0.6408894062042236,0.6403043270111084,0.9990870824397294,-0.0009129175450652838,0.0009129175450652838,-0.09129175450652838
Pythia_minus,54,MUR1.0_MUF1.0_PDF26544,pdf,8,1.52,1.74,0.6314683556556702,0.6324150562286377,1.0014992050899916,0.0014992051292210817,0.0014992051292210817,0.14992051292210817
Pythia_minus,54,MUR1.0_MUF1.0_PDF26544,pdf,9,1.74,1.95,0.5918737053871155,0.5936287045478821,1.002965158182891,0.0029651580844074488,0.0029651580844074488,0.2965158084407449
Pythia_minus,54,MUR1.0_MUF1.0_PDF26544,pdf,10,1.95,2.18,0.6574898362159729,0.6594889760017395,1.0030405637861601,0.0030405637808144093,0.0030405637808144093,0.3040563780814409
Pythia_minus,54,MUR1.0_MUF1.0_PDF26544,pdf,11,2.18,2.5,0.6256763339042664,0.6328715682029724,1.0114999304093975,0.011499930173158646,0.011499930173158646,1.1499930173158646
Pythia_minus,55,MUR1.0_MUF1.0_PDF26545,pdf,1,0.0,0.21,0.660984456539154,0.6604437828063965,0.9991820174780077,-0.0008179825381375849,0.0008179825381375849,-0.08179825381375849
Pythia_minus,55,MUR1.0_MUF1.0_PDF26545,pdf,2,0.21,0.42,0.6471099853515625,0.6464189291000366,0.9989320884128369,-0.0010679116239771247,0.0010679116239771247,-0.10679116239771247
Pythia_minus,55,MUR1.0_MUF1.0_PDF26545,pdf,3,0.42,0.63,0.6394927501678467,0.6389773488044739,0.999194046588898,-0.0008059534011408687,0.0008059534011408687,-0.08059534011408687
Pythia_minus,55,MUR1.0_MUF1.0_PDF26545,pdf,4,0.63,0.84,0.6380901336669922,0.6376528143882751,0.9993146434090685,-0.0006853566155768931,0.0006853566155768931,-0.06853566155768931
Pythia_minus,55,MUR1.0_MUF1.0_PDF26545,pdf,5,0.84,1.05,0.6463085412979126,0.6461560130119324,0.9997640008196799,-0.00023599917767569423,0.00023599917767569423,-0.023599917767569423
Pythia_minus,55,MUR1.0_MUF1.0_PDF26545,pdf,6,1.05,1.37,0.6265755295753479,0.6256173253059387,0.9984707282295902,-0.0015292717143893242,0.0015292717143893242,-0.15292717143893242
Pythia_minus,55,MUR1.0_MUF1.0_PDF26545,pdf,7,1.37,1.52,0.6408894062042236,0.6407376527786255,0.9997632143328801,-0.00023678566503804177,0.00023678566503804177,-0.023678566503804177
Pythia_minus,55,MUR1.0_MUF1.0_PDF26545,pdf,8,1.52,1.74,0.6314683556556702,0.6321648955345154,1.0011030479557792,0.0011030479799956083,0.0011030479799956083,0.11030479799956083
Pythia_minus,55,MUR1.0_MUF1.0_PDF26545,pdf,9,1.74,1.95,0.5918737053871155,0.5930964350700378,1.0020658624834882,0.0020658625289797783,0.0020658625289797783,0.20658625289797783
Pythia_minus,55,MUR1.0_MUF1.0_PDF26545,pdf,10,1.95,2.18,0.6574898362159729,0.6589732766151428,1.0022562179937373,0.0022562178783118725,0.0022562178783118725,0.22562178783118725
Pythia_minus,55,MUR1.0_MUF1.0_PDF26545,pdf,11,2.18,2.5,0.6256763339042664,0.6306628584861755,1.0079698149213874,0.007969815284013748,0.007969815284013748,0.7969815284013748
Pythia_minus,56,MUR1.0_MUF1.0_PDF26546,pdf,1,0.0,0.21,0.660984456539154,0.6606279611587524,0.9994606599642778,-0.0005393400206230581,0.0005393400206230581,-0.05393400206230581
Pythia_minus,56,MUR1.0_MUF1.0_PDF26546,pdf,2,0.21,0.42,0.6471099853515625,0.6466308832168579,0.99925962796812,-0.0007403720519505441,0.0007403720519505441,-0.07403720519505441
Pythia_minus,56,MUR1.0_MUF1.0_PDF26546,pdf,3,0.42,0.63,0.6394927501678467,0.6391331553459167,0.999437687414227,-0.0005623126053251326,0.0005623126053251326,-0.05623126053251326
Pythia_minus,56,MUR1.0_MUF1.0_PDF26546,pdf,4,0.63,0.84,0.6380901336669922,0.6379513740539551,0.9997825391653689,-0.00021746083803009242,0.00021746083803009242,-0.021746083803009242
Pythia_minus,56,MUR1.0_MUF1.0_PDF26546,pdf,5,0.84,1.05,0.6463085412979126,0.6463983654975891,1.0001389803691842,0.0001389803655911237,0.0001389803655911237,0.01389803655911237
Pythia_minus,56,MUR1.0_MUF1.0_PDF26546,pdf,6,1.05,1.37,0.6265755295753479,0.6260732412338257,0.9991983594669542,-0.0008016405045054853,0.0008016405045054853,-0.08016405045054853
Pythia_minus,56,MUR1.0_MUF1.0_PDF26546,pdf,7,1.37,1.52,0.6408894062042236,0.6409729719161987,1.0001303902220353,0.00013039022451266646,0.00013039022451266646,0.013039022451266646
Pythia_minus,56,MUR1.0_MUF1.0_PDF26546,pdf,8,1.52,1.74,0.6314683556556702,0.6318108439445496,1.0005423680946353,0.0005423680995590985,0.0005423680995590985,0.05423680995590985
Pythia_minus,56,MUR1.0_MUF1.0_PDF26546,pdf,9,1.74,1.95,0.5918737053871155,0.5926942229270935,1.0013863051061567,0.001386305084452033,0.001386305084452033,0.1386305084452033
Pythia_minus,56,MUR1.0_MUF1.0_PDF26546,pdf,10,1.95,2.18,0.6574898362159729,0.6581307649612427,1.0009748116396118,0.0009748116135597229,0.0009748116135597229,0.09748116135597229
Pythia_minus,56,MUR1.0_MUF1.0_PDF26546,pdf,11,2.18,2.5,0.6256763339042664,0.628393828868866,1.0043432919184305,0.004343291744589806,0.004343291744589806,0.43432917445898056
Pythia_minus,57,MUR1.0_MUF1.0_PDF13306,pdf,1,0.0,0.21,0.660984456539154,0.6609570980072021,0.999958609417088,-4.139058364671655e-05,4.139058364671655e-05,-0.004139058364671655
Pythia_minus,57,MUR1.0_MUF1.0_PDF13306,pdf,2,0.21,0.42,0.6471099853515625,0.6470842957496643,0.9999603010269047,-3.96989744331222e-05,3.96989744331222e-05,-0.00396989744331222
Pythia_minus,57,MUR1.0_MUF1.0_PDF13306,pdf,3,0.42,0.63,0.6394927501678467,0.6394703984260559,0.9999650477010336,-3.495229975669645e-05,3.495229975669645e-05,-0.0034952299756696448
Pythia_minus,57,MUR1.0_MUF1.0_PDF13306,pdf,4,0.63,0.84,0.6380901336669922,0.6380662322044373,0.9999625421844127,-3.745781577890739e-05,3.745781577890739e-05,-0.003745781577890739
Pythia_minus,57,MUR1.0_MUF1.0_PDF13306,pdf,5,0.84,1.05,0.6463085412979126,0.6462825536727905,0.9999597906828372,-4.020931737613864e-05,4.020931737613864e-05,-0.004020931737613864
Pythia_minus,57,MUR1.0_MUF1.0_PDF13306,pdf,6,1.05,1.37,0.6265755295753479,0.6265446543693542,0.9999507238879651,-4.927611371385865e-05,4.927611371385865e-05,-0.004927611371385865
Pythia_minus,57,MUR1.0_MUF1.0_PDF13306,pdf,7,1.37,1.52,0.6408894062042236,0.640866219997406,0.9999638218285508,-3.617817128542811e-05,3.617817128542811e-05,-0.0036178171285428107
Pythia_minus,57,MUR1.0_MUF1.0_PDF13306,pdf,8,1.52,1.74,0.6314683556556702,0.6314427256584167,0.9999594120639239,-4.0587936382507905e-05,4.0587936382507905e-05,-0.0040587936382507905
Pythia_minus,57,MUR1.0_MUF1.0_PDF13306,pdf,9,1.74,1.95,0.5918737053871155,0.5918530225753784,0.9999650553630803,-3.494463817332871e-05,3.494463817332871e-05,-0.0034944638173328713
Pythia_minus,57,MUR1.0_MUF1.0_PDF13306,pdf,10,1.95,2.18,0.6574898362159729,0.6574609279632568,0.9999560323960558,-4.396760414238088e-05,4.396760414238088e-05,-0.004396760414238088
Pythia_minus,57,MUR1.0_MUF1.0_PDF13306,pdf,11,2.18,2.5,0.6256763339042664,0.6256547570228577,0.9999655143078946,-3.4485692594898865e-05,3.4485692594898865e-05,-0.0034485692594898865
Pythia_minus,58,MUR1.0_MUF1.0_PDF26547,pdf,1,0.0,0.21,0.660984456539154,0.6601646542549133,0.9987597253216315,-0.0012402746360749006,0.0012402746360749006,-0.12402746360749006
Pythia_minus,58,MUR1.0_MUF1.0_PDF26547,pdf,2,0.21,0.42,0.6471099853515625,0.6462375521659851,0.9986518007675258,-0.001348199206404388,0.001348199206404388,-0.1348199206404388
Pythia_minus,58,MUR1.0_MUF1.0_PDF26547,pdf,3,0.42,0.63,0.6394927501678467,0.6387941837310791,0.9989076241496339,-0.0010923758381977677,0.0010923758381977677,-0.10923758381977677
Pythia_minus,58,MUR1.0_MUF1.0_PDF26547,pdf,4,0.63,0.84,0.6380901336669922,0.6375141739845276,0.9990973693964602,-0.0009026306215673685,0.0009026306215673685,-0.09026306215673685
Pythia_minus,58,MUR1.0_MUF1.0_PDF26547,pdf,5,0.84,1.05,0.6463085412979126,0.6461101174354553,0.9996929889522135,-0.00030701103969477117,0.00030701103969477117,-0.030701103969477117
Pythia_minus,58,MUR1.0_MUF1.0_PDF26547,pdf,6,1.05,1.37,0.6265755295753479,0.6254898905754089,0.9982673453579096,-0.0017326546367257833,0.0017326546367257833,-0.17326546367257833
Pythia_minus,58,MUR1.0_MUF1.0_PDF26547,pdf,7,1.37,1.52,0.6408894062042236,0.6406831741333008,0.9996782095804262,-0.00032179043046198785,0.00032179043046198785,-0.032179043046198785
Pythia_minus,58,MUR1.0_MUF1.0_PDF26547,pdf,8,1.52,1.74,0.6314683556556702,0.632201075553894,1.0011603430190308,0.0011603430612012744,0.0011603430612012744,0.11603430612012744
Pythia_minus,58,MUR1.0_MUF1.0_PDF26547,pdf,9,1.74,1.95,0.5918737053871155,0.5927785634994507,1.0015288026889848,0.0015288026770576835,0.0015288026770576835,0.15288026770576835
Pythia_minus,58,MUR1.0_MUF1.0_PDF26547,pdf,10,1.95,2.18,0.6574898362159729,0.6588347554206848,1.0020455361142193,0.002045536180958152,0.002045536180958152,0.20455361809581518
Pythia_minus,58,MUR1.0_MUF1.0_PDF26547,pdf,11,2.18,2.5,0.6256763339042664,0.631630539894104,1.0095164315272769,0.009516431950032711,0.009516431950032711,0.9516431950032711
Pythia_minus,59,MUR1.0_MUF1.0_PDF26548,pdf,1,0.0,0.21,0.660984456539154,0.6605657339096069,0.9993665166776545,-0.0006334833451546729,0.0006334833451546729,-0.06334833451546729
Pythia_minus,59,MUR1.0_MUF1.0_PDF26548,pdf,2,0.21,0.42,0.6471099853515625,0.6464734077453613,0.9990162760263152,-0.0009837240213528275,0.0009837240213528275,-0.09837240213528275
Pythia_minus,59,MUR1.0_MUF1.0_PDF26548,pdf,3,0.42,0.63,0.6394927501678467,0.6390343904495239,0.9992832448558604,-0.0007167551666498184,0.0007167551666498184,-0.07167551666498184
Pythia_minus,59,MUR1.0_MUF1.0_PDF26548,pdf,4,0.63,0.84,0.6380901336669922,0.6378163695335388,0.9995709632244585,-0.00042903676512651145,0.00042903676512651145,-0.042903676512651145
Pythia_minus,59,MUR1.0_MUF1.0_PDF26548,pdf,5,0.84,1.05,0.6463085412979126,0.6462536454200745,0.9999150624286538,-8.49375719553791e-05,8.49375719553791e-05,-0.00849375719553791
Pythia_minus,59,MUR1.0_MUF1.0_PDF26548,pdf,6,1.05,1.37,0.6265755295753479,0.6259232759475708,0.9989590183513564,-0.0010409816168248653,0.0010409816168248653,-0.10409816168248653
Pythia_minus,59,MUR1.0_MUF1.0_PDF26548,pdf,7,1.37,1.52,0.6408894062042236,0.640924870967865,1.0000553367918052,5.533679359359667e-05,5.533679359359667e-05,0.005533679359359667
Pythia_minus,59,MUR1.0_MUF1.0_PDF26548,pdf,8,1.52,1.74,0.6314683556556702,0.6320944428443909,1.0009914783268445,0.0009914783295243979,0.0009914783295243979,0.09914783295243979
Pythia_minus,59,MUR1.0_MUF1.0_PDF26548,pdf,9,1.74,1.95,0.5918737053871155,0.5931954383850098,1.0022331334976773,0.0022331334184855223,0.0022331334184855223,0.22331334184855223
Pythia_minus,59,MUR1.0_MUF1.0_PDF26548,pdf,10,1.95,2.18,0.6574898362159729,0.6588019728660583,1.001995675944798,0.001995675964280963,0.001995675964280963,0.1995675964280963
Pythia_minus,59,MUR1.0_MUF1.0_PDF26548,pdf,11,2.18,2.5,0.6256763339042664,0.6292455196380615,1.0057045241131675,0.005704523995518684,0.005704523995518684,0.5704523995518684
Pythia_minus,60,MUR1.0_MUF1.0_PDF26549,pdf,1,0.0,0.21,0.660984456539154,0.6609078049659729,0.999884034227397,-0.00011596576950978488,0.00011596576950978488,-0.011596576950978488
Pythia_minus,60,MUR1.0_MUF1.0_PDF26549,pdf,2,0.21,0.42,0.6471099853515625,0.647094190120697,0.9999755911186304,-2.440888056298718e-05,2.440888056298718e-05,-0.002440888056298718
Pythia_minus,60,MUR1.0_MUF1.0_PDF26549,pdf,3,0.42,0.63,0.6394927501678467,0.6393511295318604,0.9997785422337483,-0.00022145776893012226,0.00022145776893012226,-0.022145776893012226
Pythia_minus,60,MUR1.0_MUF1.0_PDF26549,pdf,4,0.63,0.84,0.6380901336669922,0.6379519104957581,0.9997833798644719,-0.00021662013023160398,0.00021662013023160398,-0.021662013023160398
Pythia_minus,60,MUR1.0_MUF1.0_PDF26549,pdf,5,0.84,1.05,0.6463085412979126,0.6467461585998535,1.0006771027674524,0.0006771027692593634,0.0006771027692593634,0.06771027692593634
Pythia_minus,60,MUR1.0_MUF1.0_PDF26549,pdf,6,1.05,1.37,0.6265755295753479,0.6260246634483337,0.9991208304489844,-0.0008791695581749082,0.0008791695581749082,-0.08791695581749082
Pythia_minus,60,MUR1.0_MUF1.0_PDF26549,pdf,7,1.37,1.52,0.6408894062042236,0.6409462094306946,1.0000886318699,8.863186667440459e-05,8.863186667440459e-05,0.008863186667440459
Pythia_minus,60,MUR1.0_MUF1.0_PDF26549,pdf,8,1.52,1.74,0.6314683556556702,0.6319655179977417,1.0007873115693269,0.0007873115828260779,0.0007873115828260779,0.0787311582826078
Pythia_minus,60,MUR1.0_MUF1.0_PDF26549,pdf,9,1.74,1.95,0.5918737053871155,0.5936131477355957,1.0029388741764471,0.002938874065876007,0.002938874065876007,0.2938874065876007
Pythia_minus,60,MUR1.0_MUF1.0_PDF26549,pdf,10,1.95,2.18,0.6574898362159729,0.657720685005188,1.000351106247579,0.0003511062532197684,0.0003511062532197684,0.03511062532197684
Pythia_minus,60,MUR1.0_MUF1.0_PDF26549,pdf,11,2.18,2.5,0.6256763339042664,0.6279540657997131,1.0036404315970104,0.0036404316779226065,0.0036404316779226065,0.36404316779226065
Pythia_minus,61,MUR1.0_MUF1.0_PDF26550,pdf,1,0.0,0.21,0.660984456539154,0.6604053378105164,0.9991238542405825,-0.0008761457866057754,0.0008761457866057754,-0.08761457866057754
Pythia_minus,61,MUR1.0_MUF1.0_PDF26550,pdf,2,0.21,0.42,0.6471099853515625,0.6462754011154175,0.9987102899738263,-0.001289710053242743,0.001289710053242743,-0.1289710053242743
Pythia_minus,61,MUR1.0_MUF1.0_PDF26550,pdf,3,0.42,0.63,0.6394927501678467,0.6391046643257141,0.9993931348838111,-0.000606865098234266,0.000606865098234266,-0.060686509823426604
Pythia_minus,61,MUR1.0_MUF1.0_PDF26550,pdf,4,0.63,0.84,0.6380901336669922,0.6378075480461121,0.9995571383947653,-0.0004428616084624082,0.0004428616084624082,-0.04428616084624082
Pythia_minus,61,MUR1.0_MUF1.0_PDF26550,pdf,5,0.84,1.05,0.6463085412979126,0.6458590626716614,0.9993045448148518,-0.0006954551790840924,0.0006954551790840924,-0.06954551790840924
Pythia_minus,61,MUR1.0_MUF1.0_PDF26550,pdf,6,1.05,1.37,0.6265755295753479,0.6252046227455139,0.997812064523549,-0.0021879354026168585,0.0021879354026168585,-0.21879354026168585
Pythia_minus,61,MUR1.0_MUF1.0_PDF26550,pdf,7,1.37,1.52,0.6408894062042236,0.6406567096710205,0.9996369162433479,-0.0003630837600212544,0.0003630837600212544,-0.03630837600212544
Pythia_minus,61,MUR1.0_MUF1.0_PDF26550,pdf,8,1.52,1.74,0.6314683556556702,0.631400465965271,0.9998924891646729,-0.00010751083755167201,0.00010751083755167201,-0.010751083755167201
Pythia_minus,61,MUR1.0_MUF1.0_PDF26550,pdf,9,1.74,1.95,0.5918737053871155,0.5910483002662659,0.9986054370833897,-0.0013945628888905048,0.0013945628888905048,-0.13945628888905048
Pythia_minus,61,MUR1.0_MUF1.0_PDF26550,pdf,10,1.95,2.18,0.6574898362159729,0.6563003063201904,0.9981908010888373,-0.0018091988749802113,0.0018091988749802113,-0.18091988749802113
Pythia_minus,61,MUR1.0_MUF1.0_PDF26550,pdf,11,2.18,2.5,0.6256763339042664,0.6321462988853455,1.0103407538858087,0.010340753942728043,0.010340753942728043,1.0340753942728043
Pythia_minus,62,MUR1.0_MUF1.0_PDF26551,pdf,1,0.0,0.21,0.660984456539154,0.6604975461959839,0.9992633558348413,-0.0007366441423073411,0.0007366441423073411,-0.07366441423073411
Pythia_minus,62,MUR1.0_MUF1.0_PDF26551,pdf,2,0.21,0.42,0.6471099853515625,0.6464860439300537,0.9990358031314108,-0.000964196864515543,0.000964196864515543,-0.0964196864515543
Pythia_minus,62,MUR1.0_MUF1.0_PDF26551,pdf,3,0.42,0.63,0.6394927501678467,0.6390288472175598,0.9992745766857167,-0.0007254233350977302,0.0007254233350977302,-0.07254233350977302
Pythia_minus,62,MUR1.0_MUF1.0_PDF26551,pdf,4,0.63,0.84,0.6380901336669922,0.6377344727516174,0.9994426164947405,-0.0005573835223913193,0.0005573835223913193,-0.05573835223913193
Pythia_minus,62,MUR1.0_MUF1.0_PDF26551,pdf,5,0.84,1.05,0.6463085412979126,0.6462275981903076,0.9998747608882865,-0.0001252391084562987,0.0001252391084562987,-0.012523910845629871
Pythia_minus,62,MUR1.0_MUF1.0_PDF26551,pdf,6,1.05,1.37,0.6265755295753479,0.6257604360580444,0.9986991296678057,-0.001300870324485004,0.001300870324485004,-0.1300870324485004
Pythia_minus,62,MUR1.0_MUF1.0_PDF26551,pdf,7,1.37,1.52,0.6408894062042236,0.6408059000968933,0.9998697027809761,-0.00013029722322244197,0.00013029722322244197,-0.013029722322244197
Pythia_minus,62,MUR1.0_MUF1.0_PDF26551,pdf,8,1.52,1.74,0.6314683556556702,0.6320697069168091,1.0009523062490036,0.0009523062617518008,0.0009523062617518008,0.09523062617518008
Pythia_minus,62,MUR1.0_MUF1.0_PDF26551,pdf,9,1.74,1.95,0.5918737053871155,0.5929819941520691,1.0018725088728664,0.0018725089030340314,0.0018725089030340314,0.18725089030340314
Pythia_minus,62,MUR1.0_MUF1.0_PDF26551,pdf,10,1.95,2.18,0.6574898362159729,0.6587609648704529,1.0019333054055948,0.0019333054078742862,0.0019333054078742862,0.19333054078742862
Pythia_minus,62,MUR1.0_MUF1.0_PDF26551,pdf,11,2.18,2.5,0.6256763339042664,0.6300554871559143,1.0069990712679218,0.006999071221798658,0.006999071221798658,0.6999071221798658
Pythia_minus,63,MUR1.0_MUF1.0_PDF26552,pdf,1,0.0,0.21,0.660984456539154,0.6604971885681152,0.9992628147814699,-0.0007371852407231927,0.0007371852407231927,-0.07371852407231927
Pythia_minus,63,MUR1.0_MUF1.0_PDF26552,pdf,2,0.21,0.42,0.6471099853515625,0.6464863419532776,0.9990362636763422,-0.0009637363255023956,0.0009637363255023956,-0.09637363255023956
Pythia_minus,63,MUR1.0_MUF1.0_PDF26552,pdf,3,0.42,0.63,0.6394927501678467,0.6390289068222046,0.9992746698918473,-0.0007253300864249468,0.0007253300864249468,-0.07253300864249468
Pythia_minus,63,MUR1.0_MUF1.0_PDF26552,pdf,4,0.63,0.84,0.6380901336669922,0.6377348303794861,0.9994431769608092,-0.0005568230408243835,0.0005568230408243835,-0.05568230408243835
Pythia_minus,63,MUR1.0_MUF1.0_PDF26552,pdf,5,0.84,1.05,0.6463085412979126,0.6462273001670837,0.999874299772264,-0.0001257002295460552,0.0001257002295460552,-0.01257002295460552
Pythia_minus,63,MUR1.0_MUF1.0_PDF26552,pdf,6,1.05,1.37,0.6265755295753479,0.6257598996162415,0.9986982735191411,-0.0013017264427617192,0.0013017264427617192,-0.13017264427617192
Pythia_minus,63,MUR1.0_MUF1.0_PDF26552,pdf,7,1.37,1.52,0.6408894062042236,0.6408049464225769,0.9998682147327931,-0.0001317852729698643,0.0001317852729698643,-0.013178527296986431
Pythia_minus,63,MUR1.0_MUF1.0_PDF26552,pdf,8,1.52,1.74,0.6314683556556702,0.6320698261260986,1.0009524950301016,0.0009524950291961432,0.0009524950291961432,0.09524950291961432
Pythia_minus,63,MUR1.0_MUF1.0_PDF26552,pdf,9,1.74,1.95,0.5918737053871155,0.5929819345474243,1.0018724081678607,0.001872408203780651,0.001872408203780651,0.1872408203780651
Pythia_minus,63,MUR1.0_MUF1.0_PDF26552,pdf,10,1.95,2.18,0.6574898362159729,0.6587620377540588,1.0019349371929578,0.0019349372014403343,0.0019349372014403343,0.19349372014403343
Pythia_minus,63,MUR1.0_MUF1.0_PDF26552,pdf,11,2.18,2.5,0.6256763339042664,0.6300565600395203,1.0070007860260928,0.007000786252319813,0.007000786252319813,0.7000786252319813
Pythia_minus,64,MUR1.0_MUF1.0_PDF26553,pdf,1,0.0,0.21,0.660984456539154,0.6604969501495361,0.9992624540792223,-0.0007375458953902125,0.0007375458953902125,-0.07375458953902125
Pythia_minus,64,MUR1.0_MUF1.0_PDF26553,pdf,2,0.21,0.42,0.6471099853515625,0.6464869976043701,0.9990372768751916,-0.0009627231047488749,0.0009627231047488749,-0.09627231047488749
Pythia_minus,64,MUR1.0_MUF1.0_PDF26553,pdf,3,0.42,0.63,0.6394927501678467,0.6390286087989807,0.9992742038611945,-0.0007257961551658809,0.0007257961551658809,-0.07257961551658809
Pythia_minus,64,MUR1.0_MUF1.0_PDF26553,pdf,4,0.63,0.84,0.6380901336669922,0.6377348303794861,0.9994431769608092,-0.0005568230408243835,0.0005568230408243835,-0.05568230408243835
Pythia_minus,64,MUR1.0_MUF1.0_PDF26553,pdf,5,0.84,1.05,0.6463085412979126,0.6462276577949524,0.999874853111491,-0.00012514689296949655,0.00012514689296949655,-0.012514689296949655
Pythia_minus,64,MUR1.0_MUF1.0_PDF26553,pdf,6,1.05,1.37,0.6265755295753479,0.6257597804069519,0.9986980832638822,-0.0013019167818129063,0.0013019167818129063,-0.13019167818129063
Pythia_minus,64,MUR1.0_MUF1.0_PDF26553,pdf,7,1.37,1.52,0.6408894062042236,0.6408054828643799,0.9998690517598959,-0.00013094824680592865,0.00013094824680592865,-0.013094824680592865
Pythia_minus,64,MUR1.0_MUF1.0_PDF26553,pdf,8,1.52,1.74,0.6314683556556702,0.6320697665214539,1.0009524006395527,0.0009524006163701415,0.0009524006163701415,0.09524006163701415
Pythia_minus,64,MUR1.0_MUF1.0_PDF26553,pdf,9,1.74,1.95,0.5918737053871155,0.592982292175293,1.0018730123978938,0.0018730123993009329,0.0018730123993009329,0.1873012399300933
Pythia_minus,64,MUR1.0_MUF1.0_PDF26553,pdf,10,1.95,2.18,0.6574898362159729,0.6587617993354797,1.0019345745735437,0.0019345745677128434,0.0019345745677128434,0.19345745677128434
Pythia_minus,64,MUR1.0_MUF1.0_PDF26553,pdf,11,2.18,2.5,0.6256763339042664,0.6300567388534546,1.0070010718191211,0.007001071702688932,0.007001071702688932,0.7001071702688932
Pythia_minus,65,MUR1.0_MUF1.0_PDF26554,pdf,1,0.0,0.21,0.660984456539154,0.66049724817276,0.9992629049570319,-0.0007370950188487768,0.0007370950188487768,-0.07370950188487768
Pythia_minus,65,MUR1.0_MUF1.0_PDF26554,pdf,2,0.21,0.42,0.6471099853515625,0.6464858055114746,0.9990354346954656,-0.0009645653190091252,0.0009645653190091252,-0.09645653190091252
Pythia_minus,65,MUR1.0_MUF1.0_PDF26554,pdf,3,0.42,0.63,0.6394927501678467,0.6390287280082703,0.9992743902734555,-0.0007256097160279751,0.0007256097160279751,-0.07256097160279751
Pythia_minus,65,MUR1.0_MUF1.0_PDF26554,pdf,4,0.63,0.84,0.6380901336669922,0.637734591960907,0.9994428033167635,-0.000557196675799787,0.000557196675799787,-0.055719667579978704
Pythia_minus,65,MUR1.0_MUF1.0_PDF26554,pdf,5,0.84,1.05,0.6463085412979126,0.6462275981903076,0.9998747608882865,-0.0001252391084562987,0.0001252391084562987,-0.012523910845629871
Pythia_minus,65,MUR1.0_MUF1.0_PDF26554,pdf,6,1.05,1.37,0.6265755295753479,0.625760555267334,0.9986993199230646,-0.0013006801018491387,0.0013006801018491387,-0.13006801018491387
Pythia_minus,65,MUR1.0_MUF1.0_PDF26554,pdf,7,1.37,1.52,0.6408894062042236,0.6408059597015381,0.9998697957839875,-0.00013020422193221748,0.00013020422193221748,-0.013020422193221748
Pythia_minus,65,MUR1.0_MUF1.0_PDF26554,pdf,8,1.52,1.74,0.6314683556556702,0.6320696473121643,1.0009522118584546,0.0009522118489257991,0.0009522118489257991,0.09522118489257991
Pythia_minus,65,MUR1.0_MUF1.0_PDF26554,pdf,9,1.74,1.95,0.5918737053871155,0.5929819941520691,1.0018725088728664,0.0018725089030340314,0.0018725089030340314,0.18725089030340314
Pythia_minus,65,MUR1.0_MUF1.0_PDF26554,pdf,10,1.95,2.18,0.6574898362159729,0.6587609648704529,1.0019333054055948,0.0019333054078742862,0.0019333054078742862,0.19333054078742862
Pythia_minus,65,MUR1.0_MUF1.0_PDF26554,pdf,11,2.18,2.5,0.6256763339042664,0.6300550699234009,1.006998404417522,0.006998404394835234,0.006998404394835234,0.6998404394835234
Pythia_minus,66,MUR1.0_MUF1.0_PDF26555,pdf,1,0.0,0.21,0.660984456539154,0.6604967713356018,0.9992621835525366,-0.0007378164445981383,0.0007378164445981383,-0.07378164445981383
Pythia_minus,66,MUR1.0_MUF1.0_PDF26555,pdf,2,0.21,0.42,0.6471099853515625,0.646487832069397,0.9990385664009998,-0.0009614335722289979,0.0009614335722289979,-0.0961433572228998
Pythia_minus,66,MUR1.0_MUF1.0_PDF26555,pdf,3,0.42,0.63,0.6394927501678467,0.6390289068222046,0.9992746698918473,-0.0007253300864249468,0.0007253300864249468,-0.07253300864249468
Pythia_minus,66,MUR1.0_MUF1.0_PDF26555,pdf,4,0.63,0.84,0.6380901336669922,0.6377360820770264,0.9994451385920494,-0.0005548613844439387,0.0005548613844439387,-0.05548613844439387
Pythia_minus,66,MUR1.0_MUF1.0_PDF26555,pdf,5,0.84,1.05,0.6463085412979126,0.6462277173995972,0.9998749453346956,-0.00012505466293077916,0.00012505466293077916,-0.012505466293077916
Pythia_minus,66,MUR1.0_MUF1.0_PDF26555,pdf,6,1.05,1.37,0.6265755295753479,0.6257596611976624,0.9986978930086234,-0.0013021070044487715,0.0013021070044487715,-0.13021070044487715
Pythia_minus,66,MUR1.0_MUF1.0_PDF26555,pdf,7,1.37,1.52,0.6408894062042236,0.6408058404922485,0.9998696097779646,-0.00013039022451266646,0.00013039022451266646,-0.013039022451266646
Pythia_minus,66,MUR1.0_MUF1.0_PDF26555,pdf,8,1.52,1.74,0.6314683556556702,0.6320688724517822,1.0009509847813174,0.0009509847732260823,0.0009509847732260823,0.09509847732260823
Pythia_minus,66,MUR1.0_MUF1.0_PDF26555,pdf,9,1.74,1.95,0.5918737053871155,0.5929827094078064,1.0018737173329326,0.001873717294074595,0.001873717294074595,0.1873717294074595
Pythia_minus,66,MUR1.0_MUF1.0_PDF26555,pdf,10,1.95,2.18,0.6574898362159729,0.6587613821029663,1.0019339399895693,0.0019339399877935648,0.0019339399877935648,0.19339399877935648
Pythia_minus,66,MUR1.0_MUF1.0_PDF26555,pdf,11,2.18,2.5,0.6256763339042664,0.6300551891326904,1.0069985949462075,0.0069985948503017426,0.0069985948503017426,0.6998594850301743
Pythia_minus,67,MUR1.0_MUF1.0_PDF26556,pdf,1,0.0,0.21,0.660984456539154,0.6604968309402466,0.9992622737280985,-0.0007377262809313834,0.0007377262809313834,-0.07377262809313834
Pythia_minus,67,MUR1.0_MUF1.0_PDF26556,pdf,2,0.21,0.42,0.6471099853515625,0.6464865803718567,0.9990366321122874,-0.0009633678710088134,0.0009633678710088134,-0.09633678710088134
Pythia_minus,67,MUR1.0_MUF1.0_PDF26556,pdf,3,0.42,0.63,0.6394927501678467,0.639028787612915,0.9992744834795861,-0.0007255165255628526,0.0007255165255628526,-0.07255165255628526
Pythia_minus,67,MUR1.0_MUF1.0_PDF26556,pdf,4,0.63,0.84,0.6380901336669922,0.6377338171005249,0.9994415889736148,-0.0005584110040217638,0.0005584110040217638,-0.05584110040217638
Pythia_minus,67,MUR1.0_MUF1.0_PDF26556,pdf,5,0.84,1.05,0.6463085412979126,0.6462274789810181,0.9998745764418775,-0.00012542355398181826,0.00012542355398181826,-0.012542355398181826
Pythia_minus,67,MUR1.0_MUF1.0_PDF26556,pdf,6,1.05,1.37,0.6265755295753479,0.6257591843605042,0.9986971319875881,-0.0013028680114075541,0.0013028680114075541,-0.13028680114075541
Pythia_minus,67,MUR1.0_MUF1.0_PDF26556,pdf,7,1.37,1.52,0.6408894062042236,0.6408040523529053,0.9998668196876215,-0.00013318030687514693,0.00013318030687514693,-0.013318030687514693
Pythia_minus,67,MUR1.0_MUF1.0_PDF26556,pdf,8,1.52,1.74,0.6314683556556702,0.6320697665214539,1.0009524006395527,0.0009524006163701415,0.0009524006163701415,0.09524006163701415
Pythia_minus,67,MUR1.0_MUF1.0_PDF26556,pdf,9,1.74,1.95,0.5918737053871155,0.5929839611053467,1.0018758321380488,0.001875832094810903,0.001875832094810903,0.1875832094810903
Pythia_minus,67,MUR1.0_MUF1.0_PDF26556,pdf,10,1.95,2.18,0.6574898362159729,0.65876305103302,1.001936478325467,0.0019364783074706793,0.0019364783074706793,0.19364783074706793
Pythia_minus,67,MUR1.0_MUF1.0_PDF26556,pdf,11,2.18,2.5,0.6256763339042664,0.6300585269927979,1.0070039297494062,0.007003929931670427,0.007003929931670427,0.7003929931670427
Pythia_minus,68,MUR1.0_MUF1.0_PDF13307,pdf,1,0.0,0.21,0.660984456539154,0.6609660983085632,0.9999722259269349,-2.7774072805186734e-05,2.7774072805186734e-05,-0.0027774072805186734
Pythia_minus,68,MUR1.0_MUF1.0_PDF13307,pdf,2,0.21,0.42,0.6471099853515625,0.647087812423706,0.9999657354570963,-3.4264543501194566e-05,3.4264543501194566e-05,-0.0034264543501194566
Pythia_minus,68,MUR1.0_MUF1.0_PDF13307,pdf,3,0.42,0.63,0.6394927501678467,0.6394681930541992,0.9999615990742021,-3.8400925404857844e-05,3.8400925404857844e-05,-0.0038400925404857844
Pythia_minus,68,MUR1.0_MUF1.0_PDF13307,pdf,4,0.63,0.84,0.6380901336669922,0.6380656361579895,0.9999616080742983,-3.83919250452891e-05,3.83919250452891e-05,-0.00383919250452891
Pythia_minus,68,MUR1.0_MUF1.0_PDF13307,pdf,5,0.84,1.05,0.6463085412979126,0.6462796926498413,0.9999553639690211,-4.463603181648068e-05,4.463603181648068e-05,-0.004463603181648068
Pythia_minus,68,MUR1.0_MUF1.0_PDF13307,pdf,6,1.05,1.37,0.6265755295753479,0.6265407800674438,0.9999445405920534,-5.5459408031310886e-05,5.5459408031310886e-05,-0.005545940803131089
Pythia_minus,68,MUR1.0_MUF1.0_PDF13307,pdf,7,1.37,1.52,0.6408894062042236,0.6408636569976807,0.999959822699059,-4.017729952465743e-05,4.017729952465743e-05,-0.004017729952465743
Pythia_minus,68,MUR1.0_MUF1.0_PDF13307,pdf,8,1.52,1.74,0.6314683556556702,0.6314420104026794,0.9999582793773357,-4.172062108409591e-05,4.172062108409591e-05,-0.004172062108409591
Pythia_minus,68,MUR1.0_MUF1.0_PDF13307,pdf,9,1.74,1.95,0.5918737053871155,0.5918520092964172,0.9999633433779863,-3.665662370622158e-05,3.665662370622158e-05,-0.003665662370622158
Pythia_minus,68,MUR1.0_MUF1.0_PDF13307,pdf,10,1.95,2.18,0.6574898362159729,0.6574581861495972,0.9999518622727951,-4.813772829947993e-05,4.813772829947993e-05,-0.004813772829947993
Pythia_minus,68,MUR1.0_MUF1.0_PDF13307,pdf,11,2.18,2.5,0.6256763339042664,0.6256533265113831,0.9999632279636665,-3.677203494589776e-05,3.677203494589776e-05,-0.003677203494589776
Pythia_minus,69,MUR1.0_MUF1.0_PDF26557,pdf,1,0.0,0.21,0.660984456539154,0.660496711730957,0.9992620933769747,-0.0007379066082648933,0.0007379066082648933,-0.07379066082648933
Pythia_minus,69,MUR1.0_MUF1.0_PDF26557,pdf,2,0.21,0.42,0.6471099853515625,0.6464868783950806,0.999037092657219,-0.000962907331995666,0.000962907331995666,-0.0962907331995666
Pythia_minus,69,MUR1.0_MUF1.0_PDF26557,pdf,3,0.42,0.63,0.6394927501678467,0.6390283703804016,0.9992738310366721,-0.0007261689752340317,0.0007261689752340317,-0.07261689752340317
Pythia_minus,69,MUR1.0_MUF1.0_PDF26557,pdf,4,0.63,0.84,0.6380901336669922,0.637734591960907,0.9994428033167635,-0.000557196675799787,0.000557196675799787,-0.055719667579978704
Pythia_minus,69,MUR1.0_MUF1.0_PDF26557,pdf,5,0.84,1.05,0.6463085412979126,0.6462273597717285,0.9998743919954686,-0.0001256079995073378,0.0001256079995073378,-0.01256079995073378
Pythia_minus,69,MUR1.0_MUF1.0_PDF26557,pdf,6,1.05,1.37,0.6265755295753479,0.6257597804069519,0.9986980832638822,-0.0013019167818129063,0.0013019167818129063,-0.13019167818129063
Pythia_minus,69,MUR1.0_MUF1.0_PDF26557,pdf,7,1.37,1.52,0.6408894062042236,0.6408054232597351,0.9998689587568845,-0.00013104124809615314,0.00013104124809615314,-0.013104124809615314
Pythia_minus,69,MUR1.0_MUF1.0_PDF26557,pdf,8,1.52,1.74,0.6314683556556702,0.6320698261260986,1.0009524950301016,0.0009524950291961432,0.0009524950291961432,0.09524950291961432
Pythia_minus,69,MUR1.0_MUF1.0_PDF26557,pdf,9,1.74,1.95,0.5918737053871155,0.5929824113845825,1.001873213807905,0.0018732137978076935,0.0018732137978076935,0.18732137978076935
Pythia_minus,69,MUR1.0_MUF1.0_PDF26557,pdf,10,1.95,2.18,0.6574898362159729,0.6587622165679932,1.0019352091575182,0.001935209147632122,0.001935209147632122,0.1935209147632122
Pythia_minus,69,MUR1.0_MUF1.0_PDF26557,pdf,11,2.18,2.5,0.6256763339042664,0.6300567388534546,1.0070010718191211,0.007001071702688932,0.007001071702688932,0.7001071702688932
Pythia_minus,70,MUR1.0_MUF1.0_PDF26558,pdf,1,0.0,0.21,0.660984456539154,0.6604973077774048,0.9992629951325936,-0.0007370048551820219,0.0007370048551820219,-0.07370048551820219
Pythia_minus,70,MUR1.0_MUF1.0_PDF26558,pdf,2,0.21,0.42,0.6471099853515625,0.6464858055114746,0.9990354346954656,-0.0009645653190091252,0.0009645653190091252,-0.09645653190091252
Pythia_minus,70,MUR1.0_MUF1.0_PDF26558,pdf,3,0.42,0.63,0.6394927501678467,0.6390286087989807,0.9992742038611945,-0.0007257961551658809,0.0007257961551658809,-0.07257961551658809
Pythia_minus,70,MUR1.0_MUF1.0_PDF26558,pdf,4,0.63,0.84,0.6380901336669922,0.6377344727516174,0.9994426164947405,-0.0005573835223913193,0.0005573835223913193,-0.05573835223913193
Pythia_minus,70,MUR1.0_MUF1.0_PDF26558,pdf,5,0.84,1.05,0.6463085412979126,0.6462275385856628,0.999874668665082,-0.0001253313384950161,0.0001253313384950161,-0.01253313384950161
Pythia_minus,70,MUR1.0_MUF1.0_PDF26558,pdf,6,1.05,1.37,0.6265755295753479,0.6257604956626892,0.9986992247954352,-0.0013007752131670713,0.0013007752131670713,-0.13007752131670713
Pythia_minus,70,MUR1.0_MUF1.0_PDF26558,pdf,7,1.37,1.52,0.6408894062042236,0.6408059000968933,0.9998697027809761,-0.00013029722322244197,0.00013029722322244197,-0.013029722322244197
Pythia_minus,70,MUR1.0_MUF1.0_PDF26558,pdf,8,1.52,1.74,0.6314683556556702,0.6320698261260986,1.0009524950301016,0.0009524950291961432,0.0009524950291961432,0.09524950291961432
Pythia_minus,70,MUR1.0_MUF1.0_PDF26558,pdf,9,1.74,1.95,0.5918737053871155,0.5929822325706482,1.0018729116928884,0.0018729117000475526,0.0018729117000475526,0.18729117000475526
Pythia_minus,70,MUR1.0_MUF1.0_PDF26558,pdf,10,1.95,2.18,0.6574898362159729,0.6587609648704529,1.0019333054055948,0.0019333054078742862,0.0019333054078742862,0.19333054078742862
Pythia_minus,70,MUR1.0_MUF1.0_PDF26558,pdf,11,2.18,2.5,0.6256763339042664,0.6300555467605591,1.0069991665322646,0.0069991666823625565,0.0069991666823625565,0.6999166682362556
Pythia_minus,71,MUR1.0_MUF1.0_PDF26559,pdf,1,0.0,0.21,0.660984456539154,0.6604968905448914,0.9992623639036604,-0.0007376361172646284,0.0007376361172646284,-0.07376361172646284
Pythia_minus,71,MUR1.0_MUF1.0_PDF26559,pdf,2,0.21,0.42,0.6471099853515625,0.6464863419532776,0.9990362636763422,-0.0009637363255023956,0.0009637363255023956,-0.09637363255023956
Pythia_minus,71,MUR1.0_MUF1.0_PDF26559,pdf,3,0.42,0.63,0.6394927501678467,0.6390279531478882,0.9992731785937581,-0.0007268214249052107,0.0007268214249052107,-0.07268214249052107
Pythia_minus,71,MUR1.0_MUF1.0_PDF26559,pdf,4,0.63,0.84,0.6380901336669922,0.6377337574958801,0.9994414955626033,-0.0005585044273175299,0.0005585044273175299,-0.05585044273175299
Pythia_minus,71,MUR1.0_MUF1.0_PDF26559,pdf,5,0.84,1.05,0.6463085412979126,0.6462281346321106,0.9998755908971271,-0.00012440909631550312,0.00012440909631550312,-0.012440909631550312
Pythia_minus,71,MUR1.0_MUF1.0_PDF26559,pdf,6,1.05,1.37,0.6265755295753479,0.6257608532905579,0.9986997955612116,-0.0013002044288441539,0.0013002044288441539,-0.1300204428844154
Pythia_minus,71,MUR1.0_MUF1.0_PDF26559,pdf,7,1.37,1.52,0.6408894062042236,0.6408063769340515,0.9998704468050675,-0.0001295531983487308,0.0001295531983487308,-0.01295531983487308
Pythia_minus,71,MUR1.0_MUF1.0_PDF26559,pdf,8,1.52,1.74,0.6314683556556702,0.6320692896842957,1.0009516455151606,0.0009516454883851111,0.0009516454883851111,0.09516454883851111
Pythia_minus,71,MUR1.0_MUF1.0_PDF26559,pdf,9,1.74,1.95,0.5918737053871155,0.5929826498031616,1.0018736166279272,0.0018736165948212147,0.0018736165948212147,0.18736165948212147
Pythia_minus,71,MUR1.0_MUF1.0_PDF26559,pdf,10,1.95,2.18,0.6574898362159729,0.6587597727775574,1.001931492308525,0.0019314923556521535,0.0019314923556521535,0.19314923556521535
Pythia_minus,71,MUR1.0_MUF1.0_PDF26559,pdf,11,2.18,2.5,0.6256763339042664,0.6300559043884277,1.0069997381183216,0.006999738048762083,0.006999738048762083,0.6999738048762083
Pythia_minus,72,MUR1.0_MUF1.0_PDF26560,pdf,1,0.0,0.21,0.660984456539154,0.6604971289634705,0.999262724605908,-0.0007372754043899477,0.0007372754043899477,-0.07372754043899477
Pythia_minus,72,MUR1.0_MUF1.0_PDF26560,pdf,2,0.21,0.42,0.6471099853515625,0.6464879512786865,0.9990387506189724,-0.0009612494031898677,0.0009612494031898677,-0.09612494031898677
Pythia_minus,72,MUR1.0_MUF1.0_PDF26560,pdf,3,0.42,0.63,0.6394927501678467,0.6390298008918762,0.999276067983806,-0.0007239319966174662,0.0007239319966174662,-0.07239319966174662
Pythia_minus,72,MUR1.0_MUF1.0_PDF26560,pdf,4,0.63,0.84,0.6380901336669922,0.6377356648445129,0.9994444847149694,-0.0005555152893066406,0.0005555152893066406,-0.05555152893066406
Pythia_minus,72,MUR1.0_MUF1.0_PDF26560,pdf,5,0.84,1.05,0.6463085412979126,0.6462268233299255,0.999873561986628,-0.0001264380116481334,0.0001264380116481334,-0.01264380116481334
Pythia_minus,72,MUR1.0_MUF1.0_PDF26560,pdf,6,1.05,1.37,0.6265755295753479,0.6257585883140564,0.9986961807112941,-0.001303819241002202,0.001303819241002202,-0.1303819241002202
Pythia_minus,72,MUR1.0_MUF1.0_PDF26560,pdf,7,1.37,1.52,0.6408894062042236,0.6408052444458008,0.9998686797478502,-0.00013132025196682662,0.00013132025196682662,-0.013132025196682662
Pythia_minus,72,MUR1.0_MUF1.0_PDF26560,pdf,8,1.52,1.74,0.6314683556556702,0.6320690512657166,1.0009512679529644,0.0009512679534964263,0.0009512679534964263,0.09512679534964263
Pythia_minus,72,MUR1.0_MUF1.0_PDF26560,pdf,9,1.74,1.95,0.5918737053871155,0.592982292175293,1.0018730123978938,0.0018730123993009329,0.0018730123993009329,0.1873012399300933
Pythia_minus,72,MUR1.0_MUF1.0_PDF26560,pdf,10,1.95,2.18,0.6574898362159729,0.6587621569633484,1.0019351185026646,0.0019351184600964189,0.0019351184600964189,0.19351184600964189
Pythia_minus,72,MUR1.0_MUF1.0_PDF26560,pdf,11,2.18,2.5,0.6256763339042664,0.6300552487373352,1.0069986902105503,0.006998690310865641,0.006998690310865641,0.6998690310865641
Pythia_minus,73,MUR1.0_MUF1.0_PDF26561,pdf,1,0.0,0.21,0.660984456539154,0.6604970097541809,0.9992625442547842,-0.0007374557317234576,0.0007374557317234576,-0.07374557317234576
Pythia_minus,73,MUR1.0_MUF1.0_PDF26561,pdf,2,0.21,0.42,0.6471099853515625,0.6464874744415283,0.999038013747082,-0.0009619862539693713,0.0009619862539693713,-0.09619862539693713
Pythia_minus,73,MUR1.0_MUF1.0_PDF26561,pdf,3,0.42,0.63,0.6394927501678467,0.6390287280082703,0.9992743902734555,-0.0007256097160279751,0.0007256097160279751,-0.07256097160279751
Pythia_minus,73,MUR1.0_MUF1.0_PDF26561,pdf,4,0.63,0.84,0.6380901336669922,0.6377350091934204,0.9994434571938435,-0.0005565428291447461,0.0005565428291447461,-0.055654282914474607
Pythia_minus,73,MUR1.0_MUF1.0_PDF26561,pdf,5,0.84,1.05,0.6463085412979126,0.6462271213531494,0.9998740231026505,-0.0001259768905583769,0.0001259768905583769,-0.01259768905583769
Pythia_minus,73,MUR1.0_MUF1.0_PDF26561,pdf,6,1.05,1.37,0.6265755295753479,0.6257594227790833,0.9986975124981058,-0.001302487449720502,0.001302487449720502,-0.1302487449720502
Pythia_minus,73,MUR1.0_MUF1.0_PDF26561,pdf,7,1.37,1.52,0.6408894062042236,0.6408059000968933,0.9998697027809761,-0.00013029722322244197,0.00013029722322244197,-0.013029722322244197
Pythia_minus,73,MUR1.0_MUF1.0_PDF26561,pdf,8,1.52,1.74,0.6314683556556702,0.6320701837539673,1.0009530613733957,0.0009530613897368312,0.0009530613897368312,0.09530613897368312
Pythia_minus,73,MUR1.0_MUF1.0_PDF26561,pdf,9,1.74,1.95,0.5918737053871155,0.5929825901985168,1.0018735159229215,0.0018735158955678344,0.0018735158955678344,0.18735158955678344
Pythia_minus,73,MUR1.0_MUF1.0_PDF26561,pdf,10,1.95,2.18,0.6574898362159729,0.6587613821029663,1.0019339399895693,0.0019339399877935648,0.0019339399877935648,0.19339399877935648
Pythia_minus,73,MUR1.0_MUF1.0_PDF26561,pdf,11,2.18,2.5,0.6256763339042664,0.630055844783783,1.0069996428539787,0.006999643053859472,0.006999643053859472,0.6999643053859472
Pythia_minus,74,MUR1.0_MUF1.0_PDF26562,pdf,1,0.0,0.21,0.660984456539154,0.6604964733123779,0.9992617326747271,-0.000738267321139574,0.000738267321139574,-0.0738267321139574
Pythia_minus,74,MUR1.0_MUF1.0_PDF26562,pdf,2,0.21,0.42,0.6471099853515625,0.6464856266975403,0.9990351583685066,-0.0009648416307754815,0.0009648416307754815,-0.09648416307754815
Pythia_minus,74,MUR1.0_MUF1.0_PDF26562,pdf,3,0.42,0.63,0.6394927501678467,0.6390287280082703,0.9992743902734555,-0.0007256097160279751,0.0007256097160279751,-0.07256097160279751
Pythia_minus,74,MUR1.0_MUF1.0_PDF26562,pdf,4,0.63,0.84,0.6380901336669922,0.637734591960907,0.9994428033167635,-0.000557196675799787,0.000557196675799787,-0.055719667579978704
Pythia_minus,74,MUR1.0_MUF1.0_PDF26562,pdf,5,0.84,1.05,0.6463085412979126,0.6462282538414001,0.999875775343536,-0.00012422465078998357,0.00012422465078998357,-0.012422465078998357
Pythia_minus,74,MUR1.0_MUF1.0_PDF26562,pdf,6,1.05,1.37,0.6265755295753479,0.6257610321044922,0.9987000809440999,-0.001299919094890356,0.001299919094890356,-0.1299919094890356
Pythia_minus,74,MUR1.0_MUF1.0_PDF26562,pdf,7,1.37,1.52,0.6408894062042236,0.6408067941665649,0.9998710978261476,-0.00012890217476524413,0.00012890217476524413,-0.012890217476524413
Pythia_minus,74,MUR1.0_MUF1.0_PDF26562,pdf,8,1.52,1.74,0.6314683556556702,0.6320696473121643,1.0009522118584546,0.0009522118489257991,0.0009522118489257991,0.09522118489257991
Pythia_minus,74,MUR1.0_MUF1.0_PDF26562,pdf,9,1.74,1.95,0.5918737053871155,0.5929827690124512,1.0018738180379383,0.0018738179933279753,0.0018738179933279753,0.18738179933279753
Pythia_minus,74,MUR1.0_MUF1.0_PDF26562,pdf,10,1.95,2.18,0.6574898362159729,0.6587607860565186,1.0019330334410343,0.0019330334616824985,0.0019330334616824985,0.19330334616824985
Pythia_minus,74,MUR1.0_MUF1.0_PDF26562,pdf,11,2.18,2.5,0.6256763339042664,0.6300556659698486,1.0069993570609501,0.006999357137829065,0.006999357137829065,0.6999357137829065
Pythia_minus,75,MUR1.0_MUF1.0_PDF26100,pdf,1,0.0,0.21,0.660984456539154,0.6599282026290894,0.9984019988675753,-0.0015980011085048318,0.0015980011085048318,-0.15980011085048318
Pythia_minus,75,MUR1.0_MUF1.0_PDF26100,pdf,2,0.21,0.42,0.6471099853515625,0.6459855437278748,0.998262363973449,-0.0017376360483467579,0.0017376360483467579,-0.1737636048346758
Pythia_minus,75,MUR1.0_MUF1.0_PDF26100,pdf,3,0.42,0.63,0.6394927501678467,0.6386609077453613,0.9986992152416629,-0.0013007847592234612,0.0013007847592234612,-0.13007847592234612
Pythia_minus,75,MUR1.0_MUF1.0_PDF26100,pdf,4,0.63,0.84,0.6380901336669922,0.6377294063568115,0.9994346765587683,-0.0005653234547935426,0.0005653234547935426,-0.05653234547935426
Pythia_minus,75,MUR1.0_MUF1.0_PDF26100,pdf,5,0.84,1.05,0.6463085412979126,0.6462007761001587,0.9998332604462608,-0.00016673955542501062,0.00016673955542501062,-0.016673955542501062
Pythia_minus,75,MUR1.0_MUF1.0_PDF26100,pdf,6,1.05,1.37,0.6265755295753479,0.6273126006126404,1.0011763482652953,0.0011763483053073287,0.0011763483053073287,0.11763483053073287
Pythia_minus,75,MUR1.0_MUF1.0_PDF26100,pdf,7,1.37,1.52,0.6408894062042236,0.6414029002189636,1.0008012209435342,0.000801220943685621,0.000801220943685621,0.0801220943685621
Pythia_minus,75,MUR1.0_MUF1.0_PDF26100,pdf,8,1.52,1.74,0.6314683556556702,0.6326261162757874,1.0018334420240504,0.001833442016504705,0.001833442016504705,0.1833442016504705
Pythia_minus,75,MUR1.0_MUF1.0_PDF26100,pdf,9,1.74,1.95,0.5918737053871155,0.5924816131591797,1.0010270903514231,0.0010270903585478663,0.0010270903585478663,0.10270903585478663
Pythia_minus,75,MUR1.0_MUF1.0_PDF26100,pdf,10,1.95,2.18,0.6574898362159729,0.6603017449378967,1.0042767333683926,0.0042767333798110485,0.0042767333798110485,0.42767333798110485
Pythia_minus,75,MUR1.0_MUF1.0_PDF26100,pdf,11,2.18,2.5,0.6256763339042664,0.629332423210144,1.0058434195250177,0.005843419581651688,0.005843419581651688,0.5843419581651688
Pythia_minus,76,MUR1.0_MUF1.0_PDF26101,pdf,1,0.0,0.21,0.660984456539154,0.6598957180976868,0.9983528531863399,-0.001647146767936647,0.001647146767936647,-0.1647146767936647
Pythia_minus,76,MUR1.0_MUF1.0_PDF26101,pdf,2,0.21,0.42,0.6471099853515625,0.6459420323371887,0.9981951244134499,-0.0018048755591735244,0.0018048755591735244,-0.18048755591735244
Pythia_minus,76,MUR1.0_MUF1.0_PDF26101,pdf,3,0.42,0.63,0.6394927501678467,0.6386309862136841,0.9986524257641132,-0.001347574288956821,0.001347574288956821,-0.1347574288956821
Pythia_minus,76,MUR1.0_MUF1.0_PDF26101,pdf,4,0.63,0.84,0.6380901336669922,0.6377122402191162,0.9994077741874736,-0.0005922258133068681,0.0005922258133068681,-0.05922258133068681
Pythia_minus,76,MUR1.0_MUF1.0_PDF26101,pdf,5,0.84,1.05,0.6463085412979126,0.6461722254753113,0.9997890855313043,-0.00021091446978971362,0.00021091446978971362,-0.021091446978971362
Pythia_minus,76,MUR1.0_MUF1.0_PDF26101,pdf,6,1.05,1.37,0.6265755295753479,0.6272900104522705,1.0011402948937487,0.0011402949457988143,0.0011402949457988143,0.11402949457988143
Pythia_minus,76,MUR1.0_MUF1.0_PDF26101,pdf,7,1.37,1.52,0.6408894062042236,0.6413978338241577,1.000793315687562,0.0007933157030493021,0.0007933157030493021,0.07933157030493021
Pythia_minus,76,MUR1.0_MUF1.0_PDF26101,pdf,8,1.52,1.74,0.6314683556556702,0.6326643228530884,1.0018939463659686,0.0018939463188871741,0.0018939463188871741,0.1893946318887174
Pythia_minus,76,MUR1.0_MUF1.0_PDF26101,pdf,9,1.74,1.95,0.5918737053871155,0.5925140380859375,1.0010818738744327,0.0010818738956004381,0.0010818738956004381,0.10818738956004381
Pythia_minus,76,MUR1.0_MUF1.0_PDF26101,pdf,10,1.95,2.18,0.6574898362159729,0.6603701710700989,1.0043808051402028,0.00438080495223403,0.00438080495223403,0.438080495223403
Pythia_minus,76,MUR1.0_MUF1.0_PDF26101,pdf,11,2.18,2.5,0.6256763339042664,0.6294627785682678,1.006051762642793,0.006051762495189905,0.006051762495189905,0.6051762495189905
Pythia_minus,77,MUR1.0_MUF1.0_PDF26102,pdf,1,0.0,0.21,0.660984456539154,0.6599614024162292,0.9984522266555534,-0.0015477733686566353,0.0015477733686566353,-0.15477733686566353
Pythia_minus,77,MUR1.0_MUF1.0_PDF26102,pdf,2,0.21,0.42,0.6471099853515625,0.64603191614151,0.9983340247647905,-0.0016659752000123262,0.0016659752000123262,-0.16659752000123262
Pythia_minus,77,MUR1.0_MUF1.0_PDF26102,pdf,3,0.42,0.63,0.6394927501678467,0.6386891007423401,0.9987433017414261,-0.001256698276847601,0.001256698276847601,-0.1256698276847601
Pythia_minus,77,MUR1.0_MUF1.0_PDF26102,pdf,4,0.63,0.84,0.6380901336669922,0.637748122215271,0.9994640076163602,-0.0005359923816286027,0.0005359923816286027,-0.053599238162860274
Pythia_minus,77,MUR1.0_MUF1.0_PDF26102,pdf,5,0.84,1.05,0.6463085412979126,0.6462259888648987,0.999872270861765,-0.00012772914487868547,0.00012772914487868547,-0.012772914487868547
Pythia_minus,77,MUR1.0_MUF1.0_PDF26102,pdf,6,1.05,1.37,0.6265755295753479,0.6273413896560669,1.001222294910301,0.0012222948716953397,0.0012222948716953397,0.12222948716953397
Pythia_minus,77,MUR1.0_MUF1.0_PDF26102,pdf,7,1.37,1.52,0.6408894062042236,0.6414080262184143,1.0008092192025178,0.0008092192001640797,0.0008092192001640797,0.08092192001640797
Pythia_minus,77,MUR1.0_MUF1.0_PDF26102,pdf,8,1.52,1.74,0.6314683556556702,0.6325864195823669,1.0017705779184072,0.0017705779755488038,0.0017705779755488038,0.17705779755488038
Pythia_minus,77,MUR1.0_MUF1.0_PDF26102,pdf,9,1.74,1.95,0.5918737053871155,0.5924459099769592,1.0009667680531094,0.0009667680715210736,0.0009667680715210736,0.09667680715210736
Pythia_minus,77,MUR1.0_MUF1.0_PDF26102,pdf,10,1.95,2.18,0.6574898362159729,0.6602314114570618,1.0041697606412707,0.00416976073756814,0.00416976073756814,0.416976073756814
Pythia_minus,77,MUR1.0_MUF1.0_PDF26102,pdf,11,2.18,2.5,0.6256763339042664,0.6291989088058472,1.0056300273970724,0.005630027502775192,0.005630027502775192,0.5630027502775192
Pythia_minus,78,MUR1.0_MUF1.0_PDF26103,pdf,1,0.0,0.21,0.660984456539154,0.6598932147026062,0.9983490658127402,-0.0016509342240169644,0.0016509342240169644,-0.16509342240169644
Pythia_minus,78,MUR1.0_MUF1.0_PDF26103,pdf,2,0.21,0.42,0.6471099853515625,0.6459156274795532,0.998154320132519,-0.001845679827965796,0.001845679827965796,-0.1845679827965796
Pythia_minus,78,MUR1.0_MUF1.0_PDF26103,pdf,3,0.42,0.63,0.6394927501678467,0.6386235952377319,0.9986408682039216,-0.0013591317692771554,0.0013591317692771554,-0.13591317692771554
Pythia_minus,78,MUR1.0_MUF1.0_PDF26103,pdf,4,0.63,0.84,0.6380901336669922,0.6376974582672119,0.9993846082566367,-0.0006153917638584971,0.0006153917638584971,-0.061539176385849714
Pythia_minus,78,MUR1.0_MUF1.0_PDF26103,pdf,5,0.84,1.05,0.6463085412979126,0.6461309194564819,0.9997251748505845,-0.0002748251426964998,0.0002748251426964998,-0.027482514269649982
Pythia_minus,78,MUR1.0_MUF1.0_PDF26103,pdf,6,1.05,1.37,0.6265755295753479,0.6272038817405701,1.00100283546925,0.0010028354590758681,0.0010028354590758681,0.10028354590758681
Pythia_minus,78,MUR1.0_MUF1.0_PDF26103,pdf,7,1.37,1.52,0.6408894062042236,0.6413663029670715,1.0007441170945115,0.0007441170746460557,0.0007441170746460557,0.07441170746460557
Pythia_minus,78,MUR1.0_MUF1.0_PDF26103,pdf,8,1.52,1.74,0.6314683556556702,0.6326479911804199,1.0018680833555387,0.0018680833745747805,0.0018680833745747805,0.18680833745747805
Pythia_minus,78,MUR1.0_MUF1.0_PDF26103,pdf,9,1.74,1.95,0.5918737053871155,0.5924970507621765,1.001053172947856,0.0010531729785725474,0.0010531729785725474,0.10531729785725474
Pythia_minus,78,MUR1.0_MUF1.0_PDF26103,pdf,10,1.95,2.18,0.6574898362159729,0.6603586077690125,1.004363218098625,0.004363218322396278,0.004363218322396278,0.43632183223962784
Pythia_minus,78,MUR1.0_MUF1.0_PDF26103,pdf,11,2.18,2.5,0.6256763339042664,0.6295684576034546,1.0062206663226354,0.006220666225999594,0.006220666225999594,0.6220666225999594
Pythia_minus,79,MUR1.0_MUF1.0_PDF13308,pdf,1,0.0,0.21,0.660984456539154,0.6609578132629395,0.9999596915238308,-4.030847776448354e-05,4.030847776448354e-05,-0.004030847776448354
Pythia_minus,79,MUR1.0_MUF1.0_PDF13308,pdf,2,0.21,0.42,0.6471099853515625,0.6470851898193359,0.9999616826616992,-3.8317339203786105e-05,3.8317339203786105e-05,-0.0038317339203786105
Pythia_minus,79,MUR1.0_MUF1.0_PDF13308,pdf,3,0.42,0.63,0.6394927501678467,0.6394684910774231,0.9999620651048551,-3.793489668169059e-05,3.793489668169059e-05,-0.003793489668169059
Pythia_minus,79,MUR1.0_MUF1.0_PDF13308,pdf,4,0.63,0.84,0.6380901336669922,0.6380647420883179,0.9999602069091268,-3.979309258284047e-05,3.979309258284047e-05,-0.003979309258284047
Pythia_minus,79,MUR1.0_MUF1.0_PDF13308,pdf,5,0.84,1.05,0.6463085412979126,0.6462798714637756,0.9999556406386346,-4.435935989022255e-05,4.435935989022255e-05,-0.004435935989022255
Pythia_minus,79,MUR1.0_MUF1.0_PDF13308,pdf,6,1.05,1.37,0.6265755295753479,0.6265385746955872,0.9999410208697652,-5.8979130699299276e-05,5.8979130699299276e-05,-0.005897913069929928
Pythia_minus,79,MUR1.0_MUF1.0_PDF13308,pdf,7,1.37,1.52,0.6408894062042236,0.6408640742301941,0.9999604737201391,-3.952627957914956e-05,3.952627957914956e-05,-0.003952627957914956
Pythia_minus,79,MUR1.0_MUF1.0_PDF13308,pdf,8,1.52,1.74,0.6314683556556702,0.6314406991004944,0.9999562027852574,-4.379721576697193e-05,4.379721576697193e-05,-0.004379721576697193
Pythia_minus,79,MUR1.0_MUF1.0_PDF13308,pdf,9,1.74,1.95,0.5918737053871155,0.591850221157074,0.9999603222278203,-3.967777229263447e-05,3.967777229263447e-05,-0.003967777229263447
Pythia_minus,79,MUR1.0_MUF1.0_PDF13308,pdf,10,1.95,2.18,0.6574898362159729,0.657456636428833,0.9999495052466043,-5.049475294072181e-05,5.049475294072181e-05,-0.005049475294072181
Pythia_minus,79,MUR1.0_MUF1.0_PDF13308,pdf,11,2.18,2.5,0.6256763339042664,0.6256533861160278,0.9999633232280094,-3.6676770832855254e-05,3.6676770832855254e-05,-0.0036676770832855254
Pythia_minus,80,MUR1.0_MUF1.0_PDF26104,pdf,1,0.0,0.21,0.660984456539154,0.659946084022522,0.9984290515361453,-0.0015709485160186887,0.0015709485160186887,-0.15709485160186887
Pythia_minus,80,MUR1.0_MUF1.0_PDF26104,pdf,2,0.21,0.42,0.6471099853515625,0.6460236310958862,0.9983212216156948,-0.0016787784406915307,0.0016787784406915307,-0.16787784406915307
Pythia_minus,80,MUR1.0_MUF1.0_PDF26104,pdf,3,0.42,0.63,0.6394927501678467,0.6386813521385193,0.998731184944451,-0.001268815016373992,0.001268815016373992,-0.1268815016373992
Pythia_minus,80,MUR1.0_MUF1.0_PDF26104,pdf,4,0.63,0.84,0.6380901336669922,0.637749433517456,0.9994660626586119,-0.0005339373601600528,0.0005339373601600528,-0.05339373601600528
Pythia_minus,80,MUR1.0_MUF1.0_PDF26104,pdf,5,0.84,1.05,0.6463085412979126,0.6462364792823792,0.9998885021457573,-0.00011149785132147372,0.00011149785132147372,-0.011149785132147372
Pythia_minus,80,MUR1.0_MUF1.0_PDF26104,pdf,6,1.05,1.37,0.6265755295753479,0.6273759007453918,1.0012773738077299,0.0012773737544193864,0.0012773737544193864,0.12773737544193864
Pythia_minus,80,MUR1.0_MUF1.0_PDF26104,pdf,7,1.37,1.52,0.6408894062042236,0.6414209008216858,1.0008293078529882,0.0008293078280985355,0.0008293078280985355,0.08293078280985355
Pythia_minus,80,MUR1.0_MUF1.0_PDF26104,pdf,8,1.52,1.74,0.6314683556556702,0.6326138973236084,1.0018140919615026,0.0018140919273719192,0.0018140919273719192,0.18140919273719192
Pythia_minus,80,MUR1.0_MUF1.0_PDF26104,pdf,9,1.74,1.95,0.5918737053871155,0.5924729108810425,1.0010123874206156,0.00101238745264709,0.00101238745264709,0.101238745264709
Pythia_minus,80,MUR1.0_MUF1.0_PDF26104,pdf,10,1.95,2.18,0.6574898362159729,0.6602696776390076,1.0042279610572133,0.0042279609479010105,0.0042279609479010105,0.42279609479010105
Pythia_minus,80,MUR1.0_MUF1.0_PDF26104,pdf,11,2.18,2.5,0.6256763339042664,0.6292030811309814,1.0056366959010707,0.005636695772409439,0.005636695772409439,0.5636695772409439
Pythia_minus,81,MUR1.0_MUF1.0_PDF26105,pdf,1,0.0,0.21,0.660984456539154,0.6599155068397522,0.9983827914728907,-0.0016172084724530578,0.0016172084724530578,-0.16172084724530578
Pythia_minus,81,MUR1.0_MUF1.0_PDF26105,pdf,2,0.21,0.42,0.6471099853515625,0.6459577083587646,0.9982193490768468,-0.0017806509276852012,0.0017806509276852012,-0.17806509276852012
Pythia_minus,81,MUR1.0_MUF1.0_PDF26105,pdf,3,0.42,0.63,0.6394927501678467,0.6386372447013855,0.9986622124078238,-0.001337787602096796,0.001337787602096796,-0.1337787602096796
Pythia_minus,81,MUR1.0_MUF1.0_PDF26105,pdf,4,0.63,0.84,0.6380901336669922,0.6377063989639282,0.9993986199083525,-0.0006013800739310682,0.0006013800739310682,-0.06013800739310682
Pythia_minus,81,MUR1.0_MUF1.0_PDF26105,pdf,5,0.84,1.05,0.6463085412979126,0.646162748336792,0.9997744220417886,-0.00022557795455213636,0.00022557795455213636,-0.022557795455213636
Pythia_minus,81,MUR1.0_MUF1.0_PDF26105,pdf,6,1.05,1.37,0.6265755295753479,0.6272599697113037,1.0010923505685254,0.0010923505760729313,0.0010923505760729313,0.10923505760729313
Pythia_minus,81,MUR1.0_MUF1.0_PDF26105,pdf,7,1.37,1.52,0.6408894062042236,0.6413853764533997,1.0007738780581714,0.0007738780695945024,0.0007738780695945024,0.07738780695945024
Pythia_minus,81,MUR1.0_MUF1.0_PDF26105,pdf,8,1.52,1.74,0.6314683556556702,0.6325913667678833,1.0017784123339752,0.001778412377461791,0.001778412377461791,0.1778412377461791
Pythia_minus,81,MUR1.0_MUF1.0_PDF26105,pdf,9,1.74,1.95,0.5918737053871155,0.5924411416053772,1.0009587116526668,0.0009587116655893624,0.0009587116655893624,0.09587116655893624
Pythia_minus,81,MUR1.0_MUF1.0_PDF26105,pdf,10,1.95,2.18,0.6574898362159729,0.6602497100830078,1.004197591681293,0.004197591450065374,0.004197591450065374,0.41975914500653744
Pythia_minus,81,MUR1.0_MUF1.0_PDF26105,pdf,11,2.18,2.5,0.6256763339042664,0.6293386220932007,1.0058533270166723,0.005853326991200447,0.005853326991200447,0.5853326991200447
Pythia_minus,82,MUR1.0_MUF1.0_PDF26106,pdf,1,0.0,0.21,0.660984456539154,0.6599471569061279,0.9984306746962593,-0.0015693253371864557,0.0015693253371864557,-0.15693253371864557
Pythia_minus,82,MUR1.0_MUF1.0_PDF26106,pdf,2,0.21,0.42,0.6471099853515625,0.6460281610488892,0.9983282218986536,-0.0016717781545594335,0.0016717781545594335,-0.16717781545594335
Pythia_minus,82,MUR1.0_MUF1.0_PDF26106,pdf,3,0.42,0.63,0.6394927501678467,0.6386922001838684,0.9987481484602161,-0.0012518515577539802,0.0012518515577539802,-0.12518515577539802
Pythia_minus,82,MUR1.0_MUF1.0_PDF26106,pdf,4,0.63,0.84,0.6380901336669922,0.6377613544464111,0.9994847448608998,-0.0005152551457285881,0.0005152551457285881,-0.05152551457285881
Pythia_minus,82,MUR1.0_MUF1.0_PDF26106,pdf,5,0.84,1.05,0.6463085412979126,0.6462540030479431,0.9999156157678808,-8.438423537882045e-05,8.438423537882045e-05,-0.008438423537882045
Pythia_minus,82,MUR1.0_MUF1.0_PDF26106,pdf,6,1.05,1.37,0.6265755295753479,0.6273900270462036,1.0012999190559002,0.001299919094890356,0.001299919094890356,0.1299919094890356
Pythia_minus,82,MUR1.0_MUF1.0_PDF26106,pdf,7,1.37,1.52,0.6408894062042236,0.6414246559143066,1.000835167042709,0.0008351670694537461,0.0008351670694537461,0.08351670694537461
Pythia_minus,82,MUR1.0_MUF1.0_PDF26106,pdf,8,1.52,1.74,0.6314683556556702,0.6326725482940674,1.0019069722617326,0.0019069722620770335,0.0019069722620770335,0.19069722620770335
Pythia_minus,82,MUR1.0_MUF1.0_PDF26106,pdf,9,1.74,1.95,0.5918737053871155,0.5925346612930298,1.001116717806347,0.0011167178163304925,0.0011167178163304925,0.11167178163304925
Pythia_minus,82,MUR1.0_MUF1.0_PDF26106,pdf,10,1.95,2.18,0.6574898362159729,0.6603726744651794,1.0043846126440494,0.004384612664580345,0.004384612664580345,0.4384612664580345
Pythia_minus,82,MUR1.0_MUF1.0_PDF26106,pdf,11,2.18,2.5,0.6256763339042664,0.6293249726295471,1.0058315114821637,0.005831511691212654,0.005831511691212654,0.5831511691212654
Pythia_minus,83,MUR1.0_MUF1.0_PDF26107,pdf,1,0.0,0.21,0.660984456539154,0.6599265336990356,0.9983994739518421,-0.0016005260404199362,0.0016005260404199362,-0.16005260404199362
Pythia_minus,83,MUR1.0_MUF1.0_PDF26107,pdf,2,0.21,0.42,0.6471099853515625,0.6459981799125671,0.9982818910785447,-0.0017181088915094733,0.0017181088915094733,-0.17181088915094733
Pythia_minus,83,MUR1.0_MUF1.0_PDF26107,pdf,3,0.42,0.63,0.6394927501678467,0.6386590003967285,0.9986962326454846,-0.0013037673197686672,0.0013037673197686672,-0.13037673197686672
Pythia_minus,83,MUR1.0_MUF1.0_PDF26107,pdf,4,0.63,0.84,0.6380901336669922,0.6377308964729309,0.9994370118340542,-0.0005629881634376943,0.0005629881634376943,-0.05629881634376943
Pythia_minus,83,MUR1.0_MUF1.0_PDF26107,pdf,5,0.84,1.05,0.6463085412979126,0.646218478679657,0.9998606507379978,-0.0001393492566421628,0.0001393492566421628,-0.01393492566421628
Pythia_minus,83,MUR1.0_MUF1.0_PDF26107,pdf,6,1.05,1.37,0.6265755295753479,0.6273532509803772,1.0012412253085536,0.0012412252835929394,0.0012412252835929394,0.12412252835929394
Pythia_minus,83,MUR1.0_MUF1.0_PDF26107,pdf,7,1.37,1.52,0.6408894062042236,0.6414167881011963,1.000822890645199,0.0008228906663134694,0.0008228906663134694,0.08228906663134694
Pythia_minus,83,MUR1.0_MUF1.0_PDF26107,pdf,8,1.52,1.74,0.6314683556556702,0.6326265931129456,1.0018341971484426,0.0018341972026973963,0.0018341972026973963,0.18341972026973963
Pythia_minus,83,MUR1.0_MUF1.0_PDF26107,pdf,9,1.74,1.95,0.5918737053871155,0.5924964547157288,1.0010521658978007,0.0010521658696234226,0.0010521658696234226,0.10521658696234226
Pythia_minus,83,MUR1.0_MUF1.0_PDF26107,pdf,10,1.95,2.18,0.6574898362159729,0.6602888703346252,1.004257151920038,0.004257151857018471,0.004257151857018471,0.4257151857018471
Pythia_minus,83,MUR1.0_MUF1.0_PDF26107,pdf,11,2.18,2.5,0.6256763339042664,0.6292492151260376,1.0057104305024231,0.005710430443286896,0.005710430443286896,0.5710430443286896
Pythia_minus,84,MUR1.0_MUF1.0_PDF26108,pdf,1,0.0,0.21,0.660984456539154,0.659930944442749,0.9984061469434227,-0.0015938531141728163,0.0015938531141728163,-0.15938531141728163
Pythia_minus,84,MUR1.0_MUF1.0_PDF26108,pdf,2,0.21,0.42,0.6471099853515625,0.645973801612854,0.9982442185031479,-0.0017557814717292786,0.0017557814717292786,-0.17557814717292786
Pythia_minus,84,MUR1.0_MUF1.0_PDF26108,pdf,3,0.42,0.63,0.6394927501678467,0.6386576294898987,0.9986940889044812,-0.0013059111079201102,0.0013059111079201102,-0.13059111079201102
Pythia_minus,84,MUR1.0_MUF1.0_PDF26108,pdf,4,0.63,0.84,0.6380901336669922,0.6377275586128235,0.9994317808174136,-0.0005682191695086658,0.0005682191695086658,-0.05682191695086658
Pythia_minus,84,MUR1.0_MUF1.0_PDF26108,pdf,5,0.84,1.05,0.6463085412979126,0.6461806893348694,0.9998021812263436,-0.00019781877927016467,0.00019781877927016467,-0.019781877927016467
Pythia_minus,84,MUR1.0_MUF1.0_PDF26108,pdf,6,1.05,1.37,0.6265755295753479,0.6272791028022766,1.0011228865375663,0.00112288654781878,0.00112288654781878,0.112288654781878
Pythia_minus,84,MUR1.0_MUF1.0_PDF26108,pdf,7,1.37,1.52,0.6408894062042236,0.6413902640342712,1.0007815043051094,0.0007815043209120631,0.0007815043209120631,0.07815043209120631
Pythia_minus,84,MUR1.0_MUF1.0_PDF26108,pdf,8,1.52,1.74,0.6314683556556702,0.6326274275779724,1.0018355186161287,0.0018355186330154538,0.0018355186330154538,0.18355186330154538
Pythia_minus,84,MUR1.0_MUF1.0_PDF26108,pdf,9,1.74,1.95,0.5918737053871155,0.5924702882766724,1.001007956400372,0.0010079564526677132,0.0010079564526677132,0.10079564526677132
Pythia_minus,84,MUR1.0_MUF1.0_PDF26108,pdf,10,1.95,2.18,0.6574898362159729,0.6603127717971802,1.0042935045162888,0.004293504636734724,0.004293504636734724,0.4293504636734724
Pythia_minus,84,MUR1.0_MUF1.0_PDF26108,pdf,11,2.18,2.5,0.6256763339042664,0.6294086575508118,1.0059652626195008,0.0059652626514434814,0.0059652626514434814,0.5965262651443481
Pythia_minus,85,MUR1.0_MUF1.0_PDF26109,pdf,1,0.0,0.21,0.660984456539154,0.6599130034446716,0.9983790040992909,-0.0016209959285333753,0.0016209959285333753,-0.16209959285333753
Pythia_minus,85,MUR1.0_MUF1.0_PDF26109,pdf,2,0.21,0.42,0.6471099853515625,0.6459664106369019,0.9982327969888467,-0.0017672029789537191,0.0017672029789537191,-0.17672029789537191
Pythia_minus,85,MUR1.0_MUF1.0_PDF26109,pdf,3,0.42,0.63,0.6394927501678467,0.6386592388153076,0.9986966054700068,-0.0013033945579081774,0.0013033945579081774,-0.13033945579081774
Pythia_minus,85,MUR1.0_MUF1.0_PDF26109,pdf,4,0.63,0.84,0.6380901336669922,0.6377305388450623,0.9994364513679855,-0.0005635486450046301,0.0005635486450046301,-0.05635486450046301
Pythia_minus,85,MUR1.0_MUF1.0_PDF26109,pdf,5,0.84,1.05,0.6463085412979126,0.646185040473938,0.9998089135202722,-0.00019108648120891303,0.00019108648120891303,-0.019108648120891303
Pythia_minus,85,MUR1.0_MUF1.0_PDF26109,pdf,6,1.05,1.37,0.6265755295753479,0.6272982358932495,1.0011534225066074,0.0011534225195646286,0.0011534225195646286,0.11534225195646286
Pythia_minus,85,MUR1.0_MUF1.0_PDF26109,pdf,7,1.37,1.52,0.6408894062042236,0.6413882970809937,1.000778435205732,0.0007784352055750787,0.0007784352055750787,0.07784352055750787
Pythia_minus,85,MUR1.0_MUF1.0_PDF26109,pdf,8,1.52,1.74,0.6314683556556702,0.6326727867126465,1.0019073498239286,0.0019073497969657183,0.0019073497969657183,0.19073497969657183
Pythia_minus,85,MUR1.0_MUF1.0_PDF26109,pdf,9,1.74,1.95,0.5918737053871155,0.5924718379974365,1.001010574730516,0.0010105747496709228,0.0010105747496709228,0.10105747496709228
Pythia_minus,85,MUR1.0_MUF1.0_PDF26109,pdf,10,1.95,2.18,0.6574898362159729,0.6603940725326538,1.0044171577364536,0.004417157731950283,0.004417157731950283,0.4417157731950283
Pythia_minus,85,MUR1.0_MUF1.0_PDF26109,pdf,11,2.18,2.5,0.6256763339042664,0.6295450925827026,1.006183322700245,0.00618332251906395,0.00618332251906395,0.618332251906395
Pythia_minus,86,MUR1.0_MUF1.0_PDF26110,pdf,1,0.0,0.21,0.660984456539154,0.6599400043487549,0.9984198536288315,-0.001580146374180913,0.001580146374180913,-0.1580146374180913
Pythia_minus,86,MUR1.0_MUF1.0_PDF26110,pdf,2,0.21,0.42,0.6471099853515625,0.6460029482841492,0.9982892597974486,-0.0017107401508837938,0.0017107401508837938,-0.17107401508837938
Pythia_minus,86,MUR1.0_MUF1.0_PDF26110,pdf,3,0.42,0.63,0.6394927501678467,0.6386616230010986,0.9987003337152299,-0.001299666240811348,0.001299666240811348,-0.1299666240811348
Pythia_minus,86,MUR1.0_MUF1.0_PDF26110,pdf,4,0.63,0.84,0.6380901336669922,0.6377292275428772,0.9994343963257339,-0.0005656036664731801,0.0005656036664731801,-0.056560366647318006
Pythia_minus,86,MUR1.0_MUF1.0_PDF26110,pdf,5,0.84,1.05,0.6463085412979126,0.6462138295173645,0.9998534573280466,-0.00014654267579317093,0.00014654267579317093,-0.014654267579317093
Pythia_minus,86,MUR1.0_MUF1.0_PDF26110,pdf,6,1.05,1.37,0.6265755295753479,0.6273287534713745,1.0012021278528658,0.0012021278962492943,0.0012021278962492943,0.12021278962492943
Pythia_minus,86,MUR1.0_MUF1.0_PDF26110,pdf,7,1.37,1.52,0.6408894062042236,0.6414172053337097,1.0008235416662792,0.0008235416607931256,0.0008235416607931256,0.08235416607931256
Pythia_minus,86,MUR1.0_MUF1.0_PDF26110,pdf,8,1.52,1.74,0.6314683556556702,0.6325734853744507,1.001750095169271,0.001750095165334642,0.001750095165334642,0.1750095165334642
Pythia_minus,86,MUR1.0_MUF1.0_PDF26110,pdf,9,1.74,1.95,0.5918737053871155,0.5924893617630005,1.0010401820021424,0.0010401819599792361,0.0010401819599792361,0.10401819599792361
Pythia_minus,86,MUR1.0_MUF1.0_PDF26110,pdf,10,1.95,2.18,0.6574898362159729,0.6602063179016113,1.0041315949479501,0.004131595138460398,0.004131595138460398,0.41315951384603977
Pythia_minus,86,MUR1.0_MUF1.0_PDF26110,pdf,11,2.18,2.5,0.6256763339042664,0.6291154623031616,1.0054966573171065,0.005496657453477383,0.005496657453477383,0.5496657453477383
Pythia_minus,87,MUR1.0_MUF1.0_PDF26111,pdf,1,0.0,0.21,0.660984456539154,0.6601462364196777,0.9987318610730044,-0.0012681388761848211,0.0012681388761848211,-0.1268138876184821
Pythia_minus,87,MUR1.0_MUF1.0_PDF26111,pdf,2,0.21,0.42,0.6471099853515625,0.6462406516075134,0.9986565904348134,-0.0013434095308184624,0.0013434095308184624,-0.13434095308184624
Pythia_minus,87,MUR1.0_MUF1.0_PDF26111,pdf,3,0.42,0.63,0.6394927501678467,0.6388281583786011,0.998960751644063,-0.0010392483090981841,0.0010392483090981841,-0.10392483090981841
Pythia_minus,87,MUR1.0_MUF1.0_PDF26111,pdf,4,0.63,0.84,0.6380901336669922,0.6378414034843445,0.999610195849263,-0.0003898041613865644,0.0003898041613865644,-0.03898041613865644
Pythia_minus,87,MUR1.0_MUF1.0_PDF26111,pdf,5,0.84,1.05,0.6463085412979126,0.6463457942008972,1.0000576395028136,5.7639503211248666e-05,5.7639503211248666e-05,0.005763950321124867
Pythia_minus,87,MUR1.0_MUF1.0_PDF26111,pdf,6,1.05,1.37,0.6265755295753479,0.6273837089538574,1.0012898355271826,0.0012898355489596725,0.0012898355489596725,0.12898355489596725
Pythia_minus,87,MUR1.0_MUF1.0_PDF26111,pdf,7,1.37,1.52,0.6408894062042236,0.6414192318916321,1.000826703768668,0.0008267037919722497,0.0008267037919722497,0.08267037919722497
Pythia_minus,87,MUR1.0_MUF1.0_PDF26111,pdf,8,1.52,1.74,0.6314683556556702,0.632525622844696,1.0016742995584127,0.001674299594014883,0.001674299594014883,0.1674299594014883
Pythia_minus,87,MUR1.0_MUF1.0_PDF26111,pdf,9,1.74,1.95,0.5918737053871155,0.5925969481468201,1.0012219545371281,0.0012219545897096395,0.0012219545897096395,0.12219545897096395
Pythia_minus,87,MUR1.0_MUF1.0_PDF26111,pdf,10,1.95,2.18,0.6574898362159729,0.6600237488746643,1.0038539191317006,0.003853919217363,0.003853919217363,0.3853919217363
Pythia_minus,87,MUR1.0_MUF1.0_PDF26111,pdf,11,2.18,2.5,0.6256763339042664,0.6285924911499023,1.004660807973092,0.004660808015614748,0.004660808015614748,0.4660808015614748
Pythia_minus,88,MUR1.0_MUF1.0_PDF26112,pdf,1,0.0,0.21,0.660984456539154,0.6597084403038025,0.998069521570851,-0.0019304783781990409,0.0019304783781990409,-0.1930478378199041
Pythia_minus,88,MUR1.0_MUF1.0_PDF26112,pdf,2,0.21,0.42,0.6471099853515625,0.6457316875457764,0.997870071800797,-0.002129928208887577,0.002129928208887577,-0.2129928208887577
Pythia_minus,88,MUR1.0_MUF1.0_PDF26112,pdf,3,0.42,0.63,0.6394927501678467,0.6384923458099365,0.9984356283043904,-0.0015643717488273978,0.0015643717488273978,-0.15643717488273978
Pythia_minus,88,MUR1.0_MUF1.0_PDF26112,pdf,4,0.63,0.84,0.6380901336669922,0.6376196146011353,0.9992626134756967,-0.0007373865228146315,0.0007373865228146315,-0.07373865228146315
Pythia_minus,88,MUR1.0_MUF1.0_PDF26112,pdf,5,0.84,1.05,0.6463085412979126,0.6460556983947754,0.9996087891665033,-0.0003912108368240297,0.0003912108368240297,-0.03912108368240297
Pythia_minus,88,MUR1.0_MUF1.0_PDF26112,pdf,6,1.05,1.37,0.6265755295753479,0.6272456049919128,1.0010694248098375,0.0010694247903302312,0.0010694247903302312,0.10694247903302312
Pythia_minus,88,MUR1.0_MUF1.0_PDF26112,pdf,7,1.37,1.52,0.6408894062042236,0.6413868069648743,1.000776110130446,0.0007761101587675512,0.0007761101587675512,0.07761101587675512
Pythia_minus,88,MUR1.0_MUF1.0_PDF26112,pdf,8,1.52,1.74,0.6314683556556702,0.6327233910560608,1.0019874874000416,0.0019874873105436563,0.0019874873105436563,0.19874873105436563
Pythia_minus,88,MUR1.0_MUF1.0_PDF26112,pdf,9,1.74,1.95,0.5918737053871155,0.5923689007759094,1.0008366571859617,0.0008366571855731308,0.0008366571855731308,0.08366571855731308
Pythia_minus,88,MUR1.0_MUF1.0_PDF26112,pdf,10,1.95,2.18,0.6574898362159729,0.6605702638626099,1.0046851334833793,0.004685133695602417,0.004685133695602417,0.4685133695602417
Pythia_minus,88,MUR1.0_MUF1.0_PDF26112,pdf,11,2.18,2.5,0.6256763339042664,0.6300448775291443,1.0069821142148976,0.006982114166021347,0.006982114166021347,0.6982114166021347
Pythia_minus,89,MUR1.0_MUF1.0_PDF26113,pdf,1,0.0,0.21,0.660984456539154,0.659821093082428,0.9982399533828415,-0.001760046579875052,0.001760046579875052,-0.1760046579875052
Pythia_minus,89,MUR1.0_MUF1.0_PDF26113,pdf,2,0.21,0.42,0.6471099853515625,0.6458472013473511,0.9980485790162466,-0.0019514210289344192,0.0019514210289344192,-0.19514210289344192
Pythia_minus,89,MUR1.0_MUF1.0_PDF26113,pdf,3,0.42,0.63,0.6394927501678467,0.6385839581489563,0.9985788861270877,-0.0014211138477548957,0.0014211138477548957,-0.14211138477548957
Pythia_minus,89,MUR1.0_MUF1.0_PDF26113,pdf,4,0.63,0.84,0.6380901336669922,0.6376712918281555,0.9993436008226148,-0.0006563991773873568,0.0006563991773873568,-0.06563991773873568
Pythia_minus,89,MUR1.0_MUF1.0_PDF26113,pdf,5,0.84,1.05,0.6463085412979126,0.6460872888565063,0.9996576674648893,-0.0003423325251787901,0.0003423325251787901,-0.03423325251787901
Pythia_minus,89,MUR1.0_MUF1.0_PDF26113,pdf,6,1.05,1.37,0.6265755295753479,0.6272011399269104,1.000998459598297,0.0009984596399590373,0.0009984596399590373,0.09984596399590373
Pythia_minus,89,MUR1.0_MUF1.0_PDF26113,pdf,7,1.37,1.52,0.6408894062042236,0.6413546204566956,1.0007258885042698,0.0007258885307237506,0.0007258885307237506,0.07258885307237506
Pythia_minus,89,MUR1.0_MUF1.0_PDF26113,pdf,8,1.52,1.74,0.6314683556556702,0.6326690912246704,1.0019014976098897,0.0019014975987374783,0.0019014975987374783,0.19014975987374783
Pythia_minus,89,MUR1.0_MUF1.0_PDF26113,pdf,9,1.74,1.95,0.5918737053871155,0.5923698544502258,1.0008382684660502,0.0008382684900425375,0.0008382684900425375,0.08382684900425375
Pythia_minus,89,MUR1.0_MUF1.0_PDF26113,pdf,10,1.95,2.18,0.6574898362159729,0.6604491472244263,1.004500922821081,0.004500922746956348,0.004500922746956348,0.45009227469563484
Pythia_minus,89,MUR1.0_MUF1.0_PDF26113,pdf,11,2.18,2.5,0.6256763339042664,0.6298807263374329,1.006719756214736,0.006719756405800581,0.006719756405800581,0.6719756405800581
Pythia_minus,90,MUR1.0_MUF1.0_PDF13309,pdf,1,0.0,0.21,0.660984456539154,0.6609622240066528,0.9999663645154114,-3.363548603374511e-05,3.363548603374511e-05,-0.003363548603374511
Pythia_minus,90,MUR1.0_MUF1.0_PDF13309,pdf,2,0.21,0.42,0.6471099853515625,0.6470839977264404,0.9999598404819732,-4.0159517084248364e-05,4.0159517084248364e-05,-0.004015951708424836
Pythia_minus,90,MUR1.0_MUF1.0_PDF13309,pdf,3,0.42,0.63,0.6394927501678467,0.6394669413566589,0.99995964174546,-4.035825622850098e-05,4.035825622850098e-05,-0.004035825622850098
Pythia_minus,90,MUR1.0_MUF1.0_PDF13309,pdf,4,0.63,0.84,0.6380901336669922,0.6380645632743835,0.9999599266760925,-4.007332245237194e-05,4.007332245237194e-05,-0.004007332245237194
Pythia_minus,90,MUR1.0_MUF1.0_PDF13309,pdf,5,0.84,1.05,0.6463085412979126,0.6462805271148682,0.9999566550938841,-4.334490586188622e-05,4.334490586188622e-05,-0.004334490586188622
Pythia_minus,90,MUR1.0_MUF1.0_PDF13309,pdf,6,1.05,1.37,0.6265755295753479,0.6265414953231812,0.9999456821236063,-5.4317875765264034e-05,5.4317875765264034e-05,-0.005431787576526403
Pythia_minus,90,MUR1.0_MUF1.0_PDF13309,pdf,7,1.37,1.52,0.6408894062042236,0.6408647298812866,0.9999614967532648,-3.8503247196786106e-05,3.8503247196786106e-05,-0.0038503247196786106
Pythia_minus,90,MUR1.0_MUF1.0_PDF13309,pdf,8,1.52,1.74,0.6314683556556702,0.6314404606819153,0.9999558252230614,-4.417477612150833e-05,4.417477612150833e-05,-0.004417477612150833
Pythia_minus,90,MUR1.0_MUF1.0_PDF13309,pdf,9,1.74,1.95,0.5918737053871155,0.5918523073196411,0.9999638469030139,-3.615309833548963e-05,3.615309833548963e-05,-0.003615309833548963
Pythia_minus,90,MUR1.0_MUF1.0_PDF13309,pdf,10,1.95,2.18,0.6574898362159729,0.6574551463127136,0.999947238875267,-5.276112642604858e-05,5.276112642604858e-05,-0.005276112642604858
Pythia_minus,90,MUR1.0_MUF1.0_PDF13309,pdf,11,2.18,2.5,0.6256763339042664,0.6256527304649353,0.9999622753202382,-3.77246797143016e-05,3.77246797143016e-05,-0.00377246797143016
Pythia_minus,91,MUR1.0_MUF1.0_PDF26114,pdf,1,0.0,0.21,0.660984456539154,0.6600217223167419,0.9985434843241959,-0.0014565156307071447,0.0014565156307071447,-0.14565156307071447
Pythia_minus,91,MUR1.0_MUF1.0_PDF26114,pdf,2,0.21,0.42,0.6471099853515625,0.6461113691329956,0.9984568060435285,-0.0015431939391419291,0.0015431939391419291,-0.15431939391419291
Pythia_minus,91,MUR1.0_MUF1.0_PDF26114,pdf,3,0.42,0.63,0.6394927501678467,0.6387298107147217,0.9988069615286104,-0.0011930384207516909,0.0011930384207516909,-0.11930384207516909
Pythia_minus,91,MUR1.0_MUF1.0_PDF26114,pdf,4,0.63,0.84,0.6380901336669922,0.6377832293510437,0.9995190267020981,-0.0004809733072761446,0.0004809733072761446,-0.04809733072761446
Pythia_minus,91,MUR1.0_MUF1.0_PDF26114,pdf,5,0.84,1.05,0.6463085412979126,0.6463009119033813,0.9999881954298238,-1.18045700219227e-05,1.18045700219227e-05,-0.00118045700219227
Pythia_minus,91,MUR1.0_MUF1.0_PDF26114,pdf,6,1.05,1.37,0.6265755295753479,0.6274218559265137,1.0013507172100056,0.0013507171534001827,0.0013507171534001827,0.13507171534001827
Pythia_minus,91,MUR1.0_MUF1.0_PDF26114,pdf,7,1.37,1.52,0.6408894062042236,0.6414482593536377,1.0008719962352381,0.0008719962206669152,0.0008719962206669152,0.08719962206669152
Pythia_minus,91,MUR1.0_MUF1.0_PDF26114,pdf,8,1.52,1.74,0.6314683556556702,0.6325868964195251,1.0017713330427993,0.0017713330453261733,0.0017713330453261733,0.17713330453261733
Pythia_minus,91,MUR1.0_MUF1.0_PDF26114,pdf,9,1.74,1.95,0.5918737053871155,0.5925835371017456,1.0011992959108833,0.0011992958607152104,0.0011992958607152104,0.11992958607152104
Pythia_minus,91,MUR1.0_MUF1.0_PDF26114,pdf,10,1.95,2.18,0.6574898362159729,0.6601657271385193,1.0040698589927213,0.004069859161973,0.004069859161973,0.40698591619729996
Pythia_minus,91,MUR1.0_MUF1.0_PDF26114,pdf,11,2.18,2.5,0.6256763339042664,0.6288260221481323,1.0050340536683107,0.005034053698182106,0.005034053698182106,0.5034053698182106
Pythia_minus,92,MUR1.0_MUF1.0_PDF26115,pdf,1,0.0,0.21,0.660984456539154,0.6598783731460571,0.9983266120978271,-0.0016733879456296563,0.0016733879456296563,-0.16733879456296563
Pythia_minus,92,MUR1.0_MUF1.0_PDF26115,pdf,2,0.21,0.42,0.6471099853515625,0.6459202766418457,0.9981615046334504,-0.0018384953727945685,0.0018384953727945685,-0.18384953727945685
Pythia_minus,92,MUR1.0_MUF1.0_PDF26115,pdf,3,0.42,0.63,0.6394927501678467,0.6386242508888245,0.9986418934713579,-0.0013581064995378256,0.0013581064995378256,-0.13581064995378256
Pythia_minus,92,MUR1.0_MUF1.0_PDF26115,pdf,4,0.63,0.84,0.6380901336669922,0.6377043128013611,0.9993953505229523,-0.0006046494818292558,0.0006046494818292558,-0.06046494818292558
Pythia_minus,92,MUR1.0_MUF1.0_PDF26115,pdf,5,0.84,1.05,0.6463085412979126,0.6461566090583801,0.9997649230517248,-0.00023507695004809648,0.00023507695004809648,-0.023507695004809648
Pythia_minus,92,MUR1.0_MUF1.0_PDF26115,pdf,6,1.05,1.37,0.6265755295753479,0.6272748112678528,1.0011160373482488,0.001116037368774414,0.001116037368774414,0.1116037368774414
Pythia_minus,92,MUR1.0_MUF1.0_PDF26115,pdf,7,1.37,1.52,0.6408894062042236,0.6413894295692444,1.0007802022629493,0.0007802022737450898,0.0007802022737450898,0.07802022737450898
Pythia_minus,92,MUR1.0_MUF1.0_PDF26115,pdf,8,1.52,1.74,0.6314683556556702,0.6326563358306885,1.0018812980324008,0.0018812980270013213,0.0018812980270013213,0.18812980270013213
Pythia_minus,92,MUR1.0_MUF1.0_PDF26115,pdf,9,1.74,1.95,0.5918737053871155,0.5924481153488159,1.0009704941383142,0.0009704941185191274,0.0009704941185191274,0.09704941185191274
Pythia_minus,92,MUR1.0_MUF1.0_PDF26115,pdf,10,1.95,2.18,0.6574898362159729,0.6603872776031494,1.0044068230831553,0.004406823311001062,0.004406823311001062,0.44068233110010624
Pythia_minus,92,MUR1.0_MUF1.0_PDF26115,pdf,11,2.18,2.5,0.6256763339042664,0.629579484462738,1.0062382902260594,0.00623829010874033,0.00623829010874033,0.623829010874033
Pythia_minus,93,MUR1.0_MUF1.0_PDF26116,pdf,1,0.0,0.21,0.660984456539154,0.6599822640419006,0.9984837881022183,-0.0015162118943408132,0.0015162118943408132,-0.15162118943408132
Pythia_minus,93,MUR1.0_MUF1.0_PDF26116,pdf,2,0.21,0.42,0.6471099853515625,0.64605712890625,0.9983729868659954,-0.001627013087272644,0.001627013087272644,-0.1627013087272644
Pythia_minus,93,MUR1.0_MUF1.0_PDF26116,pdf,3,0.42,0.63,0.6394927501678467,0.6386988162994385,0.9987584943407102,-0.0012415056116878986,0.0012415056116878986,-0.12415056116878986
Pythia_minus,93,MUR1.0_MUF1.0_PDF26116,pdf,4,0.63,0.84,0.6380901336669922,0.6377553939819336,0.9994754037597559,-0.0005245962529443204,0.0005245962529443204,-0.052459625294432044
Pythia_minus,93,MUR1.0_MUF1.0_PDF26116,pdf,5,0.84,1.05,0.6463085412979126,0.646247923374176,0.9999062090010217,-9.379100083606318e-05,9.379100083606318e-05,-0.009379100083606318
Pythia_minus,93,MUR1.0_MUF1.0_PDF26116,pdf,6,1.05,1.37,0.6265755295753479,0.6273581385612488,1.0012490257741653,0.001249025808647275,0.001249025808647275,0.1249025808647275
Pythia_minus,93,MUR1.0_MUF1.0_PDF26116,pdf,7,1.37,1.52,0.6408894062042236,0.6414158344268799,1.0008214025970161,0.0008214025874622166,0.0008214025874622166,0.08214025874622166
Pythia_minus,93,MUR1.0_MUF1.0_PDF26116,pdf,8,1.52,1.74,0.6314683556556702,0.6325918436050415,1.0017791674583674,0.0017791674472391605,0.0017791674472391605,0.17791674472391605
Pythia_minus,93,MUR1.0_MUF1.0_PDF26116,pdf,9,1.74,1.95,0.5918737053871155,0.592514157295227,1.0010820752844438,0.0010820752941071987,0.0010820752941071987,0.10820752941071987
Pythia_minus,93,MUR1.0_MUF1.0_PDF26116,pdf,10,1.95,2.18,0.6574898362159729,0.6602049469947815,1.0041295098863197,0.004129509907215834,0.004129509907215834,0.41295099072158337
Pythia_minus,93,MUR1.0_MUF1.0_PDF26116,pdf,11,2.18,2.5,0.6256763339042664,0.6290572881698608,1.0054036793185017,0.005403679329901934,0.005403679329901934,0.5403679329901934
Pythia_minus,94,MUR1.0_MUF1.0_PDF26117,pdf,1,0.0,0.21,0.660984456539154,0.6597375869750977,0.99811361742062,-0.0018863825825974345,0.0018863825825974345,-0.18863825825974345
Pythia_minus,94,MUR1.0_MUF1.0_PDF26117,pdf,2,0.21,0.42,0.6471099853515625,0.645862877368927,0.9980728036796435,-0.0019271962810307741,0.0019271962810307741,-0.1927196281030774
Pythia_minus,94,MUR1.0_MUF1.0_PDF26117,pdf,3,0.42,0.63,0.6394927501678467,0.6385195851325989,0.9984782235060642,-0.0015217765467241406,0.0015217765467241406,-0.15217765467241406
Pythia_minus,94,MUR1.0_MUF1.0_PDF26117,pdf,4,0.63,0.84,0.6380901336669922,0.6377021074295044,0.999391894315529,-0.0006081056781113148,0.0006081056781113148,-0.06081056781113148
Pythia_minus,94,MUR1.0_MUF1.0_PDF26117,pdf,5,0.84,1.05,0.6463085412979126,0.6463028192520142,0.9999911465723679,-8.853427971189376e-06,8.853427971189376e-06,-0.0008853427971189376
Pythia_minus,94,MUR1.0_MUF1.0_PDF26117,pdf,6,1.05,1.37,0.6265755295753479,0.627705991268158,1.0018041906194073,0.0018041905714198947,0.0018041905714198947,0.18041905714198947
Pythia_minus,94,MUR1.0_MUF1.0_PDF26117,pdf,7,1.37,1.52,0.6408894062042236,0.6415990591049194,1.001107293854175,0.0011072938796132803,0.0011072938796132803,0.11072938796132803
Pythia_minus,94,MUR1.0_MUF1.0_PDF26117,pdf,8,1.52,1.74,0.6314683556556702,0.6327602863311768,1.0020459151498813,0.0020459152292460203,0.0020459152292460203,0.20459152292460203
Pythia_minus,94,MUR1.0_MUF1.0_PDF26117,pdf,9,1.74,1.95,0.5918737053871155,0.5925717353820801,1.001179356319788,0.0011793563608080149,0.0011793563608080149,0.11793563608080149
Pythia_minus,94,MUR1.0_MUF1.0_PDF26117,pdf,10,1.95,2.18,0.6574898362159729,0.6605504155158997,1.004654945417166,0.0046549453400075436,0.0046549453400075436,0.46549453400075436
Pythia_minus,94,MUR1.0_MUF1.0_PDF26117,pdf,11,2.18,2.5,0.6256763339042664,0.6291645169258118,1.0055750598712578,0.005575059913098812,0.005575059913098812,0.5575059913098812
Pythia_minus,95,MUR1.0_MUF1.0_PDF26118,pdf,1,0.0,0.21,0.660984456539154,0.6601415872573853,0.9987248273791762,-0.0012751725735142827,0.0012751725735142827,-0.12751725735142827
Pythia_minus,95,MUR1.0_MUF1.0_PDF26118,pdf,2,0.21,0.42,0.6471099853515625,0.6461260318756104,0.9984794648541583,-0.0015205350937321782,0.0015205350937321782,-0.15205350937321782
Pythia_minus,95,MUR1.0_MUF1.0_PDF26118,pdf,3,0.42,0.63,0.6394927501678467,0.6388173699378967,0.9989438813344285,-0.0010561186354607344,0.0010561186354607344,-0.10561186354607344
Pythia_minus,95,MUR1.0_MUF1.0_PDF26118,pdf,4,0.63,0.84,0.6380901336669922,0.6377614140510559,0.9994848382719113,-0.000515161722432822,0.000515161722432822,-0.0515161722432822
Pythia_minus,95,MUR1.0_MUF1.0_PDF26118,pdf,5,0.84,1.05,0.6463085412979126,0.6460826396942139,0.9996504740549381,-0.0003495259443297982,0.0003495259443297982,-0.03495259443297982
Pythia_minus,95,MUR1.0_MUF1.0_PDF26118,pdf,6,1.05,1.37,0.6265755295753479,0.6268696784973145,1.0004694548511428,0.00046945485519245267,0.00046945485519245267,0.04694548551924527
Pythia_minus,95,MUR1.0_MUF1.0_PDF26118,pdf,7,1.37,1.52,0.6408894062042236,0.641179621219635,1.0004528316626893,0.00045283164945431054,0.00045283164945431054,0.045283164945431054
Pythia_minus,95,MUR1.0_MUF1.0_PDF26118,pdf,8,1.52,1.74,0.6314683556556702,0.6324741840362549,1.0015928405146135,0.0015928405337035656,0.0015928405337035656,0.15928405337035656
Pythia_minus,95,MUR1.0_MUF1.0_PDF26118,pdf,9,1.74,1.95,0.5918737053871155,0.5923781991004944,1.0008523671668248,0.0008523671422153711,0.0008523671422153711,0.08523671422153711
Pythia_minus,95,MUR1.0_MUF1.0_PDF26118,pdf,10,1.95,2.18,0.6574898362159729,0.660019040107727,1.0038467573982746,0.003846757346764207,0.003846757346764207,0.3846757346764207
Pythia_minus,95,MUR1.0_MUF1.0_PDF26118,pdf,11,2.18,2.5,0.6256763339042664,0.6295278072357178,1.0061556960408233,0.006155696231871843,0.006155696231871843,0.6155696231871843
Pythia_minus,96,MUR1.0_MUF1.0_PDF26119,pdf,1,0.0,0.21,0.660984456539154,0.6590309143066406,0.9970444959587371,-0.0029555039945989847,0.0029555039945989847,-0.29555039945989847
Pythia_minus,96,MUR1.0_MUF1.0_PDF26119,pdf,2,0.21,0.42,0.6471099853515625,0.6453409790992737,0.9972662973956,-0.002733702538534999,0.002733702538534999,-0.2733702538534999
Pythia_minus,96,MUR1.0_MUF1.0_PDF26119,pdf,3,0.42,0.63,0.6394927501678467,0.6380148530006409,0.9976889539923355,-0.002311046002432704,0.002311046002432704,-0.2311046002432704
Pythia_minus,96,MUR1.0_MUF1.0_PDF26119,pdf,4,0.63,0.84,0.6380901336669922,0.6375633478164673,0.9991744334808979,-0.0008255665306933224,0.0008255665306933224,-0.08255665306933224
Pythia_minus,96,MUR1.0_MUF1.0_PDF26119,pdf,5,0.84,1.05,0.6463085412979126,0.6465784311294556,1.0004175866699843,0.00041758667794056237,0.00041758667794056237,0.04175866779405624
Pythia_minus,96,MUR1.0_MUF1.0_PDF26119,pdf,6,1.05,1.37,0.6265755295753479,0.6289063096046448,1.0037198708204844,0.0037198709324002266,0.0037198709324002266,0.37198709324002266
Pythia_minus,96,MUR1.0_MUF1.0_PDF26119,pdf,7,1.37,1.52,0.6408894062042236,0.6422153115272522,1.0020688519894274,0.002068852074444294,0.002068852074444294,0.2068852074444294
Pythia_minus,96,MUR1.0_MUF1.0_PDF26119,pdf,8,1.52,1.74,0.6314683556556702,0.6333639621734619,1.0030019026302965,0.0030019027180969715,0.0030019027180969715,0.30019027180969715
Pythia_minus,96,MUR1.0_MUF1.0_PDF26119,pdf,9,1.74,1.95,0.5918737053871155,0.5930538177490234,1.0019938584045327,0.001993858488276601,0.001993858488276601,0.19938584882766008
Pythia_minus,96,MUR1.0_MUF1.0_PDF26119,pdf,10,1.95,2.18,0.6574898362159729,0.6616270542144775,1.0062924440358127,0.006292444188147783,0.006292444188147783,0.6292444188147783
Pythia_minus,96,MUR1.0_MUF1.0_PDF26119,pdf,11,2.18,2.5,0.6256763339042664,0.6291787028312683,1.005597732784852,0.005597732961177826,0.005597732961177826,0.5597732961177826
Pythia_minus,97,MUR1.0_MUF1.0_PDF26120,pdf,1,0.0,0.21,0.660984456539154,0.6605491042137146,0.9993413576958845,-0.000658642326015979,0.000658642326015979,-0.0658642326015979
Pythia_minus,97,MUR1.0_MUF1.0_PDF26120,pdf,2,0.21,0.42,0.6471099853515625,0.6464354991912842,0.9989576947110284,-0.0010423052590340376,0.0010423052590340376,-0.10423052590340376
Pythia_minus,97,MUR1.0_MUF1.0_PDF26120,pdf,3,0.42,0.63,0.6394927501678467,0.6391124725341797,0.9994053448869167,-0.0005946551100350916,0.0005946551100350916,-0.059465511003509164
Pythia_minus,97,MUR1.0_MUF1.0_PDF26120,pdf,4,0.63,0.84,0.6380901336669922,0.6378456950187683,0.9996169214420867,-0.0003830785572063178,0.0003830785572063178,-0.03830785572063178
Pythia_minus,97,MUR1.0_MUF1.0_PDF26120,pdf,5,0.84,1.05,0.6463085412979126,0.6459289789199829,0.9994127226337324,-0.0005872773472219706,0.0005872773472219706,-0.058727734722197056
Pythia_minus,97,MUR1.0_MUF1.0_PDF26120,pdf,6,1.05,1.37,0.6265755295753479,0.6261689066886902,0.9993510393121587,-0.0006489607039839029,0.0006489607039839029,-0.0648960703983903
Pythia_minus,97,MUR1.0_MUF1.0_PDF26120,pdf,7,1.37,1.52,0.6408894062042236,0.6408082246780396,0.9998733298984221,-0.00012667010014411062,0.00012667010014411062,-0.012667010014411062
Pythia_minus,97,MUR1.0_MUF1.0_PDF26120,pdf,8,1.52,1.74,0.6314683556556702,0.6320818066596985,1.0009714675304535,0.0009714675252325833,0.0009714675252325833,0.09714675252325833
Pythia_minus,97,MUR1.0_MUF1.0_PDF26120,pdf,9,1.74,1.95,0.5918737053871155,0.5920552611351013,1.0003067474468512,0.00030674744630232453,0.00030674744630232453,0.030674744630232453
Pythia_minus,97,MUR1.0_MUF1.0_PDF26120,pdf,10,1.95,2.18,0.6574898362159729,0.659305214881897,1.0027610748728406,0.0027610748074948788,0.0027610748074948788,0.2761074807494879
Pythia_minus,97,MUR1.0_MUF1.0_PDF26120,pdf,11,2.18,2.5,0.6256763339042664,0.6294533610343933,1.0060367108766253,0.006036710925400257,0.006036710925400257,0.6036710925400257
Pythia_minus,98,MUR1.0_MUF1.0_PDF26121,pdf,1,0.0,0.21,0.660984456539154,0.6599215865135193,0.9983919893802045,-0.0016080106142908335,0.0016080106142908335,-0.16080106142908335
Pythia_minus,98,MUR1.0_MUF1.0_PDF26121,pdf,2,0.21,0.42,0.6471099853515625,0.6460062861442566,0.9982944179006814,-0.0017055821372196078,0.0017055821372196078,-0.17055821372196078
Pythia_minus,98,MUR1.0_MUF1.0_PDF26121,pdf,3,0.42,0.63,0.6394927501678467,0.6386580467224121,0.9986947413473953,-0.0013052586000412703,0.0013052586000412703,-0.13052586000412703
Pythia_minus,98,MUR1.0_MUF1.0_PDF26121,pdf,4,0.63,0.84,0.6380901336669922,0.6377525329589844,0.9994709200312067,-0.0005290799890644848,0.0005290799890644848,-0.05290799890644848
Pythia_minus,98,MUR1.0_MUF1.0_PDF26121,pdf,5,0.84,1.05,0.6463085412979126,0.6462638974189758,0.9999309248198281,-6.907517672516406e-05,6.907517672516406e-05,-0.006907517672516406
Pythia_minus,98,MUR1.0_MUF1.0_PDF26121,pdf,6,1.05,1.37,0.6265755295753479,0.6274522542953491,1.001399232301005,0.0013992323074489832,0.0013992323074489832,0.13992323074489832
Pythia_minus,98,MUR1.0_MUF1.0_PDF26121,pdf,7,1.37,1.52,0.6408894062042236,0.6414671540260315,1.0009014781898637,0.0009014781680889428,0.0009014781680889428,0.09014781680889428
Pythia_minus,98,MUR1.0_MUF1.0_PDF26121,pdf,8,1.52,1.74,0.6314683556556702,0.6326509714126587,1.0018728028829895,0.0018728028517216444,0.0018728028517216444,0.18728028517216444
Pythia_minus,98,MUR1.0_MUF1.0_PDF26121,pdf,9,1.74,1.95,0.5918737053871155,0.5925348997116089,1.001117120626369,0.0011171206133440137,0.0011171206133440137,0.11171206133440137
Pythia_minus,98,MUR1.0_MUF1.0_PDF26121,pdf,10,1.95,2.18,0.6574898362159729,0.660335123538971,1.0043275000863487,0.0043275002390146255,0.0043275002390146255,0.43275002390146255
Pythia_minus,98,MUR1.0_MUF1.0_PDF26121,pdf,11,2.18,2.5,0.6256763339042664,0.6291351914405823,1.0055281898145843,0.005528189707547426,0.005528189707547426,0.5528189707547426
Pythia_minus,99,MUR1.0_MUF1.0_PDF26122,pdf,1,0.0,0.21,0.660984456539154,0.6599338054656982,0.9984104753703938,-0.001589524676091969,0.001589524676091969,-0.1589524676091969
Pythia_minus,99,MUR1.0_MUF1.0_PDF26122,pdf,2,0.21,0.42,0.6471099853515625,0.6459591388702393,0.9982215596925181,-0.0017784403171390295,0.0017784403171390295,-0.17784403171390295
Pythia_minus,99,MUR1.0_MUF1.0_PDF26122,pdf,3,0.42,0.63,0.6394927501678467,0.6386622786521912,0.9987013589826663,-0.0012986409710720181,0.0012986409710720181,-0.12986409710720181
Pythia_minus,99,MUR1.0_MUF1.0_PDF26122,pdf,4,0.63,0.84,0.6380901336669922,0.6376994252204895,0.9993876908200142,-0.0006123092025518417,0.0006123092025518417,-0.061230920255184174
Pythia_minus,99,MUR1.0_MUF1.0_PDF26122,pdf,5,0.84,1.05,0.6463085412979126,0.6461077332496643,0.9996893000240333,-0.0003106999793089926,0.0003106999793089926,-0.031069997930899262
Pythia_minus,99,MUR1.0_MUF1.0_PDF26122,pdf,6,1.05,1.37,0.6265755295753479,0.6271213889122009,1.0008711788301452,0.0008711788104847074,0.0008711788104847074,0.08711788104847074
Pythia_minus,99,MUR1.0_MUF1.0_PDF26122,pdf,7,1.37,1.52,0.6408894062042236,0.6413094997406006,1.0006554852246117,0.0006554852006956935,0.0006554852006956935,0.06554852006956935
Pythia_minus,99,MUR1.0_MUF1.0_PDF26122,pdf,8,1.52,1.74,0.6314683556556702,0.6325904130935669,1.001776902085191,0.0017769021214917302,0.0017769021214917302,0.17769021214917302
Pythia_minus,99,MUR1.0_MUF1.0_PDF26122,pdf,9,1.74,1.95,0.5918737053871155,0.592404842376709,1.0008973823042977,0.0008973823278211057,0.0008973823278211057,0.08973823278211057
Pythia_minus,99,MUR1.0_MUF1.0_PDF26122,pdf,10,1.95,2.18,0.6574898362159729,0.6602556109428406,1.004206566511789,0.004206566605716944,0.004206566605716944,0.4206566605716944
Pythia_minus,99,MUR1.0_MUF1.0_PDF26122,pdf,11,2.18,2.5,0.6256763339042664,0.6296136975288391,1.0062929719588454,0.006292971782386303,0.006292971782386303,0.6292971782386303
Pythia_minus,100,MUR1.0_MUF1.0_PDF26123,pdf,1,0.0,0.21,0.660984456539154,0.6602541208267212,0.9988950788400429,-0.0011049211025238037,0.0011049211025238037,-0.11049211025238037
Pythia_minus,100,MUR1.0_MUF1.0_PDF26123,pdf,2,0.21,0.42,0.6471099853515625,0.646331250667572,0.9987965960939895,-0.0012034039245918393,0.0012034039245918393,-0.12034039245918393
Pythia_minus,100,MUR1.0_MUF1.0_PDF26123,pdf,3,0.42,0.63,0.6394927501678467,0.6389121413230896,0.9990920790820463,-0.0009079209412448108,0.0009079209412448108,-0.09079209412448108
Pythia_minus,100,MUR1.0_MUF1.0_PDF26123,pdf,4,0.63,0.84,0.6380901336669922,0.6378662586212158,0.9996491482410332,-0.0003508517693262547,0.0003508517693262547,-0.03508517693262547
Pythia_minus,100,MUR1.0_MUF1.0_PDF26123,pdf,5,0.84,1.05,0.6463085412979126,0.6462889313697815,0.999969658565719,-3.0341434467118233e-05,3.0341434467118233e-05,-0.0030341434467118233
Pythia_minus,100,MUR1.0_MUF1.0_PDF26123,pdf,6,1.05,1.37,0.6265755295753479,0.6271817684173584,1.0009675431187384,0.0009675431065261364,0.0009675431065261364,0.09675431065261364
Pythia_minus,100,MUR1.0_MUF1.0_PDF26123,pdf,7,1.37,1.52,0.6408894062042236,0.641300618648529,1.0006416277759074,0.0006416277610696852,0.0006416277610696852,0.06416277610696852
Pythia_minus,100,MUR1.0_MUF1.0_PDF26123,pdf,8,1.52,1.74,0.6314683556556702,0.6323572397232056,1.0014076462574477,0.001407646224834025,0.001407646224834025,0.1407646224834025
Pythia_minus,100,MUR1.0_MUF1.0_PDF26123,pdf,9,1.74,1.95,0.5918737053871155,0.5923395752906799,1.00078711032324,0.0007871103007346392,0.0007871103007346392,0.07871103007346392
Pythia_minus,100,MUR1.0_MUF1.0_PDF26123,pdf,10,1.95,2.18,0.6574898362159729,0.659795343875885,1.003506529733115,0.0035065298434346914,0.0035065298434346914,0.35065298434346914
Pythia_minus,100,MUR1.0_MUF1.0_PDF26123,pdf,11,2.18,2.5,0.6256763339042664,0.6286653876304626,1.0047773162643765,0.004777316469699144,0.004777316469699144,0.47773164696991444
Pythia_minus,101,MUR1.0_MUF1.0_PDF13310,pdf,1,0.0,0.21,0.660984456539154,0.660960853099823,0.9999642904774877,-3.5709523217519745e-05,3.5709523217519745e-05,-0.0035709523217519745
Pythia_minus,101,MUR1.0_MUF1.0_PDF13310,pdf,2,0.21,0.42,0.6471099853515625,0.6470840573310852,0.9999599325909595,-4.0067410736810416e-05,4.0067410736810416e-05,-0.004006741073681042
Pythia_minus,101,MUR1.0_MUF1.0_PDF13310,pdf,3,0.42,0.63,0.6394927501678467,0.639467179775238,0.9999600145699823,-3.9985428884392604e-05,3.9985428884392604e-05,-0.00399854288843926
Pythia_minus,101,MUR1.0_MUF1.0_PDF13310,pdf,4,0.63,0.84,0.6380901336669922,0.6380631327629089,0.9999576848118179,-4.231518687447533e-05,4.231518687447533e-05,-0.004231518687447533
Pythia_minus,101,MUR1.0_MUF1.0_PDF13310,pdf,5,0.84,1.05,0.6463085412979126,0.6462783813476562,0.9999533350585221,-4.6664939873153344e-05,4.6664939873153344e-05,-0.004666493987315334
Pythia_minus,101,MUR1.0_MUF1.0_PDF13310,pdf,6,1.05,1.37,0.6265755295753479,0.6265373826026917,0.999939118317177,-6.088168447604403e-05,6.088168447604403e-05,-0.006088168447604403
Pythia_minus,101,MUR1.0_MUF1.0_PDF13310,pdf,7,1.37,1.52,0.6408894062042236,0.6408626437187195,0.9999582416478645,-4.175835056230426e-05,4.175835056230426e-05,-0.004175835056230426
Pythia_minus,101,MUR1.0_MUF1.0_PDF13310,pdf,8,1.52,1.74,0.6314683556556702,0.6314392685890198,0.999953937412081,-4.606258880812675e-05,4.606258880812675e-05,-0.004606258880812675
Pythia_minus,101,MUR1.0_MUF1.0_PDF13310,pdf,9,1.74,1.95,0.5918737053871155,0.5918495655059814,0.9999592144727595,-4.078552592545748e-05,4.078552592545748e-05,-0.004078552592545748
Pythia_minus,101,MUR1.0_MUF1.0_PDF13310,pdf,10,1.95,2.18,0.6574898362159729,0.6574541926383972,0.9999457883976111,-5.421160312835127e-05,5.421160312835127e-05,-0.005421160312835127
Pythia_minus,101,MUR1.0_MUF1.0_PDF13310,pdf,11,2.18,2.5,0.6256763339042664,0.6256520748138428,0.9999612274124671,-3.877258859574795e-05,3.877258859574795e-05,-0.0038772588595747948
Pythia_minus,102,MUR1.0_MUF1.0_PDF26124,pdf,1,0.0,0.21,0.660984456539154,0.6596544981002808,0.9979879126873319,-0.0020120872650295496,0.0020120872650295496,-0.20120872650295496
Pythia_minus,102,MUR1.0_MUF1.0_PDF26124,pdf,2,0.21,0.42,0.6471099853515625,0.6456971764564514,0.9978167406977293,-0.002183259231969714,0.002183259231969714,-0.21832592319697142
Pythia_minus,102,MUR1.0_MUF1.0_PDF26124,pdf,3,0.42,0.63,0.6394927501678467,0.6384485960006714,0.9983672150045466,-0.0016327849589288235,0.0016327849589288235,-0.16327849589288235
Pythia_minus,102,MUR1.0_MUF1.0_PDF26124,pdf,4,0.63,0.84,0.6380901336669922,0.637617290019989,0.9992589704462506,-0.0007410295656882226,0.0007410295656882226,-0.07410295656882226
Pythia_minus,102,MUR1.0_MUF1.0_PDF26124,pdf,5,0.84,1.05,0.6463085412979126,0.646126925945282,0.999718995895883,-0.0002810040896292776,0.0002810040896292776,-0.02810040896292776
Pythia_minus,102,MUR1.0_MUF1.0_PDF26124,pdf,6,1.05,1.37,0.6265755295753479,0.627431333065033,1.0013658425030818,0.001365842530503869,0.001365842530503869,0.1365842530503869
Pythia_minus,102,MUR1.0_MUF1.0_PDF26124,pdf,7,1.37,1.52,0.6408894062042236,0.6414883136749268,1.000934494258924,0.0009344942518509924,0.0009344942518509924,0.09344942518509924
Pythia_minus,102,MUR1.0_MUF1.0_PDF26124,pdf,8,1.52,1.74,0.6314683556556702,0.6328501105308533,1.0021881617072457,0.00218816171400249,0.00218816171400249,0.218816171400249
Pythia_minus,102,MUR1.0_MUF1.0_PDF26124,pdf,9,1.74,1.95,0.5918737053871155,0.5925983786582947,1.0012243714572608,0.0012243714882060885,0.0012243714882060885,0.12243714882060885
Pythia_minus,102,MUR1.0_MUF1.0_PDF26124,pdf,10,1.95,2.18,0.6574898362159729,0.6607212424278259,1.0049147622272774,0.004914762452244759,0.004914762452244759,0.49147624522447586
Pythia_minus,102,MUR1.0_MUF1.0_PDF26124,pdf,11,2.18,2.5,0.6256763339042664,0.6298788785934448,1.0067168030201084,0.006716803181916475,0.006716803181916475,0.6716803181916475
Pythia_minus,103,MUR1.0_MUF1.0_PDF26125,pdf,1,0.0,0.21,0.660984456539154,0.660163164138794,0.9987574709325839,-0.0012425290187820792,0.0012425290187820792,-0.12425290187820792
Pythia_minus,103,MUR1.0_MUF1.0_PDF26125,pdf,2,0.21,0.42,0.6471099853515625,0.6462568044662476,0.9986815519701007,-0.0013184479903429747,0.0013184479903429747,-0.13184479903429747
Pythia_minus,103,MUR1.0_MUF1.0_PDF26125,pdf,3,0.42,0.63,0.6394927501678467,0.63887619972229,0.9990358757853083,-0.000964124221354723,0.000964124221354723,-0.0964124221354723
Pythia_minus,103,MUR1.0_MUF1.0_PDF26125,pdf,4,0.63,0.84,0.6380901336669922,0.637847900390625,0.99962037764951,-0.00037962236092425883,0.00037962236092425883,-0.03796223609242588
Pythia_minus,103,MUR1.0_MUF1.0_PDF26125,pdf,5,0.84,1.05,0.6463085412979126,0.6462986469268799,0.9999846909480526,-1.530905137769878e-05,1.530905137769878e-05,-0.001530905137769878
Pythia_minus,103,MUR1.0_MUF1.0_PDF26125,pdf,6,1.05,1.37,0.6265755295753479,0.6273394823074341,1.0012192508261597,0.001219250843860209,0.001219250843860209,0.1219250843860209
Pythia_minus,103,MUR1.0_MUF1.0_PDF26125,pdf,7,1.37,1.52,0.6408894062042236,0.6413726210594177,1.0007539754137238,0.0007539754151366651,0.0007539754151366651,0.07539754151366651
Pythia_minus,103,MUR1.0_MUF1.0_PDF26125,pdf,8,1.52,1.74,0.6314683556556702,0.6324524283409119,1.0015583879642234,0.0015583880012854934,0.0015583880012854934,0.15583880012854934
Pythia_minus,103,MUR1.0_MUF1.0_PDF26125,pdf,9,1.74,1.95,0.5918737053871155,0.592325747013092,1.0007637467619563,0.0007637467351742089,0.0007637467351742089,0.07637467351742089
Pythia_minus,103,MUR1.0_MUF1.0_PDF26125,pdf,10,1.95,2.18,0.6574898362159729,0.6601265668869019,1.0040102987539763,0.004010298755019903,0.004010298755019903,0.4010298755019903
Pythia_minus,103,MUR1.0_MUF1.0_PDF26125,pdf,11,2.18,2.5,0.6256763339042664,0.6290299296379089,1.0053599529851416,0.005359952803701162,0.005359952803701162,0.5359952803701162
Pythia_minus,104,MUR1.0_MUF1.0_PDF26126,pdf,1,0.0,0.21,0.660984456539154,0.6595847010612488,0.9978823171043473,-0.002117682946845889,0.002117682946845889,-0.2117682946845889
Pythia_minus,104,MUR1.0_MUF1.0_PDF26126,pdf,2,0.21,0.42,0.6471099853515625,0.6455883979797363,0.9976486417977316,-0.002351358300074935,0.002351358300074935,-0.2351358300074935
Pythia_minus,104,MUR1.0_MUF1.0_PDF26126,pdf,3,0.42,0.63,0.6394927501678467,0.6383342742919922,0.9981884456460993,-0.0018115543061867356,0.0018115543061867356,-0.18115543061867356
Pythia_minus,104,MUR1.0_MUF1.0_PDF26126,pdf,4,0.63,0.84,0.6380901336669922,0.6375417709350586,0.9991406186947567,-0.0008593812817707658,0.0008593812817707658,-0.08593812817707658
Pythia_minus,104,MUR1.0_MUF1.0_PDF26126,pdf,5,0.84,1.05,0.6463085412979126,0.6460326313972473,0.999573098786361,-0.0004269012133590877,0.0004269012133590877,-0.04269012133590877
Pythia_minus,104,MUR1.0_MUF1.0_PDF26126,pdf,6,1.05,1.37,0.6265755295753479,0.6272532343864441,1.001081601146402,0.0010816011345013976,0.0010816011345013976,0.10816011345013976
Pythia_minus,104,MUR1.0_MUF1.0_PDF26126,pdf,7,1.37,1.52,0.6408894062042236,0.6414292454719543,1.0008423282745895,0.0008423282997682691,0.0008423282997682691,0.0842328299768269
Pythia_minus,104,MUR1.0_MUF1.0_PDF26126,pdf,8,1.52,1.74,0.6314683556556702,0.6328240036964417,1.0021468186467775,0.0021468186751008034,0.0021468186751008034,0.21468186751008034
Pythia_minus,104,MUR1.0_MUF1.0_PDF26126,pdf,9,1.74,1.95,0.5918737053871155,0.5926551818847656,1.001320343327533,0.001320343348197639,0.001320343348197639,0.1320343348197639
Pythia_minus,104,MUR1.0_MUF1.0_PDF26126,pdf,10,1.95,2.18,0.6574898362159729,0.6604836583137512,1.0045534119812536,0.004553412087261677,0.004553412087261677,0.4553412087261677
Pythia_minus,104,MUR1.0_MUF1.0_PDF26126,pdf,11,2.18,2.5,0.6256763339042664,0.6297192573547363,1.0064616851100021,0.006461685057729483,0.006461685057729483,0.6461685057729483
Pythia_minus,105,MUR1.0_MUF1.0_PDF26127,pdf,1,0.0,0.21,0.660984456539154,0.6598805785179138,0.9983299485936175,-0.0016700513660907745,0.0016700513660907745,-0.16700513660907745
Pythia_minus,105,MUR1.0_MUF1.0_PDF26127,pdf,2,0.21,0.42,0.6471099853515625,0.6459593176841736,0.998221836019477,-0.0017781639471650124,0.0017781639471650124,-0.17781639471650124
Pythia_minus,105,MUR1.0_MUF1.0_PDF26127,pdf,3,0.42,0.63,0.6394927501678467,0.6386370062828064,0.9986618395833015,-0.0013381603639572859,0.0013381603639572859,-0.1338160363957286
Pythia_minus,105,MUR1.0_MUF1.0_PDF26127,pdf,4,0.63,0.84,0.6380901336669922,0.637733519077301,0.9994411219185576,-0.0005588780622929335,0.0005588780622929335,-0.055887806229293346
Pythia_minus,105,MUR1.0_MUF1.0_PDF26127,pdf,5,0.84,1.05,0.6463085412979126,0.6462336182594299,0.9998840754319412,-0.00011592456576181576,0.00011592456576181576,-0.011592456576181576
Pythia_minus,105,MUR1.0_MUF1.0_PDF26127,pdf,6,1.05,1.37,0.6265755295753479,0.6274366974830627,1.001374403989729,0.0013744039461016655,0.0013744039461016655,0.13744039461016655
Pythia_minus,105,MUR1.0_MUF1.0_PDF26127,pdf,7,1.37,1.52,0.6408894062042236,0.6414591073989868,1.0008889227833198,0.0008889227756299078,0.0008889227756299078,0.08889227756299078
Pythia_minus,105,MUR1.0_MUF1.0_PDF26127,pdf,8,1.52,1.74,0.6314683556556702,0.6326855421066284,1.0019275494014177,0.0019275493687018752,0.0019275493687018752,0.19275493687018752
Pythia_minus,105,MUR1.0_MUF1.0_PDF26127,pdf,9,1.74,1.95,0.5918737053871155,0.5925163626670837,1.0010858013696484,0.0010858013993129134,0.0010858013993129134,0.10858013993129134
Pythia_minus,105,MUR1.0_MUF1.0_PDF26127,pdf,10,1.95,2.18,0.6574898362159729,0.6604118943214417,1.0044442635376478,0.004444263409823179,0.004444263409823179,0.4444263409823179
Pythia_minus,105,MUR1.0_MUF1.0_PDF26127,pdf,11,2.18,2.5,0.6256763339042664,0.6293435096740723,1.0058611386927845,0.005861138924956322,0.005861138924956322,0.5861138924956322
Pythia_minus,106,MUR1.0_MUF1.0_PDF26128,pdf,1,0.0,0.21,0.660984456539154,0.6599791646003723,0.9984790989729996,-0.0015209009870886803,0.0015209009870886803,-0.15209009870886803
Pythia_minus,106,MUR1.0_MUF1.0_PDF26128,pdf,2,0.21,0.42,0.6471099853515625,0.6460264921188354,0.9983256428470372,-0.0016743571031838655,0.0016743571031838655,-0.16743571031838655
Pythia_minus,106,MUR1.0_MUF1.0_PDF26128,pdf,3,0.42,0.63,0.6394927501678467,0.6386955976486206,0.998753461209659,-0.0012465388281270862,0.0012465388281270862,-0.12465388281270862
Pythia_minus,106,MUR1.0_MUF1.0_PDF26128,pdf,4,0.63,0.84,0.6380901336669922,0.6377406120300293,0.9994522378289189,-0.0005477621452882886,0.0005477621452882886,-0.05477621452882886
Pythia_minus,106,MUR1.0_MUF1.0_PDF26128,pdf,5,0.84,1.05,0.6463085412979126,0.6461912393569946,0.9998185047335404,-0.00018149527022615075,0.00018149527022615075,-0.018149527022615075
Pythia_minus,106,MUR1.0_MUF1.0_PDF26128,pdf,6,1.05,1.37,0.6265755295753479,0.6272280216217041,1.0010413621591612,0.0010413621785119176,0.0010413621785119176,0.10413621785119176
Pythia_minus,106,MUR1.0_MUF1.0_PDF26128,pdf,7,1.37,1.52,0.6408894062042236,0.6413589715957642,1.0007326777241048,0.0007326776976697147,0.0007326776976697147,0.07326776976697147
Pythia_minus,106,MUR1.0_MUF1.0_PDF26128,pdf,8,1.52,1.74,0.6314683556556702,0.6325990557670593,1.0017905887147982,0.0017905887216329575,0.0017905887216329575,0.17905887216329575
Pythia_minus,106,MUR1.0_MUF1.0_PDF26128,pdf,9,1.74,1.95,0.5918737053871155,0.5924760699272156,1.0010177247859087,0.0010177247459068894,0.0010177247459068894,0.10177247459068894
Pythia_minus,106,MUR1.0_MUF1.0_PDF26128,pdf,10,1.95,2.18,0.6574898362159729,0.6602447628974915,1.0041900673284532,0.004190067294985056,0.004190067294985056,0.4190067294985056
Pythia_minus,106,MUR1.0_MUF1.0_PDF26128,pdf,11,2.18,2.5,0.6256763339042664,0.6293572187423706,1.0058830494916362,0.005883049685508013,0.005883049685508013,0.5883049685508013
Pythia_minus,107,MUR1.0_MUF1.0_PDF26129,pdf,1,0.0,0.21,0.660984456539154,0.6601535677909851,0.9987429526671181,-0.001257047289982438,0.001257047289982438,-0.1257047289982438
Pythia_minus,107,MUR1.0_MUF1.0_PDF26129,pdf,2,0.21,0.42,0.6471099853515625,0.6462432742118835,0.9986606432302105,-0.0013393567642197013,0.0013393567642197013,-0.13393567642197013
Pythia_minus,107,MUR1.0_MUF1.0_PDF26129,pdf,3,0.42,0.63,0.6394927501678467,0.6388567686080933,0.99900549058674,-0.0009945094352588058,0.0009945094352588058,-0.09945094352588058
Pythia_minus,107,MUR1.0_MUF1.0_PDF26129,pdf,4,0.63,0.84,0.6380901336669922,0.6378854513168335,0.9996792265867168,-0.00032077342621050775,0.00032077342621050775,-0.032077342621050775
Pythia_minus,107,MUR1.0_MUF1.0_PDF26129,pdf,5,0.84,1.05,0.6463085412979126,0.6463620662689209,1.0000828164376427,8.281644113594666e-05,8.281644113594666e-05,0.008281644113594666
Pythia_minus,107,MUR1.0_MUF1.0_PDF26129,pdf,6,1.05,1.37,0.6265755295753479,0.6274389624595642,1.0013780188396464,0.0013780188746750355,0.0013780188746750355,0.13780188746750355
Pythia_minus,107,MUR1.0_MUF1.0_PDF26129,pdf,7,1.37,1.52,0.6408894062042236,0.6414398550987244,1.0008588828106255,0.0008588827913627028,0.0008588827913627028,0.08588827913627028
Pythia_minus,107,MUR1.0_MUF1.0_PDF26129,pdf,8,1.52,1.74,0.6314683556556702,0.6325642466545105,1.0017354646341738,0.001735464669764042,0.001735464669764042,0.1735464669764042
Pythia_minus,107,MUR1.0_MUF1.0_PDF26129,pdf,9,1.74,1.95,0.5918737053871155,0.5925055146217346,1.0010674730586415,0.0010674730874598026,0.0010674730874598026,0.10674730874598026
Pythia_minus,107,MUR1.0_MUF1.0_PDF26129,pdf,10,1.95,2.18,0.6574898362159729,0.6602043509483337,1.0041286033377848,0.0041286032646894455,0.0041286032646894455,0.41286032646894455
Pythia_minus,107,MUR1.0_MUF1.0_PDF26129,pdf,11,2.18,2.5,0.6256763339042664,0.6288256645202637,1.0050334820822537,0.005033481866121292,0.005033481866121292,0.5033481866121292
Pythia_minus,108,MUR1.0_MUF1.0_PDF26130,pdf,1,0.0,0.21,0.660984456539154,0.6596044301986694,0.9979121652153361,-0.002087834756821394,0.002087834756821394,-0.2087834756821394
Pythia_minus,108,MUR1.0_MUF1.0_PDF26130,pdf,2,0.21,0.42,0.6471099853515625,0.6456235647201538,0.9977029860996487,-0.002297013998031616,0.002297013998031616,-0.22970139980316162
Pythia_minus,108,MUR1.0_MUF1.0_PDF26130,pdf,3,0.42,0.63,0.6394927501678467,0.638378918170929,0.9982582570379017,-0.0017417429480701685,0.0017417429480701685,-0.17417429480701685
Pythia_minus,108,MUR1.0_MUF1.0_PDF26130,pdf,4,0.63,0.84,0.6380901336669922,0.6375064253807068,0.9990852259649731,-0.0009147740202024579,0.0009147740202024579,-0.09147740202024579
Pythia_minus,108,MUR1.0_MUF1.0_PDF26130,pdf,5,0.84,1.05,0.6463085412979126,0.6459736227989197,0.9994817978139042,-0.000518202199600637,0.000518202199600637,-0.051820219960063696
Pythia_minus,108,MUR1.0_MUF1.0_PDF26130,pdf,6,1.05,1.37,0.6265755295753479,0.6271374821662903,1.000896863290086,0.0008968632901087403,0.0008968632901087403,0.08968632901087403
Pythia_minus,108,MUR1.0_MUF1.0_PDF26130,pdf,7,1.37,1.52,0.6408894062042236,0.6413472294807434,1.0007143561308516,0.0007143561379052699,0.0007143561379052699,0.07143561379052699
Pythia_minus,108,MUR1.0_MUF1.0_PDF26130,pdf,8,1.52,1.74,0.6314683556556702,0.6327081322669983,1.001963323419494,0.001963323447853327,0.001963323447853327,0.19633234478533268
Pythia_minus,108,MUR1.0_MUF1.0_PDF26130,pdf,9,1.74,1.95,0.5918737053871155,0.5924420356750488,1.0009602222277498,0.0009602222125977278,0.0009602222125977278,0.09602222125977278
Pythia_minus,108,MUR1.0_MUF1.0_PDF26130,pdf,10,1.95,2.18,0.6574898362159729,0.6604294776916504,1.0044710067194285,0.00447100680321455,0.00447100680321455,0.447100680321455
Pythia_minus,108,MUR1.0_MUF1.0_PDF26130,pdf,11,2.18,2.5,0.6256763339042664,0.6300498843193054,1.0069901164196955,0.0069901165552437305,0.0069901165552437305,0.699011655524373
Pythia_minus,109,MUR1.0_MUF1.0_PDF26131,pdf,1,0.0,0.21,0.660984456539154,0.659417450428009,0.9976292844776568,-0.002370715606957674,0.002370715606957674,-0.2370715606957674
Pythia_minus,109,MUR1.0_MUF1.0_PDF26131,pdf,2,0.21,0.42,0.6471099853515625,0.6454463005065918,0.9974290539743922,-0.00257094600237906,0.00257094600237906,-0.257094600237906
Pythia_minus,109,MUR1.0_MUF1.0_PDF26131,pdf,3,0.42,0.63,0.6394927501678467,0.6382251381874084,0.9980177852210123,-0.0019822148606181145,0.0019822148606181145,-0.19822148606181145
Pythia_minus,109,MUR1.0_MUF1.0_PDF26131,pdf,4,0.63,0.84,0.6380901336669922,0.6373933553695679,0.9989080252762724,-0.0010919746709987521,0.0010919746709987521,-0.10919746709987521
Pythia_minus,109,MUR1.0_MUF1.0_PDF26131,pdf,5,0.84,1.05,0.6463085412979126,0.6459237933158875,0.9994046992149408,-0.0005953008076176047,0.0005953008076176047,-0.05953008076176047
Pythia_minus,109,MUR1.0_MUF1.0_PDF26131,pdf,6,1.05,1.37,0.6265755295753479,0.6272122859954834,1.0010162484649967,0.001016248483210802,0.001016248483210802,0.10162484832108021
Pythia_minus,109,MUR1.0_MUF1.0_PDF26131,pdf,7,1.37,1.52,0.6408894062042236,0.6413987278938293,1.0007947107327335,0.0007947107078507543,0.0007947107078507543,0.07947107078507543
Pythia_minus,109,MUR1.0_MUF1.0_PDF26131,pdf,8,1.52,1.74,0.6314683556556702,0.6328022480010986,1.0021123660963873,0.0021123660262674093,0.0021123660262674093,0.21123660262674093
Pythia_minus,109,MUR1.0_MUF1.0_PDF26131,pdf,9,1.74,1.95,0.5918737053871155,0.5925301313400269,1.0011090642259264,0.0011090642074123025,0.0011090642074123025,0.11090642074123025
Pythia_minus,109,MUR1.0_MUF1.0_PDF26131,pdf,10,1.95,2.18,0.6574898362159729,0.6605940461158752,1.004721304769923,0.00472130486741662,0.00472130486741662,0.472130486741662
Pythia_minus,109,MUR1.0_MUF1.0_PDF26131,pdf,11,2.18,2.5,0.6256763339042664,0.6302720904350281,1.007345261889776,0.007345261983573437,0.007345261983573437,0.7345261983573437
Pythia_minus,110,MUR1.0_MUF1.0_PDF26132,pdf,1,0.0,0.21,0.660984456539154,0.6603661179542542,0.9990645187208524,-0.0009354812791571021,0.0009354812791571021,-0.09354812791571021
Pythia_minus,110,MUR1.0_MUF1.0_PDF26132,pdf,2,0.21,0.42,0.6471099853515625,0.6464557647705078,0.9989890117663703,-0.001010988256894052,0.001010988256894052,-0.1010988256894052
Pythia_minus,110,MUR1.0_MUF1.0_PDF26132,pdf,3,0.42,0.63,0.6394927501678467,0.6390376687049866,0.9992883711930421,-0.0007116288179531693,0.0007116288179531693,-0.07116288179531693
Pythia_minus,110,MUR1.0_MUF1.0_PDF26132,pdf,4,0.63,0.84,0.6380901336669922,0.6380102634429932,0.9998748292446711,-0.00012517075811047107,0.00012517075811047107,-0.012517075811047107
Pythia_minus,110,MUR1.0_MUF1.0_PDF26132,pdf,5,0.84,1.05,0.6463085412979126,0.6464316844940186,1.0001905331405008,0.00019053314463235438,0.00019053314463235438,0.019053314463235438
Pythia_minus,110,MUR1.0_MUF1.0_PDF26132,pdf,6,1.05,1.37,0.6265755295753479,0.6273778676986694,1.0012805130195004,0.0012805130099877715,0.0012805130099877715,0.12805130099877715
Pythia_minus,110,MUR1.0_MUF1.0_PDF26132,pdf,7,1.37,1.52,0.6408894062042236,0.6413958668708801,1.0007902465881846,0.0007902465877123177,0.0007902465877123177,0.07902465877123177
Pythia_minus,110,MUR1.0_MUF1.0_PDF26132,pdf,8,1.52,1.74,0.6314683556556702,0.6324551701545715,1.001562729929478,0.0015627299435436726,0.0015627299435436726,0.15627299435436726
Pythia_minus,110,MUR1.0_MUF1.0_PDF26132,pdf,9,1.74,1.95,0.5918737053871155,0.5924217700958252,1.000925982525869,0.0009259825455956161,0.0009259825455956161,0.09259825455956161
Pythia_minus,110,MUR1.0_MUF1.0_PDF26132,pdf,10,1.95,2.18,0.6574898362159729,0.6600052118301392,1.0038257254722642,0.003825725521892309,0.003825725521892309,0.3825725521892309
Pythia_minus,110,MUR1.0_MUF1.0_PDF26132,pdf,11,2.18,2.5,0.6256763339042664,0.6285253763198853,1.0045535403230623,0.004553540144115686,0.004553540144115686,0.45535401441156864
Pythia_minus,111,MUR1.0_MUF1.0_PDF26133,pdf,1,0.0,0.21,0.660984456539154,0.659947395324707,0.998431035398507,-0.001568964566104114,0.001568964566104114,-0.1568964566104114
Pythia_minus,111,MUR1.0_MUF1.0_PDF26133,pdf,2,0.21,0.42,0.6471099853515625,0.6459959149360657,0.9982783909370653,-0.001721609034575522,0.001721609034575522,-0.1721609034575522
Pythia_minus,111,MUR1.0_MUF1.0_PDF26133,pdf,3,0.42,0.63,0.6394927501678467,0.638670027256012,0.9987134757796413,-0.0012865242315456271,0.0012865242315456271,-0.1286524231545627
Pythia_minus,111,MUR1.0_MUF1.0_PDF26133,pdf,4,0.63,0.84,0.6380901336669922,0.6377137899398804,0.9994102028737711,-0.0005897970986552536,0.0005897970986552536,-0.058979709865525365
Pythia_minus,111,MUR1.0_MUF1.0_PDF26133,pdf,5,0.84,1.05,0.6463085412979126,0.6461697816848755,0.9997853043799197,-0.00021469562489073724,0.00021469562489073724,-0.021469562489073724
Pythia_minus,111,MUR1.0_MUF1.0_PDF26133,pdf,6,1.05,1.37,0.6265755295753479,0.6272327303886414,1.0010488772418846,0.0010488772531971335,0.0010488772531971335,0.10488772531971335
Pythia_minus,111,MUR1.0_MUF1.0_PDF26133,pdf,7,1.37,1.52,0.6408894062042236,0.6413611769676208,1.000736118835528,0.0007361188181675971,0.0007361188181675971,0.0736118818167597
Pythia_minus,111,MUR1.0_MUF1.0_PDF26133,pdf,8,1.52,1.74,0.6314683556556702,0.6325981616973877,1.0017891728565629,0.0017891728784888983,0.0017891728784888983,0.17891728784888983
Pythia_minus,111,MUR1.0_MUF1.0_PDF26133,pdf,9,1.74,1.95,0.5918737053871155,0.5924805998802185,1.0010253783663292,0.0010253783548250794,0.0010253783548250794,0.10253783548250794
Pythia_minus,111,MUR1.0_MUF1.0_PDF26133,pdf,10,1.95,2.18,0.6574898362159729,0.6602362394332886,1.0041771036844036,0.004177103750407696,0.004177103750407696,0.4177103750407696
Pythia_minus,111,MUR1.0_MUF1.0_PDF26133,pdf,11,2.18,2.5,0.6256763339042664,0.6293561458587646,1.0058813347334652,0.005881334654986858,0.005881334654986858,0.5881334654986858
Pythia_minus,112,MUR0.5_MUF1.0_PDF13300,scale,1,0.0,0.21,0.660984456539154,0.6611524820327759,1.0002542049089953,0.00025420490419492126,0.00025420490419492126,0.025420490419492126
Pythia_minus,112,MUR0.5_MUF1.0_PDF13300,scale,2,0.21,0.42,0.6471099853515625,0.6472711563110352,1.0002490626989553,0.00024906269391067326,0.00024906269391067326,0.024906269391067326
Pythia_minus,112,MUR0.5_MUF1.0_PDF13300,scale,3,0.42,0.63,0.6394927501678467,0.6396506428718567,1.0002469030398993,0.00024690304417163134,0.00024690304417163134,0.024690304417163134
Pythia_minus,112,MUR0.5_MUF1.0_PDF13300,scale,4,0.63,0.84,0.6380901336669922,0.6381290555000305,1.00006099739047,6.099739039200358e-05,6.099739039200358e-05,0.006099739039200358
Pythia_minus,112,MUR0.5_MUF1.0_PDF13300,scale,5,0.84,1.05,0.6463085412979126,0.6463338732719421,1.0000391948619132,3.919486334780231e-05,3.919486334780231e-05,0.003919486334780231
Pythia_minus,112,MUR0.5_MUF1.0_PDF13300,scale,6,1.05,1.37,0.6265755295753479,0.6266063451766968,1.0000491809844054,4.918098420603201e-05,4.918098420603201e-05,0.004918098420603201
Pythia_minus,112,MUR0.5_MUF1.0_PDF13300,scale,7,1.37,1.52,0.6408894062042236,0.6408458948135376,0.9999321078016506,-6.789220060454682e-05,6.789220060454682e-05,-0.0067892200604546815
Pythia_minus,112,MUR0.5_MUF1.0_PDF13300,scale,8,1.52,1.74,0.6314683556556702,0.6315550208091736,1.0001372438582665,0.00013724385644309223,0.00013724385644309223,0.013724385644309223
Pythia_minus,112,MUR0.5_MUF1.0_PDF13300,scale,9,1.74,1.95,0.5918737053871155,0.5919783711433411,1.0001768379897147,0.00017683798796497285,0.00017683798796497285,0.017683798796497285
Pythia_minus,112,MUR0.5_MUF1.0_PDF13300,scale,10,1.95,2.18,0.6574898362159729,0.6576744318008423,1.0002807580812683,0.0002807580749504268,0.0002807580749504268,0.02807580749504268
Pythia_minus,112,MUR0.5_MUF1.0_PDF13300,scale,11,2.18,2.5,0.6256763339042664,0.6256839036941528,1.0000120985715397,1.2098571460228413e-05,1.2098571460228413e-05,0.0012098571460228413
Pythia_minus,113,MUR1.0_MUF1.0_PDF13311,pdf,1,0.0,0.21,0.660984456539154,0.660963773727417,0.9999687090800208,-3.129092146991752e-05,3.129092146991752e-05,-0.003129092146991752
Pythia_minus,113,MUR1.0_MUF1.0_PDF13311,pdf,2,0.21,0.42,0.6471099853515625,0.6470848917961121,0.9999612221167676,-3.8777881854912266e-05,3.8777881854912266e-05,-0.0038777881854912266
Pythia_minus,113,MUR1.0_MUF1.0_PDF13311,pdf,3,0.42,0.63,0.6394927501678467,0.6394688487052917,0.9999626243416385,-3.7375659303506836e-05,3.7375659303506836e-05,-0.0037375659303506836
Pythia_minus,113,MUR1.0_MUF1.0_PDF13311,pdf,4,0.63,0.84,0.6380901336669922,0.6380634307861328,0.9999581518668751,-4.1848132241284475e-05,4.1848132241284475e-05,-0.0041848132241284475
Pythia_minus,113,MUR1.0_MUF1.0_PDF13311,pdf,5,0.84,1.05,0.6463085412979126,0.6462787985801697,0.9999539806209536,-4.601938053383492e-05,4.601938053383492e-05,-0.004601938053383492
Pythia_minus,113,MUR1.0_MUF1.0_PDF13311,pdf,6,1.05,1.37,0.6265755295753479,0.6265332698822021,0.9999325545107477,-6.744548591086641e-05,6.744548591086641e-05,-0.006744548591086641
Pythia_minus,113,MUR1.0_MUF1.0_PDF13311,pdf,7,1.37,1.52,0.6408894062042236,0.640862762928009,0.9999584276538874,-4.1572344343876466e-05,4.1572344343876466e-05,-0.004157234434387647
Pythia_minus,113,MUR1.0_MUF1.0_PDF13311,pdf,8,1.52,1.74,0.6314683556556702,0.6314400434494019,0.9999551644892183,-4.4835509470431134e-05,4.4835509470431134e-05,-0.004483550947043113
Pythia_minus,113,MUR1.0_MUF1.0_PDF13311,pdf,9,1.74,1.95,0.5918737053871155,0.5918503999710083,0.999960624342837,-3.937565634259954e-05,3.937565634259954e-05,-0.003937565634259954
Pythia_minus,113,MUR1.0_MUF1.0_PDF13311,pdf,10,1.95,2.18,0.6574898362159729,0.6574518084526062,0.9999421622034713,-5.783779488410801e-05,5.783779488410801e-05,-0.005783779488410801
Pythia_minus,113,MUR1.0_MUF1.0_PDF13311,pdf,11,2.18,2.5,0.6256763339042664,0.6256533265113831,0.9999632279636665,-3.677203494589776e-05,3.677203494589776e-05,-0.003677203494589776
Pythia_minus,114,MUR1.0_MUF1.0_PDF26134,pdf,1,0.0,0.21,0.660984456539154,0.6598954796791077,0.9983524924840923,-0.0016475075390189886,0.0016475075390189886,-0.16475075390189886
Pythia_minus,114,MUR1.0_MUF1.0_PDF26134,pdf,2,0.21,0.42,0.6471099853515625,0.6459680199623108,0.9982352839314768,-0.0017647161148488522,0.0017647161148488522,-0.17647161148488522
Pythia_minus,114,MUR1.0_MUF1.0_PDF26134,pdf,3,0.42,0.63,0.6394927501678467,0.6386421918869019,0.9986699485166617,-0.0013300514547154307,0.0013300514547154307,-0.13300514547154307
Pythia_minus,114,MUR1.0_MUF1.0_PDF26134,pdf,4,0.63,0.84,0.6380901336669922,0.6377492547035217,0.9994657824255776,-0.0005342175718396902,0.0005342175718396902,-0.05342175718396902
Pythia_minus,114,MUR1.0_MUF1.0_PDF26134,pdf,5,0.84,1.05,0.6463085412979126,0.6462397575378418,0.9998935744220049,-0.00010642557754181325,0.00010642557754181325,-0.010642557754181325
Pythia_minus,114,MUR1.0_MUF1.0_PDF26134,pdf,6,1.05,1.37,0.6265755295753479,0.6274287700653076,1.0013617520150173,0.001361752045340836,0.001361752045340836,0.1361752045340836
Pythia_minus,114,MUR1.0_MUF1.0_PDF26134,pdf,7,1.37,1.52,0.6408894062042236,0.6414605975151062,1.0008912478586056,0.0008912478806450963,0.0008912478806450963,0.08912478806450963
Pythia_minus,114,MUR1.0_MUF1.0_PDF26134,pdf,8,1.52,1.74,0.6314683556556702,0.6326632499694824,1.0018922473360863,0.0018922473536804318,0.0018922473536804318,0.18922473536804318
Pythia_minus,114,MUR1.0_MUF1.0_PDF26134,pdf,9,1.74,1.95,0.5918737053871155,0.5924781560897827,1.0010212494611024,0.0010212494526058435,0.0010212494526058435,0.10212494526058435
Pythia_minus,114,MUR1.0_MUF1.0_PDF26134,pdf,10,1.95,2.18,0.6574898362159729,0.6603968143463135,1.004421327859714,0.004421327728778124,0.004421327728778124,0.4421327728778124
Pythia_minus,114,MUR1.0_MUF1.0_PDF26134,pdf,11,2.18,2.5,0.6256763339042664,0.6293091177940369,1.0058061711669701,0.0058061713352799416,0.0058061713352799416,0.5806171335279942
Pythia_minus,115,MUR1.0_MUF1.0_PDF26135,pdf,1,0.0,0.21,0.660984456539154,0.6598846912384033,0.9983361707073886,-0.0016638293163850904,0.0016638293163850904,-0.16638293163850904
Pythia_minus,115,MUR1.0_MUF1.0_PDF26135,pdf,2,0.21,0.42,0.6471099853515625,0.6459345817565918,0.9981836107901625,-0.0018163892673328519,0.0018163892673328519,-0.1816389267332852
Pythia_minus,115,MUR1.0_MUF1.0_PDF26135,pdf,3,0.42,0.63,0.6394927501678467,0.6386212110519409,0.9986371399586985,-0.0013628600863739848,0.0013628600863739848,-0.13628600863739848
Pythia_minus,115,MUR1.0_MUF1.0_PDF26135,pdf,4,0.63,0.84,0.6380901336669922,0.6376929879188538,0.9993776024307787,-0.0006223975797183812,0.0006223975797183812,-0.06223975797183812
Pythia_minus,115,MUR1.0_MUF1.0_PDF26135,pdf,5,0.84,1.05,0.6463085412979126,0.6461548805236816,0.9997622485787943,-0.00023775141744408756,0.00023775141744408756,-0.023775141744408756
Pythia_minus,115,MUR1.0_MUF1.0_PDF26135,pdf,6,1.05,1.37,0.6265755295753479,0.6272631287574768,1.0010973923328843,0.0010973922908306122,0.0010973922908306122,0.10973922908306122
Pythia_minus,115,MUR1.0_MUF1.0_PDF26135,pdf,7,1.37,1.52,0.6408894062042236,0.6413825154304504,1.0007694139136225,0.000769413891248405,0.000769413891248405,0.0769413891248405
Pythia_minus,115,MUR1.0_MUF1.0_PDF26135,pdf,8,1.52,1.74,0.6314683556556702,0.6326355934143066,1.0018484501213438,0.0018484501633793116,0.0018484501633793116,0.18484501633793116
Pythia_minus,115,MUR1.0_MUF1.0_PDF26135,pdf,9,1.74,1.95,0.5918737053871155,0.5924805402755737,1.0010252776613235,0.0010252776555716991,0.0010252776555716991,0.10252776555716991
Pythia_minus,115,MUR1.0_MUF1.0_PDF26135,pdf,10,1.95,2.18,0.6574898362159729,0.6603101491928101,1.0042895157027352,0.004289515782147646,0.004289515782147646,0.4289515782147646
Pythia_minus,115,MUR1.0_MUF1.0_PDF26135,pdf,11,2.18,2.5,0.6256763339042664,0.6294581890106201,1.0060444272883948,0.006044427398592234,0.006044427398592234,0.6044427398592234
Pythia_minus,116,MUR1.0_MUF1.0_PDF26136,pdf,1,0.0,0.21,0.660984456539154,0.6600457429885864,0.9985798250756415,-0.0014201749581843615,0.0014201749581843615,-0.14201749581843615
Pythia_minus,116,MUR1.0_MUF1.0_PDF26136,pdf,2,0.21,0.42,0.6471099853515625,0.6461384296417236,0.9984986235233088,-0.0015013765078037977,0.0015013765078037977,-0.15013765078037977
Pythia_minus,116,MUR1.0_MUF1.0_PDF26136,pdf,3,0.42,0.63,0.6394927501678467,0.6387796998023987,0.9988849750599036,-0.0011150249047204852,0.0011150249047204852,-0.11150249047204852
Pythia_minus,116,MUR1.0_MUF1.0_PDF26136,pdf,4,0.63,0.84,0.6380901336669922,0.637830913066864,0.9995937555112496,-0.0004062444786541164,0.0004062444786541164,-0.04062444786541164
Pythia_minus,116,MUR1.0_MUF1.0_PDF26136,pdf,5,0.84,1.05,0.6463085412979126,0.6463243961334229,1.0000245313723974,2.453137312841136e-05,2.453137312841136e-05,0.002453137312841136
Pythia_minus,116,MUR1.0_MUF1.0_PDF26136,pdf,6,1.05,1.37,0.6265755295753479,0.6274610161781311,1.0014132160625284,0.0014132161159068346,0.0014132161159068346,0.14132161159068346
Pythia_minus,116,MUR1.0_MUF1.0_PDF26136,pdf,7,1.37,1.52,0.6408894062042236,0.6414560079574585,1.000884086626725,0.0008840866503305733,0.0008840866503305733,0.08840866503305733
Pythia_minus,116,MUR1.0_MUF1.0_PDF26136,pdf,8,1.52,1.74,0.6314683556556702,0.6326311230659485,1.0018413708301677,0.0018413708312436938,0.0018413708312436938,0.18413708312436938
Pythia_minus,116,MUR1.0_MUF1.0_PDF26136,pdf,9,1.74,1.95,0.5918737053871155,0.592511773109436,1.0010780470842224,0.0010780470911413431,0.0010780470911413431,0.10780470911413431
Pythia_minus,116,MUR1.0_MUF1.0_PDF26136,pdf,10,1.95,2.18,0.6574898362159729,0.6603261232376099,1.0043138112034713,0.00431381119415164,0.00431381119415164,0.431381119415164
Pythia_minus,116,MUR1.0_MUF1.0_PDF26136,pdf,11,2.18,2.5,0.6256763339042664,0.6290857791900635,1.0054492156743757,0.00544921588152647,0.00544921588152647,0.544921588152647
Pythia_minus,117,MUR1.0_MUF1.0_PDF26137,pdf,1,0.0,0.21,0.660984456539154,0.6599044799804688,0.9983661089939392,-0.0016338910209015012,0.0016338910209015012,-0.16338910209015012
Pythia_minus,117,MUR1.0_MUF1.0_PDF26137,pdf,2,0.21,0.42,0.6471099853515625,0.645954966545105,0.9982151120634771,-0.0017848879797384143,0.0017848879797384143,-0.17848879797384143
Pythia_minus,117,MUR1.0_MUF1.0_PDF26137,pdf,3,0.42,0.63,0.6394927501678467,0.638643741607666,0.9986723718760567,-0.0013276281533762813,0.0013276281533762813,-0.13276281533762813
Pythia_minus,117,MUR1.0_MUF1.0_PDF26137,pdf,4,0.63,0.84,0.6380901336669922,0.6377260684967041,0.9994294455421276,-0.0005705544608645141,0.0005705544608645141,-0.05705544608645141
Pythia_minus,117,MUR1.0_MUF1.0_PDF26137,pdf,5,0.84,1.05,0.6463085412979126,0.6461931467056274,0.9998214558760845,-0.00017854412726592273,0.00017854412726592273,-0.017854412726592273
Pythia_minus,117,MUR1.0_MUF1.0_PDF26137,pdf,6,1.05,1.37,0.6265755295753479,0.6273277401924133,1.0012005106831656,0.0012005106545984745,0.0012005106545984745,0.12005106545984745
Pythia_minus,117,MUR1.0_MUF1.0_PDF26137,pdf,7,1.37,1.52,0.6408894062042236,0.6414141654968262,1.000818798512696,0.0008187984931282699,0.0008187984931282699,0.08187984931282699
Pythia_minus,117,MUR1.0_MUF1.0_PDF26137,pdf,8,1.52,1.74,0.6314683556556702,0.6326773166656494,1.0019145235056537,0.0019145235419273376,0.0019145235419273376,0.19145235419273376
Pythia_minus,117,MUR1.0_MUF1.0_PDF26137,pdf,9,1.74,1.95,0.5918737053871155,0.5925027132034302,1.0010627399233816,0.0010627398733049631,0.0010627398733049631,0.10627398733049631
Pythia_minus,117,MUR1.0_MUF1.0_PDF26137,pdf,10,1.95,2.18,0.6574898362159729,0.6604192852973938,1.004455504739481,0.004455504938960075,0.004455504938960075,0.44555049389600754
Pythia_minus,117,MUR1.0_MUF1.0_PDF26137,pdf,11,2.18,2.5,0.6256763339042664,0.6294744610786438,1.0060704344539881,0.006070434581488371,0.006070434581488371,0.6070434581488371
Pythia_minus,118,MUR1.0_MUF1.0_PDF26138,pdf,1,0.0,0.21,0.660984456539154,0.6599479913711548,0.998431937154126,-0.0015680628130212426,0.0015680628130212426,-0.15680628130212426
Pythia_minus,118,MUR1.0_MUF1.0_PDF26138,pdf,2,0.21,0.42,0.6471099853515625,0.6460107564926147,0.9983013260746539,-0.0016986739356070757,0.0016986739356070757,-0.16986739356070757
Pythia_minus,118,MUR1.0_MUF1.0_PDF26138,pdf,3,0.42,0.63,0.6394927501678467,0.6386740803718567,0.9987198137965205,-0.0012801862321794033,0.0012801862321794033,-0.12801862321794033
Pythia_minus,118,MUR1.0_MUF1.0_PDF26138,pdf,4,0.63,0.84,0.6380901336669922,0.6377360820770264,0.9994451385920494,-0.0005548613844439387,0.0005548613844439387,-0.05548613844439387
Pythia_minus,118,MUR1.0_MUF1.0_PDF26138,pdf,5,0.84,1.05,0.6463085412979126,0.6462088823318481,0.9998458028020729,-0.00015419720148202032,0.00015419720148202032,-0.015419720148202032
Pythia_minus,118,MUR1.0_MUF1.0_PDF26138,pdf,6,1.05,1.37,0.6265755295753479,0.627308189868927,1.001169308820719,0.0011693087872117758,0.0011693087872117758,0.11693087872117758
Pythia_minus,118,MUR1.0_MUF1.0_PDF26138,pdf,7,1.37,1.52,0.6408894062042236,0.6413958072662354,1.000790153585173,0.000790153571870178,0.000790153571870178,0.0790153571870178
Pythia_minus,118,MUR1.0_MUF1.0_PDF26138,pdf,8,1.52,1.74,0.6314683556556702,0.6325945854187012,1.001783509423622,0.0017835093894973397,0.0017835093894973397,0.17835093894973397
Pythia_minus,118,MUR1.0_MUF1.0_PDF26138,pdf,9,1.74,1.95,0.5918737053871155,0.5924716591835022,1.0010102726154992,0.0010102726519107819,0.0010102726519107819,0.10102726519107819
Pythia_minus,118,MUR1.0_MUF1.0_PDF26138,pdf,10,1.95,2.18,0.6574898362159729,0.6602276563644409,1.0041640493855006,0.004164049401879311,0.004164049401879311,0.41640494018793106
Pythia_minus,118,MUR1.0_MUF1.0_PDF26138,pdf,11,2.18,2.5,0.6256763339042664,0.6292228698730469,1.0056683236628912,0.005668323487043381,0.005668323487043381,0.5668323487043381
Pythia_minus,119,MUR1.0_MUF1.0_PDF26139,pdf,1,0.0,0.21,0.660984456539154,0.660586953163147,0.9993986191776909,-0.0006013808306306601,0.0006013808306306601,-0.060138083063066006
Pythia_minus,119,MUR1.0_MUF1.0_PDF26139,pdf,2,0.21,0.42,0.6471099853515625,0.6466764807701111,0.9993300913426395,-0.0006699086516164243,0.0006699086516164243,-0.06699086516164243
Pythia_minus,119,MUR1.0_MUF1.0_PDF26139,pdf,3,0.42,0.63,0.6394927501678467,0.6391562223434448,0.9994737581867604,-0.0005262418417260051,0.0005262418417260051,-0.05262418417260051
Pythia_minus,119,MUR1.0_MUF1.0_PDF26139,pdf,4,0.63,0.84,0.6380901336669922,0.6379956007003784,0.999851850135857,-0.0001481498620705679,0.0001481498620705679,-0.01481498620705679
Pythia_minus,119,MUR1.0_MUF1.0_PDF26139,pdf,5,0.84,1.05,0.6463085412979126,0.6464745402336121,1.0002568416245377,0.00025684162392280996,0.00025684162392280996,0.025684162392280996
Pythia_minus,119,MUR1.0_MUF1.0_PDF26139,pdf,6,1.05,1.37,0.6265755295753479,0.6271973848342896,1.000992466557644,0.0009924665791913867,0.0009924665791913867,0.09924665791913867
Pythia_minus,119,MUR1.0_MUF1.0_PDF26139,pdf,7,1.37,1.52,0.6408894062042236,0.6413154602050781,1.0006647855257553,0.0006647855043411255,0.0006647855043411255,0.06647855043411255
Pythia_minus,119,MUR1.0_MUF1.0_PDF26139,pdf,8,1.52,1.74,0.6314683556556702,0.6323233842849731,1.0013540324256078,0.0013540324289351702,0.0013540324289351702,0.13540324289351702
Pythia_minus,119,MUR1.0_MUF1.0_PDF26139,pdf,9,1.74,1.95,0.5918737053871155,0.5928082466125488,1.00157895378174,0.0015789538156241179,0.0015789538156241179,0.15789538156241179
Pythia_minus,119,MUR1.0_MUF1.0_PDF26139,pdf,10,1.95,2.18,0.6574898362159729,0.6593555212020874,1.0028375875691888,0.0028375876136124134,0.0028375876136124134,0.28375876136124134
Pythia_minus,119,MUR1.0_MUF1.0_PDF26139,pdf,11,2.18,2.5,0.6256763339042664,0.6274738907814026,1.00287298205115,0.0028729820623993874,0.0028729820623993874,0.28729820623993874
Pythia_minus,120,MUR1.0_MUF1.0_PDF26140,pdf,1,0.0,0.21,0.660984456539154,0.6592801809310913,0.9974216101586016,-0.0025783898308873177,0.0025783898308873177,-0.25783898308873177
Pythia_minus,120,MUR1.0_MUF1.0_PDF26140,pdf,2,0.21,0.42,0.6471099853515625,0.6452829837799072,0.99717667535193,-0.002823324641212821,0.002823324641212821,-0.2823324641212821
Pythia_minus,120,MUR1.0_MUF1.0_PDF26140,pdf,3,0.42,0.63,0.6394927501678467,0.6381887197494507,0.9979608362752295,-0.002039163839071989,0.002039163839071989,-0.2039163839071989
Pythia_minus,120,MUR1.0_MUF1.0_PDF26140,pdf,4,0.63,0.84,0.6380901336669922,0.6374636292457581,0.9990181568587596,-0.0009818430989980698,0.0009818430989980698,-0.09818430989980698
Pythia_minus,120,MUR1.0_MUF1.0_PDF26140,pdf,5,0.84,1.05,0.6463085412979126,0.6458401679992676,0.9992753100590247,-0.0007246899185702205,0.0007246899185702205,-0.07246899185702205
Pythia_minus,120,MUR1.0_MUF1.0_PDF26140,pdf,6,1.05,1.37,0.6265755295753479,0.6272081732749939,1.0010096846585674,0.001009684638120234,0.001009684638120234,0.1009684638120234
Pythia_minus,120,MUR1.0_MUF1.0_PDF26140,pdf,7,1.37,1.52,0.6408894062042236,0.6413922905921936,1.0007846664074982,0.0007846663938835263,0.0007846663938835263,0.07846663938835263
Pythia_minus,120,MUR1.0_MUF1.0_PDF26140,pdf,8,1.52,1.74,0.6314683556556702,0.6328054666519165,1.0021174631860341,0.00211746315471828,0.00211746315471828,0.21174631547182798
Pythia_minus,120,MUR1.0_MUF1.0_PDF26140,pdf,9,1.74,1.95,0.5918737053871155,0.5919065475463867,1.0000554884580484,5.5488457292085513e-05,5.5488457292085513e-05,0.005548845729208551
Pythia_minus,120,MUR1.0_MUF1.0_PDF26140,pdf,10,1.95,2.18,0.6574898362159729,0.6609054803848267,1.0051949763794246,0.005194976460188627,0.005194976460188627,0.5194976460188627
Pythia_minus,120,MUR1.0_MUF1.0_PDF26140,pdf,11,2.18,2.5,0.6256763339042664,0.6311236619949341,1.0087063035558272,0.00870630331337452,0.00870630331337452,0.8706303313374519
Pythia_minus,121,MUR1.0_MUF1.0_PDF26141,pdf,1,0.0,0.21,0.660984456539154,0.6591566205024719,0.9972346762187836,-0.0027653237339109182,0.0027653237339109182,-0.2765323733910918
Pythia_minus,121,MUR1.0_MUF1.0_PDF26141,pdf,2,0.21,0.42,0.6471099853515625,0.6450374126434326,0.9967971863283737,-0.0032028136774897575,0.0032028136774897575,-0.32028136774897575
Pythia_minus,121,MUR1.0_MUF1.0_PDF26141,pdf,3,0.42,0.63,0.6394927501678467,0.6381051540374756,0.9978301612801601,-0.0021698386408388615,0.0021698386408388615,-0.21698386408388615
Pythia_minus,121,MUR1.0_MUF1.0_PDF26141,pdf,4,0.63,0.84,0.6380901336669922,0.6373651623725891,0.9988638418678615,-0.0011361581273376942,0.0011361581273376942,-0.11361581273376942
Pythia_minus,121,MUR1.0_MUF1.0_PDF26141,pdf,5,0.84,1.05,0.6463085412979126,0.6455936431884766,0.9988938748852052,-0.0011061250697821379,0.0011061250697821379,-0.11061250697821379
Pythia_minus,121,MUR1.0_MUF1.0_PDF26141,pdf,6,1.05,1.37,0.6265755295753479,0.6269568800926208,1.000608626572971,0.0006086265784688294,0.0006086265784688294,0.06086265784688294
Pythia_minus,121,MUR1.0_MUF1.0_PDF26141,pdf,7,1.37,1.52,0.6408894062042236,0.6412646174430847,1.0005854539569992,0.0005854539340361953,0.0005854539340361953,0.05854539340361953
Pythia_minus,121,MUR1.0_MUF1.0_PDF26141,pdf,8,1.52,1.74,0.6314683556556702,0.6330670714378357,1.002531743305657,0.002531743375584483,0.002531743375584483,0.2531743375584483
Pythia_minus,121,MUR1.0_MUF1.0_PDF26141,pdf,9,1.74,1.95,0.5918737053871155,0.5919421315193176,1.000115609346351,0.00011560934945009649,0.00011560934945009649,0.011560934945009649
Pythia_minus,121,MUR1.0_MUF1.0_PDF26141,pdf,10,1.95,2.18,0.6574898362159729,0.6616752743721008,1.0063657838122886,0.006365783978253603,0.006365783978253603,0.6365783978253603
Pythia_minus,121,MUR1.0_MUF1.0_PDF26141,pdf,11,2.18,2.5,0.6256763339042664,0.6325225830078125,1.0109421576821118,0.010942157357931137,0.010942157357931137,1.0942157357931137
Pythia_minus,122,MUR1.0_MUF1.0_PDF26142,pdf,1,0.0,0.21,0.660984456539154,0.6609573364257812,0.9999589701193357,-4.1029881685972214e-05,4.1029881685972214e-05,-0.004102988168597221
Pythia_minus,122,MUR1.0_MUF1.0_PDF26142,pdf,2,0.21,0.42,0.6471099853515625,0.6471114158630371,1.0000022106156712,2.2106157757662004e-06,2.2106157757662004e-06,0.00022106157757662004
Pythia_minus,122,MUR1.0_MUF1.0_PDF26142,pdf,3,0.42,0.63,0.6394927501678467,0.639421284198761,0.9998882458494378,-0.00011175414692843333,0.00011175414692843333,-0.011175414692843333
Pythia_minus,122,MUR1.0_MUF1.0_PDF26142,pdf,4,0.63,0.84,0.6380901336669922,0.6381345987319946,1.0000696846145338,6.968461093492806e-05,6.968461093492806e-05,0.006968461093492806
Pythia_minus,122,MUR1.0_MUF1.0_PDF26142,pdf,5,0.84,1.05,0.6463085412979126,0.6466079950332642,1.0004633293794172,0.0004633293719962239,0.0004633293719962239,0.04633293719962239
Pythia_minus,122,MUR1.0_MUF1.0_PDF26142,pdf,6,1.05,1.37,0.6265755295753479,0.6269709467887878,1.000631076693512,0.0006310766912065446,0.0006310766912065446,0.06310766912065446
Pythia_minus,122,MUR1.0_MUF1.0_PDF26142,pdf,7,1.37,1.52,0.6408894062042236,0.641170084476471,1.0004379511808592,0.0004379511810839176,0.0004379511810839176,0.04379511810839176
Pythia_minus,122,MUR1.0_MUF1.0_PDF26142,pdf,8,1.52,1.74,0.6314683556556702,0.6317467093467712,1.000440803863896,0.0004408038512337953,0.0004408038512337953,0.04408038512337953
Pythia_minus,122,MUR1.0_MUF1.0_PDF26142,pdf,9,1.74,1.95,0.5918737053871155,0.5925160050392151,1.0010851971396153,0.0010851970873773098,0.0010851970873773098,0.10851970873773098
Pythia_minus,122,MUR1.0_MUF1.0_PDF26142,pdf,10,1.95,2.18,0.6574898362159729,0.6579748392105103,1.0007376585428738,0.0007376585272140801,0.0007376585272140801,0.07376585272140801
Pythia_minus,122,MUR1.0_MUF1.0_PDF26142,pdf,11,2.18,2.5,0.6256763339042664,0.6257838010787964,1.0001717616101273,0.000171761610545218,0.000171761610545218,0.0171761610545218
Pythia_minus,123,MUR1.0_MUF1.0_PDF26143,pdf,1,0.0,0.21,0.660984456539154,0.660091757774353,0.9986494406094281,-0.0013505594106391072,0.0013505594106391072,-0.13505594106391072
Pythia_minus,123,MUR1.0_MUF1.0_PDF26143,pdf,2,0.21,0.42,0.6471099853515625,0.6462087035179138,0.9986072200181565,-0.0013927799882367253,0.0013927799882367253,-0.13927799882367253
Pythia_minus,123,MUR1.0_MUF1.0_PDF26143,pdf,3,0.42,0.63,0.6394927501678467,0.6388069987297058,0.998927663467708,-0.0010723365703597665,0.0010723365703597665,-0.10723365703597665
Pythia_minus,123,MUR1.0_MUF1.0_PDF26143,pdf,4,0.63,0.84,0.6380901336669922,0.6378666162490845,0.9996497087071019,-0.00035029128775931895,0.00035029128775931895,-0.035029128775931895
Pythia_minus,123,MUR1.0_MUF1.0_PDF26143,pdf,5,0.84,1.05,0.6463085412979126,0.646323025226593,1.0000224102386939,2.2410238671000116e-05,2.2410238671000116e-05,0.0022410238671000116
Pythia_minus,123,MUR1.0_MUF1.0_PDF26143,pdf,6,1.05,1.37,0.6265755295753479,0.6273148059844971,1.0011798679875836,0.0011798680061474442,0.0011798680061474442,0.11798680061474442
Pythia_minus,123,MUR1.0_MUF1.0_PDF26143,pdf,7,1.37,1.52,0.6408894062042236,0.6413876414299011,1.000777412172606,0.0007774121477268636,0.0007774121477268636,0.07774121477268636
Pythia_minus,123,MUR1.0_MUF1.0_PDF26143,pdf,8,1.52,1.74,0.6314683556556702,0.6323572397232056,1.0014076462574477,0.001407646224834025,0.001407646224834025,0.1407646224834025
Pythia_minus,123,MUR1.0_MUF1.0_PDF26143,pdf,9,1.74,1.95,0.5918737053871155,0.5921558141708374,1.0004766367911841,0.0004766367783304304,0.0004766367783304304,0.04766367783304304
Pythia_minus,123,MUR1.0_MUF1.0_PDF26143,pdf,10,1.95,2.18,0.6574898362159729,0.6596187353134155,1.0032379194022147,0.0032379194162786007,0.0032379194162786007,0.32379194162786007
Pythia_minus,123,MUR1.0_MUF1.0_PDF26143,pdf,11,2.18,2.5,0.6256763339042664,0.6285109519958496,1.0045304863520967,0.004530486185103655,0.004530486185103655,0.4530486185103655
Pythia_minus,124,MUR1.0_MUF1.0_PDF13312,pdf,1,0.0,0.21,0.660984456539154,0.6609620451927185,0.9999660939887257,-3.390600977581926e-05,3.390600977581926e-05,-0.0033906009775819257
Pythia_minus,124,MUR1.0_MUF1.0_PDF13312,pdf,2,0.21,0.42,0.6471099853515625,0.6470828652381897,0.9999580904112335,-4.1909588617272675e-05,4.1909588617272675e-05,-0.0041909588617272675
Pythia_minus,124,MUR1.0_MUF1.0_PDF13312,pdf,3,0.42,0.63,0.6394927501678467,0.6394678354263306,0.9999610398374187,-3.8960162783041596e-05,3.8960162783041596e-05,-0.0038960162783041596
Pythia_minus,124,MUR1.0_MUF1.0_PDF13312,pdf,4,0.63,0.84,0.6380901336669922,0.6380650997161865,0.9999607673751955,-3.923262556781992e-05,3.923262556781992e-05,-0.003923262556781992
Pythia_minus,124,MUR1.0_MUF1.0_PDF13312,pdf,5,0.84,1.05,0.6463085412979126,0.6462771892547607,0.999951490594432,-4.8509406042285264e-05,4.8509406042285264e-05,-0.004850940604228526
Pythia_minus,124,MUR1.0_MUF1.0_PDF13312,pdf,6,1.05,1.37,0.6265755295753479,0.6265348196029663,0.9999350278291124,-6.497216963907704e-05,6.497216963907704e-05,-0.006497216963907704
Pythia_minus,124,MUR1.0_MUF1.0_PDF13312,pdf,7,1.37,1.52,0.6408894062042236,0.6408619284629822,0.9999571256117273,-4.287438787287101e-05,4.287438787287101e-05,-0.004287438787287101
Pythia_minus,124,MUR1.0_MUF1.0_PDF13312,pdf,8,1.52,1.74,0.6314683556556702,0.631434977054596,0.9999471412925521,-5.28587079315912e-05,5.28587079315912e-05,-0.00528587079315912
Pythia_minus,124,MUR1.0_MUF1.0_PDF13312,pdf,9,1.74,1.95,0.5918737053871155,0.5918502807617188,0.9999604229328258,-3.957706576329656e-05,3.957706576329656e-05,-0.003957706576329656
Pythia_minus,124,MUR1.0_MUF1.0_PDF13312,pdf,10,1.95,2.18,0.6574898362159729,0.6574497818946838,0.9999390799384527,-6.092006151448004e-05,6.092006151448004e-05,-0.006092006151448004
Pythia_minus,124,MUR1.0_MUF1.0_PDF13312,pdf,11,2.18,2.5,0.6256763339042664,0.6256522536277771,0.9999615132054955,-3.848679625662044e-05,3.848679625662044e-05,-0.0038486796256620437
Pythia_minus,125,MUR1.0_MUF1.0_PDF26144,pdf,1,0.0,0.21,0.660984456539154,0.6600860953330994,0.9986408739310476,-0.0013591260649263859,0.0013591260649263859,-0.1359126064926386
Pythia_minus,125,MUR1.0_MUF1.0_PDF26144,pdf,2,0.21,0.42,0.6471099853515625,0.6460105776786804,0.9983010497476951,-0.0016989503055810928,0.0016989503055810928,-0.16989503055810928
Pythia_minus,125,MUR1.0_MUF1.0_PDF26144,pdf,3,0.42,0.63,0.6394927501678467,0.6387503147125244,0.9988390244375289,-0.0011609755456447601,0.0011609755456447601,-0.11609755456447601
Pythia_minus,125,MUR1.0_MUF1.0_PDF26144,pdf,4,0.63,0.84,0.6380901336669922,0.6376674175262451,0.9993375291068711,-0.0006624708767049015,0.0006624708767049015,-0.06624708767049015
Pythia_minus,125,MUR1.0_MUF1.0_PDF26144,pdf,5,0.84,1.05,0.6463085412979126,0.6459748148918152,0.9994836422779944,-0.000516357715241611,0.000516357715241611,-0.0516357715241611
Pythia_minus,125,MUR1.0_MUF1.0_PDF26144,pdf,6,1.05,1.37,0.6265755295753479,0.6267871856689453,1.000337798212038,0.0003377982066012919,0.0003377982066012919,0.03377982066012919
Pythia_minus,125,MUR1.0_MUF1.0_PDF26144,pdf,7,1.37,1.52,0.6408894062042236,0.6411471366882324,1.0004021450214557,0.0004021450295113027,0.0004021450295113027,0.04021450295113027
Pythia_minus,125,MUR1.0_MUF1.0_PDF26144,pdf,8,1.52,1.74,0.6314683556556702,0.6326462626457214,1.0018653460296174,0.001865345984697342,0.001865345984697342,0.1865345984697342
Pythia_minus,125,MUR1.0_MUF1.0_PDF26144,pdf,9,1.74,1.95,0.5918737053871155,0.5926377773284912,1.0012909374659176,0.0012909374199807644,0.0012909374199807644,0.12909374199807644
Pythia_minus,125,MUR1.0_MUF1.0_PDF26144,pdf,10,1.95,2.18,0.6574898362159729,0.6604560613632202,1.0045114387840863,0.004511438775807619,0.004511438775807619,0.4511438775807619
Pythia_minus,125,MUR1.0_MUF1.0_PDF26144,pdf,11,2.18,2.5,0.6256763339042664,0.6300968527793884,1.0070651847218477,0.007065184880048037,0.007065184880048037,0.7065184880048037
Pythia_minus,126,MUR1.0_MUF1.0_PDF26145,pdf,1,0.0,0.21,0.660984456539154,0.6606040596961975,0.9994244995639561,-0.0005755004240199924,0.0005755004240199924,-0.057550042401999235
Pythia_minus,126,MUR1.0_MUF1.0_PDF26145,pdf,2,0.21,0.42,0.6471099853515625,0.6467821598052979,0.9994934005753495,-0.0005065994337201118,0.0005065994337201118,-0.050659943372011185
Pythia_minus,126,MUR1.0_MUF1.0_PDF26145,pdf,3,0.42,0.63,0.6394927501678467,0.6391580700874329,0.9994766475768084,-0.0005233524134382606,0.0005233524134382606,-0.052335241343826056
Pythia_minus,126,MUR1.0_MUF1.0_PDF26145,pdf,4,0.63,0.84,0.6380901336669922,0.6381062865257263,1.0000253143841,2.5314384402008727e-05,2.5314384402008727e-05,0.0025314384402008727
Pythia_minus,126,MUR1.0_MUF1.0_PDF26145,pdf,5,0.84,1.05,0.6463085412979126,0.6467626094818115,1.0007025563718948,0.0007025563973002136,0.0007025563973002136,0.07025563973002136
Pythia_minus,126,MUR1.0_MUF1.0_PDF26145,pdf,6,1.05,1.37,0.6265755295753479,0.6276541948318481,1.0017215247094493,0.0017215247498825192,0.0017215247498825192,0.17215247498825192
Pythia_minus,126,MUR1.0_MUF1.0_PDF26145,pdf,7,1.37,1.52,0.6408894062042236,0.641603410243988,1.00111408307401,0.0011140831047669053,0.0011140831047669053,0.11140831047669053
Pythia_minus,126,MUR1.0_MUF1.0_PDF26145,pdf,8,1.52,1.74,0.6314683556556702,0.6323641538619995,1.0014185955611334,0.0014185955515131354,0.0014185955515131354,0.14185955515131354
Pythia_minus,126,MUR1.0_MUF1.0_PDF26145,pdf,9,1.74,1.95,0.5918737053871155,0.5931068062782288,1.0020833851544508,0.002083385130390525,0.002083385130390525,0.2083385130390525
Pythia_minus,126,MUR1.0_MUF1.0_PDF26145,pdf,10,1.95,2.18,0.6574898362159729,0.6590580344200134,1.0023851291954047,0.0023851292207837105,0.0023851292207837105,0.23851292207837105
Pythia_minus,126,MUR1.0_MUF1.0_PDF26145,pdf,11,2.18,2.5,0.6256763339042664,0.6260324716567993,1.0005692044484256,0.0005692044505849481,0.0005692044505849481,0.056920445058494806
Pythia_minus,127,MUR1.0_MUF1.0_PDF26146,pdf,1,0.0,0.21,0.660984456539154,0.6598884463310242,0.9983418517677882,-0.001658148248679936,0.001658148248679936,-0.1658148248679936
Pythia_minus,127,MUR1.0_MUF1.0_PDF26146,pdf,2,0.21,0.42,0.6471099853515625,0.6459335684776306,0.9981820449373954,-0.0018179550534114242,0.0018179550534114242,-0.18179550534114242
Pythia_minus,127,MUR1.0_MUF1.0_PDF26146,pdf,3,0.42,0.63,0.6394927501678467,0.6387802958488464,0.9988859071212094,-0.0011140928836539388,0.0011140928836539388,-0.11140928836539388
Pythia_minus,127,MUR1.0_MUF1.0_PDF26146,pdf,4,0.63,0.84,0.6380901336669922,0.6378142237663269,0.9995676004280466,-0.00043239956721663475,0.00043239956721663475,-0.043239956721663475
Pythia_minus,127,MUR1.0_MUF1.0_PDF26146,pdf,5,0.84,1.05,0.6463085412979126,0.6460219621658325,0.9995565908327553,-0.0004434091679286212,0.0004434091679286212,-0.04434091679286212
Pythia_minus,127,MUR1.0_MUF1.0_PDF26146,pdf,6,1.05,1.37,0.6265755295753479,0.6269264221191406,1.000560016354342,0.0005600163713097572,0.0005600163713097572,0.05600163713097572
Pythia_minus,127,MUR1.0_MUF1.0_PDF26146,pdf,7,1.37,1.52,0.6408894062042236,0.6412983536720276,1.0006380936614727,0.000638093682937324,0.000638093682937324,0.0638093682937324
Pythia_minus,127,MUR1.0_MUF1.0_PDF26146,pdf,8,1.52,1.74,0.6314683556556702,0.6320776343345642,1.0009648601920225,0.0009648601990193129,0.0009648601990193129,0.09648601990193129
Pythia_minus,127,MUR1.0_MUF1.0_PDF26146,pdf,9,1.74,1.95,0.5918737053871155,0.5909855365753174,0.9984993947125642,-0.0015006052562966943,0.0015006052562966943,-0.15006052562966943
Pythia_minus,127,MUR1.0_MUF1.0_PDF26146,pdf,10,1.95,2.18,0.6574898362159729,0.6581900119781494,1.001064922563984,0.0010649225441738963,0.0010649225441738963,0.10649225441738963
Pythia_minus,127,MUR1.0_MUF1.0_PDF26146,pdf,11,2.18,2.5,0.6256763339042664,0.6305481195449829,1.0077864310614344,0.007786430884152651,0.007786430884152651,0.7786430884152651
Pythia_minus,128,MUR1.0_MUF1.0_PDF26147,pdf,1,0.0,0.21,0.660984456539154,0.6597709655761719,0.9981641157352839,-0.0018358842935413122,0.0018358842935413122,-0.18358842935413122
Pythia_minus,128,MUR1.0_MUF1.0_PDF26147,pdf,2,0.21,0.42,0.6471099853515625,0.645757794380188,0.9979104155367964,-0.002089584479108453,0.002089584479108453,-0.20895844791084528
Pythia_minus,128,MUR1.0_MUF1.0_PDF26147,pdf,3,0.42,0.63,0.6394927501678467,0.6384773254394531,0.9984121403594849,-0.0015878595877438784,0.0015878595877438784,-0.15878595877438784
Pythia_minus,128,MUR1.0_MUF1.0_PDF26147,pdf,4,0.63,0.84,0.6380901336669922,0.6378058195114136,0.9995544294754336,-0.00044557053479366004,0.00044557053479366004,-0.044557053479366004
Pythia_minus,128,MUR1.0_MUF1.0_PDF26147,pdf,5,0.84,1.05,0.6463085412979126,0.6462598443031311,0.9999246536419221,-7.534636097261682e-05,7.534636097261682e-05,-0.007534636097261682
Pythia_minus,128,MUR1.0_MUF1.0_PDF26147,pdf,6,1.05,1.37,0.6265755295753479,0.6275458931922913,1.0015486778068097,0.0015486777992919087,0.0015486777992919087,0.15486777992919087
Pythia_minus,128,MUR1.0_MUF1.0_PDF26147,pdf,7,1.37,1.52,0.6408894062042236,0.6416075825691223,1.0011205932848106,0.0011205932823941112,0.0011205932823941112,0.11205932823941112
Pythia_minus,128,MUR1.0_MUF1.0_PDF26147,pdf,8,1.52,1.74,0.6314683556556702,0.6325516700744629,1.001715548228332,0.001715548220090568,0.001715548220090568,0.1715548220090568
Pythia_minus,128,MUR1.0_MUF1.0_PDF26147,pdf,9,1.74,1.95,0.5918737053871155,0.5923491716384888,1.0008033238291305,0.0008033238118514419,0.0008033238118514419,0.08033238118514419
Pythia_minus,128,MUR1.0_MUF1.0_PDF26147,pdf,10,1.95,2.18,0.6574898362159729,0.6602281928062439,1.0041648652791821,0.004164865240454674,0.004164865240454674,0.4164865240454674
Pythia_minus,128,MUR1.0_MUF1.0_PDF26147,pdf,11,2.18,2.5,0.6256763339042664,0.6287451386451721,1.0049047799550868,0.004904780071228743,0.004904780071228743,0.49047800712287426
Pythia_minus,129,MUR1.0_MUF1.0_PDF26148,pdf,1,0.0,0.21,0.660984456539154,0.6595838069915771,0.9978809644709188,-0.0021190354600548744,0.0021190354600548744,-0.21190354600548744
Pythia_minus,129,MUR1.0_MUF1.0_PDF26148,pdf,2,0.21,0.42,0.6471099853515625,0.6456784605979919,0.997787818476031,-0.002212181454524398,0.002212181454524398,-0.22121814545243979
Pythia_minus,129,MUR1.0_MUF1.0_PDF26148,pdf,3,0.42,0.63,0.6394927501678467,0.6384100317955017,0.9983069106380631,-0.0016930893762037158,0.0016930893762037158,-0.16930893762037158
Pythia_minus,129,MUR1.0_MUF1.0_PDF26148,pdf,4,0.63,0.84,0.6380901336669922,0.6373602747917175,0.9988561821649234,-0.0011438177898526192,0.0011438177898526192,-0.11438177898526192
Pythia_minus,129,MUR1.0_MUF1.0_PDF26148,pdf,5,0.84,1.05,0.6463085412979126,0.645937979221344,0.9994266483376122,-0.0005733516882173717,0.0005733516882173717,-0.05733516882173717
Pythia_minus,129,MUR1.0_MUF1.0_PDF26148,pdf,6,1.05,1.37,0.6265755295753479,0.6270194053649902,1.0007084154562231,0.0007084154640324414,0.0007084154640324414,0.07084154640324414
Pythia_minus,129,MUR1.0_MUF1.0_PDF26148,pdf,7,1.37,1.52,0.6408894062042236,0.6412661075592041,1.000587779032285,0.0005877790390513837,0.0005877790390513837,0.05877790390513837
Pythia_minus,129,MUR1.0_MUF1.0_PDF26148,pdf,8,1.52,1.74,0.6314683556556702,0.6331393122673035,1.0026461446510622,0.002646144712343812,0.002646144712343812,0.2646144712343812
Pythia_minus,129,MUR1.0_MUF1.0_PDF26148,pdf,9,1.74,1.95,0.5918737053871155,0.593012809753418,1.0019245733607265,0.0019245733274146914,0.0019245733274146914,0.19245733274146914
Pythia_minus,129,MUR1.0_MUF1.0_PDF26148,pdf,10,1.95,2.18,0.6574898362159729,0.6608622670173645,1.005129251610642,0.005129251629114151,0.005129251629114151,0.5129251629114151
Pythia_minus,129,MUR1.0_MUF1.0_PDF26148,pdf,11,2.18,2.5,0.6256763339042664,0.6310015320777893,1.0085111069173631,0.008511106483638287,0.008511106483638287,0.8511106483638287
Pythia_minus,130,MUR1.0_MUF1.0_PDF26149,pdf,1,0.0,0.21,0.660984456539154,0.6599652171134949,0.998457997891515,-0.001542002079077065,0.001542002079077065,-0.1542002079077065
Pythia_minus,130,MUR1.0_MUF1.0_PDF26149,pdf,2,0.21,0.42,0.6471099853515625,0.6460273265838623,0.9983269323728454,-0.0016730675706639886,0.0016730675706639886,-0.16730675706639886
Pythia_minus,130,MUR1.0_MUF1.0_PDF26149,pdf,3,0.42,0.63,0.6394927501678467,0.6386850476264954,0.9987369637245468,-0.0012630362762138247,0.0012630362762138247,-0.12630362762138247
Pythia_minus,130,MUR1.0_MUF1.0_PDF26149,pdf,4,0.63,0.84,0.6380901336669922,0.6377619504928589,0.9994856789710141,-0.0005143210291862488,0.0005143210291862488,-0.05143210291862488
Pythia_minus,130,MUR1.0_MUF1.0_PDF26149,pdf,5,0.84,1.05,0.6463085412979126,0.6462347507476807,0.9998858276728267,-0.00011417232599342242,0.00011417232599342242,-0.011417232599342242
Pythia_minus,130,MUR1.0_MUF1.0_PDF26149,pdf,6,1.05,1.37,0.6265755295753479,0.6273415684700012,1.0012225802931891,0.0012225803220644593,0.0012225803220644593,0.12225803220644593
Pythia_minus,130,MUR1.0_MUF1.0_PDF26149,pdf,7,1.37,1.52,0.6408894062042236,0.6414180397987366,1.0008248437084393,0.000824843707960099,0.000824843707960099,0.0824843707960099
Pythia_minus,130,MUR1.0_MUF1.0_PDF26149,pdf,8,1.52,1.74,0.6314683556556702,0.6325785517692566,1.0017581183659372,0.0017581183928996325,0.0017581183928996325,0.17581183928996325
Pythia_minus,130,MUR1.0_MUF1.0_PDF26149,pdf,9,1.74,1.95,0.5918737053871155,0.5924513936042786,1.0009760329136184,0.0009760329267010093,0.0009760329267010093,0.09760329267010093
Pythia_minus,130,MUR1.0_MUF1.0_PDF26149,pdf,10,1.95,2.18,0.6574898362159729,0.6601967215538025,1.0041169995165378,0.004116999451071024,0.004116999451071024,0.4116999451071024
Pythia_minus,130,MUR1.0_MUF1.0_PDF26149,pdf,11,2.18,2.5,0.6256763339042664,0.6291117668151855,1.0054907509278508,0.005490751005709171,0.005490751005709171,0.5490751005709171
Pythia_minus,131,MUR1.0_MUF1.0_PDF26150,pdf,1,0.0,0.21,0.660984456539154,0.6598990559577942,0.9983579030178064,-0.00164209702052176,0.00164209702052176,-0.164209702052176
Pythia_minus,131,MUR1.0_MUF1.0_PDF26150,pdf,2,0.21,0.42,0.6471099853515625,0.6459543108940125,0.9982140988646278,-0.001785901142284274,0.001785901142284274,-0.1785901142284274
Pythia_minus,131,MUR1.0_MUF1.0_PDF26150,pdf,3,0.42,0.63,0.6394927501678467,0.6386386156082153,0.9986643561488271,-0.001335643813945353,0.001335643813945353,-0.1335643813945353
Pythia_minus,131,MUR1.0_MUF1.0_PDF26150,pdf,4,0.63,0.84,0.6380901336669922,0.6377020478248596,0.9993918009045175,-0.0006081991014070809,0.0006081991014070809,-0.06081991014070809
Pythia_minus,131,MUR1.0_MUF1.0_PDF26150,pdf,5,0.84,1.05,0.6463085412979126,0.6461730003356934,0.9997902844329628,-0.00020971556659787893,0.00020971556659787893,-0.020971556659787893
Pythia_minus,131,MUR1.0_MUF1.0_PDF26150,pdf,6,1.05,1.37,0.6265755295753479,0.62729412317276,1.001146858700178,0.0011468586744740605,0.0011468586744740605,0.11468586744740605
Pythia_minus,131,MUR1.0_MUF1.0_PDF26150,pdf,7,1.37,1.52,0.6408894062042236,0.6413933038711548,1.0007862474586926,0.0007862474303692579,0.0007862474303692579,0.07862474303692579
Pythia_minus,131,MUR1.0_MUF1.0_PDF26150,pdf,8,1.52,1.74,0.6314683556556702,0.6326635479927063,1.0018927192888314,0.0018927193013951182,0.0018927193013951182,0.18927193013951182
Pythia_minus,131,MUR1.0_MUF1.0_PDF26150,pdf,9,1.74,1.95,0.5918737053871155,0.5925050377845764,1.0010666674185973,0.0010666673770174384,0.0010666673770174384,0.10666673770174384
Pythia_minus,131,MUR1.0_MUF1.0_PDF26150,pdf,10,1.95,2.18,0.6574898362159729,0.6603801250457764,1.004395944500736,0.004395944532006979,0.004395944532006979,0.4395944532006979
Pythia_minus,131,MUR1.0_MUF1.0_PDF26150,pdf,11,2.18,2.5,0.6256763339042664,0.6294980645179749,1.00610815913375,0.006108159199357033,0.006108159199357033,0.6108159199357033
Pythia_minus,132,MUR1.0_MUF1.0_PDF26151,pdf,1,0.0,0.21,0.660984456539154,0.6599282026290894,0.9984019988675753,-0.0015980011085048318,0.0015980011085048318,-0.15980011085048318
Pythia_minus,132,MUR1.0_MUF1.0_PDF26151,pdf,2,0.21,0.42,0.6471099853515625,0.6459853649139404,0.9982620876464902,-0.0017379123019054532,0.0017379123019054532,-0.17379123019054532
Pythia_minus,132,MUR1.0_MUF1.0_PDF26151,pdf,3,0.42,0.63,0.6394927501678467,0.6386609077453613,0.9986992152416629,-0.0013007847592234612,0.0013007847592234612,-0.13007847592234612
Pythia_minus,132,MUR1.0_MUF1.0_PDF26151,pdf,4,0.63,0.84,0.6380901336669922,0.6377294063568115,0.9994346765587683,-0.0005653234547935426,0.0005653234547935426,-0.05653234547935426
Pythia_minus,132,MUR1.0_MUF1.0_PDF26151,pdf,5,0.84,1.05,0.6463085412979126,0.646200954914093,0.9998335371158742,-0.00016646287986077368,0.00016646287986077368,-0.016646287986077368
Pythia_minus,132,MUR1.0_MUF1.0_PDF26151,pdf,6,1.05,1.37,0.6265755295753479,0.6273127198219299,1.0011765385205542,0.001176538527943194,0.001176538527943194,0.11765385279431939
Pythia_minus,132,MUR1.0_MUF1.0_PDF26151,pdf,7,1.37,1.52,0.6408894062042236,0.6414028406143188,1.0008011279405227,0.0008011279278434813,0.0008011279278434813,0.08011279278434813
Pythia_minus,132,MUR1.0_MUF1.0_PDF26151,pdf,8,1.52,1.74,0.6314683556556702,0.6326261758804321,1.0018335364145996,0.0018335364293307066,0.0018335364293307066,0.18335364293307066
Pythia_minus,132,MUR1.0_MUF1.0_PDF26151,pdf,9,1.74,1.95,0.5918737053871155,0.5924815535545349,1.0010269896464177,0.001026989659294486,0.001026989659294486,0.1026989659294486
Pythia_minus,132,MUR1.0_MUF1.0_PDF26151,pdf,10,1.95,2.18,0.6574898362159729,0.6603018641471863,1.0042769146780997,0.004276914522051811,0.004276914522051811,0.4276914522051811
Pythia_minus,132,MUR1.0_MUF1.0_PDF26151,pdf,11,2.18,2.5,0.6256763339042664,0.6293321847915649,1.0058430384676464,0.00584303867071867,0.00584303867071867,0.584303867071867
Pythia_minus,133,MUR1.0_MUF1.0_PDF26152,pdf,1,0.0,0.21,0.660984456539154,0.659927487373352,0.9984009167608325,-0.0015990831889212132,0.0015990831889212132,-0.15990831889212132
Pythia_minus,133,MUR1.0_MUF1.0_PDF26152,pdf,2,0.21,0.42,0.6471099853515625,0.6459858417510986,0.9982628245183806,-0.0017371755093336105,0.0017371755093336105,-0.17371755093336105
Pythia_minus,133,MUR1.0_MUF1.0_PDF26152,pdf,3,0.42,0.63,0.6394927501678467,0.6386607885360718,0.9986990288294019,-0.001300971140153706,0.001300971140153706,-0.1300971140153706
Pythia_minus,133,MUR1.0_MUF1.0_PDF26152,pdf,4,0.63,0.84,0.6380901336669922,0.6377294659614563,0.9994347699697796,-0.0005652300314977765,0.0005652300314977765,-0.05652300314977765
Pythia_minus,133,MUR1.0_MUF1.0_PDF26152,pdf,5,0.84,1.05,0.6463085412979126,0.6462008953094482,0.9998334448926697,-0.00016655510989949107,0.00016655510989949107,-0.016655510989949107
Pythia_minus,133,MUR1.0_MUF1.0_PDF26152,pdf,6,1.05,1.37,0.6265755295753479,0.6273131966590881,1.0011772995415895,0.0011772995349019766,0.0011772995349019766,0.11772995349019766
Pythia_minus,133,MUR1.0_MUF1.0_PDF26152,pdf,7,1.37,1.52,0.6408894062042236,0.641403079032898,1.0008014999525685,0.0008014999330043793,0.0008014999330043793,0.08014999330043793
Pythia_minus,133,MUR1.0_MUF1.0_PDF26152,pdf,8,1.52,1.74,0.6314683556556702,0.6326264142990112,1.0018339139767956,0.0018339139642193913,0.0018339139642193913,0.18339139642193913
Pythia_minus,133,MUR1.0_MUF1.0_PDF26152,pdf,9,1.74,1.95,0.5918737053871155,0.5924816727638245,1.0010271910564288,0.0010271910578012466,0.0010271910578012466,0.10271910578012466
Pythia_minus,133,MUR1.0_MUF1.0_PDF26152,pdf,10,1.95,2.18,0.6574898362159729,0.6603015065193176,1.0042763707489786,0.004276370629668236,0.004276370629668236,0.4276370629668236
Pythia_minus,133,MUR1.0_MUF1.0_PDF26152,pdf,11,2.18,2.5,0.6256763339042664,0.6293322443962097,1.0058431337319893,0.005843133665621281,0.005843133665621281,0.5843133665621281
Pythia_minus,134,MUR1.0_MUF1.0_PDF26153,pdf,1,0.0,0.21,0.660984456539154,0.6599275469779968,0.9984010069363944,-0.001598993083462119,0.001598993083462119,-0.1598993083462119
Pythia_minus,134,MUR1.0_MUF1.0_PDF26153,pdf,2,0.21,0.42,0.6471099853515625,0.6459859609603882,0.9982630087363531,-0.0017369912238791585,0.0017369912238791585,-0.17369912238791585
Pythia_minus,134,MUR1.0_MUF1.0_PDF26153,pdf,3,0.42,0.63,0.6394927501678467,0.6386610269546509,0.9986994016539241,-0.0013005983782932162,0.0013005983782932162,-0.13005983782932162
Pythia_minus,134,MUR1.0_MUF1.0_PDF26153,pdf,4,0.63,0.84,0.6380901336669922,0.637729287147522,0.9994344897367453,-0.0005655102431774139,0.0005655102431774139,-0.056551024317741394
Pythia_minus,134,MUR1.0_MUF1.0_PDF26153,pdf,5,0.84,1.05,0.6463085412979126,0.6462007761001587,0.9998332604462608,-0.00016673955542501062,0.00016673955542501062,-0.016673955542501062
Pythia_minus,134,MUR1.0_MUF1.0_PDF26153,pdf,6,1.05,1.37,0.6265755295753479,0.627312958240509,1.0011769190310718,0.0011769189732149243,0.0011769189732149243,0.11769189732149243
Pythia_minus,134,MUR1.0_MUF1.0_PDF26153,pdf,7,1.37,1.52,0.6408894062042236,0.6414035558700562,1.00080224397666,0.0008022440015338361,0.0008022440015338361,0.08022440015338361
Pythia_minus,134,MUR1.0_MUF1.0_PDF26153,pdf,8,1.52,1.74,0.6314683556556702,0.6326262354850769,1.0018336308051485,0.0018336308421567082,0.0018336308421567082,0.18336308421567082
Pythia_minus,134,MUR1.0_MUF1.0_PDF26153,pdf,9,1.74,1.95,0.5918737053871155,0.5924814939498901,1.0010268889414122,0.0010268889600411057,0.0010268889600411057,0.10268889600411057
Pythia_minus,134,MUR1.0_MUF1.0_PDF26153,pdf,10,1.95,2.18,0.6574898362159729,0.6603013873100281,1.0042761894392715,0.004276189487427473,0.004276189487427473,0.4276189487427473
Pythia_minus,134,MUR1.0_MUF1.0_PDF26153,pdf,11,2.18,2.5,0.6256763339042664,0.6293323040008545,1.005843228996332,0.005843229126185179,0.005843229126185179,0.5843229126185179
Pythia_minus,135,MUR1.0_MUF1.0_PDF13313,pdf,1,0.0,0.21,0.660984456539154,0.6609622836112976,0.9999664546909733,-3.354530781507492e-05,3.354530781507492e-05,-0.003354530781507492
Pythia_minus,135,MUR1.0_MUF1.0_PDF13313,pdf,2,0.21,0.42,0.6471099853515625,0.6470822095870972,0.9999570772123841,-4.292278754292056e-05,4.292278754292056e-05,-0.004292278754292056
Pythia_minus,135,MUR1.0_MUF1.0_PDF13313,pdf,3,0.42,0.63,0.6394927501678467,0.6394669413566589,0.99995964174546,-4.035825622850098e-05,4.035825622850098e-05,-0.004035825622850098
Pythia_minus,135,MUR1.0_MUF1.0_PDF13313,pdf,4,0.63,0.84,0.6380901336669922,0.6380636692047119,0.9999585255109209,-4.147448998992331e-05,4.147448998992331e-05,-0.004147448998992331
Pythia_minus,135,MUR1.0_MUF1.0_PDF13313,pdf,5,0.84,1.05,0.6463085412979126,0.6462773084640503,0.999951675040841,-4.8324960516765714e-05,4.8324960516765714e-05,-0.004832496051676571
Pythia_minus,135,MUR1.0_MUF1.0_PDF13313,pdf,6,1.05,1.37,0.6265755295753479,0.6265324950218201,0.9999313178515653,-6.868215132271871e-05,6.868215132271871e-05,-0.006868215132271871
Pythia_minus,135,MUR1.0_MUF1.0_PDF13313,pdf,7,1.37,1.52,0.6408894062042236,0.640860915184021,0.9999555445605328,-4.445543891051784e-05,4.445543891051784e-05,-0.004445543891051784
Pythia_minus,135,MUR1.0_MUF1.0_PDF13313,pdf,8,1.52,1.74,0.6314683556556702,0.631436824798584,0.9999500673995715,-4.993260154151358e-05,4.993260154151358e-05,-0.004993260154151358
Pythia_minus,135,MUR1.0_MUF1.0_PDF13313,pdf,9,1.74,1.95,0.5918737053871155,0.5918501615524292,0.9999602215228147,-3.9778478821972385e-05,3.9778478821972385e-05,-0.0039778478821972385
Pythia_minus,135,MUR1.0_MUF1.0_PDF13313,pdf,10,1.95,2.18,0.6574898362159729,0.6574488878250122,0.9999377201156502,-6.227988342288882e-05,6.227988342288882e-05,-0.0062279883422888815
Pythia_minus,135,MUR1.0_MUF1.0_PDF13313,pdf,11,2.18,2.5,0.6256763339042664,0.6256523728370667,0.9999617037341813,-3.829626439255662e-05,3.829626439255662e-05,-0.0038296264392556623
Pythia_minus,136,MUR1.0_MUF1.0_PDF26154,pdf,1,0.0,0.21,0.660984456539154,0.6599273085594177,0.9984006462341468,-0.001599353738129139,0.001599353738129139,-0.1599353738129139
Pythia_minus,136,MUR1.0_MUF1.0_PDF26154,pdf,2,0.21,0.42,0.6471099853515625,0.6459853649139404,0.9982620876464902,-0.0017379123019054532,0.0017379123019054532,-0.17379123019054532
Pythia_minus,136,MUR1.0_MUF1.0_PDF26154,pdf,3,0.42,0.63,0.6394927501678467,0.6386613249778748,0.9986998676845771,-0.001300132367759943,0.001300132367759943,-0.1300132367759943
Pythia_minus,136,MUR1.0_MUF1.0_PDF26154,pdf,4,0.63,0.84,0.6380901336669922,0.637729287147522,0.9994344897367453,-0.0005655102431774139,0.0005655102431774139,-0.056551024317741394
Pythia_minus,136,MUR1.0_MUF1.0_PDF26154,pdf,5,0.84,1.05,0.6463085412979126,0.6462006568908691,0.9998330759998517,-0.00016692400095053017,0.00016692400095053017,-0.016692400095053017
Pythia_minus,136,MUR1.0_MUF1.0_PDF26154,pdf,6,1.05,1.37,0.6265755295753479,0.6273127794265747,1.0011766336481835,0.0011766336392611265,0.0011766336392611265,0.11766336392611265
Pythia_minus,136,MUR1.0_MUF1.0_PDF26154,pdf,7,1.37,1.52,0.6408894062042236,0.6414027810096741,1.0008010349375114,0.0008010349120013416,0.0008010349120013416,0.08010349120013416
Pythia_minus,136,MUR1.0_MUF1.0_PDF26154,pdf,8,1.52,1.74,0.6314683556556702,0.632625937461853,1.0018331588524034,0.0018331588944420218,0.0018331588944420218,0.18331588944420218
Pythia_minus,136,MUR1.0_MUF1.0_PDF26154,pdf,9,1.74,1.95,0.5918737053871155,0.5924811363220215,1.0010262847113789,0.001026284764520824,0.001026284764520824,0.1026284764520824
Pythia_minus,136,MUR1.0_MUF1.0_PDF26154,pdf,10,1.95,2.18,0.6574898362159729,0.6603015065193176,1.0042763707489786,0.004276370629668236,0.004276370629668236,0.4276370629668236
Pythia_minus,136,MUR1.0_MUF1.0_PDF26154,pdf,11,2.18,2.5,0.6256763339042664,0.6293321847915649,1.0058430384676464,0.00584303867071867,0.00584303867071867,0.584303867071867
Pythia_minus,137,MUR1.0_MUF1.0_PDF26155,pdf,1,0.0,0.21,0.660984456539154,0.6599281430244446,0.9984019086920134,-0.0015980913303792477,0.0015980913303792477,-0.15980913303792477
Pythia_minus,137,MUR1.0_MUF1.0_PDF26155,pdf,2,0.21,0.42,0.6471099853515625,0.6459861397743225,0.9982632850633121,-0.0017367149703204632,0.0017367149703204632,-0.17367149703204632
Pythia_minus,137,MUR1.0_MUF1.0_PDF26155,pdf,3,0.42,0.63,0.6394927501678467,0.6386585831642151,0.9986955802025704,-0.0013044198276475072,0.0013044198276475072,-0.13044198276475072
Pythia_minus,137,MUR1.0_MUF1.0_PDF26155,pdf,4,0.63,0.84,0.6380901336669922,0.6377289295196533,0.9994339292706768,-0.0005660707247443497,0.0005660707247443497,-0.05660707247443497
Pythia_minus,137,MUR1.0_MUF1.0_PDF26155,pdf,5,0.84,1.05,0.6463085412979126,0.6461981534957886,0.9998292026252626,-0.00017079737153835595,0.00017079737153835595,-0.017079737153835595
Pythia_minus,137,MUR1.0_MUF1.0_PDF26155,pdf,6,1.05,1.37,0.6265755295753479,0.627314031124115,1.0011786313284012,0.0011786313261836767,0.0011786313261836767,0.11786313261836767
Pythia_minus,137,MUR1.0_MUF1.0_PDF26155,pdf,7,1.37,1.52,0.6408894062042236,0.6414034962654114,1.0008021509736484,0.0008021509856916964,0.0008021509856916964,0.08021509856916964
Pythia_minus,137,MUR1.0_MUF1.0_PDF26155,pdf,8,1.52,1.74,0.6314683556556702,0.632624089717865,1.001830232745384,0.0018302327953279018,0.0018302327953279018,0.18302327953279018
Pythia_minus,137,MUR1.0_MUF1.0_PDF26155,pdf,9,1.74,1.95,0.5918737053871155,0.5924809575080872,1.0010259825963623,0.0010259825503453612,0.0010259825503453612,0.10259825503453612
Pythia_minus,137,MUR1.0_MUF1.0_PDF26155,pdf,10,1.95,2.18,0.6574898362159729,0.6603012681007385,1.0042760081295647,0.00427600834518671,0.00427600834518671,0.42760083451867104
Pythia_minus,137,MUR1.0_MUF1.0_PDF26155,pdf,11,2.18,2.5,0.6256763339042664,0.6293318271636963,1.0058424668815893,0.005842466838657856,0.005842466838657856,0.5842466838657856
Pythia_minus,138,MUR1.0_MUF1.0_PDF26156,pdf,1,0.0,0.21,0.660984456539154,0.6599277257919312,0.99840127746308,-0.0015987225342541933,0.0015987225342541933,-0.15987225342541933
Pythia_minus,138,MUR1.0_MUF1.0_PDF26156,pdf,2,0.21,0.42,0.6471099853515625,0.6459874510765076,0.9982653114610106,-0.0017346885288134217,0.0017346885288134217,-0.17346885288134217
Pythia_minus,138,MUR1.0_MUF1.0_PDF26156,pdf,3,0.42,0.63,0.6394927501678467,0.6386622786521912,0.9987013589826663,-0.0012986409710720181,0.0012986409710720181,-0.12986409710720181
Pythia_minus,138,MUR1.0_MUF1.0_PDF26156,pdf,4,0.63,0.84,0.6380901336669922,0.6377294659614563,0.9994347699697796,-0.0005652300314977765,0.0005652300314977765,-0.05652300314977765
Pythia_minus,138,MUR1.0_MUF1.0_PDF26156,pdf,5,0.84,1.05,0.6463085412979126,0.6462007164955139,0.9998331682230562,-0.00016683177091181278,0.00016683177091181278,-0.016683177091181278
Pythia_minus,138,MUR1.0_MUF1.0_PDF26156,pdf,6,1.05,1.37,0.6265755295753479,0.6273106336593628,1.0011732090535248,0.0011732090497389436,0.0011732090497389436,0.11732090497389436
Pythia_minus,138,MUR1.0_MUF1.0_PDF26156,pdf,7,1.37,1.52,0.6408894062042236,0.6414008140563965,1.0007979658381339,0.0007979658548720181,0.0007979658548720181,0.07979658548720181
Pythia_minus,138,MUR1.0_MUF1.0_PDF26156,pdf,8,1.52,1.74,0.6314683556556702,0.6326245665550232,1.0018309878697762,0.0018309878651052713,0.0018309878651052713,0.18309878651052713
Pythia_minus,138,MUR1.0_MUF1.0_PDF26156,pdf,9,1.74,1.95,0.5918737053871155,0.5924797654151917,1.0010239684962516,0.0010239684488624334,0.0010239684488624334,0.10239684488624334
Pythia_minus,138,MUR1.0_MUF1.0_PDF26156,pdf,10,1.95,2.18,0.6574898362159729,0.6603021025657654,1.0042772772975135,0.004277277272194624,0.004277277272194624,0.4277277272194624
Pythia_minus,138,MUR1.0_MUF1.0_PDF26156,pdf,11,2.18,2.5,0.6256763339042664,0.6293355226516724,1.005848373270845,0.005848373286426067,0.005848373286426067,0.5848373286426067
Pythia_minus,139,MUR1.0_MUF1.0_PDF26157,pdf,1,0.0,0.21,0.660984456539154,0.6599279046058655,0.9984015479897658,-0.0015984519850462675,0.0015984519850462675,-0.15984519850462675
Pythia_minus,139,MUR1.0_MUF1.0_PDF26157,pdf,2,0.21,0.42,0.6471099853515625,0.6459875106811523,0.9982654035699969,-0.0017345964442938566,0.0017345964442938566,-0.17345964442938566
Pythia_minus,139,MUR1.0_MUF1.0_PDF26157,pdf,3,0.42,0.63,0.6394927501678467,0.638661801815033,0.9987006133336217,-0.0012993866112083197,0.0012993866112083197,-0.12993866112083197
Pythia_minus,139,MUR1.0_MUF1.0_PDF26157,pdf,4,0.63,0.84,0.6380901336669922,0.637729287147522,0.9994344897367453,-0.0005655102431774139,0.0005655102431774139,-0.056551024317741394
Pythia_minus,139,MUR1.0_MUF1.0_PDF26157,pdf,5,0.84,1.05,0.6463085412979126,0.6462007164955139,0.9998331682230562,-0.00016683177091181278,0.00016683177091181278,-0.016683177091181278
Pythia_minus,139,MUR1.0_MUF1.0_PDF26157,pdf,6,1.05,1.37,0.6265755295753479,0.6273108124732971,1.001173494436413,0.0011734943836927414,0.0011734943836927414,0.11734943836927414
Pythia_minus,139,MUR1.0_MUF1.0_PDF26157,pdf,7,1.37,1.52,0.6408894062042236,0.6414006352424622,1.0007976868290995,0.0007976868073455989,0.0007976868073455989,0.0797686807345599
Pythia_minus,139,MUR1.0_MUF1.0_PDF26157,pdf,8,1.52,1.74,0.6314683556556702,0.6326245665550232,1.0018309878697762,0.0018309878651052713,0.0018309878651052713,0.18309878651052713
Pythia_minus,139,MUR1.0_MUF1.0_PDF26157,pdf,9,1.74,1.95,0.5918737053871155,0.5924798846244812,1.0010241699062628,0.0010241699637845159,0.0010241699637845159,0.10241699637845159
Pythia_minus,139,MUR1.0_MUF1.0_PDF26157,pdf,10,1.95,2.18,0.6574898362159729,0.6603020429611206,1.00427718664266,0.004277186468243599,0.004277186468243599,0.4277186468243599
Pythia_minus,139,MUR1.0_MUF1.0_PDF26157,pdf,11,2.18,2.5,0.6256763339042664,0.6293357610702515,1.0058487543282164,0.005848754197359085,0.005848754197359085,0.5848754197359085
Pythia_minus,140,MUR1.0_MUF1.0_PDF26158,pdf,1,0.0,0.21,0.660984456539154,0.6599286198616028,0.9984026300965085,-0.0015973699046298862,0.0015973699046298862,-0.15973699046298862
Pythia_minus,140,MUR1.0_MUF1.0_PDF26158,pdf,2,0.21,0.42,0.6471099853515625,0.645987331867218,0.9982651272430381,-0.0017348728142678738,0.0017348728142678738,-0.17348728142678738
Pythia_minus,140,MUR1.0_MUF1.0_PDF26158,pdf,3,0.42,0.63,0.6394927501678467,0.6386614441871643,0.9987000540968382,-0.0012999458704143763,0.0012999458704143763,-0.12999458704143763
Pythia_minus,140,MUR1.0_MUF1.0_PDF26158,pdf,4,0.63,0.84,0.6380901336669922,0.6377283334732056,0.9994329951605623,-0.000567004841286689,0.000567004841286689,-0.056700484128668904
Pythia_minus,140,MUR1.0_MUF1.0_PDF26158,pdf,5,0.84,1.05,0.6463085412979126,0.6462006568908691,0.9998330759998517,-0.00016692400095053017,0.00016692400095053017,-0.016692400095053017
Pythia_minus,140,MUR1.0_MUF1.0_PDF26158,pdf,6,1.05,1.37,0.6265755295753479,0.6273111701011658,1.0011740652021894,0.0011740651680156589,0.0011740651680156589,0.11740651680156589
Pythia_minus,140,MUR1.0_MUF1.0_PDF26158,pdf,7,1.37,1.52,0.6408894062042236,0.6414008140563965,1.0007979658381339,0.0007979658548720181,0.0007979658548720181,0.07979658548720181
Pythia_minus,140,MUR1.0_MUF1.0_PDF26158,pdf,8,1.52,1.74,0.6314683556556702,0.6326245069503784,1.001830893479227,0.0018308934522792697,0.0018308934522792697,0.18308934522792697
Pythia_minus,140,MUR1.0_MUF1.0_PDF26158,pdf,9,1.74,1.95,0.5918737053871155,0.5924800038337708,1.0010243713162739,0.0010243713622912765,0.0010243713622912765,0.10243713622912765
Pythia_minus,140,MUR1.0_MUF1.0_PDF26158,pdf,10,1.95,2.18,0.6574898362159729,0.6603021621704102,1.004277367952367,0.004277368076145649,0.004277368076145649,0.4277368076145649
Pythia_minus,140,MUR1.0_MUF1.0_PDF26158,pdf,11,2.18,2.5,0.6256763339042664,0.629335343837738,1.0058480874778164,0.00584808737039566,0.00584808737039566,0.584808737039566
Pythia_minus,141,MUR1.0_MUF1.0_PDF26159,pdf,1,0.0,0.21,0.660984456539154,0.659928023815155,0.9984017283408896,-0.0015982716577127576,0.0015982716577127576,-0.15982716577127576
Pythia_minus,141,MUR1.0_MUF1.0_PDF26159,pdf,2,0.21,0.42,0.6471099853515625,0.6459859609603882,0.9982630087363531,-0.0017369912238791585,0.0017369912238791585,-0.17369912238791585
Pythia_minus,141,MUR1.0_MUF1.0_PDF26159,pdf,3,0.42,0.63,0.6394927501678467,0.6386614441871643,0.9987000540968382,-0.0012999458704143763,0.0012999458704143763,-0.12999458704143763
Pythia_minus,141,MUR1.0_MUF1.0_PDF26159,pdf,4,0.63,0.84,0.6380901336669922,0.637728214263916,0.9994328083385394,-0.0005671916878782213,0.0005671916878782213,-0.05671916878782213
Pythia_minus,141,MUR1.0_MUF1.0_PDF26159,pdf,5,0.84,1.05,0.6463085412979126,0.6461991667747498,0.9998307704197391,-0.00016922957729548216,0.00016922957729548216,-0.016922957729548216
Pythia_minus,141,MUR1.0_MUF1.0_PDF26159,pdf,6,1.05,1.37,0.6265755295753479,0.6273126006126404,1.0011763482652953,0.0011763483053073287,0.0011763483053073287,0.11763483053073287
Pythia_minus,141,MUR1.0_MUF1.0_PDF26159,pdf,7,1.37,1.52,0.6408894062042236,0.6414006352424622,1.0007976868290995,0.0007976868073455989,0.0007976868073455989,0.0797686807345599
Pythia_minus,141,MUR1.0_MUF1.0_PDF26159,pdf,8,1.52,1.74,0.6314683556556702,0.6326262950897217,1.0018337251956975,0.001833725138567388,0.001833725138567388,0.1833725138567388
Pythia_minus,141,MUR1.0_MUF1.0_PDF26159,pdf,9,1.74,1.95,0.5918737053871155,0.5924813151359558,1.0010265868263954,0.0010265868622809649,0.0010265868622809649,0.10265868622809649
Pythia_minus,141,MUR1.0_MUF1.0_PDF26159,pdf,10,1.95,2.18,0.6574898362159729,0.660304069519043,1.0042802689076789,0.004280268680304289,0.004280268680304289,0.4280268680304289
Pythia_minus,141,MUR1.0_MUF1.0_PDF26159,pdf,11,2.18,2.5,0.6256763339042664,0.6293361783027649,1.0058494211786162,0.00584942102432251,0.00584942102432251,0.584942102432251
Pythia_minus,142,MUR1.0_MUF1.0_PDF26160,pdf,1,0.0,0.21,0.660984456539154,0.6599275469779968,0.9984010069363944,-0.001598993083462119,0.001598993083462119,-0.1598993083462119
Pythia_minus,142,MUR1.0_MUF1.0_PDF26160,pdf,2,0.21,0.42,0.6471099853515625,0.645987868309021,0.9982659562239148,-0.0017340438207611442,0.0017340438207611442,-0.17340438207611442
Pythia_minus,142,MUR1.0_MUF1.0_PDF26160,pdf,3,0.42,0.63,0.6394927501678467,0.6386593580245972,0.998696791882268,-0.0013032080605626106,0.0013032080605626106,-0.13032080605626106
Pythia_minus,142,MUR1.0_MUF1.0_PDF26160,pdf,4,0.63,0.84,0.6380901336669922,0.6377280354499817,0.9994325281055051,-0.0005674718995578587,0.0005674718995578587,-0.05674718995578587
Pythia_minus,142,MUR1.0_MUF1.0_PDF26160,pdf,5,0.84,1.05,0.6463085412979126,0.6461994647979736,0.9998312315357617,-0.0001687684707576409,0.0001687684707576409,-0.01687684707576409
Pythia_minus,142,MUR1.0_MUF1.0_PDF26160,pdf,6,1.05,1.37,0.6265755295753479,0.6273112893104553,1.0011742554574483,0.001174255507066846,0.001174255507066846,0.11742555070668459
Pythia_minus,142,MUR1.0_MUF1.0_PDF26160,pdf,7,1.37,1.52,0.6408894062042236,0.6414022445678711,1.0008001979104084,0.0008001978858374059,0.0008001978858374059,0.08001978858374059
Pythia_minus,142,MUR1.0_MUF1.0_PDF26160,pdf,8,1.52,1.74,0.6314683556556702,0.6326265931129456,1.0018341971484426,0.0018341972026973963,0.0018341972026973963,0.18341972026973963
Pythia_minus,142,MUR1.0_MUF1.0_PDF26160,pdf,9,1.74,1.95,0.5918737053871155,0.5924820899963379,1.0010278959914676,0.0010278959525749087,0.0010278959525749087,0.10278959525749087
Pythia_minus,142,MUR1.0_MUF1.0_PDF26160,pdf,10,1.95,2.18,0.6574898362159729,0.6603028774261475,1.004278455810609,0.0042784558609128,0.0042784558609128,0.42784558609128
Pythia_minus,142,MUR1.0_MUF1.0_PDF26160,pdf,11,2.18,2.5,0.6256763339042664,0.6293352842330933,1.0058479922134738,0.00584799237549305,0.00584799237549305,0.584799237549305
Pythia_minus,143,MUR1.0_MUF1.0_PDF26161,pdf,1,0.0,0.21,0.660984456539154,0.6599271893501282,0.998400465883023,-0.0015995340654626489,0.0015995340654626489,-0.1599534065462649
Pythia_minus,143,MUR1.0_MUF1.0_PDF26161,pdf,2,0.21,0.42,0.6471099853515625,0.6459878087043762,0.9982658641149285,-0.0017341359052807093,0.0017341359052807093,-0.17341359052807093
Pythia_minus,143,MUR1.0_MUF1.0_PDF26161,pdf,3,0.42,0.63,0.6394927501678467,0.6386620402336121,0.998700986158144,-0.0012990138493478298,0.0012990138493478298,-0.12990138493478298
Pythia_minus,143,MUR1.0_MUF1.0_PDF26161,pdf,4,0.63,0.84,0.6380901336669922,0.6377296447753906,0.999435050202814,-0.0005649498198181391,0.0005649498198181391,-0.05649498198181391
Pythia_minus,143,MUR1.0_MUF1.0_PDF26161,pdf,5,0.84,1.05,0.6463085412979126,0.6462007164955139,0.9998331682230562,-0.00016683177091181278,0.00016683177091181278,-0.016683177091181278
Pythia_minus,143,MUR1.0_MUF1.0_PDF26161,pdf,6,1.05,1.37,0.6265755295753479,0.6273109912872314,1.0011737798193012,0.001173779834061861,0.001173779834061861,0.1173779834061861
Pythia_minus,143,MUR1.0_MUF1.0_PDF26161,pdf,7,1.37,1.52,0.6408894062042236,0.6414008140563965,1.0007979658381339,0.0007979658548720181,0.0007979658548720181,0.07979658548720181
Pythia_minus,143,MUR1.0_MUF1.0_PDF26161,pdf,8,1.52,1.74,0.6314683556556702,0.6326250433921814,1.0018317429941683,0.0018317430512979627,0.0018317430512979627,0.18317430512979627
Pythia_minus,143,MUR1.0_MUF1.0_PDF26161,pdf,9,1.74,1.95,0.5918737053871155,0.5924798846244812,1.0010241699062628,0.0010241699637845159,0.0010241699637845159,0.10241699637845159
Pythia_minus,143,MUR1.0_MUF1.0_PDF26161,pdf,10,1.95,2.18,0.6574898362159729,0.6603018045425415,1.004276824023246,0.0042768241837620735,0.0042768241837620735,0.42768241837620735
Pythia_minus,143,MUR1.0_MUF1.0_PDF26161,pdf,11,2.18,2.5,0.6256763339042664,0.6293351054191589,1.0058477064204452,0.005847706459462643,0.005847706459462643,0.5847706459462643
Pythia_minus,144,MUR1.0_MUF1.0_PDF26162,pdf,1,0.0,0.21,0.660984456539154,0.6599270701408386,0.9984002855318992,-0.0015997145092114806,0.0015997145092114806,-0.15997145092114806
Pythia_minus,144,MUR1.0_MUF1.0_PDF26162,pdf,2,0.21,0.42,0.6471099853515625,0.6459862589836121,0.9982634692812846,-0.0017365306848660111,0.0017365306848660111,-0.17365306848660111
Pythia_minus,144,MUR1.0_MUF1.0_PDF26162,pdf,3,0.42,0.63,0.6394927501678467,0.6386615037918091,0.9987001473029687,-0.0012998527381569147,0.0012998527381569147,-0.12998527381569147
Pythia_minus,144,MUR1.0_MUF1.0_PDF26162,pdf,4,0.63,0.84,0.6380901336669922,0.6377285718917847,0.9994333688046081,-0.0005666312063112855,0.0005666312063112855,-0.05666312063112855
Pythia_minus,144,MUR1.0_MUF1.0_PDF26162,pdf,5,0.84,1.05,0.6463085412979126,0.6462002992630005,0.9998325226606247,-0.00016747733752708882,0.00016747733752708882,-0.016747733752708882
Pythia_minus,144,MUR1.0_MUF1.0_PDF26162,pdf,6,1.05,1.37,0.6265755295753479,0.6273131370544434,1.00117720441396,0.001177204423584044,0.001177204423584044,0.1177204423584044
Pythia_minus,144,MUR1.0_MUF1.0_PDF26162,pdf,7,1.37,1.52,0.6408894062042236,0.6414006352424622,1.0007976868290995,0.0007976868073455989,0.0007976868073455989,0.0797686807345599
Pythia_minus,144,MUR1.0_MUF1.0_PDF26162,pdf,8,1.52,1.74,0.6314683556556702,0.6326256990432739,1.0018327812902075,0.0018327812431380153,0.0018327812431380153,0.18327812431380153
Pythia_minus,144,MUR1.0_MUF1.0_PDF26162,pdf,9,1.74,1.95,0.5918737053871155,0.592480480670929,1.001025176956318,0.0010251769563183188,0.0010251769563183188,0.10251769563183188
Pythia_minus,144,MUR1.0_MUF1.0_PDF26162,pdf,10,1.95,2.18,0.6574898362159729,0.6603027582168579,1.004278274500902,0.004278274718672037,0.004278274718672037,0.4278274718672037
Pythia_minus,144,MUR1.0_MUF1.0_PDF26162,pdf,11,2.18,2.5,0.6256763339042664,0.6293358206748962,1.0058488495925593,0.005848849657922983,0.005848849657922983,0.5848849657922983
Pythia_minus,145,MUR1.0_MUF1.0_PDF26200,pdf,1,0.0,0.21,0.660984456539154,0.6599282026290894,0.9984019988675753,-0.0015980011085048318,0.0015980011085048318,-0.15980011085048318
Pythia_minus,145,MUR1.0_MUF1.0_PDF26200,pdf,2,0.21,0.42,0.6471099853515625,0.6459855437278748,0.998262363973449,-0.0017376360483467579,0.0017376360483467579,-0.1737636048346758
Pythia_minus,145,MUR1.0_MUF1.0_PDF26200,pdf,3,0.42,0.63,0.6394927501678467,0.6386609077453613,0.9986992152416629,-0.0013007847592234612,0.0013007847592234612,-0.13007847592234612
Pythia_minus,145,MUR1.0_MUF1.0_PDF26200,pdf,4,0.63,0.84,0.6380901336669922,0.6377294063568115,0.9994346765587683,-0.0005653234547935426,0.0005653234547935426,-0.05653234547935426
Pythia_minus,145,MUR1.0_MUF1.0_PDF26200,pdf,5,0.84,1.05,0.6463085412979126,0.6462007761001587,0.9998332604462608,-0.00016673955542501062,0.00016673955542501062,-0.016673955542501062
Pythia_minus,145,MUR1.0_MUF1.0_PDF26200,pdf,6,1.05,1.37,0.6265755295753479,0.6273126006126404,1.0011763482652953,0.0011763483053073287,0.0011763483053073287,0.11763483053073287
Pythia_minus,145,MUR1.0_MUF1.0_PDF26200,pdf,7,1.37,1.52,0.6408894062042236,0.6414029002189636,1.0008012209435342,0.000801220943685621,0.000801220943685621,0.0801220943685621
Pythia_minus,145,MUR1.0_MUF1.0_PDF26200,pdf,8,1.52,1.74,0.6314683556556702,0.6326261162757874,1.0018334420240504,0.001833442016504705,0.001833442016504705,0.1833442016504705
Pythia_minus,145,MUR1.0_MUF1.0_PDF26200,pdf,9,1.74,1.95,0.5918737053871155,0.5924816131591797,1.0010270903514231,0.0010270903585478663,0.0010270903585478663,0.10270903585478663
Pythia_minus,145,MUR1.0_MUF1.0_PDF26200,pdf,10,1.95,2.18,0.6574898362159729,0.6603017449378967,1.0042767333683926,0.0042767333798110485,0.0042767333798110485,0.42767333798110485
Pythia_minus,145,MUR1.0_MUF1.0_PDF26200,pdf,11,2.18,2.5,0.6256763339042664,0.629332423210144,1.0058434195250177,0.005843419581651688,0.005843419581651688,0.5843419581651688
Pythia_minus,146,MUR1.0_MUF1.0_PDF13314,pdf,1,0.0,0.21,0.660984456539154,0.6609616875648499,0.9999655529353543,-3.4447064535925165e-05,3.4447064535925165e-05,-0.0034447064535925165
Pythia_minus,146,MUR1.0_MUF1.0_PDF13314,pdf,2,0.21,0.42,0.6471099853515625,0.6470823884010315,0.9999573535393431,-4.26464612246491e-05,4.26464612246491e-05,-0.00426464612246491
Pythia_minus,146,MUR1.0_MUF1.0_PDF13314,pdf,3,0.42,0.63,0.6394927501678467,0.6394691467285156,0.9999630903722914,-3.6909626942360774e-05,3.6909626942360774e-05,-0.0036909626942360774
Pythia_minus,146,MUR1.0_MUF1.0_PDF13314,pdf,4,0.63,0.84,0.6380901336669922,0.6380632519721985,0.9999578716338408,-4.212836574879475e-05,4.212836574879475e-05,-0.004212836574879475
Pythia_minus,146,MUR1.0_MUF1.0_PDF13314,pdf,5,0.84,1.05,0.6463085412979126,0.6462783813476562,0.9999533350585221,-4.6664939873153344e-05,4.6664939873153344e-05,-0.004666493987315334
Pythia_minus,146,MUR1.0_MUF1.0_PDF13314,pdf,6,1.05,1.37,0.6265755295753479,0.6265317797660828,0.9999301763200124,-6.982368358876556e-05,6.982368358876556e-05,-0.006982368358876556
Pythia_minus,146,MUR1.0_MUF1.0_PDF13314,pdf,7,1.37,1.52,0.6408894062042236,0.6408606767654419,0.9999551725484871,-4.4827451347373426e-05,4.4827451347373426e-05,-0.004482745134737343
Pythia_minus,146,MUR1.0_MUF1.0_PDF13314,pdf,8,1.52,1.74,0.6314683556556702,0.6314368844032288,0.9999501617901205,-4.9838210543384776e-05,4.9838210543384776e-05,-0.0049838210543384776
Pythia_minus,146,MUR1.0_MUF1.0_PDF13314,pdf,9,1.74,1.95,0.5918737053871155,0.5918499231338501,0.9999598187027926,-4.018129766336642e-05,4.018129766336642e-05,-0.004018129766336642
Pythia_minus,146,MUR1.0_MUF1.0_PDF13314,pdf,10,1.95,2.18,0.6574898362159729,0.6574473977088928,0.9999354537443129,-6.454625690821558e-05,6.454625690821558e-05,-0.006454625690821558
Pythia_minus,146,MUR1.0_MUF1.0_PDF13314,pdf,11,2.18,2.5,0.6256763339042664,0.6256515383720398,0.9999603700333816,-3.962996561313048e-05,3.962996561313048e-05,-0.003962996561313048
Pythia_minus,147,MUR1.0_MUF1.0_PDF26201,pdf,1,0.0,0.21,0.660984456539154,0.6598957180976868,0.9983528531863399,-0.001647146767936647,0.001647146767936647,-0.1647146767936647
Pythia_minus,147,MUR1.0_MUF1.0_PDF26201,pdf,2,0.21,0.42,0.6471099853515625,0.6459420323371887,0.9981951244134499,-0.0018048755591735244,0.0018048755591735244,-0.18048755591735244
Pythia_minus,147,MUR1.0_MUF1.0_PDF26201,pdf,3,0.42,0.63,0.6394927501678467,0.6386309862136841,0.9986524257641132,-0.001347574288956821,0.001347574288956821,-0.1347574288956821
Pythia_minus,147,MUR1.0_MUF1.0_PDF26201,pdf,4,0.63,0.84,0.6380901336669922,0.6377122402191162,0.9994077741874736,-0.0005922258133068681,0.0005922258133068681,-0.05922258133068681
Pythia_minus,147,MUR1.0_MUF1.0_PDF26201,pdf,5,0.84,1.05,0.6463085412979126,0.6461722254753113,0.9997890855313043,-0.00021091446978971362,0.00021091446978971362,-0.021091446978971362
Pythia_minus,147,MUR1.0_MUF1.0_PDF26201,pdf,6,1.05,1.37,0.6265755295753479,0.6272900104522705,1.0011402948937487,0.0011402949457988143,0.0011402949457988143,0.11402949457988143
Pythia_minus,147,MUR1.0_MUF1.0_PDF26201,pdf,7,1.37,1.52,0.6408894062042236,0.6413978338241577,1.000793315687562,0.0007933157030493021,0.0007933157030493021,0.07933157030493021
Pythia_minus,147,MUR1.0_MUF1.0_PDF26201,pdf,8,1.52,1.74,0.6314683556556702,0.6326643228530884,1.0018939463659686,0.0018939463188871741,0.0018939463188871741,0.1893946318887174
Pythia_minus,147,MUR1.0_MUF1.0_PDF26201,pdf,9,1.74,1.95,0.5918737053871155,0.5925140380859375,1.0010818738744327,0.0010818738956004381,0.0010818738956004381,0.10818738956004381
Pythia_minus,147,MUR1.0_MUF1.0_PDF26201,pdf,10,1.95,2.18,0.6574898362159729,0.6603701710700989,1.0043808051402028,0.00438080495223403,0.00438080495223403,0.438080495223403
Pythia_minus,147,MUR1.0_MUF1.0_PDF26201,pdf,11,2.18,2.5,0.6256763339042664,0.6294627785682678,1.006051762642793,0.006051762495189905,0.006051762495189905,0.6051762495189905
Pythia_minus,148,MUR1.0_MUF1.0_PDF26202,pdf,1,0.0,0.21,0.660984456539154,0.6599614024162292,0.9984522266555534,-0.0015477733686566353,0.0015477733686566353,-0.15477733686566353
Pythia_minus,148,MUR1.0_MUF1.0_PDF26202,pdf,2,0.21,0.42,0.6471099853515625,0.64603191614151,0.9983340247647905,-0.0016659752000123262,0.0016659752000123262,-0.16659752000123262
Pythia_minus,148,MUR1.0_MUF1.0_PDF26202,pdf,3,0.42,0.63,0.6394927501678467,0.6386891007423401,0.9987433017414261,-0.001256698276847601,0.001256698276847601,-0.1256698276847601
Pythia_minus,148,MUR1.0_MUF1.0_PDF26202,pdf,4,0.63,0.84,0.6380901336669922,0.637748122215271,0.9994640076163602,-0.0005359923816286027,0.0005359923816286027,-0.053599238162860274
Pythia_minus,148,MUR1.0_MUF1.0_PDF26202,pdf,5,0.84,1.05,0.6463085412979126,0.6462259888648987,0.999872270861765,-0.00012772914487868547,0.00012772914487868547,-0.012772914487868547
Pythia_minus,148,MUR1.0_MUF1.0_PDF26202,pdf,6,1.05,1.37,0.6265755295753479,0.6273413896560669,1.001222294910301,0.0012222948716953397,0.0012222948716953397,0.12222948716953397
Pythia_minus,148,MUR1.0_MUF1.0_PDF26202,pdf,7,1.37,1.52,0.6408894062042236,0.6414080262184143,1.0008092192025178,0.0008092192001640797,0.0008092192001640797,0.08092192001640797
Pythia_minus,148,MUR1.0_MUF1.0_PDF26202,pdf,8,1.52,1.74,0.6314683556556702,0.6325864195823669,1.0017705779184072,0.0017705779755488038,0.0017705779755488038,0.17705779755488038
Pythia_minus,148,MUR1.0_MUF1.0_PDF26202,pdf,9,1.74,1.95,0.5918737053871155,0.5924459099769592,1.0009667680531094,0.0009667680715210736,0.0009667680715210736,0.09667680715210736
Pythia_minus,148,MUR1.0_MUF1.0_PDF26202,pdf,10,1.95,2.18,0.6574898362159729,0.6602314114570618,1.0041697606412707,0.00416976073756814,0.00416976073756814,0.416976073756814
Pythia_minus,148,MUR1.0_MUF1.0_PDF26202,pdf,11,2.18,2.5,0.6256763339042664,0.6291989088058472,1.0056300273970724,0.005630027502775192,0.005630027502775192,0.5630027502775192
Pythia_minus,149,MUR1.0_MUF1.0_PDF26203,pdf,1,0.0,0.21,0.660984456539154,0.6598932147026062,0.9983490658127402,-0.0016509342240169644,0.0016509342240169644,-0.16509342240169644
Pythia_minus,149,MUR1.0_MUF1.0_PDF26203,pdf,2,0.21,0.42,0.6471099853515625,0.6459156274795532,0.998154320132519,-0.001845679827965796,0.001845679827965796,-0.1845679827965796
Pythia_minus,149,MUR1.0_MUF1.0_PDF26203,pdf,3,0.42,0.63,0.6394927501678467,0.6386235952377319,0.9986408682039216,-0.0013591317692771554,0.0013591317692771554,-0.13591317692771554
Pythia_minus,149,MUR1.0_MUF1.0_PDF26203,pdf,4,0.63,0.84,0.6380901336669922,0.6376974582672119,0.9993846082566367,-0.0006153917638584971,0.0006153917638584971,-0.061539176385849714
Pythia_minus,149,MUR1.0_MUF1.0_PDF26203,pdf,5,0.84,1.05,0.6463085412979126,0.6461309194564819,0.9997251748505845,-0.0002748251426964998,0.0002748251426964998,-0.027482514269649982
Pythia_minus,149,MUR1.0_MUF1.0_PDF26203,pdf,6,1.05,1.37,0.6265755295753479,0.6272038817405701,1.00100283546925,0.0010028354590758681,0.0010028354590758681,0.10028354590758681
Pythia_minus,149,MUR1.0_MUF1.0_PDF26203,pdf,7,1.37,1.52,0.6408894062042236,0.6413663029670715,1.0007441170945115,0.0007441170746460557,0.0007441170746460557,0.07441170746460557
Pythia_minus,149,MUR1.0_MUF1.0_PDF26203,pdf,8,1.52,1.74,0.6314683556556702,0.6326479911804199,1.0018680833555387,0.0018680833745747805,0.0018680833745747805,0.18680833745747805
Pythia_minus,149,MUR1.0_MUF1.0_PDF26203,pdf,9,1.74,1.95,0.5918737053871155,0.5924970507621765,1.001053172947856,0.0010531729785725474,0.0010531729785725474,0.10531729785725474
Pythia_minus,149,MUR1.0_MUF1.0_PDF26203,pdf,10,1.95,2.18,0.6574898362159729,0.6603586077690125,1.004363218098625,0.004363218322396278,0.004363218322396278,0.43632183223962784
Pythia_minus,149,MUR1.0_MUF1.0_PDF26203,pdf,11,2.18,2.5,0.6256763339042664,0.6295684576034546,1.0062206663226354,0.006220666225999594,0.006220666225999594,0.6220666225999594
Pythia_minus,150,MUR1.0_MUF1.0_PDF26204,pdf,1,0.0,0.21,0.660984456539154,0.659946084022522,0.9984290515361453,-0.0015709485160186887,0.0015709485160186887,-0.15709485160186887
Pythia_minus,150,MUR1.0_MUF1.0_PDF26204,pdf,2,0.21,0.42,0.6471099853515625,0.6460236310958862,0.9983212216156948,-0.0016787784406915307,0.0016787784406915307,-0.16787784406915307
Pythia_minus,150,MUR1.0_MUF1.0_PDF26204,pdf,3,0.42,0.63,0.6394927501678467,0.6386813521385193,0.998731184944451,-0.001268815016373992,0.001268815016373992,-0.1268815016373992
Pythia_minus,150,MUR1.0_MUF1.0_PDF26204,pdf,4,0.63,0.84,0.6380901336669922,0.637749433517456,0.9994660626586119,-0.0005339373601600528,0.0005339373601600528,-0.05339373601600528
Pythia_minus,150,MUR1.0_MUF1.0_PDF26204,pdf,5,0.84,1.05,0.6463085412979126,0.6462364792823792,0.9998885021457573,-0.00011149785132147372,0.00011149785132147372,-0.011149785132147372
Pythia_minus,150,MUR1.0_MUF1.0_PDF26204,pdf,6,1.05,1.37,0.6265755295753479,0.6273759007453918,1.0012773738077299,0.0012773737544193864,0.0012773737544193864,0.12773737544193864
Pythia_minus,150,MUR1.0_MUF1.0_PDF26204,pdf,7,1.37,1.52,0.6408894062042236,0.6414209008216858,1.0008293078529882,0.0008293078280985355,0.0008293078280985355,0.08293078280985355
Pythia_minus,150,MUR1.0_MUF1.0_PDF26204,pdf,8,1.52,1.74,0.6314683556556702,0.6326138973236084,1.0018140919615026,0.0018140919273719192,0.0018140919273719192,0.18140919273719192
Pythia_minus,150,MUR1.0_MUF1.0_PDF26204,pdf,9,1.74,1.95,0.5918737053871155,0.5924729108810425,1.0010123874206156,0.00101238745264709,0.00101238745264709,0.101238745264709
Pythia_minus,150,MUR1.0_MUF1.0_PDF26204,pdf,10,1.95,2.18,0.6574898362159729,0.6602696776390076,1.0042279610572133,0.0042279609479010105,0.0042279609479010105,0.42279609479010105
Pythia_minus,150,MUR1.0_MUF1.0_PDF26204,pdf,11,2.18,2.5,0.6256763339042664,0.6292030811309814,1.0056366959010707,0.005636695772409439,0.005636695772409439,0.5636695772409439
Pythia_minus,151,MUR1.0_MUF1.0_PDF26205,pdf,1,0.0,0.21,0.660984456539154,0.6599155068397522,0.9983827914728907,-0.0016172084724530578,0.0016172084724530578,-0.16172084724530578
Pythia_minus,151,MUR1.0_MUF1.0_PDF26205,pdf,2,0.21,0.42,0.6471099853515625,0.6459577083587646,0.9982193490768468,-0.0017806509276852012,0.0017806509276852012,-0.17806509276852012
Pythia_minus,151,MUR1.0_MUF1.0_PDF26205,pdf,3,0.42,0.63,0.6394927501678467,0.6386372447013855,0.9986622124078238,-0.001337787602096796,0.001337787602096796,-0.1337787602096796
Pythia_minus,151,MUR1.0_MUF1.0_PDF26205,pdf,4,0.63,0.84,0.6380901336669922,0.6377063989639282,0.9993986199083525,-0.0006013800739310682,0.0006013800739310682,-0.06013800739310682
Pythia_minus,151,MUR1.0_MUF1.0_PDF26205,pdf,5,0.84,1.05,0.6463085412979126,0.646162748336792,0.9997744220417886,-0.00022557795455213636,0.00022557795455213636,-0.022557795455213636
Pythia_minus,151,MUR1.0_MUF1.0_PDF26205,pdf,6,1.05,1.37,0.6265755295753479,0.6272599697113037,1.0010923505685254,0.0010923505760729313,0.0010923505760729313,0.10923505760729313
Pythia_minus,151,MUR1.0_MUF1.0_PDF26205,pdf,7,1.37,1.52,0.6408894062042236,0.6413853764533997,1.0007738780581714,0.0007738780695945024,0.0007738780695945024,0.07738780695945024
Pythia_minus,151,MUR1.0_MUF1.0_PDF26205,pdf,8,1.52,1.74,0.6314683556556702,0.6325913667678833,1.0017784123339752,0.001778412377461791,0.001778412377461791,0.1778412377461791
Pythia_minus,151,MUR1.0_MUF1.0_PDF26205,pdf,9,1.74,1.95,0.5918737053871155,0.5924411416053772,1.0009587116526668,0.0009587116655893624,0.0009587116655893624,0.09587116655893624
Pythia_minus,151,MUR1.0_MUF1.0_PDF26205,pdf,10,1.95,2.18,0.6574898362159729,0.6602497100830078,1.004197591681293,0.004197591450065374,0.004197591450065374,0.41975914500653744
Pythia_minus,151,MUR1.0_MUF1.0_PDF26205,pdf,11,2.18,2.5,0.6256763339042664,0.6293386220932007,1.0058533270166723,0.005853326991200447,0.005853326991200447,0.5853326991200447
Pythia_minus,152,MUR1.0_MUF1.0_PDF26206,pdf,1,0.0,0.21,0.660984456539154,0.6599471569061279,0.9984306746962593,-0.0015693253371864557,0.0015693253371864557,-0.15693253371864557
Pythia_minus,152,MUR1.0_MUF1.0_PDF26206,pdf,2,0.21,0.42,0.6471099853515625,0.6460281610488892,0.9983282218986536,-0.0016717781545594335,0.0016717781545594335,-0.16717781545594335
Pythia_minus,152,MUR1.0_MUF1.0_PDF26206,pdf,3,0.42,0.63,0.6394927501678467,0.6386922001838684,0.9987481484602161,-0.0012518515577539802,0.0012518515577539802,-0.12518515577539802
Pythia_minus,152,MUR1.0_MUF1.0_PDF26206,pdf,4,0.63,0.84,0.6380901336669922,0.6377613544464111,0.9994847448608998,-0.0005152551457285881,0.0005152551457285881,-0.05152551457285881
Pythia_minus,152,MUR1.0_MUF1.0_PDF26206,pdf,5,0.84,1.05,0.6463085412979126,0.6462540030479431,0.9999156157678808,-8.438423537882045e-05,8.438423537882045e-05,-0.008438423537882045
Pythia_minus,152,MUR1.0_MUF1.0_PDF26206,pdf,6,1.05,1.37,0.6265755295753479,0.6273900270462036,1.0012999190559002,0.001299919094890356,0.001299919094890356,0.1299919094890356
Pythia_minus,152,MUR1.0_MUF1.0_PDF26206,pdf,7,1.37,1.52,0.6408894062042236,0.6414246559143066,1.000835167042709,0.0008351670694537461,0.0008351670694537461,0.08351670694537461
Pythia_minus,152,MUR1.0_MUF1.0_PDF26206,pdf,8,1.52,1.74,0.6314683556556702,0.6326725482940674,1.0019069722617326,0.0019069722620770335,0.0019069722620770335,0.19069722620770335
Pythia_minus,152,MUR1.0_MUF1.0_PDF26206,pdf,9,1.74,1.95,0.5918737053871155,0.5925346612930298,1.001116717806347,0.0011167178163304925,0.0011167178163304925,0.11167178163304925
Pythia_minus,152,MUR1.0_MUF1.0_PDF26206,pdf,10,1.95,2.18,0.6574898362159729,0.6603726744651794,1.0043846126440494,0.004384612664580345,0.004384612664580345,0.4384612664580345
Pythia_minus,152,MUR1.0_MUF1.0_PDF26206,pdf,11,2.18,2.5,0.6256763339042664,0.6293249726295471,1.0058315114821637,0.005831511691212654,0.005831511691212654,0.5831511691212654
Pythia_minus,153,MUR1.0_MUF1.0_PDF26207,pdf,1,0.0,0.21,0.660984456539154,0.6599265336990356,0.9983994739518421,-0.0016005260404199362,0.0016005260404199362,-0.16005260404199362
Pythia_minus,153,MUR1.0_MUF1.0_PDF26207,pdf,2,0.21,0.42,0.6471099853515625,0.6459981799125671,0.9982818910785447,-0.0017181088915094733,0.0017181088915094733,-0.17181088915094733
Pythia_minus,153,MUR1.0_MUF1.0_PDF26207,pdf,3,0.42,0.63,0.6394927501678467,0.6386590003967285,0.9986962326454846,-0.0013037673197686672,0.0013037673197686672,-0.13037673197686672
Pythia_minus,153,MUR1.0_MUF1.0_PDF26207,pdf,4,0.63,0.84,0.6380901336669922,0.6377308964729309,0.9994370118340542,-0.0005629881634376943,0.0005629881634376943,-0.05629881634376943
Pythia_minus,153,MUR1.0_MUF1.0_PDF26207,pdf,5,0.84,1.05,0.6463085412979126,0.646218478679657,0.9998606507379978,-0.0001393492566421628,0.0001393492566421628,-0.01393492566421628
Pythia_minus,153,MUR1.0_MUF1.0_PDF26207,pdf,6,1.05,1.37,0.6265755295753479,0.6273532509803772,1.0012412253085536,0.0012412252835929394,0.0012412252835929394,0.12412252835929394
Pythia_minus,153,MUR1.0_MUF1.0_PDF26207,pdf,7,1.37,1.52,0.6408894062042236,0.6414167881011963,1.000822890645199,0.0008228906663134694,0.0008228906663134694,0.08228906663134694
Pythia_minus,153,MUR1.0_MUF1.0_PDF26207,pdf,8,1.52,1.74,0.6314683556556702,0.6326265931129456,1.0018341971484426,0.0018341972026973963,0.0018341972026973963,0.18341972026973963
Pythia_minus,153,MUR1.0_MUF1.0_PDF26207,pdf,9,1.74,1.95,0.5918737053871155,0.5924964547157288,1.0010521658978007,0.0010521658696234226,0.0010521658696234226,0.10521658696234226
Pythia_minus,153,MUR1.0_MUF1.0_PDF26207,pdf,10,1.95,2.18,0.6574898362159729,0.6602888703346252,1.004257151920038,0.004257151857018471,0.004257151857018471,0.4257151857018471
Pythia_minus,153,MUR1.0_MUF1.0_PDF26207,pdf,11,2.18,2.5,0.6256763339042664,0.6292492151260376,1.0057104305024231,0.005710430443286896,0.005710430443286896,0.5710430443286896
Pythia_minus,154,MUR1.0_MUF1.0_PDF26208,pdf,1,0.0,0.21,0.660984456539154,0.659930944442749,0.9984061469434227,-0.0015938531141728163,0.0015938531141728163,-0.15938531141728163
Pythia_minus,154,MUR1.0_MUF1.0_PDF26208,pdf,2,0.21,0.42,0.6471099853515625,0.645973801612854,0.9982442185031479,-0.0017557814717292786,0.0017557814717292786,-0.17557814717292786
Pythia_minus,154,MUR1.0_MUF1.0_PDF26208,pdf,3,0.42,0.63,0.6394927501678467,0.6386576294898987,0.9986940889044812,-0.0013059111079201102,0.0013059111079201102,-0.13059111079201102
Pythia_minus,154,MUR1.0_MUF1.0_PDF26208,pdf,4,0.63,0.84,0.6380901336669922,0.6377275586128235,0.9994317808174136,-0.0005682191695086658,0.0005682191695086658,-0.05682191695086658
Pythia_minus,154,MUR1.0_MUF1.0_PDF26208,pdf,5,0.84,1.05,0.6463085412979126,0.6461806893348694,0.9998021812263436,-0.00019781877927016467,0.00019781877927016467,-0.019781877927016467
Pythia_minus,154,MUR1.0_MUF1.0_PDF26208,pdf,6,1.05,1.37,0.6265755295753479,0.6272791028022766,1.0011228865375663,0.00112288654781878,0.00112288654781878,0.112288654781878
Pythia_minus,154,MUR1.0_MUF1.0_PDF26208,pdf,7,1.37,1.52,0.6408894062042236,0.6413902640342712,1.0007815043051094,0.0007815043209120631,0.0007815043209120631,0.07815043209120631
Pythia_minus,154,MUR1.0_MUF1.0_PDF26208,pdf,8,1.52,1.74,0.6314683556556702,0.6326274275779724,1.0018355186161287,0.0018355186330154538,0.0018355186330154538,0.18355186330154538
Pythia_minus,154,MUR1.0_MUF1.0_PDF26208,pdf,9,1.74,1.95,0.5918737053871155,0.5924702882766724,1.001007956400372,0.0010079564526677132,0.0010079564526677132,0.10079564526677132
Pythia_minus,154,MUR1.0_MUF1.0_PDF26208,pdf,10,1.95,2.18,0.6574898362159729,0.6603127717971802,1.0042935045162888,0.004293504636734724,0.004293504636734724,0.4293504636734724
Pythia_minus,154,MUR1.0_MUF1.0_PDF26208,pdf,11,2.18,2.5,0.6256763339042664,0.6294086575508118,1.0059652626195008,0.0059652626514434814,0.0059652626514434814,0.5965262651443481
Pythia_minus,155,MUR1.0_MUF1.0_PDF26209,pdf,1,0.0,0.21,0.660984456539154,0.6599130034446716,0.9983790040992909,-0.0016209959285333753,0.0016209959285333753,-0.16209959285333753
Pythia_minus,155,MUR1.0_MUF1.0_PDF26209,pdf,2,0.21,0.42,0.6471099853515625,0.6459664106369019,0.9982327969888467,-0.0017672029789537191,0.0017672029789537191,-0.17672029789537191
Pythia_minus,155,MUR1.0_MUF1.0_PDF26209,pdf,3,0.42,0.63,0.6394927501678467,0.6386592388153076,0.9986966054700068,-0.0013033945579081774,0.0013033945579081774,-0.13033945579081774
Pythia_minus,155,MUR1.0_MUF1.0_PDF26209,pdf,4,0.63,0.84,0.6380901336669922,0.6377305388450623,0.9994364513679855,-0.0005635486450046301,0.0005635486450046301,-0.05635486450046301
Pythia_minus,155,MUR1.0_MUF1.0_PDF26209,pdf,5,0.84,1.05,0.6463085412979126,0.646185040473938,0.9998089135202722,-0.00019108648120891303,0.00019108648120891303,-0.019108648120891303
Pythia_minus,155,MUR1.0_MUF1.0_PDF26209,pdf,6,1.05,1.37,0.6265755295753479,0.6272982358932495,1.0011534225066074,0.0011534225195646286,0.0011534225195646286,0.11534225195646286
Pythia_minus,155,MUR1.0_MUF1.0_PDF26209,pdf,7,1.37,1.52,0.6408894062042236,0.6413882970809937,1.000778435205732,0.0007784352055750787,0.0007784352055750787,0.07784352055750787
Pythia_minus,155,MUR1.0_MUF1.0_PDF26209,pdf,8,1.52,1.74,0.6314683556556702,0.6326727867126465,1.0019073498239286,0.0019073497969657183,0.0019073497969657183,0.19073497969657183
Pythia_minus,155,MUR1.0_MUF1.0_PDF26209,pdf,9,1.74,1.95,0.5918737053871155,0.5924718379974365,1.001010574730516,0.0010105747496709228,0.0010105747496709228,0.10105747496709228
Pythia_minus,155,MUR1.0_MUF1.0_PDF26209,pdf,10,1.95,2.18,0.6574898362159729,0.6603940725326538,1.0044171577364536,0.004417157731950283,0.004417157731950283,0.4417157731950283
Pythia_minus,155,MUR1.0_MUF1.0_PDF26209,pdf,11,2.18,2.5,0.6256763339042664,0.6295450925827026,1.006183322700245,0.00618332251906395,0.00618332251906395,0.618332251906395
Pythia_minus,156,MUR1.0_MUF1.0_PDF26210,pdf,1,0.0,0.21,0.660984456539154,0.6599400043487549,0.9984198536288315,-0.001580146374180913,0.001580146374180913,-0.1580146374180913
Pythia_minus,156,MUR1.0_MUF1.0_PDF26210,pdf,2,0.21,0.42,0.6471099853515625,0.6460029482841492,0.9982892597974486,-0.0017107401508837938,0.0017107401508837938,-0.17107401508837938
Pythia_minus,156,MUR1.0_MUF1.0_PDF26210,pdf,3,0.42,0.63,0.6394927501678467,0.6386616230010986,0.9987003337152299,-0.001299666240811348,0.001299666240811348,-0.1299666240811348
Pythia_minus,156,MUR1.0_MUF1.0_PDF26210,pdf,4,0.63,0.84,0.6380901336669922,0.6377292275428772,0.9994343963257339,-0.0005656036664731801,0.0005656036664731801,-0.056560366647318006
Pythia_minus,156,MUR1.0_MUF1.0_PDF26210,pdf,5,0.84,1.05,0.6463085412979126,0.6462138295173645,0.9998534573280466,-0.00014654267579317093,0.00014654267579317093,-0.014654267579317093
Pythia_minus,156,MUR1.0_MUF1.0_PDF26210,pdf,6,1.05,1.37,0.6265755295753479,0.6273287534713745,1.0012021278528658,0.0012021278962492943,0.0012021278962492943,0.12021278962492943
Pythia_minus,156,MUR1.0_MUF1.0_PDF26210,pdf,7,1.37,1.52,0.6408894062042236,0.6414172053337097,1.0008235416662792,0.0008235416607931256,0.0008235416607931256,0.08235416607931256
Pythia_minus,156,MUR1.0_MUF1.0_PDF26210,pdf,8,1.52,1.74,0.6314683556556702,0.6325734853744507,1.001750095169271,0.001750095165334642,0.001750095165334642,0.1750095165334642
Pythia_minus,156,MUR1.0_MUF1.0_PDF26210,pdf,9,1.74,1.95,0.5918737053871155,0.5924893617630005,1.0010401820021424,0.0010401819599792361,0.0010401819599792361,0.10401819599792361
Pythia_minus,156,MUR1.0_MUF1.0_PDF26210,pdf,10,1.95,2.18,0.6574898362159729,0.6602063179016113,1.0041315949479501,0.004131595138460398,0.004131595138460398,0.41315951384603977
Pythia_minus,156,MUR1.0_MUF1.0_PDF26210,pdf,11,2.18,2.5,0.6256763339042664,0.6291154623031616,1.0054966573171065,0.005496657453477383,0.005496657453477383,0.5496657453477383
Pythia_minus,157,MUR1.0_MUF1.0_PDF13315,pdf,1,0.0,0.21,0.660984456539154,0.6609621047973633,0.9999661841642876,-3.3815835195127875e-05,3.3815835195127875e-05,-0.0033815835195127875
Pythia_minus,157,MUR1.0_MUF1.0_PDF13315,pdf,2,0.21,0.42,0.6471099853515625,0.6470828652381897,0.9999580904112335,-4.1909588617272675e-05,4.1909588617272675e-05,-0.0041909588617272675
Pythia_minus,157,MUR1.0_MUF1.0_PDF13315,pdf,3,0.42,0.63,0.6394927501678467,0.6394664645195007,0.9999588960964154,-4.110390364076011e-05,4.110390364076011e-05,-0.004110390364076011
Pythia_minus,157,MUR1.0_MUF1.0_PDF13315,pdf,4,0.63,0.84,0.6380901336669922,0.6380630135536194,0.999957497989795,-4.250201163813472e-05,4.250201163813472e-05,-0.004250201163813472
Pythia_minus,157,MUR1.0_MUF1.0_PDF13315,pdf,5,0.84,1.05,0.6463085412979126,0.6462752819061279,0.999948539451888,-5.146054900251329e-05,5.146054900251329e-05,-0.005146054900251329
Pythia_minus,157,MUR1.0_MUF1.0_PDF13315,pdf,6,1.05,1.37,0.6265755295753479,0.6265313625335693,0.9999295104266065,-7.048957195365801e-05,7.048957195365801e-05,-0.0070489571953658015
Pythia_minus,157,MUR1.0_MUF1.0_PDF13315,pdf,7,1.37,1.52,0.6408894062042236,0.6408594250679016,0.999953219485247,-4.678051482187584e-05,4.678051482187584e-05,-0.004678051482187584
Pythia_minus,157,MUR1.0_MUF1.0_PDF13315,pdf,8,1.52,1.74,0.6314683556556702,0.631435751914978,0.9999483683696893,-5.1631628593895584e-05,5.1631628593895584e-05,-0.0051631628593895584
Pythia_minus,157,MUR1.0_MUF1.0_PDF13315,pdf,9,1.74,1.95,0.5918737053871155,0.5918495655059814,0.9999592144727595,-4.078552592545748e-05,4.078552592545748e-05,-0.004078552592545748
Pythia_minus,157,MUR1.0_MUF1.0_PDF13315,pdf,10,1.95,2.18,0.6574898362159729,0.6574451327323914,0.9999320088598801,-6.799113907618448e-05,6.799113907618448e-05,-0.006799113907618448
Pythia_minus,157,MUR1.0_MUF1.0_PDF13315,pdf,11,2.18,2.5,0.6256763339042664,0.6256513595581055,0.9999600842403531,-3.991575795225799e-05,3.991575795225799e-05,-0.003991575795225799
Pythia_minus,158,MUR1.0_MUF1.0_PDF26211,pdf,1,0.0,0.21,0.660984456539154,0.6601462364196777,0.9987318610730044,-0.0012681388761848211,0.0012681388761848211,-0.1268138876184821
Pythia_minus,158,MUR1.0_MUF1.0_PDF26211,pdf,2,0.21,0.42,0.6471099853515625,0.6462406516075134,0.9986565904348134,-0.0013434095308184624,0.0013434095308184624,-0.13434095308184624
Pythia_minus,158,MUR1.0_MUF1.0_PDF26211,pdf,3,0.42,0.63,0.6394927501678467,0.6388281583786011,0.998960751644063,-0.0010392483090981841,0.0010392483090981841,-0.10392483090981841
Pythia_minus,158,MUR1.0_MUF1.0_PDF26211,pdf,4,0.63,0.84,0.6380901336669922,0.6378414034843445,0.999610195849263,-0.0003898041613865644,0.0003898041613865644,-0.03898041613865644
Pythia_minus,158,MUR1.0_MUF1.0_PDF26211,pdf,5,0.84,1.05,0.6463085412979126,0.6463457942008972,1.0000576395028136,5.7639503211248666e-05,5.7639503211248666e-05,0.005763950321124867
Pythia_minus,158,MUR1.0_MUF1.0_PDF26211,pdf,6,1.05,1.37,0.6265755295753479,0.6273837089538574,1.0012898355271826,0.0012898355489596725,0.0012898355489596725,0.12898355489596725
Pythia_minus,158,MUR1.0_MUF1.0_PDF26211,pdf,7,1.37,1.52,0.6408894062042236,0.6414192318916321,1.000826703768668,0.0008267037919722497,0.0008267037919722497,0.08267037919722497
Pythia_minus,158,MUR1.0_MUF1.0_PDF26211,pdf,8,1.52,1.74,0.6314683556556702,0.632525622844696,1.0016742995584127,0.001674299594014883,0.001674299594014883,0.1674299594014883
Pythia_minus,158,MUR1.0_MUF1.0_PDF26211,pdf,9,1.74,1.95,0.5918737053871155,0.5925969481468201,1.0012219545371281,0.0012219545897096395,0.0012219545897096395,0.12219545897096395
Pythia_minus,158,MUR1.0_MUF1.0_PDF26211,pdf,10,1.95,2.18,0.6574898362159729,0.6600237488746643,1.0038539191317006,0.003853919217363,0.003853919217363,0.3853919217363
Pythia_minus,158,MUR1.0_MUF1.0_PDF26211,pdf,11,2.18,2.5,0.6256763339042664,0.6285924911499023,1.004660807973092,0.004660808015614748,0.004660808015614748,0.4660808015614748
Pythia_minus,159,MUR1.0_MUF1.0_PDF26212,pdf,1,0.0,0.21,0.660984456539154,0.6597084403038025,0.998069521570851,-0.0019304783781990409,0.0019304783781990409,-0.1930478378199041
Pythia_minus,159,MUR1.0_MUF1.0_PDF26212,pdf,2,0.21,0.42,0.6471099853515625,0.6457316875457764,0.997870071800797,-0.002129928208887577,0.002129928208887577,-0.2129928208887577
Pythia_minus,159,MUR1.0_MUF1.0_PDF26212,pdf,3,0.42,0.63,0.6394927501678467,0.6384923458099365,0.9984356283043904,-0.0015643717488273978,0.0015643717488273978,-0.15643717488273978
Pythia_minus,159,MUR1.0_MUF1.0_PDF26212,pdf,4,0.63,0.84,0.6380901336669922,0.6376196146011353,0.9992626134756967,-0.0007373865228146315,0.0007373865228146315,-0.07373865228146315
Pythia_minus,159,MUR1.0_MUF1.0_PDF26212,pdf,5,0.84,1.05,0.6463085412979126,0.6460556983947754,0.9996087891665033,-0.0003912108368240297,0.0003912108368240297,-0.03912108368240297
Pythia_minus,159,MUR1.0_MUF1.0_PDF26212,pdf,6,1.05,1.37,0.6265755295753479,0.6272456049919128,1.0010694248098375,0.0010694247903302312,0.0010694247903302312,0.10694247903302312
Pythia_minus,159,MUR1.0_MUF1.0_PDF26212,pdf,7,1.37,1.52,0.6408894062042236,0.6413868069648743,1.000776110130446,0.0007761101587675512,0.0007761101587675512,0.07761101587675512
Pythia_minus,159,MUR1.0_MUF1.0_PDF26212,pdf,8,1.52,1.74,0.6314683556556702,0.6327233910560608,1.0019874874000416,0.0019874873105436563,0.0019874873105436563,0.19874873105436563
Pythia_minus,159,MUR1.0_MUF1.0_PDF26212,pdf,9,1.74,1.95,0.5918737053871155,0.5923689007759094,1.0008366571859617,0.0008366571855731308,0.0008366571855731308,0.08366571855731308
Pythia_minus,159,MUR1.0_MUF1.0_PDF26212,pdf,10,1.95,2.18,0.6574898362159729,0.6605702638626099,1.0046851334833793,0.004685133695602417,0.004685133695602417,0.4685133695602417
Pythia_minus,159,MUR1.0_MUF1.0_PDF26212,pdf,11,2.18,2.5,0.6256763339042664,0.6300448775291443,1.0069821142148976,0.006982114166021347,0.006982114166021347,0.6982114166021347
Pythia_minus,160,MUR1.0_MUF1.0_PDF26213,pdf,1,0.0,0.21,0.660984456539154,0.659821093082428,0.9982399533828415,-0.001760046579875052,0.001760046579875052,-0.1760046579875052
Pythia_minus,160,MUR1.0_MUF1.0_PDF26213,pdf,2,0.21,0.42,0.6471099853515625,0.6458472013473511,0.9980485790162466,-0.0019514210289344192,0.0019514210289344192,-0.19514210289344192
Pythia_minus,160,MUR1.0_MUF1.0_PDF26213,pdf,3,0.42,0.63,0.6394927501678467,0.6385839581489563,0.9985788861270877,-0.0014211138477548957,0.0014211138477548957,-0.14211138477548957
Pythia_minus,160,MUR1.0_MUF1.0_PDF26213,pdf,4,0.63,0.84,0.6380901336669922,0.6376712918281555,0.9993436008226148,-0.0006563991773873568,0.0006563991773873568,-0.06563991773873568
Pythia_minus,160,MUR1.0_MUF1.0_PDF26213,pdf,5,0.84,1.05,0.6463085412979126,0.6460872888565063,0.9996576674648893,-0.0003423325251787901,0.0003423325251787901,-0.03423325251787901
Pythia_minus,160,MUR1.0_MUF1.0_PDF26213,pdf,6,1.05,1.37,0.6265755295753479,0.6272011399269104,1.000998459598297,0.0009984596399590373,0.0009984596399590373,0.09984596399590373
Pythia_minus,160,MUR1.0_MUF1.0_PDF26213,pdf,7,1.37,1.52,0.6408894062042236,0.6413546204566956,1.0007258885042698,0.0007258885307237506,0.0007258885307237506,0.07258885307237506
Pythia_minus,160,MUR1.0_MUF1.0_PDF26213,pdf,8,1.52,1.74,0.6314683556556702,0.6326690912246704,1.0019014976098897,0.0019014975987374783,0.0019014975987374783,0.19014975987374783
Pythia_minus,160,MUR1.0_MUF1.0_PDF26213,pdf,9,1.74,1.95,0.5918737053871155,0.5923698544502258,1.0008382684660502,0.0008382684900425375,0.0008382684900425375,0.08382684900425375
Pythia_minus,160,MUR1.0_MUF1.0_PDF26213,pdf,10,1.95,2.18,0.6574898362159729,0.6604491472244263,1.004500922821081,0.004500922746956348,0.004500922746956348,0.45009227469563484
Pythia_minus,160,MUR1.0_MUF1.0_PDF26213,pdf,11,2.18,2.5,0.6256763339042664,0.6298807263374329,1.006719756214736,0.006719756405800581,0.006719756405800581,0.6719756405800581
Pythia_minus,161,MUR1.0_MUF1.0_PDF26214,pdf,1,0.0,0.21,0.660984456539154,0.6600217223167419,0.9985434843241959,-0.0014565156307071447,0.0014565156307071447,-0.14565156307071447
Pythia_minus,161,MUR1.0_MUF1.0_PDF26214,pdf,2,0.21,0.42,0.6471099853515625,0.6461113691329956,0.9984568060435285,-0.0015431939391419291,0.0015431939391419291,-0.15431939391419291
Pythia_minus,161,MUR1.0_MUF1.0_PDF26214,pdf,3,0.42,0.63,0.6394927501678467,0.6387298107147217,0.9988069615286104,-0.0011930384207516909,0.0011930384207516909,-0.11930384207516909
Pythia_minus,161,MUR1.0_MUF1.0_PDF26214,pdf,4,0.63,0.84,0.6380901336669922,0.6377832293510437,0.9995190267020981,-0.0004809733072761446,0.0004809733072761446,-0.04809733072761446
Pythia_minus,161,MUR1.0_MUF1.0_PDF26214,pdf,5,0.84,1.05,0.6463085412979126,0.6463009119033813,0.9999881954298238,-1.18045700219227e-05,1.18045700219227e-05,-0.00118045700219227
Pythia_minus,161,MUR1.0_MUF1.0_PDF26214,pdf,6,1.05,1.37,0.6265755295753479,0.6274218559265137,1.0013507172100056,0.0013507171534001827,0.0013507171534001827,0.13507171534001827
Pythia_minus,161,MUR1.0_MUF1.0_PDF26214,pdf,7,1.37,1.52,0.6408894062042236,0.6414482593536377,1.0008719962352381,0.0008719962206669152,0.0008719962206669152,0.08719962206669152
Pythia_minus,161,MUR1.0_MUF1.0_PDF26214,pdf,8,1.52,1.74,0.6314683556556702,0.6325868964195251,1.0017713330427993,0.0017713330453261733,0.0017713330453261733,0.17713330453261733
Pythia_minus,161,MUR1.0_MUF1.0_PDF26214,pdf,9,1.74,1.95,0.5918737053871155,0.5925835371017456,1.0011992959108833,0.0011992958607152104,0.0011992958607152104,0.11992958607152104
Pythia_minus,161,MUR1.0_MUF1.0_PDF26214,pdf,10,1.95,2.18,0.6574898362159729,0.6601657271385193,1.0040698589927213,0.004069859161973,0.004069859161973,0.40698591619729996
Pythia_minus,161,MUR1.0_MUF1.0_PDF26214,pdf,11,2.18,2.5,0.6256763339042664,0.6288260221481323,1.0050340536683107,0.005034053698182106,0.005034053698182106,0.5034053698182106
Pythia_minus,162,MUR1.0_MUF1.0_PDF26215,pdf,1,0.0,0.21,0.660984456539154,0.6598783731460571,0.9983266120978271,-0.0016733879456296563,0.0016733879456296563,-0.16733879456296563
Pythia_minus,162,MUR1.0_MUF1.0_PDF26215,pdf,2,0.21,0.42,0.6471099853515625,0.6459202766418457,0.9981615046334504,-0.0018384953727945685,0.0018384953727945685,-0.18384953727945685
Pythia_minus,162,MUR1.0_MUF1.0_PDF26215,pdf,3,0.42,0.63,0.6394927501678467,0.6386242508888245,0.9986418934713579,-0.0013581064995378256,0.0013581064995378256,-0.13581064995378256
Pythia_minus,162,MUR1.0_MUF1.0_PDF26215,pdf,4,0.63,0.84,0.6380901336669922,0.6377043128013611,0.9993953505229523,-0.0006046494818292558,0.0006046494818292558,-0.06046494818292558
Pythia_minus,162,MUR1.0_MUF1.0_PDF26215,pdf,5,0.84,1.05,0.6463085412979126,0.6461566090583801,0.9997649230517248,-0.00023507695004809648,0.00023507695004809648,-0.023507695004809648
Pythia_minus,162,MUR1.0_MUF1.0_PDF26215,pdf,6,1.05,1.37,0.6265755295753479,0.6272748112678528,1.0011160373482488,0.001116037368774414,0.001116037368774414,0.1116037368774414
Pythia_minus,162,MUR1.0_MUF1.0_PDF26215,pdf,7,1.37,1.52,0.6408894062042236,0.6413894295692444,1.0007802022629493,0.0007802022737450898,0.0007802022737450898,0.07802022737450898
Pythia_minus,162,MUR1.0_MUF1.0_PDF26215,pdf,8,1.52,1.74,0.6314683556556702,0.6326563358306885,1.0018812980324008,0.0018812980270013213,0.0018812980270013213,0.18812980270013213
Pythia_minus,162,MUR1.0_MUF1.0_PDF26215,pdf,9,1.74,1.95,0.5918737053871155,0.5924481153488159,1.0009704941383142,0.0009704941185191274,0.0009704941185191274,0.09704941185191274
Pythia_minus,162,MUR1.0_MUF1.0_PDF26215,pdf,10,1.95,2.18,0.6574898362159729,0.6603872776031494,1.0044068230831553,0.004406823311001062,0.004406823311001062,0.44068233110010624
Pythia_minus,162,MUR1.0_MUF1.0_PDF26215,pdf,11,2.18,2.5,0.6256763339042664,0.629579484462738,1.0062382902260594,0.00623829010874033,0.00623829010874033,0.623829010874033
Pythia_minus,163,MUR1.0_MUF1.0_PDF26216,pdf,1,0.0,0.21,0.660984456539154,0.6599822640419006,0.9984837881022183,-0.0015162118943408132,0.0015162118943408132,-0.15162118943408132
Pythia_minus,163,MUR1.0_MUF1.0_PDF26216,pdf,2,0.21,0.42,0.6471099853515625,0.64605712890625,0.9983729868659954,-0.001627013087272644,0.001627013087272644,-0.1627013087272644
Pythia_minus,163,MUR1.0_MUF1.0_PDF26216,pdf,3,0.42,0.63,0.6394927501678467,0.6386988162994385,0.9987584943407102,-0.0012415056116878986,0.0012415056116878986,-0.12415056116878986
Pythia_minus,163,MUR1.0_MUF1.0_PDF26216,pdf,4,0.63,0.84,0.6380901336669922,0.6377553939819336,0.9994754037597559,-0.0005245962529443204,0.0005245962529443204,-0.052459625294432044
Pythia_minus,163,MUR1.0_MUF1.0_PDF26216,pdf,5,0.84,1.05,0.6463085412979126,0.646247923374176,0.9999062090010217,-9.379100083606318e-05,9.379100083606318e-05,-0.009379100083606318
Pythia_minus,163,MUR1.0_MUF1.0_PDF26216,pdf,6,1.05,1.37,0.6265755295753479,0.6273581385612488,1.0012490257741653,0.001249025808647275,0.001249025808647275,0.1249025808647275
Pythia_minus,163,MUR1.0_MUF1.0_PDF26216,pdf,7,1.37,1.52,0.6408894062042236,0.6414158344268799,1.0008214025970161,0.0008214025874622166,0.0008214025874622166,0.08214025874622166
Pythia_minus,163,MUR1.0_MUF1.0_PDF26216,pdf,8,1.52,1.74,0.6314683556556702,0.6325918436050415,1.0017791674583674,0.0017791674472391605,0.0017791674472391605,0.17791674472391605
Pythia_minus,163,MUR1.0_MUF1.0_PDF26216,pdf,9,1.74,1.95,0.5918737053871155,0.592514157295227,1.0010820752844438,0.0010820752941071987,0.0010820752941071987,0.10820752941071987
Pythia_minus,163,MUR1.0_MUF1.0_PDF26216,pdf,10,1.95,2.18,0.6574898362159729,0.6602049469947815,1.0041295098863197,0.004129509907215834,0.004129509907215834,0.41295099072158337
Pythia_minus,163,MUR1.0_MUF1.0_PDF26216,pdf,11,2.18,2.5,0.6256763339042664,0.6290572881698608,1.0054036793185017,0.005403679329901934,0.005403679329901934,0.5403679329901934
Pythia_minus,164,MUR1.0_MUF1.0_PDF26217,pdf,1,0.0,0.21,0.660984456539154,0.6597375869750977,0.99811361742062,-0.0018863825825974345,0.0018863825825974345,-0.18863825825974345
Pythia_minus,164,MUR1.0_MUF1.0_PDF26217,pdf,2,0.21,0.42,0.6471099853515625,0.645862877368927,0.9980728036796435,-0.0019271962810307741,0.0019271962810307741,-0.1927196281030774
Pythia_minus,164,MUR1.0_MUF1.0_PDF26217,pdf,3,0.42,0.63,0.6394927501678467,0.6385195851325989,0.9984782235060642,-0.0015217765467241406,0.0015217765467241406,-0.15217765467241406
Pythia_minus,164,MUR1.0_MUF1.0_PDF26217,pdf,4,0.63,0.84,0.6380901336669922,0.6377021074295044,0.999391894315529,-0.0006081056781113148,0.0006081056781113148,-0.06081056781113148
Pythia_minus,164,MUR1.0_MUF1.0_PDF26217,pdf,5,0.84,1.05,0.6463085412979126,0.6463028192520142,0.9999911465723679,-8.853427971189376e-06,8.853427971189376e-06,-0.0008853427971189376
Pythia_minus,164,MUR1.0_MUF1.0_PDF26217,pdf,6,1.05,1.37,0.6265755295753479,0.627705991268158,1.0018041906194073,0.0018041905714198947,0.0018041905714198947,0.18041905714198947
Pythia_minus,164,MUR1.0_MUF1.0_PDF26217,pdf,7,1.37,1.52,0.6408894062042236,0.6415990591049194,1.001107293854175,0.0011072938796132803,0.0011072938796132803,0.11072938796132803
Pythia_minus,164,MUR1.0_MUF1.0_PDF26217,pdf,8,1.52,1.74,0.6314683556556702,0.6327602863311768,1.0020459151498813,0.0020459152292460203,0.0020459152292460203,0.20459152292460203
Pythia_minus,164,MUR1.0_MUF1.0_PDF26217,pdf,9,1.74,1.95,0.5918737053871155,0.5925717353820801,1.001179356319788,0.0011793563608080149,0.0011793563608080149,0.11793563608080149
Pythia_minus,164,MUR1.0_MUF1.0_PDF26217,pdf,10,1.95,2.18,0.6574898362159729,0.6605504155158997,1.004654945417166,0.0046549453400075436,0.0046549453400075436,0.46549453400075436
Pythia_minus,164,MUR1.0_MUF1.0_PDF26217,pdf,11,2.18,2.5,0.6256763339042664,0.6291645169258118,1.0055750598712578,0.005575059913098812,0.005575059913098812,0.5575059913098812
Pythia_minus,165,MUR1.0_MUF1.0_PDF26218,pdf,1,0.0,0.21,0.660984456539154,0.6601415872573853,0.9987248273791762,-0.0012751725735142827,0.0012751725735142827,-0.12751725735142827
Pythia_minus,165,MUR1.0_MUF1.0_PDF26218,pdf,2,0.21,0.42,0.6471099853515625,0.6461260318756104,0.9984794648541583,-0.0015205350937321782,0.0015205350937321782,-0.15205350937321782
Pythia_minus,165,MUR1.0_MUF1.0_PDF26218,pdf,3,0.42,0.63,0.6394927501678467,0.6388173699378967,0.9989438813344285,-0.0010561186354607344,0.0010561186354607344,-0.10561186354607344
Pythia_minus,165,MUR1.0_MUF1.0_PDF26218,pdf,4,0.63,0.84,0.6380901336669922,0.6377614140510559,0.9994848382719113,-0.000515161722432822,0.000515161722432822,-0.0515161722432822
Pythia_minus,165,MUR1.0_MUF1.0_PDF26218,pdf,5,0.84,1.05,0.6463085412979126,0.6460826396942139,0.9996504740549381,-0.0003495259443297982,0.0003495259443297982,-0.03495259443297982
Pythia_minus,165,MUR1.0_MUF1.0_PDF26218,pdf,6,1.05,1.37,0.6265755295753479,0.6268696784973145,1.0004694548511428,0.00046945485519245267,0.00046945485519245267,0.04694548551924527
Pythia_minus,165,MUR1.0_MUF1.0_PDF26218,pdf,7,1.37,1.52,0.6408894062042236,0.641179621219635,1.0004528316626893,0.00045283164945431054,0.00045283164945431054,0.045283164945431054
Pythia_minus,165,MUR1.0_MUF1.0_PDF26218,pdf,8,1.52,1.74,0.6314683556556702,0.6324741840362549,1.0015928405146135,0.0015928405337035656,0.0015928405337035656,0.15928405337035656
Pythia_minus,165,MUR1.0_MUF1.0_PDF26218,pdf,9,1.74,1.95,0.5918737053871155,0.5923781991004944,1.0008523671668248,0.0008523671422153711,0.0008523671422153711,0.08523671422153711
Pythia_minus,165,MUR1.0_MUF1.0_PDF26218,pdf,10,1.95,2.18,0.6574898362159729,0.660019040107727,1.0038467573982746,0.003846757346764207,0.003846757346764207,0.3846757346764207
Pythia_minus,165,MUR1.0_MUF1.0_PDF26218,pdf,11,2.18,2.5,0.6256763339042664,0.6295278072357178,1.0061556960408233,0.006155696231871843,0.006155696231871843,0.6155696231871843
Pythia_minus,166,MUR1.0_MUF1.0_PDF26219,pdf,1,0.0,0.21,0.660984456539154,0.6590309143066406,0.9970444959587371,-0.0029555039945989847,0.0029555039945989847,-0.29555039945989847
Pythia_minus,166,MUR1.0_MUF1.0_PDF26219,pdf,2,0.21,0.42,0.6471099853515625,0.6453409790992737,0.9972662973956,-0.002733702538534999,0.002733702538534999,-0.2733702538534999
Pythia_minus,166,MUR1.0_MUF1.0_PDF26219,pdf,3,0.42,0.63,0.6394927501678467,0.6380148530006409,0.9976889539923355,-0.002311046002432704,0.002311046002432704,-0.2311046002432704
Pythia_minus,166,MUR1.0_MUF1.0_PDF26219,pdf,4,0.63,0.84,0.6380901336669922,0.6375633478164673,0.9991744334808979,-0.0008255665306933224,0.0008255665306933224,-0.08255665306933224
Pythia_minus,166,MUR1.0_MUF1.0_PDF26219,pdf,5,0.84,1.05,0.6463085412979126,0.6465784311294556,1.0004175866699843,0.00041758667794056237,0.00041758667794056237,0.04175866779405624
Pythia_minus,166,MUR1.0_MUF1.0_PDF26219,pdf,6,1.05,1.37,0.6265755295753479,0.6289063096046448,1.0037198708204844,0.0037198709324002266,0.0037198709324002266,0.37198709324002266
Pythia_minus,166,MUR1.0_MUF1.0_PDF26219,pdf,7,1.37,1.52,0.6408894062042236,0.6422153115272522,1.0020688519894274,0.002068852074444294,0.002068852074444294,0.2068852074444294
Pythia_minus,166,MUR1.0_MUF1.0_PDF26219,pdf,8,1.52,1.74,0.6314683556556702,0.6333639621734619,1.0030019026302965,0.0030019027180969715,0.0030019027180969715,0.30019027180969715
Pythia_minus,166,MUR1.0_MUF1.0_PDF26219,pdf,9,1.74,1.95,0.5918737053871155,0.5930538177490234,1.0019938584045327,0.001993858488276601,0.001993858488276601,0.19938584882766008
Pythia_minus,166,MUR1.0_MUF1.0_PDF26219,pdf,10,1.95,2.18,0.6574898362159729,0.6616270542144775,1.0062924440358127,0.006292444188147783,0.006292444188147783,0.6292444188147783
Pythia_minus,166,MUR1.0_MUF1.0_PDF26219,pdf,11,2.18,2.5,0.6256763339042664,0.6291787028312683,1.005597732784852,0.005597732961177826,0.005597732961177826,0.5597732961177826
Pythia_minus,167,MUR1.0_MUF1.0_PDF26220,pdf,1,0.0,0.21,0.660984456539154,0.6605491042137146,0.9993413576958845,-0.000658642326015979,0.000658642326015979,-0.0658642326015979
Pythia_minus,167,MUR1.0_MUF1.0_PDF26220,pdf,2,0.21,0.42,0.6471099853515625,0.6464354991912842,0.9989576947110284,-0.0010423052590340376,0.0010423052590340376,-0.10423052590340376
Pythia_minus,167,MUR1.0_MUF1.0_PDF26220,pdf,3,0.42,0.63,0.6394927501678467,0.6391124725341797,0.9994053448869167,-0.0005946551100350916,0.0005946551100350916,-0.059465511003509164
Pythia_minus,167,MUR1.0_MUF1.0_PDF26220,pdf,4,0.63,0.84,0.6380901336669922,0.6378456950187683,0.9996169214420867,-0.0003830785572063178,0.0003830785572063178,-0.03830785572063178
Pythia_minus,167,MUR1.0_MUF1.0_PDF26220,pdf,5,0.84,1.05,0.6463085412979126,0.6459289789199829,0.9994127226337324,-0.0005872773472219706,0.0005872773472219706,-0.058727734722197056
Pythia_minus,167,MUR1.0_MUF1.0_PDF26220,pdf,6,1.05,1.37,0.6265755295753479,0.6261689066886902,0.9993510393121587,-0.0006489607039839029,0.0006489607039839029,-0.0648960703983903
Pythia_minus,167,MUR1.0_MUF1.0_PDF26220,pdf,7,1.37,1.52,0.6408894062042236,0.6408082246780396,0.9998733298984221,-0.00012667010014411062,0.00012667010014411062,-0.012667010014411062
Pythia_minus,167,MUR1.0_MUF1.0_PDF26220,pdf,8,1.52,1.74,0.6314683556556702,0.6320818066596985,1.0009714675304535,0.0009714675252325833,0.0009714675252325833,0.09714675252325833
Pythia_minus,167,MUR1.0_MUF1.0_PDF26220,pdf,9,1.74,1.95,0.5918737053871155,0.5920552611351013,1.0003067474468512,0.00030674744630232453,0.00030674744630232453,0.030674744630232453
Pythia_minus,167,MUR1.0_MUF1.0_PDF26220,pdf,10,1.95,2.18,0.6574898362159729,0.659305214881897,1.0027610748728406,0.0027610748074948788,0.0027610748074948788,0.2761074807494879
Pythia_minus,167,MUR1.0_MUF1.0_PDF26220,pdf,11,2.18,2.5,0.6256763339042664,0.6294533610343933,1.0060367108766253,0.006036710925400257,0.006036710925400257,0.6036710925400257
Pythia_minus,168,MUR1.0_MUF1.0_PDF13316,pdf,1,0.0,0.21,0.660984456539154,0.6609632968902588,0.9999679876755256,-3.201232539140619e-05,3.201232539140619e-05,-0.0032012325391406193
Pythia_minus,168,MUR1.0_MUF1.0_PDF13316,pdf,2,0.21,0.42,0.6471099853515625,0.6470842361450195,0.9999602089179184,-3.979108078056015e-05,3.979108078056015e-05,-0.003979108078056015
Pythia_minus,168,MUR1.0_MUF1.0_PDF13316,pdf,3,0.42,0.63,0.6394927501678467,0.6394679546356201,0.9999612262496799,-3.877374911098741e-05,3.877374911098741e-05,-0.003877374911098741
Pythia_minus,168,MUR1.0_MUF1.0_PDF13316,pdf,4,0.63,0.84,0.6380901336669922,0.6380628347396851,0.9999572177567607,-4.2782241507666185e-05,4.2782241507666185e-05,-0.0042782241507666185
Pythia_minus,168,MUR1.0_MUF1.0_PDF13316,pdf,5,0.84,1.05,0.6463085412979126,0.6462772488594055,0.9999515828176365,-4.841718327952549e-05,4.841718327952549e-05,-0.004841718327952549
Pythia_minus,168,MUR1.0_MUF1.0_PDF13316,pdf,6,1.05,1.37,0.6265755295753479,0.6265281438827515,0.9999243735346183,-7.562646351289004e-05,7.562646351289004e-05,-0.007562646351289004
Pythia_minus,168,MUR1.0_MUF1.0_PDF13316,pdf,7,1.37,1.52,0.6408894062042236,0.6408584713935852,0.999951731437064,-4.826856456929818e-05,4.826856456929818e-05,-0.004826856456929818
Pythia_minus,168,MUR1.0_MUF1.0_PDF13316,pdf,8,1.52,1.74,0.6314683556556702,0.631434977054596,0.9999471412925521,-5.28587079315912e-05,5.28587079315912e-05,-0.00528587079315912
Pythia_minus,168,MUR1.0_MUF1.0_PDF13316,pdf,9,1.74,1.95,0.5918737053871155,0.5918484330177307,0.9999573010776543,-4.2698920879047364e-05,4.2698920879047364e-05,-0.004269892087904736
Pythia_minus,168,MUR1.0_MUF1.0_PDF13316,pdf,10,1.95,2.18,0.6574898362159729,0.6574435830116272,0.9999296518336893,-7.034816371742636e-05,7.034816371742636e-05,-0.007034816371742636
Pythia_minus,168,MUR1.0_MUF1.0_PDF13316,pdf,11,2.18,2.5,0.6256763339042664,0.6256505250930786,0.9999587505395534,-4.124945917283185e-05,4.124945917283185e-05,-0.004124945917283185
Pythia_minus,169,MUR1.0_MUF1.0_PDF26221,pdf,1,0.0,0.21,0.660984456539154,0.6599215865135193,0.9983919893802045,-0.0016080106142908335,0.0016080106142908335,-0.16080106142908335
Pythia_minus,169,MUR1.0_MUF1.0_PDF26221,pdf,2,0.21,0.42,0.6471099853515625,0.6460062861442566,0.9982944179006814,-0.0017055821372196078,0.0017055821372196078,-0.17055821372196078
Pythia_minus,169,MUR1.0_MUF1.0_PDF26221,pdf,3,0.42,0.63,0.6394927501678467,0.6386580467224121,0.9986947413473953,-0.0013052586000412703,0.0013052586000412703,-0.13052586000412703
Pythia_minus,169,MUR1.0_MUF1.0_PDF26221,pdf,4,0.63,0.84,0.6380901336669922,0.6377525329589844,0.9994709200312067,-0.0005290799890644848,0.0005290799890644848,-0.05290799890644848
Pythia_minus,169,MUR1.0_MUF1.0_PDF26221,pdf,5,0.84,1.05,0.6463085412979126,0.6462638974189758,0.9999309248198281,-6.907517672516406e-05,6.907517672516406e-05,-0.006907517672516406
Pythia_minus,169,MUR1.0_MUF1.0_PDF26221,pdf,6,1.05,1.37,0.6265755295753479,0.6274522542953491,1.001399232301005,0.0013992323074489832,0.0013992323074489832,0.13992323074489832
Pythia_minus,169,MUR1.0_MUF1.0_PDF26221,pdf,7,1.37,1.52,0.6408894062042236,0.6414671540260315,1.0009014781898637,0.0009014781680889428,0.0009014781680889428,0.09014781680889428
Pythia_minus,169,MUR1.0_MUF1.0_PDF26221,pdf,8,1.52,1.74,0.6314683556556702,0.6326509714126587,1.0018728028829895,0.0018728028517216444,0.0018728028517216444,0.18728028517216444
Pythia_minus,169,MUR1.0_MUF1.0_PDF26221,pdf,9,1.74,1.95,0.5918737053871155,0.5925348997116089,1.001117120626369,0.0011171206133440137,0.0011171206133440137,0.11171206133440137
Pythia_minus,169,MUR1.0_MUF1.0_PDF26221,pdf,10,1.95,2.18,0.6574898362159729,0.660335123538971,1.0043275000863487,0.0043275002390146255,0.0043275002390146255,0.43275002390146255
Pythia_minus,169,MUR1.0_MUF1.0_PDF26221,pdf,11,2.18,2.5,0.6256763339042664,0.6291351914405823,1.0055281898145843,0.005528189707547426,0.005528189707547426,0.5528189707547426
Pythia_minus,170,MUR1.0_MUF1.0_PDF26222,pdf,1,0.0,0.21,0.660984456539154,0.6599338054656982,0.9984104753703938,-0.001589524676091969,0.001589524676091969,-0.1589524676091969
Pythia_minus,170,MUR1.0_MUF1.0_PDF26222,pdf,2,0.21,0.42,0.6471099853515625,0.6459591388702393,0.9982215596925181,-0.0017784403171390295,0.0017784403171390295,-0.17784403171390295
Pythia_minus,170,MUR1.0_MUF1.0_PDF26222,pdf,3,0.42,0.63,0.6394927501678467,0.6386622786521912,0.9987013589826663,-0.0012986409710720181,0.0012986409710720181,-0.12986409710720181
Pythia_minus,170,MUR1.0_MUF1.0_PDF26222,pdf,4,0.63,0.84,0.6380901336669922,0.6376994252204895,0.9993876908200142,-0.0006123092025518417,0.0006123092025518417,-0.061230920255184174
Pythia_minus,170,MUR1.0_MUF1.0_PDF26222,pdf,5,0.84,1.05,0.6463085412979126,0.6461077332496643,0.9996893000240333,-0.0003106999793089926,0.0003106999793089926,-0.031069997930899262
Pythia_minus,170,MUR1.0_MUF1.0_PDF26222,pdf,6,1.05,1.37,0.6265755295753479,0.6271213889122009,1.0008711788301452,0.0008711788104847074,0.0008711788104847074,0.08711788104847074
Pythia_minus,170,MUR1.0_MUF1.0_PDF26222,pdf,7,1.37,1.52,0.6408894062042236,0.6413094997406006,1.0006554852246117,0.0006554852006956935,0.0006554852006956935,0.06554852006956935
Pythia_minus,170,MUR1.0_MUF1.0_PDF26222,pdf,8,1.52,1.74,0.6314683556556702,0.6325904130935669,1.001776902085191,0.0017769021214917302,0.0017769021214917302,0.17769021214917302
Pythia_minus,170,MUR1.0_MUF1.0_PDF26222,pdf,9,1.74,1.95,0.5918737053871155,0.592404842376709,1.0008973823042977,0.0008973823278211057,0.0008973823278211057,0.08973823278211057
Pythia_minus,170,MUR1.0_MUF1.0_PDF26222,pdf,10,1.95,2.18,0.6574898362159729,0.6602556109428406,1.004206566511789,0.004206566605716944,0.004206566605716944,0.4206566605716944
Pythia_minus,170,MUR1.0_MUF1.0_PDF26222,pdf,11,2.18,2.5,0.6256763339042664,0.6296136975288391,1.0062929719588454,0.006292971782386303,0.006292971782386303,0.6292971782386303
Pythia_minus,171,MUR1.0_MUF1.0_PDF26223,pdf,1,0.0,0.21,0.660984456539154,0.6602541208267212,0.9988950788400429,-0.0011049211025238037,0.0011049211025238037,-0.11049211025238037
Pythia_minus,171,MUR1.0_MUF1.0_PDF26223,pdf,2,0.21,0.42,0.6471099853515625,0.646331250667572,0.9987965960939895,-0.0012034039245918393,0.0012034039245918393,-0.12034039245918393
Pythia_minus,171,MUR1.0_MUF1.0_PDF26223,pdf,3,0.42,0.63,0.6394927501678467,0.6389121413230896,0.9990920790820463,-0.0009079209412448108,0.0009079209412448108,-0.09079209412448108
Pythia_minus,171,MUR1.0_MUF1.0_PDF26223,pdf,4,0.63,0.84,0.6380901336669922,0.6378662586212158,0.9996491482410332,-0.0003508517693262547,0.0003508517693262547,-0.03508517693262547
Pythia_minus,171,MUR1.0_MUF1.0_PDF26223,pdf,5,0.84,1.05,0.6463085412979126,0.6462889313697815,0.999969658565719,-3.0341434467118233e-05,3.0341434467118233e-05,-0.0030341434467118233
Pythia_minus,171,MUR1.0_MUF1.0_PDF26223,pdf,6,1.05,1.37,0.6265755295753479,0.6271817684173584,1.0009675431187384,0.0009675431065261364,0.0009675431065261364,0.09675431065261364
Pythia_minus,171,MUR1.0_MUF1.0_PDF26223,pdf,7,1.37,1.52,0.6408894062042236,0.641300618648529,1.0006416277759074,0.0006416277610696852,0.0006416277610696852,0.06416277610696852
Pythia_minus,171,MUR1.0_MUF1.0_PDF26223,pdf,8,1.52,1.74,0.6314683556556702,0.6323572397232056,1.0014076462574477,0.001407646224834025,0.001407646224834025,0.1407646224834025
Pythia_minus,171,MUR1.0_MUF1.0_PDF26223,pdf,9,1.74,1.95,0.5918737053871155,0.5923395752906799,1.00078711032324,0.0007871103007346392,0.0007871103007346392,0.07871103007346392
Pythia_minus,171,MUR1.0_MUF1.0_PDF26223,pdf,10,1.95,2.18,0.6574898362159729,0.659795343875885,1.003506529733115,0.0035065298434346914,0.0035065298434346914,0.35065298434346914
Pythia_minus,171,MUR1.0_MUF1.0_PDF26223,pdf,11,2.18,2.5,0.6256763339042664,0.6286653876304626,1.0047773162643765,0.004777316469699144,0.004777316469699144,0.47773164696991444
Pythia_minus,172,MUR1.0_MUF1.0_PDF26224,pdf,1,0.0,0.21,0.660984456539154,0.6596544981002808,0.9979879126873319,-0.0020120872650295496,0.0020120872650295496,-0.20120872650295496
Pythia_minus,172,MUR1.0_MUF1.0_PDF26224,pdf,2,0.21,0.42,0.6471099853515625,0.6456971764564514,0.9978167406977293,-0.002183259231969714,0.002183259231969714,-0.21832592319697142
Pythia_minus,172,MUR1.0_MUF1.0_PDF26224,pdf,3,0.42,0.63,0.6394927501678467,0.6384485960006714,0.9983672150045466,-0.0016327849589288235,0.0016327849589288235,-0.16327849589288235
Pythia_minus,172,MUR1.0_MUF1.0_PDF26224,pdf,4,0.63,0.84,0.6380901336669922,0.637617290019989,0.9992589704462506,-0.0007410295656882226,0.0007410295656882226,-0.07410295656882226
Pythia_minus,172,MUR1.0_MUF1.0_PDF26224,pdf,5,0.84,1.05,0.6463085412979126,0.646126925945282,0.999718995895883,-0.0002810040896292776,0.0002810040896292776,-0.02810040896292776
Pythia_minus,172,MUR1.0_MUF1.0_PDF26224,pdf,6,1.05,1.37,0.6265755295753479,0.627431333065033,1.0013658425030818,0.001365842530503869,0.001365842530503869,0.1365842530503869
Pythia_minus,172,MUR1.0_MUF1.0_PDF26224,pdf,7,1.37,1.52,0.6408894062042236,0.6414883136749268,1.000934494258924,0.0009344942518509924,0.0009344942518509924,0.09344942518509924
Pythia_minus,172,MUR1.0_MUF1.0_PDF26224,pdf,8,1.52,1.74,0.6314683556556702,0.6328501105308533,1.0021881617072457,0.00218816171400249,0.00218816171400249,0.218816171400249
Pythia_minus,172,MUR1.0_MUF1.0_PDF26224,pdf,9,1.74,1.95,0.5918737053871155,0.5925983786582947,1.0012243714572608,0.0012243714882060885,0.0012243714882060885,0.12243714882060885
Pythia_minus,172,MUR1.0_MUF1.0_PDF26224,pdf,10,1.95,2.18,0.6574898362159729,0.6607212424278259,1.0049147622272774,0.004914762452244759,0.004914762452244759,0.49147624522447586
Pythia_minus,172,MUR1.0_MUF1.0_PDF26224,pdf,11,2.18,2.5,0.6256763339042664,0.6298788785934448,1.0067168030201084,0.006716803181916475,0.006716803181916475,0.6716803181916475
Pythia_minus,173,MUR1.0_MUF1.0_PDF26225,pdf,1,0.0,0.21,0.660984456539154,0.660163164138794,0.9987574709325839,-0.0012425290187820792,0.0012425290187820792,-0.12425290187820792
Pythia_minus,173,MUR1.0_MUF1.0_PDF26225,pdf,2,0.21,0.42,0.6471099853515625,0.6462568044662476,0.9986815519701007,-0.0013184479903429747,0.0013184479903429747,-0.13184479903429747
Pythia_minus,173,MUR1.0_MUF1.0_PDF26225,pdf,3,0.42,0.63,0.6394927501678467,0.63887619972229,0.9990358757853083,-0.000964124221354723,0.000964124221354723,-0.0964124221354723
Pythia_minus,173,MUR1.0_MUF1.0_PDF26225,pdf,4,0.63,0.84,0.6380901336669922,0.637847900390625,0.99962037764951,-0.00037962236092425883,0.00037962236092425883,-0.03796223609242588
Pythia_minus,173,MUR1.0_MUF1.0_PDF26225,pdf,5,0.84,1.05,0.6463085412979126,0.6462986469268799,0.9999846909480526,-1.530905137769878e-05,1.530905137769878e-05,-0.001530905137769878
Pythia_minus,173,MUR1.0_MUF1.0_PDF26225,pdf,6,1.05,1.37,0.6265755295753479,0.6273394823074341,1.0012192508261597,0.001219250843860209,0.001219250843860209,0.1219250843860209
Pythia_minus,173,MUR1.0_MUF1.0_PDF26225,pdf,7,1.37,1.52,0.6408894062042236,0.6413726210594177,1.0007539754137238,0.0007539754151366651,0.0007539754151366651,0.07539754151366651
Pythia_minus,173,MUR1.0_MUF1.0_PDF26225,pdf,8,1.52,1.74,0.6314683556556702,0.6324524283409119,1.0015583879642234,0.0015583880012854934,0.0015583880012854934,0.15583880012854934
Pythia_minus,173,MUR1.0_MUF1.0_PDF26225,pdf,9,1.74,1.95,0.5918737053871155,0.592325747013092,1.0007637467619563,0.0007637467351742089,0.0007637467351742089,0.07637467351742089
Pythia_minus,173,MUR1.0_MUF1.0_PDF26225,pdf,10,1.95,2.18,0.6574898362159729,0.6601265668869019,1.0040102987539763,0.004010298755019903,0.004010298755019903,0.4010298755019903
Pythia_minus,173,MUR1.0_MUF1.0_PDF26225,pdf,11,2.18,2.5,0.6256763339042664,0.6290299296379089,1.0053599529851416,0.005359952803701162,0.005359952803701162,0.5359952803701162
Pythia_minus,174,MUR1.0_MUF1.0_PDF26226,pdf,1,0.0,0.21,0.660984456539154,0.6595847010612488,0.9978823171043473,-0.002117682946845889,0.002117682946845889,-0.2117682946845889
Pythia_minus,174,MUR1.0_MUF1.0_PDF26226,pdf,2,0.21,0.42,0.6471099853515625,0.6455883979797363,0.9976486417977316,-0.002351358300074935,0.002351358300074935,-0.2351358300074935
Pythia_minus,174,MUR1.0_MUF1.0_PDF26226,pdf,3,0.42,0.63,0.6394927501678467,0.6383342742919922,0.9981884456460993,-0.0018115543061867356,0.0018115543061867356,-0.18115543061867356
Pythia_minus,174,MUR1.0_MUF1.0_PDF26226,pdf,4,0.63,0.84,0.6380901336669922,0.6375417709350586,0.9991406186947567,-0.0008593812817707658,0.0008593812817707658,-0.08593812817707658
Pythia_minus,174,MUR1.0_MUF1.0_PDF26226,pdf,5,0.84,1.05,0.6463085412979126,0.6460326313972473,0.999573098786361,-0.0004269012133590877,0.0004269012133590877,-0.04269012133590877
Pythia_minus,174,MUR1.0_MUF1.0_PDF26226,pdf,6,1.05,1.37,0.6265755295753479,0.6272532343864441,1.001081601146402,0.0010816011345013976,0.0010816011345013976,0.10816011345013976
Pythia_minus,174,MUR1.0_MUF1.0_PDF26226,pdf,7,1.37,1.52,0.6408894062042236,0.6414292454719543,1.0008423282745895,0.0008423282997682691,0.0008423282997682691,0.0842328299768269
Pythia_minus,174,MUR1.0_MUF1.0_PDF26226,pdf,8,1.52,1.74,0.6314683556556702,0.6328240036964417,1.0021468186467775,0.0021468186751008034,0.0021468186751008034,0.21468186751008034
Pythia_minus,174,MUR1.0_MUF1.0_PDF26226,pdf,9,1.74,1.95,0.5918737053871155,0.5926551818847656,1.001320343327533,0.001320343348197639,0.001320343348197639,0.1320343348197639
Pythia_minus,174,MUR1.0_MUF1.0_PDF26226,pdf,10,1.95,2.18,0.6574898362159729,0.6604836583137512,1.0045534119812536,0.004553412087261677,0.004553412087261677,0.4553412087261677
Pythia_minus,174,MUR1.0_MUF1.0_PDF26226,pdf,11,2.18,2.5,0.6256763339042664,0.6297192573547363,1.0064616851100021,0.006461685057729483,0.006461685057729483,0.6461685057729483
Pythia_minus,175,MUR1.0_MUF1.0_PDF26227,pdf,1,0.0,0.21,0.660984456539154,0.6598805785179138,0.9983299485936175,-0.0016700513660907745,0.0016700513660907745,-0.16700513660907745
Pythia_minus,175,MUR1.0_MUF1.0_PDF26227,pdf,2,0.21,0.42,0.6471099853515625,0.6459593176841736,0.998221836019477,-0.0017781639471650124,0.0017781639471650124,-0.17781639471650124
Pythia_minus,175,MUR1.0_MUF1.0_PDF26227,pdf,3,0.42,0.63,0.6394927501678467,0.6386370062828064,0.9986618395833015,-0.0013381603639572859,0.0013381603639572859,-0.1338160363957286
Pythia_minus,175,MUR1.0_MUF1.0_PDF26227,pdf,4,0.63,0.84,0.6380901336669922,0.637733519077301,0.9994411219185576,-0.0005588780622929335,0.0005588780622929335,-0.055887806229293346
Pythia_minus,175,MUR1.0_MUF1.0_PDF26227,pdf,5,0.84,1.05,0.6463085412979126,0.6462336182594299,0.9998840754319412,-0.00011592456576181576,0.00011592456576181576,-0.011592456576181576
Pythia_minus,175,MUR1.0_MUF1.0_PDF26227,pdf,6,1.05,1.37,0.6265755295753479,0.6274366974830627,1.001374403989729,0.0013744039461016655,0.0013744039461016655,0.13744039461016655
Pythia_minus,175,MUR1.0_MUF1.0_PDF26227,pdf,7,1.37,1.52,0.6408894062042236,0.6414591073989868,1.0008889227833198,0.0008889227756299078,0.0008889227756299078,0.08889227756299078
Pythia_minus,175,MUR1.0_MUF1.0_PDF26227,pdf,8,1.52,1.74,0.6314683556556702,0.6326855421066284,1.0019275494014177,0.0019275493687018752,0.0019275493687018752,0.19275493687018752
Pythia_minus,175,MUR1.0_MUF1.0_PDF26227,pdf,9,1.74,1.95,0.5918737053871155,0.5925163626670837,1.0010858013696484,0.0010858013993129134,0.0010858013993129134,0.10858013993129134
Pythia_minus,175,MUR1.0_MUF1.0_PDF26227,pdf,10,1.95,2.18,0.6574898362159729,0.6604118943214417,1.0044442635376478,0.004444263409823179,0.004444263409823179,0.4444263409823179
Pythia_minus,175,MUR1.0_MUF1.0_PDF26227,pdf,11,2.18,2.5,0.6256763339042664,0.6293435096740723,1.0058611386927845,0.005861138924956322,0.005861138924956322,0.5861138924956322
Pythia_minus,176,MUR1.0_MUF1.0_PDF26228,pdf,1,0.0,0.21,0.660984456539154,0.6599791646003723,0.9984790989729996,-0.0015209009870886803,0.0015209009870886803,-0.15209009870886803
Pythia_minus,176,MUR1.0_MUF1.0_PDF26228,pdf,2,0.21,0.42,0.6471099853515625,0.6460264921188354,0.9983256428470372,-0.0016743571031838655,0.0016743571031838655,-0.16743571031838655
Pythia_minus,176,MUR1.0_MUF1.0_PDF26228,pdf,3,0.42,0.63,0.6394927501678467,0.6386955976486206,0.998753461209659,-0.0012465388281270862,0.0012465388281270862,-0.12465388281270862
Pythia_minus,176,MUR1.0_MUF1.0_PDF26228,pdf,4,0.63,0.84,0.6380901336669922,0.6377406120300293,0.9994522378289189,-0.0005477621452882886,0.0005477621452882886,-0.05477621452882886
Pythia_minus,176,MUR1.0_MUF1.0_PDF26228,pdf,5,0.84,1.05,0.6463085412979126,0.6461912393569946,0.9998185047335404,-0.00018149527022615075,0.00018149527022615075,-0.018149527022615075
Pythia_minus,176,MUR1.0_MUF1.0_PDF26228,pdf,6,1.05,1.37,0.6265755295753479,0.6272280216217041,1.0010413621591612,0.0010413621785119176,0.0010413621785119176,0.10413621785119176
Pythia_minus,176,MUR1.0_MUF1.0_PDF26228,pdf,7,1.37,1.52,0.6408894062042236,0.6413589715957642,1.0007326777241048,0.0007326776976697147,0.0007326776976697147,0.07326776976697147
Pythia_minus,176,MUR1.0_MUF1.0_PDF26228,pdf,8,1.52,1.74,0.6314683556556702,0.6325990557670593,1.0017905887147982,0.0017905887216329575,0.0017905887216329575,0.17905887216329575
Pythia_minus,176,MUR1.0_MUF1.0_PDF26228,pdf,9,1.74,1.95,0.5918737053871155,0.5924760699272156,1.0010177247859087,0.0010177247459068894,0.0010177247459068894,0.10177247459068894
Pythia_minus,176,MUR1.0_MUF1.0_PDF26228,pdf,10,1.95,2.18,0.6574898362159729,0.6602447628974915,1.0041900673284532,0.004190067294985056,0.004190067294985056,0.4190067294985056
Pythia_minus,176,MUR1.0_MUF1.0_PDF26228,pdf,11,2.18,2.5,0.6256763339042664,0.6293572187423706,1.0058830494916362,0.005883049685508013,0.005883049685508013,0.5883049685508013
Pythia_minus,177,MUR1.0_MUF1.0_PDF26229,pdf,1,0.0,0.21,0.660984456539154,0.6601535677909851,0.9987429526671181,-0.001257047289982438,0.001257047289982438,-0.1257047289982438
Pythia_minus,177,MUR1.0_MUF1.0_PDF26229,pdf,2,0.21,0.42,0.6471099853515625,0.6462432742118835,0.9986606432302105,-0.0013393567642197013,0.0013393567642197013,-0.13393567642197013
Pythia_minus,177,MUR1.0_MUF1.0_PDF26229,pdf,3,0.42,0.63,0.6394927501678467,0.6388567686080933,0.99900549058674,-0.0009945094352588058,0.0009945094352588058,-0.09945094352588058
Pythia_minus,177,MUR1.0_MUF1.0_PDF26229,pdf,4,0.63,0.84,0.6380901336669922,0.6378854513168335,0.9996792265867168,-0.00032077342621050775,0.00032077342621050775,-0.032077342621050775
Pythia_minus,177,MUR1.0_MUF1.0_PDF26229,pdf,5,0.84,1.05,0.6463085412979126,0.6463620662689209,1.0000828164376427,8.281644113594666e-05,8.281644113594666e-05,0.008281644113594666
Pythia_minus,177,MUR1.0_MUF1.0_PDF26229,pdf,6,1.05,1.37,0.6265755295753479,0.6274389624595642,1.0013780188396464,0.0013780188746750355,0.0013780188746750355,0.13780188746750355
Pythia_minus,177,MUR1.0_MUF1.0_PDF26229,pdf,7,1.37,1.52,0.6408894062042236,0.6414398550987244,1.0008588828106255,0.0008588827913627028,0.0008588827913627028,0.08588827913627028
Pythia_minus,177,MUR1.0_MUF1.0_PDF26229,pdf,8,1.52,1.74,0.6314683556556702,0.6325642466545105,1.0017354646341738,0.001735464669764042,0.001735464669764042,0.1735464669764042
Pythia_minus,177,MUR1.0_MUF1.0_PDF26229,pdf,9,1.74,1.95,0.5918737053871155,0.5925055146217346,1.0010674730586415,0.0010674730874598026,0.0010674730874598026,0.10674730874598026
Pythia_minus,177,MUR1.0_MUF1.0_PDF26229,pdf,10,1.95,2.18,0.6574898362159729,0.6602043509483337,1.0041286033377848,0.0041286032646894455,0.0041286032646894455,0.41286032646894455
Pythia_minus,177,MUR1.0_MUF1.0_PDF26229,pdf,11,2.18,2.5,0.6256763339042664,0.6288256645202637,1.0050334820822537,0.005033481866121292,0.005033481866121292,0.5033481866121292
Pythia_minus,178,MUR1.0_MUF1.0_PDF26230,pdf,1,0.0,0.21,0.660984456539154,0.6596044301986694,0.9979121652153361,-0.002087834756821394,0.002087834756821394,-0.2087834756821394
Pythia_minus,178,MUR1.0_MUF1.0_PDF26230,pdf,2,0.21,0.42,0.6471099853515625,0.6456235647201538,0.9977029860996487,-0.002297013998031616,0.002297013998031616,-0.22970139980316162
Pythia_minus,178,MUR1.0_MUF1.0_PDF26230,pdf,3,0.42,0.63,0.6394927501678467,0.638378918170929,0.9982582570379017,-0.0017417429480701685,0.0017417429480701685,-0.17417429480701685
Pythia_minus,178,MUR1.0_MUF1.0_PDF26230,pdf,4,0.63,0.84,0.6380901336669922,0.6375064253807068,0.9990852259649731,-0.0009147740202024579,0.0009147740202024579,-0.09147740202024579
Pythia_minus,178,MUR1.0_MUF1.0_PDF26230,pdf,5,0.84,1.05,0.6463085412979126,0.6459736227989197,0.9994817978139042,-0.000518202199600637,0.000518202199600637,-0.051820219960063696
Pythia_minus,178,MUR1.0_MUF1.0_PDF26230,pdf,6,1.05,1.37,0.6265755295753479,0.6271374821662903,1.000896863290086,0.0008968632901087403,0.0008968632901087403,0.08968632901087403
Pythia_minus,178,MUR1.0_MUF1.0_PDF26230,pdf,7,1.37,1.52,0.6408894062042236,0.6413472294807434,1.0007143561308516,0.0007143561379052699,0.0007143561379052699,0.07143561379052699
Pythia_minus,178,MUR1.0_MUF1.0_PDF26230,pdf,8,1.52,1.74,0.6314683556556702,0.6327081322669983,1.001963323419494,0.001963323447853327,0.001963323447853327,0.19633234478533268
Pythia_minus,178,MUR1.0_MUF1.0_PDF26230,pdf,9,1.74,1.95,0.5918737053871155,0.5924420356750488,1.0009602222277498,0.0009602222125977278,0.0009602222125977278,0.09602222125977278
Pythia_minus,178,MUR1.0_MUF1.0_PDF26230,pdf,10,1.95,2.18,0.6574898362159729,0.6604294776916504,1.0044710067194285,0.00447100680321455,0.00447100680321455,0.447100680321455
Pythia_minus,178,MUR1.0_MUF1.0_PDF26230,pdf,11,2.18,2.5,0.6256763339042664,0.6300498843193054,1.0069901164196955,0.0069901165552437305,0.0069901165552437305,0.699011655524373
Pythia_minus,179,MUR1.0_MUF1.0_PDF13317,pdf,1,0.0,0.21,0.660984456539154,0.6609620451927185,0.9999660939887257,-3.390600977581926e-05,3.390600977581926e-05,-0.0033906009775819257
Pythia_minus,179,MUR1.0_MUF1.0_PDF13317,pdf,2,0.21,0.42,0.6471099853515625,0.6470831036567688,0.9999584588471787,-4.154115231358446e-05,4.154115231358446e-05,-0.004154115231358446
Pythia_minus,179,MUR1.0_MUF1.0_PDF13317,pdf,3,0.42,0.63,0.6394927501678467,0.6394659280776978,0.9999580572412402,-4.194275970803574e-05,4.194275970803574e-05,-0.004194275970803574
Pythia_minus,179,MUR1.0_MUF1.0_PDF13317,pdf,4,0.63,0.84,0.6380901336669922,0.6380636692047119,0.9999585255109209,-4.147448998992331e-05,4.147448998992331e-05,-0.004147448998992331
Pythia_minus,179,MUR1.0_MUF1.0_PDF13317,pdf,5,0.84,1.05,0.6463085412979126,0.6462761759757996,0.9999499227999555,-5.007720028515905e-05,5.007720028515905e-05,-0.005007720028515905
Pythia_minus,179,MUR1.0_MUF1.0_PDF13317,pdf,6,1.05,1.37,0.6265755295753479,0.6265256404876709,0.9999203781741831,-7.962182280607522e-05,7.962182280607522e-05,-0.007962182280607522
Pythia_minus,179,MUR1.0_MUF1.0_PDF13317,pdf,7,1.37,1.52,0.6408894062042236,0.6408591866493225,0.9999528474732012,-4.7152527258731425e-05,4.7152527258731425e-05,-0.0047152527258731425
Pythia_minus,179,MUR1.0_MUF1.0_PDF13317,pdf,8,1.52,1.74,0.6314683556556702,0.6314353346824646,0.9999477076358462,-5.2292365580797195e-05,5.2292365580797195e-05,-0.0052292365580797195
Pythia_minus,179,MUR1.0_MUF1.0_PDF13317,pdf,9,1.74,1.95,0.5918737053871155,0.591848611831665,0.9999576031926709,-4.239680856699124e-05,4.239680856699124e-05,-0.004239680856699124
Pythia_minus,179,MUR1.0_MUF1.0_PDF13317,pdf,10,1.95,2.18,0.6574898362159729,0.6574429869651794,0.9999287452851544,-7.125471165636554e-05,7.125471165636554e-05,-0.007125471165636554
Pythia_minus,179,MUR1.0_MUF1.0_PDF13317,pdf,11,2.18,2.5,0.6256763339042664,0.6256508827209473,0.9999593221256105,-4.067787449457683e-05,4.067787449457683e-05,-0.004067787449457683
Pythia_minus,180,MUR1.0_MUF1.0_PDF26231,pdf,1,0.0,0.21,0.660984456539154,0.659417450428009,0.9976292844776568,-0.002370715606957674,0.002370715606957674,-0.2370715606957674
Pythia_minus,180,MUR1.0_MUF1.0_PDF26231,pdf,2,0.21,0.42,0.6471099853515625,0.6454463005065918,0.9974290539743922,-0.00257094600237906,0.00257094600237906,-0.257094600237906
Pythia_minus,180,MUR1.0_MUF1.0_PDF26231,pdf,3,0.42,0.63,0.6394927501678467,0.6382251381874084,0.9980177852210123,-0.0019822148606181145,0.0019822148606181145,-0.19822148606181145
Pythia_minus,180,MUR1.0_MUF1.0_PDF26231,pdf,4,0.63,0.84,0.6380901336669922,0.6373933553695679,0.9989080252762724,-0.0010919746709987521,0.0010919746709987521,-0.10919746709987521
Pythia_minus,180,MUR1.0_MUF1.0_PDF26231,pdf,5,0.84,1.05,0.6463085412979126,0.6459237933158875,0.9994046992149408,-0.0005953008076176047,0.0005953008076176047,-0.05953008076176047
Pythia_minus,180,MUR1.0_MUF1.0_PDF26231,pdf,6,1.05,1.37,0.6265755295753479,0.6272122859954834,1.0010162484649967,0.001016248483210802,0.001016248483210802,0.10162484832108021
Pythia_minus,180,MUR1.0_MUF1.0_PDF26231,pdf,7,1.37,1.52,0.6408894062042236,0.6413987278938293,1.0007947107327335,0.0007947107078507543,0.0007947107078507543,0.07947107078507543
Pythia_minus,180,MUR1.0_MUF1.0_PDF26231,pdf,8,1.52,1.74,0.6314683556556702,0.6328022480010986,1.0021123660963873,0.0021123660262674093,0.0021123660262674093,0.21123660262674093
Pythia_minus,180,MUR1.0_MUF1.0_PDF26231,pdf,9,1.74,1.95,0.5918737053871155,0.5925301313400269,1.0011090642259264,0.0011090642074123025,0.0011090642074123025,0.11090642074123025
Pythia_minus,180,MUR1.0_MUF1.0_PDF26231,pdf,10,1.95,2.18,0.6574898362159729,0.6605940461158752,1.004721304769923,0.00472130486741662,0.00472130486741662,0.472130486741662
Pythia_minus,180,MUR1.0_MUF1.0_PDF26231,pdf,11,2.18,2.5,0.6256763339042664,0.6302720904350281,1.007345261889776,0.007345261983573437,0.007345261983573437,0.7345261983573437
Pythia_minus,181,MUR1.0_MUF1.0_PDF26232,pdf,1,0.0,0.21,0.660984456539154,0.6603661179542542,0.9990645187208524,-0.0009354812791571021,0.0009354812791571021,-0.09354812791571021
Pythia_minus,181,MUR1.0_MUF1.0_PDF26232,pdf,2,0.21,0.42,0.6471099853515625,0.6464557647705078,0.9989890117663703,-0.001010988256894052,0.001010988256894052,-0.1010988256894052
Pythia_minus,181,MUR1.0_MUF1.0_PDF26232,pdf,3,0.42,0.63,0.6394927501678467,0.6390376687049866,0.9992883711930421,-0.0007116288179531693,0.0007116288179531693,-0.07116288179531693
Pythia_minus,181,MUR1.0_MUF1.0_PDF26232,pdf,4,0.63,0.84,0.6380901336669922,0.6380102634429932,0.9998748292446711,-0.00012517075811047107,0.00012517075811047107,-0.012517075811047107
Pythia_minus,181,MUR1.0_MUF1.0_PDF26232,pdf,5,0.84,1.05,0.6463085412979126,0.6464316844940186,1.0001905331405008,0.00019053314463235438,0.00019053314463235438,0.019053314463235438
Pythia_minus,181,MUR1.0_MUF1.0_PDF26232,pdf,6,1.05,1.37,0.6265755295753479,0.6273778676986694,1.0012805130195004,0.0012805130099877715,0.0012805130099877715,0.12805130099877715
Pythia_minus,181,MUR1.0_MUF1.0_PDF26232,pdf,7,1.37,1.52,0.6408894062042236,0.6413958668708801,1.0007902465881846,0.0007902465877123177,0.0007902465877123177,0.07902465877123177
Pythia_minus,181,MUR1.0_MUF1.0_PDF26232,pdf,8,1.52,1.74,0.6314683556556702,0.6324551701545715,1.001562729929478,0.0015627299435436726,0.0015627299435436726,0.15627299435436726
Pythia_minus,181,MUR1.0_MUF1.0_PDF26232,pdf,9,1.74,1.95,0.5918737053871155,0.5924217700958252,1.000925982525869,0.0009259825455956161,0.0009259825455956161,0.09259825455956161
Pythia_minus,181,MUR1.0_MUF1.0_PDF26232,pdf,10,1.95,2.18,0.6574898362159729,0.6600052118301392,1.0038257254722642,0.003825725521892309,0.003825725521892309,0.3825725521892309
Pythia_minus,181,MUR1.0_MUF1.0_PDF26232,pdf,11,2.18,2.5,0.6256763339042664,0.6285253763198853,1.0045535403230623,0.004553540144115686,0.004553540144115686,0.45535401441156864
Pythia_minus,182,MUR1.0_MUF1.0_PDF26233,pdf,1,0.0,0.21,0.660984456539154,0.659947395324707,0.998431035398507,-0.001568964566104114,0.001568964566104114,-0.1568964566104114
Pythia_minus,182,MUR1.0_MUF1.0_PDF26233,pdf,2,0.21,0.42,0.6471099853515625,0.6459959149360657,0.9982783909370653,-0.001721609034575522,0.001721609034575522,-0.1721609034575522
Pythia_minus,182,MUR1.0_MUF1.0_PDF26233,pdf,3,0.42,0.63,0.6394927501678467,0.638670027256012,0.9987134757796413,-0.0012865242315456271,0.0012865242315456271,-0.1286524231545627
Pythia_minus,182,MUR1.0_MUF1.0_PDF26233,pdf,4,0.63,0.84,0.6380901336669922,0.6377137899398804,0.9994102028737711,-0.0005897970986552536,0.0005897970986552536,-0.058979709865525365
Pythia_minus,182,MUR1.0_MUF1.0_PDF26233,pdf,5,0.84,1.05,0.6463085412979126,0.6461697816848755,0.9997853043799197,-0.00021469562489073724,0.00021469562489073724,-0.021469562489073724
Pythia_minus,182,MUR1.0_MUF1.0_PDF26233,pdf,6,1.05,1.37,0.6265755295753479,0.6272327303886414,1.0010488772418846,0.0010488772531971335,0.0010488772531971335,0.10488772531971335
Pythia_minus,182,MUR1.0_MUF1.0_PDF26233,pdf,7,1.37,1.52,0.6408894062042236,0.6413611769676208,1.000736118835528,0.0007361188181675971,0.0007361188181675971,0.0736118818167597
Pythia_minus,182,MUR1.0_MUF1.0_PDF26233,pdf,8,1.52,1.74,0.6314683556556702,0.6325981616973877,1.0017891728565629,0.0017891728784888983,0.0017891728784888983,0.17891728784888983
Pythia_minus,182,MUR1.0_MUF1.0_PDF26233,pdf,9,1.74,1.95,0.5918737053871155,0.5924805998802185,1.0010253783663292,0.0010253783548250794,0.0010253783548250794,0.10253783548250794
Pythia_minus,182,MUR1.0_MUF1.0_PDF26233,pdf,10,1.95,2.18,0.6574898362159729,0.6602362394332886,1.0041771036844036,0.004177103750407696,0.004177103750407696,0.4177103750407696
Pythia_minus,182,MUR1.0_MUF1.0_PDF26233,pdf,11,2.18,2.5,0.6256763339042664,0.6293561458587646,1.0058813347334652,0.005881334654986858,0.005881334654986858,0.5881334654986858
Pythia_minus,183,MUR1.0_MUF1.0_PDF26234,pdf,1,0.0,0.21,0.660984456539154,0.6598954796791077,0.9983524924840923,-0.0016475075390189886,0.0016475075390189886,-0.16475075390189886
Pythia_minus,183,MUR1.0_MUF1.0_PDF26234,pdf,2,0.21,0.42,0.6471099853515625,0.6459680199623108,0.9982352839314768,-0.0017647161148488522,0.0017647161148488522,-0.17647161148488522
Pythia_minus,183,MUR1.0_MUF1.0_PDF26234,pdf,3,0.42,0.63,0.6394927501678467,0.6386421918869019,0.9986699485166617,-0.0013300514547154307,0.0013300514547154307,-0.13300514547154307
Pythia_minus,183,MUR1.0_MUF1.0_PDF26234,pdf,4,0.63,0.84,0.6380901336669922,0.6377492547035217,0.9994657824255776,-0.0005342175718396902,0.0005342175718396902,-0.05342175718396902
Pythia_minus,183,MUR1.0_MUF1.0_PDF26234,pdf,5,0.84,1.05,0.6463085412979126,0.6462397575378418,0.9998935744220049,-0.00010642557754181325,0.00010642557754181325,-0.010642557754181325
Pythia_minus,183,MUR1.0_MUF1.0_PDF26234,pdf,6,1.05,1.37,0.6265755295753479,0.6274287700653076,1.0013617520150173,0.001361752045340836,0.001361752045340836,0.1361752045340836
Pythia_minus,183,MUR1.0_MUF1.0_PDF26234,pdf,7,1.37,1.52,0.6408894062042236,0.6414605975151062,1.0008912478586056,0.0008912478806450963,0.0008912478806450963,0.08912478806450963
Pythia_minus,183,MUR1.0_MUF1.0_PDF26234,pdf,8,1.52,1.74,0.6314683556556702,0.6326632499694824,1.0018922473360863,0.0018922473536804318,0.0018922473536804318,0.18922473536804318
Pythia_minus,183,MUR1.0_MUF1.0_PDF26234,pdf,9,1.74,1.95,0.5918737053871155,0.5924781560897827,1.0010212494611024,0.0010212494526058435,0.0010212494526058435,0.10212494526058435
Pythia_minus,183,MUR1.0_MUF1.0_PDF26234,pdf,10,1.95,2.18,0.6574898362159729,0.6603968143463135,1.004421327859714,0.004421327728778124,0.004421327728778124,0.4421327728778124
Pythia_minus,183,MUR1.0_MUF1.0_PDF26234,pdf,11,2.18,2.5,0.6256763339042664,0.6293091177940369,1.0058061711669701,0.0058061713352799416,0.0058061713352799416,0.5806171335279942
Pythia_minus,184,MUR1.0_MUF1.0_PDF26235,pdf,1,0.0,0.21,0.660984456539154,0.6598846912384033,0.9983361707073886,-0.0016638293163850904,0.0016638293163850904,-0.16638293163850904
Pythia_minus,184,MUR1.0_MUF1.0_PDF26235,pdf,2,0.21,0.42,0.6471099853515625,0.6459345817565918,0.9981836107901625,-0.0018163892673328519,0.0018163892673328519,-0.1816389267332852
Pythia_minus,184,MUR1.0_MUF1.0_PDF26235,pdf,3,0.42,0.63,0.6394927501678467,0.6386212110519409,0.9986371399586985,-0.0013628600863739848,0.0013628600863739848,-0.13628600863739848
Pythia_minus,184,MUR1.0_MUF1.0_PDF26235,pdf,4,0.63,0.84,0.6380901336669922,0.6376929879188538,0.9993776024307787,-0.0006223975797183812,0.0006223975797183812,-0.06223975797183812
Pythia_minus,184,MUR1.0_MUF1.0_PDF26235,pdf,5,0.84,1.05,0.6463085412979126,0.6461548805236816,0.9997622485787943,-0.00023775141744408756,0.00023775141744408756,-0.023775141744408756
Pythia_minus,184,MUR1.0_MUF1.0_PDF26235,pdf,6,1.05,1.37,0.6265755295753479,0.6272631287574768,1.0010973923328843,0.0010973922908306122,0.0010973922908306122,0.10973922908306122
Pythia_minus,184,MUR1.0_MUF1.0_PDF26235,pdf,7,1.37,1.52,0.6408894062042236,0.6413825154304504,1.0007694139136225,0.000769413891248405,0.000769413891248405,0.0769413891248405
Pythia_minus,184,MUR1.0_MUF1.0_PDF26235,pdf,8,1.52,1.74,0.6314683556556702,0.6326355934143066,1.0018484501213438,0.0018484501633793116,0.0018484501633793116,0.18484501633793116
Pythia_minus,184,MUR1.0_MUF1.0_PDF26235,pdf,9,1.74,1.95,0.5918737053871155,0.5924805402755737,1.0010252776613235,0.0010252776555716991,0.0010252776555716991,0.10252776555716991
Pythia_minus,184,MUR1.0_MUF1.0_PDF26235,pdf,10,1.95,2.18,0.6574898362159729,0.6603101491928101,1.0042895157027352,0.004289515782147646,0.004289515782147646,0.4289515782147646
Pythia_minus,184,MUR1.0_MUF1.0_PDF26235,pdf,11,2.18,2.5,0.6256763339042664,0.6294581890106201,1.0060444272883948,0.006044427398592234,0.006044427398592234,0.6044427398592234
Pythia_minus,185,MUR1.0_MUF1.0_PDF26236,pdf,1,0.0,0.21,0.660984456539154,0.6600457429885864,0.9985798250756415,-0.0014201749581843615,0.0014201749581843615,-0.14201749581843615
Pythia_minus,185,MUR1.0_MUF1.0_PDF26236,pdf,2,0.21,0.42,0.6471099853515625,0.6461384296417236,0.9984986235233088,-0.0015013765078037977,0.0015013765078037977,-0.15013765078037977
Pythia_minus,185,MUR1.0_MUF1.0_PDF26236,pdf,3,0.42,0.63,0.6394927501678467,0.6387796998023987,0.9988849750599036,-0.0011150249047204852,0.0011150249047204852,-0.11150249047204852
Pythia_minus,185,MUR1.0_MUF1.0_PDF26236,pdf,4,0.63,0.84,0.6380901336669922,0.637830913066864,0.9995937555112496,-0.0004062444786541164,0.0004062444786541164,-0.04062444786541164
Pythia_minus,185,MUR1.0_MUF1.0_PDF26236,pdf,5,0.84,1.05,0.6463085412979126,0.6463243961334229,1.0000245313723974,2.453137312841136e-05,2.453137312841136e-05,0.002453137312841136
Pythia_minus,185,MUR1.0_MUF1.0_PDF26236,pdf,6,1.05,1.37,0.6265755295753479,0.6274610161781311,1.0014132160625284,0.0014132161159068346,0.0014132161159068346,0.14132161159068346
Pythia_minus,185,MUR1.0_MUF1.0_PDF26236,pdf,7,1.37,1.52,0.6408894062042236,0.6414560079574585,1.000884086626725,0.0008840866503305733,0.0008840866503305733,0.08840866503305733
Pythia_minus,185,MUR1.0_MUF1.0_PDF26236,pdf,8,1.52,1.74,0.6314683556556702,0.6326311230659485,1.0018413708301677,0.0018413708312436938,0.0018413708312436938,0.18413708312436938
Pythia_minus,185,MUR1.0_MUF1.0_PDF26236,pdf,9,1.74,1.95,0.5918737053871155,0.592511773109436,1.0010780470842224,0.0010780470911413431,0.0010780470911413431,0.10780470911413431
Pythia_minus,185,MUR1.0_MUF1.0_PDF26236,pdf,10,1.95,2.18,0.6574898362159729,0.6603261232376099,1.0043138112034713,0.00431381119415164,0.00431381119415164,0.431381119415164
Pythia_minus,185,MUR1.0_MUF1.0_PDF26236,pdf,11,2.18,2.5,0.6256763339042664,0.6290857791900635,1.0054492156743757,0.00544921588152647,0.00544921588152647,0.544921588152647
Pythia_minus,186,MUR1.0_MUF1.0_PDF26237,pdf,1,0.0,0.21,0.660984456539154,0.6599044799804688,0.9983661089939392,-0.0016338910209015012,0.0016338910209015012,-0.16338910209015012
Pythia_minus,186,MUR1.0_MUF1.0_PDF26237,pdf,2,0.21,0.42,0.6471099853515625,0.645954966545105,0.9982151120634771,-0.0017848879797384143,0.0017848879797384143,-0.17848879797384143
Pythia_minus,186,MUR1.0_MUF1.0_PDF26237,pdf,3,0.42,0.63,0.6394927501678467,0.638643741607666,0.9986723718760567,-0.0013276281533762813,0.0013276281533762813,-0.13276281533762813
Pythia_minus,186,MUR1.0_MUF1.0_PDF26237,pdf,4,0.63,0.84,0.6380901336669922,0.6377260684967041,0.9994294455421276,-0.0005705544608645141,0.0005705544608645141,-0.05705544608645141
Pythia_minus,186,MUR1.0_MUF1.0_PDF26237,pdf,5,0.84,1.05,0.6463085412979126,0.6461931467056274,0.9998214558760845,-0.00017854412726592273,0.00017854412726592273,-0.017854412726592273
Pythia_minus,186,MUR1.0_MUF1.0_PDF26237,pdf,6,1.05,1.37,0.6265755295753479,0.6273277401924133,1.0012005106831656,0.0012005106545984745,0.0012005106545984745,0.12005106545984745
Pythia_minus,186,MUR1.0_MUF1.0_PDF26237,pdf,7,1.37,1.52,0.6408894062042236,0.6414141654968262,1.000818798512696,0.0008187984931282699,0.0008187984931282699,0.08187984931282699
Pythia_minus,186,MUR1.0_MUF1.0_PDF26237,pdf,8,1.52,1.74,0.6314683556556702,0.6326773166656494,1.0019145235056537,0.0019145235419273376,0.0019145235419273376,0.19145235419273376
Pythia_minus,186,MUR1.0_MUF1.0_PDF26237,pdf,9,1.74,1.95,0.5918737053871155,0.5925027132034302,1.0010627399233816,0.0010627398733049631,0.0010627398733049631,0.10627398733049631
Pythia_minus,186,MUR1.0_MUF1.0_PDF26237,pdf,10,1.95,2.18,0.6574898362159729,0.6604192852973938,1.004455504739481,0.004455504938960075,0.004455504938960075,0.44555049389600754
Pythia_minus,186,MUR1.0_MUF1.0_PDF26237,pdf,11,2.18,2.5,0.6256763339042664,0.6294744610786438,1.0060704344539881,0.006070434581488371,0.006070434581488371,0.6070434581488371
Pythia_minus,187,MUR1.0_MUF1.0_PDF26238,pdf,1,0.0,0.21,0.660984456539154,0.6599479913711548,0.998431937154126,-0.0015680628130212426,0.0015680628130212426,-0.15680628130212426
Pythia_minus,187,MUR1.0_MUF1.0_PDF26238,pdf,2,0.21,0.42,0.6471099853515625,0.6460107564926147,0.9983013260746539,-0.0016986739356070757,0.0016986739356070757,-0.16986739356070757
Pythia_minus,187,MUR1.0_MUF1.0_PDF26238,pdf,3,0.42,0.63,0.6394927501678467,0.6386740803718567,0.9987198137965205,-0.0012801862321794033,0.0012801862321794033,-0.12801862321794033
Pythia_minus,187,MUR1.0_MUF1.0_PDF26238,pdf,4,0.63,0.84,0.6380901336669922,0.6377360820770264,0.9994451385920494,-0.0005548613844439387,0.0005548613844439387,-0.05548613844439387
Pythia_minus,187,MUR1.0_MUF1.0_PDF26238,pdf,5,0.84,1.05,0.6463085412979126,0.6462088823318481,0.9998458028020729,-0.00015419720148202032,0.00015419720148202032,-0.015419720148202032
Pythia_minus,187,MUR1.0_MUF1.0_PDF26238,pdf,6,1.05,1.37,0.6265755295753479,0.627308189868927,1.001169308820719,0.0011693087872117758,0.0011693087872117758,0.11693087872117758
Pythia_minus,187,MUR1.0_MUF1.0_PDF26238,pdf,7,1.37,1.52,0.6408894062042236,0.6413958072662354,1.000790153585173,0.000790153571870178,0.000790153571870178,0.0790153571870178
Pythia_minus,187,MUR1.0_MUF1.0_PDF26238,pdf,8,1.52,1.74,0.6314683556556702,0.6325945854187012,1.001783509423622,0.0017835093894973397,0.0017835093894973397,0.17835093894973397
Pythia_minus,187,MUR1.0_MUF1.0_PDF26238,pdf,9,1.74,1.95,0.5918737053871155,0.5924716591835022,1.0010102726154992,0.0010102726519107819,0.0010102726519107819,0.10102726519107819
Pythia_minus,187,MUR1.0_MUF1.0_PDF26238,pdf,10,1.95,2.18,0.6574898362159729,0.6602276563644409,1.0041640493855006,0.004164049401879311,0.004164049401879311,0.41640494018793106
Pythia_minus,187,MUR1.0_MUF1.0_PDF26238,pdf,11,2.18,2.5,0.6256763339042664,0.6292228698730469,1.0056683236628912,0.005668323487043381,0.005668323487043381,0.5668323487043381
Pythia_minus,188,MUR1.0_MUF1.0_PDF26239,pdf,1,0.0,0.21,0.660984456539154,0.660586953163147,0.9993986191776909,-0.0006013808306306601,0.0006013808306306601,-0.060138083063066006
Pythia_minus,188,MUR1.0_MUF1.0_PDF26239,pdf,2,0.21,0.42,0.6471099853515625,0.6466764807701111,0.9993300913426395,-0.0006699086516164243,0.0006699086516164243,-0.06699086516164243
Pythia_minus,188,MUR1.0_MUF1.0_PDF26239,pdf,3,0.42,0.63,0.6394927501678467,0.6391562223434448,0.9994737581867604,-0.0005262418417260051,0.0005262418417260051,-0.05262418417260051
Pythia_minus,188,MUR1.0_MUF1.0_PDF26239,pdf,4,0.63,0.84,0.6380901336669922,0.6379956007003784,0.999851850135857,-0.0001481498620705679,0.0001481498620705679,-0.01481498620705679
Pythia_minus,188,MUR1.0_MUF1.0_PDF26239,pdf,5,0.84,1.05,0.6463085412979126,0.6464745402336121,1.0002568416245377,0.00025684162392280996,0.00025684162392280996,0.025684162392280996
Pythia_minus,188,MUR1.0_MUF1.0_PDF26239,pdf,6,1.05,1.37,0.6265755295753479,0.6271973848342896,1.000992466557644,0.0009924665791913867,0.0009924665791913867,0.09924665791913867
Pythia_minus,188,MUR1.0_MUF1.0_PDF26239,pdf,7,1.37,1.52,0.6408894062042236,0.6413154602050781,1.0006647855257553,0.0006647855043411255,0.0006647855043411255,0.06647855043411255
Pythia_minus,188,MUR1.0_MUF1.0_PDF26239,pdf,8,1.52,1.74,0.6314683556556702,0.6323233842849731,1.0013540324256078,0.0013540324289351702,0.0013540324289351702,0.13540324289351702
Pythia_minus,188,MUR1.0_MUF1.0_PDF26239,pdf,9,1.74,1.95,0.5918737053871155,0.5928082466125488,1.00157895378174,0.0015789538156241179,0.0015789538156241179,0.15789538156241179
Pythia_minus,188,MUR1.0_MUF1.0_PDF26239,pdf,10,1.95,2.18,0.6574898362159729,0.6593555212020874,1.0028375875691888,0.0028375876136124134,0.0028375876136124134,0.28375876136124134
Pythia_minus,188,MUR1.0_MUF1.0_PDF26239,pdf,11,2.18,2.5,0.6256763339042664,0.6274738907814026,1.00287298205115,0.0028729820623993874,0.0028729820623993874,0.28729820623993874
Pythia_minus,189,MUR1.0_MUF1.0_PDF26240,pdf,1,0.0,0.21,0.660984456539154,0.6592801809310913,0.9974216101586016,-0.0025783898308873177,0.0025783898308873177,-0.25783898308873177
Pythia_minus,189,MUR1.0_MUF1.0_PDF26240,pdf,2,0.21,0.42,0.6471099853515625,0.6452829837799072,0.99717667535193,-0.002823324641212821,0.002823324641212821,-0.2823324641212821
Pythia_minus,189,MUR1.0_MUF1.0_PDF26240,pdf,3,0.42,0.63,0.6394927501678467,0.6381887197494507,0.9979608362752295,-0.002039163839071989,0.002039163839071989,-0.2039163839071989
Pythia_minus,189,MUR1.0_MUF1.0_PDF26240,pdf,4,0.63,0.84,0.6380901336669922,0.6374636292457581,0.9990181568587596,-0.0009818430989980698,0.0009818430989980698,-0.09818430989980698
Pythia_minus,189,MUR1.0_MUF1.0_PDF26240,pdf,5,0.84,1.05,0.6463085412979126,0.6458401679992676,0.9992753100590247,-0.0007246899185702205,0.0007246899185702205,-0.07246899185702205
Pythia_minus,189,MUR1.0_MUF1.0_PDF26240,pdf,6,1.05,1.37,0.6265755295753479,0.6272081732749939,1.0010096846585674,0.001009684638120234,0.001009684638120234,0.1009684638120234
Pythia_minus,189,MUR1.0_MUF1.0_PDF26240,pdf,7,1.37,1.52,0.6408894062042236,0.6413922905921936,1.0007846664074982,0.0007846663938835263,0.0007846663938835263,0.07846663938835263
Pythia_minus,189,MUR1.0_MUF1.0_PDF26240,pdf,8,1.52,1.74,0.6314683556556702,0.6328054666519165,1.0021174631860341,0.00211746315471828,0.00211746315471828,0.21174631547182798
Pythia_minus,189,MUR1.0_MUF1.0_PDF26240,pdf,9,1.74,1.95,0.5918737053871155,0.5919065475463867,1.0000554884580484,5.5488457292085513e-05,5.5488457292085513e-05,0.005548845729208551
Pythia_minus,189,MUR1.0_MUF1.0_PDF26240,pdf,10,1.95,2.18,0.6574898362159729,0.6609054803848267,1.0051949763794246,0.005194976460188627,0.005194976460188627,0.5194976460188627
Pythia_minus,189,MUR1.0_MUF1.0_PDF26240,pdf,11,2.18,2.5,0.6256763339042664,0.6311236619949341,1.0087063035558272,0.00870630331337452,0.00870630331337452,0.8706303313374519
Pythia_minus,190,MUR1.0_MUF1.0_PDF13318,pdf,1,0.0,0.21,0.660984456539154,0.6609628200531006,0.9999672662710304,-3.2733729312894866e-05,3.2733729312894866e-05,-0.0032733729312894866
Pythia_minus,190,MUR1.0_MUF1.0_PDF13318,pdf,2,0.21,0.42,0.6471099853515625,0.6470839977264404,0.9999598404819732,-4.0159517084248364e-05,4.0159517084248364e-05,-0.004015951708424836
Pythia_minus,190,MUR1.0_MUF1.0_PDF13318,pdf,3,0.42,0.63,0.6394927501678467,0.639467716217041,0.9999608534251575,-3.914657645509578e-05,3.914657645509578e-05,-0.003914657645509578
Pythia_minus,190,MUR1.0_MUF1.0_PDF13318,pdf,4,0.63,0.84,0.6380901336669922,0.6380622386932373,0.9999562836466463,-4.37163544120267e-05,4.37163544120267e-05,-0.00437163544120267
Pythia_minus,190,MUR1.0_MUF1.0_PDF13318,pdf,5,0.84,1.05,0.6463085412979126,0.6462743878364563,0.9999471561038205,-5.284389771986753e-05,5.284389771986753e-05,-0.005284389771986753
Pythia_minus,190,MUR1.0_MUF1.0_PDF13318,pdf,6,1.05,1.37,0.6265755295753479,0.6265242695808411,0.9999181902387067,-8.180976146832108e-05,8.180976146832108e-05,-0.008180976146832108
Pythia_minus,190,MUR1.0_MUF1.0_PDF13318,pdf,7,1.37,1.52,0.6408894062042236,0.640857458114624,0.9999501503858695,-4.984961560694501e-05,4.984961560694501e-05,-0.004984961560694501
Pythia_minus,190,MUR1.0_MUF1.0_PDF13318,pdf,8,1.52,1.74,0.6314683556556702,0.6314348578453064,0.999946952511454,-5.30474899278488e-05,5.30474899278488e-05,-0.00530474899278488
Pythia_minus,190,MUR1.0_MUF1.0_PDF13318,pdf,9,1.74,1.95,0.5918737053871155,0.5918475389480591,0.9999557905025713,-4.4209496991243213e-05,4.4209496991243213e-05,-0.004420949699124321
Pythia_minus,190,MUR1.0_MUF1.0_PDF13318,pdf,10,1.95,2.18,0.6574898362159729,0.6574415564537048,0.9999265695686705,-7.34304339857772e-05,7.34304339857772e-05,-0.00734304339857772
Pythia_minus,190,MUR1.0_MUF1.0_PDF13318,pdf,11,2.18,2.5,0.6256763339042664,0.62565016746521,0.9999581789534965,-4.182104748906568e-05,4.182104748906568e-05,-0.004182104748906568
Pythia_minus,191,MUR1.0_MUF1.0_PDF26241,pdf,1,0.0,0.21,0.660984456539154,0.6591566205024719,0.9972346762187836,-0.0027653237339109182,0.0027653237339109182,-0.2765323733910918
Pythia_minus,191,MUR1.0_MUF1.0_PDF26241,pdf,2,0.21,0.42,0.6471099853515625,0.6450374126434326,0.9967971863283737,-0.0032028136774897575,0.0032028136774897575,-0.32028136774897575
Pythia_minus,191,MUR1.0_MUF1.0_PDF26241,pdf,3,0.42,0.63,0.6394927501678467,0.6381051540374756,0.9978301612801601,-0.0021698386408388615,0.0021698386408388615,-0.21698386408388615
Pythia_minus,191,MUR1.0_MUF1.0_PDF26241,pdf,4,0.63,0.84,0.6380901336669922,0.6373651623725891,0.9988638418678615,-0.0011361581273376942,0.0011361581273376942,-0.11361581273376942
Pythia_minus,191,MUR1.0_MUF1.0_PDF26241,pdf,5,0.84,1.05,0.6463085412979126,0.6455936431884766,0.9988938748852052,-0.0011061250697821379,0.0011061250697821379,-0.11061250697821379
Pythia_minus,191,MUR1.0_MUF1.0_PDF26241,pdf,6,1.05,1.37,0.6265755295753479,0.6269568800926208,1.000608626572971,0.0006086265784688294,0.0006086265784688294,0.06086265784688294
Pythia_minus,191,MUR1.0_MUF1.0_PDF26241,pdf,7,1.37,1.52,0.6408894062042236,0.6412646174430847,1.0005854539569992,0.0005854539340361953,0.0005854539340361953,0.05854539340361953
Pythia_minus,191,MUR1.0_MUF1.0_PDF26241,pdf,8,1.52,1.74,0.6314683556556702,0.6330670714378357,1.002531743305657,0.002531743375584483,0.002531743375584483,0.2531743375584483
Pythia_minus,191,MUR1.0_MUF1.0_PDF26241,pdf,9,1.74,1.95,0.5918737053871155,0.5919421315193176,1.000115609346351,0.00011560934945009649,0.00011560934945009649,0.011560934945009649
Pythia_minus,191,MUR1.0_MUF1.0_PDF26241,pdf,10,1.95,2.18,0.6574898362159729,0.6616752743721008,1.0063657838122886,0.006365783978253603,0.006365783978253603,0.6365783978253603
Pythia_minus,191,MUR1.0_MUF1.0_PDF26241,pdf,11,2.18,2.5,0.6256763339042664,0.6325225830078125,1.0109421576821118,0.010942157357931137,0.010942157357931137,1.0942157357931137
Pythia_minus,192,MUR1.0_MUF1.0_PDF26242,pdf,1,0.0,0.21,0.660984456539154,0.6609573364257812,0.9999589701193357,-4.1029881685972214e-05,4.1029881685972214e-05,-0.004102988168597221
Pythia_minus,192,MUR1.0_MUF1.0_PDF26242,pdf,2,0.21,0.42,0.6471099853515625,0.6471114158630371,1.0000022106156712,2.2106157757662004e-06,2.2106157757662004e-06,0.00022106157757662004
Pythia_minus,192,MUR1.0_MUF1.0_PDF26242,pdf,3,0.42,0.63,0.6394927501678467,0.639421284198761,0.9998882458494378,-0.00011175414692843333,0.00011175414692843333,-0.011175414692843333
Pythia_minus,192,MUR1.0_MUF1.0_PDF26242,pdf,4,0.63,0.84,0.6380901336669922,0.6381345987319946,1.0000696846145338,6.968461093492806e-05,6.968461093492806e-05,0.006968461093492806
Pythia_minus,192,MUR1.0_MUF1.0_PDF26242,pdf,5,0.84,1.05,0.6463085412979126,0.6466079950332642,1.0004633293794172,0.0004633293719962239,0.0004633293719962239,0.04633293719962239
Pythia_minus,192,MUR1.0_MUF1.0_PDF26242,pdf,6,1.05,1.37,0.6265755295753479,0.6269709467887878,1.000631076693512,0.0006310766912065446,0.0006310766912065446,0.06310766912065446
Pythia_minus,192,MUR1.0_MUF1.0_PDF26242,pdf,7,1.37,1.52,0.6408894062042236,0.641170084476471,1.0004379511808592,0.0004379511810839176,0.0004379511810839176,0.04379511810839176
Pythia_minus,192,MUR1.0_MUF1.0_PDF26242,pdf,8,1.52,1.74,0.6314683556556702,0.6317467093467712,1.000440803863896,0.0004408038512337953,0.0004408038512337953,0.04408038512337953
Pythia_minus,192,MUR1.0_MUF1.0_PDF26242,pdf,9,1.74,1.95,0.5918737053871155,0.5925160050392151,1.0010851971396153,0.0010851970873773098,0.0010851970873773098,0.10851970873773098
Pythia_minus,192,MUR1.0_MUF1.0_PDF26242,pdf,10,1.95,2.18,0.6574898362159729,0.6579748392105103,1.0007376585428738,0.0007376585272140801,0.0007376585272140801,0.07376585272140801
Pythia_minus,192,MUR1.0_MUF1.0_PDF26242,pdf,11,2.18,2.5,0.6256763339042664,0.6257838010787964,1.0001717616101273,0.000171761610545218,0.000171761610545218,0.0171761610545218
Pythia_minus,193,MUR1.0_MUF1.0_PDF26243,pdf,1,0.0,0.21,0.660984456539154,0.660091757774353,0.9986494406094281,-0.0013505594106391072,0.0013505594106391072,-0.13505594106391072
Pythia_minus,193,MUR1.0_MUF1.0_PDF26243,pdf,2,0.21,0.42,0.6471099853515625,0.6462087035179138,0.9986072200181565,-0.0013927799882367253,0.0013927799882367253,-0.13927799882367253
Pythia_minus,193,MUR1.0_MUF1.0_PDF26243,pdf,3,0.42,0.63,0.6394927501678467,0.6388069987297058,0.998927663467708,-0.0010723365703597665,0.0010723365703597665,-0.10723365703597665
Pythia_minus,193,MUR1.0_MUF1.0_PDF26243,pdf,4,0.63,0.84,0.6380901336669922,0.6378666162490845,0.9996497087071019,-0.00035029128775931895,0.00035029128775931895,-0.035029128775931895
Pythia_minus,193,MUR1.0_MUF1.0_PDF26243,pdf,5,0.84,1.05,0.6463085412979126,0.646323025226593,1.0000224102386939,2.2410238671000116e-05,2.2410238671000116e-05,0.0022410238671000116
Pythia_minus,193,MUR1.0_MUF1.0_PDF26243,pdf,6,1.05,1.37,0.6265755295753479,0.6273148059844971,1.0011798679875836,0.0011798680061474442,0.0011798680061474442,0.11798680061474442
Pythia_minus,193,MUR1.0_MUF1.0_PDF26243,pdf,7,1.37,1.52,0.6408894062042236,0.6413876414299011,1.000777412172606,0.0007774121477268636,0.0007774121477268636,0.07774121477268636
Pythia_minus,193,MUR1.0_MUF1.0_PDF26243,pdf,8,1.52,1.74,0.6314683556556702,0.6323572397232056,1.0014076462574477,0.001407646224834025,0.001407646224834025,0.1407646224834025
Pythia_minus,193,MUR1.0_MUF1.0_PDF26243,pdf,9,1.74,1.95,0.5918737053871155,0.5921558141708374,1.0004766367911841,0.0004766367783304304,0.0004766367783304304,0.04766367783304304
Pythia_minus,193,MUR1.0_MUF1.0_PDF26243,pdf,10,1.95,2.18,0.6574898362159729,0.6596187353134155,1.0032379194022147,0.0032379194162786007,0.0032379194162786007,0.32379194162786007
Pythia_minus,193,MUR1.0_MUF1.0_PDF26243,pdf,11,2.18,2.5,0.6256763339042664,0.6285109519958496,1.0045304863520967,0.004530486185103655,0.004530486185103655,0.4530486185103655
Pythia_minus,194,MUR1.0_MUF1.0_PDF26244,pdf,1,0.0,0.21,0.660984456539154,0.6600860953330994,0.9986408739310476,-0.0013591260649263859,0.0013591260649263859,-0.1359126064926386
Pythia_minus,194,MUR1.0_MUF1.0_PDF26244,pdf,2,0.21,0.42,0.6471099853515625,0.6460105776786804,0.9983010497476951,-0.0016989503055810928,0.0016989503055810928,-0.16989503055810928
Pythia_minus,194,MUR1.0_MUF1.0_PDF26244,pdf,3,0.42,0.63,0.6394927501678467,0.6387503147125244,0.9988390244375289,-0.0011609755456447601,0.0011609755456447601,-0.11609755456447601
Pythia_minus,194,MUR1.0_MUF1.0_PDF26244,pdf,4,0.63,0.84,0.6380901336669922,0.6376674175262451,0.9993375291068711,-0.0006624708767049015,0.0006624708767049015,-0.06624708767049015
Pythia_minus,194,MUR1.0_MUF1.0_PDF26244,pdf,5,0.84,1.05,0.6463085412979126,0.6459748148918152,0.9994836422779944,-0.000516357715241611,0.000516357715241611,-0.0516357715241611
Pythia_minus,194,MUR1.0_MUF1.0_PDF26244,pdf,6,1.05,1.37,0.6265755295753479,0.6267871856689453,1.000337798212038,0.0003377982066012919,0.0003377982066012919,0.03377982066012919
Pythia_minus,194,MUR1.0_MUF1.0_PDF26244,pdf,7,1.37,1.52,0.6408894062042236,0.6411471366882324,1.0004021450214557,0.0004021450295113027,0.0004021450295113027,0.04021450295113027
Pythia_minus,194,MUR1.0_MUF1.0_PDF26244,pdf,8,1.52,1.74,0.6314683556556702,0.6326462626457214,1.0018653460296174,0.001865345984697342,0.001865345984697342,0.1865345984697342
Pythia_minus,194,MUR1.0_MUF1.0_PDF26244,pdf,9,1.74,1.95,0.5918737053871155,0.5926377773284912,1.0012909374659176,0.0012909374199807644,0.0012909374199807644,0.12909374199807644
Pythia_minus,194,MUR1.0_MUF1.0_PDF26244,pdf,10,1.95,2.18,0.6574898362159729,0.6604560613632202,1.0045114387840863,0.004511438775807619,0.004511438775807619,0.4511438775807619
Pythia_minus,194,MUR1.0_MUF1.0_PDF26244,pdf,11,2.18,2.5,0.6256763339042664,0.6300968527793884,1.0070651847218477,0.007065184880048037,0.007065184880048037,0.7065184880048037
Pythia_minus,195,MUR1.0_MUF1.0_PDF26245,pdf,1,0.0,0.21,0.660984456539154,0.6606040596961975,0.9994244995639561,-0.0005755004240199924,0.0005755004240199924,-0.057550042401999235
Pythia_minus,195,MUR1.0_MUF1.0_PDF26245,pdf,2,0.21,0.42,0.6471099853515625,0.6467821598052979,0.9994934005753495,-0.0005065994337201118,0.0005065994337201118,-0.050659943372011185
Pythia_minus,195,MUR1.0_MUF1.0_PDF26245,pdf,3,0.42,0.63,0.6394927501678467,0.6391580700874329,0.9994766475768084,-0.0005233524134382606,0.0005233524134382606,-0.052335241343826056
Pythia_minus,195,MUR1.0_MUF1.0_PDF26245,pdf,4,0.63,0.84,0.6380901336669922,0.6381062865257263,1.0000253143841,2.5314384402008727e-05,2.5314384402008727e-05,0.0025314384402008727
Pythia_minus,195,MUR1.0_MUF1.0_PDF26245,pdf,5,0.84,1.05,0.6463085412979126,0.6467626094818115,1.0007025563718948,0.0007025563973002136,0.0007025563973002136,0.07025563973002136
Pythia_minus,195,MUR1.0_MUF1.0_PDF26245,pdf,6,1.05,1.37,0.6265755295753479,0.6276541948318481,1.0017215247094493,0.0017215247498825192,0.0017215247498825192,0.17215247498825192
Pythia_minus,195,MUR1.0_MUF1.0_PDF26245,pdf,7,1.37,1.52,0.6408894062042236,0.641603410243988,1.00111408307401,0.0011140831047669053,0.0011140831047669053,0.11140831047669053
Pythia_minus,195,MUR1.0_MUF1.0_PDF26245,pdf,8,1.52,1.74,0.6314683556556702,0.6323641538619995,1.0014185955611334,0.0014185955515131354,0.0014185955515131354,0.14185955515131354
Pythia_minus,195,MUR1.0_MUF1.0_PDF26245,pdf,9,1.74,1.95,0.5918737053871155,0.5931068062782288,1.0020833851544508,0.002083385130390525,0.002083385130390525,0.2083385130390525
Pythia_minus,195,MUR1.0_MUF1.0_PDF26245,pdf,10,1.95,2.18,0.6574898362159729,0.6590580344200134,1.0023851291954047,0.0023851292207837105,0.0023851292207837105,0.23851292207837105
Pythia_minus,195,MUR1.0_MUF1.0_PDF26245,pdf,11,2.18,2.5,0.6256763339042664,0.6260324716567993,1.0005692044484256,0.0005692044505849481,0.0005692044505849481,0.056920445058494806
Pythia_minus,196,MUR1.0_MUF1.0_PDF26246,pdf,1,0.0,0.21,0.660984456539154,0.6598884463310242,0.9983418517677882,-0.001658148248679936,0.001658148248679936,-0.1658148248679936
Pythia_minus,196,MUR1.0_MUF1.0_PDF26246,pdf,2,0.21,0.42,0.6471099853515625,0.6459335684776306,0.9981820449373954,-0.0018179550534114242,0.0018179550534114242,-0.18179550534114242
Pythia_minus,196,MUR1.0_MUF1.0_PDF26246,pdf,3,0.42,0.63,0.6394927501678467,0.6387802958488464,0.9988859071212094,-0.0011140928836539388,0.0011140928836539388,-0.11140928836539388
Pythia_minus,196,MUR1.0_MUF1.0_PDF26246,pdf,4,0.63,0.84,0.6380901336669922,0.6378142237663269,0.9995676004280466,-0.00043239956721663475,0.00043239956721663475,-0.043239956721663475
Pythia_minus,196,MUR1.0_MUF1.0_PDF26246,pdf,5,0.84,1.05,0.6463085412979126,0.6460219621658325,0.9995565908327553,-0.0004434091679286212,0.0004434091679286212,-0.04434091679286212
Pythia_minus,196,MUR1.0_MUF1.0_PDF26246,pdf,6,1.05,1.37,0.6265755295753479,0.6269264221191406,1.000560016354342,0.0005600163713097572,0.0005600163713097572,0.05600163713097572
Pythia_minus,196,MUR1.0_MUF1.0_PDF26246,pdf,7,1.37,1.52,0.6408894062042236,0.6412983536720276,1.0006380936614727,0.000638093682937324,0.000638093682937324,0.0638093682937324
Pythia_minus,196,MUR1.0_MUF1.0_PDF26246,pdf,8,1.52,1.74,0.6314683556556702,0.6320776343345642,1.0009648601920225,0.0009648601990193129,0.0009648601990193129,0.09648601990193129
Pythia_minus,196,MUR1.0_MUF1.0_PDF26246,pdf,9,1.74,1.95,0.5918737053871155,0.5909855365753174,0.9984993947125642,-0.0015006052562966943,0.0015006052562966943,-0.15006052562966943
Pythia_minus,196,MUR1.0_MUF1.0_PDF26246,pdf,10,1.95,2.18,0.6574898362159729,0.6581900119781494,1.001064922563984,0.0010649225441738963,0.0010649225441738963,0.10649225441738963
Pythia_minus,196,MUR1.0_MUF1.0_PDF26246,pdf,11,2.18,2.5,0.6256763339042664,0.6305481195449829,1.0077864310614344,0.007786430884152651,0.007786430884152651,0.7786430884152651
Pythia_minus,197,MUR1.0_MUF1.0_PDF26247,pdf,1,0.0,0.21,0.660984456539154,0.6597709655761719,0.9981641157352839,-0.0018358842935413122,0.0018358842935413122,-0.18358842935413122
Pythia_minus,197,MUR1.0_MUF1.0_PDF26247,pdf,2,0.21,0.42,0.6471099853515625,0.645757794380188,0.9979104155367964,-0.002089584479108453,0.002089584479108453,-0.20895844791084528
Pythia_minus,197,MUR1.0_MUF1.0_PDF26247,pdf,3,0.42,0.63,0.6394927501678467,0.6384773254394531,0.9984121403594849,-0.0015878595877438784,0.0015878595877438784,-0.15878595877438784
Pythia_minus,197,MUR1.0_MUF1.0_PDF26247,pdf,4,0.63,0.84,0.6380901336669922,0.6378058195114136,0.9995544294754336,-0.00044557053479366004,0.00044557053479366004,-0.044557053479366004
Pythia_minus,197,MUR1.0_MUF1.0_PDF26247,pdf,5,0.84,1.05,0.6463085412979126,0.6462598443031311,0.9999246536419221,-7.534636097261682e-05,7.534636097261682e-05,-0.007534636097261682
Pythia_minus,197,MUR1.0_MUF1.0_PDF26247,pdf,6,1.05,1.37,0.6265755295753479,0.6275458931922913,1.0015486778068097,0.0015486777992919087,0.0015486777992919087,0.15486777992919087
Pythia_minus,197,MUR1.0_MUF1.0_PDF26247,pdf,7,1.37,1.52,0.6408894062042236,0.6416075825691223,1.0011205932848106,0.0011205932823941112,0.0011205932823941112,0.11205932823941112
Pythia_minus,197,MUR1.0_MUF1.0_PDF26247,pdf,8,1.52,1.74,0.6314683556556702,0.6325516700744629,1.001715548228332,0.001715548220090568,0.001715548220090568,0.1715548220090568
Pythia_minus,197,MUR1.0_MUF1.0_PDF26247,pdf,9,1.74,1.95,0.5918737053871155,0.5923491716384888,1.0008033238291305,0.0008033238118514419,0.0008033238118514419,0.08033238118514419
Pythia_minus,197,MUR1.0_MUF1.0_PDF26247,pdf,10,1.95,2.18,0.6574898362159729,0.6602281928062439,1.0041648652791821,0.004164865240454674,0.004164865240454674,0.4164865240454674
Pythia_minus,197,MUR1.0_MUF1.0_PDF26247,pdf,11,2.18,2.5,0.6256763339042664,0.6287451386451721,1.0049047799550868,0.004904780071228743,0.004904780071228743,0.49047800712287426
Pythia_minus,198,MUR1.0_MUF1.0_PDF26248,pdf,1,0.0,0.21,0.660984456539154,0.6595838069915771,0.9978809644709188,-0.0021190354600548744,0.0021190354600548744,-0.21190354600548744
Pythia_minus,198,MUR1.0_MUF1.0_PDF26248,pdf,2,0.21,0.42,0.6471099853515625,0.6456784605979919,0.997787818476031,-0.002212181454524398,0.002212181454524398,-0.22121814545243979
Pythia_minus,198,MUR1.0_MUF1.0_PDF26248,pdf,3,0.42,0.63,0.6394927501678467,0.6384100317955017,0.9983069106380631,-0.0016930893762037158,0.0016930893762037158,-0.16930893762037158
Pythia_minus,198,MUR1.0_MUF1.0_PDF26248,pdf,4,0.63,0.84,0.6380901336669922,0.6373602747917175,0.9988561821649234,-0.0011438177898526192,0.0011438177898526192,-0.11438177898526192
Pythia_minus,198,MUR1.0_MUF1.0_PDF26248,pdf,5,0.84,1.05,0.6463085412979126,0.645937979221344,0.9994266483376122,-0.0005733516882173717,0.0005733516882173717,-0.05733516882173717
Pythia_minus,198,MUR1.0_MUF1.0_PDF26248,pdf,6,1.05,1.37,0.6265755295753479,0.6270194053649902,1.0007084154562231,0.0007084154640324414,0.0007084154640324414,0.07084154640324414
Pythia_minus,198,MUR1.0_MUF1.0_PDF26248,pdf,7,1.37,1.52,0.6408894062042236,0.6412661075592041,1.000587779032285,0.0005877790390513837,0.0005877790390513837,0.05877790390513837
Pythia_minus,198,MUR1.0_MUF1.0_PDF26248,pdf,8,1.52,1.74,0.6314683556556702,0.6331393122673035,1.0026461446510622,0.002646144712343812,0.002646144712343812,0.2646144712343812
Pythia_minus,198,MUR1.0_MUF1.0_PDF26248,pdf,9,1.74,1.95,0.5918737053871155,0.593012809753418,1.0019245733607265,0.0019245733274146914,0.0019245733274146914,0.19245733274146914
Pythia_minus,198,MUR1.0_MUF1.0_PDF26248,pdf,10,1.95,2.18,0.6574898362159729,0.6608622670173645,1.005129251610642,0.005129251629114151,0.005129251629114151,0.5129251629114151
Pythia_minus,198,MUR1.0_MUF1.0_PDF26248,pdf,11,2.18,2.5,0.6256763339042664,0.6310015320777893,1.0085111069173631,0.008511106483638287,0.008511106483638287,0.8511106483638287
Pythia_minus,199,MUR1.0_MUF1.0_PDF26249,pdf,1,0.0,0.21,0.660984456539154,0.6599652171134949,0.998457997891515,-0.001542002079077065,0.001542002079077065,-0.1542002079077065
Pythia_minus,199,MUR1.0_MUF1.0_PDF26249,pdf,2,0.21,0.42,0.6471099853515625,0.6460273265838623,0.9983269323728454,-0.0016730675706639886,0.0016730675706639886,-0.16730675706639886
Pythia_minus,199,MUR1.0_MUF1.0_PDF26249,pdf,3,0.42,0.63,0.6394927501678467,0.6386850476264954,0.9987369637245468,-0.0012630362762138247,0.0012630362762138247,-0.12630362762138247
Pythia_minus,199,MUR1.0_MUF1.0_PDF26249,pdf,4,0.63,0.84,0.6380901336669922,0.6377619504928589,0.9994856789710141,-0.0005143210291862488,0.0005143210291862488,-0.05143210291862488
Pythia_minus,199,MUR1.0_MUF1.0_PDF26249,pdf,5,0.84,1.05,0.6463085412979126,0.6462347507476807,0.9998858276728267,-0.00011417232599342242,0.00011417232599342242,-0.011417232599342242
Pythia_minus,199,MUR1.0_MUF1.0_PDF26249,pdf,6,1.05,1.37,0.6265755295753479,0.6273415684700012,1.0012225802931891,0.0012225803220644593,0.0012225803220644593,0.12225803220644593
Pythia_minus,199,MUR1.0_MUF1.0_PDF26249,pdf,7,1.37,1.52,0.6408894062042236,0.6414180397987366,1.0008248437084393,0.000824843707960099,0.000824843707960099,0.0824843707960099
Pythia_minus,199,MUR1.0_MUF1.0_PDF26249,pdf,8,1.52,1.74,0.6314683556556702,0.6325785517692566,1.0017581183659372,0.0017581183928996325,0.0017581183928996325,0.17581183928996325
Pythia_minus,199,MUR1.0_MUF1.0_PDF26249,pdf,9,1.74,1.95,0.5918737053871155,0.5924513936042786,1.0009760329136184,0.0009760329267010093,0.0009760329267010093,0.09760329267010093
Pythia_minus,199,MUR1.0_MUF1.0_PDF26249,pdf,10,1.95,2.18,0.6574898362159729,0.6601967215538025,1.0041169995165378,0.004116999451071024,0.004116999451071024,0.4116999451071024
Pythia_minus,199,MUR1.0_MUF1.0_PDF26249,pdf,11,2.18,2.5,0.6256763339042664,0.6291117668151855,1.0054907509278508,0.005490751005709171,0.005490751005709171,0.5490751005709171
Pythia_minus,200,MUR1.0_MUF1.0_PDF26250,pdf,1,0.0,0.21,0.660984456539154,0.6598990559577942,0.9983579030178064,-0.00164209702052176,0.00164209702052176,-0.164209702052176
Pythia_minus,200,MUR1.0_MUF1.0_PDF26250,pdf,2,0.21,0.42,0.6471099853515625,0.6459543108940125,0.9982140988646278,-0.001785901142284274,0.001785901142284274,-0.1785901142284274
Pythia_minus,200,MUR1.0_MUF1.0_PDF26250,pdf,3,0.42,0.63,0.6394927501678467,0.6386386156082153,0.9986643561488271,-0.001335643813945353,0.001335643813945353,-0.1335643813945353
Pythia_minus,200,MUR1.0_MUF1.0_PDF26250,pdf,4,0.63,0.84,0.6380901336669922,0.6377020478248596,0.9993918009045175,-0.0006081991014070809,0.0006081991014070809,-0.06081991014070809
Pythia_minus,200,MUR1.0_MUF1.0_PDF26250,pdf,5,0.84,1.05,0.6463085412979126,0.6461730003356934,0.9997902844329628,-0.00020971556659787893,0.00020971556659787893,-0.020971556659787893
Pythia_minus,200,MUR1.0_MUF1.0_PDF26250,pdf,6,1.05,1.37,0.6265755295753479,0.62729412317276,1.001146858700178,0.0011468586744740605,0.0011468586744740605,0.11468586744740605
Pythia_minus,200,MUR1.0_MUF1.0_PDF26250,pdf,7,1.37,1.52,0.6408894062042236,0.6413933038711548,1.0007862474586926,0.0007862474303692579,0.0007862474303692579,0.07862474303692579
Pythia_minus,200,MUR1.0_MUF1.0_PDF26250,pdf,8,1.52,1.74,0.6314683556556702,0.6326635479927063,1.0018927192888314,0.0018927193013951182,0.0018927193013951182,0.18927193013951182
Pythia_minus,200,MUR1.0_MUF1.0_PDF26250,pdf,9,1.74,1.95,0.5918737053871155,0.5925050377845764,1.0010666674185973,0.0010666673770174384,0.0010666673770174384,0.10666673770174384
Pythia_minus,200,MUR1.0_MUF1.0_PDF26250,pdf,10,1.95,2.18,0.6574898362159729,0.6603801250457764,1.004395944500736,0.004395944532006979,0.004395944532006979,0.4395944532006979
Pythia_minus,200,MUR1.0_MUF1.0_PDF26250,pdf,11,2.18,2.5,0.6256763339042664,0.6294980645179749,1.00610815913375,0.006108159199357033,0.006108159199357033,0.6108159199357033
Pythia_minus,201,MUR1.0_MUF1.0_PDF13319,pdf,1,0.0,0.21,0.660984456539154,0.6609625220298767,0.9999668153932209,-3.3184605854330584e-05,3.3184605854330584e-05,-0.0033184605854330584
Pythia_minus,201,MUR1.0_MUF1.0_PDF13319,pdf,2,0.21,0.42,0.6471099853515625,0.6470809578895569,0.9999551429236718,-4.4857075408799574e-05,4.4857075408799574e-05,-0.004485707540879957
Pythia_minus,201,MUR1.0_MUF1.0_PDF13319,pdf,3,0.42,0.63,0.6394927501678467,0.6394675970077515,0.9999606670128963,-3.933298648917116e-05,3.933298648917116e-05,-0.003933298648917116
Pythia_minus,201,MUR1.0_MUF1.0_PDF13319,pdf,4,0.63,0.84,0.6380901336669922,0.6380616426467896,0.999955349536532,-4.4650463678408414e-05,4.4650463678408414e-05,-0.004465046367840841
Pythia_minus,201,MUR1.0_MUF1.0_PDF13319,pdf,5,0.84,1.05,0.6463085412979126,0.6462746262550354,0.9999475249966384,-5.247500303084962e-05,5.247500303084962e-05,-0.005247500303084962
Pythia_minus,201,MUR1.0_MUF1.0_PDF13319,pdf,6,1.05,1.37,0.6265755295753479,0.6265226006507874,0.9999155266650831,-8.447333675576374e-05,8.447333675576374e-05,-0.008447333675576374
Pythia_minus,201,MUR1.0_MUF1.0_PDF13319,pdf,7,1.37,1.52,0.6408894062042236,0.6408571004867554,0.9999495923678009,-5.040763062424958e-05,5.040763062424958e-05,-0.005040763062424958
Pythia_minus,201,MUR1.0_MUF1.0_PDF13319,pdf,8,1.52,1.74,0.6314683556556702,0.6314333081245422,0.9999444983571797,-5.5501641327282414e-05,5.5501641327282414e-05,-0.005550164132728241
Pythia_minus,201,MUR1.0_MUF1.0_PDF13319,pdf,9,1.74,1.95,0.5918737053871155,0.5918479561805725,0.9999564954376101,-4.3504562199814245e-05,4.3504562199814245e-05,-0.0043504562199814245
Pythia_minus,201,MUR1.0_MUF1.0_PDF13319,pdf,10,1.95,2.18,0.6574898362159729,0.6574397683143616,0.9999238499230657,-7.615007780259475e-05,7.615007780259475e-05,-0.007615007780259475
Pythia_minus,201,MUR1.0_MUF1.0_PDF13319,pdf,11,2.18,2.5,0.6256763339042664,0.6256487369537354,0.9999558926092684,-4.410738984006457e-05,4.410738984006457e-05,-0.004410738984006457
Pythia_minus,202,MUR1.0_MUF1.0_PDF26251,pdf,1,0.0,0.21,0.660984456539154,0.6599282026290894,0.9984019988675753,-0.0015980011085048318,0.0015980011085048318,-0.15980011085048318
Pythia_minus,202,MUR1.0_MUF1.0_PDF26251,pdf,2,0.21,0.42,0.6471099853515625,0.6459853649139404,0.9982620876464902,-0.0017379123019054532,0.0017379123019054532,-0.17379123019054532
Pythia_minus,202,MUR1.0_MUF1.0_PDF26251,pdf,3,0.42,0.63,0.6394927501678467,0.6386609077453613,0.9986992152416629,-0.0013007847592234612,0.0013007847592234612,-0.13007847592234612
Pythia_minus,202,MUR1.0_MUF1.0_PDF26251,pdf,4,0.63,0.84,0.6380901336669922,0.6377294063568115,0.9994346765587683,-0.0005653234547935426,0.0005653234547935426,-0.05653234547935426
Pythia_minus,202,MUR1.0_MUF1.0_PDF26251,pdf,5,0.84,1.05,0.6463085412979126,0.646200954914093,0.9998335371158742,-0.00016646287986077368,0.00016646287986077368,-0.016646287986077368
Pythia_minus,202,MUR1.0_MUF1.0_PDF26251,pdf,6,1.05,1.37,0.6265755295753479,0.6273127198219299,1.0011765385205542,0.001176538527943194,0.001176538527943194,0.11765385279431939
Pythia_minus,202,MUR1.0_MUF1.0_PDF26251,pdf,7,1.37,1.52,0.6408894062042236,0.6414028406143188,1.0008011279405227,0.0008011279278434813,0.0008011279278434813,0.08011279278434813
Pythia_minus,202,MUR1.0_MUF1.0_PDF26251,pdf,8,1.52,1.74,0.6314683556556702,0.6326261758804321,1.0018335364145996,0.0018335364293307066,0.0018335364293307066,0.18335364293307066
Pythia_minus,202,MUR1.0_MUF1.0_PDF26251,pdf,9,1.74,1.95,0.5918737053871155,0.5924815535545349,1.0010269896464177,0.001026989659294486,0.001026989659294486,0.1026989659294486
Pythia_minus,202,MUR1.0_MUF1.0_PDF26251,pdf,10,1.95,2.18,0.6574898362159729,0.6603018641471863,1.0042769146780997,0.004276914522051811,0.004276914522051811,0.4276914522051811
Pythia_minus,202,MUR1.0_MUF1.0_PDF26251,pdf,11,2.18,2.5,0.6256763339042664,0.6293321847915649,1.0058430384676464,0.00584303867071867,0.00584303867071867,0.584303867071867
Pythia_minus,203,MUR1.0_MUF1.0_PDF26252,pdf,1,0.0,0.21,0.660984456539154,0.659927487373352,0.9984009167608325,-0.0015990831889212132,0.0015990831889212132,-0.15990831889212132
Pythia_minus,203,MUR1.0_MUF1.0_PDF26252,pdf,2,0.21,0.42,0.6471099853515625,0.6459858417510986,0.9982628245183806,-0.0017371755093336105,0.0017371755093336105,-0.17371755093336105
Pythia_minus,203,MUR1.0_MUF1.0_PDF26252,pdf,3,0.42,0.63,0.6394927501678467,0.6386607885360718,0.9986990288294019,-0.001300971140153706,0.001300971140153706,-0.1300971140153706
Pythia_minus,203,MUR1.0_MUF1.0_PDF26252,pdf,4,0.63,0.84,0.6380901336669922,0.6377294659614563,0.9994347699697796,-0.0005652300314977765,0.0005652300314977765,-0.05652300314977765
Pythia_minus,203,MUR1.0_MUF1.0_PDF26252,pdf,5,0.84,1.05,0.6463085412979126,0.6462008953094482,0.9998334448926697,-0.00016655510989949107,0.00016655510989949107,-0.016655510989949107
Pythia_minus,203,MUR1.0_MUF1.0_PDF26252,pdf,6,1.05,1.37,0.6265755295753479,0.6273131966590881,1.0011772995415895,0.0011772995349019766,0.0011772995349019766,0.11772995349019766
Pythia_minus,203,MUR1.0_MUF1.0_PDF26252,pdf,7,1.37,1.52,0.6408894062042236,0.641403079032898,1.0008014999525685,0.0008014999330043793,0.0008014999330043793,0.08014999330043793
Pythia_minus,203,MUR1.0_MUF1.0_PDF26252,pdf,8,1.52,1.74,0.6314683556556702,0.6326264142990112,1.0018339139767956,0.0018339139642193913,0.0018339139642193913,0.18339139642193913
Pythia_minus,203,MUR1.0_MUF1.0_PDF26252,pdf,9,1.74,1.95,0.5918737053871155,0.5924816727638245,1.0010271910564288,0.0010271910578012466,0.0010271910578012466,0.10271910578012466
Pythia_minus,203,MUR1.0_MUF1.0_PDF26252,pdf,10,1.95,2.18,0.6574898362159729,0.6603015065193176,1.0042763707489786,0.004276370629668236,0.004276370629668236,0.4276370629668236
Pythia_minus,203,MUR1.0_MUF1.0_PDF26252,pdf,11,2.18,2.5,0.6256763339042664,0.6293322443962097,1.0058431337319893,0.005843133665621281,0.005843133665621281,0.5843133665621281
Pythia_minus,204,MUR1.0_MUF1.0_PDF26253,pdf,1,0.0,0.21,0.660984456539154,0.6599275469779968,0.9984010069363944,-0.001598993083462119,0.001598993083462119,-0.1598993083462119
Pythia_minus,204,MUR1.0_MUF1.0_PDF26253,pdf,2,0.21,0.42,0.6471099853515625,0.6459859609603882,0.9982630087363531,-0.0017369912238791585,0.0017369912238791585,-0.17369912238791585
Pythia_minus,204,MUR1.0_MUF1.0_PDF26253,pdf,3,0.42,0.63,0.6394927501678467,0.6386610269546509,0.9986994016539241,-0.0013005983782932162,0.0013005983782932162,-0.13005983782932162
Pythia_minus,204,MUR1.0_MUF1.0_PDF26253,pdf,4,0.63,0.84,0.6380901336669922,0.637729287147522,0.9994344897367453,-0.0005655102431774139,0.0005655102431774139,-0.056551024317741394
Pythia_minus,204,MUR1.0_MUF1.0_PDF26253,pdf,5,0.84,1.05,0.6463085412979126,0.6462007761001587,0.9998332604462608,-0.00016673955542501062,0.00016673955542501062,-0.016673955542501062
Pythia_minus,204,MUR1.0_MUF1.0_PDF26253,pdf,6,1.05,1.37,0.6265755295753479,0.627312958240509,1.0011769190310718,0.0011769189732149243,0.0011769189732149243,0.11769189732149243
Pythia_minus,204,MUR1.0_MUF1.0_PDF26253,pdf,7,1.37,1.52,0.6408894062042236,0.6414035558700562,1.00080224397666,0.0008022440015338361,0.0008022440015338361,0.08022440015338361
Pythia_minus,204,MUR1.0_MUF1.0_PDF26253,pdf,8,1.52,1.74,0.6314683556556702,0.6326262354850769,1.0018336308051485,0.0018336308421567082,0.0018336308421567082,0.18336308421567082
Pythia_minus,204,MUR1.0_MUF1.0_PDF26253,pdf,9,1.74,1.95,0.5918737053871155,0.5924814939498901,1.0010268889414122,0.0010268889600411057,0.0010268889600411057,0.10268889600411057
Pythia_minus,204,MUR1.0_MUF1.0_PDF26253,pdf,10,1.95,2.18,0.6574898362159729,0.6603013873100281,1.0042761894392715,0.004276189487427473,0.004276189487427473,0.4276189487427473
Pythia_minus,204,MUR1.0_MUF1.0_PDF26253,pdf,11,2.18,2.5,0.6256763339042664,0.6293323040008545,1.005843228996332,0.005843229126185179,0.005843229126185179,0.5843229126185179
Pythia_minus,205,MUR1.0_MUF1.0_PDF26254,pdf,1,0.0,0.21,0.660984456539154,0.6599273085594177,0.9984006462341468,-0.001599353738129139,0.001599353738129139,-0.1599353738129139
Pythia_minus,205,MUR1.0_MUF1.0_PDF26254,pdf,2,0.21,0.42,0.6471099853515625,0.6459853649139404,0.9982620876464902,-0.0017379123019054532,0.0017379123019054532,-0.17379123019054532
Pythia_minus,205,MUR1.0_MUF1.0_PDF26254,pdf,3,0.42,0.63,0.6394927501678467,0.6386613249778748,0.9986998676845771,-0.001300132367759943,0.001300132367759943,-0.1300132367759943
Pythia_minus,205,MUR1.0_MUF1.0_PDF26254,pdf,4,0.63,0.84,0.6380901336669922,0.637729287147522,0.9994344897367453,-0.0005655102431774139,0.0005655102431774139,-0.056551024317741394
Pythia_minus,205,MUR1.0_MUF1.0_PDF26254,pdf,5,0.84,1.05,0.6463085412979126,0.6462006568908691,0.9998330759998517,-0.00016692400095053017,0.00016692400095053017,-0.016692400095053017
Pythia_minus,205,MUR1.0_MUF1.0_PDF26254,pdf,6,1.05,1.37,0.6265755295753479,0.6273127794265747,1.0011766336481835,0.0011766336392611265,0.0011766336392611265,0.11766336392611265
Pythia_minus,205,MUR1.0_MUF1.0_PDF26254,pdf,7,1.37,1.52,0.6408894062042236,0.6414027810096741,1.0008010349375114,0.0008010349120013416,0.0008010349120013416,0.08010349120013416
Pythia_minus,205,MUR1.0_MUF1.0_PDF26254,pdf,8,1.52,1.74,0.6314683556556702,0.632625937461853,1.0018331588524034,0.0018331588944420218,0.0018331588944420218,0.18331588944420218
Pythia_minus,205,MUR1.0_MUF1.0_PDF26254,pdf,9,1.74,1.95,0.5918737053871155,0.5924811363220215,1.0010262847113789,0.001026284764520824,0.001026284764520824,0.1026284764520824
Pythia_minus,205,MUR1.0_MUF1.0_PDF26254,pdf,10,1.95,2.18,0.6574898362159729,0.6603015065193176,1.0042763707489786,0.004276370629668236,0.004276370629668236,0.4276370629668236
Pythia_minus,205,MUR1.0_MUF1.0_PDF26254,pdf,11,2.18,2.5,0.6256763339042664,0.6293321847915649,1.0058430384676464,0.00584303867071867,0.00584303867071867,0.584303867071867
Pythia_minus,206,MUR1.0_MUF1.0_PDF26255,pdf,1,0.0,0.21,0.660984456539154,0.6599281430244446,0.9984019086920134,-0.0015980913303792477,0.0015980913303792477,-0.15980913303792477
Pythia_minus,206,MUR1.0_MUF1.0_PDF26255,pdf,2,0.21,0.42,0.6471099853515625,0.6459861397743225,0.9982632850633121,-0.0017367149703204632,0.0017367149703204632,-0.17367149703204632
Pythia_minus,206,MUR1.0_MUF1.0_PDF26255,pdf,3,0.42,0.63,0.6394927501678467,0.6386585831642151,0.9986955802025704,-0.0013044198276475072,0.0013044198276475072,-0.13044198276475072
Pythia_minus,206,MUR1.0_MUF1.0_PDF26255,pdf,4,0.63,0.84,0.6380901336669922,0.6377289295196533,0.9994339292706768,-0.0005660707247443497,0.0005660707247443497,-0.05660707247443497
Pythia_minus,206,MUR1.0_MUF1.0_PDF26255,pdf,5,0.84,1.05,0.6463085412979126,0.6461981534957886,0.9998292026252626,-0.00017079737153835595,0.00017079737153835595,-0.017079737153835595
Pythia_minus,206,MUR1.0_MUF1.0_PDF26255,pdf,6,1.05,1.37,0.6265755295753479,0.627314031124115,1.0011786313284012,0.0011786313261836767,0.0011786313261836767,0.11786313261836767
Pythia_minus,206,MUR1.0_MUF1.0_PDF26255,pdf,7,1.37,1.52,0.6408894062042236,0.6414034962654114,1.0008021509736484,0.0008021509856916964,0.0008021509856916964,0.08021509856916964
Pythia_minus,206,MUR1.0_MUF1.0_PDF26255,pdf,8,1.52,1.74,0.6314683556556702,0.632624089717865,1.001830232745384,0.0018302327953279018,0.0018302327953279018,0.18302327953279018
Pythia_minus,206,MUR1.0_MUF1.0_PDF26255,pdf,9,1.74,1.95,0.5918737053871155,0.5924809575080872,1.0010259825963623,0.0010259825503453612,0.0010259825503453612,0.10259825503453612
Pythia_minus,206,MUR1.0_MUF1.0_PDF26255,pdf,10,1.95,2.18,0.6574898362159729,0.6603012681007385,1.0042760081295647,0.00427600834518671,0.00427600834518671,0.42760083451867104
Pythia_minus,206,MUR1.0_MUF1.0_PDF26255,pdf,11,2.18,2.5,0.6256763339042664,0.6293318271636963,1.0058424668815893,0.005842466838657856,0.005842466838657856,0.5842466838657856
Pythia_minus,207,MUR1.0_MUF1.0_PDF26256,pdf,1,0.0,0.21,0.660984456539154,0.6599277257919312,0.99840127746308,-0.0015987225342541933,0.0015987225342541933,-0.15987225342541933
Pythia_minus,207,MUR1.0_MUF1.0_PDF26256,pdf,2,0.21,0.42,0.6471099853515625,0.6459874510765076,0.9982653114610106,-0.0017346885288134217,0.0017346885288134217,-0.17346885288134217
Pythia_minus,207,MUR1.0_MUF1.0_PDF26256,pdf,3,0.42,0.63,0.6394927501678467,0.6386622786521912,0.9987013589826663,-0.0012986409710720181,0.0012986409710720181,-0.12986409710720181
Pythia_minus,207,MUR1.0_MUF1.0_PDF26256,pdf,4,0.63,0.84,0.6380901336669922,0.6377294659614563,0.9994347699697796,-0.0005652300314977765,0.0005652300314977765,-0.05652300314977765
Pythia_minus,207,MUR1.0_MUF1.0_PDF26256,pdf,5,0.84,1.05,0.6463085412979126,0.6462007164955139,0.9998331682230562,-0.00016683177091181278,0.00016683177091181278,-0.016683177091181278
Pythia_minus,207,MUR1.0_MUF1.0_PDF26256,pdf,6,1.05,1.37,0.6265755295753479,0.6273106336593628,1.0011732090535248,0.0011732090497389436,0.0011732090497389436,0.11732090497389436
Pythia_minus,207,MUR1.0_MUF1.0_PDF26256,pdf,7,1.37,1.52,0.6408894062042236,0.6414008140563965,1.0007979658381339,0.0007979658548720181,0.0007979658548720181,0.07979658548720181
Pythia_minus,207,MUR1.0_MUF1.0_PDF26256,pdf,8,1.52,1.74,0.6314683556556702,0.6326245665550232,1.0018309878697762,0.0018309878651052713,0.0018309878651052713,0.18309878651052713
Pythia_minus,207,MUR1.0_MUF1.0_PDF26256,pdf,9,1.74,1.95,0.5918737053871155,0.5924797654151917,1.0010239684962516,0.0010239684488624334,0.0010239684488624334,0.10239684488624334
Pythia_minus,207,MUR1.0_MUF1.0_PDF26256,pdf,10,1.95,2.18,0.6574898362159729,0.6603021025657654,1.0042772772975135,0.004277277272194624,0.004277277272194624,0.4277277272194624
Pythia_minus,207,MUR1.0_MUF1.0_PDF26256,pdf,11,2.18,2.5,0.6256763339042664,0.6293355226516724,1.005848373270845,0.005848373286426067,0.005848373286426067,0.5848373286426067
Pythia_minus,208,MUR1.0_MUF1.0_PDF26257,pdf,1,0.0,0.21,0.660984456539154,0.6599279046058655,0.9984015479897658,-0.0015984519850462675,0.0015984519850462675,-0.15984519850462675
Pythia_minus,208,MUR1.0_MUF1.0_PDF26257,pdf,2,0.21,0.42,0.6471099853515625,0.6459875106811523,0.9982654035699969,-0.0017345964442938566,0.0017345964442938566,-0.17345964442938566
Pythia_minus,208,MUR1.0_MUF1.0_PDF26257,pdf,3,0.42,0.63,0.6394927501678467,0.638661801815033,0.9987006133336217,-0.0012993866112083197,0.0012993866112083197,-0.12993866112083197
Pythia_minus,208,MUR1.0_MUF1.0_PDF26257,pdf,4,0.63,0.84,0.6380901336669922,0.637729287147522,0.9994344897367453,-0.0005655102431774139,0.0005655102431774139,-0.056551024317741394
Pythia_minus,208,MUR1.0_MUF1.0_PDF26257,pdf,5,0.84,1.05,0.6463085412979126,0.6462007164955139,0.9998331682230562,-0.00016683177091181278,0.00016683177091181278,-0.016683177091181278
Pythia_minus,208,MUR1.0_MUF1.0_PDF26257,pdf,6,1.05,1.37,0.6265755295753479,0.6273108124732971,1.001173494436413,0.0011734943836927414,0.0011734943836927414,0.11734943836927414
Pythia_minus,208,MUR1.0_MUF1.0_PDF26257,pdf,7,1.37,1.52,0.6408894062042236,0.6414006352424622,1.0007976868290995,0.0007976868073455989,0.0007976868073455989,0.0797686807345599
Pythia_minus,208,MUR1.0_MUF1.0_PDF26257,pdf,8,1.52,1.74,0.6314683556556702,0.6326245665550232,1.0018309878697762,0.0018309878651052713,0.0018309878651052713,0.18309878651052713
Pythia_minus,208,MUR1.0_MUF1.0_PDF26257,pdf,9,1.74,1.95,0.5918737053871155,0.5924798846244812,1.0010241699062628,0.0010241699637845159,0.0010241699637845159,0.10241699637845159
Pythia_minus,208,MUR1.0_MUF1.0_PDF26257,pdf,10,1.95,2.18,0.6574898362159729,0.6603020429611206,1.00427718664266,0.004277186468243599,0.004277186468243599,0.4277186468243599
Pythia_minus,208,MUR1.0_MUF1.0_PDF26257,pdf,11,2.18,2.5,0.6256763339042664,0.6293357610702515,1.0058487543282164,0.005848754197359085,0.005848754197359085,0.5848754197359085
Pythia_minus,209,MUR1.0_MUF1.0_PDF26258,pdf,1,0.0,0.21,0.660984456539154,0.6599286198616028,0.9984026300965085,-0.0015973699046298862,0.0015973699046298862,-0.15973699046298862
Pythia_minus,209,MUR1.0_MUF1.0_PDF26258,pdf,2,0.21,0.42,0.6471099853515625,0.645987331867218,0.9982651272430381,-0.0017348728142678738,0.0017348728142678738,-0.17348728142678738
Pythia_minus,209,MUR1.0_MUF1.0_PDF26258,pdf,3,0.42,0.63,0.6394927501678467,0.6386614441871643,0.9987000540968382,-0.0012999458704143763,0.0012999458704143763,-0.12999458704143763
Pythia_minus,209,MUR1.0_MUF1.0_PDF26258,pdf,4,0.63,0.84,0.6380901336669922,0.6377283334732056,0.9994329951605623,-0.000567004841286689,0.000567004841286689,-0.056700484128668904
Pythia_minus,209,MUR1.0_MUF1.0_PDF26258,pdf,5,0.84,1.05,0.6463085412979126,0.6462006568908691,0.9998330759998517,-0.00016692400095053017,0.00016692400095053017,-0.016692400095053017
Pythia_minus,209,MUR1.0_MUF1.0_PDF26258,pdf,6,1.05,1.37,0.6265755295753479,0.6273111701011658,1.0011740652021894,0.0011740651680156589,0.0011740651680156589,0.11740651680156589
Pythia_minus,209,MUR1.0_MUF1.0_PDF26258,pdf,7,1.37,1.52,0.6408894062042236,0.6414008140563965,1.0007979658381339,0.0007979658548720181,0.0007979658548720181,0.07979658548720181
Pythia_minus,209,MUR1.0_MUF1.0_PDF26258,pdf,8,1.52,1.74,0.6314683556556702,0.6326245069503784,1.001830893479227,0.0018308934522792697,0.0018308934522792697,0.18308934522792697
Pythia_minus,209,MUR1.0_MUF1.0_PDF26258,pdf,9,1.74,1.95,0.5918737053871155,0.5924800038337708,1.0010243713162739,0.0010243713622912765,0.0010243713622912765,0.10243713622912765
Pythia_minus,209,MUR1.0_MUF1.0_PDF26258,pdf,10,1.95,2.18,0.6574898362159729,0.6603021621704102,1.004277367952367,0.004277368076145649,0.004277368076145649,0.4277368076145649
Pythia_minus,209,MUR1.0_MUF1.0_PDF26258,pdf,11,2.18,2.5,0.6256763339042664,0.629335343837738,1.0058480874778164,0.00584808737039566,0.00584808737039566,0.584808737039566
Pythia_minus,210,MUR1.0_MUF1.0_PDF26259,pdf,1,0.0,0.21,0.660984456539154,0.659928023815155,0.9984017283408896,-0.0015982716577127576,0.0015982716577127576,-0.15982716577127576
Pythia_minus,210,MUR1.0_MUF1.0_PDF26259,pdf,2,0.21,0.42,0.6471099853515625,0.6459859609603882,0.9982630087363531,-0.0017369912238791585,0.0017369912238791585,-0.17369912238791585
Pythia_minus,210,MUR1.0_MUF1.0_PDF26259,pdf,3,0.42,0.63,0.6394927501678467,0.6386614441871643,0.9987000540968382,-0.0012999458704143763,0.0012999458704143763,-0.12999458704143763
Pythia_minus,210,MUR1.0_MUF1.0_PDF26259,pdf,4,0.63,0.84,0.6380901336669922,0.637728214263916,0.9994328083385394,-0.0005671916878782213,0.0005671916878782213,-0.05671916878782213
Pythia_minus,210,MUR1.0_MUF1.0_PDF26259,pdf,5,0.84,1.05,0.6463085412979126,0.6461991667747498,0.9998307704197391,-0.00016922957729548216,0.00016922957729548216,-0.016922957729548216
Pythia_minus,210,MUR1.0_MUF1.0_PDF26259,pdf,6,1.05,1.37,0.6265755295753479,0.6273126006126404,1.0011763482652953,0.0011763483053073287,0.0011763483053073287,0.11763483053073287
Pythia_minus,210,MUR1.0_MUF1.0_PDF26259,pdf,7,1.37,1.52,0.6408894062042236,0.6414006352424622,1.0007976868290995,0.0007976868073455989,0.0007976868073455989,0.0797686807345599
Pythia_minus,210,MUR1.0_MUF1.0_PDF26259,pdf,8,1.52,1.74,0.6314683556556702,0.6326262950897217,1.0018337251956975,0.001833725138567388,0.001833725138567388,0.1833725138567388
Pythia_minus,210,MUR1.0_MUF1.0_PDF26259,pdf,9,1.74,1.95,0.5918737053871155,0.5924813151359558,1.0010265868263954,0.0010265868622809649,0.0010265868622809649,0.10265868622809649
Pythia_minus,210,MUR1.0_MUF1.0_PDF26259,pdf,10,1.95,2.18,0.6574898362159729,0.660304069519043,1.0042802689076789,0.004280268680304289,0.004280268680304289,0.4280268680304289
Pythia_minus,210,MUR1.0_MUF1.0_PDF26259,pdf,11,2.18,2.5,0.6256763339042664,0.6293361783027649,1.0058494211786162,0.00584942102432251,0.00584942102432251,0.584942102432251
Pythia_minus,211,MUR1.0_MUF1.0_PDF26260,pdf,1,0.0,0.21,0.660984456539154,0.6599275469779968,0.9984010069363944,-0.001598993083462119,0.001598993083462119,-0.1598993083462119
Pythia_minus,211,MUR1.0_MUF1.0_PDF26260,pdf,2,0.21,0.42,0.6471099853515625,0.645987868309021,0.9982659562239148,-0.0017340438207611442,0.0017340438207611442,-0.17340438207611442
Pythia_minus,211,MUR1.0_MUF1.0_PDF26260,pdf,3,0.42,0.63,0.6394927501678467,0.6386593580245972,0.998696791882268,-0.0013032080605626106,0.0013032080605626106,-0.13032080605626106
Pythia_minus,211,MUR1.0_MUF1.0_PDF26260,pdf,4,0.63,0.84,0.6380901336669922,0.6377280354499817,0.9994325281055051,-0.0005674718995578587,0.0005674718995578587,-0.05674718995578587
Pythia_minus,211,MUR1.0_MUF1.0_PDF26260,pdf,5,0.84,1.05,0.6463085412979126,0.6461994647979736,0.9998312315357617,-0.0001687684707576409,0.0001687684707576409,-0.01687684707576409
Pythia_minus,211,MUR1.0_MUF1.0_PDF26260,pdf,6,1.05,1.37,0.6265755295753479,0.6273112893104553,1.0011742554574483,0.001174255507066846,0.001174255507066846,0.11742555070668459
Pythia_minus,211,MUR1.0_MUF1.0_PDF26260,pdf,7,1.37,1.52,0.6408894062042236,0.6414022445678711,1.0008001979104084,0.0008001978858374059,0.0008001978858374059,0.08001978858374059
Pythia_minus,211,MUR1.0_MUF1.0_PDF26260,pdf,8,1.52,1.74,0.6314683556556702,0.6326265931129456,1.0018341971484426,0.0018341972026973963,0.0018341972026973963,0.18341972026973963
Pythia_minus,211,MUR1.0_MUF1.0_PDF26260,pdf,9,1.74,1.95,0.5918737053871155,0.5924820899963379,1.0010278959914676,0.0010278959525749087,0.0010278959525749087,0.10278959525749087
Pythia_minus,211,MUR1.0_MUF1.0_PDF26260,pdf,10,1.95,2.18,0.6574898362159729,0.6603028774261475,1.004278455810609,0.0042784558609128,0.0042784558609128,0.42784558609128
Pythia_minus,211,MUR1.0_MUF1.0_PDF26260,pdf,11,2.18,2.5,0.6256763339042664,0.6293352842330933,1.0058479922134738,0.00584799237549305,0.00584799237549305,0.584799237549305
Pythia_minus,212,MUR1.0_MUF1.0_PDF13320,pdf,1,0.0,0.21,0.660984456539154,0.6609634160995483,0.9999681680266495,-3.183197259204462e-05,3.183197259204462e-05,-0.003183197259204462
Pythia_minus,212,MUR1.0_MUF1.0_PDF13320,pdf,2,0.21,0.42,0.6471099853515625,0.6470836400985718,0.9999592878280553,-4.071217335877009e-05,4.071217335877009e-05,-0.004071217335877009
Pythia_minus,212,MUR1.0_MUF1.0_PDF13320,pdf,3,0.42,0.63,0.6394927501678467,0.6394671201705933,0.9999599213638517,-4.00786375394091e-05,4.00786375394091e-05,-0.00400786375394091
Pythia_minus,212,MUR1.0_MUF1.0_PDF13320,pdf,4,0.63,0.84,0.6380901336669922,0.6380618214607239,0.9999556297695662,-4.437023017089814e-05,4.437023017089814e-05,-0.004437023017089814
Pythia_minus,212,MUR1.0_MUF1.0_PDF13320,pdf,5,0.84,1.05,0.6463085412979126,0.6462733745574951,0.9999455883093439,-5.4411691962741315e-05,5.4411691962741315e-05,-0.0054411691962741315
Pythia_minus,212,MUR1.0_MUF1.0_PDF13320,pdf,6,1.05,1.37,0.6265755295753479,0.6265221238136292,0.9999147656440478,-8.523435826646164e-05,8.523435826646164e-05,-0.008523435826646164
Pythia_minus,212,MUR1.0_MUF1.0_PDF13320,pdf,7,1.37,1.52,0.6408894062042236,0.6408568620681763,0.9999492203557551,-5.077964306110516e-05,5.077964306110516e-05,-0.005077964306110516
Pythia_minus,212,MUR1.0_MUF1.0_PDF13320,pdf,8,1.52,1.74,0.6314683556556702,0.6314330697059631,0.9999441207949836,-5.587920531979762e-05,5.587920531979762e-05,-0.005587920531979762
Pythia_minus,212,MUR1.0_MUF1.0_PDF13320,pdf,9,1.74,1.95,0.5918737053871155,0.5918468832969666,0.9999546827475105,-4.5317254262045026e-05,4.5317254262045026e-05,-0.004531725426204503
Pythia_minus,212,MUR1.0_MUF1.0_PDF13320,pdf,10,1.95,2.18,0.6574898362159729,0.657438337802887,0.999921674206582,-7.832579285604879e-05,7.832579285604879e-05,-0.00783257928560488
Pythia_minus,212,MUR1.0_MUF1.0_PDF13320,pdf,11,2.18,2.5,0.6256763339042664,0.6256494522094727,0.9999570357813824,-4.296421684557572e-05,4.296421684557572e-05,-0.004296421684557572
Pythia_minus,213,MUR1.0_MUF1.0_PDF26261,pdf,1,0.0,0.21,0.660984456539154,0.6599271893501282,0.998400465883023,-0.0015995340654626489,0.0015995340654626489,-0.1599534065462649
Pythia_minus,213,MUR1.0_MUF1.0_PDF26261,pdf,2,0.21,0.42,0.6471099853515625,0.6459878087043762,0.9982658641149285,-0.0017341359052807093,0.0017341359052807093,-0.17341359052807093
Pythia_minus,213,MUR1.0_MUF1.0_PDF26261,pdf,3,0.42,0.63,0.6394927501678467,0.6386620402336121,0.998700986158144,-0.0012990138493478298,0.0012990138493478298,-0.12990138493478298
Pythia_minus,213,MUR1.0_MUF1.0_PDF26261,pdf,4,0.63,0.84,0.6380901336669922,0.6377296447753906,0.999435050202814,-0.0005649498198181391,0.0005649498198181391,-0.05649498198181391
Pythia_minus,213,MUR1.0_MUF1.0_PDF26261,pdf,5,0.84,1.05,0.6463085412979126,0.6462007164955139,0.9998331682230562,-0.00016683177091181278,0.00016683177091181278,-0.016683177091181278
Pythia_minus,213,MUR1.0_MUF1.0_PDF26261,pdf,6,1.05,1.37,0.6265755295753479,0.6273109912872314,1.0011737798193012,0.001173779834061861,0.001173779834061861,0.1173779834061861
Pythia_minus,213,MUR1.0_MUF1.0_PDF26261,pdf,7,1.37,1.52,0.6408894062042236,0.6414008140563965,1.0007979658381339,0.0007979658548720181,0.0007979658548720181,0.07979658548720181
Pythia_minus,213,MUR1.0_MUF1.0_PDF26261,pdf,8,1.52,1.74,0.6314683556556702,0.6326250433921814,1.0018317429941683,0.0018317430512979627,0.0018317430512979627,0.18317430512979627
Pythia_minus,213,MUR1.0_MUF1.0_PDF26261,pdf,9,1.74,1.95,0.5918737053871155,0.5924798846244812,1.0010241699062628,0.0010241699637845159,0.0010241699637845159,0.10241699637845159
Pythia_minus,213,MUR1.0_MUF1.0_PDF26261,pdf,10,1.95,2.18,0.6574898362159729,0.6603018045425415,1.004276824023246,0.0042768241837620735,0.0042768241837620735,0.42768241837620735
Pythia_minus,213,MUR1.0_MUF1.0_PDF26261,pdf,11,2.18,2.5,0.6256763339042664,0.6293351054191589,1.0058477064204452,0.005847706459462643,0.005847706459462643,0.5847706459462643
Pythia_minus,214,MUR1.0_MUF1.0_PDF26262,pdf,1,0.0,0.21,0.660984456539154,0.6599270701408386,0.9984002855318992,-0.0015997145092114806,0.0015997145092114806,-0.15997145092114806
Pythia_minus,214,MUR1.0_MUF1.0_PDF26262,pdf,2,0.21,0.42,0.6471099853515625,0.6459862589836121,0.9982634692812846,-0.0017365306848660111,0.0017365306848660111,-0.17365306848660111
Pythia_minus,214,MUR1.0_MUF1.0_PDF26262,pdf,3,0.42,0.63,0.6394927501678467,0.6386615037918091,0.9987001473029687,-0.0012998527381569147,0.0012998527381569147,-0.12998527381569147
Pythia_minus,214,MUR1.0_MUF1.0_PDF26262,pdf,4,0.63,0.84,0.6380901336669922,0.6377285718917847,0.9994333688046081,-0.0005666312063112855,0.0005666312063112855,-0.05666312063112855
Pythia_minus,214,MUR1.0_MUF1.0_PDF26262,pdf,5,0.84,1.05,0.6463085412979126,0.6462002992630005,0.9998325226606247,-0.00016747733752708882,0.00016747733752708882,-0.016747733752708882
Pythia_minus,214,MUR1.0_MUF1.0_PDF26262,pdf,6,1.05,1.37,0.6265755295753479,0.6273131370544434,1.00117720441396,0.001177204423584044,0.001177204423584044,0.1177204423584044
Pythia_minus,214,MUR1.0_MUF1.0_PDF26262,pdf,7,1.37,1.52,0.6408894062042236,0.6414006352424622,1.0007976868290995,0.0007976868073455989,0.0007976868073455989,0.0797686807345599
Pythia_minus,214,MUR1.0_MUF1.0_PDF26262,pdf,8,1.52,1.74,0.6314683556556702,0.6326256990432739,1.0018327812902075,0.0018327812431380153,0.0018327812431380153,0.18327812431380153
Pythia_minus,214,MUR1.0_MUF1.0_PDF26262,pdf,9,1.74,1.95,0.5918737053871155,0.592480480670929,1.001025176956318,0.0010251769563183188,0.0010251769563183188,0.10251769563183188
Pythia_minus,214,MUR1.0_MUF1.0_PDF26262,pdf,10,1.95,2.18,0.6574898362159729,0.6603027582168579,1.004278274500902,0.004278274718672037,0.004278274718672037,0.4278274718672037
Pythia_minus,214,MUR1.0_MUF1.0_PDF26262,pdf,11,2.18,2.5,0.6256763339042664,0.6293358206748962,1.0058488495925593,0.005848849657922983,0.005848849657922983,0.5848849657922983
Pythia_minus,215,MUR0.5_MUF2.0_PDF13300,scale,1,0.0,0.21,0.660984456539154,0.662345290184021,1.0020587982537321,0.0020587982144206762,0.0020587982144206762,0.20587982144206762
Pythia_minus,215,MUR0.5_MUF2.0_PDF13300,scale,2,0.21,0.42,0.6471099853515625,0.6488606333732605,1.0027053330366196,0.0027053330559283495,0.0027053330559283495,0.27053330559283495
Pythia_minus,215,MUR0.5_MUF2.0_PDF13300,scale,3,0.42,0.63,0.6394927501678467,0.6409818530082703,1.002328568760213,0.002328568836674094,0.002328568836674094,0.23285688366740942
Pythia_minus,215,MUR0.5_MUF2.0_PDF13300,scale,4,0.63,0.84,0.6380901336669922,0.6391604542732239,1.001677381532419,0.0016773815732449293,0.0016773815732449293,0.16773815732449293
Pythia_minus,215,MUR0.5_MUF2.0_PDF13300,scale,5,0.84,1.05,0.6463085412979126,0.647472083568573,1.0018002891750801,0.0018002891447395086,0.0018002891447395086,0.18002891447395086
Pythia_minus,215,MUR0.5_MUF2.0_PDF13300,scale,6,1.05,1.37,0.6265755295753479,0.6275594830513,1.0015703669063154,0.0015703669050708413,0.0015703669050708413,0.15703669050708413
Pythia_minus,215,MUR0.5_MUF2.0_PDF13300,scale,7,1.37,1.52,0.6408894062042236,0.641177237033844,1.0004491115422318,0.0004491115396376699,0.0004491115396376699,0.04491115396376699
Pythia_minus,215,MUR0.5_MUF2.0_PDF13300,scale,8,1.52,1.74,0.6314683556556702,0.6321759223937988,1.0011205102073468,0.0011205101618543267,0.0011205101618543267,0.11205101618543267
Pythia_minus,215,MUR0.5_MUF2.0_PDF13300,scale,9,1.74,1.95,0.5918737053871155,0.5926300883293152,1.001277946520204,0.001277946517802775,0.001277946517802775,0.1277946517802775
Pythia_minus,215,MUR0.5_MUF2.0_PDF13300,scale,10,1.95,2.18,0.6574898362159729,0.658448338508606,1.0014578206990232,0.0014578206464648247,0.0014578206464648247,0.14578206464648247
Pythia_minus,215,MUR0.5_MUF2.0_PDF13300,scale,11,2.18,2.5,0.6256763339042664,0.6247950792312622,0.9985915166912179,-0.0014084832509979606,0.0014084832509979606,-0.14084832509979606
Pythia_minus,216,MUR1.0_MUF1.0_PDF13321,pdf,1,0.0,0.21,0.660984456539154,0.6609647870063782,0.9999702420645731,-2.9757935408269987e-05,2.9757935408269987e-05,-0.0029757935408269987
Pythia_minus,216,MUR1.0_MUF1.0_PDF13321,pdf,2,0.21,0.42,0.6471099853515625,0.6470804214477539,0.9999543139427952,-4.5686058001592755e-05,4.5686058001592755e-05,-0.0045686058001592755
Pythia_minus,216,MUR1.0_MUF1.0_PDF13321,pdf,3,0.42,0.63,0.6394927501678467,0.6394659876823425,0.9999581504473708,-4.184955105301924e-05,4.184955105301924e-05,-0.004184955105301924
Pythia_minus,216,MUR1.0_MUF1.0_PDF13321,pdf,4,0.63,0.84,0.6380901336669922,0.6380597352981567,0.9999523603841659,-4.7639616241212934e-05,4.7639616241212934e-05,-0.004763961624121293
Pythia_minus,216,MUR1.0_MUF1.0_PDF13321,pdf,5,0.84,1.05,0.6463085412979126,0.6462708711624146,0.9999417149347548,-5.82850661885459e-05,5.82850661885459e-05,-0.00582850661885459
Pythia_minus,216,MUR1.0_MUF1.0_PDF13321,pdf,6,1.05,1.37,0.6265755295753479,0.626520574092865,0.9999122923256831,-8.770767453825101e-05,8.770767453825101e-05,-0.008770767453825101
Pythia_minus,216,MUR1.0_MUF1.0_PDF13321,pdf,7,1.37,1.52,0.6408894062042236,0.6408562064170837,0.9999481973226293,-5.180267908144742e-05,5.180267908144742e-05,-0.005180267908144742
Pythia_minus,216,MUR1.0_MUF1.0_PDF13321,pdf,8,1.52,1.74,0.6314683556556702,0.6314313411712646,0.9999413834690623,-5.861652971361764e-05,5.861652971361764e-05,-0.005861652971361764
Pythia_minus,216,MUR1.0_MUF1.0_PDF13321,pdf,9,1.74,1.95,0.5918737053871155,0.5918474793434143,0.9999556897975658,-4.4310203520581126e-05,4.4310203520581126e-05,-0.004431020352058113
Pythia_minus,216,MUR1.0_MUF1.0_PDF13321,pdf,10,1.95,2.18,0.6574898362159729,0.6574362516403198,0.9999185012867097,-8.149871428031474e-05,8.149871428031474e-05,-0.008149871428031474
Pythia_minus,216,MUR1.0_MUF1.0_PDF13321,pdf,11,2.18,2.5,0.6256763339042664,0.6256490349769592,0.9999563689309826,-4.363106927485205e-05,4.363106927485205e-05,-0.004363106927485205
Pythia_minus,217,MUR1.0_MUF1.0_PDF13322,pdf,1,0.0,0.21,0.660984456539154,0.6609641313552856,0.9999692501333922,-3.074986670981161e-05,3.074986670981161e-05,-0.0030749866709811613
Pythia_minus,217,MUR1.0_MUF1.0_PDF13322,pdf,2,0.21,0.42,0.6471099853515625,0.6470843553543091,0.9999603931358909,-3.960686444770545e-05,3.960686444770545e-05,-0.003960686444770545
Pythia_minus,217,MUR1.0_MUF1.0_PDF13322,pdf,3,0.42,0.63,0.6394927501678467,0.6394653916358948,0.999957218386065,-4.278161213733256e-05,4.278161213733256e-05,-0.004278161213733256
Pythia_minus,217,MUR1.0_MUF1.0_PDF13322,pdf,4,0.63,0.84,0.6380901336669922,0.6380626559257507,0.9999569375237264,-4.306247501517646e-05,4.306247501517646e-05,-0.004306247501517646
Pythia_minus,217,MUR1.0_MUF1.0_PDF13322,pdf,5,0.84,1.05,0.6463085412979126,0.6462712287902832,0.9999422682739819,-5.773172597400844e-05,5.773172597400844e-05,-0.005773172597400844
Pythia_minus,217,MUR1.0_MUF1.0_PDF13322,pdf,6,1.05,1.37,0.6265755295753479,0.6265191435813904,0.9999100092625772,-8.999073907034472e-05,8.999073907034472e-05,-0.008999073907034472
Pythia_minus,217,MUR1.0_MUF1.0_PDF13322,pdf,7,1.37,1.52,0.6408894062042236,0.6408559083938599,0.9999477323075722,-5.22676928085275e-05,5.22676928085275e-05,-0.00522676928085275
Pythia_minus,217,MUR1.0_MUF1.0_PDF13322,pdf,8,1.52,1.74,0.6314683556556702,0.6314325332641602,0.9999432712800425,-5.672872066497803e-05,5.672872066497803e-05,-0.005672872066497803
Pythia_minus,217,MUR1.0_MUF1.0_PDF13322,pdf,9,1.74,1.95,0.5918737053871155,0.5918469429016113,0.999954783452516,-4.521654773270711e-05,4.521654773270711e-05,-0.004521654773270711
Pythia_minus,217,MUR1.0_MUF1.0_PDF13322,pdf,10,1.95,2.18,0.6574898362159729,0.6574344635009766,0.9999157816411048,-8.42183580971323e-05,8.42183580971323e-05,-0.00842183580971323
Pythia_minus,217,MUR1.0_MUF1.0_PDF13322,pdf,11,2.18,2.5,0.6256763339042664,0.6256495118141174,0.9999571310457253,-4.2868952732533216e-05,4.2868952732533216e-05,-0.004286895273253322
Pythia_minus,218,MUR1.0_MUF1.0_PDF13323,pdf,1,0.0,0.21,0.660984456539154,0.660963237285614,0.9999678974999637,-3.2102499972097576e-05,3.2102499972097576e-05,-0.0032102499972097576
Pythia_minus,218,MUR1.0_MUF1.0_PDF13323,pdf,2,0.21,0.42,0.6471099853515625,0.6470795273780823,0.9999529323080006,-4.706769323092885e-05,4.706769323092885e-05,-0.004706769323092885
Pythia_minus,218,MUR1.0_MUF1.0_PDF13323,pdf,3,0.42,0.63,0.6394927501678467,0.6394663453102112,0.9999587096841542,-4.1290317312814295e-05,4.1290317312814295e-05,-0.0041290317312814295
Pythia_minus,218,MUR1.0_MUF1.0_PDF13323,pdf,4,0.63,0.84,0.6380901336669922,0.6380618810653687,0.9999557231805777,-4.4276817789068446e-05,4.4276817789068446e-05,-0.0044276817789068446
Pythia_minus,218,MUR1.0_MUF1.0_PDF13323,pdf,5,0.84,1.05,0.6463085412979126,0.6462715268135071,0.9999427293900044,-5.727060852223076e-05,5.727060852223076e-05,-0.005727060852223076
Pythia_minus,218,MUR1.0_MUF1.0_PDF13323,pdf,6,1.05,1.37,0.6265755295753479,0.6265194416046143,0.9999104849007243,-8.951510244514793e-05,8.951510244514793e-05,-0.008951510244514793
Pythia_minus,218,MUR1.0_MUF1.0_PDF13323,pdf,7,1.37,1.52,0.6408894062042236,0.6408551931381226,0.9999466162714349,-5.338373011909425e-05,5.338373011909425e-05,-0.005338373011909425
Pythia_minus,218,MUR1.0_MUF1.0_PDF13323,pdf,8,1.52,1.74,0.6314683556556702,0.6314296722412109,0.9999387405336898,-6.125946674728766e-05,6.125946674728766e-05,-0.006125946674728766
Pythia_minus,218,MUR1.0_MUF1.0_PDF13323,pdf,9,1.74,1.95,0.5918737053871155,0.5918465852737427,0.9999541792224829,-4.582077599479817e-05,4.582077599479817e-05,-0.004582077599479817
Pythia_minus,218,MUR1.0_MUF1.0_PDF13323,pdf,10,1.95,2.18,0.6574898362159729,0.6574327945709229,0.999913243305207,-8.675669232616201e-05,8.675669232616201e-05,-0.008675669232616201
Pythia_minus,218,MUR1.0_MUF1.0_PDF13323,pdf,11,2.18,2.5,0.6256763339042664,0.6256484389305115,0.9999554162875542,-4.4583714043255895e-05,4.4583714043255895e-05,-0.0044583714043255895
Pythia_minus,219,MUR1.0_MUF1.0_PDF13324,pdf,1,0.0,0.21,0.660984456539154,0.6609638929367065,0.9999688894311446,-3.111056867055595e-05,3.111056867055595e-05,-0.003111056867055595
Pythia_minus,219,MUR1.0_MUF1.0_PDF13324,pdf,2,0.21,0.42,0.6471099853515625,0.6470836997032166,0.9999593799370416,-4.062006337335333e-05,4.062006337335333e-05,-0.004062006337335333
Pythia_minus,219,MUR1.0_MUF1.0_PDF13324,pdf,3,0.42,0.63,0.6394927501678467,0.639466404914856,0.9999588028902848,-4.11971086577978e-05,4.11971086577978e-05,-0.00411971086577978
Pythia_minus,219,MUR1.0_MUF1.0_PDF13324,pdf,4,0.63,0.84,0.6380901336669922,0.6380603909492493,0.9999533879052916,-4.661209459300153e-05,4.661209459300153e-05,-0.004661209459300153
Pythia_minus,219,MUR1.0_MUF1.0_PDF13324,pdf,5,0.84,1.05,0.6463085412979126,0.646271824836731,0.9999431905060269,-5.6809494708431885e-05,5.6809494708431885e-05,-0.0056809494708431885
Pythia_minus,219,MUR1.0_MUF1.0_PDF13324,pdf,6,1.05,1.37,0.6265755295753479,0.6265144944190979,0.9999025893074832,-9.741069516167045e-05,9.741069516167045e-05,-0.009741069516167045
Pythia_minus,219,MUR1.0_MUF1.0_PDF13324,pdf,7,1.37,1.52,0.6408894062042236,0.6408542990684509,0.9999452212262633,-5.477877493831329e-05,5.477877493831329e-05,-0.005477877493831329
Pythia_minus,219,MUR1.0_MUF1.0_PDF13324,pdf,8,1.52,1.74,0.6314683556556702,0.6314305663108826,0.999940156391925,-5.984360905131325e-05,5.984360905131325e-05,-0.005984360905131325
Pythia_minus,219,MUR1.0_MUF1.0_PDF13324,pdf,9,1.74,1.95,0.5918737053871155,0.5918450951576233,0.9999516615973445,-4.833840284845792e-05,4.833840284845792e-05,-0.004833840284845792
Pythia_minus,219,MUR1.0_MUF1.0_PDF13324,pdf,10,1.95,2.18,0.6574898362159729,0.6574318408966064,0.9999117928275512,-8.82071690284647e-05,8.82071690284647e-05,-0.00882071690284647
Pythia_minus,219,MUR1.0_MUF1.0_PDF13324,pdf,11,2.18,2.5,0.6256763339042664,0.6256478428840637,0.999954463644126,-4.553635517368093e-05,4.553635517368093e-05,-0.004553635517368093
Pythia_minus,220,MUR1.0_MUF1.0_PDF13325,pdf,1,0.0,0.21,0.660984456539154,0.6609623432159424,0.9999665448665352,-3.345513323438354e-05,3.345513323438354e-05,-0.003345513323438354
Pythia_minus,220,MUR1.0_MUF1.0_PDF13325,pdf,2,0.21,0.42,0.6471099853515625,0.6470812559127808,0.9999556034686033,-4.439653275767341e-05,4.439653275767341e-05,-0.004439653275767341
Pythia_minus,220,MUR1.0_MUF1.0_PDF13325,pdf,3,0.42,0.63,0.6394927501678467,0.6394674181938171,0.9999603873945047,-3.961260517826304e-05,3.961260517826304e-05,-0.003961260517826304
Pythia_minus,220,MUR1.0_MUF1.0_PDF13325,pdf,4,0.63,0.84,0.6380901336669922,0.6380618810653687,0.9999557231805777,-4.4276817789068446e-05,4.4276817789068446e-05,-0.0044276817789068446
Pythia_minus,220,MUR1.0_MUF1.0_PDF13325,pdf,5,0.84,1.05,0.6463085412979126,0.6462705135345459,0.9999411615955278,-5.883840276510455e-05,5.883840276510455e-05,-0.005883840276510455
Pythia_minus,220,MUR1.0_MUF1.0_PDF13325,pdf,6,1.05,1.37,0.6265755295753479,0.6265158653259277,0.9999047772429597,-9.522275649942458e-05,9.522275649942458e-05,-0.009522275649942458
Pythia_minus,220,MUR1.0_MUF1.0_PDF13325,pdf,7,1.37,1.52,0.6408894062042236,0.6408528089523315,0.9999428961509774,-5.710384721169248e-05,5.710384721169248e-05,-0.005710384721169248
Pythia_minus,220,MUR1.0_MUF1.0_PDF13325,pdf,8,1.52,1.74,0.6314683556556702,0.631429135799408,0.9999378910187487,-6.210897845448926e-05,6.210897845448926e-05,-0.006210897845448926
Pythia_minus,220,MUR1.0_MUF1.0_PDF13325,pdf,9,1.74,1.95,0.5918737053871155,0.591844916343689,0.9999513594823279,-4.864051879849285e-05,4.864051879849285e-05,-0.004864051879849285
Pythia_minus,220,MUR1.0_MUF1.0_PDF13325,pdf,10,1.95,2.18,0.6574898362159729,0.6574299335479736,0.9999088918722394,-9.110812970902771e-05,9.110812970902771e-05,-0.00911081297090277
Pythia_minus,220,MUR1.0_MUF1.0_PDF13325,pdf,11,2.18,2.5,0.6256763339042664,0.625647246837616,0.9999535110006976,-4.6488999942084774e-05,4.6488999942084774e-05,-0.0046488999942084774
Pythia_minus,221,MUR1.0_MUF1.0_PDF13326,pdf,1,0.0,0.21,0.660984456539154,0.6609653234481812,0.9999710536446302,-2.8946355087100528e-05,2.8946355087100528e-05,-0.002894635508710053
Pythia_minus,221,MUR1.0_MUF1.0_PDF13326,pdf,2,0.21,0.42,0.6471099853515625,0.6470829248428345,0.9999581825202197,-4.181747863185592e-05,4.181747863185592e-05,-0.004181747863185592
Pythia_minus,221,MUR1.0_MUF1.0_PDF13326,pdf,3,0.42,0.63,0.6394927501678467,0.6394677758216858,0.9999609466312881,-3.9053367800079286e-05,3.9053367800079286e-05,-0.0039053367800079286
Pythia_minus,221,MUR1.0_MUF1.0_PDF13326,pdf,4,0.63,0.84,0.6380901336669922,0.6380599737167358,0.9999527340282116,-4.7265970351872966e-05,4.7265970351872966e-05,-0.004726597035187297
Pythia_minus,221,MUR1.0_MUF1.0_PDF13326,pdf,5,0.84,1.05,0.6463085412979126,0.6462703347206116,0.9999408849259144,-5.911507469136268e-05,5.911507469136268e-05,-0.005911507469136268
Pythia_minus,221,MUR1.0_MUF1.0_PDF13326,pdf,6,1.05,1.37,0.6265755295753479,0.6265122890472412,0.999899069585195,-0.00010093041782965884,0.00010093041782965884,-0.010093041782965884
Pythia_minus,221,MUR1.0_MUF1.0_PDF13326,pdf,7,1.37,1.52,0.6408894062042236,0.6408529877662659,0.9999431751600116,-5.68248397030402e-05,5.68248397030402e-05,-0.00568248397030402
Pythia_minus,221,MUR1.0_MUF1.0_PDF13326,pdf,8,1.52,1.74,0.6314683556556702,0.6314290761947632,0.9999377966281997,-6.220336945261806e-05,6.220336945261806e-05,-0.006220336945261806
Pythia_minus,221,MUR1.0_MUF1.0_PDF13326,pdf,9,1.74,1.95,0.5918737053871155,0.591844916343689,0.9999513594823279,-4.864051879849285e-05,4.864051879849285e-05,-0.004864051879849285
Pythia_minus,221,MUR1.0_MUF1.0_PDF13326,pdf,10,1.95,2.18,0.6574898362159729,0.6574280261993408,0.9999059909169276,-9.40090831136331e-05,9.40090831136331e-05,-0.00940090831136331
Pythia_minus,221,MUR1.0_MUF1.0_PDF13326,pdf,11,2.18,2.5,0.6256763339042664,0.6256476044654846,0.9999540825867547,-4.5917411625850946e-05,4.5917411625850946e-05,-0.004591741162585095
Pythia_minus,222,MUR1.0_MUF1.0_PDF13327,pdf,1,0.0,0.21,0.660984456539154,0.660963773727417,0.9999687090800208,-3.129092146991752e-05,3.129092146991752e-05,-0.003129092146991752
Pythia_minus,222,MUR1.0_MUF1.0_PDF13327,pdf,2,0.21,0.42,0.6471099853515625,0.647081732749939,0.9999563403404937,-4.3659660150296986e-05,4.3659660150296986e-05,-0.004365966015029699
Pythia_minus,222,MUR1.0_MUF1.0_PDF13327,pdf,3,0.42,0.63,0.6394927501678467,0.6394654512405396,0.9999573115921956,-4.268840712029487e-05,4.268840712029487e-05,-0.004268840712029487
Pythia_minus,222,MUR1.0_MUF1.0_PDF13327,pdf,4,0.63,0.84,0.6380901336669922,0.6380613446235657,0.9999548824814747,-4.511751831159927e-05,4.511751831159927e-05,-0.004511751831159927
Pythia_minus,222,MUR1.0_MUF1.0_PDF13327,pdf,5,0.84,1.05,0.6463085412979126,0.6462669372558594,0.9999356282032578,-6.437179399654269e-05,6.437179399654269e-05,-0.006437179399654269
Pythia_minus,222,MUR1.0_MUF1.0_PDF13327,pdf,6,1.05,1.37,0.6265755295753479,0.6265138387680054,0.9999015429035597,-9.845709428191185e-05,9.845709428191185e-05,-0.009845709428191185
Pythia_minus,222,MUR1.0_MUF1.0_PDF13327,pdf,7,1.37,1.52,0.6408894062042236,0.6408524513244629,0.9999423381329088,-5.766186586697586e-05,5.766186586697586e-05,-0.005766186586697586
Pythia_minus,222,MUR1.0_MUF1.0_PDF13327,pdf,8,1.52,1.74,0.6314683556556702,0.631427526473999,0.9999353424739253,-6.465752812800929e-05,6.465752812800929e-05,-0.006465752812800929
Pythia_minus,222,MUR1.0_MUF1.0_PDF13327,pdf,9,1.74,1.95,0.5918737053871155,0.5918440222740173,0.9999498489072449,-5.015109127270989e-05,5.015109127270989e-05,-0.005015109127270989
Pythia_minus,222,MUR1.0_MUF1.0_PDF13327,pdf,10,1.95,2.18,0.6574898362159729,0.6574254035949707,0.9999020021033739,-9.79978940449655e-05,9.79978940449655e-05,-0.00979978940449655
Pythia_minus,222,MUR1.0_MUF1.0_PDF13327,pdf,11,2.18,2.5,0.6256763339042664,0.6256474256515503,0.9999537967937261,-4.6203207602957264e-05,4.6203207602957264e-05,-0.004620320760295726
Pythia_minus,223,MUR1.0_MUF1.0_PDF13328,pdf,1,0.0,0.21,0.660984456539154,0.6609646677970886,0.9999700617134493,-2.9938286388642155e-05,2.9938286388642155e-05,-0.0029938286388642155
Pythia_minus,223,MUR1.0_MUF1.0_PDF13328,pdf,2,0.21,0.42,0.6471099853515625,0.6470816731452942,0.9999562482315074,-4.375177013571374e-05,4.375177013571374e-05,-0.004375177013571374
Pythia_minus,223,MUR1.0_MUF1.0_PDF13328,pdf,3,0.42,0.63,0.6394927501678467,0.6394635438919067,0.9999543289960171,-4.567100404528901e-05,4.567100404528901e-05,-0.004567100404528901
Pythia_minus,223,MUR1.0_MUF1.0_PDF13328,pdf,4,0.63,0.84,0.6380901336669922,0.6380595564842224,0.9999520801511316,-4.791984974872321e-05,4.791984974872321e-05,-0.004791984974872321
Pythia_minus,223,MUR1.0_MUF1.0_PDF13328,pdf,5,0.84,1.05,0.6463085412979126,0.6462684273719788,0.9999379337833703,-6.20662176515907e-05,6.20662176515907e-05,-0.0062066217651590705
Pythia_minus,223,MUR1.0_MUF1.0_PDF13328,pdf,6,1.05,1.37,0.6265755295753479,0.626510500907898,0.9998962157563127,-0.00010378424485679716,0.00010378424485679716,-0.010378424485679716
Pythia_minus,223,MUR1.0_MUF1.0_PDF13328,pdf,7,1.37,1.52,0.6408894062042236,0.6408507227897644,0.9999396410455771,-6.035895421518944e-05,6.035895421518944e-05,-0.006035895421518944
Pythia_minus,223,MUR1.0_MUF1.0_PDF13328,pdf,8,1.52,1.74,0.6314683556556702,0.6314260959625244,0.999933077100749,-6.69228975311853e-05,6.69228975311853e-05,-0.00669228975311853
Pythia_minus,223,MUR1.0_MUF1.0_PDF13328,pdf,9,1.74,1.95,0.5918737053871155,0.5918439030647278,0.9999496474972339,-5.035250433138572e-05,5.035250433138572e-05,-0.005035250433138572
Pythia_minus,223,MUR1.0_MUF1.0_PDF13328,pdf,10,1.95,2.18,0.6574898362159729,0.6574246883392334,0.9999009142451319,-9.908575157169253e-05,9.908575157169253e-05,-0.009908575157169253
Pythia_minus,223,MUR1.0_MUF1.0_PDF13328,pdf,11,2.18,2.5,0.6256763339042664,0.6256452202796936,0.9999502720130413,-4.972798706148751e-05,4.972798706148751e-05,-0.004972798706148751
Pythia_minus,224,MUR1.0_MUF1.0_PDF13329,pdf,1,0.0,0.21,0.660984456539154,0.6609627604484558,0.9999671760954685,-3.282390389358625e-05,3.282390389358625e-05,-0.003282390389358625
Pythia_minus,224,MUR1.0_MUF1.0_PDF13329,pdf,2,0.21,0.42,0.6471099853515625,0.6470817923545837,0.9999564324494801,-4.356755016488023e-05,4.356755016488023e-05,-0.004356755016488023
Pythia_minus,224,MUR1.0_MUF1.0_PDF13329,pdf,3,0.42,0.63,0.6394927501678467,0.6394643783569336,0.9999556338818452,-4.4366119254846126e-05,4.4366119254846126e-05,-0.004436611925484613
Pythia_minus,224,MUR1.0_MUF1.0_PDF13329,pdf,4,0.63,0.84,0.6380901336669922,0.6380602121353149,0.9999531076722574,-4.6892328100511804e-05,4.6892328100511804e-05,-0.00468923281005118
Pythia_minus,224,MUR1.0_MUF1.0_PDF13329,pdf,5,0.84,1.05,0.6463085412979126,0.6462671756744385,0.9999359970960757,-6.400290294550359e-05,6.400290294550359e-05,-0.006400290294550359
Pythia_minus,224,MUR1.0_MUF1.0_PDF13329,pdf,6,1.05,1.37,0.6265755295753479,0.6265093088150024,0.9998943132037245,-0.00010568679863354191,0.00010568679863354191,-0.010568679863354191
Pythia_minus,224,MUR1.0_MUF1.0_PDF13329,pdf,7,1.37,1.52,0.6408894062042236,0.6408514976501465,0.9999408500847258,-5.9149915614398196e-05,5.9149915614398196e-05,-0.00591499156143982
Pythia_minus,224,MUR1.0_MUF1.0_PDF13329,pdf,8,1.52,1.74,0.6314683556556702,0.6314264535903931,0.9999336434440431,-6.63565588183701e-05,6.63565588183701e-05,-0.00663565588183701
Pythia_minus,224,MUR1.0_MUF1.0_PDF13329,pdf,9,1.74,1.95,0.5918737053871155,0.5918434858322144,0.9999489425621951,-5.1057439122814685e-05,5.1057439122814685e-05,-0.0051057439122814685
Pythia_minus,224,MUR1.0_MUF1.0_PDF13329,pdf,10,1.95,2.18,0.6574898362159729,0.6574231386184692,0.9998985572189412,-0.00010144278348889202,0.00010144278348889202,-0.010144278348889202
Pythia_minus,224,MUR1.0_MUF1.0_PDF13329,pdf,11,2.18,2.5,0.6256763339042664,0.6256447434425354,0.9999495098982987,-5.049009996582754e-05,5.049009996582754e-05,-0.005049009996582754
Pythia_minus,225,MUR1.0_MUF1.0_PDF13330,pdf,1,0.0,0.21,0.660984456539154,0.6609638929367065,0.9999688894311446,-3.111056867055595e-05,3.111056867055595e-05,-0.003111056867055595
Pythia_minus,225,MUR1.0_MUF1.0_PDF13330,pdf,2,0.21,0.42,0.6471099853515625,0.6470817923545837,0.9999564324494801,-4.356755016488023e-05,4.356755016488023e-05,-0.004356755016488023
Pythia_minus,225,MUR1.0_MUF1.0_PDF13330,pdf,3,0.42,0.63,0.6394927501678467,0.6394655108451843,0.9999574047983262,-4.259520210325718e-05,4.259520210325718e-05,-0.004259520210325718
Pythia_minus,225,MUR1.0_MUF1.0_PDF13330,pdf,4,0.63,0.84,0.6380901336669922,0.6380602121353149,0.9999531076722574,-4.6892328100511804e-05,4.6892328100511804e-05,-0.00468923281005118
Pythia_minus,225,MUR1.0_MUF1.0_PDF13330,pdf,5,0.84,1.05,0.6463085412979126,0.6462658047676086,0.9999338759623722,-6.612404104089364e-05,6.612404104089364e-05,-0.006612404104089364
Pythia_minus,225,MUR1.0_MUF1.0_PDF13330,pdf,6,1.05,1.37,0.6265755295753479,0.6265076994895935,0.9998917447577303,-0.00010825524077517912,0.00010825524077517912,-0.010825524077517912
Pythia_minus,225,MUR1.0_MUF1.0_PDF13330,pdf,7,1.37,1.52,0.6408894062042236,0.6408499479293823,0.9999384320064284,-6.15679964539595e-05,6.15679964539595e-05,-0.0061567996453959495
Pythia_minus,225,MUR1.0_MUF1.0_PDF13330,pdf,8,1.52,1.74,0.6314683556556702,0.6314265131950378,0.999933737834592,-6.62621678202413e-05,6.62621678202413e-05,-0.00662621678202413
Pythia_minus,225,MUR1.0_MUF1.0_PDF13330,pdf,9,1.74,1.95,0.5918737053871155,0.5918447375297546,0.9999510573673114,-4.894263111054897e-05,4.894263111054897e-05,-0.004894263111054897
Pythia_minus,225,MUR1.0_MUF1.0_PDF13330,pdf,10,1.95,2.18,0.6574898362159729,0.6574209332466125,0.999895202989362,-0.00010479700722498819,0.00010479700722498819,-0.01047970072249882
Pythia_minus,225,MUR1.0_MUF1.0_PDF13330,pdf,11,2.18,2.5,0.6256763339042664,0.625644326210022,0.9999488430478988,-5.115695239510387e-05,5.115695239510387e-05,-0.005115695239510387
Pythia_minus,226,MUR1.0_MUF0.5_PDF13300,scale,1,0.0,0.21,0.660984456539154,0.6594777703285217,0.9977205421462992,-0.0022794578690081835,0.0022794578690081835,-0.22794578690081835
Pythia_minus,226,MUR1.0_MUF0.5_PDF13300,scale,2,0.21,0.42,0.6471099853515625,0.6451865434646606,0.9970276430120965,-0.0029723569750785828,0.0029723569750785828,-0.2972356975078583
Pythia_minus,226,MUR1.0_MUF0.5_PDF13300,scale,3,0.42,0.63,0.6394927501678467,0.6378764510154724,0.9974725293571349,-0.002527470700442791,0.002527470700442791,-0.2527470700442791
Pythia_minus,226,MUR1.0_MUF0.5_PDF13300,scale,4,0.63,0.84,0.6380901336669922,0.6368094086647034,0.9979928775971998,-0.0020071223843842745,0.0020071223843842745,-0.20071223843842745
Pythia_minus,226,MUR1.0_MUF0.5_PDF13300,scale,5,0.84,1.05,0.6463085412979126,0.6449134349822998,0.9978414236754304,-0.00215857638977468,0.00215857638977468,-0.215857638977468
Pythia_minus,226,MUR1.0_MUF0.5_PDF13300,scale,6,1.05,1.37,0.6265755295753479,0.6253941059112549,0.9981144752574462,-0.0018855247180908918,0.0018855247180908918,-0.18855247180908918
Pythia_minus,226,MUR1.0_MUF0.5_PDF13300,scale,7,1.37,1.52,0.6408894062042236,0.6405002474784851,0.9993927833383245,-0.0006072166725061834,0.0006072166725061834,-0.06072166725061834
Pythia_minus,226,MUR1.0_MUF0.5_PDF13300,scale,8,1.52,1.74,0.6314683556556702,0.6306818127632141,0.9987544223152095,-0.001245577703230083,0.001245577703230083,-0.1245577703230083
Pythia_minus,226,MUR1.0_MUF0.5_PDF13300,scale,9,1.74,1.95,0.5918737053871155,0.5910542011260986,0.9986154068789374,-0.0013845930807292461,0.0013845930807292461,-0.13845930807292461
Pythia_minus,226,MUR1.0_MUF0.5_PDF13300,scale,10,1.95,2.18,0.6574898362159729,0.6564100980758667,0.9983577873289717,-0.0016422126209363341,0.0016422126209363341,-0.1642212620936334
Pythia_minus,226,MUR1.0_MUF0.5_PDF13300,scale,11,2.18,2.5,0.6256763339042664,0.6266739964485168,1.0015945345703345,0.0015945346094667912,0.0015945346094667912,0.15945346094667912
Pythia_minus,227,MUR1.0_MUF1.0_PDF26400,pdf,1,0.0,0.21,0.660984456539154,0.6604974865913391,0.9992632656592794,-0.000736734364181757,0.000736734364181757,-0.0736734364181757
Pythia_minus,227,MUR1.0_MUF1.0_PDF26400,pdf,2,0.21,0.42,0.6471099853515625,0.6464859843254089,0.9990357110224245,-0.0009642889490351081,0.0009642889490351081,-0.09642889490351081
Pythia_minus,227,MUR1.0_MUF1.0_PDF26400,pdf,3,0.42,0.63,0.6394927501678467,0.6390288472175598,0.9992745766857167,-0.0007254233350977302,0.0007254233350977302,-0.07254233350977302
Pythia_minus,227,MUR1.0_MUF1.0_PDF26400,pdf,4,0.63,0.84,0.6380901336669922,0.6377345323562622,0.999442709905752,-0.0005572900990955532,0.0005572900990955532,-0.055729009909555316
Pythia_minus,227,MUR1.0_MUF1.0_PDF26400,pdf,5,0.84,1.05,0.6463085412979126,0.6462275981903076,0.9998747608882865,-0.0001252391084562987,0.0001252391084562987,-0.012523910845629871
Pythia_minus,227,MUR1.0_MUF1.0_PDF26400,pdf,6,1.05,1.37,0.6265755295753479,0.6257604360580444,0.9986991296678057,-0.001300870324485004,0.001300870324485004,-0.1300870324485004
Pythia_minus,227,MUR1.0_MUF1.0_PDF26400,pdf,7,1.37,1.52,0.6408894062042236,0.6408059597015381,0.9998697957839875,-0.00013020422193221748,0.00013020422193221748,-0.013020422193221748
Pythia_minus,227,MUR1.0_MUF1.0_PDF26400,pdf,8,1.52,1.74,0.6314683556556702,0.6320696473121643,1.0009522118584546,0.0009522118489257991,0.0009522118489257991,0.09522118489257991
Pythia_minus,227,MUR1.0_MUF1.0_PDF26400,pdf,9,1.74,1.95,0.5918737053871155,0.5929820537567139,1.0018726095778718,0.0018726096022874117,0.0018726096022874117,0.18726096022874117
Pythia_minus,227,MUR1.0_MUF1.0_PDF26400,pdf,10,1.95,2.18,0.6574898362159729,0.6587609648704529,1.0019333054055948,0.0019333054078742862,0.0019333054078742862,0.19333054078742862
Pythia_minus,227,MUR1.0_MUF1.0_PDF26400,pdf,11,2.18,2.5,0.6256763339042664,0.6300554871559143,1.0069990712679218,0.006999071221798658,0.006999071221798658,0.6999071221798658
Pythia_minus,228,MUR1.0_MUF1.0_PDF26401,pdf,1,0.0,0.21,0.660984456539154,0.660460889339447,0.999207897864273,-0.0007921021315269172,0.0007921021315269172,-0.07921021315269172
Pythia_minus,228,MUR1.0_MUF1.0_PDF26401,pdf,2,0.21,0.42,0.6471099853515625,0.6464356780052185,0.9989579710379872,-0.0010420290054753423,0.0010420290054753423,-0.10420290054753423
Pythia_minus,228,MUR1.0_MUF1.0_PDF26401,pdf,3,0.42,0.63,0.6394927501678467,0.6389972567558289,0.9992251774365107,-0.0007748225471004844,0.0007748225471004844,-0.07748225471004844
Pythia_minus,228,MUR1.0_MUF1.0_PDF26401,pdf,4,0.63,0.84,0.6380901336669922,0.6377158164978027,0.9994133788481601,-0.000586621172260493,0.000586621172260493,-0.058662117226049304
Pythia_minus,228,MUR1.0_MUF1.0_PDF26401,pdf,5,0.84,1.05,0.6463085412979126,0.6461978554725647,0.9998287415092402,-0.00017125849262811244,0.00017125849262811244,-0.017125849262811244
Pythia_minus,228,MUR1.0_MUF1.0_PDF26401,pdf,6,1.05,1.37,0.6265755295753479,0.6257310509681702,0.9986522317465062,-0.0013477682368829846,0.0013477682368829846,-0.13477682368829846
Pythia_minus,228,MUR1.0_MUF1.0_PDF26401,pdf,7,1.37,1.52,0.6408894062042236,0.6408012509346008,0.999862448546084,-0.00013755145482718945,0.00013755145482718945,-0.013755145482718945
Pythia_minus,228,MUR1.0_MUF1.0_PDF26401,pdf,8,1.52,1.74,0.6314683556556702,0.6321237087249756,1.0010378240864104,0.0010378240840509534,0.0010378240840509534,0.10378240840509534
Pythia_minus,228,MUR1.0_MUF1.0_PDF26401,pdf,9,1.74,1.95,0.5918737053871155,0.5930346846580505,1.0019615320977568,0.001961532048881054,0.001961532048881054,0.1961532048881054
Pythia_minus,228,MUR1.0_MUF1.0_PDF26401,pdf,10,1.95,2.18,0.6574898362159729,0.658862292766571,1.0020874186565332,0.0020874186884611845,0.0020874186884611845,0.20874186884611845
Pythia_minus,228,MUR1.0_MUF1.0_PDF26401,pdf,11,2.18,2.5,0.6256763339042664,0.63023841381073,1.0072914375360753,0.007291437592357397,0.007291437592357397,0.7291437592357397
Pythia_minus,229,MUR1.0_MUF1.0_PDF26402,pdf,1,0.0,0.21,0.660984456539154,0.6605401039123535,0.9993277411860377,-0.0006722587859258056,0.0006722587859258056,-0.06722587859258056
Pythia_minus,229,MUR1.0_MUF1.0_PDF26402,pdf,2,0.21,0.42,0.6471099853515625,0.6465507745742798,0.9991358334905327,-0.0008641665335744619,0.0008641665335744619,-0.0864166533574462
Pythia_minus,229,MUR1.0_MUF1.0_PDF26402,pdf,3,0.42,0.63,0.6394927501678467,0.6390656232833862,0.999332084868283,-0.0006679151556454599,0.0006679151556454599,-0.06679151556454599
Pythia_minus,229,MUR1.0_MUF1.0_PDF26402,pdf,4,0.63,0.84,0.6380901336669922,0.6377604603767395,0.9994833436957282,-0.0005166563205420971,0.0005166563205420971,-0.05166563205420971
Pythia_minus,229,MUR1.0_MUF1.0_PDF26402,pdf,5,0.84,1.05,0.6463085412979126,0.6462623476982117,0.9999285270165111,-7.147298310883343e-05,7.147298310883343e-05,-0.007147298310883343
Pythia_minus,229,MUR1.0_MUF1.0_PDF26402,pdf,6,1.05,1.37,0.6265755295753479,0.625793993473053,0.9987526865231641,-0.0012473134556785226,0.0012473134556785226,-0.12473134556785226
Pythia_minus,229,MUR1.0_MUF1.0_PDF26402,pdf,7,1.37,1.52,0.6408894062042236,0.6408118009567261,0.9998789100791083,-0.00012108992086723447,0.00012108992086723447,-0.012108992086723447
Pythia_minus,229,MUR1.0_MUF1.0_PDF26402,pdf,8,1.52,1.74,0.6314683556556702,0.6320071220397949,1.0008531961725387,0.0008531961939297616,0.0008531961939297616,0.08531961939297616
Pythia_minus,229,MUR1.0_MUF1.0_PDF26402,pdf,9,1.74,1.95,0.5918737053871155,0.5929211378097534,1.0017696890622179,0.0017696890281513333,0.0017696890281513333,0.17696890281513333
Pythia_minus,229,MUR1.0_MUF1.0_PDF26402,pdf,10,1.95,2.18,0.6574898362159729,0.6586423516273499,1.0017529022471434,0.0017529022879898548,0.0017529022879898548,0.17529022879898548
Pythia_minus,229,MUR1.0_MUF1.0_PDF26402,pdf,11,2.18,2.5,0.6256763339042664,0.6298391819000244,1.0066533569677818,0.006653356831520796,0.006653356831520796,0.6653356831520796
Pythia_minus,230,MUR1.0_MUF1.0_PDF26403,pdf,1,0.0,0.21,0.660984456539154,0.6604948043823242,0.9992592077589939,-0.0007407922530546784,0.0007407922530546784,-0.07407922530546784
Pythia_minus,230,MUR1.0_MUF1.0_PDF26403,pdf,2,0.21,0.42,0.6471099853515625,0.6464864611625671,0.9990364478943149,-0.0009635520982556045,0.0009635520982556045,-0.09635520982556045
Pythia_minus,230,MUR1.0_MUF1.0_PDF26403,pdf,3,0.42,0.63,0.6394927501678467,0.6390265226364136,0.9992709416466242,-0.0007290583453141153,0.0007290583453141153,-0.07290583453141153
Pythia_minus,230,MUR1.0_MUF1.0_PDF26403,pdf,4,0.63,0.84,0.6380901336669922,0.6377333402633667,0.9994408416855233,-0.0005591583321802318,0.0005591583321802318,-0.05591583321802318
Pythia_minus,230,MUR1.0_MUF1.0_PDF26403,pdf,5,0.84,1.05,0.6463085412979126,0.646226704120636,0.999873377540219,-0.00012662245717365295,0.00012662245717365295,-0.012662245717365295
Pythia_minus,230,MUR1.0_MUF1.0_PDF26403,pdf,6,1.05,1.37,0.6265755295753479,0.6257569789886475,0.9986936122653,-0.0013063877122476697,0.0013063877122476697,-0.13063877122476697
Pythia_minus,230,MUR1.0_MUF1.0_PDF26403,pdf,7,1.37,1.52,0.6408894062042236,0.6408097147941589,0.999875654973708,-0.00012434502423275262,0.00012434502423275262,-0.012434502423275262
Pythia_minus,230,MUR1.0_MUF1.0_PDF26403,pdf,8,1.52,1.74,0.6314683556556702,0.6320672035217285,1.000948341845945,0.0009483418543823063,0.0009483418543823063,0.09483418543823063
Pythia_minus,230,MUR1.0_MUF1.0_PDF26403,pdf,9,1.74,1.95,0.5918737053871155,0.5929763913154602,1.0018630426023463,0.0018630425911396742,0.0018630425911396742,0.18630425911396742
Pythia_minus,230,MUR1.0_MUF1.0_PDF26403,pdf,10,1.95,2.18,0.6574898362159729,0.658745527267456,1.0019098257985402,0.0019098258344456553,0.0019098258344456553,0.19098258344456553
Pythia_minus,230,MUR1.0_MUF1.0_PDF26403,pdf,11,2.18,2.5,0.6256763339042664,0.6300420165061951,1.0069775415264415,0.006977541372179985,0.006977541372179985,0.6977541372179985
Pythia_minus,231,MUR1.0_MUF1.0_PDF26404,pdf,1,0.0,0.21,0.660984456539154,0.660500705242157,0.999268135139622,-0.000731864885892719,0.000731864885892719,-0.0731864885892719
Pythia_minus,231,MUR1.0_MUF1.0_PDF26404,pdf,2,0.21,0.42,0.6471099853515625,0.6464921236038208,0.9990451982480134,-0.000954801740590483,0.000954801740590483,-0.0954801740590483
Pythia_minus,231,MUR1.0_MUF1.0_PDF26404,pdf,3,0.42,0.63,0.6394927501678467,0.6390339732170105,0.9992825924129464,-0.0007174075581133366,0.0007174075581133366,-0.07174075581133366
Pythia_minus,231,MUR1.0_MUF1.0_PDF26404,pdf,4,0.63,0.84,0.6380901336669922,0.6377406120300293,0.9994522378289189,-0.0005477621452882886,0.0005477621452882886,-0.05477621452882886
Pythia_minus,231,MUR1.0_MUF1.0_PDF26404,pdf,5,0.84,1.05,0.6463085412979126,0.6462304592132568,0.9998791876021026,-0.00012081240129191428,0.00012081240129191428,-0.012081240129191428
Pythia_minus,231,MUR1.0_MUF1.0_PDF26404,pdf,6,1.05,1.37,0.6265755295753479,0.625760555267334,0.9986993199230646,-0.0013006801018491387,0.0013006801018491387,-0.13006801018491387
Pythia_minus,231,MUR1.0_MUF1.0_PDF26404,pdf,7,1.37,1.52,0.6408894062042236,0.6408021450042725,0.9998638435912555,-0.0001361564063699916,0.0001361564063699916,-0.01361564063699916
Pythia_minus,231,MUR1.0_MUF1.0_PDF26404,pdf,8,1.52,1.74,0.6314683556556702,0.6320704817771912,1.0009535333261408,0.0009535333374515176,0.0009535333374515176,0.09535333374515176
Pythia_minus,231,MUR1.0_MUF1.0_PDF26404,pdf,9,1.74,1.95,0.5918737053871155,0.5929892659187317,1.0018847948835412,0.0018847949104383588,0.0018847949104383588,0.18847949104383588
Pythia_minus,231,MUR1.0_MUF1.0_PDF26404,pdf,10,1.95,2.18,0.6574898362159729,0.6587788462638855,1.0019605018616426,0.0019605017732828856,0.0019605017732828856,0.19605017732828856
Pythia_minus,231,MUR1.0_MUF1.0_PDF26404,pdf,11,2.18,2.5,0.6256763339042664,0.6300709247589111,1.0070237447327155,0.007023744750767946,0.007023744750767946,0.7023744750767946
Pythia_minus,232,MUR1.0_MUF1.0_PDF26405,pdf,1,0.0,0.21,0.660984456539154,0.6605138182640076,0.99928797376324,-0.0007120262598618865,0.0007120262598618865,-0.07120262598618865
Pythia_minus,232,MUR1.0_MUF1.0_PDF26405,pdf,2,0.21,0.42,0.6471099853515625,0.6465262174606323,0.999097884588177,-0.0009021154255606234,0.0009021154255606234,-0.09021154255606234
Pythia_minus,232,MUR1.0_MUF1.0_PDF26405,pdf,3,0.42,0.63,0.6394927501678467,0.6390479803085327,0.9993044958536321,-0.0006955041317269206,0.0006955041317269206,-0.06955041317269206
Pythia_minus,232,MUR1.0_MUF1.0_PDF26405,pdf,4,0.63,0.84,0.6380901336669922,0.6377558708190918,0.9994761510478474,-0.0005238489247858524,0.0005238489247858524,-0.05238489247858524
Pythia_minus,232,MUR1.0_MUF1.0_PDF26405,pdf,5,0.84,1.05,0.6463085412979126,0.6462694406509399,0.9999395015778468,-6.049842340871692e-05,6.049842340871692e-05,-0.006049842340871692
Pythia_minus,232,MUR1.0_MUF1.0_PDF26405,pdf,6,1.05,1.37,0.6265755295753479,0.62582927942276,0.9988090020797754,-0.0011909978929907084,0.0011909978929907084,-0.11909978929907084
Pythia_minus,232,MUR1.0_MUF1.0_PDF26405,pdf,7,1.37,1.52,0.6408894062042236,0.640828013420105,0.9999042068982193,-9.579310426488519e-05,9.579310426488519e-05,-0.009579310426488519
Pythia_minus,232,MUR1.0_MUF1.0_PDF26405,pdf,8,1.52,1.74,0.6314683556556702,0.6320593953132629,1.0009359766840242,0.0009359766845591366,0.0009359766845591366,0.09359766845591366
Pythia_minus,232,MUR1.0_MUF1.0_PDF26405,pdf,9,1.74,1.95,0.5918737053871155,0.5929728746414185,1.0018571010070199,0.001857100985944271,0.001857100985944271,0.1857100985944271
Pythia_minus,232,MUR1.0_MUF1.0_PDF26405,pdf,10,1.95,2.18,0.6574898362159729,0.6587315797805786,1.0018886125628226,0.0018886125180870295,0.0018886125180870295,0.18886125180870295
Pythia_minus,232,MUR1.0_MUF1.0_PDF26405,pdf,11,2.18,2.5,0.6256763339042664,0.6299113631248474,1.0067687220869521,0.006768722087144852,0.006768722087144852,0.6768722087144852
Pythia_minus,233,MUR1.0_MUF1.0_PDF26406,pdf,1,0.0,0.21,0.660984456539154,0.6604669094085693,0.9992170055960249,-0.000782994378823787,0.000782994378823787,-0.0782994378823787
Pythia_minus,233,MUR1.0_MUF1.0_PDF26406,pdf,2,0.21,0.42,0.6471099853515625,0.6464125514030457,0.9989222327513028,-0.0010777672287076712,0.0010777672287076712,-0.10777672287076712
Pythia_minus,233,MUR1.0_MUF1.0_PDF26406,pdf,3,0.42,0.63,0.6394927501678467,0.6389899253845215,0.9992137130824498,-0.0007862868951633573,0.0007862868951633573,-0.07862868951633573
Pythia_minus,233,MUR1.0_MUF1.0_PDF26406,pdf,4,0.63,0.84,0.6380901336669922,0.6376966238021851,0.9993833005024765,-0.00061669951537624,0.00061669951537624,-0.061669951537624
Pythia_minus,233,MUR1.0_MUF1.0_PDF26406,pdf,5,0.84,1.05,0.6463085412979126,0.6461450457572937,0.9997470317500515,-0.0002529682533349842,0.0002529682533349842,-0.02529682533349842
Pythia_minus,233,MUR1.0_MUF1.0_PDF26406,pdf,6,1.05,1.37,0.6265755295753479,0.6256217956542969,0.998477862801796,-0.0015221372013911605,0.0015221372013911605,-0.15221372013911605
Pythia_minus,233,MUR1.0_MUF1.0_PDF26406,pdf,7,1.37,1.52,0.6408894062042236,0.640760600566864,0.9997990204922835,-0.00020097951346542686,0.00020097951346542686,-0.020097951346542686
Pythia_minus,233,MUR1.0_MUF1.0_PDF26406,pdf,8,1.52,1.74,0.6314683556556702,0.6320919990539551,1.000987608314335,0.000987608334980905,0.000987608334980905,0.0987608334980905
Pythia_minus,233,MUR1.0_MUF1.0_PDF26406,pdf,9,1.74,1.95,0.5918737053871155,0.5930021405220032,1.0019065471647361,0.0019065471133217216,0.0019065471133217216,0.19065471133217216
Pythia_minus,233,MUR1.0_MUF1.0_PDF26406,pdf,10,1.95,2.18,0.6574898362159729,0.6588201522827148,1.0020233256751134,0.0020233257673680782,0.0020233257673680782,0.20233257673680782
Pythia_minus,233,MUR1.0_MUF1.0_PDF26406,pdf,11,2.18,2.5,0.6256763339042664,0.6303477883338928,1.0074662476051734,0.007466247770935297,0.007466247770935297,0.7466247770935297
Pythia_minus,234,MUR1.0_MUF1.0_PDF26407,pdf,1,0.0,0.21,0.660984456539154,0.6604812741279602,0.9992387379064427,-0.0007612620829604566,0.0007612620829604566,-0.07612620829604566
Pythia_minus,234,MUR1.0_MUF1.0_PDF26407,pdf,2,0.21,0.42,0.6471099853515625,0.6464866995811462,0.9990368163302601,-0.0009631836437620223,0.0009631836437620223,-0.09631836437620223
Pythia_minus,234,MUR1.0_MUF1.0_PDF26407,pdf,3,0.42,0.63,0.6394927501678467,0.6390096545219421,0.9992445643116709,-0.0007554356707260013,0.0007554356707260013,-0.07554356707260013
Pythia_minus,234,MUR1.0_MUF1.0_PDF26407,pdf,4,0.63,0.84,0.6380901336669922,0.6377267837524414,0.9994305664742649,-0.0005694334977306426,0.0005694334977306426,-0.056943349773064256
Pythia_minus,234,MUR1.0_MUF1.0_PDF26407,pdf,5,0.84,1.05,0.6463085412979126,0.6462368965148926,0.9998891477081888,-0.0001108522919821553,0.0001108522919821553,-0.01108522919821553
Pythia_minus,234,MUR1.0_MUF1.0_PDF26407,pdf,6,1.05,1.37,0.6265755295753479,0.6257944703102112,0.9987534475441994,-0.00124655244871974,0.00124655244871974,-0.12465524487197399
Pythia_minus,234,MUR1.0_MUF1.0_PDF26407,pdf,7,1.37,1.52,0.6408894062042236,0.6408194303512573,0.9998908144645724,-0.000109185537439771,0.000109185537439771,-0.0109185537439771
Pythia_minus,234,MUR1.0_MUF1.0_PDF26407,pdf,8,1.52,1.74,0.6314683556556702,0.6320412158966064,1.000907187566575,0.000907187582924962,0.000907187582924962,0.0907187582924962
Pythia_minus,234,MUR1.0_MUF1.0_PDF26407,pdf,9,1.74,1.95,0.5918737053871155,0.5929566621780396,1.001829709245515,0.0018297092756256461,0.0018297092756256461,0.1829709275625646
Pythia_minus,234,MUR1.0_MUF1.0_PDF26407,pdf,10,1.95,2.18,0.6574898362159729,0.6587042212486267,1.0018470019850694,0.0018470019567757845,0.0018470019567757845,0.18470019567757845
Pythia_minus,234,MUR1.0_MUF1.0_PDF26407,pdf,11,2.18,2.5,0.6256763339042664,0.6299165487289429,1.0067770100847786,0.006777009926736355,0.006777009926736355,0.6777009926736355
Pythia_minus,235,MUR1.0_MUF1.0_PDF26408,pdf,1,0.0,0.21,0.660984456539154,0.6605132818222046,0.9992871621831828,-0.0007128377910703421,0.0007128377910703421,-0.0712837791070342
Pythia_minus,235,MUR1.0_MUF1.0_PDF26408,pdf,2,0.21,0.42,0.6471099853515625,0.6464892029762268,0.9990406849076847,-0.0009593151044100523,0.0009593151044100523,-0.09593151044100523
Pythia_minus,235,MUR1.0_MUF1.0_PDF26408,pdf,3,0.42,0.63,0.6394927501678467,0.6390473246574402,0.9993034705861957,-0.0006965294014662504,0.0006965294014662504,-0.06965294014662504
Pythia_minus,235,MUR1.0_MUF1.0_PDF26408,pdf,4,0.63,0.84,0.6380901336669922,0.6377458572387695,0.9994604579979255,-0.0005395420012064278,0.0005395420012064278,-0.05395420012064278
Pythia_minus,235,MUR1.0_MUF1.0_PDF26408,pdf,5,0.84,1.05,0.6463085412979126,0.6462203860282898,0.9998636018805418,-0.00013639811368193477,0.00013639811368193477,-0.013639811368193477
Pythia_minus,235,MUR1.0_MUF1.0_PDF26408,pdf,6,1.05,1.37,0.6265755295753479,0.625720202922821,0.9986349185179534,-0.0013650815235450864,0.0013650815235450864,-0.13650815235450864
Pythia_minus,235,MUR1.0_MUF1.0_PDF26408,pdf,7,1.37,1.52,0.6408894062042236,0.6407907009124756,0.9998459870130595,-0.00015401298878714442,0.00015401298878714442,-0.015401298878714442
Pythia_minus,235,MUR1.0_MUF1.0_PDF26408,pdf,8,1.52,1.74,0.6314683556556702,0.6320999264717102,1.0010001622573537,0.0010001622140407562,0.0010001622140407562,0.10001622140407562
Pythia_minus,235,MUR1.0_MUF1.0_PDF26408,pdf,9,1.74,1.95,0.5918737053871155,0.5930100679397583,1.001919940930472,0.001919940928928554,0.001919940928928554,0.1919940928928554
Pythia_minus,235,MUR1.0_MUF1.0_PDF26408,pdf,10,1.95,2.18,0.6574898362159729,0.6588207483291626,1.0020242322236483,0.0020242321770638227,0.0020242321770638227,0.20242321770638227
Pythia_minus,235,MUR1.0_MUF1.0_PDF26408,pdf,11,2.18,2.5,0.6256763339042664,0.6302039623260498,1.007236374745918,0.007236374542117119,0.007236374542117119,0.7236374542117119
Pythia_minus,236,MUR1.0_MUF1.0_PDF26409,pdf,1,0.0,0.21,0.660984456539154,0.6605111956596375,0.9992840060385163,-0.000715993985068053,0.000715993985068053,-0.0715993985068053
Pythia_minus,236,MUR1.0_MUF1.0_PDF26409,pdf,2,0.21,0.42,0.6471099853515625,0.6464982032775879,0.999054593364616,-0.0009454066166654229,0.0009454066166654229,-0.09454066166654229
Pythia_minus,236,MUR1.0_MUF1.0_PDF26409,pdf,3,0.42,0.63,0.6394927501678467,0.6390249729156494,0.9992685182872292,-0.0007314817048609257,0.0007314817048609257,-0.07314817048609257
Pythia_minus,236,MUR1.0_MUF1.0_PDF26409,pdf,4,0.63,0.84,0.6380901336669922,0.6377354264259338,0.9994441110709236,-0.0005558889242820442,0.0005558889242820442,-0.05558889242820442
Pythia_minus,236,MUR1.0_MUF1.0_PDF26409,pdf,5,0.84,1.05,0.6463085412979126,0.6462408304214478,0.999895234439686,-0.00010476556053617969,0.00010476556053617969,-0.01047655605361797
Pythia_minus,236,MUR1.0_MUF1.0_PDF26409,pdf,6,1.05,1.37,0.6265755295753479,0.6257743239402771,0.9987212944054585,-0.0012787055457010865,0.0012787055457010865,-0.12787055457010865
Pythia_minus,236,MUR1.0_MUF1.0_PDF26409,pdf,7,1.37,1.52,0.6408894062042236,0.6408242583274841,0.9998983477084988,-0.00010165229468839243,0.00010165229468839243,-0.010165229468839243
Pythia_minus,236,MUR1.0_MUF1.0_PDF26409,pdf,8,1.52,1.74,0.6314683556556702,0.6320268511772156,1.0008844394442624,0.0008844394469633698,0.0008844394469633698,0.08844394469633698
Pythia_minus,236,MUR1.0_MUF1.0_PDF26409,pdf,9,1.74,1.95,0.5918737053871155,0.5930132269859314,1.001925278295765,0.0019252783386036754,0.0019252783386036754,0.19252783386036754
Pythia_minus,236,MUR1.0_MUF1.0_PDF26409,pdf,10,1.95,2.18,0.6574898362159729,0.6586558222770691,1.001773390244033,0.001773390220478177,0.001773390220478177,0.1773390220478177
Pythia_minus,236,MUR1.0_MUF1.0_PDF26409,pdf,11,2.18,2.5,0.6256763339042664,0.62979656457901,1.0065852429626563,0.006585243158042431,0.006585243158042431,0.6585243158042431
Pythia_minus,237,MUR1.0_MUF2.0_PDF13300,scale,1,0.0,0.21,0.660984456539154,0.6621630191802979,1.001783041385443,0.0017830413999035954,0.0017830413999035954,0.17830413999035954
Pythia_minus,237,MUR1.0_MUF2.0_PDF13300,scale,2,0.21,0.42,0.6471099853515625,0.6486773490905762,1.0024220979037468,0.0024220978375524282,0.0024220978375524282,0.24220978375524282
Pythia_minus,237,MUR1.0_MUF2.0_PDF13300,scale,3,0.42,0.63,0.6394927501678467,0.6408063769340515,1.0020541699117935,0.0020541700068861246,0.0020541700068861246,0.20541700068861246
Pythia_minus,237,MUR1.0_MUF2.0_PDF13300,scale,4,0.63,0.84,0.6380901336669922,0.6391043663024902,1.0015894817706543,0.0015894817188382149,0.0015894817188382149,0.1589481718838215
Pythia_minus,237,MUR1.0_MUF2.0_PDF13300,scale,5,0.84,1.05,0.6463085412979126,0.6474250555038452,1.0017275250667281,0.0017275250284001231,0.0017275250284001231,0.1727525028400123
Pythia_minus,237,MUR1.0_MUF2.0_PDF13300,scale,6,1.05,1.37,0.6265755295753479,0.6275084018707275,1.0014888425279103,0.001488842535763979,0.001488842535763979,0.1488842535763979
Pythia_minus,237,MUR1.0_MUF2.0_PDF13300,scale,7,1.37,1.52,0.6408894062042236,0.6412007212638855,1.000485754728738,0.0004857547173742205,0.0004857547173742205,0.04857547173742205
Pythia_minus,237,MUR1.0_MUF2.0_PDF13300,scale,8,1.52,1.74,0.6314683556556702,0.6320726871490479,1.0009570257764544,0.0009570257971063256,0.0009570257971063256,0.09570257971063256
Pythia_minus,237,MUR1.0_MUF2.0_PDF13300,scale,9,1.74,1.95,0.5918737053871155,0.5925154089927673,1.00108419008956,0.0010841900948435068,0.0010841900948435068,0.10841900948435068
Pythia_minus,237,MUR1.0_MUF2.0_PDF13300,scale,10,1.95,2.18,0.6574898362159729,0.6582484841346741,1.0011538549752608,0.0011538550024852157,0.0011538550024852157,0.11538550024852157
Pythia_minus,237,MUR1.0_MUF2.0_PDF13300,scale,11,2.18,2.5,0.6256763339042664,0.6247712969779968,0.9985535062184276,-0.0014464937848970294,0.0014464937848970294,-0.14464937848970294
Pythia_minus,238,MUR1.0_MUF1.0_PDF26410,pdf,1,0.0,0.21,0.660984456539154,0.6604873538017273,0.9992479358137565,-0.0007520641665905714,0.0007520641665905714,-0.07520641665905714
Pythia_minus,238,MUR1.0_MUF1.0_PDF26410,pdf,2,0.21,0.42,0.6471099853515625,0.6464819312095642,0.999029447611356,-0.0009705523843877017,0.0009705523843877017,-0.09705523843877017
Pythia_minus,238,MUR1.0_MUF1.0_PDF26410,pdf,3,0.42,0.63,0.6394927501678467,0.6390312314033508,0.9992783049309398,-0.0007216950762085617,0.0007216950762085617,-0.07216950762085617
Pythia_minus,238,MUR1.0_MUF1.0_PDF26410,pdf,4,0.63,0.84,0.6380901336669922,0.6377339363098145,0.9994417757956376,-0.0005582242156378925,0.0005582242156378925,-0.05582242156378925
Pythia_minus,238,MUR1.0_MUF1.0_PDF26410,pdf,5,0.84,1.05,0.6463085412979126,0.6462152004241943,0.9998555784617501,-0.0001444215449737385,0.0001444215449737385,-0.01444215449737385
Pythia_minus,238,MUR1.0_MUF1.0_PDF26410,pdf,6,1.05,1.37,0.6265755295753479,0.6257457733154297,0.9986757282709706,-0.001324271783232689,0.001324271783232689,-0.1324271783232689
Pythia_minus,238,MUR1.0_MUF1.0_PDF26410,pdf,7,1.37,1.52,0.6408894062042236,0.6407881379127502,0.9998419878835677,-0.00015801211702637374,0.00015801211702637374,-0.015801211702637374
Pythia_minus,238,MUR1.0_MUF1.0_PDF26410,pdf,8,1.52,1.74,0.6314683556556702,0.6321039795875549,1.0010065808146866,0.0010065807728096843,0.0010065807728096843,0.10065807728096843
Pythia_minus,238,MUR1.0_MUF1.0_PDF26410,pdf,9,1.74,1.95,0.5918737053871155,0.5929604768753052,1.0018361543658691,0.0018361543770879507,0.0018361543770879507,0.18361543770879507
Pythia_minus,238,MUR1.0_MUF1.0_PDF26410,pdf,10,1.95,2.18,0.6574898362159729,0.6588510274887085,1.002070284889223,0.00207028491422534,0.00207028491422534,0.207028491422534
Pythia_minus,238,MUR1.0_MUF1.0_PDF26410,pdf,11,2.18,2.5,0.6256763339042664,0.630273163318634,1.0073469766479468,0.007346976548433304,0.007346976548433304,0.7346976548433304
Pythia_minus,239,MUR1.0_MUF1.0_PDF26411,pdf,1,0.0,0.21,0.660984456539154,0.660300076007843,0.9989646041982676,-0.0010353957768529654,0.0010353957768529654,-0.10353957768529654
Pythia_minus,239,MUR1.0_MUF1.0_PDF26411,pdf,2,0.21,0.42,0.6471099853515625,0.6462481617927551,0.9986681961670871,-0.0013318038545548916,0.0013318038545548916,-0.13318038545548916
Pythia_minus,239,MUR1.0_MUF1.0_PDF26411,pdf,3,0.42,0.63,0.6394927501678467,0.6388646364212036,0.9990177937959762,-0.000982206198386848,0.000982206198386848,-0.0982206198386848
Pythia_minus,239,MUR1.0_MUF1.0_PDF26411,pdf,4,0.63,0.84,0.6380901336669922,0.6376238465309143,0.9992692456575089,-0.000730754341930151,0.000730754341930151,-0.0730754341930151
Pythia_minus,239,MUR1.0_MUF1.0_PDF26411,pdf,5,0.84,1.05,0.6463085412979126,0.6460805535316467,0.9996472462427806,-0.0003527537628542632,0.0003527537628542632,-0.03527537628542632
Pythia_minus,239,MUR1.0_MUF1.0_PDF26411,pdf,6,1.05,1.37,0.6265755295753479,0.6256862282752991,0.9985806957691892,-0.0014193042879924178,0.0014193042879924178,-0.14193042879924178
Pythia_minus,239,MUR1.0_MUF1.0_PDF26411,pdf,7,1.37,1.52,0.6408894062042236,0.6407878398895264,0.9998415228685105,-0.00015847713802941144,0.00015847713802941144,-0.015847713802941144
Pythia_minus,239,MUR1.0_MUF1.0_PDF26411,pdf,8,1.52,1.74,0.6314683556556702,0.6321732997894287,1.0011163570231902,0.0011163570452481508,0.0011163570452481508,0.11163570452481508
Pythia_minus,239,MUR1.0_MUF1.0_PDF26411,pdf,9,1.74,1.95,0.5918737053871155,0.5929100513458252,1.001750957931189,0.0017509579192847013,0.0017509579192847013,0.17509579192847013
Pythia_minus,239,MUR1.0_MUF1.0_PDF26411,pdf,10,1.95,2.18,0.6574898362159729,0.6590846180915833,1.0024255612600625,0.0024255611933767796,0.0024255611933767796,0.24255611933767796
Pythia_minus,239,MUR1.0_MUF1.0_PDF26411,pdf,11,2.18,2.5,0.6256763339042664,0.6307591199874878,1.0081236668350622,0.008123666979372501,0.008123666979372501,0.8123666979372501
Pythia_minus,240,MUR1.0_MUF1.0_PDF26412,pdf,1,0.0,0.21,0.660984456539154,0.660683274269104,0.9995443428857208,-0.00045565710752271116,0.00045565710752271116,-0.045565710752271116
Pythia_minus,240,MUR1.0_MUF1.0_PDF26412,pdf,2,0.21,0.42,0.6471099853515625,0.6467103362083435,0.999382409246858,-0.0006175907328724861,0.0006175907328724861,-0.06175907328724861
Pythia_minus,240,MUR1.0_MUF1.0_PDF26412,pdf,3,0.42,0.63,0.6394927501678467,0.6391801834106445,0.9995112270512526,-0.0004887729301117361,0.0004887729301117361,-0.048877293011173606
Pythia_minus,240,MUR1.0_MUF1.0_PDF26412,pdf,4,0.63,0.84,0.6380901336669922,0.6378400325775146,0.999608047396,-0.00039195260615088046,0.00039195260615088046,-0.039195260615088046
Pythia_minus,240,MUR1.0_MUF1.0_PDF26412,pdf,5,0.84,1.05,0.6463085412979126,0.6463668346405029,1.0000901942940028,9.019429126055911e-05,9.019429126055911e-05,0.009019429126055911
Pythia_minus,240,MUR1.0_MUF1.0_PDF26412,pdf,6,1.05,1.37,0.6265755295753479,0.6258273720741272,0.9988059579956342,-0.0011940420372411609,0.0011940420372411609,-0.11940420372411609
Pythia_minus,240,MUR1.0_MUF1.0_PDF26412,pdf,7,1.37,1.52,0.6408894062042236,0.6408212780952454,0.9998936975579269,-0.00010630243923515081,0.00010630243923515081,-0.010630243923515081
Pythia_minus,240,MUR1.0_MUF1.0_PDF26412,pdf,8,1.52,1.74,0.6314683556556702,0.6319708824157715,1.0007958067187381,0.0007958066998980939,0.0007958066998980939,0.0795806699898094
Pythia_minus,240,MUR1.0_MUF1.0_PDF26412,pdf,9,1.74,1.95,0.5918737053871155,0.5930512547492981,1.0019895280892948,0.0019895280711352825,0.0019895280711352825,0.19895280711352825
Pythia_minus,240,MUR1.0_MUF1.0_PDF26412,pdf,10,1.95,2.18,0.6574898362159729,0.6584507822990417,1.0014615375480165,0.001461537554860115,0.001461537554860115,0.1461537554860115
Pythia_minus,240,MUR1.0_MUF1.0_PDF26412,pdf,11,2.18,2.5,0.6256763339042664,0.6293800473213196,1.005919535734941,0.005919535644352436,0.005919535644352436,0.5919535644352436
Pythia_minus,241,MUR1.0_MUF1.0_PDF26413,pdf,1,0.0,0.21,0.660984456539154,0.6605168581008911,0.9992925727168968,-0.0007074272725731134,0.0007074272725731134,-0.07074272725731134
Pythia_minus,241,MUR1.0_MUF1.0_PDF26413,pdf,2,0.21,0.42,0.6471099853515625,0.6465116143226624,0.9990753178865335,-0.0009246821282431483,0.0009246821282431483,-0.09246821282431483
Pythia_minus,241,MUR1.0_MUF1.0_PDF26413,pdf,3,0.42,0.63,0.6394927501678467,0.6390478610992432,0.9993043094413709,-0.0006956905708648264,0.0006956905708648264,-0.06956905708648264
Pythia_minus,241,MUR1.0_MUF1.0_PDF26413,pdf,4,0.63,0.84,0.6380901336669922,0.6377483010292053,0.9994642878493946,-0.0005357121699489653,0.0005357121699489653,-0.05357121699489653
Pythia_minus,241,MUR1.0_MUF1.0_PDF26413,pdf,5,0.84,1.05,0.6463085412979126,0.6462491750717163,0.9999081456883162,-9.185430826619267e-05,9.185430826619267e-05,-0.009185430826619267
Pythia_minus,241,MUR1.0_MUF1.0_PDF26413,pdf,6,1.05,1.37,0.6265755295753479,0.6257704496383667,0.9987151111095468,-0.0012848889455199242,0.0012848889455199242,-0.12848889455199242
Pythia_minus,241,MUR1.0_MUF1.0_PDF26413,pdf,7,1.37,1.52,0.6408894062042236,0.64081209897995,0.9998793750941656,-0.00012062490714015439,0.00012062490714015439,-0.01206249071401544
Pythia_minus,241,MUR1.0_MUF1.0_PDF26413,pdf,8,1.52,1.74,0.6314683556556702,0.632064938545227,1.0009447550050825,0.0009447549819014966,0.0009447549819014966,0.09447549819014966
Pythia_minus,241,MUR1.0_MUF1.0_PDF26413,pdf,9,1.74,1.95,0.5918737053871155,0.593006432056427,1.0019137979251345,0.0019137979252263904,0.0019137979252263904,0.19137979252263904
Pythia_minus,241,MUR1.0_MUF1.0_PDF26413,pdf,10,1.95,2.18,0.6574898362159729,0.6587325930595398,1.001890153695332,0.0018901537405326962,0.0018901537405326962,0.18901537405326962
Pythia_minus,241,MUR1.0_MUF1.0_PDF26413,pdf,11,2.18,2.5,0.6256763339042664,0.629970133304596,1.0068626527289852,0.006862652953714132,0.006862652953714132,0.6862652953714132
Pythia_minus,242,MUR1.0_MUF1.0_PDF26414,pdf,1,0.0,0.21,0.660984456539154,0.6604804396629333,0.9992374754485761,-0.0007625245489180088,0.0007625245489180088,-0.07625245489180088
Pythia_minus,242,MUR1.0_MUF1.0_PDF26414,pdf,2,0.21,0.42,0.6471099853515625,0.6464682221412659,0.999008262544507,-0.0009917374700307846,0.0009917374700307846,-0.09917374700307846
Pythia_minus,242,MUR1.0_MUF1.0_PDF26414,pdf,3,0.42,0.63,0.6394927501678467,0.6390163898468018,0.9992550966044261,-0.0007449034019373357,0.0007449034019373357,-0.07449034019373357
Pythia_minus,242,MUR1.0_MUF1.0_PDF26414,pdf,4,0.63,0.84,0.6380901336669922,0.6377238631248474,0.9994259893347044,-0.0005740106571465731,0.0005740106571465731,-0.05740106571465731
Pythia_minus,242,MUR1.0_MUF1.0_PDF26414,pdf,5,0.84,1.05,0.6463085412979126,0.6462119221687317,0.9998505061855025,-0.00014949381875339895,0.00014949381875339895,-0.014949381875339895
Pythia_minus,242,MUR1.0_MUF1.0_PDF26414,pdf,6,1.05,1.37,0.6265755295753479,0.6257494688034058,0.9986816261839941,-0.001318373833782971,0.001318373833782971,-0.1318373833782971
Pythia_minus,242,MUR1.0_MUF1.0_PDF26414,pdf,7,1.37,1.52,0.6408894062042236,0.6407979130744934,0.9998572403774434,-0.00014275962894316763,0.00014275962894316763,-0.014275962894316763
Pythia_minus,242,MUR1.0_MUF1.0_PDF26414,pdf,8,1.52,1.74,0.6314683556556702,0.6320732831954956,1.0009579696819444,0.0009579696925356984,0.0009579696925356984,0.09579696925356984
Pythia_minus,242,MUR1.0_MUF1.0_PDF26414,pdf,9,1.74,1.95,0.5918737053871155,0.5929630398750305,1.001840484681107,0.0018404846778139472,0.0018404846778139472,0.18404846778139472
Pythia_minus,242,MUR1.0_MUF1.0_PDF26414,pdf,10,1.95,2.18,0.6574898362159729,0.6587874889373779,1.0019736468153992,0.0019736469257622957,0.0019736469257622957,0.19736469257622957
Pythia_minus,242,MUR1.0_MUF1.0_PDF26414,pdf,11,2.18,2.5,0.6256763339042664,0.6301307678222656,1.0071193901329194,0.007119390182197094,0.007119390182197094,0.7119390182197094
Pythia_minus,243,MUR1.0_MUF1.0_PDF26415,pdf,1,0.0,0.21,0.660984456539154,0.6604366898536682,0.9991712865861417,-0.0008287134114652872,0.0008287134114652872,-0.08287134114652872
Pythia_minus,243,MUR1.0_MUF1.0_PDF26415,pdf,2,0.21,0.42,0.6471099853515625,0.6463683247566223,0.9988538878834682,-0.0011461121030151844,0.0011461121030151844,-0.11461121030151844
Pythia_minus,243,MUR1.0_MUF1.0_PDF26415,pdf,3,0.42,0.63,0.6394927501678467,0.6389843225479126,0.9992049517061755,-0.0007950483122840524,0.0007950483122840524,-0.07950483122840524
Pythia_minus,243,MUR1.0_MUF1.0_PDF26415,pdf,4,0.63,0.84,0.6380901336669922,0.6376726031303406,0.9993456558648663,-0.0006543441559188068,0.0006543441559188068,-0.06543441559188068
Pythia_minus,243,MUR1.0_MUF1.0_PDF26415,pdf,5,0.84,1.05,0.6463085412979126,0.6460691094398499,0.9996295393875162,-0.00037046062061563134,0.00037046062061563134,-0.037046062061563134
Pythia_minus,243,MUR1.0_MUF1.0_PDF26415,pdf,6,1.05,1.37,0.6265755295753479,0.6255167126655579,0.9983101527911445,-0.0016898472094908357,0.0016898472094908357,-0.16898472094908357
Pythia_minus,243,MUR1.0_MUF1.0_PDF26415,pdf,7,1.37,1.52,0.6408894062042236,0.6406903862953186,0.9996894629448102,-0.00031053705606609583,0.00031053705606609583,-0.031053705606609583
Pythia_minus,243,MUR1.0_MUF1.0_PDF26415,pdf,8,1.52,1.74,0.6314683556556702,0.6321029663085938,1.0010049761753534,0.0010049762204289436,0.0010049762204289436,0.10049762204289436
Pythia_minus,243,MUR1.0_MUF1.0_PDF26415,pdf,9,1.74,1.95,0.5918737053871155,0.5928646326065063,1.0016742207169733,0.0016742206644266844,0.0016742206644266844,0.16742206644266844
Pythia_minus,243,MUR1.0_MUF1.0_PDF26415,pdf,10,1.95,2.18,0.6574898362159729,0.6589469313621521,1.0022161485484935,0.002216148655861616,0.002216148655861616,0.2216148655861616
Pythia_minus,243,MUR1.0_MUF1.0_PDF26415,pdf,11,2.18,2.5,0.6256763339042664,0.6308262348175049,1.008230934485092,0.008230934850871563,0.008230934850871563,0.8230934850871563
Pythia_minus,244,MUR1.0_MUF1.0_PDF26416,pdf,1,0.0,0.21,0.660984456539154,0.6605539321899414,0.9993486619163984,-0.0006513380794785917,0.0006513380794785917,-0.06513380794785917
Pythia_minus,244,MUR1.0_MUF1.0_PDF26416,pdf,2,0.21,0.42,0.6471099853515625,0.6465988159179688,0.9992100733334905,-0.0007899266784079373,0.0007899266784079373,-0.07899266784079373
Pythia_minus,244,MUR1.0_MUF1.0_PDF26416,pdf,3,0.42,0.63,0.6394927501678467,0.639069676399231,0.9993384228851622,-0.0006615770980715752,0.0006615770980715752,-0.06615770980715752
Pythia_minus,244,MUR1.0_MUF1.0_PDF26416,pdf,4,0.63,0.84,0.6380901336669922,0.6377941966056824,0.9995362143282029,-0.0004637856618501246,0.0004637856618501246,-0.04637856618501246
Pythia_minus,244,MUR1.0_MUF1.0_PDF26416,pdf,5,0.84,1.05,0.6463085412979126,0.6463727951049805,1.000099416614453,9.941661119228229e-05,9.941661119228229e-05,0.009941661119228229
Pythia_minus,244,MUR1.0_MUF1.0_PDF26416,pdf,6,1.05,1.37,0.6265755295753479,0.6259822845458984,0.9990531947044732,-0.0009468052885495126,0.0009468052885495126,-0.09468052885495126
Pythia_minus,244,MUR1.0_MUF1.0_PDF26416,pdf,7,1.37,1.52,0.6408894062042236,0.6409110426902771,1.000033760093152,3.3760094083845615e-05,3.3760094083845615e-05,0.0033760094083845615
Pythia_minus,244,MUR1.0_MUF1.0_PDF26416,pdf,8,1.52,1.74,0.6314683556556702,0.6320385336875916,1.0009029399918692,0.0009029399952851236,0.0009029399952851236,0.09029399952851236
Pythia_minus,244,MUR1.0_MUF1.0_PDF26416,pdf,9,1.74,1.95,0.5918737053871155,0.5930926203727722,1.002059417363134,0.002059417311102152,0.002059417311102152,0.2059417311102152
Pythia_minus,244,MUR1.0_MUF1.0_PDF26416,pdf,10,1.95,2.18,0.6574898362159729,0.6585867404937744,1.0016683212688344,0.0016683213179931045,0.0016683213179931045,0.16683213179931045
Pythia_minus,244,MUR1.0_MUF1.0_PDF26416,pdf,11,2.18,2.5,0.6256763339042664,0.6293292045593262,1.0058382752505048,0.005838275421410799,0.005838275421410799,0.5838275421410799
Pythia_minus,245,MUR1.0_MUF1.0_PDF26417,pdf,1,0.0,0.21,0.660984456539154,0.6597398519515991,0.9981170440919722,-0.0018829558975994587,0.0018829558975994587,-0.18829558975994587
Pythia_minus,245,MUR1.0_MUF1.0_PDF26417,pdf,2,0.21,0.42,0.6471099853515625,0.64593905210495,0.998190518964135,-0.0018094810657203197,0.0018094810657203197,-0.18094810657203197
Pythia_minus,245,MUR1.0_MUF1.0_PDF26417,pdf,3,0.42,0.63,0.6394927501678467,0.6384504437446594,0.9983701043945945,-0.0016298956470564008,0.0016298956470564008,-0.16298956470564008
Pythia_minus,245,MUR1.0_MUF1.0_PDF26417,pdf,4,0.63,0.84,0.6380901336669922,0.6376190185546875,0.9992616793655823,-0.0007383206393569708,0.0007383206393569708,-0.07383206393569708
Pythia_minus,245,MUR1.0_MUF1.0_PDF26417,pdf,5,0.84,1.05,0.6463085412979126,0.6465724110603333,1.0004082721263297,0.00040827211341820657,0.00040827211341820657,0.04082721134182066
Pythia_minus,245,MUR1.0_MUF1.0_PDF26417,pdf,6,1.05,1.37,0.6265755295753479,0.62721186876297,1.001015582571591,0.001015582587569952,0.001015582587569952,0.1015582587569952
Pythia_minus,245,MUR1.0_MUF1.0_PDF26417,pdf,7,1.37,1.52,0.6408894062042236,0.6415707468986511,1.001063117423742,0.0010631174081936479,0.0010631174081936479,0.10631174081936479
Pythia_minus,245,MUR1.0_MUF1.0_PDF26417,pdf,8,1.52,1.74,0.6314683556556702,0.6326666474342346,1.00189762759738,0.0018976276041939855,0.0018976276041939855,0.18976276041939855
Pythia_minus,245,MUR1.0_MUF1.0_PDF26417,pdf,9,1.74,1.95,0.5918737053871155,0.5933753252029419,1.0025370612043734,0.0025370612274855375,0.0025370612274855375,0.25370612274855375
Pythia_minus,245,MUR1.0_MUF1.0_PDF26417,pdf,10,1.95,2.18,0.6574898362159729,0.6598807573318481,1.0036364381381706,0.0036364381667226553,0.0036364381667226553,0.36364381667226553
Pythia_minus,245,MUR1.0_MUF1.0_PDF26417,pdf,11,2.18,2.5,0.6256763339042664,0.6295510530471802,1.0061928491345282,0.006192849017679691,0.006192849017679691,0.6192849017679691
Pythia_minus,246,MUR1.0_MUF1.0_PDF26418,pdf,1,0.0,0.21,0.660984456539154,0.661008358001709,1.0000361604003218,3.6160399758955464e-05,3.6160399758955464e-05,0.0036160399758955464
Pythia_minus,246,MUR1.0_MUF1.0_PDF26418,pdf,2,0.21,0.42,0.6471099853515625,0.6468586921691895,0.9996116685137588,-0.0003883314784616232,0.0003883314784616232,-0.03883314784616232
Pythia_minus,246,MUR1.0_MUF1.0_PDF26418,pdf,3,0.42,0.63,0.6394927501678467,0.6394196152687073,0.9998856360777816,-0.00011436392378527671,0.00011436392378527671,-0.011436392378527671
Pythia_minus,246,MUR1.0_MUF1.0_PDF26418,pdf,4,0.63,0.84,0.6380901336669922,0.6378172039985657,0.9995722709786186,-0.0004277290136087686,0.0004277290136087686,-0.04277290136087686
Pythia_minus,246,MUR1.0_MUF1.0_PDF26418,pdf,5,0.84,1.05,0.6463085412979126,0.6459901928901672,0.9995074358647558,-0.000492564111482352,0.000492564111482352,-0.0492564111482352
Pythia_minus,246,MUR1.0_MUF1.0_PDF26418,pdf,6,1.05,1.37,0.6265755295753479,0.6247540712356567,0.9970929947728319,-0.00290700513869524,0.00290700513869524,-0.290700513869524
Pythia_minus,246,MUR1.0_MUF1.0_PDF26418,pdf,7,1.37,1.52,0.6408894062042236,0.6402662396430969,0.9990276535154208,-0.0009723464609123766,0.0009723464609123766,-0.09723464609123766
Pythia_minus,246,MUR1.0_MUF1.0_PDF26418,pdf,8,1.52,1.74,0.6314683556556702,0.6316429972648621,1.0002765643086113,0.00027656430029310286,0.00027656430029310286,0.027656430029310286
Pythia_minus,246,MUR1.0_MUF1.0_PDF26418,pdf,9,1.74,1.95,0.5918737053871155,0.5926985740661621,1.0013936565715604,0.0013936565956100821,0.0013936565956100821,0.13936565956100821
Pythia_minus,246,MUR1.0_MUF1.0_PDF26418,pdf,10,1.95,2.18,0.6574898362159729,0.6579447984695435,1.0006919684967133,0.0006919684819877148,0.0006919684819877148,0.06919684819877148
Pythia_minus,246,MUR1.0_MUF1.0_PDF26418,pdf,11,2.18,2.5,0.6256763339042664,0.6304148435592651,1.0075734199908604,0.0075734201818704605,0.0075734201818704605,0.757342018187046
Pythia_minus,247,MUR1.0_MUF1.0_PDF26419,pdf,1,0.0,0.21,0.660984456539154,0.6610324382781982,1.0000725913273292,7.259132689796388e-05,7.259132689796388e-05,0.007259132689796388
Pythia_minus,247,MUR1.0_MUF1.0_PDF26419,pdf,2,0.21,0.42,0.6471099853515625,0.6468636989593506,0.9996194056686081,-0.00038059434155002236,0.00038059434155002236,-0.038059434155002236
Pythia_minus,247,MUR1.0_MUF1.0_PDF26419,pdf,3,0.42,0.63,0.6394927501678467,0.6394285559654236,0.9998996169973682,-0.00010038300388259813,0.00010038300388259813,-0.010038300388259813
Pythia_minus,247,MUR1.0_MUF1.0_PDF26419,pdf,4,0.63,0.84,0.6380901336669922,0.637813925743103,0.9995671333729894,-0.0004328666254878044,0.0004328666254878044,-0.04328666254878044
Pythia_minus,247,MUR1.0_MUF1.0_PDF26419,pdf,5,0.84,1.05,0.6463085412979126,0.6459405422210693,0.9994306139354058,-0.0005693860584869981,0.0005693860584869981,-0.05693860584869981
Pythia_minus,247,MUR1.0_MUF1.0_PDF26419,pdf,6,1.05,1.37,0.6265755295753479,0.6246626377105713,0.9969470689893155,-0.003052931046113372,0.003052931046113372,-0.3052931046113372
Pythia_minus,247,MUR1.0_MUF1.0_PDF26419,pdf,7,1.37,1.52,0.6408894062042236,0.6402201056480408,0.9989556691845682,-0.0010443307692185044,0.0010443307692185044,-0.10443307692185044
Pythia_minus,247,MUR1.0_MUF1.0_PDF26419,pdf,8,1.52,1.74,0.6314683556556702,0.6315509676933289,1.0001308253009336,0.00013082529767416418,0.00013082529767416418,0.013082529767416418
Pythia_minus,247,MUR1.0_MUF1.0_PDF26419,pdf,9,1.74,1.95,0.5918737053871155,0.5925468802452087,1.001137362332481,0.001137362327426672,0.001137362327426672,0.1137362327426672
Pythia_minus,247,MUR1.0_MUF1.0_PDF26419,pdf,10,1.95,2.18,0.6574898362159729,0.6578676700592041,1.0005746611162931,0.0005746611277572811,0.0005746611277572811,0.057466112775728106
Pythia_minus,247,MUR1.0_MUF1.0_PDF26419,pdf,11,2.18,2.5,0.6256763339042664,0.6304473876953125,1.007625434322047,0.007625434547662735,0.007625434547662735,0.7625434547662735
Pythia_minus,248,MUR2.0_MUF0.5_PDF13300,scale,1,0.0,0.21,0.660984456539154,0.6593118906021118,0.9974695835575323,-0.0025304164737462997,0.0025304164737462997,-0.25304164737463
Pythia_minus,248,MUR2.0_MUF0.5_PDF13300,scale,2,0.21,0.42,0.6471099853515625,0.6450375318527222,0.9967973705463463,-0.0032026295084506273,0.0032026295084506273,-0.32026295084506273
Pythia_minus,248,MUR2.0_MUF0.5_PDF13300,scale,3,0.42,0.63,0.6394927501678467,0.6377278566360474,0.9972401664736057,-0.00275983358733356,0.00275983358733356,-0.275983358733356
Pythia_minus,248,MUR2.0_MUF0.5_PDF13300,scale,4,0.63,0.84,0.6380901336669922,0.6367526650428772,0.9979039503143093,-0.0020960497204214334,0.0020960497204214334,-0.20960497204214334
Pythia_minus,248,MUR2.0_MUF0.5_PDF13300,scale,5,0.84,1.05,0.6463085412979126,0.6448705196380615,0.9977750229681891,-0.0022249771282076836,0.0022249771282076836,-0.22249771282076836
Pythia_minus,248,MUR2.0_MUF0.5_PDF13300,scale,6,1.05,1.37,0.6265755295753479,0.6253468990325928,0.9980391341749528,-0.00196086592040956,0.00196086592040956,-0.19608659204095602
Pythia_minus,248,MUR2.0_MUF0.5_PDF13300,scale,7,1.37,1.52,0.6408894062042236,0.6405243277549744,0.9994303565549453,-0.0005696434527635574,0.0005696434527635574,-0.05696434527635574
Pythia_minus,248,MUR2.0_MUF0.5_PDF13300,scale,8,1.52,1.74,0.6314683556556702,0.6305904388427734,0.9986097216035709,-0.0013902783393859863,0.0013902783393859863,-0.13902783393859863
Pythia_minus,248,MUR2.0_MUF0.5_PDF13300,scale,9,1.74,1.95,0.5918737053871155,0.5909448266029358,0.9984306131937858,-0.0015693868044763803,0.0015693868044763803,-0.15693868044763803
Pythia_minus,248,MUR2.0_MUF0.5_PDF13300,scale,10,1.95,2.18,0.6574898362159729,0.6562405824661255,0.9980999649256371,-0.0019000350730493665,0.0019000350730493665,-0.19000350730493665
Pythia_minus,248,MUR2.0_MUF0.5_PDF13300,scale,11,2.18,2.5,0.6256763339042664,0.6266515254974365,1.0015586199130866,0.0015586199006065726,0.0015586199006065726,0.15586199006065726
Pythia_minus,249,MUR1.0_MUF1.0_PDF26420,pdf,1,0.0,0.21,0.660984456539154,0.659721851348877,0.9980898110722785,-0.0019101889338344336,0.0019101889338344336,-0.19101889338344336
Pythia_minus,249,MUR1.0_MUF1.0_PDF26420,pdf,2,0.21,0.42,0.6471099853515625,0.6459439396858215,0.9981980719010116,-0.00180192815605551,0.00180192815605551,-0.180192815605551
Pythia_minus,249,MUR1.0_MUF1.0_PDF26420,pdf,3,0.42,0.63,0.6394927501678467,0.638452410697937,0.9983731801969036,-0.0016268198378384113,0.0016268198378384113,-0.16268198378384113
Pythia_minus,249,MUR1.0_MUF1.0_PDF26420,pdf,4,0.63,0.84,0.6380901336669922,0.6376262903213501,0.9992730755089779,-0.0007269245106726885,0.0007269245106726885,-0.07269245106726885
Pythia_minus,249,MUR1.0_MUF1.0_PDF26420,pdf,5,0.84,1.05,0.6463085412979126,0.6466308236122131,1.0004986508667413,0.0004986508865840733,0.0004986508865840733,0.04986508865840733
Pythia_minus,249,MUR1.0_MUF1.0_PDF26420,pdf,6,1.05,1.37,0.6265755295753479,0.6272968053817749,1.0011511394435015,0.0011511394986882806,0.0011511394986882806,0.11511394986882806
Pythia_minus,249,MUR1.0_MUF1.0_PDF26420,pdf,7,1.37,1.52,0.6408894062042236,0.6416183710098267,1.0011374268298807,0.001137426821514964,0.001137426821514964,0.11374268215149641
Pythia_minus,249,MUR1.0_MUF1.0_PDF26420,pdf,8,1.52,1.74,0.6314683556556702,0.6327884793281555,1.002090561879565,0.0020905619021505117,0.0020905619021505117,0.20905619021505117
Pythia_minus,249,MUR1.0_MUF1.0_PDF26420,pdf,9,1.74,1.95,0.5918737053871155,0.5935827493667603,1.0028875146236256,0.002887514652684331,0.002887514652684331,0.2887514652684331
Pythia_minus,249,MUR1.0_MUF1.0_PDF26420,pdf,10,1.95,2.18,0.6574898362159729,0.6599776148796082,1.003783752275097,0.0037837522104382515,0.0037837522104382515,0.37837522104382515
Pythia_minus,249,MUR1.0_MUF1.0_PDF26420,pdf,11,2.18,2.5,0.6256763339042664,0.6295382380485535,1.0061723673008192,0.006172367371618748,0.006172367371618748,0.6172367371618748
Pythia_minus,250,MUR1.0_MUF1.0_PDF26421,pdf,1,0.0,0.21,0.660984456539154,0.6608597636222839,0.9998113527245058,-0.00018864727462641895,0.00018864727462641895,-0.018864727462641895
Pythia_minus,250,MUR1.0_MUF1.0_PDF26421,pdf,2,0.21,0.42,0.6471099853515625,0.6467894911766052,0.9995047299806645,-0.0004952700110152364,0.0004952700110152364,-0.04952700110152364
Pythia_minus,250,MUR1.0_MUF1.0_PDF26421,pdf,3,0.42,0.63,0.6394927501678467,0.6393069624900818,0.9997094764909905,-0.00029052351601421833,0.00029052351601421833,-0.029052351601421833
Pythia_minus,250,MUR1.0_MUF1.0_PDF26421,pdf,4,0.63,0.84,0.6380901336669922,0.6378338932991028,0.9995984260618217,-0.0004015739250462502,0.0004015739250462502,-0.04015739250462502
Pythia_minus,250,MUR1.0_MUF1.0_PDF26421,pdf,5,0.84,1.05,0.6463085412979126,0.6461580991744995,0.9997672286318374,-0.0002327713737031445,0.0002327713737031445,-0.02327713737031445
Pythia_minus,250,MUR1.0_MUF1.0_PDF26421,pdf,6,1.05,1.37,0.6265755295753479,0.6252714395523071,0.9979187025961186,-0.0020812973380088806,0.0020812973380088806,-0.20812973380088806
Pythia_minus,250,MUR1.0_MUF1.0_PDF26421,pdf,7,1.37,1.52,0.6408894062042236,0.6405355334281921,0.9994478411210955,-0.0005521588609553874,0.0005521588609553874,-0.055215886095538735
Pythia_minus,250,MUR1.0_MUF1.0_PDF26421,pdf,8,1.52,1.74,0.6314683556556702,0.6317336559295654,1.000420132333662,0.00042013233178295195,0.00042013233178295195,0.042013233178295195
Pythia_minus,250,MUR1.0_MUF1.0_PDF26421,pdf,9,1.74,1.95,0.5918737053871155,0.5927538871765137,1.0014871108166945,0.0014871108578518033,0.0014871108578518033,0.14871108578518033
Pythia_minus,250,MUR1.0_MUF1.0_PDF26421,pdf,10,1.95,2.18,0.6574898362159729,0.6581610441207886,1.0010208643051863,0.00102086435072124,0.00102086435072124,0.102086435072124
Pythia_minus,250,MUR1.0_MUF1.0_PDF26421,pdf,11,2.18,2.5,0.6256763339042664,0.6298589706420898,1.0066849847296022,0.0066849845461547375,0.0066849845461547375,0.6684984546154737
Pythia_minus,251,MUR1.0_MUF1.0_PDF26422,pdf,1,0.0,0.21,0.660984456539154,0.6598738431930542,0.9983197587551228,-0.0016802411992102861,0.0016802411992102861,-0.16802411992102861
Pythia_minus,251,MUR1.0_MUF1.0_PDF26422,pdf,2,0.21,0.42,0.6471099853515625,0.6459668874740601,0.9982335338607371,-0.0017664661863818765,0.0017664661863818765,-0.17664661863818765
Pythia_minus,251,MUR1.0_MUF1.0_PDF26422,pdf,3,0.42,0.63,0.6394927501678467,0.6385537385940552,0.998531630618885,-0.0014683693880215287,0.0014683693880215287,-0.14683693880215287
Pythia_minus,251,MUR1.0_MUF1.0_PDF26422,pdf,4,0.63,0.84,0.6380901336669922,0.637572169303894,0.9991882583105909,-0.0008117416873574257,0.0008117416873574257,-0.08117416873574257
Pythia_minus,251,MUR1.0_MUF1.0_PDF26422,pdf,5,0.84,1.05,0.6463085412979126,0.6463449001312256,1.0000562561547461,5.625615449389443e-05,5.625615449389443e-05,0.005625615449389443
Pythia_minus,251,MUR1.0_MUF1.0_PDF26422,pdf,6,1.05,1.37,0.6265755295753479,0.6265795826911926,1.0000064686788,6.468678748206003e-06,6.468678748206003e-06,0.0006468678748206003
Pythia_minus,251,MUR1.0_MUF1.0_PDF26422,pdf,7,1.37,1.52,0.6408894062042236,0.6412577033042908,1.0005746656076724,0.0005746656097471714,0.0005746656097471714,0.05746656097471714
Pythia_minus,251,MUR1.0_MUF1.0_PDF26422,pdf,8,1.52,1.74,0.6314683556556702,0.6326268911361694,1.0018346691011877,0.0018346691504120827,0.0018346691504120827,0.18346691504120827
Pythia_minus,251,MUR1.0_MUF1.0_PDF26422,pdf,9,1.74,1.95,0.5918737053871155,0.5933570265769958,1.002506144767675,0.0025061448104679585,0.0025061448104679585,0.25061448104679585
Pythia_minus,251,MUR1.0_MUF1.0_PDF26422,pdf,10,1.95,2.18,0.6574898362159729,0.6597501039505005,1.0034377226993136,0.0034377228002995253,0.0034377228002995253,0.3437722800299525
Pythia_minus,251,MUR1.0_MUF1.0_PDF26422,pdf,11,2.18,2.5,0.6256763339042664,0.6303829550743103,1.0075224535674447,0.0075224535539746284,0.0075224535539746284,0.7522453553974628
Pythia_minus,252,MUR1.0_MUF1.0_PDF26423,pdf,1,0.0,0.21,0.660984456539154,0.660376787185669,0.9990806601464325,-0.0009193398291245103,0.0009193398291245103,-0.09193398291245103
Pythia_minus,252,MUR1.0_MUF1.0_PDF26423,pdf,2,0.21,0.42,0.6471099853515625,0.6464189887046814,0.9989321805218232,-0.0010678194230422378,0.0010678194230422378,-0.10678194230422378
Pythia_minus,252,MUR1.0_MUF1.0_PDF26423,pdf,3,0.42,0.63,0.6394927501678467,0.6389293074607849,0.9991189224476527,-0.0008810775470919907,0.0008810775470919907,-0.08810775470919907
Pythia_minus,252,MUR1.0_MUF1.0_PDF26423,pdf,4,0.63,0.84,0.6380901336669922,0.6377312541007996,0.9994375723001229,-0.0005624276818707585,0.0005624276818707585,-0.05624276818707585
Pythia_minus,252,MUR1.0_MUF1.0_PDF26423,pdf,5,0.84,1.05,0.6463085412979126,0.6463281512260437,1.000030341434281,3.0341434467118233e-05,3.0341434467118233e-05,0.0030341434467118233
Pythia_minus,252,MUR1.0_MUF1.0_PDF26423,pdf,6,1.05,1.37,0.6265755295753479,0.6260414123535156,0.9991475613128488,-0.0008524386794306338,0.0008524386794306338,-0.08524386794306338
Pythia_minus,252,MUR1.0_MUF1.0_PDF26423,pdf,7,1.37,1.52,0.6408894062042236,0.6409504413604736,1.000095235083712,9.5235081971623e-05,9.5235081971623e-05,0.0095235081971623
Pythia_minus,252,MUR1.0_MUF1.0_PDF26423,pdf,8,1.52,1.74,0.6314683556556702,0.632199764251709,1.0011582664269525,0.0011582664446905255,0.0011582664446905255,0.11582664446905255
Pythia_minus,252,MUR1.0_MUF1.0_PDF26423,pdf,9,1.74,1.95,0.5918737053871155,0.5931364893913269,1.002133536247206,0.0021335361525416374,0.0021335361525416374,0.21335361525416374
Pythia_minus,252,MUR1.0_MUF1.0_PDF26423,pdf,10,1.95,2.18,0.6574898362159729,0.6588925123214722,1.002133380667254,0.0021333806216716766,0.0021333806216716766,0.21333806216716766
Pythia_minus,252,MUR1.0_MUF1.0_PDF26423,pdf,11,2.18,2.5,0.6256763339042664,0.6297862529754639,1.0065687622313462,0.006568762008100748,0.006568762008100748,0.6568762008100748
Pythia_minus,253,MUR1.0_MUF1.0_PDF26424,pdf,1,0.0,0.21,0.660984456539154,0.6606679558753967,0.9995211677663125,-0.0004788322257809341,0.0004788322257809341,-0.04788322257809341
Pythia_minus,253,MUR1.0_MUF1.0_PDF26424,pdf,2,0.21,0.42,0.6471099853515625,0.6465892195701599,0.9991952437866962,-0.0008047561859712005,0.0008047561859712005,-0.08047561859712005
Pythia_minus,253,MUR1.0_MUF1.0_PDF26424,pdf,3,0.42,0.63,0.6394927501678467,0.6391665935516357,0.9994899760534809,-0.0005100239650346339,0.0005100239650346339,-0.05100239650346339
Pythia_minus,253,MUR1.0_MUF1.0_PDF26424,pdf,4,0.63,0.84,0.6380901336669922,0.6377462148666382,0.9994610184639942,-0.000538981519639492,0.000538981519639492,-0.053898151963949203
Pythia_minus,253,MUR1.0_MUF1.0_PDF26424,pdf,5,0.84,1.05,0.6463085412979126,0.6460898518562317,0.9996616330626829,-0.00033836692455224693,0.00033836692455224693,-0.03383669245522469
Pythia_minus,253,MUR1.0_MUF1.0_PDF26424,pdf,6,1.05,1.37,0.6265755295753479,0.625370979309082,0.9980775657372348,-0.0019224343122914433,0.0019224343122914433,-0.19224343122914433
Pythia_minus,253,MUR1.0_MUF1.0_PDF26424,pdf,7,1.37,1.52,0.6408894062042236,0.64060378074646,0.9995543295691914,-0.00044567041913978755,0.00044567041913978755,-0.044567041913978755
Pythia_minus,253,MUR1.0_MUF1.0_PDF26424,pdf,8,1.52,1.74,0.6314683556556702,0.6318764090538025,1.0006461976985508,0.0006461977027356625,0.0006461977027356625,0.06461977027356625
Pythia_minus,253,MUR1.0_MUF1.0_PDF26424,pdf,9,1.74,1.95,0.5918737053871155,0.5927593111991882,1.0014962749721978,0.0014962749555706978,0.0014962749555706978,0.14962749555706978
Pythia_minus,253,MUR1.0_MUF1.0_PDF26424,pdf,10,1.95,2.18,0.6574898362159729,0.6585611701011658,1.0016294303366857,0.0016294303350150585,0.0016294303350150585,0.16294303350150585
Pythia_minus,253,MUR1.0_MUF1.0_PDF26424,pdf,11,2.18,2.5,0.6256763339042664,0.6303919553756714,1.0075368384832126,0.007536838296800852,0.007536838296800852,0.7536838296800852
Pythia_minus,254,MUR1.0_MUF1.0_PDF26425,pdf,1,0.0,0.21,0.660984456539154,0.6604648232460022,0.9992138494513584,-0.0007861505728214979,0.0007861505728214979,-0.07861505728214979
Pythia_minus,254,MUR1.0_MUF1.0_PDF26425,pdf,2,0.21,0.42,0.6471099853515625,0.6464464068412781,0.9989745506555212,-0.0010254493681713939,0.0010254493681713939,-0.10254493681713939
Pythia_minus,254,MUR1.0_MUF1.0_PDF26425,pdf,3,0.42,0.63,0.6394927501678467,0.6390074491500854,0.9992411156848395,-0.0007588843000121415,0.0007588843000121415,-0.07588843000121415
Pythia_minus,254,MUR1.0_MUF1.0_PDF26425,pdf,4,0.63,0.84,0.6380901336669922,0.6377227306365967,0.999424214525487,-0.0005757854669354856,0.0005757854669354856,-0.05757854669354856
Pythia_minus,254,MUR1.0_MUF1.0_PDF26425,pdf,5,0.84,1.05,0.6463085412979126,0.646212100982666,0.9998507828551161,-0.00014921714318916202,0.00014921714318916202,-0.014921714318916202
Pythia_minus,254,MUR1.0_MUF1.0_PDF26425,pdf,6,1.05,1.37,0.6265755295753479,0.6257796287536621,0.9987297607644761,-0.0012702392414212227,0.0012702392414212227,-0.12702392414212227
Pythia_minus,254,MUR1.0_MUF1.0_PDF26425,pdf,7,1.37,1.52,0.6408894062042236,0.6408219337463379,0.9998947205910528,-0.00010527941049076617,0.00010527941049076617,-0.010527941049076617
Pythia_minus,254,MUR1.0_MUF1.0_PDF26425,pdf,8,1.52,1.74,0.6314683556556702,0.632113516330719,1.001021683302529,0.0010216833325102925,0.0010216833325102925,0.10216833325102925
Pythia_minus,254,MUR1.0_MUF1.0_PDF26425,pdf,9,1.74,1.95,0.5918737053871155,0.5930094122886658,1.0019188331754112,0.001918833120726049,0.001918833120726049,0.1918833120726049
Pythia_minus,254,MUR1.0_MUF1.0_PDF26425,pdf,10,1.95,2.18,0.6574898362159729,0.6588813662528992,1.0021164282096509,0.0021164282225072384,0.0021164282225072384,0.21164282225072384
Pythia_minus,254,MUR1.0_MUF1.0_PDF26425,pdf,11,2.18,2.5,0.6256763339042664,0.6301890015602112,1.007212463395867,0.007212463300675154,0.007212463300675154,0.7212463300675154
Pythia_minus,255,MUR1.0_MUF1.0_PDF26426,pdf,1,0.0,0.21,0.660984456539154,0.660569429397583,0.9993721075624924,-0.0006278924411162734,0.0006278924411162734,-0.06278924411162734
Pythia_minus,255,MUR1.0_MUF1.0_PDF26426,pdf,2,0.21,0.42,0.6471099853515625,0.646578311920166,0.9991783878422033,-0.0008216121350415051,0.0008216121350415051,-0.08216121350415051
Pythia_minus,255,MUR1.0_MUF1.0_PDF26426,pdf,3,0.42,0.63,0.6394927501678467,0.6390751004219055,0.9993469046430448,-0.0006530953687615693,0.0006530953687615693,-0.06530953687615693
Pythia_minus,255,MUR1.0_MUF1.0_PDF26426,pdf,4,0.63,0.84,0.6380901336669922,0.6377646327018738,0.9994898824665289,-0.0005101175047457218,0.0005101175047457218,-0.05101175047457218
Pythia_minus,255,MUR1.0_MUF1.0_PDF26426,pdf,5,0.84,1.05,0.6463085412979126,0.6462609171867371,0.999926313659603,-7.368634396698326e-05,7.368634396698326e-05,-0.007368634396698326
Pythia_minus,255,MUR1.0_MUF1.0_PDF26426,pdf,6,1.05,1.37,0.6265755295753479,0.625714898109436,0.9986264521589359,-0.0013735478278249502,0.0013735478278249502,-0.13735478278249502
Pythia_minus,255,MUR1.0_MUF1.0_PDF26426,pdf,7,1.37,1.52,0.6408894062042236,0.6407672166824341,0.9998093438265531,-0.000190656166523695,0.000190656166523695,-0.0190656166523695
Pythia_minus,255,MUR1.0_MUF1.0_PDF26426,pdf,8,1.52,1.74,0.6314683556556702,0.6319749355316162,1.000802225276071,0.000802225258667022,0.000802225258667022,0.0802225258667022
Pythia_minus,255,MUR1.0_MUF1.0_PDF26426,pdf,9,1.74,1.95,0.5918737053871155,0.5929321646690369,1.0017883194882413,0.001788319437764585,0.001788319437764585,0.1788319437764585
Pythia_minus,255,MUR1.0_MUF1.0_PDF26426,pdf,10,1.95,2.18,0.6574898362159729,0.6585087180137634,1.001549654065612,0.0015496540581807494,0.0015496540581807494,0.15496540581807494
Pythia_minus,255,MUR1.0_MUF1.0_PDF26426,pdf,11,2.18,2.5,0.6256763339042664,0.629775881767273,1.0065521862356934,0.006552186328917742,0.006552186328917742,0.6552186328917742
Pythia_minus,256,MUR1.0_MUF1.0_PDF26427,pdf,1,0.0,0.21,0.660984456539154,0.6606835126876831,0.9995447035879684,-0.00045529642375186086,0.00045529642375186086,-0.045529642375186086
Pythia_minus,256,MUR1.0_MUF1.0_PDF26427,pdf,2,0.21,0.42,0.6471099853515625,0.6467011570930481,0.9993682244629678,-0.0006317755323834717,0.0006317755323834717,-0.06317755323834717
Pythia_minus,256,MUR1.0_MUF1.0_PDF26427,pdf,3,0.42,0.63,0.6394927501678467,0.6392287611961365,0.999587190047673,-0.00041280995355919003,0.00041280995355919003,-0.041280995355919003
Pythia_minus,256,MUR1.0_MUF1.0_PDF26427,pdf,4,0.63,0.84,0.6380901336669922,0.6378997564315796,0.9997016452294623,-0.00029835477471351624,0.00029835477471351624,-0.029835477471351624
Pythia_minus,256,MUR1.0_MUF1.0_PDF26427,pdf,5,0.84,1.05,0.6463085412979126,0.6463648080825806,1.0000870587050497,8.705870277481154e-05,8.705870277481154e-05,0.008705870277481154
Pythia_minus,256,MUR1.0_MUF1.0_PDF26427,pdf,6,1.05,1.37,0.6265755295753479,0.6259934306144714,0.999070983571173,-0.0009290164452977479,0.0009290164452977479,-0.09290164452977479
Pythia_minus,256,MUR1.0_MUF1.0_PDF26427,pdf,7,1.37,1.52,0.6408894062042236,0.640889048576355,0.9999994419819314,-5.58018086849188e-07,5.58018086849188e-07,-5.58018086849188e-05
Pythia_minus,256,MUR1.0_MUF1.0_PDF26427,pdf,8,1.52,1.74,0.6314683556556702,0.6320412158966064,1.000907187566575,0.000907187582924962,0.000907187582924962,0.0907187582924962
Pythia_minus,256,MUR1.0_MUF1.0_PDF26427,pdf,9,1.74,1.95,0.5918737053871155,0.5929616093635559,1.0018380677609742,0.0018380677793174982,0.0018380677793174982,0.18380677793174982
Pythia_minus,256,MUR1.0_MUF1.0_PDF26427,pdf,10,1.95,2.18,0.6574898362159729,0.6587502360343933,1.001916987531966,0.0019169875886291265,0.0019169875886291265,0.19169875886291265
Pythia_minus,256,MUR1.0_MUF1.0_PDF26427,pdf,11,2.18,2.5,0.6256763339042664,0.6294600367546082,1.0060473804830226,0.006047380622476339,0.006047380622476339,0.6047380622476339
Pythia_minus,257,MUR1.0_MUF1.0_PDF26428,pdf,1,0.0,0.21,0.660984456539154,0.6603850722312927,0.9990931945495366,-0.0009068054496310651,0.0009068054496310651,-0.09068054496310651
Pythia_minus,257,MUR1.0_MUF1.0_PDF26428,pdf,2,0.21,0.42,0.6471099853515625,0.6463655829429626,0.9988496508700984,-0.0011503491550683975,0.0011503491550683975,-0.11503491550683975
Pythia_minus,257,MUR1.0_MUF1.0_PDF26428,pdf,3,0.42,0.63,0.6394927501678467,0.6389122605323792,0.9990922654943075,-0.000907734502106905,0.000907734502106905,-0.0907734502106905
Pythia_minus,257,MUR1.0_MUF1.0_PDF26428,pdf,4,0.63,0.84,0.6380901336669922,0.6376355886459351,0.9992876476267625,-0.0007123523973859847,0.0007123523973859847,-0.07123523973859847
Pythia_minus,257,MUR1.0_MUF1.0_PDF26428,pdf,5,0.84,1.05,0.6463085412979126,0.6461566686630249,0.9997650152749293,-0.0002349847200093791,0.0002349847200093791,-0.02349847200093791
Pythia_minus,257,MUR1.0_MUF1.0_PDF26428,pdf,6,1.05,1.37,0.6265755295753479,0.6256104111671448,0.9984596934245785,-0.0015403066063299775,0.0015403066063299775,-0.15403066063299775
Pythia_minus,257,MUR1.0_MUF1.0_PDF26428,pdf,7,1.37,1.52,0.6408894062042236,0.6407505869865417,0.999783395986362,-0.00021660400670953095,0.00021660400670953095,-0.021660400670953095
Pythia_minus,257,MUR1.0_MUF1.0_PDF26428,pdf,8,1.52,1.74,0.6314683556556702,0.6321125030517578,1.0010200786631958,0.00102007866371423,0.00102007866371423,0.102007866371423
Pythia_minus,257,MUR1.0_MUF1.0_PDF26428,pdf,9,1.74,1.95,0.5918737053871155,0.5930323600769043,1.001957604602541,0.0019576046615839005,0.0019576046615839005,0.19576046615839005
Pythia_minus,257,MUR1.0_MUF1.0_PDF26428,pdf,10,1.95,2.18,0.6574898362159729,0.6588160395622253,1.0020170704902225,0.0020170705392956734,0.0020170705392956734,0.20170705392956734
Pythia_minus,257,MUR1.0_MUF1.0_PDF26428,pdf,11,2.18,2.5,0.6256763339042664,0.6305326223373413,1.0077616623322978,0.007761662360280752,0.007761662360280752,0.7761662360280752
Pythia_minus,258,MUR1.0_MUF1.0_PDF26429,pdf,1,0.0,0.21,0.660984456539154,0.6610250473022461,1.0000614095576537,6.140955520095304e-05,6.140955520095304e-05,0.006140955520095304
Pythia_minus,258,MUR1.0_MUF1.0_PDF26429,pdf,2,0.21,0.42,0.6471099853515625,0.647042989730835,0.9998964694993987,-0.00010353050311096013,0.00010353050311096013,-0.010353050311096013
Pythia_minus,258,MUR1.0_MUF1.0_PDF26429,pdf,3,0.42,0.63,0.6394927501678467,0.6395173072814941,1.0000384009257979,3.8400925404857844e-05,3.8400925404857844e-05,0.0038400925404857844
Pythia_minus,258,MUR1.0_MUF1.0_PDF26429,pdf,4,0.63,0.84,0.6380901336669922,0.6380635499954224,0.9999583386888979,-4.1661311115603894e-05,4.1661311115603894e-05,-0.004166131111560389
Pythia_minus,258,MUR1.0_MUF1.0_PDF26429,pdf,5,0.84,1.05,0.6463085412979126,0.6464421153068542,1.0002066722012886,0.00020667220815084875,0.00020667220815084875,0.020667220815084875
Pythia_minus,258,MUR1.0_MUF1.0_PDF26429,pdf,6,1.05,1.37,0.6265755295753479,0.6258743405342102,0.99888091856761,-0.0011190813966095448,0.0011190813966095448,-0.11190813966095448
Pythia_minus,258,MUR1.0_MUF1.0_PDF26429,pdf,7,1.37,1.52,0.6408894062042236,0.6407896280288696,0.9998443129588536,-0.00015568704111501575,0.00015568704111501575,-0.015568704111501575
Pythia_minus,258,MUR1.0_MUF1.0_PDF26429,pdf,8,1.52,1.74,0.6314683556556702,0.6318011283874512,1.000526982435146,0.0005269824177958071,0.0005269824177958071,0.05269824177958071
Pythia_minus,258,MUR1.0_MUF1.0_PDF26429,pdf,9,1.74,1.95,0.5918737053871155,0.5928230881690979,1.0016040293281174,0.0016040293266996741,0.0016040293266996741,0.1604029326699674
Pythia_minus,258,MUR1.0_MUF1.0_PDF26429,pdf,10,1.95,2.18,0.6574898362159729,0.6583031415939331,1.001236985475914,0.0012369854375720024,0.0012369854375720024,0.12369854375720024
Pythia_minus,258,MUR1.0_MUF1.0_PDF26429,pdf,11,2.18,2.5,0.6256763339042664,0.6287731528282166,1.0049495541962181,0.004949554335325956,0.004949554335325956,0.49495543353259563
Pythia_minus,259,MUR2.0_MUF1.0_PDF13300,scale,1,0.0,0.21,0.660984456539154,0.6608043313026428,0.9997274894519391,-0.00027251054416410625,0.00027251054416410625,-0.027251054416410625
Pythia_minus,259,MUR2.0_MUF1.0_PDF13300,scale,2,0.21,0.42,0.6471099853515625,0.6469370722770691,0.9997327918307435,-0.00026720817550085485,0.00026720817550085485,-0.026720817550085485
Pythia_minus,259,MUR2.0_MUF1.0_PDF13300,scale,3,0.42,0.63,0.6394927501678467,0.6393212676048279,0.9997318459623291,-0.0002681540499906987,0.0002681540499906987,-0.02681540499906987
Pythia_minus,259,MUR2.0_MUF1.0_PDF13300,scale,4,0.63,0.84,0.6380901336669922,0.6380155682563782,0.9998831428246892,-0.00011685717618092895,0.00011685717618092895,-0.011685717618092895
Pythia_minus,259,MUR2.0_MUF1.0_PDF13300,scale,5,0.84,1.05,0.6463085412979126,0.6462443470954895,0.9999006756087515,-9.932438842952251e-05,9.932438842952251e-05,-0.009932438842952251
Pythia_minus,259,MUR2.0_MUF1.0_PDF13300,scale,6,1.05,1.37,0.6265755295753479,0.6265082359313965,0.9998926009063951,-0.00010739909339463338,0.00010739909339463338,-0.010739909339463338
Pythia_minus,259,MUR2.0_MUF1.0_PDF13300,scale,7,1.37,1.52,0.6408894062042236,0.6408896446228027,1.0000003720120458,3.7201203895165236e-07,3.7201203895165236e-07,3.7201203895165236e-05
Pythia_minus,259,MUR2.0_MUF1.0_PDF13300,scale,8,1.52,1.74,0.6314683556556702,0.6313607692718506,0.9998296250590295,-0.00017037494399119169,0.00017037494399119169,-0.01703749439911917
Pythia_minus,259,MUR2.0_MUF1.0_PDF13300,scale,9,1.74,1.95,0.5918737053871155,0.5917547345161438,0.9997989928089577,-0.00020100719120819122,0.00020100719120819122,-0.02010071912081912
Pythia_minus,259,MUR2.0_MUF1.0_PDF13300,scale,10,1.95,2.18,0.6574898362159729,0.6573049426078796,0.9997187886444643,-0.00028121136710979044,0.00028121136710979044,-0.028121136710979044
Pythia_minus,259,MUR2.0_MUF1.0_PDF13300,scale,11,2.18,2.5,0.6256763339042664,0.6256349086761475,0.9999337912817312,-6.620871863560751e-05,6.620871863560751e-05,-0.006620871863560751
Pythia_minus,260,MUR1.0_MUF1.0_PDF26430,pdf,1,0.0,0.21,0.660984456539154,0.6599724292755127,0.9984689091345049,-0.0015310908202081919,0.0015310908202081919,-0.1531090820208192
Pythia_minus,260,MUR1.0_MUF1.0_PDF26430,pdf,2,0.21,0.42,0.6471099853515625,0.6459504961967468,0.9982082038895046,-0.0017917960649356246,0.0017917960649356246,-0.17917960649356246
Pythia_minus,260,MUR1.0_MUF1.0_PDF26430,pdf,3,0.42,0.63,0.6394927501678467,0.6385377049446106,0.9985065581697596,-0.0014934418722987175,0.0014934418722987175,-0.14934418722987175
Pythia_minus,260,MUR1.0_MUF1.0_PDF26430,pdf,4,0.63,0.84,0.6380901336669922,0.6374064087867737,0.9989284822877776,-0.0010715177049860358,0.0010715177049860358,-0.10715177049860358
Pythia_minus,260,MUR1.0_MUF1.0_PDF26430,pdf,5,0.84,1.05,0.6463085412979126,0.6460362076759338,0.9995786321786312,-0.00042136781848967075,0.00042136781848967075,-0.042136781848967075
Pythia_minus,260,MUR1.0_MUF1.0_PDF26430,pdf,6,1.05,1.37,0.6265755295753479,0.6256217360496521,0.9984777676741665,-0.001522232312709093,0.001522232312709093,-0.1522232312709093
Pythia_minus,260,MUR1.0_MUF1.0_PDF26430,pdf,7,1.37,1.52,0.6408894062042236,0.6408095955848694,0.9998754689676852,-0.0001245310268132016,0.0001245310268132016,-0.01245310268132016
Pythia_minus,260,MUR1.0_MUF1.0_PDF26430,pdf,8,1.52,1.74,0.6314683556556702,0.6323458552360535,1.001389617662586,0.0013896176824346185,0.0013896176824346185,0.13896176824346185
Pythia_minus,260,MUR1.0_MUF1.0_PDF26430,pdf,9,1.74,1.95,0.5918737053871155,0.5931708812713623,1.0021916430353979,0.0021916429977864027,0.0021916429977864027,0.21916429977864027
Pythia_minus,260,MUR1.0_MUF1.0_PDF26430,pdf,10,1.95,2.18,0.6574898362159729,0.6592370271682739,1.0026573657204445,0.0026573657523840666,0.0026573657523840666,0.26573657523840666
Pythia_minus,260,MUR1.0_MUF1.0_PDF26430,pdf,11,2.18,2.5,0.6256763339042664,0.6314440369606018,1.0092183493985534,0.009218349121510983,0.009218349121510983,0.9218349121510983
Pythia_minus,261,MUR1.0_MUF1.0_PDF26431,pdf,1,0.0,0.21,0.660984456539154,0.6606417298316956,0.9994814905190766,-0.0005185094778425992,0.0005185094778425992,-0.051850947784259915
Pythia_minus,261,MUR1.0_MUF1.0_PDF26431,pdf,2,0.21,0.42,0.6471099853515625,0.6466296315193176,0.9992576936794076,-0.0007423062925226986,0.0007423062925226986,-0.07423062925226986
Pythia_minus,261,MUR1.0_MUF1.0_PDF26431,pdf,3,0.42,0.63,0.6394927501678467,0.639164924621582,0.9994873662818248,-0.0005126337055116892,0.0005126337055116892,-0.05126337055116892
Pythia_minus,261,MUR1.0_MUF1.0_PDF26431,pdf,4,0.63,0.84,0.6380901336669922,0.6378281116485596,0.999589365193712,-0.00041063482058234513,0.00041063482058234513,-0.04106348205823451
Pythia_minus,261,MUR1.0_MUF1.0_PDF26431,pdf,5,0.84,1.05,0.6463085412979126,0.6462640166282654,0.9999311092662372,-6.88907311996445e-05,6.88907311996445e-05,-0.006889073119964451
Pythia_minus,261,MUR1.0_MUF1.0_PDF26431,pdf,6,1.05,1.37,0.6265755295753479,0.6257696747779846,0.9987138744503644,-0.0012861255090683699,0.0012861255090683699,-0.128612550906837
Pythia_minus,261,MUR1.0_MUF1.0_PDF26431,pdf,7,1.37,1.52,0.6408894062042236,0.6407878398895264,0.9998415228685105,-0.00015847713802941144,0.00015847713802941144,-0.015847713802941144
Pythia_minus,261,MUR1.0_MUF1.0_PDF26431,pdf,8,1.52,1.74,0.6314683556556702,0.6319941282272339,1.0008326190328536,0.000832619029097259,0.000832619029097259,0.0832619029097259
Pythia_minus,261,MUR1.0_MUF1.0_PDF26431,pdf,9,1.74,1.95,0.5918737053871155,0.5929121971130371,1.0017545833113881,0.0017545833252370358,0.0017545833252370358,0.17545833252370358
Pythia_minus,261,MUR1.0_MUF1.0_PDF26431,pdf,10,1.95,2.18,0.6574898362159729,0.6586424112319946,1.001752992901997,0.0017529928591102362,0.0017529928591102362,0.17529928591102362
Pythia_minus,261,MUR1.0_MUF1.0_PDF26431,pdf,11,2.18,2.5,0.6256763339042664,0.6297440528869629,1.0065013150766207,0.006501315161585808,0.006501315161585808,0.6501315161585808
Pythia_minus,262,MUR1.0_MUF1.0_PDF26432,pdf,1,0.0,0.21,0.660984456539154,0.660318911075592,0.9989930996758278,-0.0010069003328680992,0.0010069003328680992,-0.10069003328680992
Pythia_minus,262,MUR1.0_MUF1.0_PDF26432,pdf,2,0.21,0.42,0.6471099853515625,0.646313488483429,0.998769147616072,-0.001230852329172194,0.001230852329172194,-0.1230852329172194
Pythia_minus,262,MUR1.0_MUF1.0_PDF26432,pdf,3,0.42,0.63,0.6394927501678467,0.638860821723938,0.9990118286036193,-0.000988171435892582,0.000988171435892582,-0.0988171435892582
Pythia_minus,262,MUR1.0_MUF1.0_PDF26432,pdf,4,0.63,0.84,0.6380901336669922,0.6376233100891113,0.999268404958406,-0.0007315950351767242,0.0007315950351767242,-0.07315950351767242
Pythia_minus,262,MUR1.0_MUF1.0_PDF26432,pdf,5,0.84,1.05,0.6463085412979126,0.6461820006370544,0.9998042101368426,-0.0001957898639375344,0.0001957898639375344,-0.01957898639375344
Pythia_minus,262,MUR1.0_MUF1.0_PDF26432,pdf,6,1.05,1.37,0.6265755295753479,0.6257413625717163,0.9986686888263943,-0.00133131118491292,0.00133131118491292,-0.133131118491292
Pythia_minus,262,MUR1.0_MUF1.0_PDF26432,pdf,7,1.37,1.52,0.6408894062042236,0.6408200263977051,0.9998917444946868,-0.00010825550270965323,0.00010825550270965323,-0.010825550270965323
Pythia_minus,262,MUR1.0_MUF1.0_PDF26432,pdf,8,1.52,1.74,0.6314683556556702,0.6321650147438049,1.0011032367368773,0.0011032366892322898,0.0011032366892322898,0.11032366892322898
Pythia_minus,262,MUR1.0_MUF1.0_PDF26432,pdf,9,1.74,1.95,0.5918737053871155,0.5930720567703247,1.0020246741362255,0.002024674089625478,0.002024674089625478,0.20246740896254778
Pythia_minus,262,MUR1.0_MUF1.0_PDF26432,pdf,10,1.95,2.18,0.6574898362159729,0.6589142680168152,1.002166469688779,0.00216646958142519,0.00216646958142519,0.216646958142519
Pythia_minus,262,MUR1.0_MUF1.0_PDF26432,pdf,11,2.18,2.5,0.6256763339042664,0.6304704546928406,1.0076623016227233,0.007662301417440176,0.007662301417440176,0.7662301417440176
Pythia_minus,263,MUR1.0_MUF1.0_PDF26433,pdf,1,0.0,0.21,0.660984456539154,0.6604932546615601,0.9992568631943846,-0.000743136799428612,0.000743136799428612,-0.0743136799428612
Pythia_minus,263,MUR1.0_MUF1.0_PDF26433,pdf,2,0.21,0.42,0.6471099853515625,0.6464952826499939,0.9990500800242873,-0.0009499199804849923,0.0009499199804849923,-0.09499199804849923
Pythia_minus,263,MUR1.0_MUF1.0_PDF26433,pdf,3,0.42,0.63,0.6394927501678467,0.6390296220779419,0.9992757883654143,-0.0007242116262204945,0.0007242116262204945,-0.07242116262204945
Pythia_minus,263,MUR1.0_MUF1.0_PDF26433,pdf,4,0.63,0.84,0.6380901336669922,0.6377438306808472,0.9994572820235366,-0.0005427179858088493,0.0005427179858088493,-0.054271798580884933
Pythia_minus,263,MUR1.0_MUF1.0_PDF26433,pdf,5,0.84,1.05,0.6463085412979126,0.646253764629364,0.9999152468750628,-8.475312642985955e-05,8.475312642985955e-05,-0.008475312642985955
Pythia_minus,263,MUR1.0_MUF1.0_PDF26433,pdf,6,1.05,1.37,0.6265755295753479,0.6258089542388916,0.9987765635581463,-0.0012234364403411746,0.0012234364403411746,-0.12234364403411746
Pythia_minus,263,MUR1.0_MUF1.0_PDF26433,pdf,7,1.37,1.52,0.6408894062042236,0.640831708908081,0.9999099730849285,-9.002691513160244e-05,9.002691513160244e-05,-0.009002691513160244
Pythia_minus,263,MUR1.0_MUF1.0_PDF26433,pdf,8,1.52,1.74,0.6314683556556702,0.6320896148681641,1.0009838326923743,0.000983832636848092,0.000983832636848092,0.09838326368480921
Pythia_minus,263,MUR1.0_MUF1.0_PDF26433,pdf,9,1.74,1.95,0.5918737053871155,0.5930283069610596,1.0019507566621648,0.0019507566466927528,0.0019507566466927528,0.19507566466927528
Pythia_minus,263,MUR1.0_MUF1.0_PDF26433,pdf,10,1.95,2.18,0.6574898362159729,0.6587901711463928,1.0019777262838065,0.001977726351469755,0.001977726351469755,0.19777263514697552
Pythia_minus,263,MUR1.0_MUF1.0_PDF26433,pdf,11,2.18,2.5,0.6256763339042664,0.6299975514411926,1.0069064743266882,0.006906474474817514,0.006906474474817514,0.6906474474817514
Pythia_minus,264,MUR1.0_MUF1.0_PDF26434,pdf,1,0.0,0.21,0.660984456539154,0.6605028510093689,0.9992713814598504,-0.0007286185282282531,0.0007286185282282531,-0.07286185282282531
Pythia_minus,264,MUR1.0_MUF1.0_PDF26434,pdf,2,0.21,0.42,0.6471099853515625,0.6464795470237732,0.9990257632519041,-0.0009742367547005415,0.0009742367547005415,-0.09742367547005415
Pythia_minus,264,MUR1.0_MUF1.0_PDF26434,pdf,3,0.42,0.63,0.6394927501678467,0.6390350461006165,0.9992842701232968,-0.0007157298969104886,0.0007157298969104886,-0.07157298969104886
Pythia_minus,264,MUR1.0_MUF1.0_PDF26434,pdf,4,0.63,0.84,0.6380901336669922,0.637729823589325,0.9994353304358483,-0.0005646695499308407,0.0005646695499308407,-0.05646695499308407
Pythia_minus,264,MUR1.0_MUF1.0_PDF26434,pdf,5,0.84,1.05,0.6463085412979126,0.6461900472640991,0.9998166602694504,-0.00018333972548134625,0.00018333972548134625,-0.018333972548134625
Pythia_minus,264,MUR1.0_MUF1.0_PDF26434,pdf,6,1.05,1.37,0.6265755295753479,0.6256802678108215,0.998571183006248,-0.001428817049600184,0.001428817049600184,-0.1428817049600184
Pythia_minus,264,MUR1.0_MUF1.0_PDF26434,pdf,7,1.37,1.52,0.6408894062042236,0.6407607197761536,0.9997992064983064,-0.00020079349633306265,0.00020079349633306265,-0.020079349633306265
Pythia_minus,264,MUR1.0_MUF1.0_PDF26434,pdf,8,1.52,1.74,0.6314683556556702,0.6320497393608093,1.0009206854150838,0.0009206854156218469,0.0009206854156218469,0.09206854156218469
Pythia_minus,264,MUR1.0_MUF1.0_PDF26434,pdf,9,1.74,1.95,0.5918737053871155,0.5929248332977295,1.0017759327725608,0.0017759327311068773,0.0017759327311068773,0.17759327311068773
Pythia_minus,264,MUR1.0_MUF1.0_PDF26434,pdf,10,1.95,2.18,0.6574898362159729,0.6587404012680054,1.0019020294811396,0.0019020295003429055,0.0019020295003429055,0.19020295003429055
Pythia_minus,264,MUR1.0_MUF1.0_PDF26434,pdf,11,2.18,2.5,0.6256763339042664,0.6301824450492859,1.0072019843181554,0.007201984524726868,0.007201984524726868,0.7201984524726868
Pythia_minus,265,MUR1.0_MUF1.0_PDF26435,pdf,1,0.0,0.21,0.660984456539154,0.6604403257369995,0.9991767872954176,-0.0008232127293013036,0.0008232127293013036,-0.08232127293013036
Pythia_minus,265,MUR1.0_MUF1.0_PDF26435,pdf,2,0.21,0.42,0.6471099853515625,0.6464372277259827,0.9989603658716311,-0.0010396341094747186,0.0010396341094747186,-0.10396341094747186
Pythia_minus,265,MUR1.0_MUF1.0_PDF26435,pdf,3,0.42,0.63,0.6394927501678467,0.6389891505241394,0.9992125014027523,-0.0007874986040405929,0.0007874986040405929,-0.07874986040405929
Pythia_minus,265,MUR1.0_MUF1.0_PDF26435,pdf,4,0.63,0.84,0.6380901336669922,0.6377317309379578,0.9994383195882144,-0.0005616804119199514,0.0005616804119199514,-0.056168041191995144
Pythia_minus,265,MUR1.0_MUF1.0_PDF26435,pdf,5,0.84,1.05,0.6463085412979126,0.6462358236312866,0.9998874876905077,-0.00011251230898778886,0.00011251230898778886,-0.011251230898778886
Pythia_minus,265,MUR1.0_MUF1.0_PDF26435,pdf,6,1.05,1.37,0.6265755295753479,0.6258612275123596,0.9988599904891396,-0.0011400094954296947,0.0011400094954296947,-0.11400094954296947
Pythia_minus,265,MUR1.0_MUF1.0_PDF26435,pdf,7,1.37,1.52,0.6408894062042236,0.6408572793006897,0.9999498713768352,-5.012862311559729e-05,5.012862311559729e-05,-0.005012862311559729
Pythia_minus,265,MUR1.0_MUF1.0_PDF26435,pdf,8,1.52,1.74,0.6314683556556702,0.632114052772522,1.00102253281747,0.0010225328151136637,0.0010225328151136637,0.10225328151136637
Pythia_minus,265,MUR1.0_MUF1.0_PDF26435,pdf,9,1.74,1.95,0.5918737053871155,0.5929839015007019,1.0018757314330433,0.0018757313955575228,0.0018757313955575228,0.18757313955575228
Pythia_minus,265,MUR1.0_MUF1.0_PDF26435,pdf,10,1.95,2.18,0.6574898362159729,0.6588647961616516,1.0020912261603798,0.0020912261679768562,0.0020912261679768562,0.20912261679768562
Pythia_minus,265,MUR1.0_MUF1.0_PDF26435,pdf,11,2.18,2.5,0.6256763339042664,0.6300357580184937,1.006967538770444,0.006967538967728615,0.006967538967728615,0.6967538967728615
Pythia_minus,266,MUR1.0_MUF1.0_PDF26436,pdf,1,0.0,0.21,0.660984456539154,0.6605405211448669,0.999328372414971,-0.0006716275820508599,0.0006716275820508599,-0.06716275820508599
Pythia_minus,266,MUR1.0_MUF1.0_PDF26436,pdf,2,0.21,0.42,0.6471099853515625,0.6465270519256592,0.9990991741139852,-0.0009008258930407465,0.0009008258930407465,-0.09008258930407465
Pythia_minus,266,MUR1.0_MUF1.0_PDF26436,pdf,3,0.42,0.63,0.6394927501678467,0.6390596628189087,0.9993227642552253,-0.0006772357737645507,0.0006772357737645507,-0.06772357737645507
Pythia_minus,266,MUR1.0_MUF1.0_PDF26436,pdf,4,0.63,0.84,0.6380901336669922,0.6377376914024353,0.9994476606893583,-0.0005523393047042191,0.0005523393047042191,-0.05523393047042191
Pythia_minus,266,MUR1.0_MUF1.0_PDF26436,pdf,5,0.84,1.05,0.6463085412979126,0.6462169885635376,0.9998583451578852,-0.00014165484753903002,0.00014165484753903002,-0.014165484753903002
Pythia_minus,266,MUR1.0_MUF1.0_PDF26436,pdf,6,1.05,1.37,0.6265755295753479,0.6256784796714783,0.9985683291773657,-0.0014316708547994494,0.0014316708547994494,-0.14316708547994494
Pythia_minus,266,MUR1.0_MUF1.0_PDF26436,pdf,7,1.37,1.52,0.6408894062042236,0.6407612562179565,0.9998000435254093,-0.000199956470169127,0.000199956470169127,-0.0199956470169127
Pythia_minus,266,MUR1.0_MUF1.0_PDF26436,pdf,8,1.52,1.74,0.6314683556556702,0.6320337057113647,1.000895294357399,0.0008952943608164787,0.0008952943608164787,0.08952943608164787
Pythia_minus,266,MUR1.0_MUF1.0_PDF26436,pdf,9,1.74,1.95,0.5918737053871155,0.5929821133613586,1.0018727102828773,0.001872710301540792,0.001872710301540792,0.1872710301540792
Pythia_minus,266,MUR1.0_MUF1.0_PDF26436,pdf,10,1.95,2.18,0.6574898362159729,0.6586800813674927,1.0018102867694045,0.001810286776162684,0.001810286776162684,0.1810286776162684
Pythia_minus,266,MUR1.0_MUF1.0_PDF26436,pdf,11,2.18,2.5,0.6256763339042664,0.6300761103630066,1.0070320327305418,0.007032032590359449,0.007032032590359449,0.7032032590359449
Pythia_minus,267,MUR1.0_MUF1.0_PDF26437,pdf,1,0.0,0.21,0.660984456539154,0.660588800907135,0.9994014146201098,-0.0005985854077152908,0.0005985854077152908,-0.05985854077152908
Pythia_minus,267,MUR1.0_MUF1.0_PDF26437,pdf,2,0.21,0.42,0.6471099853515625,0.6465903520584106,0.9991969938574359,-0.0008030061144381762,0.0008030061144381762,-0.08030061144381762
Pythia_minus,267,MUR1.0_MUF1.0_PDF26437,pdf,3,0.42,0.63,0.6394927501678467,0.6391165852546692,0.9994117761099266,-0.0005882238619960845,0.0005882238619960845,-0.058822386199608445
Pythia_minus,267,MUR1.0_MUF1.0_PDF26437,pdf,4,0.63,0.84,0.6380901336669922,0.6378045082092285,0.999552374433182,-0.00044762555626221,0.00044762555626221,-0.044762555626221
Pythia_minus,267,MUR1.0_MUF1.0_PDF26437,pdf,5,0.84,1.05,0.6463085412979126,0.6462839245796204,0.9999619118165407,-3.80881829187274e-05,3.80881829187274e-05,-0.00380881829187274
Pythia_minus,267,MUR1.0_MUF1.0_PDF26437,pdf,6,1.05,1.37,0.6265755295753479,0.6258264183998108,0.9988044359535636,-0.0011955640511587262,0.0011955640511587262,-0.11955640511587262
Pythia_minus,267,MUR1.0_MUF1.0_PDF26437,pdf,7,1.37,1.52,0.6408894062042236,0.6408252716064453,0.9998999287596932,-0.0001000712436507456,0.0001000712436507456,-0.01000712436507456
Pythia_minus,267,MUR1.0_MUF1.0_PDF26437,pdf,8,1.52,1.74,0.6314683556556702,0.6320359706878662,1.0008988811982615,0.0008988811750896275,0.0008988811750896275,0.08988811750896275
Pythia_minus,267,MUR1.0_MUF1.0_PDF26437,pdf,9,1.74,1.95,0.5918737053871155,0.5929635167121887,1.0018412903211513,0.0018412902718409896,0.0018412902718409896,0.18412902718409896
Pythia_minus,267,MUR1.0_MUF1.0_PDF26437,pdf,10,1.95,2.18,0.6574898362159729,0.6586903929710388,1.0018259700590588,0.001825970015488565,0.001825970015488565,0.1825970015488565
Pythia_minus,267,MUR1.0_MUF1.0_PDF26437,pdf,11,2.18,2.5,0.6256763339042664,0.629749596118927,1.006510174660504,0.006510174833238125,0.006510174833238125,0.6510174833238125
Pythia_minus,268,MUR1.0_MUF1.0_PDF26438,pdf,1,0.0,0.21,0.660984456539154,0.660423994064331,0.9991520791914571,-0.0008479208336211741,0.0008479208336211741,-0.08479208336211741
Pythia_minus,268,MUR1.0_MUF1.0_PDF26438,pdf,2,0.21,0.42,0.6471099853515625,0.6464064717292786,0.9989128376347002,-0.0010871624108403921,0.0010871624108403921,-0.10871624108403921
Pythia_minus,268,MUR1.0_MUF1.0_PDF26438,pdf,3,0.42,0.63,0.6394927501678467,0.6389572024345398,0.9991625429167629,-0.0008374570752494037,0.0008374570752494037,-0.08374570752494037
Pythia_minus,268,MUR1.0_MUF1.0_PDF26438,pdf,4,0.63,0.84,0.6380901336669922,0.6376801133155823,0.9993574256523078,-0.00064257433405146,0.00064257433405146,-0.064257433405146
Pythia_minus,268,MUR1.0_MUF1.0_PDF26438,pdf,5,0.84,1.05,0.6463085412979126,0.6461846232414246,0.9998082679578407,-0.00019173204782418907,0.00019173204782418907,-0.019173204782418907
Pythia_minus,268,MUR1.0_MUF1.0_PDF26438,pdf,6,1.05,1.37,0.6265755295753479,0.6257076859474182,0.9986149417157771,-0.0013850582763552666,0.0013850582763552666,-0.13850582763552666
Pythia_minus,268,MUR1.0_MUF1.0_PDF26438,pdf,7,1.37,1.52,0.6408894062042236,0.6407897472381592,0.9998444989648765,-0.00015550103853456676,0.00015550103853456676,-0.015550103853456676
Pythia_minus,268,MUR1.0_MUF1.0_PDF26438,pdf,8,1.52,1.74,0.6314683556556702,0.6321061849594116,1.0010100732650002,0.0010100732324644923,0.0010100732324644923,0.10100732324644923
Pythia_minus,268,MUR1.0_MUF1.0_PDF26438,pdf,9,1.74,1.95,0.5918737053871155,0.5930070281028748,1.0019148049751898,0.0019148049177601933,0.0019148049177601933,0.19148049177601933
Pythia_minus,268,MUR1.0_MUF1.0_PDF26438,pdf,10,1.95,2.18,0.6574898362159729,0.6588377356529236,1.002050068856894,0.0020500689279288054,0.0020500689279288054,0.20500689279288054
Pythia_minus,268,MUR1.0_MUF1.0_PDF26438,pdf,11,2.18,2.5,0.6256763339042664,0.6303213834762573,1.0074240455012986,0.007424045354127884,0.007424045354127884,0.7424045354127884
Pythia_minus,269,MUR1.0_MUF1.0_PDF26439,pdf,1,0.0,0.21,0.660984456539154,0.6594849824905396,0.997731453389289,-0.002268546726554632,0.002268546726554632,-0.22685467265546322
Pythia_minus,269,MUR1.0_MUF1.0_PDF26439,pdf,2,0.21,0.42,0.6471099853515625,0.6453555822372437,0.9972888640972435,-0.002711135894060135,0.002711135894060135,-0.2711135894060135
Pythia_minus,269,MUR1.0_MUF1.0_PDF26439,pdf,3,0.42,0.63,0.6394927501678467,0.6382617950439453,0.9980751069913173,-0.0019248930038884282,0.0019248930038884282,-0.19248930038884282
Pythia_minus,269,MUR1.0_MUF1.0_PDF26439,pdf,4,0.63,0.84,0.6380901336669922,0.6372655630111694,0.9987077520677462,-0.0012922479072585702,0.0012922479072585702,-0.12922479072585702
Pythia_minus,269,MUR1.0_MUF1.0_PDF26439,pdf,5,0.84,1.05,0.6463085412979126,0.6456116437911987,0.9989217262929647,-0.0010782737517729402,0.0010782737517729402,-0.10782737517729402
Pythia_minus,269,MUR1.0_MUF1.0_PDF26439,pdf,6,1.05,1.37,0.6265755295753479,0.6256791949272156,0.9985694707089187,-0.0014305292861536145,0.0014305292861536145,-0.14305292861536145
Pythia_minus,269,MUR1.0_MUF1.0_PDF26439,pdf,7,1.37,1.52,0.6408894062042236,0.6407917737960815,0.9998476610672653,-0.0001523389364592731,0.0001523389364592731,-0.01523389364592731
Pythia_minus,269,MUR1.0_MUF1.0_PDF26439,pdf,8,1.52,1.74,0.6314683556556702,0.6325446963310242,1.0017045045340973,0.001704504480585456,0.001704504480585456,0.1704504480585456
Pythia_minus,269,MUR1.0_MUF1.0_PDF26439,pdf,9,1.74,1.95,0.5918737053871155,0.5923682451248169,1.000835549430901,0.0008355494355782866,0.0008355494355782866,0.08355494355782866
Pythia_minus,269,MUR1.0_MUF1.0_PDF26439,pdf,10,1.95,2.18,0.6574898362159729,0.6604440212249756,1.0044931265036807,0.004493126645684242,0.004493126645684242,0.4493126645684242
Pythia_minus,269,MUR1.0_MUF1.0_PDF26439,pdf,11,2.18,2.5,0.6256763339042664,0.633308470249176,1.0121982180423617,0.012198218144476414,0.012198218144476414,1.2198218144476414
Pythia_minus,270,MUR2.0_MUF2.0_PDF13300,scale,1,0.0,0.21,0.660984456539154,0.6620129346847534,1.0015559793205795,0.001555979368276894,0.001555979368276894,0.1555979368276894
Pythia_minus,270,MUR2.0_MUF2.0_PDF13300,scale,2,0.21,0.42,0.6471099853515625,0.6485323309898376,1.0021979967400787,0.002197996713221073,0.002197996713221073,0.21979967132210732
Pythia_minus,270,MUR2.0_MUF2.0_PDF13300,scale,3,0.42,0.63,0.6394927501678467,0.6406631469726562,1.0018301955800162,0.0018301955424249172,0.0018301955424249172,0.18301955424249172
Pythia_minus,270,MUR2.0_MUF2.0_PDF13300,scale,4,0.63,0.84,0.6380901336669922,0.6390572190284729,1.0015155936606057,0.0015155936125665903,0.0015155936125665903,0.15155936125665903
Pythia_minus,270,MUR2.0_MUF2.0_PDF13300,scale,5,0.84,1.05,0.6463085412979126,0.6473873853683472,1.001669240001483,0.0016692399512976408,0.0016692399512976408,0.16692399512976408
Pythia_minus,270,MUR2.0_MUF2.0_PDF13300,scale,6,1.05,1.37,0.6265755295753479,0.6274682283401489,1.0014247265056873,0.0014247264480218291,0.0014247264480218291,0.1424726448021829
Pythia_minus,270,MUR2.0_MUF2.0_PDF13300,scale,7,1.37,1.52,0.6408894062042236,0.6412193775177002,1.000514864671318,0.0005148646887391806,0.0005148646887391806,0.051486468873918056
Pythia_minus,270,MUR2.0_MUF2.0_PDF13300,scale,8,1.52,1.74,0.6314683556556702,0.6319895386695862,1.0008253509605796,0.0008253509877249599,0.0008253509877249599,0.08253509877249599
Pythia_minus,270,MUR2.0_MUF2.0_PDF13300,scale,9,1.74,1.95,0.5918737053871155,0.5924216508865356,1.0009257811158578,0.0009257810888811946,0.0009257810888811946,0.09257810888811946
Pythia_minus,270,MUR2.0_MUF2.0_PDF13300,scale,10,1.95,2.18,0.6574898362159729,0.6580886840820312,1.0009108093130457,0.0009108093217946589,0.0009108093217946589,0.09108093217946589
Pythia_minus,270,MUR2.0_MUF2.0_PDF13300,scale,11,2.18,2.5,0.6256763339042664,0.6247527599334717,0.9985238790078066,-0.001476121018640697,0.001476121018640697,-0.1476121018640697
Pythia_minus,271,MUR1.0_MUF1.0_PDF26440,pdf,1,0.0,0.21,0.660984456539154,0.661247730255127,1.000398305456911,0.0003983054484706372,0.0003983054484706372,0.03983054484706372
Pythia_minus,271,MUR1.0_MUF1.0_PDF26440,pdf,2,0.21,0.42,0.6471099853515625,0.6473193168640137,1.0003234867598858,0.0003234867472201586,0.0003234867472201586,0.03234867472201586
Pythia_minus,271,MUR1.0_MUF1.0_PDF26440,pdf,3,0.42,0.63,0.6394927501678467,0.6396158933639526,1.0001925638657727,0.00019256386440247297,0.00019256386440247297,0.019256386440247297
Pythia_minus,271,MUR1.0_MUF1.0_PDF26440,pdf,4,0.63,0.84,0.6380901336669922,0.6380895972251892,0.999999159300897,-8.406991014453524e-07,8.406991014453524e-07,-8.406991014453524e-05
Pythia_minus,271,MUR1.0_MUF1.0_PDF26440,pdf,5,0.84,1.05,0.6463085412979126,0.6466147303581238,1.0004737506015258,0.000473750609671697,0.000473750609671697,0.0473750609671697
Pythia_minus,271,MUR1.0_MUF1.0_PDF26440,pdf,6,1.05,1.37,0.6265755295753479,0.6255987882614136,0.9984411435368433,-0.001558856456540525,0.001558856456540525,-0.1558856456540525
Pythia_minus,271,MUR1.0_MUF1.0_PDF26440,pdf,7,1.37,1.52,0.6408894062042236,0.640710175037384,0.9997203399446074,-0.00027966004563495517,0.00027966004563495517,-0.027966004563495517
Pythia_minus,271,MUR1.0_MUF1.0_PDF26440,pdf,8,1.52,1.74,0.6314683556556702,0.6315306425094604,1.0000986381237198,9.863812010735273e-05,9.863812010735273e-05,0.009863812010735273
Pythia_minus,271,MUR1.0_MUF1.0_PDF26440,pdf,9,1.74,1.95,0.5918737053871155,0.5930968523025513,1.002066567418527,0.0020665673073381186,0.0020665673073381186,0.20665673073381186
Pythia_minus,271,MUR1.0_MUF1.0_PDF26440,pdf,10,1.95,2.18,0.6574898362159729,0.6569832563400269,0.9992295244001618,-0.0007704755989834666,0.0007704755989834666,-0.07704755989834666
Pythia_minus,271,MUR1.0_MUF1.0_PDF26440,pdf,11,2.18,2.5,0.6256763339042664,0.6273512840270996,1.002677023297943,0.002677023410797119,0.002677023410797119,0.2677023410797119
Pythia_minus,272,MUR1.0_MUF1.0_PDF26441,pdf,1,0.0,0.21,0.660984456539154,0.6601217985153198,0.9986948890926255,-0.0013051108689978719,0.0013051108689978719,-0.1305110868997872
Pythia_minus,272,MUR1.0_MUF1.0_PDF26441,pdf,2,0.21,0.42,0.6471099853515625,0.6458413004875183,0.9980394602266028,-0.001960539724677801,0.001960539724677801,-0.1960539724677801
Pythia_minus,272,MUR1.0_MUF1.0_PDF26441,pdf,3,0.42,0.63,0.6394927501678467,0.6387520432472229,0.9988417274153157,-0.0011582726147025824,0.0011582726147025824,-0.11582726147025824
Pythia_minus,272,MUR1.0_MUF1.0_PDF26441,pdf,4,0.63,0.84,0.6380901336669922,0.637482225894928,0.9990473010943287,-0.000952698930632323,0.000952698930632323,-0.0952698930632323
Pythia_minus,272,MUR1.0_MUF1.0_PDF26441,pdf,5,0.84,1.05,0.6463085412979126,0.6455815434455872,0.9988751535746913,-0.0011248463997617364,0.0011248463997617364,-0.11248463997617364
Pythia_minus,272,MUR1.0_MUF1.0_PDF26441,pdf,6,1.05,1.37,0.6265755295753479,0.6253716349601746,0.9980786121411583,-0.001921387854963541,0.001921387854963541,-0.1921387854963541
Pythia_minus,272,MUR1.0_MUF1.0_PDF26441,pdf,7,1.37,1.52,0.6408894062042236,0.6405877470970154,0.9995293117591147,-0.0004706882464233786,0.0004706882464233786,-0.04706882464233786
Pythia_minus,272,MUR1.0_MUF1.0_PDF26441,pdf,8,1.52,1.74,0.6314683556556702,0.6324571371078491,1.0015658448175955,0.0015658448683097959,0.0015658448683097959,0.15658448683097959
Pythia_minus,272,MUR1.0_MUF1.0_PDF26441,pdf,9,1.74,1.95,0.5918737053871155,0.5926235318183899,1.0012668689695954,0.001266869017854333,0.001266869017854333,0.1266869017854333
Pythia_minus,272,MUR1.0_MUF1.0_PDF26441,pdf,10,1.95,2.18,0.6574898362159729,0.6605398058891296,1.0046388088532443,0.0046388087794184685,0.0046388087794184685,0.46388087794184685
Pythia_minus,272,MUR1.0_MUF1.0_PDF26441,pdf,11,2.18,2.5,0.6256763339042664,0.6329970359802246,1.0117004618510606,0.011700461618602276,0.011700461618602276,1.1700461618602276
Pythia_minus,273,MUR1.0_MUF1.0_PDF26442,pdf,1,0.0,0.21,0.660984456539154,0.6607833504676819,0.9996957476541504,-0.0003042523458134383,0.0003042523458134383,-0.03042523458134383
Pythia_minus,273,MUR1.0_MUF1.0_PDF26442,pdf,2,0.21,0.42,0.6471099853515625,0.6468631625175476,0.9996185766877314,-0.0003814233059529215,0.0003814233059529215,-0.03814233059529215
Pythia_minus,273,MUR1.0_MUF1.0_PDF26442,pdf,3,0.42,0.63,0.6394927501678467,0.639236569404602,0.9995994000507787,-0.0004005999362561852,0.0004005999362561852,-0.04005999362561852
Pythia_minus,273,MUR1.0_MUF1.0_PDF26442,pdf,4,0.63,0.84,0.6380901336669922,0.6378526091575623,0.9996277571194137,-0.0003722428809851408,0.0003722428809851408,-0.03722428809851408
Pythia_minus,273,MUR1.0_MUF1.0_PDF26442,pdf,5,0.84,1.05,0.6463085412979126,0.6464290618896484,1.0001864753195027,0.00018647531396709383,0.00018647531396709383,0.018647531396709383
Pythia_minus,273,MUR1.0_MUF1.0_PDF26442,pdf,6,1.05,1.37,0.6265755295753479,0.6255761981010437,0.9984050901652967,-0.0015949098160490394,0.0015949098160490394,-0.15949098160490394
Pythia_minus,273,MUR1.0_MUF1.0_PDF26442,pdf,7,1.37,1.52,0.6408894062042236,0.6407145857810974,0.9997272221674538,-0.0002727778337430209,0.0002727778337430209,-0.02727778337430209
Pythia_minus,273,MUR1.0_MUF1.0_PDF26442,pdf,8,1.52,1.74,0.6314683556556702,0.6317058205604553,1.0003760519472724,0.00037605196121148765,0.00037605196121148765,0.037605196121148765
Pythia_minus,273,MUR1.0_MUF1.0_PDF26442,pdf,9,1.74,1.95,0.5918737053871155,0.5929490923881531,1.0018169197098126,0.0018169196555390954,0.0018169196555390954,0.18169196555390954
Pythia_minus,273,MUR1.0_MUF1.0_PDF26442,pdf,10,1.95,2.18,0.6574898362159729,0.6575796008110046,1.0001365262093607,0.0001365262141916901,0.0001365262141916901,0.013652621419169009
Pythia_minus,273,MUR1.0_MUF1.0_PDF26442,pdf,11,2.18,2.5,0.6256763339042664,0.6288388967514038,1.0050546307663626,0.005054630804806948,0.005054630804806948,0.5054630804806948
Pythia_minus,274,MUR1.0_MUF1.0_PDF26443,pdf,1,0.0,0.21,0.660984456539154,0.6605657339096069,0.9993665166776545,-0.0006334833451546729,0.0006334833451546729,-0.06334833451546729
Pythia_minus,274,MUR1.0_MUF1.0_PDF26443,pdf,2,0.21,0.42,0.6471099853515625,0.6465862989425659,0.9991907304463675,-0.0008092695497907698,0.0008092695497907698,-0.08092695497907698
Pythia_minus,274,MUR1.0_MUF1.0_PDF26443,pdf,3,0.42,0.63,0.6394927501678467,0.6391013264656067,0.9993879153404988,-0.0006120846373960376,0.0006120846373960376,-0.06120846373960376
Pythia_minus,274,MUR1.0_MUF1.0_PDF26443,pdf,4,0.63,0.84,0.6380901336669922,0.637868344783783,0.9996524176264336,-0.0003475823614280671,0.0003475823614280671,-0.03475823614280671
Pythia_minus,274,MUR1.0_MUF1.0_PDF26443,pdf,5,0.84,1.05,0.6463085412979126,0.646341860294342,1.0000515527713165,5.1552771765273064e-05,5.1552771765273064e-05,0.0051552771765273064
Pythia_minus,274,MUR1.0_MUF1.0_PDF26443,pdf,6,1.05,1.37,0.6265755295753479,0.6259669065475464,0.9990286517760851,-0.0009713481995277107,0.0009713481995277107,-0.09713481995277107
Pythia_minus,274,MUR1.0_MUF1.0_PDF26443,pdf,7,1.37,1.52,0.6408894062042236,0.6409053206443787,1.0000248318040539,2.4831804694258608e-05,2.4831804694258608e-05,0.002483180469425861
Pythia_minus,274,MUR1.0_MUF1.0_PDF26443,pdf,8,1.52,1.74,0.6314683556556702,0.6318907141685486,1.0006688514303141,0.000668851425871253,0.000668851425871253,0.0668851425871253
Pythia_minus,274,MUR1.0_MUF1.0_PDF26443,pdf,9,1.74,1.95,0.5918737053871155,0.5927282571792603,1.0014438076643155,0.0014438076177611947,0.0014438076177611947,0.14438076177611947
Pythia_minus,274,MUR1.0_MUF1.0_PDF26443,pdf,10,1.95,2.18,0.6574898362159729,0.6583569645881653,1.0013188468086183,0.0013188468292355537,0.0013188468292355537,0.13188468292355537
Pythia_minus,274,MUR1.0_MUF1.0_PDF26443,pdf,11,2.18,2.5,0.6256763339042664,0.6291251182556152,1.0055120901406454,0.0055120899342000484,0.0055120899342000484,0.5512089934200048
Pythia_minus,275,MUR1.0_MUF1.0_PDF26444,pdf,1,0.0,0.21,0.660984456539154,0.6604503393173218,0.9991919367898168,-0.0008080631960183382,0.0008080631960183382,-0.08080631960183382
Pythia_minus,275,MUR1.0_MUF1.0_PDF26444,pdf,2,0.21,0.42,0.6471099853515625,0.6462692618370056,0.9987008027482374,-0.0012991972034797072,0.0012991972034797072,-0.12991972034797072
Pythia_minus,275,MUR1.0_MUF1.0_PDF26444,pdf,3,0.42,0.63,0.6394927501678467,0.6388963460922241,0.9990673794574434,-0.0009326205472461879,0.0009326205472461879,-0.09326205472461879
Pythia_minus,275,MUR1.0_MUF1.0_PDF26444,pdf,4,0.63,0.84,0.6380901336669922,0.6373655796051025,0.9988644957449416,-0.0011355042224749923,0.0011355042224749923,-0.11355042224749923
Pythia_minus,275,MUR1.0_MUF1.0_PDF26444,pdf,5,0.84,1.05,0.6463085412979126,0.6457897424697876,0.9991972892280162,-0.0008027107687667012,0.0008027107687667012,-0.08027107687667012
Pythia_minus,275,MUR1.0_MUF1.0_PDF26444,pdf,6,1.05,1.37,0.6265755295753479,0.6246698498725891,0.9969585794324742,-0.0030414205975830555,0.0030414205975830555,-0.30414205975830555
Pythia_minus,275,MUR1.0_MUF1.0_PDF26444,pdf,7,1.37,1.52,0.6408894062042236,0.6403043270111084,0.9990870824397294,-0.0009129175450652838,0.0009129175450652838,-0.09129175450652838
Pythia_minus,275,MUR1.0_MUF1.0_PDF26444,pdf,8,1.52,1.74,0.6314683556556702,0.6324150562286377,1.0014992050899916,0.0014992051292210817,0.0014992051292210817,0.14992051292210817
Pythia_minus,275,MUR1.0_MUF1.0_PDF26444,pdf,9,1.74,1.95,0.5918737053871155,0.5936287045478821,1.002965158182891,0.0029651580844074488,0.0029651580844074488,0.2965158084407449
Pythia_minus,275,MUR1.0_MUF1.0_PDF26444,pdf,10,1.95,2.18,0.6574898362159729,0.6594889760017395,1.0030405637861601,0.0030405637808144093,0.0030405637808144093,0.3040563780814409
Pythia_minus,275,MUR1.0_MUF1.0_PDF26444,pdf,11,2.18,2.5,0.6256763339042664,0.6328715682029724,1.0114999304093975,0.011499930173158646,0.011499930173158646,1.1499930173158646
Pythia_minus,276,MUR1.0_MUF1.0_PDF26445,pdf,1,0.0,0.21,0.660984456539154,0.6604437828063965,0.9991820174780077,-0.0008179825381375849,0.0008179825381375849,-0.08179825381375849
Pythia_minus,276,MUR1.0_MUF1.0_PDF26445,pdf,2,0.21,0.42,0.6471099853515625,0.6464189291000366,0.9989320884128369,-0.0010679116239771247,0.0010679116239771247,-0.10679116239771247
Pythia_minus,276,MUR1.0_MUF1.0_PDF26445,pdf,3,0.42,0.63,0.6394927501678467,0.6389773488044739,0.999194046588898,-0.0008059534011408687,0.0008059534011408687,-0.08059534011408687
Pythia_minus,276,MUR1.0_MUF1.0_PDF26445,pdf,4,0.63,0.84,0.6380901336669922,0.6376528143882751,0.9993146434090685,-0.0006853566155768931,0.0006853566155768931,-0.06853566155768931
Pythia_minus,276,MUR1.0_MUF1.0_PDF26445,pdf,5,0.84,1.05,0.6463085412979126,0.6461560130119324,0.9997640008196799,-0.00023599917767569423,0.00023599917767569423,-0.023599917767569423
Pythia_minus,276,MUR1.0_MUF1.0_PDF26445,pdf,6,1.05,1.37,0.6265755295753479,0.6256173253059387,0.9984707282295902,-0.0015292717143893242,0.0015292717143893242,-0.15292717143893242
Pythia_minus,276,MUR1.0_MUF1.0_PDF26445,pdf,7,1.37,1.52,0.6408894062042236,0.6407376527786255,0.9997632143328801,-0.00023678566503804177,0.00023678566503804177,-0.023678566503804177
Pythia_minus,276,MUR1.0_MUF1.0_PDF26445,pdf,8,1.52,1.74,0.6314683556556702,0.6321648955345154,1.0011030479557792,0.0011030479799956083,0.0011030479799956083,0.11030479799956083
Pythia_minus,276,MUR1.0_MUF1.0_PDF26445,pdf,9,1.74,1.95,0.5918737053871155,0.5930964350700378,1.0020658624834882,0.0020658625289797783,0.0020658625289797783,0.20658625289797783
Pythia_minus,276,MUR1.0_MUF1.0_PDF26445,pdf,10,1.95,2.18,0.6574898362159729,0.6589732766151428,1.0022562179937373,0.0022562178783118725,0.0022562178783118725,0.22562178783118725
Pythia_minus,276,MUR1.0_MUF1.0_PDF26445,pdf,11,2.18,2.5,0.6256763339042664,0.6306628584861755,1.0079698149213874,0.007969815284013748,0.007969815284013748,0.7969815284013748
Pythia_minus,277,MUR1.0_MUF1.0_PDF26446,pdf,1,0.0,0.21,0.660984456539154,0.6606279611587524,0.9994606599642778,-0.0005393400206230581,0.0005393400206230581,-0.05393400206230581
Pythia_minus,277,MUR1.0_MUF1.0_PDF26446,pdf,2,0.21,0.42,0.6471099853515625,0.6466308832168579,0.99925962796812,-0.0007403720519505441,0.0007403720519505441,-0.07403720519505441
Pythia_minus,277,MUR1.0_MUF1.0_PDF26446,pdf,3,0.42,0.63,0.6394927501678467,0.6391331553459167,0.999437687414227,-0.0005623126053251326,0.0005623126053251326,-0.05623126053251326
Pythia_minus,277,MUR1.0_MUF1.0_PDF26446,pdf,4,0.63,0.84,0.6380901336669922,0.6379513740539551,0.9997825391653689,-0.00021746083803009242,0.00021746083803009242,-0.021746083803009242
Pythia_minus,277,MUR1.0_MUF1.0_PDF26446,pdf,5,0.84,1.05,0.6463085412979126,0.6463983654975891,1.0001389803691842,0.0001389803655911237,0.0001389803655911237,0.01389803655911237
Pythia_minus,277,MUR1.0_MUF1.0_PDF26446,pdf,6,1.05,1.37,0.6265755295753479,0.6260732412338257,0.9991983594669542,-0.0008016405045054853,0.0008016405045054853,-0.08016405045054853
Pythia_minus,277,MUR1.0_MUF1.0_PDF26446,pdf,7,1.37,1.52,0.6408894062042236,0.6409729719161987,1.0001303902220353,0.00013039022451266646,0.00013039022451266646,0.013039022451266646
Pythia_minus,277,MUR1.0_MUF1.0_PDF26446,pdf,8,1.52,1.74,0.6314683556556702,0.6318108439445496,1.0005423680946353,0.0005423680995590985,0.0005423680995590985,0.05423680995590985
Pythia_minus,277,MUR1.0_MUF1.0_PDF26446,pdf,9,1.74,1.95,0.5918737053871155,0.5926942229270935,1.0013863051061567,0.001386305084452033,0.001386305084452033,0.1386305084452033
Pythia_minus,277,MUR1.0_MUF1.0_PDF26446,pdf,10,1.95,2.18,0.6574898362159729,0.6581307649612427,1.0009748116396118,0.0009748116135597229,0.0009748116135597229,0.09748116135597229
Pythia_minus,277,MUR1.0_MUF1.0_PDF26446,pdf,11,2.18,2.5,0.6256763339042664,0.628393828868866,1.0043432919184305,0.004343291744589806,0.004343291744589806,0.43432917445898056
Pythia_minus,278,MUR1.0_MUF1.0_PDF26447,pdf,1,0.0,0.21,0.660984456539154,0.6601646542549133,0.9987597253216315,-0.0012402746360749006,0.0012402746360749006,-0.12402746360749006
Pythia_minus,278,MUR1.0_MUF1.0_PDF26447,pdf,2,0.21,0.42,0.6471099853515625,0.6462375521659851,0.9986518007675258,-0.001348199206404388,0.001348199206404388,-0.1348199206404388
Pythia_minus,278,MUR1.0_MUF1.0_PDF26447,pdf,3,0.42,0.63,0.6394927501678467,0.6387941837310791,0.9989076241496339,-0.0010923758381977677,0.0010923758381977677,-0.10923758381977677
Pythia_minus,278,MUR1.0_MUF1.0_PDF26447,pdf,4,0.63,0.84,0.6380901336669922,0.6375141739845276,0.9990973693964602,-0.0009026306215673685,0.0009026306215673685,-0.09026306215673685
Pythia_minus,278,MUR1.0_MUF1.0_PDF26447,pdf,5,0.84,1.05,0.6463085412979126,0.6461101174354553,0.9996929889522135,-0.00030701103969477117,0.00030701103969477117,-0.030701103969477117
Pythia_minus,278,MUR1.0_MUF1.0_PDF26447,pdf,6,1.05,1.37,0.6265755295753479,0.6254898905754089,0.9982673453579096,-0.0017326546367257833,0.0017326546367257833,-0.17326546367257833
Pythia_minus,278,MUR1.0_MUF1.0_PDF26447,pdf,7,1.37,1.52,0.6408894062042236,0.6406831741333008,0.9996782095804262,-0.00032179043046198785,0.00032179043046198785,-0.032179043046198785
Pythia_minus,278,MUR1.0_MUF1.0_PDF26447,pdf,8,1.52,1.74,0.6314683556556702,0.632201075553894,1.0011603430190308,0.0011603430612012744,0.0011603430612012744,0.11603430612012744
Pythia_minus,278,MUR1.0_MUF1.0_PDF26447,pdf,9,1.74,1.95,0.5918737053871155,0.5927785634994507,1.0015288026889848,0.0015288026770576835,0.0015288026770576835,0.15288026770576835
Pythia_minus,278,MUR1.0_MUF1.0_PDF26447,pdf,10,1.95,2.18,0.6574898362159729,0.6588347554206848,1.0020455361142193,0.002045536180958152,0.002045536180958152,0.20455361809581518
Pythia_minus,278,MUR1.0_MUF1.0_PDF26447,pdf,11,2.18,2.5,0.6256763339042664,0.631630539894104,1.0095164315272769,0.009516431950032711,0.009516431950032711,0.9516431950032711
Pythia_minus,279,MUR1.0_MUF1.0_PDF26448,pdf,1,0.0,0.21,0.660984456539154,0.6605657339096069,0.9993665166776545,-0.0006334833451546729,0.0006334833451546729,-0.06334833451546729
Pythia_minus,279,MUR1.0_MUF1.0_PDF26448,pdf,2,0.21,0.42,0.6471099853515625,0.6464734077453613,0.9990162760263152,-0.0009837240213528275,0.0009837240213528275,-0.09837240213528275
Pythia_minus,279,MUR1.0_MUF1.0_PDF26448,pdf,3,0.42,0.63,0.6394927501678467,0.6390343904495239,0.9992832448558604,-0.0007167551666498184,0.0007167551666498184,-0.07167551666498184
Pythia_minus,279,MUR1.0_MUF1.0_PDF26448,pdf,4,0.63,0.84,0.6380901336669922,0.6378163695335388,0.9995709632244585,-0.00042903676512651145,0.00042903676512651145,-0.042903676512651145
Pythia_minus,279,MUR1.0_MUF1.0_PDF26448,pdf,5,0.84,1.05,0.6463085412979126,0.6462536454200745,0.9999150624286538,-8.49375719553791e-05,8.49375719553791e-05,-0.00849375719553791
Pythia_minus,279,MUR1.0_MUF1.0_PDF26448,pdf,6,1.05,1.37,0.6265755295753479,0.6259232759475708,0.9989590183513564,-0.0010409816168248653,0.0010409816168248653,-0.10409816168248653
Pythia_minus,279,MUR1.0_MUF1.0_PDF26448,pdf,7,1.37,1.52,0.6408894062042236,0.640924870967865,1.0000553367918052,5.533679359359667e-05,5.533679359359667e-05,0.005533679359359667
Pythia_minus,279,MUR1.0_MUF1.0_PDF26448,pdf,8,1.52,1.74,0.6314683556556702,0.6320944428443909,1.0009914783268445,0.0009914783295243979,0.0009914783295243979,0.09914783295243979
Pythia_minus,279,MUR1.0_MUF1.0_PDF26448,pdf,9,1.74,1.95,0.5918737053871155,0.5931954383850098,1.0022331334976773,0.0022331334184855223,0.0022331334184855223,0.22331334184855223
Pythia_minus,279,MUR1.0_MUF1.0_PDF26448,pdf,10,1.95,2.18,0.6574898362159729,0.6588019728660583,1.001995675944798,0.001995675964280963,0.001995675964280963,0.1995675964280963
Pythia_minus,279,MUR1.0_MUF1.0_PDF26448,pdf,11,2.18,2.5,0.6256763339042664,0.6292455196380615,1.0057045241131675,0.005704523995518684,0.005704523995518684,0.5704523995518684
Pythia_minus,280,MUR1.0_MUF1.0_PDF26449,pdf,1,0.0,0.21,0.660984456539154,0.6609078049659729,0.999884034227397,-0.00011596576950978488,0.00011596576950978488,-0.011596576950978488
Pythia_minus,280,MUR1.0_MUF1.0_PDF26449,pdf,2,0.21,0.42,0.6471099853515625,0.647094190120697,0.9999755911186304,-2.440888056298718e-05,2.440888056298718e-05,-0.002440888056298718
Pythia_minus,280,MUR1.0_MUF1.0_PDF26449,pdf,3,0.42,0.63,0.6394927501678467,0.6393511295318604,0.9997785422337483,-0.00022145776893012226,0.00022145776893012226,-0.022145776893012226
Pythia_minus,280,MUR1.0_MUF1.0_PDF26449,pdf,4,0.63,0.84,0.6380901336669922,0.6379519104957581,0.9997833798644719,-0.00021662013023160398,0.00021662013023160398,-0.021662013023160398
Pythia_minus,280,MUR1.0_MUF1.0_PDF26449,pdf,5,0.84,1.05,0.6463085412979126,0.6467461585998535,1.0006771027674524,0.0006771027692593634,0.0006771027692593634,0.06771027692593634
Pythia_minus,280,MUR1.0_MUF1.0_PDF26449,pdf,6,1.05,1.37,0.6265755295753479,0.6260246634483337,0.9991208304489844,-0.0008791695581749082,0.0008791695581749082,-0.08791695581749082
Pythia_minus,280,MUR1.0_MUF1.0_PDF26449,pdf,7,1.37,1.52,0.6408894062042236,0.6409462094306946,1.0000886318699,8.863186667440459e-05,8.863186667440459e-05,0.008863186667440459
Pythia_minus,280,MUR1.0_MUF1.0_PDF26449,pdf,8,1.52,1.74,0.6314683556556702,0.6319655179977417,1.0007873115693269,0.0007873115828260779,0.0007873115828260779,0.0787311582826078
Pythia_minus,280,MUR1.0_MUF1.0_PDF26449,pdf,9,1.74,1.95,0.5918737053871155,0.5936131477355957,1.0029388741764471,0.002938874065876007,0.002938874065876007,0.2938874065876007
Pythia_minus,280,MUR1.0_MUF1.0_PDF26449,pdf,10,1.95,2.18,0.6574898362159729,0.657720685005188,1.000351106247579,0.0003511062532197684,0.0003511062532197684,0.03511062532197684
Pythia_minus,280,MUR1.0_MUF1.0_PDF26449,pdf,11,2.18,2.5,0.6256763339042664,0.6279540657997131,1.0036404315970104,0.0036404316779226065,0.0036404316779226065,0.36404316779226065
Pythia_minus,282,MUR1.0_MUF1.0_PDF26450,pdf,1,0.0,0.21,0.660984456539154,0.6604053378105164,0.9991238542405825,-0.0008761457866057754,0.0008761457866057754,-0.08761457866057754
Pythia_minus,282,MUR1.0_MUF1.0_PDF26450,pdf,2,0.21,0.42,0.6471099853515625,0.6462754011154175,0.9987102899738263,-0.001289710053242743,0.001289710053242743,-0.1289710053242743
Pythia_minus,282,MUR1.0_MUF1.0_PDF26450,pdf,3,0.42,0.63,0.6394927501678467,0.6391046643257141,0.9993931348838111,-0.000606865098234266,0.000606865098234266,-0.060686509823426604
Pythia_minus,282,MUR1.0_MUF1.0_PDF26450,pdf,4,0.63,0.84,0.6380901336669922,0.6378075480461121,0.9995571383947653,-0.0004428616084624082,0.0004428616084624082,-0.04428616084624082
Pythia_minus,282,MUR1.0_MUF1.0_PDF26450,pdf,5,0.84,1.05,0.6463085412979126,0.6458590626716614,0.9993045448148518,-0.0006954551790840924,0.0006954551790840924,-0.06954551790840924
Pythia_minus,282,MUR1.0_MUF1.0_PDF26450,pdf,6,1.05,1.37,0.6265755295753479,0.6252046227455139,0.997812064523549,-0.0021879354026168585,0.0021879354026168585,-0.21879354026168585
Pythia_minus,282,MUR1.0_MUF1.0_PDF26450,pdf,7,1.37,1.52,0.6408894062042236,0.6406567096710205,0.9996369162433479,-0.0003630837600212544,0.0003630837600212544,-0.03630837600212544
Pythia_minus,282,MUR1.0_MUF1.0_PDF26450,pdf,8,1.52,1.74,0.6314683556556702,0.631400465965271,0.9998924891646729,-0.00010751083755167201,0.00010751083755167201,-0.010751083755167201
Pythia_minus,282,MUR1.0_MUF1.0_PDF26450,pdf,9,1.74,1.95,0.5918737053871155,0.5910483002662659,0.9986054370833897,-0.0013945628888905048,0.0013945628888905048,-0.13945628888905048
Pythia_minus,282,MUR1.0_MUF1.0_PDF26450,pdf,10,1.95,2.18,0.6574898362159729,0.6563003063201904,0.9981908010888373,-0.0018091988749802113,0.0018091988749802113,-0.18091988749802113
Pythia_minus,282,MUR1.0_MUF1.0_PDF26450,pdf,11,2.18,2.5,0.6256763339042664,0.6321462988853455,1.0103407538858087,0.010340753942728043,0.010340753942728043,1.0340753942728043
Pythia_minus,283,MUR1.0_MUF1.0_PDF26451,pdf,1,0.0,0.21,0.660984456539154,0.6604975461959839,0.9992633558348413,-0.0007366441423073411,0.0007366441423073411,-0.07366441423073411
Pythia_minus,283,MUR1.0_MUF1.0_PDF26451,pdf,2,0.21,0.42,0.6471099853515625,0.6464860439300537,0.9990358031314108,-0.000964196864515543,0.000964196864515543,-0.0964196864515543
Pythia_minus,283,MUR1.0_MUF1.0_PDF26451,pdf,3,0.42,0.63,0.6394927501678467,0.6390288472175598,0.9992745766857167,-0.0007254233350977302,0.0007254233350977302,-0.07254233350977302
Pythia_minus,283,MUR1.0_MUF1.0_PDF26451,pdf,4,0.63,0.84,0.6380901336669922,0.6377344727516174,0.9994426164947405,-0.0005573835223913193,0.0005573835223913193,-0.05573835223913193
Pythia_minus,283,MUR1.0_MUF1.0_PDF26451,pdf,5,0.84,1.05,0.6463085412979126,0.6462275981903076,0.9998747608882865,-0.0001252391084562987,0.0001252391084562987,-0.012523910845629871
Pythia_minus,283,MUR1.0_MUF1.0_PDF26451,pdf,6,1.05,1.37,0.6265755295753479,0.6257604360580444,0.9986991296678057,-0.001300870324485004,0.001300870324485004,-0.1300870324485004
Pythia_minus,283,MUR1.0_MUF1.0_PDF26451,pdf,7,1.37,1.52,0.6408894062042236,0.6408059000968933,0.9998697027809761,-0.00013029722322244197,0.00013029722322244197,-0.013029722322244197
Pythia_minus,283,MUR1.0_MUF1.0_PDF26451,pdf,8,1.52,1.74,0.6314683556556702,0.6320697069168091,1.0009523062490036,0.0009523062617518008,0.0009523062617518008,0.09523062617518008
Pythia_minus,283,MUR1.0_MUF1.0_PDF26451,pdf,9,1.74,1.95,0.5918737053871155,0.5929819941520691,1.0018725088728664,0.0018725089030340314,0.0018725089030340314,0.18725089030340314
Pythia_minus,283,MUR1.0_MUF1.0_PDF26451,pdf,10,1.95,2.18,0.6574898362159729,0.6587609648704529,1.0019333054055948,0.0019333054078742862,0.0019333054078742862,0.19333054078742862
Pythia_minus,283,MUR1.0_MUF1.0_PDF26451,pdf,11,2.18,2.5,0.6256763339042664,0.6300554871559143,1.0069990712679218,0.006999071221798658,0.006999071221798658,0.6999071221798658
Pythia_minus,284,MUR1.0_MUF1.0_PDF26452,pdf,1,0.0,0.21,0.660984456539154,0.6604971885681152,0.9992628147814699,-0.0007371852407231927,0.0007371852407231927,-0.07371852407231927
Pythia_minus,284,MUR1.0_MUF1.0_PDF26452,pdf,2,0.21,0.42,0.6471099853515625,0.6464863419532776,0.9990362636763422,-0.0009637363255023956,0.0009637363255023956,-0.09637363255023956
Pythia_minus,284,MUR1.0_MUF1.0_PDF26452,pdf,3,0.42,0.63,0.6394927501678467,0.6390289068222046,0.9992746698918473,-0.0007253300864249468,0.0007253300864249468,-0.07253300864249468
Pythia_minus,284,MUR1.0_MUF1.0_PDF26452,pdf,4,0.63,0.84,0.6380901336669922,0.6377348303794861,0.9994431769608092,-0.0005568230408243835,0.0005568230408243835,-0.05568230408243835
Pythia_minus,284,MUR1.0_MUF1.0_PDF26452,pdf,5,0.84,1.05,0.6463085412979126,0.6462273001670837,0.999874299772264,-0.0001257002295460552,0.0001257002295460552,-0.01257002295460552
Pythia_minus,284,MUR1.0_MUF1.0_PDF26452,pdf,6,1.05,1.37,0.6265755295753479,0.6257598996162415,0.9986982735191411,-0.0013017264427617192,0.0013017264427617192,-0.13017264427617192
Pythia_minus,284,MUR1.0_MUF1.0_PDF26452,pdf,7,1.37,1.52,0.6408894062042236,0.6408049464225769,0.9998682147327931,-0.0001317852729698643,0.0001317852729698643,-0.013178527296986431
Pythia_minus,284,MUR1.0_MUF1.0_PDF26452,pdf,8,1.52,1.74,0.6314683556556702,0.6320698261260986,1.0009524950301016,0.0009524950291961432,0.0009524950291961432,0.09524950291961432
Pythia_minus,284,MUR1.0_MUF1.0_PDF26452,pdf,9,1.74,1.95,0.5918737053871155,0.5929819345474243,1.0018724081678607,0.001872408203780651,0.001872408203780651,0.1872408203780651
Pythia_minus,284,MUR1.0_MUF1.0_PDF26452,pdf,10,1.95,2.18,0.6574898362159729,0.6587620377540588,1.0019349371929578,0.0019349372014403343,0.0019349372014403343,0.19349372014403343
Pythia_minus,284,MUR1.0_MUF1.0_PDF26452,pdf,11,2.18,2.5,0.6256763339042664,0.6300565600395203,1.0070007860260928,0.007000786252319813,0.007000786252319813,0.7000786252319813
Pythia_minus,285,MUR1.0_MUF1.0_PDF26453,pdf,1,0.0,0.21,0.660984456539154,0.6604969501495361,0.9992624540792223,-0.0007375458953902125,0.0007375458953902125,-0.07375458953902125
Pythia_minus,285,MUR1.0_MUF1.0_PDF26453,pdf,2,0.21,0.42,0.6471099853515625,0.6464869976043701,0.9990372768751916,-0.0009627231047488749,0.0009627231047488749,-0.09627231047488749
Pythia_minus,285,MUR1.0_MUF1.0_PDF26453,pdf,3,0.42,0.63,0.6394927501678467,0.6390286087989807,0.9992742038611945,-0.0007257961551658809,0.0007257961551658809,-0.07257961551658809
Pythia_minus,285,MUR1.0_MUF1.0_PDF26453,pdf,4,0.63,0.84,0.6380901336669922,0.6377348303794861,0.9994431769608092,-0.0005568230408243835,0.0005568230408243835,-0.05568230408243835
Pythia_minus,285,MUR1.0_MUF1.0_PDF26453,pdf,5,0.84,1.05,0.6463085412979126,0.6462276577949524,0.999874853111491,-0.00012514689296949655,0.00012514689296949655,-0.012514689296949655
Pythia_minus,285,MUR1.0_MUF1.0_PDF26453,pdf,6,1.05,1.37,0.6265755295753479,0.6257597804069519,0.9986980832638822,-0.0013019167818129063,0.0013019167818129063,-0.13019167818129063
Pythia_minus,285,MUR1.0_MUF1.0_PDF26453,pdf,7,1.37,1.52,0.6408894062042236,0.6408054828643799,0.9998690517598959,-0.00013094824680592865,0.00013094824680592865,-0.013094824680592865
Pythia_minus,285,MUR1.0_MUF1.0_PDF26453,pdf,8,1.52,1.74,0.6314683556556702,0.6320697665214539,1.0009524006395527,0.0009524006163701415,0.0009524006163701415,0.09524006163701415
Pythia_minus,285,MUR1.0_MUF1.0_PDF26453,pdf,9,1.74,1.95,0.5918737053871155,0.592982292175293,1.0018730123978938,0.0018730123993009329,0.0018730123993009329,0.1873012399300933
Pythia_minus,285,MUR1.0_MUF1.0_PDF26453,pdf,10,1.95,2.18,0.6574898362159729,0.6587617993354797,1.0019345745735437,0.0019345745677128434,0.0019345745677128434,0.19345745677128434
Pythia_minus,285,MUR1.0_MUF1.0_PDF26453,pdf,11,2.18,2.5,0.6256763339042664,0.6300567388534546,1.0070010718191211,0.007001071702688932,0.007001071702688932,0.7001071702688932
Pythia_minus,286,MUR1.0_MUF1.0_PDF26454,pdf,1,0.0,0.21,0.660984456539154,0.66049724817276,0.9992629049570319,-0.0007370950188487768,0.0007370950188487768,-0.07370950188487768
Pythia_minus,286,MUR1.0_MUF1.0_PDF26454,pdf,2,0.21,0.42,0.6471099853515625,0.6464858055114746,0.9990354346954656,-0.0009645653190091252,0.0009645653190091252,-0.09645653190091252
Pythia_minus,286,MUR1.0_MUF1.0_PDF26454,pdf,3,0.42,0.63,0.6394927501678467,0.6390287280082703,0.9992743902734555,-0.0007256097160279751,0.0007256097160279751,-0.07256097160279751
Pythia_minus,286,MUR1.0_MUF1.0_PDF26454,pdf,4,0.63,0.84,0.6380901336669922,0.637734591960907,0.9994428033167635,-0.000557196675799787,0.000557196675799787,-0.055719667579978704
Pythia_minus,286,MUR1.0_MUF1.0_PDF26454,pdf,5,0.84,1.05,0.6463085412979126,0.6462275981903076,0.9998747608882865,-0.0001252391084562987,0.0001252391084562987,-0.012523910845629871
Pythia_minus,286,MUR1.0_MUF1.0_PDF26454,pdf,6,1.05,1.37,0.6265755295753479,0.625760555267334,0.9986993199230646,-0.0013006801018491387,0.0013006801018491387,-0.13006801018491387
Pythia_minus,286,MUR1.0_MUF1.0_PDF26454,pdf,7,1.37,1.52,0.6408894062042236,0.6408059597015381,0.9998697957839875,-0.00013020422193221748,0.00013020422193221748,-0.013020422193221748
Pythia_minus,286,MUR1.0_MUF1.0_PDF26454,pdf,8,1.52,1.74,0.6314683556556702,0.6320696473121643,1.0009522118584546,0.0009522118489257991,0.0009522118489257991,0.09522118489257991
Pythia_minus,286,MUR1.0_MUF1.0_PDF26454,pdf,9,1.74,1.95,0.5918737053871155,0.5929819941520691,1.0018725088728664,0.0018725089030340314,0.0018725089030340314,0.18725089030340314
Pythia_minus,286,MUR1.0_MUF1.0_PDF26454,pdf,10,1.95,2.18,0.6574898362159729,0.6587609648704529,1.0019333054055948,0.0019333054078742862,0.0019333054078742862,0.19333054078742862
Pythia_minus,286,MUR1.0_MUF1.0_PDF26454,pdf,11,2.18,2.5,0.6256763339042664,0.6300550699234009,1.006998404417522,0.006998404394835234,0.006998404394835234,0.6998404394835234
Pythia_minus,287,MUR1.0_MUF1.0_PDF26455,pdf,1,0.0,0.21,0.660984456539154,0.6604967713356018,0.9992621835525366,-0.0007378164445981383,0.0007378164445981383,-0.07378164445981383
Pythia_minus,287,MUR1.0_MUF1.0_PDF26455,pdf,2,0.21,0.42,0.6471099853515625,0.646487832069397,0.9990385664009998,-0.0009614335722289979,0.0009614335722289979,-0.0961433572228998
Pythia_minus,287,MUR1.0_MUF1.0_PDF26455,pdf,3,0.42,0.63,0.6394927501678467,0.6390289068222046,0.9992746698918473,-0.0007253300864249468,0.0007253300864249468,-0.07253300864249468
Pythia_minus,287,MUR1.0_MUF1.0_PDF26455,pdf,4,0.63,0.84,0.6380901336669922,0.6377360820770264,0.9994451385920494,-0.0005548613844439387,0.0005548613844439387,-0.05548613844439387
Pythia_minus,287,MUR1.0_MUF1.0_PDF26455,pdf,5,0.84,1.05,0.6463085412979126,0.6462277173995972,0.9998749453346956,-0.00012505466293077916,0.00012505466293077916,-0.012505466293077916
Pythia_minus,287,MUR1.0_MUF1.0_PDF26455,pdf,6,1.05,1.37,0.6265755295753479,0.6257596611976624,0.9986978930086234,-0.0013021070044487715,0.0013021070044487715,-0.13021070044487715
Pythia_minus,287,MUR1.0_MUF1.0_PDF26455,pdf,7,1.37,1.52,0.6408894062042236,0.6408058404922485,0.9998696097779646,-0.00013039022451266646,0.00013039022451266646,-0.013039022451266646
Pythia_minus,287,MUR1.0_MUF1.0_PDF26455,pdf,8,1.52,1.74,0.6314683556556702,0.6320688724517822,1.0009509847813174,0.0009509847732260823,0.0009509847732260823,0.09509847732260823
Pythia_minus,287,MUR1.0_MUF1.0_PDF26455,pdf,9,1.74,1.95,0.5918737053871155,0.5929827094078064,1.0018737173329326,0.001873717294074595,0.001873717294074595,0.1873717294074595
Pythia_minus,287,MUR1.0_MUF1.0_PDF26455,pdf,10,1.95,2.18,0.6574898362159729,0.6587613821029663,1.0019339399895693,0.0019339399877935648,0.0019339399877935648,0.19339399877935648
Pythia_minus,287,MUR1.0_MUF1.0_PDF26455,pdf,11,2.18,2.5,0.6256763339042664,0.6300551891326904,1.0069985949462075,0.0069985948503017426,0.0069985948503017426,0.6998594850301743
Pythia_minus,288,MUR1.0_MUF1.0_PDF26456,pdf,1,0.0,0.21,0.660984456539154,0.6604968309402466,0.9992622737280985,-0.0007377262809313834,0.0007377262809313834,-0.07377262809313834
Pythia_minus,288,MUR1.0_MUF1.0_PDF26456,pdf,2,0.21,0.42,0.6471099853515625,0.6464865803718567,0.9990366321122874,-0.0009633678710088134,0.0009633678710088134,-0.09633678710088134
Pythia_minus,288,MUR1.0_MUF1.0_PDF26456,pdf,3,0.42,0.63,0.6394927501678467,0.639028787612915,0.9992744834795861,-0.0007255165255628526,0.0007255165255628526,-0.07255165255628526
Pythia_minus,288,MUR1.0_MUF1.0_PDF26456,pdf,4,0.63,0.84,0.6380901336669922,0.6377338171005249,0.9994415889736148,-0.0005584110040217638,0.0005584110040217638,-0.05584110040217638
Pythia_minus,288,MUR1.0_MUF1.0_PDF26456,pdf,5,0.84,1.05,0.6463085412979126,0.6462274789810181,0.9998745764418775,-0.00012542355398181826,0.00012542355398181826,-0.012542355398181826
Pythia_minus,288,MUR1.0_MUF1.0_PDF26456,pdf,6,1.05,1.37,0.6265755295753479,0.6257591843605042,0.9986971319875881,-0.0013028680114075541,0.0013028680114075541,-0.13028680114075541
Pythia_minus,288,MUR1.0_MUF1.0_PDF26456,pdf,7,1.37,1.52,0.6408894062042236,0.6408040523529053,0.9998668196876215,-0.00013318030687514693,0.00013318030687514693,-0.013318030687514693
Pythia_minus,288,MUR1.0_MUF1.0_PDF26456,pdf,8,1.52,1.74,0.6314683556556702,0.6320697665214539,1.0009524006395527,0.0009524006163701415,0.0009524006163701415,0.09524006163701415
Pythia_minus,288,MUR1.0_MUF1.0_PDF26456,pdf,9,1.74,1.95,0.5918737053871155,0.5929839611053467,1.0018758321380488,0.001875832094810903,0.001875832094810903,0.1875832094810903
Pythia_minus,288,MUR1.0_MUF1.0_PDF26456,pdf,10,1.95,2.18,0.6574898362159729,0.65876305103302,1.001936478325467,0.0019364783074706793,0.0019364783074706793,0.19364783074706793
Pythia_minus,288,MUR1.0_MUF1.0_PDF26456,pdf,11,2.18,2.5,0.6256763339042664,0.6300585269927979,1.0070039297494062,0.007003929931670427,0.007003929931670427,0.7003929931670427
Pythia_minus,289,MUR1.0_MUF1.0_PDF26457,pdf,1,0.0,0.21,0.660984456539154,0.660496711730957,0.9992620933769747,-0.0007379066082648933,0.0007379066082648933,-0.07379066082648933
Pythia_minus,289,MUR1.0_MUF1.0_PDF26457,pdf,2,0.21,0.42,0.6471099853515625,0.6464868783950806,0.999037092657219,-0.000962907331995666,0.000962907331995666,-0.0962907331995666
Pythia_minus,289,MUR1.0_MUF1.0_PDF26457,pdf,3,0.42,0.63,0.6394927501678467,0.6390283703804016,0.9992738310366721,-0.0007261689752340317,0.0007261689752340317,-0.07261689752340317
Pythia_minus,289,MUR1.0_MUF1.0_PDF26457,pdf,4,0.63,0.84,0.6380901336669922,0.637734591960907,0.9994428033167635,-0.000557196675799787,0.000557196675799787,-0.055719667579978704
Pythia_minus,289,MUR1.0_MUF1.0_PDF26457,pdf,5,0.84,1.05,0.6463085412979126,0.6462273597717285,0.9998743919954686,-0.0001256079995073378,0.0001256079995073378,-0.01256079995073378
Pythia_minus,289,MUR1.0_MUF1.0_PDF26457,pdf,6,1.05,1.37,0.6265755295753479,0.6257597804069519,0.9986980832638822,-0.0013019167818129063,0.0013019167818129063,-0.13019167818129063
Pythia_minus,289,MUR1.0_MUF1.0_PDF26457,pdf,7,1.37,1.52,0.6408894062042236,0.6408054232597351,0.9998689587568845,-0.00013104124809615314,0.00013104124809615314,-0.013104124809615314
Pythia_minus,289,MUR1.0_MUF1.0_PDF26457,pdf,8,1.52,1.74,0.6314683556556702,0.6320698261260986,1.0009524950301016,0.0009524950291961432,0.0009524950291961432,0.09524950291961432
Pythia_minus,289,MUR1.0_MUF1.0_PDF26457,pdf,9,1.74,1.95,0.5918737053871155,0.5929824113845825,1.001873213807905,0.0018732137978076935,0.0018732137978076935,0.18732137978076935
Pythia_minus,289,MUR1.0_MUF1.0_PDF26457,pdf,10,1.95,2.18,0.6574898362159729,0.6587622165679932,1.0019352091575182,0.001935209147632122,0.001935209147632122,0.1935209147632122
Pythia_minus,289,MUR1.0_MUF1.0_PDF26457,pdf,11,2.18,2.5,0.6256763339042664,0.6300567388534546,1.0070010718191211,0.007001071702688932,0.007001071702688932,0.7001071702688932
Pythia_minus,290,MUR1.0_MUF1.0_PDF26458,pdf,1,0.0,0.21,0.660984456539154,0.6604973077774048,0.9992629951325936,-0.0007370048551820219,0.0007370048551820219,-0.07370048551820219
Pythia_minus,290,MUR1.0_MUF1.0_PDF26458,pdf,2,0.21,0.42,0.6471099853515625,0.6464858055114746,0.9990354346954656,-0.0009645653190091252,0.0009645653190091252,-0.09645653190091252
Pythia_minus,290,MUR1.0_MUF1.0_PDF26458,pdf,3,0.42,0.63,0.6394927501678467,0.6390286087989807,0.9992742038611945,-0.0007257961551658809,0.0007257961551658809,-0.07257961551658809
Pythia_minus,290,MUR1.0_MUF1.0_PDF26458,pdf,4,0.63,0.84,0.6380901336669922,0.6377344727516174,0.9994426164947405,-0.0005573835223913193,0.0005573835223913193,-0.05573835223913193
Pythia_minus,290,MUR1.0_MUF1.0_PDF26458,pdf,5,0.84,1.05,0.6463085412979126,0.6462275385856628,0.999874668665082,-0.0001253313384950161,0.0001253313384950161,-0.01253313384950161
Pythia_minus,290,MUR1.0_MUF1.0_PDF26458,pdf,6,1.05,1.37,0.6265755295753479,0.6257604956626892,0.9986992247954352,-0.0013007752131670713,0.0013007752131670713,-0.13007752131670713
Pythia_minus,290,MUR1.0_MUF1.0_PDF26458,pdf,7,1.37,1.52,0.6408894062042236,0.6408059000968933,0.9998697027809761,-0.00013029722322244197,0.00013029722322244197,-0.013029722322244197
Pythia_minus,290,MUR1.0_MUF1.0_PDF26458,pdf,8,1.52,1.74,0.6314683556556702,0.6320698261260986,1.0009524950301016,0.0009524950291961432,0.0009524950291961432,0.09524950291961432
Pythia_minus,290,MUR1.0_MUF1.0_PDF26458,pdf,9,1.74,1.95,0.5918737053871155,0.5929822325706482,1.0018729116928884,0.0018729117000475526,0.0018729117000475526,0.18729117000475526
Pythia_minus,290,MUR1.0_MUF1.0_PDF26458,pdf,10,1.95,2.18,0.6574898362159729,0.6587609648704529,1.0019333054055948,0.0019333054078742862,0.0019333054078742862,0.19333054078742862
Pythia_minus,290,MUR1.0_MUF1.0_PDF26458,pdf,11,2.18,2.5,0.6256763339042664,0.6300555467605591,1.0069991665322646,0.0069991666823625565,0.0069991666823625565,0.6999166682362556
Pythia_minus,291,MUR1.0_MUF1.0_PDF26459,pdf,1,0.0,0.21,0.660984456539154,0.6604968905448914,0.9992623639036604,-0.0007376361172646284,0.0007376361172646284,-0.07376361172646284
Pythia_minus,291,MUR1.0_MUF1.0_PDF26459,pdf,2,0.21,0.42,0.6471099853515625,0.6464863419532776,0.9990362636763422,-0.0009637363255023956,0.0009637363255023956,-0.09637363255023956
Pythia_minus,291,MUR1.0_MUF1.0_PDF26459,pdf,3,0.42,0.63,0.6394927501678467,0.6390279531478882,0.9992731785937581,-0.0007268214249052107,0.0007268214249052107,-0.07268214249052107
Pythia_minus,291,MUR1.0_MUF1.0_PDF26459,pdf,4,0.63,0.84,0.6380901336669922,0.6377337574958801,0.9994414955626033,-0.0005585044273175299,0.0005585044273175299,-0.05585044273175299
Pythia_minus,291,MUR1.0_MUF1.0_PDF26459,pdf,5,0.84,1.05,0.6463085412979126,0.6462281346321106,0.9998755908971271,-0.00012440909631550312,0.00012440909631550312,-0.012440909631550312
Pythia_minus,291,MUR1.0_MUF1.0_PDF26459,pdf,6,1.05,1.37,0.6265755295753479,0.6257608532905579,0.9986997955612116,-0.0013002044288441539,0.0013002044288441539,-0.1300204428844154
Pythia_minus,291,MUR1.0_MUF1.0_PDF26459,pdf,7,1.37,1.52,0.6408894062042236,0.6408063769340515,0.9998704468050675,-0.0001295531983487308,0.0001295531983487308,-0.01295531983487308
Pythia_minus,291,MUR1.0_MUF1.0_PDF26459,pdf,8,1.52,1.74,0.6314683556556702,0.6320692896842957,1.0009516455151606,0.0009516454883851111,0.0009516454883851111,0.09516454883851111
Pythia_minus,291,MUR1.0_MUF1.0_PDF26459,pdf,9,1.74,1.95,0.5918737053871155,0.5929826498031616,1.0018736166279272,0.0018736165948212147,0.0018736165948212147,0.18736165948212147
Pythia_minus,291,MUR1.0_MUF1.0_PDF26459,pdf,10,1.95,2.18,0.6574898362159729,0.6587597727775574,1.001931492308525,0.0019314923556521535,0.0019314923556521535,0.19314923556521535
Pythia_minus,291,MUR1.0_MUF1.0_PDF26459,pdf,11,2.18,2.5,0.6256763339042664,0.6300559043884277,1.0069997381183216,0.006999738048762083,0.006999738048762083,0.6999738048762083
Pythia_minus,292,Var3cUp,model,1,0.0,0.21,0.660984456539154,0.6584280729293823,0.9961324603256835,-0.0038675395771861076,0.0038675395771861076,-0.38675395771861076
Pythia_minus,292,Var3cUp,model,2,0.21,0.42,0.6471099853515625,0.6428831815719604,0.9934681833455162,-0.006531816441565752,0.006531816441565752,-0.6531816441565752
Pythia_minus,292,Var3cUp,model,3,0.42,0.63,0.6394927501678467,0.6385589838027954,0.9985398327583758,-0.0014601672301068902,0.0014601672301068902,-0.14601672301068902
Pythia_minus,292,Var3cUp,model,4,0.63,0.84,0.6380901336669922,0.6382861733436584,1.0003072288166244,0.0003072288236580789,0.0003072288236580789,0.03072288236580789
Pythia_minus,292,Var3cUp,model,5,0.84,1.05,0.6463085412979126,0.646260142326355,0.9999251147579445,-7.488523988286033e-05,7.488523988286033e-05,-0.007488523988286033
Pythia_minus,292,Var3cUp,model,6,1.05,1.37,0.6265755295753479,0.6295261383056641,1.0047091030387285,0.0047091031447052956,0.0047091031447052956,0.47091031447052956
Pythia_minus,292,Var3cUp,model,7,1.37,1.52,0.6408894062042236,0.6403396129608154,0.9991421402225004,-0.0008578597917221487,0.0008578597917221487,-0.08578597917221487
Pythia_minus,292,Var3cUp,model,8,1.52,1.74,0.6314683556556702,0.6320925951004028,1.000988552219825,0.0009885522304102778,0.0009885522304102778,0.09885522304102778
Pythia_minus,292,Var3cUp,model,9,1.74,1.95,0.5918737053871155,0.5907554626464844,0.9981106733912098,-0.0018893266096711159,0.0018893266096711159,-0.1889326609671116
Pythia_minus,292,Var3cUp,model,10,1.95,2.18,0.6574898362159729,0.6602227091789246,1.0041565250326607,0.004156525246798992,0.004156525246798992,0.4156525246798992
Pythia_minus,292,Var3cUp,model,11,2.18,2.5,0.6256763339042664,0.6264837980270386,1.0012905460523551,0.0012905460316687822,0.0012905460316687822,0.12905460316687822
Pythia_minus,293,Var3cDown,model,1,0.0,0.21,0.660984456539154,0.6633489727973938,1.0035772645405614,0.003577264491468668,0.003577264491468668,0.3577264491468668
Pythia_minus,293,Var3cDown,model,2,0.21,0.42,0.6471099853515625,0.6493621468544006,1.0034803380473485,0.0034803380258381367,0.0034803380258381367,0.34803380258381367
Pythia_minus,293,Var3cDown,model,3,0.42,0.63,0.6394927501678467,0.6401488780975342,1.0010260130853952,0.0010260130511596799,0.0010260130511596799,0.10260130511596799
Pythia_minus,293,Var3cDown,model,4,0.63,0.84,0.6380901336669922,0.637160062789917,0.9985424145774983,-0.0014575853710994124,0.0014575853710994124,-0.14575853710994124
Pythia_minus,293,Var3cDown,model,5,0.84,1.05,0.6463085412979126,0.6464734673500061,1.0002551816068566,0.0002551815996412188,0.0002551815996412188,0.025518159964121878
Pythia_minus,293,Var3cDown,model,6,1.05,1.37,0.6265755295753479,0.623559832572937,0.9951870175899549,-0.004812982399016619,0.004812982399016619,-0.4812982399016619
Pythia_minus,293,Var3cDown,model,7,1.37,1.52,0.6408894062042236,0.6419559121131897,1.0016641028836513,0.0016641028923913836,0.0016641028923913836,0.16641028923913836
Pythia_minus,293,Var3cDown,model,8,1.52,1.74,0.6314683556556702,0.6317636370658875,1.000467610779816,0.0004676107782870531,0.0004676107782870531,0.04676107782870531
Pythia_minus,293,Var3cDown,model,9,1.74,1.95,0.5918737053871155,0.5929467678070068,1.0018129922145966,0.001812992268241942,0.001812992268241942,0.1812992268241942
Pythia_minus,293,Var3cDown,model,10,1.95,2.18,0.6574898362159729,0.6553059816360474,0.9966784968228647,-0.0033215032890439034,0.0033215032890439034,-0.33215032890439034
Pythia_minus,293,Var3cDown,model,11,2.18,2.5,0.6256763339042664,0.6248719096183777,0.9987143124291293,-0.001285687554627657,0.001285687554627657,-0.1285687554627657
Pythia_minus,294,isr_muRfac_2.0_fsr_muRfac_2.0,shower,1,0.0,0.21,0.660984456539154,0.6580676436424255,0.9955871687028759,-0.004412831272929907,0.004412831272929907,-0.4412831272929907
Pythia_minus,294,isr_muRfac_2.0_fsr_muRfac_2.0,shower,2,0.21,0.42,0.6471099853515625,0.6474518179893494,1.000528245036431,0.0005282450583763421,0.0005282450583763421,0.052824505837634206
Pythia_minus,294,isr_muRfac_2.0_fsr_muRfac_2.0,shower,3,0.42,0.63,0.6394927501678467,0.6323853731155396,0.9888859145776998,-0.011114085093140602,0.011114085093140602,-1.1114085093140602
Pythia_minus,294,isr_muRfac_2.0_fsr_muRfac_2.0,shower,4,0.63,0.84,0.6380901336669922,0.6353649497032166,0.9957291551459753,-0.004270844627171755,0.004270844627171755,-0.4270844627171755
Pythia_minus,294,isr_muRfac_2.0_fsr_muRfac_2.0,shower,5,0.84,1.05,0.6463085412979126,0.6497710943222046,1.0053574303959198,0.005357430316507816,0.005357430316507816,0.5357430316507816
Pythia_minus,294,isr_muRfac_2.0_fsr_muRfac_2.0,shower,6,1.05,1.37,0.6265755295753479,0.621772289276123,0.9923341399839215,-0.007665860000997782,0.007665860000997782,-0.7665860000997782
Pythia_minus,294,isr_muRfac_2.0_fsr_muRfac_2.0,shower,7,1.37,1.52,0.6408894062042236,0.6504234671592712,1.0148762966944869,0.014876296743750572,0.014876296743750572,1.4876296743750572
Pythia_minus,294,isr_muRfac_2.0_fsr_muRfac_2.0,shower,8,1.52,1.74,0.6314683556556702,0.6306509375572205,0.9987055280108201,-0.0012944720219820738,0.0012944720219820738,-0.12944720219820738
Pythia_minus,294,isr_muRfac_2.0_fsr_muRfac_2.0,shower,9,1.74,1.95,0.5918737053871155,0.5929300785064697,1.0017847948130476,0.0017847948474809527,0.0017847948474809527,0.17847948474809527
Pythia_minus,294,isr_muRfac_2.0_fsr_muRfac_2.0,shower,10,1.95,2.18,0.6574898362159729,0.6622494459152222,1.0072390620159881,0.007239061873406172,0.007239061873406172,0.7239061873406172
Pythia_minus,294,isr_muRfac_2.0_fsr_muRfac_2.0,shower,11,2.18,2.5,0.6256763339042664,0.6218430995941162,0.9938734548480834,-0.0061265453696250916,0.0061265453696250916,-0.6126545369625092
Pythia_minus,295,isr_muRfac_2.0_fsr_muRfac_1.0,shower,1,0.0,0.21,0.660984456539154,0.6634128093719482,1.003673842567356,0.003673842642456293,0.003673842642456293,0.3673842642456293
Pythia_minus,295,isr_muRfac_2.0_fsr_muRfac_1.0,shower,2,0.21,0.42,0.6471099853515625,0.649405837059021,1.0035478539343063,0.003547854023054242,0.003547854023054242,0.3547854023054242
Pythia_minus,295,isr_muRfac_2.0_fsr_muRfac_1.0,shower,3,0.42,0.63,0.6394927501678467,0.640169620513916,1.001058448818836,0.0010584488045424223,0.0010584488045424223,0.10584488045424223
Pythia_minus,295,isr_muRfac_2.0_fsr_muRfac_1.0,shower,4,0.63,0.84,0.6380901336669922,0.6371282339096069,0.9984925330973896,-0.0015074668917804956,0.0015074668917804956,-0.15074668917804956
Pythia_minus,295,isr_muRfac_2.0_fsr_muRfac_1.0,shower,5,0.84,1.05,0.6463085412979126,0.6464797854423523,1.0002649572665336,0.0002649572561495006,0.0002649572561495006,0.02649572561495006
Pythia_minus,295,isr_muRfac_2.0_fsr_muRfac_1.0,shower,6,1.05,1.37,0.6265755295753479,0.6234782338142395,0.9950567878652913,-0.004943212028592825,0.004943212028592825,-0.4943212028592825
Pythia_minus,295,isr_muRfac_2.0_fsr_muRfac_1.0,shower,7,1.37,1.52,0.6408894062042236,0.6419928669929504,1.0017217647507426,0.0017217647982761264,0.0017217647982761264,0.17217647982761264
Pythia_minus,295,isr_muRfac_2.0_fsr_muRfac_1.0,shower,8,1.52,1.74,0.6314683556556702,0.6317830681800842,1.0004983820987947,0.0004983820836059749,0.0004983820836059749,0.04983820836059749
Pythia_minus,295,isr_muRfac_2.0_fsr_muRfac_1.0,shower,9,1.74,1.95,0.5918737053871155,0.5929760336875916,1.0018624383723131,0.0018624383956193924,0.0018624383956193924,0.18624383956193924
Pythia_minus,295,isr_muRfac_2.0_fsr_muRfac_1.0,shower,10,1.95,2.18,0.6574898362159729,0.6552475094795227,0.9965895644115879,-0.003410435514524579,0.003410435514524579,-0.3410435514524579
Pythia_minus,295,isr_muRfac_2.0_fsr_muRfac_1.0,shower,11,2.18,2.5,0.6256763339042664,0.6248499751091003,0.9986792551509668,-0.00132074486464262,0.00132074486464262,-0.132074486464262
Pythia_minus,296,isr_muRfac_2.0_fsr_muRfac_0.5,shower,1,0.0,0.21,0.660984456539154,0.6749259233474731,1.0210919737527795,0.021091973409056664,0.021091973409056664,2.1091973409056664
Pythia_minus,296,isr_muRfac_2.0_fsr_muRfac_0.5,shower,2,0.21,0.42,0.6471099853515625,0.6553980112075806,1.0128077545450258,0.012807754799723625,0.012807754799723625,1.2807754799723625
Pythia_minus,296,isr_muRfac_2.0_fsr_muRfac_0.5,shower,3,0.42,0.63,0.6394927501678467,0.6421911120414734,1.0042195347373657,0.004219534806907177,0.004219534806907177,0.4219534806907177
Pythia_minus,296,isr_muRfac_2.0_fsr_muRfac_0.5,shower,4,0.63,0.84,0.6380901336669922,0.6353926062583923,0.9957724978552832,-0.004227502271533012,0.004227502271533012,-0.42275022715330124
Pythia_minus,296,isr_muRfac_2.0_fsr_muRfac_0.5,shower,5,0.84,1.05,0.6463085412979126,0.6420858502388,0.9934664470770685,-0.006533552892506123,0.006533552892506123,-0.6533552892506123
Pythia_minus,296,isr_muRfac_2.0_fsr_muRfac_0.5,shower,6,1.05,1.37,0.6265755295753479,0.6210197806358337,0.9911331536626088,-0.008866846561431885,0.008866846561431885,-0.8866846561431885
Pythia_minus,296,isr_muRfac_2.0_fsr_muRfac_0.5,shower,7,1.37,1.52,0.6408894062042236,0.6261191964149475,0.9769535747567506,-0.023046424612402916,0.023046424612402916,-2.3046424612402916
Pythia_minus,296,isr_muRfac_2.0_fsr_muRfac_0.5,shower,8,1.52,1.74,0.6314683556556702,0.6360821723937988,1.007306489227537,0.007306489162147045,0.007306489162147045,0.7306489162147045
Pythia_minus,296,isr_muRfac_2.0_fsr_muRfac_0.5,shower,9,1.74,1.95,0.5918737053871155,0.6012510061264038,1.015843414995358,0.01584341563284397,0.01584341563284397,1.5843415632843971
Pythia_minus,296,isr_muRfac_2.0_fsr_muRfac_0.5,shower,10,1.95,2.18,0.6574898362159729,0.641447901725769,0.9756012433857085,-0.02439875714480877,0.02439875714480877,-2.439875714480877
Pythia_minus,296,isr_muRfac_2.0_fsr_muRfac_0.5,shower,11,2.18,2.5,0.6256763339042664,0.632295548915863,1.010579295800262,0.010579295456409454,0.010579295456409454,1.0579295456409454
Pythia_minus,297,isr_muRfac_1.0_fsr_muRfac_2.0,shower,1,0.0,0.21,0.660984456539154,0.6544468402862549,0.9901092738441545,-0.009890725836157799,0.009890725836157799,-0.9890725836157799
Pythia_minus,297,isr_muRfac_1.0_fsr_muRfac_2.0,shower,2,0.21,0.42,0.6471099853515625,0.6460772752761841,0.9984041197033648,-0.0015958802541717887,0.0015958802541717887,-0.15958802541717887
Pythia_minus,297,isr_muRfac_1.0_fsr_muRfac_2.0,shower,3,0.42,0.63,0.6394927501678467,0.6315554976463318,0.9875882056216718,-0.012411794625222683,0.012411794625222683,-1.2411794625222683
Pythia_minus,297,isr_muRfac_1.0_fsr_muRfac_2.0,shower,4,0.63,0.84,0.6380901336669922,0.6350473761558533,0.9952314612770257,-0.0047685387544333935,0.0047685387544333935,-0.47685387544333935
Pythia_minus,297,isr_muRfac_1.0_fsr_muRfac_2.0,shower,5,0.84,1.05,0.6463085412979126,0.6497581601142883,1.0053374179605428,0.005337418057024479,0.005337418057024479,0.5337418057024479
Pythia_minus,297,isr_muRfac_1.0_fsr_muRfac_2.0,shower,6,1.05,1.37,0.6265755295753479,0.6240478157997131,0.995965827491942,-0.004034172277897596,0.004034172277897596,-0.40341722778975964
Pythia_minus,297,isr_muRfac_1.0_fsr_muRfac_2.0,shower,7,1.37,1.52,0.6408894062042236,0.6486616730690002,1.012127313682417,0.012127313762903214,0.012127313762903214,1.2127313762903214
Pythia_minus,297,isr_muRfac_1.0_fsr_muRfac_2.0,shower,8,1.52,1.74,0.6314683556556702,0.6312735080718994,0.9996914372952728,-0.00030856271041557193,0.00030856271041557193,-0.030856271041557193
Pythia_minus,297,isr_muRfac_1.0_fsr_muRfac_2.0,shower,9,1.74,1.95,0.5918737053871155,0.5929027199745178,1.0017385712155085,0.0017385712126269937,0.0017385712126269937,0.17385712126269937
Pythia_minus,297,isr_muRfac_1.0_fsr_muRfac_2.0,shower,10,1.95,2.18,0.6574898362159729,0.6647887825965881,1.0111012307393565,0.01110123097896576,0.01110123097896576,1.110123097896576
Pythia_minus,297,isr_muRfac_1.0_fsr_muRfac_2.0,shower,11,2.18,2.5,0.6256763339042664,0.6230214834213257,0.9957568309058867,-0.004243168979883194,0.004243168979883194,-0.4243168979883194
Pythia_minus,298,isr_muRfac_1.0_fsr_muRfac_0.5,shower,1,0.0,0.21,0.660984456539154,0.6723722815513611,1.0172285821543103,0.017228582873940468,0.017228582873940468,1.7228582873940468
Pythia_minus,298,isr_muRfac_1.0_fsr_muRfac_0.5,shower,2,0.21,0.42,0.6471099853515625,0.652565062046051,1.0084299065351694,0.008429906331002712,0.008429906331002712,0.8429906331002712
Pythia_minus,298,isr_muRfac_1.0_fsr_muRfac_0.5,shower,3,0.42,0.63,0.6394927501678467,0.6377723217010498,0.9973096982470164,-0.0026903017424046993,0.0026903017424046993,-0.26903017424046993
Pythia_minus,298,isr_muRfac_1.0_fsr_muRfac_0.5,shower,4,0.63,0.84,0.6380901336669922,0.6394926905632019,1.0021980545101825,0.0021980544552206993,0.0021980544552206993,0.21980544552206993
Pythia_minus,298,isr_muRfac_1.0_fsr_muRfac_0.5,shower,5,0.84,1.05,0.6463085412979126,0.6402905583381653,0.9906886841574737,-0.009311315603554249,0.009311315603554249,-0.9311315603554249
Pythia_minus,298,isr_muRfac_1.0_fsr_muRfac_0.5,shower,6,1.05,1.37,0.6265755295753479,0.6249207854270935,0.9973590667522942,-0.0026409332640469074,0.0026409332640469074,-0.26409332640469074
Pythia_minus,298,isr_muRfac_1.0_fsr_muRfac_0.5,shower,7,1.37,1.52,0.6408894062042236,0.6246222257614136,0.9746178041244975,-0.02538219653069973,0.02538219653069973,-2.538219653069973
Pythia_minus,298,isr_muRfac_1.0_fsr_muRfac_0.5,shower,8,1.52,1.74,0.6314683556556702,0.6340783834457397,1.00413326775078,0.004133267793804407,0.004133267793804407,0.4133267793804407
Pythia_minus,298,isr_muRfac_1.0_fsr_muRfac_0.5,shower,9,1.74,1.95,0.5918737053871155,0.604057252407074,1.020584707360821,0.0205847080796957,0.0205847080796957,2.05847080796957
Pythia_minus,298,isr_muRfac_1.0_fsr_muRfac_0.5,shower,10,1.95,2.18,0.6574898362159729,0.6462085843086243,0.9828419371890595,-0.017158063128590584,0.017158063128590584,-1.7158063128590584
Pythia_minus,298,isr_muRfac_1.0_fsr_muRfac_0.5,shower,11,2.18,2.5,0.6256763339042664,0.6329366564750671,1.011603959071771,0.011603958904743195,0.011603958904743195,1.1603958904743195
Pythia_minus,299,isr_muRfac_0.5_fsr_muRfac_2.0,shower,1,0.0,0.21,0.660984456539154,0.649305522441864,0.9823310004013714,-0.01766899973154068,0.01766899973154068,-1.766899973154068
Pythia_minus,299,isr_muRfac_0.5_fsr_muRfac_2.0,shower,2,0.21,0.42,0.6471099853515625,0.6424674391746521,0.9928257231660732,-0.007174276746809483,0.007174276746809483,-0.7174276746809483
Pythia_minus,299,isr_muRfac_0.5_fsr_muRfac_2.0,shower,3,0.42,0.63,0.6394927501678467,0.6303175091743469,0.985652314289581,-0.014347685500979424,0.014347685500979424,-1.4347685500979424
Pythia_minus,299,isr_muRfac_0.5_fsr_muRfac_2.0,shower,4,0.63,0.84,0.6380901336669922,0.6334895491600037,0.9927900710820433,-0.007209928706288338,0.007209928706288338,-0.7209928706288338
Pythia_minus,299,isr_muRfac_0.5_fsr_muRfac_2.0,shower,5,0.84,1.05,0.6463085412979126,0.6496443748474121,1.005161363863149,0.005161363631486893,0.005161363631486893,0.5161363631486893
Pythia_minus,299,isr_muRfac_0.5_fsr_muRfac_2.0,shower,6,1.05,1.37,0.6265755295753479,0.6267424821853638,1.00026645248998,0.00026645249454304576,0.00026645249454304576,0.026645249454304576
Pythia_minus,299,isr_muRfac_0.5_fsr_muRfac_2.0,shower,7,1.37,1.52,0.6408894062042236,0.6465387344360352,1.0088148254240472,0.008814825676381588,0.008814825676381588,0.8814825676381588
Pythia_minus,299,isr_muRfac_0.5_fsr_muRfac_2.0,shower,8,1.52,1.74,0.6314683556556702,0.632835328578949,1.0021647528510902,0.00216475292108953,0.00216475292108953,0.216475292108953
Pythia_minus,299,isr_muRfac_0.5_fsr_muRfac_2.0,shower,9,1.74,1.95,0.5918737053871155,0.5940264463424683,1.0036371626848075,0.003637162735685706,0.003637162735685706,0.3637162735685706
Pythia_minus,299,isr_muRfac_0.5_fsr_muRfac_2.0,shower,10,1.95,2.18,0.6574898362159729,0.6692315340042114,1.017858371554175,0.017858371138572693,0.017858371138572693,1.7858371138572693
Pythia_minus,299,isr_muRfac_0.5_fsr_muRfac_2.0,shower,11,2.18,2.5,0.6256763339042664,0.6246077418327332,0.9982921008616945,-0.0017078991513699293,0.0017078991513699293,-0.17078991513699293
Pythia_minus,300,isr_muRfac_0.5_fsr_muRfac_1.0,shower,1,0.0,0.21,0.660984456539154,0.6579840779304504,0.9954607425650925,-0.0045392573811113834,0.0045392573811113834,-0.45392573811113834
Pythia_minus,300,isr_muRfac_0.5_fsr_muRfac_1.0,shower,2,0.21,0.42,0.6471099853515625,0.6419258117675781,0.9919887288075644,-0.008011271245777607,0.008011271245777607,-0.8011271245777607
Pythia_minus,300,isr_muRfac_0.5_fsr_muRfac_1.0,shower,3,0.42,0.63,0.6394927501678467,0.6383216977119446,0.9981687791525475,-0.001831220812164247,0.001831220812164247,-0.1831220812164247
Pythia_minus,300,isr_muRfac_0.5_fsr_muRfac_1.0,shower,4,0.63,0.84,0.6380901336669922,0.6382022500038147,1.0001757061125176,0.00017570611089468002,0.00017570611089468002,0.017570611089468002
Pythia_minus,300,isr_muRfac_0.5_fsr_muRfac_1.0,shower,5,0.84,1.05,0.6463085412979126,0.6462838053703308,0.9999617273701318,-3.827262844424695e-05,3.827262844424695e-05,-0.0038272628444246948
Pythia_minus,300,isr_muRfac_0.5_fsr_muRfac_1.0,shower,6,1.05,1.37,0.6265755295753479,0.6300051808357239,1.0054736437963039,0.005473644006997347,0.005473644006997347,0.5473644006997347
Pythia_minus,300,isr_muRfac_0.5_fsr_muRfac_1.0,shower,7,1.37,1.52,0.6408894062042236,0.6402568817138672,0.9990130520426251,-0.0009869479108601809,0.0009869479108601809,-0.09869479108601809
Pythia_minus,300,isr_muRfac_0.5_fsr_muRfac_1.0,shower,8,1.52,1.74,0.6314683556556702,0.6322680711746216,1.0012664379961227,0.0012664380483329296,0.0012664380483329296,0.12664380483329296
Pythia_minus,300,isr_muRfac_0.5_fsr_muRfac_1.0,shower,9,1.74,1.95,0.5918737053871155,0.5905910730361938,0.997832928985952,-0.002167070982977748,0.002167070982977748,-0.2167070982977748
Pythia_minus,300,isr_muRfac_0.5_fsr_muRfac_1.0,shower,10,1.95,2.18,0.6574898362159729,0.6608261466026306,1.0050743147694252,0.005074314773082733,0.005074314773082733,0.5074314773082733
Pythia_minus,300,isr_muRfac_0.5_fsr_muRfac_1.0,shower,11,2.18,2.5,0.6256763339042664,0.6266053318977356,1.001484790047391,0.0014847900019958615,0.0014847900019958615,0.14847900019958615
Pythia_minus,301,isr_muRfac_0.5_fsr_muRfac_0.5,shower,1,0.0,0.21,0.660984456539154,0.6695616245269775,1.0129763535329297,0.012976353988051414,0.012976353988051414,1.2976353988051414
Pythia_minus,301,isr_muRfac_0.5_fsr_muRfac_0.5,shower,2,0.21,0.42,0.6471099853515625,0.6474213004112244,1.0004810852354453,0.0004810852406080812,0.0004810852406080812,0.04810852406080812
Pythia_minus,301,isr_muRfac_0.5_fsr_muRfac_0.5,shower,3,0.42,0.63,0.6394927501678467,0.6279717683792114,0.9819841870207108,-0.01801581308245659,0.01801581308245659,-1.8015813082456589
Pythia_minus,301,isr_muRfac_0.5_fsr_muRfac_0.5,shower,4,0.63,0.84,0.6380901336669922,0.6423395872116089,1.0066596446495668,0.006659644655883312,0.006659644655883312,0.6659644655883312
Pythia_minus,301,isr_muRfac_0.5_fsr_muRfac_0.5,shower,5,0.84,1.05,0.6463085412979126,0.6379204988479614,0.9870216128768678,-0.0129783870652318,0.0129783870652318,-1.29783870652318
Pythia_minus,301,isr_muRfac_0.5_fsr_muRfac_0.5,shower,6,1.05,1.37,0.6265755295753479,0.629507303237915,1.0046790427078347,0.004679042845964432,0.004679042845964432,0.4679042845964432
Pythia_minus,301,isr_muRfac_0.5_fsr_muRfac_0.5,shower,7,1.37,1.52,0.6408894062042236,0.6265407800674438,0.9776113850566481,-0.02238861471414566,0.02238861471414566,-2.238861471414566
Pythia_minus,301,isr_muRfac_0.5_fsr_muRfac_0.5,shower,8,1.52,1.74,0.6314683556556702,0.6321106553077698,1.0010171525561764,0.00101715256460011,0.00101715256460011,0.101715256460011
Pythia_minus,301,isr_muRfac_0.5_fsr_muRfac_0.5,shower,9,1.74,1.95,0.5918737053871155,0.6085200905799866,1.0281248939450411,0.028124893084168434,0.028124893084168434,2.8124893084168434
Pythia_minus,301,isr_muRfac_0.5_fsr_muRfac_0.5,shower,10,1.95,2.18,0.6574898362159729,0.6527699828147888,0.9928214047712919,-0.0071785952895879745,0.0071785952895879745,-0.7178595289587975
Pythia_minus,301,isr_muRfac_0.5_fsr_muRfac_0.5,shower,11,2.18,2.5,0.6256763339042664,0.6329237222671509,1.0115832867093761,0.011583286337554455,0.011583286337554455,1.1583286337554455
Pythia_minus,302,isr_muRfac_1.75_fsr_muRfac_1.0,shower,1,0.0,0.21,0.660984456539154,0.6629728078842163,1.0030081665694124,0.0030081665609031916,0.0030081665609031916,0.30081665609031916
Pythia_minus,302,isr_muRfac_1.75_fsr_muRfac_1.0,shower,2,0.21,0.42,0.6471099853515625,0.6490862965583801,1.0030540576587517,0.003054057713598013,0.003054057713598013,0.3054057713598013
Pythia_minus,302,isr_muRfac_1.75_fsr_muRfac_1.0,shower,3,0.42,0.63,0.6394927501678467,0.6400359869003296,1.0008494806740817,0.0008494806825183332,0.0008494806825183332,0.08494806825183332
Pythia_minus,302,isr_muRfac_1.75_fsr_muRfac_1.0,shower,4,0.63,0.84,0.6380901336669922,0.6373386383056641,0.998822273967771,-0.0011777260806411505,0.0011777260806411505,-0.11777260806411505
Pythia_minus,302,isr_muRfac_1.75_fsr_muRfac_1.0,shower,5,0.84,1.05,0.6463085412979126,0.6464314460754395,1.0001901642476827,0.00019016425358131528,0.00019016425358131528,0.019016425358131528
Pythia_minus,302,isr_muRfac_1.75_fsr_muRfac_1.0,shower,6,1.05,1.37,0.6265755295753479,0.6240418553352356,0.9959563147290009,-0.004043685272336006,0.004043685272336006,-0.4043685272336006
Pythia_minus,302,isr_muRfac_1.75_fsr_muRfac_1.0,shower,7,1.37,1.52,0.6408894062042236,0.641746461391449,1.00133729030146,0.0013372902758419514,0.0013372902758419514,0.13372902758419514
Pythia_minus,302,isr_muRfac_1.75_fsr_muRfac_1.0,shower,8,1.52,1.74,0.6314683556556702,0.6316598057746887,1.0003031824434334,0.00030318243079818785,0.00030318243079818785,0.030318243079818785
Pythia_minus,302,isr_muRfac_1.75_fsr_muRfac_1.0,shower,9,1.74,1.95,0.5918737053871155,0.5927798748016357,1.0015310181991064,0.0015310181770473719,0.0015310181770473719,0.1531018177047372
Pythia_minus,302,isr_muRfac_1.75_fsr_muRfac_1.0,shower,10,1.95,2.18,0.6574898362159729,0.6556392312049866,0.9971853481087448,-0.002814651932567358,0.002814651932567358,-0.2814651932567358
Pythia_minus,302,isr_muRfac_1.75_fsr_muRfac_1.0,shower,11,2.18,2.5,0.6256763339042664,0.6249940991401672,0.9989096043319364,-0.0010903956135734916,0.0010903956135734916,-0.10903956135734916
Pythia_minus,303,isr_muRfac_1.5_fsr_muRfac_1.0,shower,1,0.0,0.21,0.660984456539154,0.6624436974525452,1.0022076781064286,0.0022076780442148447,0.0022076780442148447,0.22076780442148447
Pythia_minus,303,isr_muRfac_1.5_fsr_muRfac_1.0,shower,2,0.21,0.42,0.6471099853515625,0.6486521363258362,1.002383135802542,0.002383135724812746,0.002383135724812746,0.2383135724812746
Pythia_minus,303,isr_muRfac_1.5_fsr_muRfac_1.0,shower,3,0.42,0.63,0.6394927501678467,0.6398888826370239,1.0006194479438169,0.0006194479647092521,0.0006194479647092521,0.06194479647092521
Pythia_minus,303,isr_muRfac_1.5_fsr_muRfac_1.0,shower,4,0.63,0.84,0.6380901336669922,0.6375750303268433,0.99919274203914,-0.0008072579512372613,0.0008072579512372613,-0.08072579512372613
Pythia_minus,303,isr_muRfac_1.5_fsr_muRfac_1.0,shower,5,0.84,1.05,0.6463085412979126,0.6463725566864014,1.000099047721635,9.904772014124319e-05,9.904772014124319e-05,0.009904772014124319
Pythia_minus,303,isr_muRfac_1.5_fsr_muRfac_1.0,shower,6,1.05,1.37,0.6265755295753479,0.6247093677520752,0.9970216490507737,-0.002978350967168808,0.002978350967168808,-0.2978350967168808
Pythia_minus,303,isr_muRfac_1.5_fsr_muRfac_1.0,shower,7,1.37,1.52,0.6408894062042236,0.6414772868156433,1.000917288701808,0.0009172887075692415,0.0009172887075692415,0.09172887075692415
Pythia_minus,303,isr_muRfac_1.5_fsr_muRfac_1.0,shower,8,1.52,1.74,0.6314683556556702,0.6315470933914185,1.0001246899152476,0.00012468991917558014,0.00012468991917558014,0.012468991917558014
Pythia_minus,303,isr_muRfac_1.5_fsr_muRfac_1.0,shower,9,1.74,1.95,0.5918737053871155,0.5925492644309998,1.0011413905327022,0.0011413905303925276,0.0011413905303925276,0.11413905303925276
Pythia_minus,303,isr_muRfac_1.5_fsr_muRfac_1.0,shower,10,1.95,2.18,0.6574898362159729,0.6561107635498047,0.9979025186547291,-0.002097481396049261,0.002097481396049261,-0.2097481396049261
Pythia_minus,303,isr_muRfac_1.5_fsr_muRfac_1.0,shower,11,2.18,2.5,0.6256763339042664,0.6251633167266846,0.9991800598012386,-0.0008199401781894267,0.0008199401781894267,-0.08199401781894267
Pythia_minus,304,isr_muRfac_1.25_fsr_muRfac_1.0,shower,1,0.0,0.21,0.660984456539154,0.6617976427078247,1.0012302651909977,0.0012302652467042208,0.0012302652467042208,0.12302652467042208
Pythia_minus,304,isr_muRfac_1.25_fsr_muRfac_1.0,shower,2,0.21,0.42,0.6471099853515625,0.64803546667099,1.0014301762302813,0.0014301761984825134,0.0014301761984825134,0.14301761984825134
Pythia_minus,304,isr_muRfac_1.25_fsr_muRfac_1.0,shower,3,0.42,0.63,0.6394927501678467,0.639728307723999,1.0003683506280416,0.0003683506220113486,0.0003683506220113486,0.03683506220113486
Pythia_minus,304,isr_muRfac_1.25_fsr_muRfac_1.0,shower,4,0.63,0.84,0.6380901336669922,0.6378287076950073,0.9995902993038264,-0.0004097007040400058,0.0004097007040400058,-0.04097007040400058
Pythia_minus,304,isr_muRfac_1.25_fsr_muRfac_1.0,shower,5,0.84,1.05,0.6463085412979126,0.6463168263435364,1.0000128190254258,1.2819025869248435e-05,1.2819025869248435e-05,0.0012819025869248435
Pythia_minus,304,isr_muRfac_1.25_fsr_muRfac_1.0,shower,6,1.05,1.37,0.6265755295753479,0.6255235075950623,0.9983209973408974,-0.0016790026566013694,0.0016790026566013694,-0.16790026566013694
Pythia_minus,304,isr_muRfac_1.25_fsr_muRfac_1.0,shower,7,1.37,1.52,0.6408894062042236,0.6411747932434082,1.0004452984187628,0.0004452984139788896,0.0004452984139788896,0.04452984139788896
Pythia_minus,304,isr_muRfac_1.25_fsr_muRfac_1.0,shower,8,1.52,1.74,0.6314683556556702,0.6314598321914673,0.999986502151491,-1.34978481582948e-05,1.34978481582948e-05,-0.00134978481582948
Pythia_minus,304,isr_muRfac_1.25_fsr_muRfac_1.0,shower,9,1.74,1.95,0.5918737053871155,0.5922656655311584,1.00066223611638,0.0006622361252084374,0.0006622361252084374,0.06622361252084374
Pythia_minus,304,isr_muRfac_1.25_fsr_muRfac_1.0,shower,10,1.95,2.18,0.6574898362159729,0.656696617603302,0.9987935652097132,-0.0012064347974956036,0.0012064347974956036,-0.12064347974956036
Pythia_minus,304,isr_muRfac_1.25_fsr_muRfac_1.0,shower,11,2.18,2.5,0.6256763339042664,0.6253668665885925,0.9995053875320123,-0.0004946124390698969,0.0004946124390698969,-0.049461243906989694
Pythia_minus,305,isr_muRfac_0.625_fsr_muRfac_1.0,shower,1,0.0,0.21,0.660984456539154,0.6590231657028198,0.9970327731356902,-0.0029672267846763134,0.0029672267846763134,-0.29672267846763134
Pythia_minus,305,isr_muRfac_0.625_fsr_muRfac_1.0,shower,2,0.21,0.42,0.6471099853515625,0.6440480351448059,0.9952682692647787,-0.004731730557978153,0.004731730557978153,-0.4731730557978153
Pythia_minus,305,isr_muRfac_0.625_fsr_muRfac_1.0,shower,3,0.42,0.63,0.6394927501678467,0.6388208270072937,0.9989492872900019,-0.001050712657161057,0.001050712657161057,-0.1050712657161057
Pythia_minus,305,isr_muRfac_0.625_fsr_muRfac_1.0,shower,4,0.63,0.84,0.6380901336669922,0.6383218765258789,1.0003631820124768,0.00036318201455287635,0.00036318201455287635,0.036318201455287635
Pythia_minus,305,isr_muRfac_0.625_fsr_muRfac_1.0,shower,5,0.84,1.05,0.6463085412979126,0.6462497711181641,0.9999090679203612,-9.093208063859493e-05,9.093208063859493e-05,-0.009093208063859493
Pythia_minus,305,isr_muRfac_0.625_fsr_muRfac_1.0,shower,6,1.05,1.37,0.6265755295753479,0.6288691163063049,1.0036605111797319,0.00366051122546196,0.00366051122546196,0.366051122546196
Pythia_minus,305,isr_muRfac_0.625_fsr_muRfac_1.0,shower,7,1.37,1.52,0.6408894062042236,0.6404322385787964,0.9992866669022743,-0.0007133330800570548,0.0007133330800570548,-0.07133330800570548
Pythia_minus,305,isr_muRfac_0.625_fsr_muRfac_1.0,shower,8,1.52,1.74,0.6314683556556702,0.631881594657898,1.000654409676315,0.0006544096977449954,0.0006544096977449954,0.06544096977449954
Pythia_minus,305,isr_muRfac_0.625_fsr_muRfac_1.0,shower,9,1.74,1.95,0.5918737053871155,0.590967059135437,0.9984681761608493,-0.001531823887489736,0.001531823887489736,-0.1531823887489736
Pythia_minus,305,isr_muRfac_0.625_fsr_muRfac_1.0,shower,10,1.95,2.18,0.6574898362159729,0.6595085859298706,1.0030703892329593,0.0030703891534358263,0.0030703891534358263,0.30703891534358263
Pythia_minus,305,isr_muRfac_0.625_fsr_muRfac_1.0,shower,11,2.18,2.5,0.6256763339042664,0.6263067126274109,1.001007515689799,0.0010075157042592764,0.0010075157042592764,0.10075157042592764
Pythia_minus,306,isr_muRfac_0.75_fsr_muRfac_1.0,shower,1,0.0,0.21,0.660984456539154,0.6598271727561951,0.9982491512901553,-0.0017508487217128277,0.0017508487217128277,-0.17508487217128277
Pythia_minus,306,isr_muRfac_0.75_fsr_muRfac_1.0,shower,2,0.21,0.42,0.6471099853515625,0.6454323530197144,0.997407500471598,-0.002592499600723386,0.002592499600723386,-0.2592499600723386
Pythia_minus,306,isr_muRfac_0.75_fsr_muRfac_1.0,shower,3,0.42,0.63,0.6394927501678467,0.639120876789093,0.9994184869513282,-0.0005815130425617099,0.0005815130425617099,-0.05815130425617099
Pythia_minus,306,isr_muRfac_0.75_fsr_muRfac_1.0,shower,4,0.63,0.84,0.6380901336669922,0.6382779479026794,1.0002943380970457,0.0002943380968645215,0.0002943380968645215,0.02943380968645215
Pythia_minus,306,isr_muRfac_0.75_fsr_muRfac_1.0,shower,5,0.84,1.05,0.6463085412979126,0.6462532877922058,0.9999145090894268,-8.549090853193775e-05,8.549090853193775e-05,-0.008549090853193775
Pythia_minus,306,isr_muRfac_0.75_fsr_muRfac_1.0,shower,6,1.05,1.37,0.6265755295753479,0.6279547810554504,1.0022012533445686,0.00220125331543386,0.00220125331543386,0.22012533154338598
Pythia_minus,306,isr_muRfac_0.75_fsr_muRfac_1.0,shower,7,1.37,1.52,0.6408894062042236,0.6405743360519409,0.9995083860815414,-0.0004916139296256006,0.0004916139296256006,-0.04916139296256006
Pythia_minus,306,isr_muRfac_0.75_fsr_muRfac_1.0,shower,8,1.52,1.74,0.6314683556556702,0.6316478848457336,1.0002843043336305,0.00028430434758774936,0.00028430434758774936,0.028430434758774936
Pythia_minus,306,isr_muRfac_0.75_fsr_muRfac_1.0,shower,9,1.74,1.95,0.5918737053871155,0.5912901163101196,0.999013997290834,-0.000986002734862268,0.000986002734862268,-0.0986002734862268
Pythia_minus,306,isr_muRfac_0.75_fsr_muRfac_1.0,shower,10,1.95,2.18,0.6574898362159729,0.6586540341377258,1.0017706705984282,0.001770670642144978,0.001770670642144978,0.1770670642144978
Pythia_minus,306,isr_muRfac_0.75_fsr_muRfac_1.0,shower,11,2.18,2.5,0.6256763339042664,0.626070499420166,1.000629983099153,0.0006299830856733024,0.0006299830856733024,0.06299830856733024
Pythia_minus,307,isr_muRfac_0.875_fsr_muRfac_1.0,shower,1,0.0,0.21,0.660984456539154,0.6604539752006531,0.9991974374990926,-0.0008025625138543546,0.0008025625138543546,-0.08025625138543546
Pythia_minus,307,isr_muRfac_0.875_fsr_muRfac_1.0,shower,2,0.21,0.42,0.6471099853515625,0.6463962197303772,0.9988969948890566,-0.001103005139157176,0.001103005139157176,-0.1103005139157176
Pythia_minus,307,isr_muRfac_0.875_fsr_muRfac_1.0,shower,3,0.42,0.63,0.6394927501678467,0.6393157839775085,0.9997232709983159,-0.0002767289988696575,0.0002767289988696575,-0.02767289988696575
Pythia_minus,307,isr_muRfac_0.875_fsr_muRfac_1.0,shower,4,0.63,0.84,0.6380901336669922,0.6381936073303223,1.000162161515859,0.0001621615228941664,0.0001621615228941664,0.01621615228941664
Pythia_minus,307,isr_muRfac_0.875_fsr_muRfac_1.0,shower,5,0.84,1.05,0.6463085412979126,0.6462757587432861,0.999949277237524,-5.072276326245628e-05,5.072276326245628e-05,-0.005072276326245628
Pythia_minus,307,isr_muRfac_0.875_fsr_muRfac_1.0,shower,6,1.05,1.37,0.6265755295753479,0.6271989941596985,1.000995035003638,0.0009950350504368544,0.0009950350504368544,0.09950350504368544
Pythia_minus,307,isr_muRfac_0.875_fsr_muRfac_1.0,shower,7,1.37,1.52,0.6408894062042236,0.6407458782196045,0.9997760487484585,-0.00022395125415641814,0.00022395125415641814,-0.022395125415641814
Pythia_minus,307,isr_muRfac_0.875_fsr_muRfac_1.0,shower,8,1.52,1.74,0.6314683556556702,0.631519615650177,1.0000811758721522,8.117587276501581e-05,8.117587276501581e-05,0.008117587276501581
Pythia_minus,307,isr_muRfac_0.875_fsr_muRfac_1.0,shower,9,1.74,1.95,0.5918737053871155,0.5915834307670593,0.999509566623058,-0.0004904333618469536,0.0004904333618469536,-0.04904333618469536
Pythia_minus,307,isr_muRfac_0.875_fsr_muRfac_1.0,shower,10,1.95,2.18,0.6574898362159729,0.6579945683479309,1.00076766529938,0.0007676652749069035,0.0007676652749069035,0.07676652749069035
Pythia_minus,307,isr_muRfac_0.875_fsr_muRfac_1.0,shower,11,2.18,2.5,0.6256763339042664,0.6258657574653625,1.0003027500815225,0.00030275009339675307,0.00030275009339675307,0.030275009339675307
Pythia_minus,308,isr_muRfac_1.0_fsr_muRfac_1.75,shower,1,0.0,0.21,0.660984456539154,0.6556186676025391,0.9918821253911027,-0.008117874152958393,0.008117874152958393,-0.8117874152958393
Pythia_minus,308,isr_muRfac_1.0_fsr_muRfac_1.75,shower,2,0.21,0.42,0.6471099853515625,0.6462365984916687,0.998650327023745,-0.001349673024378717,0.001349673024378717,-0.1349673024378717
Pythia_minus,308,isr_muRfac_1.0_fsr_muRfac_1.75,shower,3,0.42,0.63,0.6394927501678467,0.6328623294830322,0.9896317500345795,-0.01036825031042099,0.01036825031042099,-1.036825031042099
Pythia_minus,308,isr_muRfac_1.0_fsr_muRfac_1.75,shower,4,0.63,0.84,0.6380901336669922,0.6354774832725525,0.995905515135573,-0.004094484727829695,0.004094484727829695,-0.4094484727829695
Pythia_minus,308,isr_muRfac_1.0_fsr_muRfac_1.75,shower,5,0.84,1.05,0.6463085412979126,0.6494244337081909,1.0048210602385372,0.004821060225367546,0.004821060225367546,0.4821060225367546
Pythia_minus,308,isr_muRfac_1.0_fsr_muRfac_1.75,shower,6,1.05,1.37,0.6265755295753479,0.6246752142906189,0.9969671409191212,-0.003032859181985259,0.003032859181985259,-0.3032859181985259
Pythia_minus,308,isr_muRfac_1.0_fsr_muRfac_1.75,shower,7,1.37,1.52,0.6408894062042236,0.6475871801376343,1.010450748395233,0.010450748726725578,0.010450748726725578,1.0450748726725578
Pythia_minus,308,isr_muRfac_1.0_fsr_muRfac_1.75,shower,8,1.52,1.74,0.6314683556556702,0.6314374804496765,0.9999511056956106,-4.889430420007557e-05,4.889430420007557e-05,-0.004889430420007557
Pythia_minus,308,isr_muRfac_1.0_fsr_muRfac_1.75,shower,9,1.74,1.95,0.5918737053871155,0.5923264026641846,1.0007648545170174,0.000764854543376714,0.000764854543376714,0.0764854543376714
Pythia_minus,308,isr_muRfac_1.0_fsr_muRfac_1.75,shower,10,1.95,2.18,0.6574898362159729,0.6634858846664429,1.00911960629685,0.009119606576859951,0.009119606576859951,0.9119606576859951
Pythia_minus,308,isr_muRfac_1.0_fsr_muRfac_1.75,shower,11,2.18,2.5,0.6256763339042664,0.6235257983207703,0.9965628625105946,-0.0034371374640613794,0.0034371374640613794,-0.34371374640613794
Pythia_minus,309,isr_muRfac_1.0_fsr_muRfac_1.5,shower,1,0.0,0.21,0.660984456539154,0.6570513248443604,0.994049585196924,-0.005950414575636387,0.005950414575636387,-0.5950414575636387
Pythia_minus,309,isr_muRfac_1.0_fsr_muRfac_1.5,shower,2,0.21,0.42,0.6471099853515625,0.6464694738388062,0.9990101968332193,-0.0009898031130433083,0.0009898031130433083,-0.09898031130433083
Pythia_minus,309,isr_muRfac_1.0_fsr_muRfac_1.5,shower,3,0.42,0.63,0.6394927501678467,0.6344966292381287,0.9921873689288788,-0.00781263131648302,0.00781263131648302,-0.7812631316483021
Pythia_minus,309,isr_muRfac_1.0_fsr_muRfac_1.5,shower,4,0.63,0.84,0.6380901336669922,0.6361009478569031,0.9968825943152301,-0.003117405576631427,0.003117405576631427,-0.3117405576631427
Pythia_minus,309,isr_muRfac_1.0_fsr_muRfac_1.5,shower,5,0.84,1.05,0.6463085412979126,0.6488884687423706,1.0039917891836567,0.003991789184510708,0.003991789184510708,0.3991789184510708
Pythia_minus,309,isr_muRfac_1.0_fsr_muRfac_1.5,shower,6,1.05,1.37,0.6265755295753479,0.6252963542938232,0.9979584659452124,-0.0020415340550243855,0.0020415340550243855,-0.20415340550243855
Pythia_minus,309,isr_muRfac_1.0_fsr_muRfac_1.5,shower,7,1.37,1.52,0.6408894062042236,0.6461682319641113,1.0082367187049517,0.008236718364059925,0.008236718364059925,0.8236718364059925
Pythia_minus,309,isr_muRfac_1.0_fsr_muRfac_1.5,shower,8,1.52,1.74,0.6314683556556702,0.6315529346466064,1.000133940189051,0.00013394019333645701,0.00013394019333645701,0.013394019333645701
Pythia_minus,309,isr_muRfac_1.0_fsr_muRfac_1.5,shower,9,1.74,1.95,0.5918737053871155,0.5918222069740295,0.9999129908752201,-8.700912439962849e-05,8.700912439962849e-05,-0.008700912439962849
Pythia_minus,309,isr_muRfac_1.0_fsr_muRfac_1.5,shower,10,1.95,2.18,0.6574898362159729,0.6619114279747009,1.0067249583418285,0.006724958308041096,0.006724958308041096,0.6724958308041096
Pythia_minus,309,isr_muRfac_1.0_fsr_muRfac_1.5,shower,11,2.18,2.5,0.6256763339042664,0.62406986951828,0.9974324354319719,-0.0025675646029412746,0.0025675646029412746,-0.25675646029412746
Pythia_minus,310,isr_muRfac_1.0_fsr_muRfac_1.25,shower,1,0.0,0.21,0.660984456539154,0.6588179469108582,0.9967222986760694,-0.003277701325714588,0.003277701325714588,-0.3277701325714588
Pythia_minus,310,isr_muRfac_1.0_fsr_muRfac_1.25,shower,2,0.21,0.42,0.6471099853515625,0.6467463374137878,0.9994380430745832,-0.0005619568983092904,0.0005619568983092904,-0.05619568983092904
Pythia_minus,310,isr_muRfac_1.0_fsr_muRfac_1.25,shower,3,0.42,0.63,0.6394927501678467,0.6366706490516663,0.9955869693355559,-0.0044130305759608746,0.0044130305759608746,-0.44130305759608746
Pythia_minus,310,isr_muRfac_1.0_fsr_muRfac_1.25,shower,4,0.63,0.84,0.6380901336669922,0.6369225382804871,0.9981701716969119,-0.0018298282520845532,0.0018298282520845532,-0.18298282520845532
Pythia_minus,310,isr_muRfac_1.0_fsr_muRfac_1.25,shower,5,0.84,1.05,0.6463085412979126,0.6479278802871704,1.0025055200199056,0.002505520125851035,0.002505520125851035,0.2505520125851035
Pythia_minus,310,isr_muRfac_1.0_fsr_muRfac_1.25,shower,6,1.05,1.37,0.6265755295753479,0.6259099245071411,0.9989377097623683,-0.0010622902773320675,0.0010622902773320675,-0.10622902773320675
Pythia_minus,310,isr_muRfac_1.0_fsr_muRfac_1.25,shower,7,1.37,1.52,0.6408894062042236,0.6440628170967102,1.0049515733319445,0.004951573442667723,0.004951573442667723,0.49515734426677227
Pythia_minus,310,isr_muRfac_1.0_fsr_muRfac_1.25,shower,8,1.52,1.74,0.6314683556556702,0.6315370798110962,1.0001088323030134,0.00010883230424951762,0.00010883230424951762,0.010883230424951762
Pythia_minus,310,isr_muRfac_1.0_fsr_muRfac_1.25,shower,9,1.74,1.95,0.5918737053871155,0.5915456414222717,0.9994457196495506,-0.0005542803555727005,0.0005542803555727005,-0.05542803555727005
Pythia_minus,310,isr_muRfac_1.0_fsr_muRfac_1.25,shower,10,1.95,2.18,0.6574898362159729,0.6600388884544373,1.0038769454644878,0.0038769454695284367,0.0038769454695284367,0.38769454695284367
Pythia_minus,310,isr_muRfac_1.0_fsr_muRfac_1.25,shower,11,2.18,2.5,0.6256763339042664,0.6247557401657104,0.9985286422249483,-0.0014713577693328261,0.0014713577693328261,-0.1471357769332826
Pythia_minus,311,isr_muRfac_1.0_fsr_muRfac_0.625,shower,1,0.0,0.21,0.660984456539154,0.666270911693573,1.0079978509360088,0.007997850887477398,0.007997850887477398,0.7997850887477398
Pythia_minus,311,isr_muRfac_1.0_fsr_muRfac_0.625,shower,2,0.21,0.42,0.6471099853515625,0.6495635509490967,1.0037915743120565,0.003791574388742447,0.003791574388742447,0.3791574388742447
Pythia_minus,311,isr_muRfac_1.0_fsr_muRfac_0.625,shower,3,0.42,0.63,0.6394927501678467,0.6439559459686279,1.0069792750576294,0.006979275029152632,0.006979275029152632,0.6979275029152632
Pythia_minus,311,isr_muRfac_1.0_fsr_muRfac_0.625,shower,4,0.63,0.84,0.6380901336669922,0.6398187875747681,1.002709106153768,0.0027091060765087605,0.0027091060765087605,0.27091060765087605
Pythia_minus,311,isr_muRfac_1.0_fsr_muRfac_0.625,shower,5,0.84,1.05,0.6463085412979126,0.6418415904045105,0.99308851638502,-0.006911483593285084,0.006911483593285084,-0.6911483593285084
Pythia_minus,311,isr_muRfac_1.0_fsr_muRfac_0.625,shower,6,1.05,1.37,0.6265755295753479,0.6269069910049438,1.000529004747154,0.0005290047265589237,0.0005290047265589237,0.05290047265589237
Pythia_minus,311,isr_muRfac_1.0_fsr_muRfac_0.625,shower,7,1.37,1.52,0.6408894062042236,0.6296113133430481,0.9824024351908515,-0.017597565427422523,0.017597565427422523,-1.7597565427422523
Pythia_minus,311,isr_muRfac_1.0_fsr_muRfac_0.625,shower,8,1.52,1.74,0.6314683556556702,0.6319671273231506,1.0007898601141503,0.0007898600888438523,0.0007898600888438523,0.07898600888438523
Pythia_minus,311,isr_muRfac_1.0_fsr_muRfac_0.625,shower,9,1.74,1.95,0.5918737053871155,0.5976780652999878,1.009806754143734,0.009806754067540169,0.009806754067540169,0.9806754067540169
Pythia_minus,311,isr_muRfac_1.0_fsr_muRfac_0.625,shower,10,1.95,2.18,0.6574898362159729,0.6504480242729187,0.9892898542986129,-0.010710145346820354,0.010710145346820354,-1.0710145346820354
Pythia_minus,311,isr_muRfac_1.0_fsr_muRfac_0.625,shower,11,2.18,2.5,0.6256763339042664,0.6279670596122742,1.003661199223748,0.003661199240013957,0.003661199240013957,0.3661199240013957
Pythia_minus,312,isr_muRfac_1.0_fsr_muRfac_0.75,shower,1,0.0,0.21,0.660984456539154,0.6639576554298401,1.0044981373786812,0.0044981371611356735,0.0044981371611356735,0.44981371611356735
Pythia_minus,312,isr_muRfac_1.0_fsr_muRfac_0.75,shower,2,0.21,0.42,0.6471099853515625,0.6481061577796936,1.0015394174880332,0.0015394175425171852,0.0015394175425171852,0.15394175425171852
Pythia_minus,312,isr_muRfac_1.0_fsr_muRfac_0.75,shower,3,0.42,0.63,0.6394927501678467,0.6428649425506592,1.005273230043542,0.005273229908198118,0.005273229908198118,0.5273229908198118
Pythia_minus,312,isr_muRfac_1.0_fsr_muRfac_0.75,shower,4,0.63,0.84,0.6380901336669922,0.6395294070243835,1.0022555956932293,0.0022555957548320293,0.0022555957548320293,0.22555957548320293
Pythia_minus,312,isr_muRfac_1.0_fsr_muRfac_0.75,shower,5,0.84,1.05,0.6463085412979126,0.6436086893081665,0.9958226577288856,-0.004177342168986797,0.004177342168986797,-0.41773421689867973
Pythia_minus,312,isr_muRfac_1.0_fsr_muRfac_0.75,shower,6,1.05,1.37,0.6265755295753479,0.6270784735679626,1.0008026869369693,0.0008026869618333876,0.0008026869618333876,0.08026869618333876
Pythia_minus,312,isr_muRfac_1.0_fsr_muRfac_0.75,shower,7,1.37,1.52,0.6408894062042236,0.6350681781768799,0.990916953890967,-0.009083045646548271,0.009083045646548271,-0.9083045646548271
Pythia_minus,312,isr_muRfac_1.0_fsr_muRfac_0.75,shower,8,1.52,1.74,0.6314683556556702,0.6316085457801819,1.0002220065712812,0.00022200656530912966,0.00022200656530912966,0.022200656530912966
Pythia_minus,312,isr_muRfac_1.0_fsr_muRfac_0.75,shower,9,1.74,1.95,0.5918737053871155,0.5942425727844238,1.0040023190348675,0.004002319183200598,0.004002319183200598,0.4002319183200598
Pythia_minus,312,isr_muRfac_1.0_fsr_muRfac_0.75,shower,10,1.95,2.18,0.6574898362159729,0.6536012291908264,0.9940856773581073,-0.005914322566241026,0.005914322566241026,-0.5914322566241026
Pythia_minus,312,isr_muRfac_1.0_fsr_muRfac_0.75,shower,11,2.18,2.5,0.6256763339042664,0.6271104216575623,1.0022920600885559,0.002292060060426593,0.002292060060426593,0.22920600604265928
Pythia_minus,313,isr_muRfac_1.0_fsr_muRfac_0.875,shower,1,0.0,0.21,0.660984456539154,0.6623252034187317,1.002028409089372,0.002028409158810973,0.002028409158810973,0.20284091588109732
Pythia_minus,313,isr_muRfac_1.0_fsr_muRfac_0.875,shower,2,0.21,0.42,0.6471099853515625,0.6474398374557495,1.0005097311301847,0.0005097311222925782,0.0005097311222925782,0.05097311222925782
Pythia_minus,313,isr_muRfac_1.0_fsr_muRfac_0.875,shower,3,0.42,0.63,0.6394927501678467,0.6411391496658325,1.0025745397388066,0.0025745397433638573,0.0025745397433638573,0.2574539743363857
Pythia_minus,313,isr_muRfac_1.0_fsr_muRfac_0.875,shower,4,0.63,0.84,0.6380901336669922,0.6388312578201294,1.0011614725162385,0.0011614725226536393,0.0011614725226536393,0.11614725226536393
Pythia_minus,313,isr_muRfac_1.0_fsr_muRfac_0.875,shower,5,0.84,1.05,0.6463085412979126,0.6451017260551453,0.9981327567784516,-0.0018672432051971555,0.0018672432051971555,-0.18672432051971555
Pythia_minus,313,isr_muRfac_1.0_fsr_muRfac_0.875,shower,6,1.05,1.37,0.6265755295753479,0.6268837451934814,1.0004919049716838,0.0004919049679301679,0.0004919049679301679,0.04919049679301679
Pythia_minus,313,isr_muRfac_1.0_fsr_muRfac_0.875,shower,7,1.37,1.52,0.6408894062042236,0.638502836227417,0.9962761594220421,-0.0037238404620438814,0.0037238404620438814,-0.37238404620438814
Pythia_minus,313,isr_muRfac_1.0_fsr_muRfac_0.875,shower,8,1.52,1.74,0.6314683556556702,0.6314808130264282,1.000019727624744,1.9727624021470547e-05,1.9727624021470547e-05,0.0019727624021470547
Pythia_minus,313,isr_muRfac_1.0_fsr_muRfac_0.875,shower,9,1.74,1.95,0.5918737053871155,0.5926122069358826,1.0012477350185442,0.001247734995558858,0.001247734995558858,0.12477349955588579
Pythia_minus,313,isr_muRfac_1.0_fsr_muRfac_0.875,shower,10,1.95,2.18,0.6574898362159729,0.6557930111885071,0.9974192376307571,-0.0025807623751461506,0.0025807623751461506,-0.25807623751461506
Pythia_minus,313,isr_muRfac_1.0_fsr_muRfac_0.875,shower,11,2.18,2.5,0.6256763339042664,0.6263222694396973,1.0010323796832785,0.0010323796886950731,0.0010323796886950731,0.10323796886950731
Pythia_minus,314,hardHi,model,1,0.0,0.21,0.660984456539154,0.6620707511901855,1.0016434496156221,0.0016434496501460671,0.0016434496501460671,0.16434496501460671
Pythia_minus,314,hardHi,model,2,0.21,0.42,0.6471099853515625,0.6455507278442383,0.99759042891839,-0.0024095710832625628,0.0024095710832625628,-0.24095710832625628
Pythia_minus,314,hardHi,model,3,0.42,0.63,0.6394927501678467,0.6374185681343079,0.9967565198620401,-0.003243480110540986,0.003243480110540986,-0.3243480110540986
Pythia_minus,314,hardHi,model,4,0.63,0.84,0.6380901336669922,0.6405264735221863,1.003818175092589,0.003818175056949258,0.003818175056949258,0.3818175056949258
Pythia_minus,314,hardHi,model,5,0.84,1.05,0.6463085412979126,0.6443924307823181,0.99703530064488,-0.0029646994080394506,0.0029646994080394506,-0.29646994080394506
Pythia_minus,314,hardHi,model,6,1.05,1.37,0.6265755295753479,0.6264333724975586,0.9997731206038549,-0.00022687939053867012,0.00022687939053867012,-0.022687939053867012
Pythia_minus,314,hardHi,model,7,1.37,1.52,0.6408894062042236,0.6407601237297058,0.9997982764681921,-0.00020172353833913803,0.00020172353833913803,-0.020172353833913803
Pythia_minus,314,hardHi,model,8,1.52,1.74,0.6314683556556702,0.633387565612793,1.003039281287706,0.0030392813496291637,0.0030392813496291637,0.3039281349629164
Pythia_minus,314,hardHi,model,9,1.74,1.95,0.5918737053871155,0.5874888300895691,0.992591535563016,-0.007408464327454567,0.007408464327454567,-0.7408464327454567
Pythia_minus,314,hardHi,model,10,1.95,2.18,0.6574898362159729,0.6581202149391174,1.0009587657305434,0.000958765740506351,0.000958765740506351,0.0958765740506351
Pythia_minus,314,hardHi,model,11,2.18,2.5,0.6256763339042664,0.6263214349746704,1.0010310459824787,0.0010310460347682238,0.0010310460347682238,0.10310460347682238
Pythia_minus,315,hardLo,model,1,0.0,0.21,0.660984456539154,0.6604903340339661,0.9992524445918515,-0.0007475554011762142,0.0007475554011762142,-0.07475554011762142
Pythia_minus,315,hardLo,model,2,0.21,0.42,0.6471099853515625,0.6478275060653687,1.0011088079770802,0.0011088079772889614,0.0011088079772889614,0.11088079772889614
Pythia_minus,315,hardLo,model,3,0.42,0.63,0.6394927501678467,0.6417675018310547,1.0035571187673527,0.003557118820026517,0.003557118820026517,0.3557118820026517
Pythia_minus,315,hardLo,model,4,0.63,0.84,0.6380901336669922,0.6371266841888428,0.9984901044110921,-0.0015098955482244492,0.0015098955482244492,-0.15098955482244492
Pythia_minus,315,hardLo,model,5,0.84,1.05,0.6463085412979126,0.6483099460601807,1.003096670760762,0.0030966708436608315,0.0030966708436608315,0.30966708436608315
Pythia_minus,315,hardLo,model,6,1.05,1.37,0.6265755295753479,0.6265992522239685,1.0000378607965055,3.786079469136894e-05,3.786079469136894e-05,0.0037860794691368937
Pythia_minus,315,hardLo,model,7,1.37,1.52,0.6408894062042236,0.6421144604682922,1.0019114908940752,0.001911490922793746,0.001911490922793746,0.1911490922793746
Pythia_minus,315,hardLo,model,8,1.52,1.74,0.6314683556556702,0.6292946934700012,0.9965577654585526,-0.00344223459251225,0.00344223459251225,-0.344223459251225
Pythia_minus,315,hardLo,model,9,1.74,1.95,0.5918737053871155,0.5952033996582031,1.005625683724047,0.005625683814287186,0.005625683814287186,0.5625683814287186
Pythia_minus,315,hardLo,model,10,1.95,2.18,0.6574898362159729,0.6562224626541138,0.9980724058501753,-0.0019275941886007786,0.0019275941886007786,-0.19275941886007786
Pythia_minus,315,hardLo,model,11,2.18,2.5,0.6256763339042664,0.6249397397041321,0.998822723251273,-0.0011772767174988985,0.0011772767174988985,-0.11772767174988985
Pythia_minus,316,isr_PDF_plus,shower,1,0.0,0.21,0.660984456539154,0.6588578224182129,0.9967826261269803,-0.003217373974621296,0.003217373974621296,-0.3217373974621296
Pythia_minus,316,isr_PDF_plus,shower,2,0.21,0.42,0.6471099853515625,0.6460998058319092,0.9984389369001863,-0.0015610631089657545,0.0015610631089657545,-0.15610631089657545
Pythia_minus,316,isr_PDF_plus,shower,3,0.42,0.63,0.6394927501678467,0.6424816846847534,1.00467391462393,0.004673914518207312,0.004673914518207312,0.46739145182073116
Pythia_minus,316,isr_PDF_plus,shower,4,0.63,0.84,0.6380901336669922,0.6397117972373962,1.002541433388234,0.00254143332131207,0.00254143332131207,0.254143332131207
Pythia_minus,316,isr_PDF_plus,shower,5,0.84,1.05,0.6463085412979126,0.6453987956047058,0.9985923972296887,-0.0014076028019189835,0.0014076028019189835,-0.14076028019189835
Pythia_minus,316,isr_PDF_plus,shower,6,1.05,1.37,0.6265755295753479,0.6293314099311829,1.004398321073443,0.004398321267217398,0.004398321267217398,0.43983212672173977
Pythia_minus,316,isr_PDF_plus,shower,7,1.37,1.52,0.6408894062042236,0.6417827010154724,1.001393836132414,0.0013938361080363393,0.0013938361080363393,0.13938361080363393
Pythia_minus,316,isr_PDF_plus,shower,8,1.52,1.74,0.6314683556556702,0.6318697333335876,1.0006356259570612,0.0006356259691528976,0.0006356259691528976,0.06356259691528976
Pythia_minus,316,isr_PDF_plus,shower,9,1.74,1.95,0.5918737053871155,0.5924788117408752,1.0010223572161632,0.0010223572608083487,0.0010223572608083487,0.10223572608083487
Pythia_minus,316,isr_PDF_plus,shower,10,1.95,2.18,0.6574898362159729,0.6595293283462524,1.003101937121975,0.0031019370071589947,0.0031019370071589947,0.31019370071589947
Pythia_minus,316,isr_PDF_plus,shower,11,2.18,2.5,0.6256763339042664,0.6250736713409424,0.9990367822296181,-0.0009632177534513175,0.0009632177534513175,-0.09632177534513175
Pythia_minus,317,isr_PDF_minus,shower,1,0.0,0.21,0.660984456539154,0.6638062000274658,1.0042690012758941,0.0042690010741353035,0.0042690010741353035,0.42690010741353035
Pythia_minus,317,isr_PDF_minus,shower,2,0.21,0.42,0.6471099853515625,0.6489489078521729,1.00284174644533,0.002841746434569359,0.002841746434569359,0.2841746434569359
Pythia_minus,317,isr_PDF_minus,shower,3,0.42,0.63,0.6394927501678467,0.6371253132820129,0.9962979456995996,-0.003702054265886545,0.003702054265886545,-0.3702054265886545
Pythia_minus,317,isr_PDF_minus,shower,4,0.63,0.84,0.6380901336669922,0.6361156702041626,0.9969056668350555,-0.0030943332239985466,0.0030943332239985466,-0.30943332239985466
Pythia_minus,317,isr_PDF_minus,shower,5,0.84,1.05,0.6463085412979126,0.6477559804916382,1.0022395482981221,0.0022395483683794737,0.0022395483683794737,0.22395483683794737
Pythia_minus,317,isr_PDF_minus,shower,6,1.05,1.37,0.6265755295753479,0.623762309551239,0.9955101661470637,-0.004489833954721689,0.004489833954721689,-0.4489833954721689
Pythia_minus,317,isr_PDF_minus,shower,7,1.37,1.52,0.6408894062042236,0.6406852006912231,0.9996813716828151,-0.0003186283283866942,0.0003186283283866942,-0.03186283283866942
Pythia_minus,317,isr_PDF_minus,shower,8,1.52,1.74,0.6314683556556702,0.6333178281784058,1.0029288443453594,0.0029288444202393293,0.0029288444202393293,0.29288444202393293
Pythia_minus,317,isr_PDF_minus,shower,9,1.74,1.95,0.5918737053871155,0.5917110443115234,0.9997251760399025,-0.0002748239494394511,0.0002748239494394511,-0.02748239494394511
Pythia_minus,317,isr_PDF_minus,shower,10,1.95,2.18,0.6574898362159729,0.6554683446884155,0.99692544064378,-0.0030745593830943108,0.0030745593830943108,-0.3074559383094311
Pythia_minus,317,isr_PDF_minus,shower,11,2.18,2.5,0.6256763339042664,0.6266525983810425,1.0015603346712576,0.0015603346982970834,0.0015603346982970834,0.15603346982970834
