pair_label,weight_index,weight_name,category,bin,bin_low_edge,bin_up_edge,C_nominal_weight0,C_weight,C_weight_over_C_nominal,signed_relative_shift,absolute_relative_shift,signed_relative_shift_percent
Herwig_plus,1,MUR0.5_MUF0.5_PDF13300,scale,1,0.0,0.21,0.665374219417572,0.6636767387390137,0.9974488331092175,-0.00255116680637002,0.00255116680637002,-0.255116680637002
Herwig_plus,1,MUR0.5_MUF0.5_PDF13300,scale,2,0.21,0.42,0.6719119548797607,0.6704098582267761,0.9977644442220805,-0.002235555788502097,0.002235555788502097,-0.2235555788502097
Herwig_plus,1,MUR0.5_MUF0.5_PDF13300,scale,3,0.42,0.63,0.6914249062538147,0.6897163987159729,0.9975290049253525,-0.0024709950666874647,0.0024709950666874647,-0.24709950666874647
Herwig_plus,1,MUR0.5_MUF0.5_PDF13300,scale,4,0.63,0.84,0.6939395666122437,0.692459225654602,0.9978667581027718,-0.002133241854608059,0.002133241854608059,-0.2133241854608059
Herwig_plus,1,MUR0.5_MUF0.5_PDF13300,scale,5,0.84,1.05,0.6589977741241455,0.6577430367469788,0.99809599147913,-0.0019040085608139634,0.0019040085608139634,-0.19040085608139634
Herwig_plus,1,MUR0.5_MUF0.5_PDF13300,scale,6,1.05,1.37,0.6422200798988342,0.6410244107246399,0.9981382251791587,-0.0018617748282849789,0.0018617748282849789,-0.1861774828284979
Herwig_plus,1,MUR0.5_MUF0.5_PDF13300,scale,7,1.37,1.52,0.7223036289215088,0.7209711670875549,0.9981552607787069,-0.0018447391921654344,0.0018447391921654344,-0.18447391921654344
Herwig_plus,1,MUR0.5_MUF0.5_PDF13300,scale,8,1.52,1.74,0.6450952887535095,0.6434899568557739,0.9975114809769615,-0.002488519065082073,0.002488519065082073,-0.24885190650820732
Herwig_plus,1,MUR0.5_MUF0.5_PDF13300,scale,9,1.74,1.95,0.6222162246704102,0.621222734451294,0.9984033039002761,-0.0015966960927471519,0.0015966960927471519,-0.15966960927471519
Herwig_plus,1,MUR0.5_MUF0.5_PDF13300,scale,10,1.95,2.18,0.6321878433227539,0.631840169429779,0.99945004653815,-0.0005499534890986979,0.0005499534890986979,-0.05499534890986979
Herwig_plus,1,MUR0.5_MUF0.5_PDF13300,scale,11,2.18,2.5,0.6375429630279541,0.637017548084259,0.9991758752363924,-0.0008241247851401567,0.0008241247851401567,-0.08241247851401567
Herwig_plus,5,MUR1.0_MUF1.0_PDF13300,pdf,1,0.0,0.21,0.665374219417572,0.665374219417572,1.0,0.0,0.0,0.0
Herwig_plus,5,MUR1.0_MUF1.0_PDF13300,pdf,2,0.21,0.42,0.6719119548797607,0.6719119548797607,1.0,0.0,0.0,0.0
Herwig_plus,5,MUR1.0_MUF1.0_PDF13300,pdf,3,0.42,0.63,0.6914249062538147,0.6914249062538147,1.0,0.0,0.0,0.0
Herwig_plus,5,MUR1.0_MUF1.0_PDF13300,pdf,4,0.63,0.84,0.6939395666122437,0.6939395666122437,1.0,0.0,0.0,0.0
Herwig_plus,5,MUR1.0_MUF1.0_PDF13300,pdf,5,0.84,1.05,0.6589977741241455,0.6589977741241455,1.0,0.0,0.0,0.0
Herwig_plus,5,MUR1.0_MUF1.0_PDF13300,pdf,6,1.05,1.37,0.6422200798988342,0.6422200798988342,1.0,0.0,0.0,0.0
Herwig_plus,5,MUR1.0_MUF1.0_PDF13300,pdf,7,1.37,1.52,0.7223036289215088,0.7223036289215088,1.0,0.0,0.0,0.0
Herwig_plus,5,MUR1.0_MUF1.0_PDF13300,pdf,8,1.52,1.74,0.6450952887535095,0.6450952887535095,1.0,0.0,0.0,0.0
Herwig_plus,5,MUR1.0_MUF1.0_PDF13300,pdf,9,1.74,1.95,0.6222162246704102,0.6222162246704102,1.0,0.0,0.0,0.0
Herwig_plus,5,MUR1.0_MUF1.0_PDF13300,pdf,10,1.95,2.18,0.6321878433227539,0.6321878433227539,1.0,0.0,0.0,0.0
Herwig_plus,5,MUR1.0_MUF1.0_PDF13300,pdf,11,2.18,2.5,0.6375429630279541,0.6375429630279541,1.0,0.0,0.0,0.0
Herwig_plus,6,MUR1.0_MUF1.0_PDF13301,pdf,1,0.0,0.21,0.665374219417572,0.6653580665588379,0.9999757236480423,-2.4276352633023635e-05,2.4276352633023635e-05,-0.0024276352633023635
Herwig_plus,6,MUR1.0_MUF1.0_PDF13301,pdf,2,0.21,0.42,0.6719119548797607,0.6718917489051819,0.9999699276453825,-3.0072355002630502e-05,3.0072355002630502e-05,-0.00300723550026305
Herwig_plus,6,MUR1.0_MUF1.0_PDF13301,pdf,3,0.42,0.63,0.6914249062538147,0.691405713558197,0.9999722418220054,-2.775817847577855e-05,2.775817847577855e-05,-0.002775817847577855
Herwig_plus,6,MUR1.0_MUF1.0_PDF13301,pdf,4,0.63,0.84,0.6939395666122437,0.693922221660614,0.9999750050977576,-2.4994902560138144e-05,2.4994902560138144e-05,-0.0024994902560138144
Herwig_plus,6,MUR1.0_MUF1.0_PDF13301,pdf,5,0.84,1.05,0.6589977741241455,0.6589816212654114,0.9999754887506933,-2.4511249648639932e-05,2.4511249648639932e-05,-0.0024511249648639932
Herwig_plus,6,MUR1.0_MUF1.0_PDF13301,pdf,6,1.05,1.37,0.6422200798988342,0.6422203779220581,1.0000004640515505,4.6405153852902004e-07,4.6405153852902004e-07,4.6405153852902004e-05
Herwig_plus,6,MUR1.0_MUF1.0_PDF13301,pdf,7,1.37,1.52,0.7223036289215088,0.7222826480865479,0.9999709528872335,-2.904711254814174e-05,2.904711254814174e-05,-0.002904711254814174
Herwig_plus,6,MUR1.0_MUF1.0_PDF13301,pdf,8,1.52,1.74,0.6450952887535095,0.6450793743133545,0.9999753300939683,-2.466990554239601e-05,2.466990554239601e-05,-0.002466990554239601
Herwig_plus,6,MUR1.0_MUF1.0_PDF13301,pdf,9,1.74,1.95,0.6222162246704102,0.6221999526023865,0.9999738482100298,-2.615179073472973e-05,2.615179073472973e-05,-0.002615179073472973
Herwig_plus,6,MUR1.0_MUF1.0_PDF13301,pdf,10,1.95,2.18,0.6321878433227539,0.6321759819984436,0.9999812376583391,-1.8762340914690867e-05,1.8762340914690867e-05,-0.0018762340914690867
Herwig_plus,6,MUR1.0_MUF1.0_PDF13301,pdf,11,2.18,2.5,0.6375429630279541,0.6375303864479065,0.999980273360735,-1.972663994820323e-05,1.972663994820323e-05,-0.001972663994820323
Herwig_plus,7,MUR1.0_MUF1.0_PDF13302,pdf,1,0.0,0.21,0.665374219417572,0.6653597950935364,0.9999783214864437,-2.1678513803635724e-05,2.1678513803635724e-05,-0.0021678513803635724
Herwig_plus,7,MUR1.0_MUF1.0_PDF13302,pdf,2,0.21,0.42,0.6719119548797607,0.6718978881835938,0.9999790646734816,-2.0935325665050186e-05,2.0935325665050186e-05,-0.0020935325665050186
Herwig_plus,7,MUR1.0_MUF1.0_PDF13302,pdf,3,0.42,0.63,0.6914249062538147,0.6914111971855164,0.9999801727300038,-1.9827270079986192e-05,1.9827270079986192e-05,-0.0019827270079986192
Herwig_plus,7,MUR1.0_MUF1.0_PDF13302,pdf,4,0.63,0.84,0.6939395666122437,0.6939204335212708,0.9999724283037119,-2.757169568212703e-05,2.757169568212703e-05,-0.002757169568212703
Herwig_plus,7,MUR1.0_MUF1.0_PDF13302,pdf,5,0.84,1.05,0.6589977741241455,0.65897536277771,0.9999659917721796,-3.400822606636211e-05,3.400822606636211e-05,-0.0034008226066362113
Herwig_plus,7,MUR1.0_MUF1.0_PDF13302,pdf,6,1.05,1.37,0.6422200798988342,0.6421993374824524,0.9999677020120811,-3.229798676329665e-05,3.229798676329665e-05,-0.003229798676329665
Herwig_plus,7,MUR1.0_MUF1.0_PDF13302,pdf,7,1.37,1.52,0.7223036289215088,0.7222861647605896,0.9999758215794301,-2.417842006252613e-05,2.417842006252613e-05,-0.002417842006252613
Herwig_plus,7,MUR1.0_MUF1.0_PDF13302,pdf,8,1.52,1.74,0.6450952887535095,0.6450831890106201,0.9999812434796838,-1.875652014859952e-05,1.875652014859952e-05,-0.001875652014859952
Herwig_plus,7,MUR1.0_MUF1.0_PDF13302,pdf,9,1.74,1.95,0.6222162246704102,0.6222015619277954,0.999976434650796,-2.3565349692944437e-05,2.3565349692944437e-05,-0.0023565349692944437
Herwig_plus,7,MUR1.0_MUF1.0_PDF13302,pdf,10,1.95,2.18,0.6321878433227539,0.6321742534637451,0.9999785034477453,-2.1496553017641418e-05,2.1496553017641418e-05,-0.0021496553017641418
Herwig_plus,7,MUR1.0_MUF1.0_PDF13302,pdf,11,2.18,2.5,0.6375429630279541,0.6375267505645752,0.9999745703986725,-2.5429601009818725e-05,2.5429601009818725e-05,-0.0025429601009818725
Herwig_plus,8,MUR1.0_MUF1.0_PDF13303,pdf,1,0.0,0.21,0.665374219417572,0.6653544306755066,0.999970259229336,-2.9740771424258128e-05,2.9740771424258128e-05,-0.0029740771424258128
Herwig_plus,8,MUR1.0_MUF1.0_PDF13303,pdf,2,0.21,0.42,0.6719119548797607,0.6718912124633789,0.9999691292642865,-3.087073491769843e-05,3.087073491769843e-05,-0.003087073491769843
Herwig_plus,8,MUR1.0_MUF1.0_PDF13303,pdf,3,0.42,0.63,0.6914249062538147,0.6914076209068298,0.9999750003987006,-2.4999601009767503e-05,2.4999601009767503e-05,-0.0024999601009767503
Herwig_plus,8,MUR1.0_MUF1.0_PDF13303,pdf,4,0.63,0.84,0.6939395666122437,0.6939209699630737,0.9999732013419256,-2.6798657927429304e-05,2.6798657927429304e-05,-0.0026798657927429304
Herwig_plus,8,MUR1.0_MUF1.0_PDF13303,pdf,5,0.84,1.05,0.6589977741241455,0.6589767932891846,0.9999681625101255,-3.183749140589498e-05,3.183749140589498e-05,-0.003183749140589498
Herwig_plus,8,MUR1.0_MUF1.0_PDF13303,pdf,6,1.05,1.37,0.6422200798988342,0.6422000527381897,0.9999688157358024,-3.1184263207251206e-05,3.1184263207251206e-05,-0.0031184263207251206
Herwig_plus,8,MUR1.0_MUF1.0_PDF13303,pdf,7,1.37,1.52,0.7223036289215088,0.7222825288772583,0.99997078784682,-2.9212153094704263e-05,2.9212153094704263e-05,-0.0029212153094704263
Herwig_plus,8,MUR1.0_MUF1.0_PDF13303,pdf,8,1.52,1.74,0.6450952887535095,0.6450838446617126,0.9999822598428536,-1.774015800037887e-05,1.774015800037887e-05,-0.001774015800037887
Herwig_plus,8,MUR1.0_MUF1.0_PDF13303,pdf,9,1.74,1.95,0.6222162246704102,0.6221995949745178,0.999973273445415,-2.672655500646215e-05,2.672655500646215e-05,-0.002672655500646215
Herwig_plus,8,MUR1.0_MUF1.0_PDF13303,pdf,10,1.95,2.18,0.6321878433227539,0.6321732997894287,0.9999769949177625,-2.3005082766758278e-05,2.3005082766758278e-05,-0.002300508276675828
Herwig_plus,8,MUR1.0_MUF1.0_PDF13303,pdf,11,2.18,2.5,0.6375429630279541,0.6375246644020081,0.9999712982073253,-2.8701791961793788e-05,2.8701791961793788e-05,-0.0028701791961793788
Herwig_plus,9,MUR1.0_MUF1.0_PDF13304,pdf,1,0.0,0.21,0.665374219417572,0.6653552651405334,0.9999715133582194,-2.8486641895142384e-05,2.8486641895142384e-05,-0.0028486641895142384
Herwig_plus,9,MUR1.0_MUF1.0_PDF13304,pdf,2,0.21,0.42,0.6719119548797607,0.6718917489051819,0.9999699276453825,-3.0072355002630502e-05,3.0072355002630502e-05,-0.00300723550026305
Herwig_plus,9,MUR1.0_MUF1.0_PDF13304,pdf,3,0.42,0.63,0.6914249062538147,0.6914061307907104,0.9999728452606574,-2.7154739655088633e-05,2.7154739655088633e-05,-0.0027154739655088633
Herwig_plus,9,MUR1.0_MUF1.0_PDF13304,pdf,4,0.63,0.84,0.6939395666122437,0.6939200758934021,0.9999719129449028,-2.8087055397918448e-05,2.8087055397918448e-05,-0.002808705539791845
Herwig_plus,9,MUR1.0_MUF1.0_PDF13304,pdf,5,0.84,1.05,0.6589977741241455,0.6589788198471069,0.9999712377222157,-2.8762276997440495e-05,2.8762276997440495e-05,-0.0028762276997440495
Herwig_plus,9,MUR1.0_MUF1.0_PDF13304,pdf,6,1.05,1.37,0.6422200798988342,0.6421967148780823,0.9999636183584362,-3.638163980212994e-05,3.638163980212994e-05,-0.003638163980212994
Herwig_plus,9,MUR1.0_MUF1.0_PDF13304,pdf,7,1.37,1.52,0.7223036289215088,0.7222796082496643,0.9999667443566906,-3.3255644666496664e-05,3.3255644666496664e-05,-0.0033255644666496664
Herwig_plus,9,MUR1.0_MUF1.0_PDF13304,pdf,8,1.52,1.74,0.6450952887535095,0.6450852751731873,0.999984477362497,-1.5522637113463134e-05,1.5522637113463134e-05,-0.0015522637113463134
Herwig_plus,9,MUR1.0_MUF1.0_PDF13304,pdf,9,1.74,1.95,0.6222162246704102,0.6221975088119507,0.9999699206518291,-3.0079349016887136e-05,3.0079349016887136e-05,-0.0030079349016887136
Herwig_plus,9,MUR1.0_MUF1.0_PDF13304,pdf,10,1.95,2.18,0.6321878433227539,0.6321733593940735,0.9999770892008865,-2.2910799089004286e-05,2.2910799089004286e-05,-0.0022910799089004286
Herwig_plus,9,MUR1.0_MUF1.0_PDF13304,pdf,11,2.18,2.5,0.6375429630279541,0.6375253200531006,0.9999723266103202,-2.7673389922711067e-05,2.7673389922711067e-05,-0.0027673389922711067
Herwig_plus,10,MUR1.0_MUF1.0_PDF13305,pdf,1,0.0,0.21,0.665374219417572,0.6653537750244141,0.9999692738423562,-3.0726158001925796e-05,3.0726158001925796e-05,-0.0030726158001925796
Herwig_plus,10,MUR1.0_MUF1.0_PDF13305,pdf,2,0.21,0.42,0.6719119548797607,0.6718884110450745,0.9999649599407849,-3.504005871945992e-05,3.504005871945992e-05,-0.003504005871945992
Herwig_plus,10,MUR1.0_MUF1.0_PDF13305,pdf,3,0.42,0.63,0.6914249062538147,0.6914081573486328,0.9999757762483961,-2.4223751097451895e-05,2.4223751097451895e-05,-0.0024223751097451895
Herwig_plus,10,MUR1.0_MUF1.0_PDF13305,pdf,4,0.63,0.84,0.6939395666122437,0.6939204335212708,0.9999724283037119,-2.757169568212703e-05,2.757169568212703e-05,-0.002757169568212703
Herwig_plus,10,MUR1.0_MUF1.0_PDF13305,pdf,5,0.84,1.05,0.6589977741241455,0.6589778661727905,0.999969790563585,-3.020943586307112e-05,3.020943586307112e-05,-0.003020943586307112
Herwig_plus,10,MUR1.0_MUF1.0_PDF13305,pdf,6,1.05,1.37,0.6422200798988342,0.6421990990638733,0.9999673307708407,-3.266922794864513e-05,3.266922794864513e-05,-0.003266922794864513
Herwig_plus,10,MUR1.0_MUF1.0_PDF13305,pdf,7,1.37,1.52,0.7223036289215088,0.7222791314125061,0.9999660841950369,-3.391580321476795e-05,3.391580321476795e-05,-0.0033915803214767948
Herwig_plus,10,MUR1.0_MUF1.0_PDF13305,pdf,8,1.52,1.74,0.6450952887535095,0.6450870037078857,0.9999871568653992,-1.2843134754803032e-05,1.2843134754803032e-05,-0.0012843134754803032
Herwig_plus,10,MUR1.0_MUF1.0_PDF13305,pdf,9,1.74,1.95,0.6222162246704102,0.622196614742279,0.9999684837402922,-3.151626151520759e-05,3.151626151520759e-05,-0.003151626151520759
Herwig_plus,10,MUR1.0_MUF1.0_PDF13305,pdf,10,1.95,2.18,0.6321878433227539,0.6321737170219421,0.99997765489963,-2.234510066045914e-05,2.234510066045914e-05,-0.002234510066045914
Herwig_plus,10,MUR1.0_MUF1.0_PDF13305,pdf,11,2.18,2.5,0.6375429630279541,0.637521505355835,0.9999663431747137,-3.365682641742751e-05,3.365682641742751e-05,-0.003365682641742751
Herwig_plus,11,MUR1.0_MUF1.0_PDF13306,pdf,1,0.0,0.21,0.665374219417572,0.6653539538383484,0.9999695425842597,-3.045741505047772e-05,3.045741505047772e-05,-0.003045741505047772
Herwig_plus,11,MUR1.0_MUF1.0_PDF13306,pdf,2,0.21,0.42,0.6719119548797607,0.6718882322311401,0.999964693813753,-3.53061877831351e-05,3.53061877831351e-05,-0.00353061877831351
Herwig_plus,11,MUR1.0_MUF1.0_PDF13306,pdf,3,0.42,0.63,0.6914249062538147,0.6914074420928955,0.9999747417821354,-2.5258217647206038e-05,2.5258217647206038e-05,-0.002525821764720604
Herwig_plus,11,MUR1.0_MUF1.0_PDF13306,pdf,4,0.63,0.84,0.6939395666122437,0.6939210891723633,0.9999733731281953,-2.6626872568158433e-05,2.6626872568158433e-05,-0.0026626872568158433
Herwig_plus,11,MUR1.0_MUF1.0_PDF13306,pdf,5,0.84,1.05,0.6589977741241455,0.658976137638092,0.999967167588567,-3.2832413126016036e-05,3.2832413126016036e-05,-0.0032832413126016036
Herwig_plus,11,MUR1.0_MUF1.0_PDF13306,pdf,6,1.05,1.37,0.6422200798988342,0.6422003507614136,0.9999692797873531,-3.072021354455501e-05,3.072021354455501e-05,-0.003072021354455501
Herwig_plus,11,MUR1.0_MUF1.0_PDF13306,pdf,7,1.37,1.52,0.7223036289215088,0.7222748398780823,0.9999601427401528,-3.9857259253039956e-05,3.9857259253039956e-05,-0.003985725925303996
Herwig_plus,11,MUR1.0_MUF1.0_PDF13306,pdf,8,1.52,1.74,0.6450952887535095,0.6450868248939514,0.9999868796754439,-1.3120324183546472e-05,1.3120324183546472e-05,-0.0013120324183546472
Herwig_plus,11,MUR1.0_MUF1.0_PDF13306,pdf,9,1.74,1.95,0.6222162246704102,0.622194230556488,0.999964651976194,-3.5348024539416656e-05,3.5348024539416656e-05,-0.0035348024539416656
Herwig_plus,11,MUR1.0_MUF1.0_PDF13306,pdf,10,1.95,2.18,0.6321878433227539,0.6321727633476257,0.9999761463696472,-2.3853630409576e-05,2.3853630409576e-05,-0.0023853630409576
Herwig_plus,11,MUR1.0_MUF1.0_PDF13306,pdf,11,2.18,2.5,0.6375429630279541,0.637519121170044,0.9999626035274597,-3.739647218026221e-05,3.739647218026221e-05,-0.003739647218026221
Herwig_plus,12,MUR1.0_MUF1.0_PDF13307,pdf,1,0.0,0.21,0.665374219417572,0.6653547286987305,0.9999707071325087,-2.9292867111507803e-05,2.9292867111507803e-05,-0.0029292867111507803
Herwig_plus,12,MUR1.0_MUF1.0_PDF13307,pdf,2,0.21,0.42,0.6719119548797607,0.6718878149986267,0.9999640728506782,-3.592715074773878e-05,3.592715074773878e-05,-0.003592715074773878
Herwig_plus,12,MUR1.0_MUF1.0_PDF13307,pdf,3,0.42,0.63,0.6914249062538147,0.6914077997207642,0.9999752590152657,-2.4740984372328967e-05,2.4740984372328967e-05,-0.0024740984372328967
Herwig_plus,12,MUR1.0_MUF1.0_PDF13307,pdf,4,0.63,0.84,0.6939395666122437,0.6939198970794678,0.9999716552654982,-2.8344735255814157e-05,2.8344735255814157e-05,-0.0028344735255814157
Herwig_plus,12,MUR1.0_MUF1.0_PDF13307,pdf,5,0.84,1.05,0.6589977741241455,0.6589730978012085,0.9999625547704318,-3.744522837223485e-05,3.744522837223485e-05,-0.003744522837223485
Herwig_plus,12,MUR1.0_MUF1.0_PDF13307,pdf,6,1.05,1.37,0.6422200798988342,0.6421977281570435,0.9999651961337082,-3.48038665833883e-05,3.48038665833883e-05,-0.00348038665833883
Herwig_plus,12,MUR1.0_MUF1.0_PDF13307,pdf,7,1.37,1.52,0.7223036289215088,0.7222742438316345,0.9999593175380855,-4.068246198585257e-05,4.068246198585257e-05,-0.004068246198585257
Herwig_plus,12,MUR1.0_MUF1.0_PDF13307,pdf,8,1.52,1.74,0.6450952887535095,0.6450897455215454,0.9999914071113822,-8.592888661951292e-06,8.592888661951292e-06,-0.0008592888661951292
Herwig_plus,12,MUR1.0_MUF1.0_PDF13307,pdf,9,1.74,1.95,0.6222162246704102,0.6221936345100403,0.9999636940351695,-3.6305966204963624e-05,3.6305966204963624e-05,-0.0036305966204963624
Herwig_plus,12,MUR1.0_MUF1.0_PDF13307,pdf,10,1.95,2.18,0.6321878433227539,0.6321716904640198,0.9999744492734165,-2.555072569521144e-05,2.555072569521144e-05,-0.002555072569521144
Herwig_plus,12,MUR1.0_MUF1.0_PDF13307,pdf,11,2.18,2.5,0.6375429630279541,0.6375184655189514,0.9999615751244648,-3.842487421934493e-05,3.842487421934493e-05,-0.003842487421934493
Herwig_plus,13,MUR1.0_MUF1.0_PDF13308,pdf,1,0.0,0.21,0.665374219417572,0.6653562784194946,0.9999730362290065,-2.6963771233567968e-05,2.6963771233567968e-05,-0.002696377123356797
Herwig_plus,13,MUR1.0_MUF1.0_PDF13308,pdf,2,0.21,0.42,0.6719119548797607,0.6718881726264954,0.9999646051047423,-3.5394896258367226e-05,3.5394896258367226e-05,-0.0035394896258367226
Herwig_plus,13,MUR1.0_MUF1.0_PDF13308,pdf,3,0.42,0.63,0.6914249062538147,0.6914089918136597,0.9999769831257002,-2.3016873456072062e-05,2.3016873456072062e-05,-0.0023016873456072062
Herwig_plus,13,MUR1.0_MUF1.0_PDF13308,pdf,4,0.63,0.84,0.6939395666122437,0.6939213275909424,0.9999737167007348,-2.6283300030627288e-05,2.6283300030627288e-05,-0.002628330003062729
Herwig_plus,13,MUR1.0_MUF1.0_PDF13308,pdf,5,0.84,1.05,0.6589977741241455,0.6589744091033936,0.999964544613549,-3.545538493199274e-05,3.545538493199274e-05,-0.003545538493199274
Herwig_plus,13,MUR1.0_MUF1.0_PDF13308,pdf,6,1.05,1.37,0.6422200798988342,0.6421992182731628,0.9999675163914609,-3.248360735597089e-05,3.248360735597089e-05,-0.003248360735597089
Herwig_plus,13,MUR1.0_MUF1.0_PDF13308,pdf,7,1.37,1.52,0.7223036289215088,0.7222721576690674,0.9999564293308503,-4.357066791271791e-05,4.357066791271791e-05,-0.004357066791271791
Herwig_plus,13,MUR1.0_MUF1.0_PDF13308,pdf,8,1.52,1.74,0.6450952887535095,0.6450902819633484,0.9999922386812484,-7.761318556731567e-06,7.761318556731567e-06,-0.0007761318556731567
Herwig_plus,13,MUR1.0_MUF1.0_PDF13308,pdf,9,1.74,1.95,0.6222162246704102,0.6221908330917358,0.999959191712354,-4.080828875885345e-05,4.080828875885345e-05,-0.004080828875885345
Herwig_plus,13,MUR1.0_MUF1.0_PDF13308,pdf,10,1.95,2.18,0.6321878433227539,0.6321712136268616,0.9999736950084251,-2.6304991479264572e-05,2.6304991479264572e-05,-0.0026304991479264572
Herwig_plus,13,MUR1.0_MUF1.0_PDF13308,pdf,11,2.18,2.5,0.6375429630279541,0.6375155448913574,0.9999569940565787,-4.300594446249306e-05,4.300594446249306e-05,-0.004300594446249306
Herwig_plus,14,MUR1.0_MUF1.0_PDF13309,pdf,1,0.0,0.21,0.665374219417572,0.6653558611869812,0.9999724091645648,-2.7590835088631138e-05,2.7590835088631138e-05,-0.002759083508863114
Herwig_plus,14,MUR1.0_MUF1.0_PDF13309,pdf,2,0.21,0.42,0.6719119548797607,0.671887218952179,0.9999631857605715,-3.681423913803883e-05,3.681423913803883e-05,-0.003681423913803883
Herwig_plus,14,MUR1.0_MUF1.0_PDF13309,pdf,3,0.42,0.63,0.6914249062538147,0.6914097666740417,0.9999781037974825,-2.1896203179494478e-05,2.1896203179494478e-05,-0.0021896203179494478
Herwig_plus,14,MUR1.0_MUF1.0_PDF13309,pdf,4,0.63,0.84,0.6939395666122437,0.6939213871955872,0.9999738025938696,-2.619740553200245e-05,2.619740553200245e-05,-0.002619740553200245
Herwig_plus,14,MUR1.0_MUF1.0_PDF13309,pdf,5,0.84,1.05,0.6589977741241455,0.6589721441268921,0.9999611076118011,-3.889238723786548e-05,3.889238723786548e-05,-0.0038892387237865478
Herwig_plus,14,MUR1.0_MUF1.0_PDF13309,pdf,6,1.05,1.37,0.6422200798988342,0.6421976685523987,0.9999651033233979,-3.4896675060736015e-05,3.4896675060736015e-05,-0.0034896675060736015
Herwig_plus,14,MUR1.0_MUF1.0_PDF13309,pdf,7,1.37,1.52,0.7223036289215088,0.7222695350646973,0.9999527984417544,-4.720155993709341e-05,4.720155993709341e-05,-0.004720155993709341
Herwig_plus,14,MUR1.0_MUF1.0_PDF13309,pdf,8,1.52,1.74,0.6450952887535095,0.6450921297073364,0.9999951029774544,-4.897022336081136e-06,4.897022336081136e-06,-0.0004897022336081136
Herwig_plus,14,MUR1.0_MUF1.0_PDF13309,pdf,9,1.74,1.95,0.6222162246704102,0.6221901774406433,0.9999581379772271,-4.186202204436995e-05,4.186202204436995e-05,-0.004186202204436995
Herwig_plus,14,MUR1.0_MUF1.0_PDF13309,pdf,10,1.95,2.18,0.6321878433227539,0.6321710348129272,0.9999734121590533,-2.6587840693537146e-05,2.6587840693537146e-05,-0.0026587840693537146
Herwig_plus,14,MUR1.0_MUF1.0_PDF13309,pdf,11,2.18,2.5,0.6375429630279541,0.6375150084495544,0.9999561526359465,-4.384736530482769e-05,4.384736530482769e-05,-0.004384736530482769
Herwig_plus,15,MUR1.0_MUF1.0_PDF13310,pdf,1,0.0,0.21,0.665374219417572,0.665355384349823,0.9999716925194885,-2.8307480533840135e-05,2.8307480533840135e-05,-0.0028307480533840135
Herwig_plus,15,MUR1.0_MUF1.0_PDF13310,pdf,2,0.21,0.42,0.6719119548797607,0.6718874573707581,0.9999635405966142,-3.6459401599131525e-05,3.6459401599131525e-05,-0.0036459401599131525
Herwig_plus,15,MUR1.0_MUF1.0_PDF13310,pdf,3,0.42,0.63,0.6914249062538147,0.6914088726043701,0.9999768107146567,-2.3189284547697753e-05,2.3189284547697753e-05,-0.0023189284547697753
Herwig_plus,15,MUR1.0_MUF1.0_PDF13310,pdf,4,0.63,0.84,0.6939395666122437,0.6939185857772827,0.9999697656165315,-3.0234383302740753e-05,3.0234383302740753e-05,-0.0030234383302740753
Herwig_plus,15,MUR1.0_MUF1.0_PDF13310,pdf,5,0.84,1.05,0.6589977741241455,0.6589715480804443,0.999960203137657,-3.979686152888462e-05,3.979686152888462e-05,-0.003979686152888462
Herwig_plus,15,MUR1.0_MUF1.0_PDF13310,pdf,6,1.05,1.37,0.6422200798988342,0.64219731092453,0.9999645464615373,-3.545353683875874e-05,3.545353683875874e-05,-0.0035453536838758737
Herwig_plus,15,MUR1.0_MUF1.0_PDF13310,pdf,7,1.37,1.52,0.7223036289215088,0.7222667336463928,0.9999489199920385,-5.108000914333388e-05,5.108000914333388e-05,-0.005108000914333388
Herwig_plus,15,MUR1.0_MUF1.0_PDF13310,pdf,8,1.52,1.74,0.6450952887535095,0.6450915336608887,0.9999941790109363,-5.820988917548675e-06,5.820988917548675e-06,-0.0005820988917548675
Herwig_plus,15,MUR1.0_MUF1.0_PDF13310,pdf,9,1.74,1.95,0.6222162246704102,0.6221882104873657,0.9999549767718461,-4.5023229176877066e-05,4.5023229176877066e-05,-0.004502322917687707
Herwig_plus,15,MUR1.0_MUF1.0_PDF13310,pdf,10,1.95,2.18,0.6321878433227539,0.6321701407432556,0.9999719979121945,-2.8002088583889417e-05,2.8002088583889417e-05,-0.0028002088583889417
Herwig_plus,15,MUR1.0_MUF1.0_PDF13310,pdf,11,2.18,2.5,0.6375429630279541,0.6375132203102112,0.9999533479005059,-4.665209780796431e-05,4.665209780796431e-05,-0.004665209780796431
Herwig_plus,16,MUR1.0_MUF1.0_PDF13311,pdf,1,0.0,0.21,0.665374219417572,0.6653550863265991,0.9999712446163158,-2.8755383027601056e-05,2.8755383027601056e-05,-0.0028755383027601056
Herwig_plus,16,MUR1.0_MUF1.0_PDF13311,pdf,2,0.21,0.42,0.6719119548797607,0.6718859672546387,0.9999613228713474,-3.867712803184986e-05,3.867712803184986e-05,-0.003867712803184986
Herwig_plus,16,MUR1.0_MUF1.0_PDF13311,pdf,3,0.42,0.63,0.6914249062538147,0.6914116740226746,0.9999808623741776,-1.913762571348343e-05,1.913762571348343e-05,-0.001913762571348343
Herwig_plus,16,MUR1.0_MUF1.0_PDF13311,pdf,4,0.63,0.84,0.6939395666122437,0.6939199566841125,0.9999717411586331,-2.825884075718932e-05,2.825884075718932e-05,-0.002825884075718932
Herwig_plus,16,MUR1.0_MUF1.0_PDF13311,pdf,5,0.84,1.05,0.6589977741241455,0.6589712500572205,0.9999597509005849,-4.024909867439419e-05,4.024909867439419e-05,-0.004024909867439419
Herwig_plus,16,MUR1.0_MUF1.0_PDF13311,pdf,6,1.05,1.37,0.6422200798988342,0.6421968936920166,0.9999638967893666,-3.610321073210798e-05,3.610321073210798e-05,-0.003610321073210798
Herwig_plus,16,MUR1.0_MUF1.0_PDF13311,pdf,7,1.37,1.52,0.7223036289215088,0.7222650051116943,0.9999465269060435,-5.3473093430511653e-05,5.3473093430511653e-05,-0.005347309343051165
Herwig_plus,16,MUR1.0_MUF1.0_PDF13311,pdf,8,1.52,1.74,0.6450952887535095,0.6450933218002319,0.9999969509104905,-3.0490894005197333e-06,3.0490894005197333e-06,-0.00030490894005197333
Herwig_plus,16,MUR1.0_MUF1.0_PDF13311,pdf,9,1.74,1.95,0.6222162246704102,0.6221864819526672,0.9999521987428749,-4.780125891556963e-05,4.780125891556963e-05,-0.004780125891556963
Herwig_plus,16,MUR1.0_MUF1.0_PDF13311,pdf,10,1.95,2.18,0.6321878433227539,0.6321694254875183,0.9999708665147075,-2.9133485440979712e-05,2.9133485440979712e-05,-0.002913348544097971
Herwig_plus,16,MUR1.0_MUF1.0_PDF13311,pdf,11,2.18,2.5,0.6375429630279541,0.6375108957290649,0.9999497017444332,-5.0298254791414365e-05,5.0298254791414365e-05,-0.0050298254791414365
Herwig_plus,17,MUR1.0_MUF1.0_PDF13312,pdf,1,0.0,0.21,0.665374219417572,0.6653545498847961,0.9999704383906051,-2.956161006295588e-05,2.956161006295588e-05,-0.002956161006295588
Herwig_plus,17,MUR1.0_MUF1.0_PDF13312,pdf,2,0.21,0.42,0.6719119548797607,0.6718866229057312,0.9999622986704648,-3.7701331166317686e-05,3.7701331166317686e-05,-0.0037701331166317686
Herwig_plus,17,MUR1.0_MUF1.0_PDF13312,pdf,3,0.42,0.63,0.6914249062538147,0.6914114356040955,0.9999805175520907,-1.948244789673481e-05,1.948244789673481e-05,-0.0019482447896734811
Herwig_plus,17,MUR1.0_MUF1.0_PDF13312,pdf,4,0.63,0.84,0.6939395666122437,0.6939208507537842,0.9999730295556559,-2.6970445105689578e-05,2.6970445105689578e-05,-0.0026970445105689578
Herwig_plus,17,MUR1.0_MUF1.0_PDF13312,pdf,5,0.84,1.05,0.6589977741241455,0.6589686870574951,0.999955861661765,-4.41383381257765e-05,4.41383381257765e-05,-0.00441383381257765
Herwig_plus,17,MUR1.0_MUF1.0_PDF13312,pdf,6,1.05,1.37,0.6422200798988342,0.6421959400177002,0.9999624118244047,-3.7588175473501906e-05,3.7588175473501906e-05,-0.0037588175473501906
Herwig_plus,17,MUR1.0_MUF1.0_PDF13312,pdf,7,1.37,1.52,0.7223036289215088,0.7222628593444824,0.9999435561786014,-5.6443819630658254e-05,5.6443819630658254e-05,-0.005644381963065825
Herwig_plus,17,MUR1.0_MUF1.0_PDF13312,pdf,8,1.52,1.74,0.6450952887535095,0.6450940370559692,0.9999980596703121,-1.9403296391828917e-06,1.9403296391828917e-06,-0.00019403296391828917
Herwig_plus,17,MUR1.0_MUF1.0_PDF13312,pdf,9,1.74,1.95,0.6222162246704102,0.6221864819526672,0.9999521987428749,-4.780125891556963e-05,4.780125891556963e-05,-0.004780125891556963
Herwig_plus,17,MUR1.0_MUF1.0_PDF13312,pdf,10,1.95,2.18,0.6321878433227539,0.6321694850921631,0.9999709607978313,-2.903920176322572e-05,2.903920176322572e-05,-0.002903920176322572
Herwig_plus,17,MUR1.0_MUF1.0_PDF13312,pdf,11,2.18,2.5,0.6375429630279541,0.6375085115432739,0.9999459620971792,-5.403790419222787e-05,5.403790419222787e-05,-0.005403790419222787
Herwig_plus,18,MUR1.0_MUF1.0_PDF13313,pdf,1,0.0,0.21,0.665374219417572,0.6653552651405334,0.9999715133582194,-2.8486641895142384e-05,2.8486641895142384e-05,-0.0028486641895142384
Herwig_plus,18,MUR1.0_MUF1.0_PDF13313,pdf,2,0.21,0.42,0.6719119548797607,0.6718848943710327,0.9999597261091554,-4.027389149996452e-05,4.027389149996452e-05,-0.004027389149996452
Herwig_plus,18,MUR1.0_MUF1.0_PDF13313,pdf,3,0.42,0.63,0.6914249062538147,0.6914119124412537,0.9999812071962645,-1.879280353023205e-05,1.879280353023205e-05,-0.001879280353023205
Herwig_plus,18,MUR1.0_MUF1.0_PDF13313,pdf,4,0.63,0.84,0.6939395666122437,0.6939206123352051,0.9999726859831165,-2.7314017643220723e-05,2.7314017643220723e-05,-0.0027314017643220723
Herwig_plus,18,MUR1.0_MUF1.0_PDF13313,pdf,5,0.84,1.05,0.6589977741241455,0.6589692234992981,0.9999566756884948,-4.332431126385927e-05,4.332431126385927e-05,-0.004332431126385927
Herwig_plus,18,MUR1.0_MUF1.0_PDF13313,pdf,6,1.05,1.37,0.6422200798988342,0.6421969532966614,0.9999639895996767,-3.601039861678146e-05,3.601039861678146e-05,-0.003601039861678146
Herwig_plus,18,MUR1.0_MUF1.0_PDF13313,pdf,7,1.37,1.52,0.7223036289215088,0.7222602367401123,0.9999399252895056,-6.007471165503375e-05,6.007471165503375e-05,-0.006007471165503375
Herwig_plus,18,MUR1.0_MUF1.0_PDF13313,pdf,8,1.52,1.74,0.6450952887535095,0.6450958847999573,1.000000923966518,9.239665246241202e-07,9.239665246241202e-07,9.239665246241202e-05
Herwig_plus,18,MUR1.0_MUF1.0_PDF13313,pdf,9,1.74,1.95,0.6222162246704102,0.6221835017204285,0.999947409037752,-5.259096360532567e-05,5.259096360532567e-05,-0.005259096360532567
Herwig_plus,18,MUR1.0_MUF1.0_PDF13313,pdf,10,1.95,2.18,0.6321878433227539,0.6321689486503601,0.999970112249716,-2.988774940604344e-05,2.988774940604344e-05,-0.002988774940604344
Herwig_plus,18,MUR1.0_MUF1.0_PDF13313,pdf,11,2.18,2.5,0.6375429630279541,0.6375065445899963,0.9999428768881946,-5.712311030947603e-05,5.712311030947603e-05,-0.005712311030947603
Herwig_plus,19,MUR1.0_MUF1.0_PDF13314,pdf,1,0.0,0.21,0.665374219417572,0.6653561592102051,0.9999728570677374,-2.7142932594870217e-05,2.7142932594870217e-05,-0.0027142932594870217
Herwig_plus,19,MUR1.0_MUF1.0_PDF13314,pdf,2,0.21,0.42,0.6719119548797607,0.6718841195106506,0.9999585728920166,-4.142710895393975e-05,4.142710895393975e-05,-0.004142710895393975
Herwig_plus,19,MUR1.0_MUF1.0_PDF13314,pdf,3,0.42,0.63,0.6914249062538147,0.6914109587669373,0.999979827907917,-2.0172092263237573e-05,2.0172092263237573e-05,-0.0020172092263237573
Herwig_plus,19,MUR1.0_MUF1.0_PDF13314,pdf,4,0.63,0.84,0.6939395666122437,0.6939207911491394,0.9999729436625211,-2.7056337785325013e-05,2.7056337785325013e-05,-0.0027056337785325013
Herwig_plus,19,MUR1.0_MUF1.0_PDF13314,pdf,5,0.84,1.05,0.6589977741241455,0.6589679718017578,0.9999547762927921,-4.522370727499947e-05,4.522370727499947e-05,-0.004522370727499947
Herwig_plus,19,MUR1.0_MUF1.0_PDF13314,pdf,6,1.05,1.37,0.6422200798988342,0.642194926738739,0.9999608340491328,-3.916595233022235e-05,3.916595233022235e-05,-0.003916595233022235
Herwig_plus,19,MUR1.0_MUF1.0_PDF13314,pdf,7,1.37,1.52,0.7223036289215088,0.7222586274147034,0.9999376972439241,-6.230275903362781e-05,6.230275903362781e-05,-0.006230275903362781
Herwig_plus,19,MUR1.0_MUF1.0_PDF13314,pdf,8,1.52,1.74,0.6450952887535095,0.6450968384742737,1.000002402312947,2.4023129299166612e-06,2.4023129299166612e-06,0.00024023129299166612
Herwig_plus,19,MUR1.0_MUF1.0_PDF13314,pdf,9,1.74,1.95,0.6222162246704102,0.6221824884414673,0.9999457805380103,-5.421946116257459e-05,5.421946116257459e-05,-0.005421946116257459
Herwig_plus,19,MUR1.0_MUF1.0_PDF13314,pdf,10,1.95,2.18,0.6321878433227539,0.6321677565574646,0.9999682265872375,-3.1773412047186866e-05,3.1773412047186866e-05,-0.0031773412047186866
Herwig_plus,19,MUR1.0_MUF1.0_PDF13314,pdf,11,2.18,2.5,0.6375429630279541,0.6375054121017456,0.999941100555749,-5.889944441150874e-05,5.889944441150874e-05,-0.005889944441150874
Herwig_plus,20,MUR1.0_MUF1.0_PDF13315,pdf,1,0.0,0.21,0.665374219417572,0.66535484790802,0.9999708862937777,-2.9113705750205554e-05,2.9113705750205554e-05,-0.0029113705750205554
Herwig_plus,20,MUR1.0_MUF1.0_PDF13315,pdf,2,0.21,0.42,0.6719119548797607,0.6718831062316895,0.9999570648388353,-4.293516030884348e-05,4.293516030884348e-05,-0.004293516030884348
Herwig_plus,20,MUR1.0_MUF1.0_PDF13315,pdf,3,0.42,0.63,0.6914249062538147,0.6914113759994507,0.999980431346569,-1.9568653442547657e-05,1.9568653442547657e-05,-0.0019568653442547657
Herwig_plus,20,MUR1.0_MUF1.0_PDF13315,pdf,4,0.63,0.84,0.6939395666122437,0.6939195394515991,0.9999711399066892,-2.8860093152616173e-05,2.8860093152616173e-05,-0.0028860093152616173
Herwig_plus,20,MUR1.0_MUF1.0_PDF13315,pdf,5,0.84,1.05,0.6589977741241455,0.6589682698249817,0.9999552285298641,-4.47714701294899e-05,4.47714701294899e-05,-0.00447714701294899
Herwig_plus,20,MUR1.0_MUF1.0_PDF13315,pdf,6,1.05,1.37,0.6422200798988342,0.6421945095062256,0.9999601843769621,-3.981562258559279e-05,3.981562258559279e-05,-0.003981562258559279
Herwig_plus,20,MUR1.0_MUF1.0_PDF13315,pdf,7,1.37,1.52,0.7223036289215088,0.7222565412521362,0.9999348090366889,-6.519096496049315e-05,6.519096496049315e-05,-0.006519096496049315
Herwig_plus,20,MUR1.0_MUF1.0_PDF13315,pdf,8,1.52,1.74,0.6450952887535095,0.6450978517532349,1.0000039730560275,3.973056209360948e-06,3.973056209360948e-06,0.0003973056209360948
Herwig_plus,20,MUR1.0_MUF1.0_PDF13315,pdf,9,1.74,1.95,0.6222162246704102,0.6221798658370972,0.9999415655975024,-5.8434401580598205e-05,5.8434401580598205e-05,-0.0058434401580598205
Herwig_plus,20,MUR1.0_MUF1.0_PDF13315,pdf,10,1.95,2.18,0.6321878433227539,0.6321671009063721,0.9999671894728743,-3.281052704551257e-05,3.281052704551257e-05,-0.003281052704551257
Herwig_plus,20,MUR1.0_MUF1.0_PDF13315,pdf,11,2.18,2.5,0.6375429630279541,0.637504518032074,0.9999396981880287,-6.030181248206645e-05,6.030181248206645e-05,-0.006030181248206645
Herwig_plus,21,MUR1.0_MUF1.0_PDF13316,pdf,1,0.0,0.21,0.665374219417572,0.6653544306755066,0.999970259229336,-2.9740771424258128e-05,2.9740771424258128e-05,-0.0029740771424258128
Herwig_plus,21,MUR1.0_MUF1.0_PDF13316,pdf,2,0.21,0.42,0.6719119548797607,0.6718841195106506,0.9999585728920166,-4.142710895393975e-05,4.142710895393975e-05,-0.004142710895393975
Herwig_plus,21,MUR1.0_MUF1.0_PDF13316,pdf,3,0.42,0.63,0.6914249062538147,0.6914116740226746,0.9999808623741776,-1.913762571348343e-05,1.913762571348343e-05,-0.001913762571348343
Herwig_plus,21,MUR1.0_MUF1.0_PDF13316,pdf,4,0.63,0.84,0.6939395666122437,0.6939190626144409,0.9999704527616103,-2.9547238227678463e-05,2.9547238227678463e-05,-0.0029547238227678463
Herwig_plus,21,MUR1.0_MUF1.0_PDF13316,pdf,5,0.84,1.05,0.6589977741241455,0.658965528011322,0.999951067948801,-4.893205186817795e-05,4.893205186817795e-05,-0.004893205186817795
Herwig_plus,21,MUR1.0_MUF1.0_PDF13316,pdf,6,1.05,1.37,0.6422200798988342,0.6421942114830017,0.9999597203254115,-4.0279675886267796e-05,4.0279675886267796e-05,-0.00402796758862678
Herwig_plus,21,MUR1.0_MUF1.0_PDF13316,pdf,7,1.37,1.52,0.7223036289215088,0.7222527265548706,0.9999295277434586,-7.047225517453626e-05,7.047225517453626e-05,-0.007047225517453626
Herwig_plus,21,MUR1.0_MUF1.0_PDF13316,pdf,8,1.52,1.74,0.6450952887535095,0.6450982689857483,1.0000046198325903,4.6198324525903445e-06,4.6198324525903445e-06,0.00046198324525903445
Herwig_plus,21,MUR1.0_MUF1.0_PDF13316,pdf,9,1.74,1.95,0.6222162246704102,0.622179388999939,0.9999407992446827,-5.92007563682273e-05,5.92007563682273e-05,-0.00592007563682273
Herwig_plus,21,MUR1.0_MUF1.0_PDF13316,pdf,10,1.95,2.18,0.6321878433227539,0.6321657299995422,0.9999650209610241,-3.497903890092857e-05,3.497903890092857e-05,-0.003497903890092857
Herwig_plus,21,MUR1.0_MUF1.0_PDF13316,pdf,11,2.18,2.5,0.6375429630279541,0.6375026702880859,0.9999367999614068,-6.320003740256652e-05,6.320003740256652e-05,-0.006320003740256652
Herwig_plus,22,MUR1.0_MUF1.0_PDF13317,pdf,1,0.0,0.21,0.665374219417572,0.6653534173965454,0.999968736358549,-3.126364026684314e-05,3.126364026684314e-05,-0.003126364026684314
Herwig_plus,22,MUR1.0_MUF1.0_PDF13317,pdf,2,0.21,0.42,0.6719119548797607,0.6718833446502686,0.999957419674878,-4.258032640791498e-05,4.258032640791498e-05,-0.004258032640791498
Herwig_plus,22,MUR1.0_MUF1.0_PDF13317,pdf,3,0.42,0.63,0.6914249062538147,0.6914123296737671,0.9999818106349166,-1.8189364709542133e-05,1.8189364709542133e-05,-0.0018189364709542133
Herwig_plus,22,MUR1.0_MUF1.0_PDF13317,pdf,4,0.63,0.84,0.6939395666122437,0.6939196586608887,0.9999713116929588,-2.8688307793345302e-05,2.8688307793345302e-05,-0.0028688307793345302
Herwig_plus,22,MUR1.0_MUF1.0_PDF13317,pdf,5,0.84,1.05,0.6589977741241455,0.6589652895927429,0.9999507061591433,-4.929384158458561e-05,4.929384158458561e-05,-0.004929384158458561
Herwig_plus,22,MUR1.0_MUF1.0_PDF13317,pdf,6,1.05,1.37,0.6422200798988342,0.6421932578086853,0.9999582353604497,-4.176464062766172e-05,4.176464062766172e-05,-0.004176464062766172
Herwig_plus,22,MUR1.0_MUF1.0_PDF13317,pdf,7,1.37,1.52,0.7223036289215088,0.7222514152526855,0.9999277122989106,-7.228770118672401e-05,7.228770118672401e-05,-0.007228770118672401
Herwig_plus,22,MUR1.0_MUF1.0_PDF13317,pdf,8,1.52,1.74,0.6450952887535095,0.645100474357605,1.000008038508707,8.03850889496971e-06,8.03850889496971e-06,0.0008038508894969709
Herwig_plus,22,MUR1.0_MUF1.0_PDF13317,pdf,9,1.74,1.95,0.6222162246704102,0.6221768856048584,0.9999367758923795,-6.322410627035424e-05,6.322410627035424e-05,-0.006322410627035424
Herwig_plus,22,MUR1.0_MUF1.0_PDF13317,pdf,10,1.95,2.18,0.6321878433227539,0.6321658492088318,0.999965209527272,-3.479047154542059e-05,3.479047154542059e-05,-0.0034790471545420587
Herwig_plus,22,MUR1.0_MUF1.0_PDF13317,pdf,11,2.18,2.5,0.6375429630279541,0.6374998092651367,0.999932312384702,-6.76876152283512e-05,6.76876152283512e-05,-0.0067687615228351206
Herwig_plus,23,MUR1.0_MUF1.0_PDF13318,pdf,1,0.0,0.21,0.665374219417572,0.6653549075126648,0.9999709758744123,-2.902412597904913e-05,2.902412597904913e-05,-0.002902412597904913
Herwig_plus,23,MUR1.0_MUF1.0_PDF13318,pdf,2,0.21,0.42,0.6719119548797607,0.671881377696991,0.9999544922775258,-4.550772428046912e-05,4.550772428046912e-05,-0.004550772428046912
Herwig_plus,23,MUR1.0_MUF1.0_PDF13318,pdf,3,0.42,0.63,0.6914249062538147,0.6914119124412537,0.9999812071962645,-1.879280353023205e-05,1.879280353023205e-05,-0.001879280353023205
Herwig_plus,23,MUR1.0_MUF1.0_PDF13318,pdf,4,0.63,0.84,0.6939395666122437,0.6939184665679932,0.9999695938302617,-3.0406170481001027e-05,3.0406170481001027e-05,-0.0030406170481001027
Herwig_plus,23,MUR1.0_MUF1.0_PDF13318,pdf,5,0.84,1.05,0.6589977741241455,0.6589648723602295,0.9999500730272424,-4.9926973588299006e-05,4.9926973588299006e-05,-0.004992697358829901
Herwig_plus,23,MUR1.0_MUF1.0_PDF13318,pdf,6,1.05,1.37,0.6422200798988342,0.6421926617622375,0.9999573072573487,-4.269274359103292e-05,4.269274359103292e-05,-0.004269274359103292
Herwig_plus,23,MUR1.0_MUF1.0_PDF13318,pdf,7,1.37,1.52,0.7223036289215088,0.7222492694854736,0.9999247415714686,-7.525843102484941e-05,7.525843102484941e-05,-0.0075258431024849415
Herwig_plus,23,MUR1.0_MUF1.0_PDF13318,pdf,8,1.52,1.74,0.6450952887535095,0.6451014280319214,1.0000095168551357,9.516855243418831e-06,9.516855243418831e-06,0.0009516855243418831
Herwig_plus,23,MUR1.0_MUF1.0_PDF13318,pdf,9,1.74,1.95,0.6222162246704102,0.6221757531166077,0.9999349558044329,-6.504419434349984e-05,6.504419434349984e-05,-0.006504419434349984
Herwig_plus,23,MUR1.0_MUF1.0_PDF13318,pdf,10,1.95,2.18,0.6321878433227539,0.6321649551391602,0.9999637952804131,-3.620472125476226e-05,3.620472125476226e-05,-0.003620472125476226
Herwig_plus,23,MUR1.0_MUF1.0_PDF13318,pdf,11,2.18,2.5,0.6375429630279541,0.6374980211257935,0.9999295076492615,-7.049235136946663e-05,7.049235136946663e-05,-0.007049235136946663
Herwig_plus,24,MUR1.0_MUF1.0_PDF13319,pdf,1,0.0,0.21,0.665374219417572,0.6653552055358887,0.9999714237775849,-2.8576221666298807e-05,2.8576221666298807e-05,-0.0028576221666298807
Herwig_plus,24,MUR1.0_MUF1.0_PDF13319,pdf,2,0.21,0.42,0.6719119548797607,0.6718814373016357,0.9999545809865364,-4.541901216725819e-05,4.541901216725819e-05,-0.004541901216725819
Herwig_plus,24,MUR1.0_MUF1.0_PDF13319,pdf,3,0.42,0.63,0.6914249062538147,0.6914127469062805,0.9999824140735687,-1.7585925888852216e-05,1.7585925888852216e-05,-0.0017585925888852216
Herwig_plus,24,MUR1.0_MUF1.0_PDF13319,pdf,4,0.63,0.84,0.6939395666122437,0.6939200162887573,0.999971827051768,-2.8172948077553883e-05,2.8172948077553883e-05,-0.0028172948077553883
Herwig_plus,24,MUR1.0_MUF1.0_PDF13319,pdf,5,0.84,1.05,0.6589977741241455,0.6589618921279907,0.9999455506565216,-5.4449345043394715e-05,5.4449345043394715e-05,-0.0054449345043394715
Herwig_plus,24,MUR1.0_MUF1.0_PDF13319,pdf,6,1.05,1.37,0.6422200798988342,0.6421916484832764,0.9999557294820767,-4.427051680977456e-05,4.427051680977456e-05,-0.004427051680977456
Herwig_plus,24,MUR1.0_MUF1.0_PDF13319,pdf,7,1.37,1.52,0.7223036289215088,0.7222466468811035,0.9999211106823728,-7.88893157732673e-05,7.88893157732673e-05,-0.00788893157732673
Herwig_plus,24,MUR1.0_MUF1.0_PDF13319,pdf,8,1.52,1.74,0.6450952887535095,0.645103394985199,1.0000125659446453,1.256594441656489e-05,1.256594441656489e-05,0.001256594441656489
Herwig_plus,24,MUR1.0_MUF1.0_PDF13319,pdf,9,1.74,1.95,0.6222162246704102,0.6221754550933838,0.9999344768339206,-6.552316335728392e-05,6.552316335728392e-05,-0.006552316335728392
Herwig_plus,24,MUR1.0_MUF1.0_PDF13319,pdf,10,1.95,2.18,0.6321878433227539,0.6321653127670288,0.9999643609791566,-3.563901918823831e-05,3.563901918823831e-05,-0.003563901918823831
Herwig_plus,24,MUR1.0_MUF1.0_PDF13319,pdf,11,2.18,2.5,0.6375429630279541,0.6374948620796204,0.9999245526166499,-7.544738036813214e-05,7.544738036813214e-05,-0.007544738036813214
Herwig_plus,25,MUR1.0_MUF1.0_PDF13320,pdf,1,0.0,0.21,0.665374219417572,0.6653549671173096,0.9999710654550468,-2.8934544388903305e-05,2.8934544388903305e-05,-0.0028934544388903305
Herwig_plus,25,MUR1.0_MUF1.0_PDF13320,pdf,2,0.21,0.42,0.6719119548797607,0.6718813180923462,0.9999544035685151,-4.5596432755701244e-05,4.5596432755701244e-05,-0.004559643275570124
Herwig_plus,25,MUR1.0_MUF1.0_PDF13320,pdf,3,0.42,0.63,0.6914249062538147,0.6914142370223999,0.9999845692116117,-1.543078906252049e-05,1.543078906252049e-05,-0.001543078906252049
Herwig_plus,25,MUR1.0_MUF1.0_PDF13320,pdf,4,0.63,0.84,0.6939395666122437,0.6939201354980469,0.9999719988380377,-2.8001162718283013e-05,2.8001162718283013e-05,-0.0028001162718283013
Herwig_plus,25,MUR1.0_MUF1.0_PDF13320,pdf,5,0.84,1.05,0.6589977741241455,0.6589615941047668,0.9999450984194496,-5.4901582188904285e-05,5.4901582188904285e-05,-0.0054901582188904285
Herwig_plus,25,MUR1.0_MUF1.0_PDF13320,pdf,6,1.05,1.37,0.6422200798988342,0.6421918272972107,0.9999560079130071,-4.3992087739752606e-05,4.3992087739752606e-05,-0.0043992087739752606
Herwig_plus,25,MUR1.0_MUF1.0_PDF13320,pdf,7,1.37,1.52,0.7223036289215088,0.72224360704422,0.9999169021518299,-8.309784607263282e-05,8.309784607263282e-05,-0.008309784607263282
Herwig_plus,25,MUR1.0_MUF1.0_PDF13320,pdf,8,1.52,1.74,0.6450952887535095,0.645103394985199,1.0000125659446453,1.256594441656489e-05,1.256594441656489e-05,0.001256594441656489
Herwig_plus,25,MUR1.0_MUF1.0_PDF13320,pdf,9,1.74,1.95,0.6222162246704102,0.6221727728843689,0.9999301660993102,-6.983389903325588e-05,6.983389903325588e-05,-0.0069833899033255875
Herwig_plus,25,MUR1.0_MUF1.0_PDF13320,pdf,10,1.95,2.18,0.6321878433227539,0.6321641206741333,0.9999624753166781,-3.7524681829381734e-05,3.7524681829381734e-05,-0.0037524681829381734
Herwig_plus,25,MUR1.0_MUF1.0_PDF13320,pdf,11,2.18,2.5,0.6375429630279541,0.6374930143356323,0.999921654390028,-7.834561256458983e-05,7.834561256458983e-05,-0.007834561256458983
Herwig_plus,26,MUR1.0_MUF1.0_PDF13321,pdf,1,0.0,0.21,0.665374219417572,0.6653549075126648,0.9999709758744123,-2.902412597904913e-05,2.902412597904913e-05,-0.002902412597904913
Herwig_plus,26,MUR1.0_MUF1.0_PDF13321,pdf,2,0.21,0.42,0.6719119548797607,0.6718795299530029,0.999951742298195,-4.82577015645802e-05,4.82577015645802e-05,-0.00482577015645802
Herwig_plus,26,MUR1.0_MUF1.0_PDF13321,pdf,3,0.42,0.63,0.6914249062538147,0.6914141774177551,0.99998448300609,-1.5516994608333334e-05,1.5516994608333334e-05,-0.0015516994608333334
Herwig_plus,26,MUR1.0_MUF1.0_PDF13321,pdf,4,0.63,0.84,0.6939395666122437,0.6939193606376648,0.9999708822272846,-2.9117773010511883e-05,2.9117773010511883e-05,-0.0029117773010511883
Herwig_plus,26,MUR1.0_MUF1.0_PDF13321,pdf,5,0.84,1.05,0.6589977741241455,0.6589608788490295,0.9999440130504765,-5.5986951338127255e-05,5.5986951338127255e-05,-0.0055986951338127255
Herwig_plus,26,MUR1.0_MUF1.0_PDF13321,pdf,6,1.05,1.37,0.6422200798988342,0.642191469669342,0.9999554510511464,-4.454894951777533e-05,4.454894951777533e-05,-0.004454894951777533
Herwig_plus,26,MUR1.0_MUF1.0_PDF13321,pdf,7,1.37,1.52,0.7223036289215088,0.722242534160614,0.9999154167881089,-8.458321099169552e-05,8.458321099169552e-05,-0.008458321099169552
Herwig_plus,26,MUR1.0_MUF1.0_PDF13321,pdf,8,1.52,1.74,0.6450952887535095,0.6451050043106079,1.0000150606542442,1.5060653822729364e-05,1.5060653822729364e-05,0.0015060653822729364
Herwig_plus,26,MUR1.0_MUF1.0_PDF13321,pdf,9,1.74,1.95,0.6222162246704102,0.6221714019775391,0.9999279628349537,-7.203716813819483e-05,7.203716813819483e-05,-0.007203716813819483
Herwig_plus,26,MUR1.0_MUF1.0_PDF13321,pdf,10,1.95,2.18,0.6321878433227539,0.6321635842323303,0.9999616267685628,-3.837323311017826e-05,3.837323311017826e-05,-0.003837323311017826
Herwig_plus,26,MUR1.0_MUF1.0_PDF13321,pdf,11,2.18,2.5,0.6375429630279541,0.637492835521698,0.999921373916484,-7.862608617870137e-05,7.862608617870137e-05,-0.007862608617870137
Herwig_plus,27,MUR1.0_MUF1.0_PDF13322,pdf,1,0.0,0.21,0.665374219417572,0.6653551459312439,0.9999713341969504,-2.8665803256444633e-05,2.8665803256444633e-05,-0.0028665803256444633
Herwig_plus,27,MUR1.0_MUF1.0_PDF13322,pdf,2,0.21,0.42,0.6719119548797607,0.6718794107437134,0.9999515648801737,-4.843511851504445e-05,4.843511851504445e-05,-0.004843511851504445
Herwig_plus,27,MUR1.0_MUF1.0_PDF13322,pdf,3,0.42,0.63,0.6914249062538147,0.6914146542549133,0.9999851726502638,-1.482734933233587e-05,1.482734933233587e-05,-0.001482734933233587
Herwig_plus,27,MUR1.0_MUF1.0_PDF13322,pdf,4,0.63,0.84,0.6939395666122437,0.6939194202423096,0.9999709681204194,-2.9031880330876447e-05,2.9031880330876447e-05,-0.0029031880330876447
Herwig_plus,27,MUR1.0_MUF1.0_PDF13322,pdf,5,0.84,1.05,0.6589977741241455,0.6589604616165161,0.9999433799185756,-5.662007970386185e-05,5.662007970386185e-05,-0.005662007970386185
Herwig_plus,27,MUR1.0_MUF1.0_PDF13322,pdf,6,1.05,1.37,0.6422200798988342,0.6421915888786316,0.9999556366717666,-4.4363328925101086e-05,4.4363328925101086e-05,-0.004436332892510109
Herwig_plus,27,MUR1.0_MUF1.0_PDF13322,pdf,7,1.37,1.52,0.7223036289215088,0.7222400307655334,0.9999119509394265,-8.80490624695085e-05,8.80490624695085e-05,-0.00880490624695085
Herwig_plus,27,MUR1.0_MUF1.0_PDF13322,pdf,8,1.52,1.74,0.6450952887535095,0.6451054811477661,1.0000157998274586,1.5799827451701276e-05,1.5799827451701276e-05,0.0015799827451701276
Herwig_plus,27,MUR1.0_MUF1.0_PDF13322,pdf,9,1.74,1.95,0.6222162246704102,0.6221697926521301,0.9999253763941873,-7.462360372301191e-05,7.462360372301191e-05,-0.007462360372301191
Herwig_plus,27,MUR1.0_MUF1.0_PDF13322,pdf,10,1.95,2.18,0.6321878433227539,0.632162868976593,0.9999604953710758,-3.9504629967268556e-05,3.9504629967268556e-05,-0.003950462996726856
Herwig_plus,27,MUR1.0_MUF1.0_PDF13322,pdf,11,2.18,2.5,0.6375429630279541,0.6374910473823547,0.9999185691810434,-8.14308223198168e-05,8.14308223198168e-05,-0.00814308223198168
Herwig_plus,28,MUR1.0_MUF1.0_PDF13323,pdf,1,0.0,0.21,0.665374219417572,0.6653546094894409,0.9999705279712396,-2.9472028472810052e-05,2.9472028472810052e-05,-0.0029472028472810052
Herwig_plus,28,MUR1.0_MUF1.0_PDF13323,pdf,2,0.21,0.42,0.6719119548797607,0.6718789339065552,0.9999508552080882,-4.914479359285906e-05,4.914479359285906e-05,-0.004914479359285906
Herwig_plus,28,MUR1.0_MUF1.0_PDF13323,pdf,3,0.42,0.63,0.6914249062538147,0.6914146542549133,0.9999851726502638,-1.482734933233587e-05,1.482734933233587e-05,-0.001482734933233587
Herwig_plus,28,MUR1.0_MUF1.0_PDF13323,pdf,4,0.63,0.84,0.6939395666122437,0.6939200758934021,0.9999719129449028,-2.8087055397918448e-05,2.8087055397918448e-05,-0.002808705539791845
Herwig_plus,28,MUR1.0_MUF1.0_PDF13323,pdf,5,0.84,1.05,0.6589977741241455,0.6589598059654236,0.999942384997017,-5.76150014239829e-05,5.76150014239829e-05,-0.00576150014239829
Herwig_plus,28,MUR1.0_MUF1.0_PDF13323,pdf,6,1.05,1.37,0.6422200798988342,0.6421923041343689,0.9999567503954879,-4.3249605369055644e-05,4.3249605369055644e-05,-0.004324960536905564
Herwig_plus,28,MUR1.0_MUF1.0_PDF13323,pdf,7,1.37,1.52,0.7223036289215088,0.7222378849983215,0.9999089802119845,-9.101978503167629e-05,9.101978503167629e-05,-0.00910197850316763
Herwig_plus,28,MUR1.0_MUF1.0_PDF13323,pdf,8,1.52,1.74,0.6450952887535095,0.6451080441474915,1.000019772883486,1.9772884115809575e-05,1.9772884115809575e-05,0.0019772884115809575
Herwig_plus,28,MUR1.0_MUF1.0_PDF13323,pdf,9,1.74,1.95,0.6222162246704102,0.6221684813499451,0.9999232689239334,-7.673107757000253e-05,7.673107757000253e-05,-0.007673107757000253
Herwig_plus,28,MUR1.0_MUF1.0_PDF13323,pdf,10,1.95,2.18,0.6321878433227539,0.6321624517440796,0.9999598353892083,-4.016461025457829e-05,4.016461025457829e-05,-0.004016461025457829
Herwig_plus,28,MUR1.0_MUF1.0_PDF13323,pdf,11,2.18,2.5,0.6375429630279541,0.6374889612197876,0.9999152969896962,-8.470300963381305e-05,8.470300963381305e-05,-0.008470300963381305
Herwig_plus,29,MUR1.0_MUF1.0_PDF13324,pdf,1,0.0,0.21,0.665374219417572,0.6653541326522827,0.9999698113261634,-3.018867391801905e-05,3.018867391801905e-05,-0.003018867391801905
Herwig_plus,29,MUR1.0_MUF1.0_PDF13324,pdf,2,0.21,0.42,0.6719119548797607,0.6718775629997253,0.9999488149008429,-5.118509943713434e-05,5.118509943713434e-05,-0.005118509943713434
Herwig_plus,29,MUR1.0_MUF1.0_PDF13324,pdf,3,0.42,0.63,0.6914249062538147,0.6914145350456238,0.9999850002392203,-1.4999760423961561e-05,1.4999760423961561e-05,-0.0014999760423961561
Herwig_plus,29,MUR1.0_MUF1.0_PDF13324,pdf,4,0.63,0.84,0.6939395666122437,0.6939204335212708,0.9999724283037119,-2.757169568212703e-05,2.757169568212703e-05,-0.002757169568212703
Herwig_plus,29,MUR1.0_MUF1.0_PDF13324,pdf,5,0.84,1.05,0.6589977741241455,0.6589586138725281,0.9999405760487288,-5.942395000602119e-05,5.942395000602119e-05,-0.005942395000602119
Herwig_plus,29,MUR1.0_MUF1.0_PDF13324,pdf,6,1.05,1.37,0.6422200798988342,0.6421902775764465,0.9999535948449442,-4.640515544451773e-05,4.640515544451773e-05,-0.004640515544451773
Herwig_plus,29,MUR1.0_MUF1.0_PDF13324,pdf,7,1.37,1.52,0.7223036289215088,0.7222351431846619,0.9999051842824752,-9.481571760261431e-05,9.481571760261431e-05,-0.009481571760261431
Herwig_plus,29,MUR1.0_MUF1.0_PDF13324,pdf,8,1.52,1.74,0.6450952887535095,0.6451085805892944,1.0000206044533524,2.06044533115346e-05,2.06044533115346e-05,0.00206044533115346
Herwig_plus,29,MUR1.0_MUF1.0_PDF13324,pdf,9,1.74,1.95,0.6222162246704102,0.6221667528152466,0.9999204908949622,-7.950910367071629e-05,7.950910367071629e-05,-0.007950910367071629
Herwig_plus,29,MUR1.0_MUF1.0_PDF13324,pdf,10,1.95,2.18,0.6321878433227539,0.6321617364883423,0.9999587039917212,-4.129600711166859e-05,4.129600711166859e-05,-0.004129600711166859
Herwig_plus,29,MUR1.0_MUF1.0_PDF13324,pdf,11,2.18,2.5,0.6375429630279541,0.6374872326850891,0.999912585745437,-8.741425699554384e-05,8.741425699554384e-05,-0.008741425699554384
Herwig_plus,30,MUR1.0_MUF1.0_PDF13325,pdf,1,0.0,0.21,0.665374219417572,0.6653552651405334,0.9999715133582194,-2.8486641895142384e-05,2.8486641895142384e-05,-0.0028486641895142384
Herwig_plus,30,MUR1.0_MUF1.0_PDF13325,pdf,2,0.21,0.42,0.6719119548797607,0.6718770861625671,0.9999481052287574,-5.189477087697014e-05,5.189477087697014e-05,-0.005189477087697014
Herwig_plus,30,MUR1.0_MUF1.0_PDF13325,pdf,3,0.42,0.63,0.6914249062538147,0.6914147734642029,0.9999853450613072,-1.465493824071018e-05,1.465493824071018e-05,-0.001465493824071018
Herwig_plus,30,MUR1.0_MUF1.0_PDF13325,pdf,4,0.63,0.84,0.6939395666122437,0.6939195990562439,0.999971225799824,-2.8774200472980738e-05,2.8774200472980738e-05,-0.0028774200472980738
Herwig_plus,30,MUR1.0_MUF1.0_PDF13325,pdf,5,0.84,1.05,0.6589977741241455,0.6589571833610535,0.9999384053107827,-6.159469194244593e-05,6.159469194244593e-05,-0.006159469194244593
Herwig_plus,30,MUR1.0_MUF1.0_PDF13325,pdf,6,1.05,1.37,0.6422200798988342,0.6421915292739868,0.9999555438614565,-4.44561374024488e-05,4.44561374024488e-05,-0.00444561374024488
Herwig_plus,30,MUR1.0_MUF1.0_PDF13325,pdf,7,1.37,1.52,0.7223036289215088,0.722234308719635,0.9999040289995811,-9.597100142855197e-05,9.597100142855197e-05,-0.009597100142855197
Herwig_plus,30,MUR1.0_MUF1.0_PDF13325,pdf,8,1.52,1.74,0.6450952887535095,0.6451085209846497,1.0000205120567005,2.0512055925792083e-05,2.0512055925792083e-05,0.0020512055925792083
Herwig_plus,30,MUR1.0_MUF1.0_PDF13325,pdf,9,1.74,1.95,0.6222162246704102,0.6221656799316406,0.999918766601118,-8.123339648591354e-05,8.123339648591354e-05,-0.008123339648591354
Herwig_plus,30,MUR1.0_MUF1.0_PDF13325,pdf,10,1.95,2.18,0.6321878433227539,0.6321606040000916,0.9999569126123666,-4.3087387894047424e-05,4.3087387894047424e-05,-0.004308738789404742
Herwig_plus,30,MUR1.0_MUF1.0_PDF13325,pdf,11,2.18,2.5,0.6375429630279541,0.6374843120574951,0.9999080046775508,-9.199532360071316e-05,9.199532360071316e-05,-0.009199532360071316
Herwig_plus,31,MUR1.0_MUF1.0_PDF13326,pdf,1,0.0,0.21,0.665374219417572,0.6653542518615723,0.9999699904874324,-3.00095125567168e-05,3.00095125567168e-05,-0.00300095125567168
Herwig_plus,31,MUR1.0_MUF1.0_PDF13326,pdf,2,0.21,0.42,0.6719119548797607,0.6718769073486328,0.9999478391017255,-5.216089994064532e-05,5.216089994064532e-05,-0.005216089994064532
Herwig_plus,31,MUR1.0_MUF1.0_PDF13326,pdf,3,0.42,0.63,0.6914249062538147,0.6914152503013611,0.999986034705481,-1.396529478370212e-05,1.396529478370212e-05,-0.001396529478370212
Herwig_plus,31,MUR1.0_MUF1.0_PDF13326,pdf,4,0.63,0.84,0.6939395666122437,0.6939204335212708,0.9999724283037119,-2.757169568212703e-05,2.757169568212703e-05,-0.002757169568212703
Herwig_plus,31,MUR1.0_MUF1.0_PDF13326,pdf,5,0.84,1.05,0.6589977741241455,0.6589564681053162,0.9999373199418098,-6.26800610916689e-05,6.26800610916689e-05,-0.00626800610916689
Herwig_plus,31,MUR1.0_MUF1.0_PDF13326,pdf,6,1.05,1.37,0.6422200798988342,0.6421886086463928,0.999950996156261,-4.90038437419571e-05,4.90038437419571e-05,-0.00490038437419571
Herwig_plus,31,MUR1.0_MUF1.0_PDF13326,pdf,7,1.37,1.52,0.7223036289215088,0.7222301959991455,0.9998983351053172,-0.0001016648966469802,0.0001016648966469802,-0.01016648966469802
Herwig_plus,31,MUR1.0_MUF1.0_PDF13326,pdf,8,1.52,1.74,0.6450952887535095,0.6451101303100586,1.0000230067662992,2.300676715094596e-05,2.300676715094596e-05,0.002300676715094596
Herwig_plus,31,MUR1.0_MUF1.0_PDF13326,pdf,9,1.74,1.95,0.6222162246704102,0.6221634149551392,0.9999151264252246,-8.487357263220474e-05,8.487357263220474e-05,-0.008487357263220474
Herwig_plus,31,MUR1.0_MUF1.0_PDF13326,pdf,10,1.95,2.18,0.6321878433227539,0.6321603655815125,0.999956535479871,-4.346451896708459e-05,4.346451896708459e-05,-0.004346451896708459
Herwig_plus,31,MUR1.0_MUF1.0_PDF13326,pdf,11,2.18,2.5,0.6375429630279541,0.6374834179878235,0.9999066023098305,-9.339769167127088e-05,9.339769167127088e-05,-0.009339769167127088
Herwig_plus,32,MUR1.0_MUF1.0_PDF13327,pdf,1,0.0,0.21,0.665374219417572,0.6653540730476379,0.9999697217455288,-3.027825368917547e-05,3.027825368917547e-05,-0.003027825368917547
Herwig_plus,32,MUR1.0_MUF1.0_PDF13327,pdf,2,0.21,0.42,0.6719119548797607,0.6718759536743164,0.9999464197575547,-5.3580242820316926e-05,5.3580242820316926e-05,-0.0053580242820316926
Herwig_plus,32,MUR1.0_MUF1.0_PDF13327,pdf,3,0.42,0.63,0.6914249062538147,0.6914160847663879,0.9999872415827851,-1.2758417142322287e-05,1.2758417142322287e-05,-0.0012758417142322287
Herwig_plus,32,MUR1.0_MUF1.0_PDF13327,pdf,4,0.63,0.84,0.6939395666122437,0.6939205527305603,0.9999726000899817,-2.7399910322856158e-05,2.7399910322856158e-05,-0.002739991032285616
Herwig_plus,32,MUR1.0_MUF1.0_PDF13327,pdf,5,0.84,1.05,0.6589977741241455,0.6589565873146057,0.9999375008366386,-6.249916623346508e-05,6.249916623346508e-05,-0.0062499166233465075
Herwig_plus,32,MUR1.0_MUF1.0_PDF13327,pdf,6,1.05,1.37,0.6422200798988342,0.6421891450881958,0.999951831449052,-4.816854925593361e-05,4.816854925593361e-05,-0.004816854925593361
Herwig_plus,32,MUR1.0_MUF1.0_PDF13327,pdf,7,1.37,1.52,0.7223036289215088,0.7222294807434082,0.9998973448628365,-0.00010265513992635533,0.00010265513992635533,-0.010265513992635533
Herwig_plus,32,MUR1.0_MUF1.0_PDF13327,pdf,8,1.52,1.74,0.6450952887535095,0.6451110243797302,1.0000243927160763,2.4392715204157867e-05,2.4392715204157867e-05,0.0024392715204157867
Herwig_plus,32,MUR1.0_MUF1.0_PDF13327,pdf,9,1.74,1.95,0.6222162246704102,0.6221622824668884,0.999913306337278,-8.669366070535034e-05,8.669366070535034e-05,-0.008669366070535034
Herwig_plus,32,MUR1.0_MUF1.0_PDF13327,pdf,10,1.95,2.18,0.6321878433227539,0.6321601867675781,0.9999562526304991,-4.374736818135716e-05,4.374736818135716e-05,-0.004374736818135716
Herwig_plus,32,MUR1.0_MUF1.0_PDF13327,pdf,11,2.18,2.5,0.6375429630279541,0.6374807953834534,0.999902488697851,-9.751129982760176e-05,9.751129982760176e-05,-0.009751129982760176
Herwig_plus,33,MUR1.0_MUF1.0_PDF13328,pdf,1,0.0,0.21,0.665374219417572,0.6653549075126648,0.9999709758744123,-2.902412597904913e-05,2.902412597904913e-05,-0.002902412597904913
Herwig_plus,33,MUR1.0_MUF1.0_PDF13328,pdf,2,0.21,0.42,0.6719119548797607,0.6718769669532776,0.9999479278107362,-5.207218782743439e-05,5.207218782743439e-05,-0.005207218782743439
Herwig_plus,33,MUR1.0_MUF1.0_PDF13328,pdf,3,0.42,0.63,0.6914249062538147,0.69141685962677,0.9999883622545674,-1.1637745046755299e-05,1.1637745046755299e-05,-0.00116377450467553
Herwig_plus,33,MUR1.0_MUF1.0_PDF13328,pdf,4,0.63,0.84,0.6939395666122437,0.6939186453819275,0.9999698515096663,-3.0148490623105317e-05,3.0148490623105317e-05,-0.0030148490623105317
Herwig_plus,33,MUR1.0_MUF1.0_PDF13328,pdf,5,0.84,1.05,0.6589977741241455,0.658954381942749,0.9999341542823051,-6.58457211102359e-05,6.58457211102359e-05,-0.00658457211102359
Herwig_plus,33,MUR1.0_MUF1.0_PDF13328,pdf,6,1.05,1.37,0.6422200798988342,0.6421883702278137,0.9999506249150205,-4.937508492730558e-05,4.937508492730558e-05,-0.004937508492730558
Herwig_plus,33,MUR1.0_MUF1.0_PDF13328,pdf,7,1.37,1.52,0.7223036289215088,0.7222261428833008,0.99989272373126,-0.00010727626795414835,0.00010727626795414835,-0.010727626795414835
Herwig_plus,33,MUR1.0_MUF1.0_PDF13328,pdf,8,1.52,1.74,0.6450952887535095,0.6451126933097839,1.0000269798223267,2.6979821996064857e-05,2.6979821996064857e-05,0.0026979821996064857
Herwig_plus,33,MUR1.0_MUF1.0_PDF13328,pdf,9,1.74,1.95,0.6222162246704102,0.6221604943275452,0.9999104325142043,-8.956748933997005e-05,8.956748933997005e-05,-0.008956748933997005
Herwig_plus,33,MUR1.0_MUF1.0_PDF13328,pdf,10,1.95,2.18,0.6321878433227539,0.6321593523025513,0.9999549326667643,-4.506733239395544e-05,4.506733239395544e-05,-0.004506733239395544
Herwig_plus,33,MUR1.0_MUF1.0_PDF13328,pdf,11,2.18,2.5,0.6375429630279541,0.6374793648719788,0.9999002449094987,-9.97550887404941e-05,9.97550887404941e-05,-0.00997550887404941
Herwig_plus,34,MUR1.0_MUF1.0_PDF13329,pdf,1,0.0,0.21,0.665374219417572,0.6653531193733215,0.9999682884553763,-3.1711544579593465e-05,3.1711544579593465e-05,-0.0031711544579593465
Herwig_plus,34,MUR1.0_MUF1.0_PDF13329,pdf,2,0.21,0.42,0.6719119548797607,0.6718747615814209,0.9999446455773413,-5.5354423238895833e-05,5.5354423238895833e-05,-0.005535442323889583
Herwig_plus,34,MUR1.0_MUF1.0_PDF13329,pdf,3,0.42,0.63,0.6914249062538147,0.6914164423942566,0.9999877588159154,-1.2241183867445216e-05,1.2241183867445216e-05,-0.0012241183867445216
Herwig_plus,34,MUR1.0_MUF1.0_PDF13329,pdf,4,0.63,0.84,0.6939395666122437,0.693920373916626,0.9999723424105771,-2.7657590180751868e-05,2.7657590180751868e-05,-0.0027657590180751868
Herwig_plus,34,MUR1.0_MUF1.0_PDF13329,pdf,5,0.84,1.05,0.6589977741241455,0.6589536666870117,0.9999330689133322,-6.693109025945887e-05,6.693109025945887e-05,-0.006693109025945887
Herwig_plus,34,MUR1.0_MUF1.0_PDF13329,pdf,6,1.05,1.37,0.6422200798988342,0.6421881914138794,0.9999503464840902,-4.9653517635306343e-05,4.9653517635306343e-05,-0.004965351763530634
Herwig_plus,34,MUR1.0_MUF1.0_PDF13329,pdf,7,1.37,1.52,0.7223036289215088,0.7222244739532471,0.9998904131654718,-0.00010958683560602367,0.00010958683560602367,-0.010958683560602367
Herwig_plus,34,MUR1.0_MUF1.0_PDF13329,pdf,8,1.52,1.74,0.6450952887535095,0.6451130509376526,1.0000275342022376,2.753420267254114e-05,2.753420267254114e-05,0.002753420267254114
Herwig_plus,34,MUR1.0_MUF1.0_PDF13329,pdf,9,1.74,1.95,0.6222162246704102,0.6221577525138855,0.9999060259854914,-9.397401299793273e-05,9.397401299793273e-05,-0.009397401299793273
Herwig_plus,34,MUR1.0_MUF1.0_PDF13329,pdf,10,1.95,2.18,0.6321878433227539,0.6321585178375244,0.9999536127030293,-4.638729660655372e-05,4.638729660655372e-05,-0.004638729660655372
Herwig_plus,34,MUR1.0_MUF1.0_PDF13329,pdf,11,2.18,2.5,0.6375429630279541,0.6374775767326355,0.9998974401740581,-0.00010255982488160953,0.00010255982488160953,-0.010255982488160953
Herwig_plus,35,MUR1.0_MUF1.0_PDF13330,pdf,1,0.0,0.21,0.665374219417572,0.6653532981872559,0.99996855719728,-3.144280344713479e-05,3.144280344713479e-05,-0.0031442803447134793
Herwig_plus,35,MUR1.0_MUF1.0_PDF13330,pdf,2,0.21,0.42,0.6719119548797607,0.6718747615814209,0.9999446455773413,-5.5354423238895833e-05,5.5354423238895833e-05,-0.005535442323889583
Herwig_plus,35,MUR1.0_MUF1.0_PDF13330,pdf,3,0.42,0.63,0.6914249062538147,0.6914175748825073,0.9999893967208282,-1.0603279406495858e-05,1.0603279406495858e-05,-0.0010603279406495858
Herwig_plus,35,MUR1.0_MUF1.0_PDF13330,pdf,4,0.63,0.84,0.6939395666122437,0.6939188838005066,0.9999701950822057,-2.9804918085574172e-05,2.9804918085574172e-05,-0.0029804918085574172
Herwig_plus,35,MUR1.0_MUF1.0_PDF13330,pdf,5,0.84,1.05,0.6589977741241455,0.6589535474777222,0.9999328880185033,-6.71119851176627e-05,6.71119851176627e-05,-0.00671119851176627
Herwig_plus,35,MUR1.0_MUF1.0_PDF13330,pdf,6,1.05,1.37,0.6422200798988342,0.6421865224838257,0.9999477477954071,-5.225220593274571e-05,5.225220593274571e-05,-0.005225220593274571
Herwig_plus,35,MUR1.0_MUF1.0_PDF13330,pdf,7,1.37,1.52,0.7223036289215088,0.7222223877906799,0.9998875249582365,-0.00011247504153288901,0.00011247504153288901,-0.0112475041532889
Herwig_plus,35,MUR1.0_MUF1.0_PDF13330,pdf,8,1.52,1.74,0.6450952887535095,0.6451143622398376,1.0000295669285773,2.9566928787971847e-05,2.9566928787971847e-05,0.0029566928787971847
Herwig_plus,35,MUR1.0_MUF1.0_PDF13330,pdf,9,1.74,1.95,0.6222162246704102,0.6221581101417542,0.9999066007501062,-9.339924872620031e-05,9.339924872620031e-05,-0.009339924872620031
Herwig_plus,35,MUR1.0_MUF1.0_PDF13330,pdf,10,1.95,2.18,0.6321878433227539,0.6321576833724976,0.9999522927392943,-4.7707260819152e-05,4.7707260819152e-05,-0.0047707260819152
Herwig_plus,35,MUR1.0_MUF1.0_PDF13330,pdf,11,2.18,2.5,0.6375429630279541,0.637474775314331,0.9998930460885347,-0.00010695391392800957,0.00010695391392800957,-0.010695391392800957
Herwig_plus,36,MUR1.0_MUF1.0_PDF26100,pdf,1,0.0,0.21,0.665374219417572,0.665622889995575,1.0003737304072595,0.0003737304068636149,0.0003737304068636149,0.03737304068636149
Herwig_plus,36,MUR1.0_MUF1.0_PDF26100,pdf,2,0.21,0.42,0.6719119548797607,0.6723134517669678,1.0005975438958798,0.0005975438980385661,0.0005975438980385661,0.05975438980385661
Herwig_plus,36,MUR1.0_MUF1.0_PDF26100,pdf,3,0.42,0.63,0.6914249062538147,0.6915187239646912,1.0001356874911909,0.0001356874854536727,0.0001356874854536727,0.01356874854536727
Herwig_plus,36,MUR1.0_MUF1.0_PDF26100,pdf,4,0.63,0.84,0.6939395666122437,0.6942410469055176,1.0004344474760904,0.0004344474873505533,0.0004344474873505533,0.04344474873505533
Herwig_plus,36,MUR1.0_MUF1.0_PDF26100,pdf,5,0.84,1.05,0.6589977741241455,0.6594410538673401,1.0006726574210114,0.000672657391987741,0.000672657391987741,0.0672657391987741
Herwig_plus,36,MUR1.0_MUF1.0_PDF26100,pdf,6,1.05,1.37,0.6422200798988342,0.6427524089813232,1.0008288888796077,0.0008288889075629413,0.0008288889075629413,0.08288889075629413
Herwig_plus,36,MUR1.0_MUF1.0_PDF26100,pdf,7,1.37,1.52,0.7223036289215088,0.7229377031326294,1.0008778499591195,0.0008778499322943389,0.0008778499322943389,0.0877849932294339
Herwig_plus,36,MUR1.0_MUF1.0_PDF26100,pdf,8,1.52,1.74,0.6450952887535095,0.6454634666442871,1.0005707341181935,0.0005707340897060931,0.0005707340897060931,0.05707340897060931
Herwig_plus,36,MUR1.0_MUF1.0_PDF26100,pdf,9,1.74,1.95,0.6222162246704102,0.6227383017539978,1.0008390605434054,0.000839060521684587,0.000839060521684587,0.0839060521684587
Herwig_plus,36,MUR1.0_MUF1.0_PDF26100,pdf,10,1.95,2.18,0.6321878433227539,0.6306843757629395,0.9976218024821353,-0.002378197619691491,0.002378197619691491,-0.2378197619691491
Herwig_plus,36,MUR1.0_MUF1.0_PDF26100,pdf,11,2.18,2.5,0.6375429630279541,0.6362268328666687,0.9979356212245923,-0.002064378699287772,0.002064378699287772,-0.20643786992877722
Herwig_plus,37,MUR1.0_MUF1.0_PDF26101,pdf,1,0.0,0.21,0.665374219417572,0.6656044721603394,1.0003460499911898,0.00034604998654685915,0.00034604998654685915,0.034604998654685915
Herwig_plus,37,MUR1.0_MUF1.0_PDF26101,pdf,2,0.21,0.42,0.6719119548797607,0.6722845435142517,1.0005545200257042,0.0005545200547203422,0.0005545200547203422,0.055452005472034216
Herwig_plus,37,MUR1.0_MUF1.0_PDF26101,pdf,3,0.42,0.63,0.6914249062538147,0.6915067434310913,1.0001183601813246,0.00011836017802124843,0.00011836017802124843,0.011836017802124843
Herwig_plus,37,MUR1.0_MUF1.0_PDF26101,pdf,4,0.63,0.84,0.6939395666122437,0.6942386627197266,1.0004310117506963,0.0004310117510613054,0.0004310117510613054,0.04310117510613054
Herwig_plus,37,MUR1.0_MUF1.0_PDF26101,pdf,5,0.84,1.05,0.6589977741241455,0.6594133377075195,1.000630599373308,0.0006305993883870542,0.0006305993883870542,0.06305993883870542
Herwig_plus,37,MUR1.0_MUF1.0_PDF26101,pdf,6,1.05,1.37,0.6422200798988342,0.6427657604217529,1.0008496783890728,0.0008496784139424562,0.0008496784139424562,0.08496784139424562
Herwig_plus,37,MUR1.0_MUF1.0_PDF26101,pdf,7,1.37,1.52,0.7223036289215088,0.7229585647583008,1.0009067320314726,0.0009067320497706532,0.0009067320497706532,0.09067320497706532
Herwig_plus,37,MUR1.0_MUF1.0_PDF26101,pdf,8,1.52,1.74,0.6450952887535095,0.6455058455467224,1.0006364281376263,0.0006364281289279461,0.0006364281289279461,0.06364281289279461
Herwig_plus,37,MUR1.0_MUF1.0_PDF26101,pdf,9,1.74,1.95,0.6222162246704102,0.6228017210960388,1.000940985468418,0.0009409854537807405,0.0009409854537807405,0.09409854537807405
Herwig_plus,37,MUR1.0_MUF1.0_PDF26101,pdf,10,1.95,2.18,0.6321878433227539,0.6308039426803589,0.9978109344287273,-0.0021890655625611544,0.0021890655625611544,-0.21890655625611544
Herwig_plus,37,MUR1.0_MUF1.0_PDF26101,pdf,11,2.18,2.5,0.6375429630279541,0.6363829970359802,0.9981805681197315,-0.0018194318981841207,0.0018194318981841207,-0.18194318981841207
Herwig_plus,38,MUR1.0_MUF1.0_PDF26102,pdf,1,0.0,0.21,0.665374219417572,0.6656477451324463,1.0004110855318586,0.0004110855225007981,0.0004110855225007981,0.04110855225007981
Herwig_plus,38,MUR1.0_MUF1.0_PDF26102,pdf,2,0.21,0.42,0.6719119548797607,0.6723434925079346,1.0006422532372579,0.0006422532605938613,0.0006422532605938613,0.06422532605938613
Herwig_plus,38,MUR1.0_MUF1.0_PDF26102,pdf,3,0.42,0.63,0.6914249062538147,0.691533088684082,1.000156463021926,0.0001564630219945684,0.0001564630219945684,0.01564630219945684
Herwig_plus,38,MUR1.0_MUF1.0_PDF26102,pdf,4,0.63,0.84,0.6939395666122437,0.694244921207428,1.0004400305298558,0.0004400305333547294,0.0004400305333547294,0.04400305333547294
Herwig_plus,38,MUR1.0_MUF1.0_PDF26102,pdf,5,0.84,1.05,0.6589977741241455,0.6594695448875427,1.0007158912851022,0.0007158913067542017,0.0007158913067542017,0.07158913067542017
Herwig_plus,38,MUR1.0_MUF1.0_PDF26102,pdf,6,1.05,1.37,0.6422200798988342,0.642737865447998,1.0008062431639406,0.0008062431588768959,0.0008062431588768959,0.08062431588768959
Herwig_plus,38,MUR1.0_MUF1.0_PDF26102,pdf,7,1.37,1.52,0.7223036289215088,0.7229171991348267,1.0008494630080067,0.0008494629873894155,0.0008494629873894155,0.08494629873894155
Herwig_plus,38,MUR1.0_MUF1.0_PDF26102,pdf,8,1.52,1.74,0.6450952887535095,0.6454210877418518,1.000505040098761,0.000505040108691901,0.000505040108691901,0.0505040108691901
Herwig_plus,38,MUR1.0_MUF1.0_PDF26102,pdf,9,1.74,1.95,0.6222162246704102,0.6226720809936523,1.0007326332955777,0.0007326332852244377,0.0007326332852244377,0.07326332852244377
Herwig_plus,38,MUR1.0_MUF1.0_PDF26102,pdf,10,1.95,2.18,0.6321878433227539,0.630561113357544,0.99742682498186,-0.002573175122961402,0.002573175122961402,-0.2573175122961402
Herwig_plus,38,MUR1.0_MUF1.0_PDF26102,pdf,11,2.18,2.5,0.6375429630279541,0.6360630989074707,0.9976788009494216,-0.0023211990483105183,0.0023211990483105183,-0.23211990483105183
Herwig_plus,39,MUR1.0_MUF1.0_PDF26103,pdf,1,0.0,0.21,0.665374219417572,0.6656184792518616,1.0003671014403044,0.0003671014274004847,0.0003671014274004847,0.03671014274004847
Herwig_plus,39,MUR1.0_MUF1.0_PDF26103,pdf,2,0.21,0.42,0.6719119548797607,0.6722711324691772,1.0005345604983034,0.0005345604731701314,0.0005345604731701314,0.053456047317013144
Herwig_plus,39,MUR1.0_MUF1.0_PDF26103,pdf,3,0.42,0.63,0.6914249062538147,0.6915141344070435,1.0001290496660182,0.00012904967297799885,0.00012904967297799885,0.012904967297799885
Herwig_plus,39,MUR1.0_MUF1.0_PDF26103,pdf,4,0.63,0.84,0.6939395666122437,0.69423508644104,1.0004258581626049,0.0004258581611793488,0.0004258581611793488,0.04258581611793488
Herwig_plus,39,MUR1.0_MUF1.0_PDF26103,pdf,5,0.84,1.05,0.6589977741241455,0.6593631505966187,1.0005544426503696,0.0005544426385313272,0.0005544426385313272,0.055444263853132725
Herwig_plus,39,MUR1.0_MUF1.0_PDF26103,pdf,6,1.05,1.37,0.6422200798988342,0.6427565217018127,1.0008352927910056,0.0008352927980013192,0.0008352927980013192,0.08352927980013192
Herwig_plus,39,MUR1.0_MUF1.0_PDF26103,pdf,7,1.37,1.52,0.7223036289215088,0.7229066491127014,1.0008348569314167,0.0008348569390363991,0.0008348569390363991,0.08348569390363991
Herwig_plus,39,MUR1.0_MUF1.0_PDF26103,pdf,8,1.52,1.74,0.6450952887535095,0.6455308794975281,1.000675234731384,0.0006752347107976675,0.0006752347107976675,0.06752347107976675
Herwig_plus,39,MUR1.0_MUF1.0_PDF26103,pdf,9,1.74,1.95,0.6222162246704102,0.6227989792823792,1.000936578939705,0.0009365789592266083,0.0009365789592266083,0.09365789592266083
Herwig_plus,39,MUR1.0_MUF1.0_PDF26103,pdf,10,1.95,2.18,0.6321878433227539,0.6308783888816833,0.9979286940505085,-0.002071305876597762,0.002071305876597762,-0.2071305876597762
Herwig_plus,39,MUR1.0_MUF1.0_PDF26103,pdf,11,2.18,2.5,0.6375429630279541,0.636502742767334,0.9983683919030654,-0.001631608116440475,0.001631608116440475,-0.1631608116440475
Herwig_plus,40,MUR1.0_MUF1.0_PDF26104,pdf,1,0.0,0.21,0.665374219417572,0.6656271815299988,1.0003801802129457,0.0003801802231464535,0.0003801802231464535,0.03801802231464535
Herwig_plus,40,MUR1.0_MUF1.0_PDF26104,pdf,2,0.21,0.42,0.6719119548797607,0.6723384261131287,1.0006347129713509,0.0006347129819914699,0.0006347129819914699,0.06347129819914699
Herwig_plus,40,MUR1.0_MUF1.0_PDF26104,pdf,3,0.42,0.63,0.6914249062538147,0.6915233135223389,1.0001423253163635,0.0001423253124812618,0.0001423253124812618,0.014232531248126179
Herwig_plus,40,MUR1.0_MUF1.0_PDF26104,pdf,4,0.63,0.84,0.6939395666122437,0.6942477226257324,1.000444067507194,0.0004440674965735525,0.0004440674965735525,0.04440674965735525
Herwig_plus,40,MUR1.0_MUF1.0_PDF26104,pdf,5,0.84,1.05,0.6589977741241455,0.6594831943511963,1.0007366037430034,0.0007366037461906672,0.0007366037461906672,0.07366037461906672
Herwig_plus,40,MUR1.0_MUF1.0_PDF26104,pdf,6,1.05,1.37,0.6422200798988342,0.642750084400177,1.0008252692775135,0.0008252692641690373,0.0008252692641690373,0.08252692641690373
Herwig_plus,40,MUR1.0_MUF1.0_PDF26104,pdf,7,1.37,1.52,0.7223036289215088,0.7229536771774292,1.0008999653745212,0.0008999653509818017,0.0008999653509818017,0.08999653509818017
Herwig_plus,40,MUR1.0_MUF1.0_PDF26104,pdf,8,1.52,1.74,0.6450952887535095,0.6454275846481323,1.0005151113338075,0.0005151113145984709,0.0005151113145984709,0.05151113145984709
Herwig_plus,40,MUR1.0_MUF1.0_PDF26104,pdf,9,1.74,1.95,0.6222162246704102,0.6227031946182251,1.0007826378170592,0.0007826377986930311,0.0007826377986930311,0.07826377986930311
Herwig_plus,40,MUR1.0_MUF1.0_PDF26104,pdf,10,1.95,2.18,0.6321878433227539,0.6305782198905945,0.9974538842384262,-0.002546115778386593,0.002546115778386593,-0.2546115778386593
Herwig_plus,40,MUR1.0_MUF1.0_PDF26104,pdf,11,2.18,2.5,0.6375429630279541,0.6360750794410706,0.9976975926768732,-0.0023024072870612144,0.0023024072870612144,-0.23024072870612144
Herwig_plus,41,MUR1.0_MUF1.0_PDF26105,pdf,1,0.0,0.21,0.665374219417572,0.6656028032302856,1.000343541733423,0.00034354173112660646,0.00034354173112660646,0.034354173112660646
Herwig_plus,41,MUR1.0_MUF1.0_PDF26105,pdf,2,0.21,0.42,0.6719119548797607,0.6722854375839233,1.0005558506608645,0.000555850681848824,0.000555850681848824,0.0555850681848824
Herwig_plus,41,MUR1.0_MUF1.0_PDF26105,pdf,3,0.42,0.63,0.6914249062538147,0.691486120223999,1.0000885330708087,8.853307372191921e-05,8.853307372191921e-05,0.008853307372191921
Herwig_plus,41,MUR1.0_MUF1.0_PDF26105,pdf,4,0.63,0.84,0.6939395666122437,0.6942089200019836,1.000388151076404,0.0003881510638166219,0.0003881510638166219,0.03881510638166219
Herwig_plus,41,MUR1.0_MUF1.0_PDF26105,pdf,5,0.84,1.05,0.6589977741241455,0.6594005227088928,1.0006111531792086,0.0006111531984061003,0.0006111531984061003,0.06111531984061003
Herwig_plus,41,MUR1.0_MUF1.0_PDF26105,pdf,6,1.05,1.37,0.6422200798988342,0.6427198052406311,1.0007781216399767,0.0007781216409057379,0.0007781216409057379,0.07781216409057379
Herwig_plus,41,MUR1.0_MUF1.0_PDF26105,pdf,7,1.37,1.52,0.7223036289215088,0.722893238067627,1.000816289884904,0.0008162898593582213,0.0008162898593582213,0.08162898593582213
Herwig_plus,41,MUR1.0_MUF1.0_PDF26105,pdf,8,1.52,1.74,0.6450952887535095,0.6454258561134338,1.0005124318309053,0.0005124318413436413,0.0005124318413436413,0.05124318413436413
Herwig_plus,41,MUR1.0_MUF1.0_PDF26105,pdf,9,1.74,1.95,0.6222162246704102,0.6227083206176758,1.0007908761098705,0.0007908761035650969,0.0007908761035650969,0.07908761035650969
Herwig_plus,41,MUR1.0_MUF1.0_PDF26105,pdf,10,1.95,2.18,0.6321878433227539,0.630683958530426,0.9976211425002678,-0.002378857461735606,0.002378857461735606,-0.23788574617356062
Herwig_plus,41,MUR1.0_MUF1.0_PDF26105,pdf,11,2.18,2.5,0.6375429630279541,0.6362566947937012,0.9979824603064491,-0.002017539693042636,0.002017539693042636,-0.2017539693042636
Herwig_plus,42,MUR1.0_MUF1.0_PDF26106,pdf,1,0.0,0.21,0.665374219417572,0.6656558513641357,1.0004232684981547,0.00042326850234530866,0.00042326850234530866,0.042326850234530866
Herwig_plus,42,MUR1.0_MUF1.0_PDF26106,pdf,2,0.21,0.42,0.6719119548797607,0.6723524928092957,1.0006556482978692,0.000655648298561573,0.000655648298561573,0.0655648298561573
Herwig_plus,42,MUR1.0_MUF1.0_PDF26106,pdf,3,0.42,0.63,0.6914249062538147,0.6915677785873413,1.0002066346355682,0.0002066346351057291,0.0002066346351057291,0.02066346351057291
Herwig_plus,42,MUR1.0_MUF1.0_PDF26106,pdf,4,0.63,0.84,0.6939395666122437,0.6942890286445618,1.0005035914496476,0.0005035914364270866,0.0005035914364270866,0.05035914364270866
Herwig_plus,42,MUR1.0_MUF1.0_PDF26106,pdf,5,0.84,1.05,0.6589977741241455,0.6594961881637573,1.0007563212793462,0.0007563213002867997,0.0007563213002867997,0.07563213002867997
Herwig_plus,42,MUR1.0_MUF1.0_PDF26106,pdf,6,1.05,1.37,0.6422200798988342,0.6427948474884033,1.0008949698204075,0.0008949697948992252,0.0008949697948992252,0.08949697948992252
Herwig_plus,42,MUR1.0_MUF1.0_PDF26106,pdf,7,1.37,1.52,0.7223036289215088,0.7229989171028137,1.000962598211424,0.0009625981911085546,0.0009625981911085546,0.09625981911085546
Herwig_plus,42,MUR1.0_MUF1.0_PDF26106,pdf,8,1.52,1.74,0.6450952887535095,0.6455167531967163,1.0006533367249064,0.0006533366977237165,0.0006533366977237165,0.06533366977237165
Herwig_plus,42,MUR1.0_MUF1.0_PDF26106,pdf,9,1.74,1.95,0.6222162246704102,0.6227760314941406,1.0008996982102596,0.0008996982360258698,0.0008996982360258698,0.08996982360258698
Herwig_plus,42,MUR1.0_MUF1.0_PDF26106,pdf,10,1.95,2.18,0.6321878433227539,0.6306831240653992,0.9976198225365328,-0.00238017737865448,0.00238017737865448,-0.238017737865448
Herwig_plus,42,MUR1.0_MUF1.0_PDF26106,pdf,11,2.18,2.5,0.6375429630279541,0.6361815929412842,0.997864661417947,-0.002135338494554162,0.002135338494554162,-0.2135338494554162
Herwig_plus,43,MUR1.0_MUF1.0_PDF26107,pdf,1,0.0,0.21,0.665374219417572,0.6655924320220947,1.0003279547030146,0.0003279547090642154,0.0003279547090642154,0.03279547090642154
Herwig_plus,43,MUR1.0_MUF1.0_PDF26107,pdf,2,0.21,0.42,0.6719119548797607,0.672296941280365,1.0005729714999239,0.0005729714757762849,0.0005729714757762849,0.05729714757762849
Herwig_plus,43,MUR1.0_MUF1.0_PDF26107,pdf,3,0.42,0.63,0.6914249062538147,0.6914867162704468,1.000089395126026,8.939512918004766e-05,8.939512918004766e-05,0.008939512918004766
Herwig_plus,43,MUR1.0_MUF1.0_PDF26107,pdf,4,0.63,0.84,0.6939395666122437,0.6942211389541626,1.0004057591690492,0.00040575917228125036,0.00040575917228125036,0.040575917228125036
Herwig_plus,43,MUR1.0_MUF1.0_PDF26107,pdf,5,0.84,1.05,0.6589977741241455,0.6594496965408325,1.0006857722961018,0.0006857722764834762,0.0006857722764834762,0.06857722764834762
Herwig_plus,43,MUR1.0_MUF1.0_PDF26107,pdf,6,1.05,1.37,0.6422200798988342,0.6427460312843323,1.000818958176426,0.0008189581567421556,0.0008189581567421556,0.08189581567421556
Herwig_plus,43,MUR1.0_MUF1.0_PDF26107,pdf,7,1.37,1.52,0.7223036289215088,0.7229699492454529,1.0009224933909566,0.0009224934037774801,0.0009224934037774801,0.09224934037774801
Herwig_plus,43,MUR1.0_MUF1.0_PDF26107,pdf,8,1.52,1.74,0.6450952887535095,0.6454281210899353,1.0005159429036738,0.0005159429274499416,0.0005159429274499416,0.051594292744994164
Herwig_plus,43,MUR1.0_MUF1.0_PDF26107,pdf,9,1.74,1.95,0.6222162246704102,0.6227540969848633,1.000864445980556,0.0008644459885545075,0.0008644459885545075,0.08644459885545075
Herwig_plus,43,MUR1.0_MUF1.0_PDF26107,pdf,10,1.95,2.18,0.6321878433227539,0.6306926012039185,0.9976348135532368,-0.002365186344832182,0.002365186344832182,-0.2365186344832182
Herwig_plus,43,MUR1.0_MUF1.0_PDF26107,pdf,11,2.18,2.5,0.6375429630279541,0.6362314224243164,0.9979428200455563,-0.002057180041447282,0.002057180041447282,-0.20571800414472818
Herwig_plus,44,MUR1.0_MUF1.0_PDF26108,pdf,1,0.0,0.21,0.665374219417572,0.6656545996665955,1.0004213873048295,0.00042138731805607677,0.00042138731805607677,0.042138731805607677
Herwig_plus,44,MUR1.0_MUF1.0_PDF26108,pdf,2,0.21,0.42,0.6719119548797607,0.6723276972770691,1.0006187453494302,0.0006187453400343657,0.0006187453400343657,0.061874534003436565
Herwig_plus,44,MUR1.0_MUF1.0_PDF26108,pdf,3,0.42,0.63,0.6914249062538147,0.6915522217750549,1.0001841349943987,0.0001841349876485765,0.0001841349876485765,0.01841349876485765
Herwig_plus,44,MUR1.0_MUF1.0_PDF26108,pdf,4,0.63,0.84,0.6939395666122437,0.6942604780197144,1.0004624486380527,0.00046244863187894225,0.00046244863187894225,0.046244863187894225
Herwig_plus,44,MUR1.0_MUF1.0_PDF26108,pdf,5,0.84,1.05,0.6589977741241455,0.6594325304031372,1.00065972344075,0.0006597234169021249,0.0006597234169021249,0.06597234169021249
Herwig_plus,44,MUR1.0_MUF1.0_PDF26108,pdf,6,1.05,1.37,0.6422200798988342,0.6427573561668396,1.000836592135347,0.0008365921094082296,0.0008365921094082296,0.08365921094082296
Herwig_plus,44,MUR1.0_MUF1.0_PDF26108,pdf,7,1.37,1.52,0.7223036289215088,0.7229095697402954,1.0008389004215463,0.000838900450617075,0.000838900450617075,0.0838900450617075
Herwig_plus,44,MUR1.0_MUF1.0_PDF26108,pdf,8,1.52,1.74,0.6450952887535095,0.645499587059021,1.0006267264891868,0.0006267264834605157,0.0006267264834605157,0.06267264834605157
Herwig_plus,44,MUR1.0_MUF1.0_PDF26108,pdf,9,1.74,1.95,0.6222162246704102,0.6227248311042786,1.0008174110762507,0.0008174110553227365,0.0008174110553227365,0.08174110553227365
Herwig_plus,44,MUR1.0_MUF1.0_PDF26108,pdf,10,1.95,2.18,0.6321878433227539,0.6306782960891724,0.997612185603495,-0.0023878144565969706,0.0023878144565969706,-0.23878144565969706
Herwig_plus,44,MUR1.0_MUF1.0_PDF26108,pdf,11,2.18,2.5,0.6375429630279541,0.6362228393554688,0.9979293573154419,-0.002070642774924636,0.002070642774924636,-0.2070642774924636
Herwig_plus,45,MUR1.0_MUF1.0_PDF26109,pdf,1,0.0,0.21,0.665374219417572,0.6657059192657471,1.00049851623116,0.0004985162522643805,0.0004985162522643805,0.049851625226438046
Herwig_plus,45,MUR1.0_MUF1.0_PDF26109,pdf,2,0.21,0.42,0.6719119548797607,0.6723595261573792,1.0006661159611283,0.0006661159568466246,0.0006661159568466246,0.06661159568466246
Herwig_plus,45,MUR1.0_MUF1.0_PDF26109,pdf,3,0.42,0.63,0.6914249062538147,0.6916524767875671,1.0003291326819357,0.0003291326866019517,0.0003291326866019517,0.03291326866019517
Herwig_plus,45,MUR1.0_MUF1.0_PDF26109,pdf,4,0.63,0.84,0.6939395666122437,0.6943246722221375,1.0005549555442903,0.0005549555644392967,0.0005549555644392967,0.05549555644392967
Herwig_plus,45,MUR1.0_MUF1.0_PDF26109,pdf,5,0.84,1.05,0.6589977741241455,0.6594661474227905,1.0007107357824805,0.0007107357960194349,0.0007107357960194349,0.07107357960194349
Herwig_plus,45,MUR1.0_MUF1.0_PDF26109,pdf,6,1.05,1.37,0.6422200798988342,0.6427783370018005,1.0008692613645065,0.0008692613919265568,0.0008692613919265568,0.08692613919265568
Herwig_plus,45,MUR1.0_MUF1.0_PDF26109,pdf,7,1.37,1.52,0.7223036289215088,0.7228416800498962,1.0007449099060888,0.000744909921195358,0.000744909921195358,0.0744909921195358
Herwig_plus,45,MUR1.0_MUF1.0_PDF26109,pdf,8,1.52,1.74,0.6450952887535095,0.645634651184082,1.0008360973021748,0.0008360972860828042,0.0008360972860828042,0.08360972860828042
Herwig_plus,45,MUR1.0_MUF1.0_PDF26109,pdf,9,1.74,1.95,0.6222162246704102,0.6226553916931152,1.0007058109468903,0.0007058109622448683,0.0007058109622448683,0.07058109622448683
Herwig_plus,45,MUR1.0_MUF1.0_PDF26109,pdf,10,1.95,2.18,0.6321878433227539,0.6305833458900452,0.9974619925870837,-0.002538007451221347,0.002538007451221347,-0.2538007451221347
Herwig_plus,45,MUR1.0_MUF1.0_PDF26109,pdf,11,2.18,2.5,0.6375429630279541,0.6359773278236389,0.9975442671394578,-0.00245573278516531,0.00245573278516531,-0.245573278516531
Herwig_plus,46,MUR1.0_MUF1.0_PDF26110,pdf,1,0.0,0.21,0.665374219417572,0.6655411720275879,1.0002509153573187,0.00025091535644605756,0.00025091535644605756,0.025091535644605756
Herwig_plus,46,MUR1.0_MUF1.0_PDF26110,pdf,2,0.21,0.42,0.6719119548797607,0.6722650527954102,1.000525512179215,0.0005255121504887938,0.0005255121504887938,0.052551215048879385
Herwig_plus,46,MUR1.0_MUF1.0_PDF26110,pdf,3,0.42,0.63,0.6914249062538147,0.6913841962814331,0.9999411216286637,-5.887836960027926e-05,5.887836960027926e-05,-0.005887836960027926
Herwig_plus,46,MUR1.0_MUF1.0_PDF26110,pdf,4,0.63,0.84,0.6939395666122437,0.694155752658844,1.0003115344001146,0.0003115343861281872,0.0003115343861281872,0.031153438612818718
Herwig_plus,46,MUR1.0_MUF1.0_PDF26110,pdf,5,0.84,1.05,0.6589977741241455,0.6594123840332031,1.0006291522146773,0.0006291522295214236,0.0006291522295214236,0.06291522295214236
Herwig_plus,46,MUR1.0_MUF1.0_PDF26110,pdf,6,1.05,1.37,0.6422200798988342,0.642723798751831,1.0007843399307543,0.0007843399071134627,0.0007843399071134627,0.07843399071134627
Herwig_plus,46,MUR1.0_MUF1.0_PDF26110,pdf,7,1.37,1.52,0.7223036289215088,0.7230340838432312,1.0010112851333905,0.0010112851159647107,0.0010112851159647107,0.10112851159647107
Herwig_plus,46,MUR1.0_MUF1.0_PDF26110,pdf,8,1.52,1.74,0.6450952887535095,0.6452897191047668,1.0003013978781847,0.0003013978712260723,0.0003013978712260723,0.03013978712260723
Herwig_plus,46,MUR1.0_MUF1.0_PDF26110,pdf,9,1.74,1.95,0.6222162246704102,0.6228185296058655,1.0009679994053102,0.0009679993963800371,0.0009679993963800371,0.0967999396380037
Herwig_plus,46,MUR1.0_MUF1.0_PDF26110,pdf,10,1.95,2.18,0.6321878433227539,0.630785346031189,0.9977815180940629,-0.0022184818517416716,0.0022184818517416716,-0.22184818517416716
Herwig_plus,46,MUR1.0_MUF1.0_PDF26110,pdf,11,2.18,2.5,0.6375429630279541,0.6364749670028687,0.9983248250125558,-0.0016751750372350216,0.0016751750372350216,-0.16751750372350216
Herwig_plus,47,MUR1.0_MUF1.0_PDF26111,pdf,1,0.0,0.21,0.665374219417572,0.6654425859451294,1.000102748987806,0.00010274898522766307,0.00010274898522766307,0.010274898522766307
Herwig_plus,47,MUR1.0_MUF1.0_PDF26111,pdf,2,0.21,0.42,0.6719119548797607,0.6722303628921509,1.0004738835350044,0.0004738835268653929,0.0004738835268653929,0.04738835268653929
Herwig_plus,47,MUR1.0_MUF1.0_PDF26111,pdf,3,0.42,0.63,0.6914249062538147,0.691214382648468,0.9996955220972769,-0.000304477900499478,0.000304477900499478,-0.030447790049947798
Herwig_plus,47,MUR1.0_MUF1.0_PDF26111,pdf,4,0.63,0.84,0.6939395666122437,0.6940593719482422,1.000172645201056,0.00017264520283788443,0.00017264520283788443,0.017264520283788443
Herwig_plus,47,MUR1.0_MUF1.0_PDF26111,pdf,5,0.84,1.05,0.6589977741241455,0.6594089865684509,1.0006239967120556,0.0006239967187866569,0.0006239967187866569,0.062399671878665686
Herwig_plus,47,MUR1.0_MUF1.0_PDF26111,pdf,6,1.05,1.37,0.6422200798988342,0.6427516341209412,1.0008276823455764,0.000827682320959866,0.000827682320959866,0.0827682320959866
Herwig_plus,47,MUR1.0_MUF1.0_PDF26111,pdf,7,1.37,1.52,0.7223036289215088,0.7234469652175903,1.0015829026053609,0.0015829026233404875,0.0015829026233404875,0.15829026233404875
Herwig_plus,47,MUR1.0_MUF1.0_PDF26111,pdf,8,1.52,1.74,0.6450952887535095,0.6450552344322205,0.9999379094499877,-6.209054845385253e-05,6.209054845385253e-05,-0.006209054845385253
Herwig_plus,47,MUR1.0_MUF1.0_PDF26111,pdf,9,1.74,1.95,0.6222162246704102,0.6232312917709351,1.0016313735648128,0.0016313735395669937,0.0016313735395669937,0.16313735395669937
Herwig_plus,47,MUR1.0_MUF1.0_PDF26111,pdf,10,1.95,2.18,0.6321878433227539,0.6315426230430603,0.9989793851835203,-0.001020614872686565,0.001020614872686565,-0.10206148726865649
Herwig_plus,47,MUR1.0_MUF1.0_PDF26111,pdf,11,2.18,2.5,0.6375429630279541,0.6377051472663879,1.0002543895044556,0.0002543895097915083,0.0002543895097915083,0.02543895097915083
Herwig_plus,48,MUR1.0_MUF1.0_PDF26112,pdf,1,0.0,0.21,0.665374219417572,0.6658074855804443,1.0006511616323992,0.000651161652058363,0.000651161652058363,0.0651161652058363
Herwig_plus,48,MUR1.0_MUF1.0_PDF26112,pdf,2,0.21,0.42,0.6719119548797607,0.6723945140838623,1.0007181881503924,0.0007181881228461862,0.0007181881228461862,0.07181881228461862
Herwig_plus,48,MUR1.0_MUF1.0_PDF26112,pdf,3,0.42,0.63,0.6914249062538147,0.6918299198150635,1.000585766520103,0.0005857665091753006,0.0005857665091753006,0.05857665091753006
Herwig_plus,48,MUR1.0_MUF1.0_PDF26112,pdf,4,0.63,0.84,0.6939395666122437,0.6944255232810974,1.0007002867284627,0.0007002867059782147,0.0007002867059782147,0.07002867059782147
Herwig_plus,48,MUR1.0_MUF1.0_PDF26112,pdf,5,0.84,1.05,0.6589977741241455,0.6594725251197815,1.000720413655823,0.0007204136345535517,0.0007204136345535517,0.07204136345535517
Herwig_plus,48,MUR1.0_MUF1.0_PDF26112,pdf,6,1.05,1.37,0.6422200798988342,0.6427537202835083,1.0008309307064303,0.0008309307158924639,0.0008309307158924639,0.08309307158924639
Herwig_plus,48,MUR1.0_MUF1.0_PDF26112,pdf,7,1.37,1.52,0.7223036289215088,0.7224172353744507,1.000157283514014,0.00015728351718280464,0.00015728351718280464,0.015728351718280464
Herwig_plus,48,MUR1.0_MUF1.0_PDF26112,pdf,8,1.52,1.74,0.6450952887535095,0.6458883881568909,1.0012294298489046,0.0012294298503547907,0.0012294298503547907,0.12294298503547907
Herwig_plus,48,MUR1.0_MUF1.0_PDF26112,pdf,9,1.74,1.95,0.6222162246704102,0.6222265362739563,1.0000165723797247,1.6572379536228254e-05,1.6572379536228254e-05,0.0016572379536228254
Herwig_plus,48,MUR1.0_MUF1.0_PDF26112,pdf,10,1.95,2.18,0.6321878433227539,0.6297882199287415,0.9962042557139345,-0.0037957443855702877,0.0037957443855702877,-0.37957443855702877
Herwig_plus,48,MUR1.0_MUF1.0_PDF26112,pdf,11,2.18,2.5,0.6375429630279541,0.6346654891967773,0.9954866197291075,-0.004513380117714405,0.004513380117714405,-0.4513380117714405
Herwig_plus,49,MUR1.0_MUF1.0_PDF26113,pdf,1,0.0,0.21,0.665374219417572,0.6658169627189636,1.0006654049532895,0.0006654049502685666,0.0006654049502685666,0.06654049502685666
Herwig_plus,49,MUR1.0_MUF1.0_PDF26113,pdf,2,0.21,0.42,0.6719119548797607,0.6724051833152771,1.0007340670633025,0.0007340670563280582,0.0007340670563280582,0.07340670563280582
Herwig_plus,49,MUR1.0_MUF1.0_PDF26113,pdf,3,0.42,0.63,0.6914249062538147,0.6918252110481262,1.000578956283887,0.0005789562710560858,0.0005789562710560858,0.05789562710560858
Herwig_plus,49,MUR1.0_MUF1.0_PDF26113,pdf,4,0.63,0.84,0.6939395666122437,0.6944135427474976,1.0006830222083571,0.0006830221973359585,0.0006830221973359585,0.06830221973359585
Herwig_plus,49,MUR1.0_MUF1.0_PDF26113,pdf,5,0.84,1.05,0.6589977741241455,0.6594520211219788,1.0006892997452639,0.0006892997189424932,0.0006892997189424932,0.06892997189424932
Herwig_plus,49,MUR1.0_MUF1.0_PDF26113,pdf,6,1.05,1.37,0.6422200798988342,0.6427531242370605,1.0008300026033292,0.0008300025947391987,0.0008300025947391987,0.08300025947391987
Herwig_plus,49,MUR1.0_MUF1.0_PDF26113,pdf,7,1.37,1.52,0.7223036289215088,0.722495436668396,1.0002655500252347,0.0002655500138644129,0.0002655500138644129,0.02655500138644129
Herwig_plus,49,MUR1.0_MUF1.0_PDF26113,pdf,8,1.52,1.74,0.6450952887535095,0.6458430290222168,1.0011591159968818,0.0011591160437092185,0.0011591160437092185,0.11591160437092185
Herwig_plus,49,MUR1.0_MUF1.0_PDF26113,pdf,9,1.74,1.95,0.6222162246704102,0.6223233342170715,1.0001721420021121,0.0001721419976092875,0.0001721419976092875,0.01721419976092875
Herwig_plus,49,MUR1.0_MUF1.0_PDF26113,pdf,10,1.95,2.18,0.6321878433227539,0.6300677061080933,0.9966463492820151,-0.0033536506816744804,0.0033536506816744804,-0.33536506816744804
Herwig_plus,49,MUR1.0_MUF1.0_PDF26113,pdf,11,2.18,2.5,0.6375429630279541,0.6351261138916016,0.9962091195785866,-0.0037908803205937147,0.0037908803205937147,-0.37908803205937147
Herwig_plus,50,MUR1.0_MUF1.0_PDF26114,pdf,1,0.0,0.21,0.665374219417572,0.6654509902000427,1.0001153798572748,0.00011537985847098753,0.00011537985847098753,0.011537985847098753
Herwig_plus,50,MUR1.0_MUF1.0_PDF26114,pdf,2,0.21,0.42,0.6719119548797607,0.6722315549850464,1.0004756577152178,0.00047565772547386587,0.00047565772547386587,0.04756577254738659
Herwig_plus,50,MUR1.0_MUF1.0_PDF26114,pdf,3,0.42,0.63,0.6914249062538147,0.6912476420402527,0.999743624778398,-0.0002563752350397408,0.0002563752350397408,-0.02563752350397408
Herwig_plus,50,MUR1.0_MUF1.0_PDF26114,pdf,4,0.63,0.84,0.6939395666122437,0.6940881013870239,1.0002140456920556,0.0002140456927008927,0.0002140456927008927,0.02140456927008927
Herwig_plus,50,MUR1.0_MUF1.0_PDF26114,pdf,5,0.84,1.05,0.6589977741241455,0.6594296097755432,1.0006552915174436,0.0006552915438078344,0.0006552915438078344,0.06552915438078344
Herwig_plus,50,MUR1.0_MUF1.0_PDF26114,pdf,6,1.05,1.37,0.6422200798988342,0.6427499651908875,1.0008250836568933,0.0008250836399383843,0.0008250836399383843,0.08250836399383843
Herwig_plus,50,MUR1.0_MUF1.0_PDF26114,pdf,7,1.37,1.52,0.7223036289215088,0.7233291268348694,1.0014197601566697,0.001419760170392692,0.001419760170392692,0.1419760170392692
Herwig_plus,50,MUR1.0_MUF1.0_PDF26114,pdf,8,1.52,1.74,0.6450952887535095,0.6451334357261658,1.0000591338571545,5.9133857575943694e-05,5.9133857575943694e-05,0.005913385757594369
Herwig_plus,50,MUR1.0_MUF1.0_PDF26114,pdf,9,1.74,1.95,0.6222162246704102,0.6230989694595337,1.0014187106573622,0.0014187106862664223,0.0014187106862664223,0.14187106862664223
Herwig_plus,50,MUR1.0_MUF1.0_PDF26114,pdf,10,1.95,2.18,0.6321878433227539,0.6312165856361389,0.9984636564956547,-0.0015363434795290232,0.0015363434795290232,-0.15363434795290232
Herwig_plus,50,MUR1.0_MUF1.0_PDF26114,pdf,11,2.18,2.5,0.6375429630279541,0.6371703147888184,0.9994154931341946,-0.0005845068371854722,0.0005845068371854722,-0.058450683718547225
Herwig_plus,51,MUR1.0_MUF1.0_PDF26115,pdf,1,0.0,0.21,0.665374219417572,0.6657001972198486,1.000489916490245,0.000489916477818042,0.000489916477818042,0.048991647781804204
Herwig_plus,51,MUR1.0_MUF1.0_PDF26115,pdf,2,0.21,0.42,0.6719119548797607,0.6723525524139404,1.0006557370068798,0.0006557370070368052,0.0006557370070368052,0.06557370070368052
Herwig_plus,51,MUR1.0_MUF1.0_PDF26115,pdf,3,0.42,0.63,0.6914249062538147,0.6916345953941345,1.000303271025419,0.00030327102285809815,0.00030327102285809815,0.030327102285809815
Herwig_plus,51,MUR1.0_MUF1.0_PDF26115,pdf,4,0.63,0.84,0.6939395666122437,0.6943126916885376,1.0005376910241846,0.0005376909975893795,0.0005376909975893795,0.053769099758937955
Herwig_plus,51,MUR1.0_MUF1.0_PDF26115,pdf,5,0.84,1.05,0.6589977741241455,0.6594484448432922,1.0006838729003988,0.0006838729023002088,0.0006838729023002088,0.06838729023002088
Herwig_plus,51,MUR1.0_MUF1.0_PDF26115,pdf,6,1.05,1.37,0.6422200798988342,0.6427624821662903,1.0008445738220166,0.0008445738349109888,0.0008445738349109888,0.08445738349109888
Herwig_plus,51,MUR1.0_MUF1.0_PDF26115,pdf,7,1.37,1.52,0.7223036289215088,0.7227892875671387,1.000672374644379,0.0006723746191710234,0.0006723746191710234,0.06723746191710234
Herwig_plus,51,MUR1.0_MUF1.0_PDF26115,pdf,8,1.52,1.74,0.6450952887535095,0.6456080079078674,1.0007947959988184,0.0007947959820739925,0.0007947959820739925,0.07947959820739925
Herwig_plus,51,MUR1.0_MUF1.0_PDF26115,pdf,9,1.74,1.95,0.6222162246704102,0.6226022839546204,1.0006204584016025,0.000620458391495049,0.000620458391495049,0.0620458391495049
Herwig_plus,51,MUR1.0_MUF1.0_PDF26115,pdf,10,1.95,2.18,0.6321878433227539,0.6304614543914795,0.9972691835986586,-0.0027308163698762655,0.0027308163698762655,-0.27308163698762655
Herwig_plus,51,MUR1.0_MUF1.0_PDF26115,pdf,11,2.18,2.5,0.6375429630279541,0.6358360648155212,0.9973226930396564,-0.0026773069985210896,0.0026773069985210896,-0.26773069985210896
Herwig_plus,52,MUR1.0_MUF1.0_PDF26116,pdf,1,0.0,0.21,0.665374219417572,0.6655414700508118,1.0002513632604915,0.0002513632643967867,0.0002513632643967867,0.02513632643967867
Herwig_plus,52,MUR1.0_MUF1.0_PDF26116,pdf,2,0.21,0.42,0.6719119548797607,0.6722705960273743,1.0005337621172072,0.0005337620968930423,0.0005337620968930423,0.05337620968930423
Herwig_plus,52,MUR1.0_MUF1.0_PDF26116,pdf,3,0.42,0.63,0.6914249062538147,0.6913934350013733,0.9999544834845306,-4.551651727524586e-05,4.551651727524586e-05,-0.004551651727524586
Herwig_plus,52,MUR1.0_MUF1.0_PDF26116,pdf,4,0.63,0.84,0.6939395666122437,0.6941649913787842,1.000324847836017,0.00032484784605912864,0.00032484784605912864,0.032484784605912864
Herwig_plus,52,MUR1.0_MUF1.0_PDF26116,pdf,5,0.84,1.05,0.6589977741241455,0.659430980682373,1.000657371807975,0.0006573718274012208,0.0006573718274012208,0.06573718274012208
Herwig_plus,52,MUR1.0_MUF1.0_PDF26116,pdf,6,1.05,1.37,0.6422200798988342,0.6427407264709473,1.000810698058826,0.0008106980822049081,0.0008106980822049081,0.08106980822049081
Herwig_plus,52,MUR1.0_MUF1.0_PDF26116,pdf,7,1.37,1.52,0.7223036289215088,0.7230990529060364,1.0011012321587187,0.0011012321338057518,0.0011012321338057518,0.11012321338057518
Herwig_plus,52,MUR1.0_MUF1.0_PDF26116,pdf,8,1.52,1.74,0.6450952887535095,0.6453054547309875,1.000325790594261,0.0003257906064391136,0.0003257906064391136,0.03257906064391136
Herwig_plus,52,MUR1.0_MUF1.0_PDF26116,pdf,9,1.74,1.95,0.6222162246704102,0.6228868365287781,1.0010777794467238,0.001077779452316463,0.001077779452316463,0.1077779452316463
Herwig_plus,52,MUR1.0_MUF1.0_PDF26116,pdf,10,1.95,2.18,0.6321878433227539,0.6309303045272827,0.9980108146514466,-0.001989185344427824,0.001989185344427824,-0.1989185344427824
Herwig_plus,52,MUR1.0_MUF1.0_PDF26116,pdf,11,2.18,2.5,0.6375429630279541,0.6366570591926575,0.9986104405715827,-0.001389559474773705,0.001389559474773705,-0.1389559474773705
Herwig_plus,53,MUR1.0_MUF1.0_PDF26117,pdf,1,0.0,0.21,0.665374219417572,0.6655146479606628,1.000211051974953,0.00021105197083670646,0.00021105197083670646,0.021105197083670646
Herwig_plus,53,MUR1.0_MUF1.0_PDF26117,pdf,2,0.21,0.42,0.6719119548797607,0.6723229885101318,1.0006117373375871,0.0006117373122833669,0.0006117373122833669,0.06117373122833669
Herwig_plus,53,MUR1.0_MUF1.0_PDF26117,pdf,3,0.42,0.63,0.6914249062538147,0.6913537383079529,0.9998970706070636,-0.00010292939259670675,0.00010292939259670675,-0.010292939259670675
Herwig_plus,53,MUR1.0_MUF1.0_PDF26117,pdf,4,0.63,0.84,0.6939395666122437,0.6942015290260315,1.0003775003276822,0.000377500313334167,0.000377500313334167,0.0377500313334167
Herwig_plus,53,MUR1.0_MUF1.0_PDF26117,pdf,5,0.84,1.05,0.6589977741241455,0.6596300601959229,1.0009594661721244,0.0009594661532901227,0.0009594661532901227,0.09594661532901227
Herwig_plus,53,MUR1.0_MUF1.0_PDF26117,pdf,6,1.05,1.37,0.6422200798988342,0.642791211605072,1.0008893083914905,0.0008893084013834596,0.0008893084013834596,0.08893084013834596
Herwig_plus,53,MUR1.0_MUF1.0_PDF26117,pdf,7,1.37,1.52,0.7223036289215088,0.7231460809707642,1.0011663406018232,0.0011663405457511544,0.0011663405457511544,0.11663405457511544
Herwig_plus,53,MUR1.0_MUF1.0_PDF26117,pdf,8,1.52,1.74,0.6450952887535095,0.645289421081543,1.0003009358949257,0.0003009359061252326,0.0003009359061252326,0.030093590612523258
Herwig_plus,53,MUR1.0_MUF1.0_PDF26117,pdf,9,1.74,1.95,0.6222162246704102,0.6227536201477051,1.0008636796277364,0.0008636796264909208,0.0008636796264909208,0.08636796264909208
Herwig_plus,53,MUR1.0_MUF1.0_PDF26117,pdf,10,1.95,2.18,0.6321878433227539,0.6301315426826477,0.996747326507738,-0.003252673428505659,0.003252673428505659,-0.3252673428505659
Herwig_plus,53,MUR1.0_MUF1.0_PDF26117,pdf,11,2.18,2.5,0.6375429630279541,0.6354275345802307,0.9966819044826778,-0.0033180955797433853,0.0033180955797433853,-0.33180955797433853
Herwig_plus,54,MUR1.0_MUF1.0_PDF26118,pdf,1,0.0,0.21,0.665374219417572,0.665747344493866,1.0005607747721583,0.0005607747589237988,0.0005607747589237988,0.05607747589237988
Herwig_plus,54,MUR1.0_MUF1.0_PDF26118,pdf,2,0.21,0.42,0.6719119548797607,0.6723032593727112,1.000582374655055,0.000582374632358551,0.000582374632358551,0.0582374632358551
Herwig_plus,54,MUR1.0_MUF1.0_PDF26118,pdf,3,0.42,0.63,0.6914249062538147,0.6917067170143127,1.000407579706703,0.0004075797041878104,0.0004075797041878104,0.04075797041878104
Herwig_plus,54,MUR1.0_MUF1.0_PDF26118,pdf,4,0.63,0.84,0.6939395666122437,0.6942857503890991,1.0004988673272306,0.0004988673026673496,0.0004988673026673496,0.04988673026673496
Herwig_plus,54,MUR1.0_MUF1.0_PDF26118,pdf,5,0.84,1.05,0.6589977741241455,0.6592268943786621,1.000347679861015,0.00034767985926009715,0.00034767985926009715,0.034767985926009715
Herwig_plus,54,MUR1.0_MUF1.0_PDF26118,pdf,6,1.05,1.37,0.6422200798988342,0.6427081227302551,1.0007599308191948,0.0007599308155477047,0.0007599308155477047,0.07599308155477047
Herwig_plus,54,MUR1.0_MUF1.0_PDF26118,pdf,7,1.37,1.52,0.7223036289215088,0.7227035164833069,1.0005536280669047,0.0005536280805245042,0.0005536280805245042,0.05536280805245042
Herwig_plus,54,MUR1.0_MUF1.0_PDF26118,pdf,8,1.52,1.74,0.6450952887535095,0.6456630229949951,1.0008800781084335,0.0008800781215541065,0.0008800781215541065,0.08800781215541065
Herwig_plus,54,MUR1.0_MUF1.0_PDF26118,pdf,9,1.74,1.95,0.6222162246704102,0.6227208971977234,1.0008110886654886,0.0008110886556096375,0.0008110886556096375,0.08110886556096375
Herwig_plus,54,MUR1.0_MUF1.0_PDF26118,pdf,10,1.95,2.18,0.6321878433227539,0.6313096284866333,0.9986108324521004,-0.0013891675043851137,0.0013891675043851137,-0.13891675043851137
Herwig_plus,54,MUR1.0_MUF1.0_PDF26118,pdf,11,2.18,2.5,0.6375429630279541,0.6371299624443054,0.9993521996044201,-0.0006478003924712539,0.0006478003924712539,-0.06478003924712539
Herwig_plus,55,MUR1.0_MUF1.0_PDF26119,pdf,1,0.0,0.21,0.665374219417572,0.6650748252868652,0.9995500364727553,-0.00044996352517046034,0.00044996352517046034,-0.044996352517046034
Herwig_plus,55,MUR1.0_MUF1.0_PDF26119,pdf,2,0.21,0.42,0.6719119548797607,0.6722874045372009,1.0005587780582166,0.0005587780615314841,0.0005587780615314841,0.05587780615314841
Herwig_plus,55,MUR1.0_MUF1.0_PDF26119,pdf,3,0.42,0.63,0.6914249062538147,0.6907162666320801,0.9989751025522438,-0.0010248974431306124,0.0010248974431306124,-0.10248974431306124
Herwig_plus,55,MUR1.0_MUF1.0_PDF26119,pdf,4,0.63,0.84,0.6939395666122437,0.694043755531311,1.0001501411997245,0.00015014120435807854,0.00015014120435807854,0.015014120435807854
Herwig_plus,55,MUR1.0_MUF1.0_PDF26119,pdf,5,0.84,1.05,0.6589977741241455,0.6601526737213135,1.0017525091017234,0.0017525091534480453,0.0017525091534480453,0.17525091534480453
Herwig_plus,55,MUR1.0_MUF1.0_PDF26119,pdf,6,1.05,1.37,0.6422200798988342,0.643002450466156,1.0012182281305266,0.0012182281352579594,0.0012182281352579594,0.12182281352579594
Herwig_plus,55,MUR1.0_MUF1.0_PDF26119,pdf,7,1.37,1.52,0.7223036289215088,0.7241328954696655,1.0025325451443294,0.002532545244321227,0.002532545244321227,0.2532545244321227
Herwig_plus,55,MUR1.0_MUF1.0_PDF26119,pdf,8,1.52,1.74,0.6450952887535095,0.6447187066078186,0.999416237953902,-0.0005837620701640844,0.0005837620701640844,-0.05837620701640844
Herwig_plus,55,MUR1.0_MUF1.0_PDF26119,pdf,9,1.74,1.95,0.6222162246704102,0.62324458360672,1.0016527356496603,0.0016527356347069144,0.0016527356347069144,0.16527356347069144
Herwig_plus,55,MUR1.0_MUF1.0_PDF26119,pdf,10,1.95,2.18,0.6321878433227539,0.6291399002075195,0.9951787381750106,-0.00482126185670495,0.00482126185670495,-0.48212618567049503
Herwig_plus,55,MUR1.0_MUF1.0_PDF26119,pdf,11,2.18,2.5,0.6375429630279541,0.6340678930282593,0.9945492771448841,-0.005450722761452198,0.005450722761452198,-0.5450722761452198
Herwig_plus,56,MUR1.0_MUF1.0_PDF26120,pdf,1,0.0,0.21,0.665374219417572,0.6660088300704956,1.000953765015842,0.0009537650039419532,0.0009537650039419532,0.09537650039419532
Herwig_plus,56,MUR1.0_MUF1.0_PDF26120,pdf,2,0.21,0.42,0.6719119548797607,0.6723313331604004,1.000624156599081,0.0006241566152311862,0.0006241566152311862,0.062415661523118615
Herwig_plus,56,MUR1.0_MUF1.0_PDF26120,pdf,3,0.42,0.63,0.6914249062538147,0.6920841336250305,1.0009534330702485,0.0009534330456517637,0.0009534330456517637,0.09534330456517637
Herwig_plus,56,MUR1.0_MUF1.0_PDF26120,pdf,4,0.63,0.84,0.6939395666122437,0.6943833827972412,1.0006395602821212,0.0006395602831616998,0.0006395602831616998,0.06395602831616998
Herwig_plus,56,MUR1.0_MUF1.0_PDF26120,pdf,5,0.84,1.05,0.6589977741241455,0.6589362621307373,0.9999066582683227,-9.334173228126019e-05,9.334173228126019e-05,-0.00933417322812602
Herwig_plus,56,MUR1.0_MUF1.0_PDF26120,pdf,6,1.05,1.37,0.6422200798988342,0.6425741910934448,1.0005513860523738,0.0005513860378414392,0.0005513860378414392,0.055138603784143925
Herwig_plus,56,MUR1.0_MUF1.0_PDF26120,pdf,7,1.37,1.52,0.7223036289215088,0.7220731377601624,0.999680894360602,-0.0003191056312061846,0.0003191056312061846,-0.03191056312061846
Herwig_plus,56,MUR1.0_MUF1.0_PDF26120,pdf,8,1.52,1.74,0.6450952887535095,0.6460071206092834,1.0014134839792983,0.0014134839875623584,0.0014134839875623584,0.14134839875623584
Herwig_plus,56,MUR1.0_MUF1.0_PDF26120,pdf,9,1.74,1.95,0.6222162246704102,0.622369647026062,1.0002465740197197,0.00024657402536831796,0.00024657402536831796,0.024657402536831796
Herwig_plus,56,MUR1.0_MUF1.0_PDF26120,pdf,10,1.95,2.18,0.6321878433227539,0.6318144798278809,0.9994094105117386,-0.0005905894795432687,0.0005905894795432687,-0.05905894795432687
Herwig_plus,56,MUR1.0_MUF1.0_PDF26120,pdf,11,2.18,2.5,0.6375429630279541,0.6377995014190674,1.000402386044534,0.0004023860383313149,0.0004023860383313149,0.04023860383313149
Herwig_plus,57,MUR1.0_MUF1.0_PDF26121,pdf,1,0.0,0.21,0.665374219417572,0.6655671000480652,1.0002898829333393,0.0002898829407058656,0.0002898829407058656,0.028988294070586562
Herwig_plus,57,MUR1.0_MUF1.0_PDF26121,pdf,2,0.21,0.42,0.6719119548797607,0.672309398651123,1.000591511683154,0.0005915116635151207,0.0005915116635151207,0.059151166351512074
Herwig_plus,57,MUR1.0_MUF1.0_PDF26121,pdf,3,0.42,0.63,0.6914249062538147,0.6914194226264954,0.9999920690920016,-7.930908395792358e-06,7.930908395792358e-06,-0.0007930908395792358
Herwig_plus,57,MUR1.0_MUF1.0_PDF26121,pdf,4,0.63,0.84,0.6939395666122437,0.6942024827003479,1.00037887461784,0.0003788746253121644,0.0003788746253121644,0.03788746253121644
Herwig_plus,57,MUR1.0_MUF1.0_PDF26121,pdf,5,0.84,1.05,0.6589977741241455,0.6594979763031006,1.0007590347017785,0.0007590347086079419,0.0007590347086079419,0.07590347086079419
Herwig_plus,57,MUR1.0_MUF1.0_PDF26121,pdf,6,1.05,1.37,0.6422200798988342,0.6427728533744812,1.0008607228159763,0.0008607227937318385,0.0008607227937318385,0.08607227937318385
Herwig_plus,57,MUR1.0_MUF1.0_PDF26121,pdf,7,1.37,1.52,0.7223036289215088,0.7231160402297974,1.0011247504176348,0.001124750473536551,0.001124750473536551,0.1124750473536551
Herwig_plus,57,MUR1.0_MUF1.0_PDF26121,pdf,8,1.52,1.74,0.6450952887535095,0.6453409790992737,1.0003808589987362,0.0003808590117841959,0.0003808590117841959,0.03808590117841959
Herwig_plus,57,MUR1.0_MUF1.0_PDF26121,pdf,9,1.74,1.95,0.6222162246704102,0.6228577494621277,1.0010310319247258,0.0010310319485142827,0.0010310319485142827,0.10310319485142827
Herwig_plus,57,MUR1.0_MUF1.0_PDF26121,pdf,10,1.95,2.18,0.6321878433227539,0.6306953430175781,0.9976391505769373,-0.0023608494084328413,0.0023608494084328413,-0.23608494084328413
Herwig_plus,57,MUR1.0_MUF1.0_PDF26121,pdf,11,2.18,2.5,0.6375429630279541,0.6362976431846619,0.9980466887480371,-0.001953311264514923,0.001953311264514923,-0.1953311264514923
Herwig_plus,58,MUR1.0_MUF1.0_PDF26122,pdf,1,0.0,0.21,0.665374219417572,0.6657034754753113,1.0004948434251442,0.0004948434070684016,0.0004948434070684016,0.04948434070684016
Herwig_plus,58,MUR1.0_MUF1.0_PDF26122,pdf,2,0.21,0.42,0.6719119548797607,0.6723178625106812,1.0006041083626693,0.0006041083834134042,0.0006041083834134042,0.06041083834134042
Herwig_plus,58,MUR1.0_MUF1.0_PDF26122,pdf,3,0.42,0.63,0.6914249062538147,0.6916646361351013,1.000346718608367,0.00034671861794777215,0.00034671861794777215,0.034671861794777215
Herwig_plus,58,MUR1.0_MUF1.0_PDF26122,pdf,4,0.63,0.84,0.6939395666122437,0.6942976713180542,1.0005160459542015,0.0005160459550097585,0.0005160459550097585,0.05160459550097585
Herwig_plus,58,MUR1.0_MUF1.0_PDF26122,pdf,5,0.84,1.05,0.6589977741241455,0.6593588590621948,1.0005479304365317,0.0005479304236359894,0.0005479304236359894,0.05479304236359894
Herwig_plus,58,MUR1.0_MUF1.0_PDF26122,pdf,6,1.05,1.37,0.6422200798988342,0.6427201628684998,1.0007786785018373,0.000778678513597697,0.000778678513597697,0.0778678513597697
Herwig_plus,58,MUR1.0_MUF1.0_PDF26122,pdf,7,1.37,1.52,0.7223036289215088,0.7226847410202026,1.000527634201787,0.0005276342271827161,0.0005276342271827161,0.05276342271827161
Herwig_plus,58,MUR1.0_MUF1.0_PDF26122,pdf,8,1.52,1.74,0.6450952887535095,0.6456393003463745,1.0008433042410156,0.0008433042676188052,0.0008433042676188052,0.08433042676188052
Herwig_plus,58,MUR1.0_MUF1.0_PDF26122,pdf,9,1.74,1.95,0.6222162246704102,0.6225664615631104,1.000562886146027,0.000562886125408113,0.000562886125408113,0.0562886125408113
Herwig_plus,58,MUR1.0_MUF1.0_PDF26122,pdf,10,1.95,2.18,0.6321878433227539,0.6306688785552979,0.9975972888699149,-0.002402711194008589,0.002402711194008589,-0.24027111940085888
Herwig_plus,58,MUR1.0_MUF1.0_PDF26122,pdf,11,2.18,2.5,0.6375429630279541,0.6361269950866699,0.9977790234958297,-0.002220976399257779,0.002220976399257779,-0.2220976399257779
Herwig_plus,59,MUR1.0_MUF1.0_PDF26123,pdf,1,0.0,0.21,0.665374219417572,0.6657180786132812,1.000516790680604,0.0005167906638234854,0.0005167906638234854,0.05167906638234854
Herwig_plus,59,MUR1.0_MUF1.0_PDF26123,pdf,2,0.21,0.42,0.6719119548797607,0.6723877787590027,1.0007081640321864,0.0007081640069372952,0.0007081640069372952,0.07081640069372952
Herwig_plus,59,MUR1.0_MUF1.0_PDF26123,pdf,3,0.42,0.63,0.6914249062538147,0.691572904586792,1.0002140483104365,0.0002140483120456338,0.0002140483120456338,0.02140483120456338
Herwig_plus,59,MUR1.0_MUF1.0_PDF26123,pdf,4,0.63,0.84,0.6939395666122437,0.6942281126976013,1.000415808665827,0.0004158086667302996,0.0004158086667302996,0.04158086667302996
Herwig_plus,59,MUR1.0_MUF1.0_PDF26123,pdf,5,0.84,1.05,0.6589977741241455,0.6594202518463135,1.0006410912733803,0.0006410912610590458,0.0006410912610590458,0.06410912610590458
Herwig_plus,59,MUR1.0_MUF1.0_PDF26123,pdf,6,1.05,1.37,0.6422200798988342,0.6426918506622314,1.0007345936045344,0.0007345936028286815,0.0007345936028286815,0.07345936028286815
Herwig_plus,59,MUR1.0_MUF1.0_PDF26123,pdf,7,1.37,1.52,0.7223036289215088,0.722888171672821,1.0008092756673326,0.0008092756615951657,0.0008092756615951657,0.08092756615951657
Herwig_plus,59,MUR1.0_MUF1.0_PDF26123,pdf,8,1.52,1.74,0.6450952887535095,0.6453380584716797,1.0003763315627978,0.0003763315617106855,0.0003763315617106855,0.03763315617106855
Herwig_plus,59,MUR1.0_MUF1.0_PDF26123,pdf,9,1.74,1.95,0.6222162246704102,0.6226686835289001,1.0007271730317377,0.000727173057384789,0.000727173057384789,0.0727173057384789
Herwig_plus,59,MUR1.0_MUF1.0_PDF26123,pdf,10,1.95,2.18,0.6321878433227539,0.6308801174163818,0.9979314282611024,-0.0020685717463493347,0.0020685717463493347,-0.20685717463493347
Herwig_plus,59,MUR1.0_MUF1.0_PDF26123,pdf,11,2.18,2.5,0.6375429630279541,0.6366257667541504,0.9985613577013734,-0.0014386422699317336,0.0014386422699317336,-0.14386422699317336
Herwig_plus,60,MUR1.0_MUF1.0_PDF26124,pdf,1,0.0,0.21,0.665374219417572,0.6655464172363281,1.0002587984531575,0.0002587984490673989,0.0002587984490673989,0.02587984490673989
Herwig_plus,60,MUR1.0_MUF1.0_PDF26124,pdf,2,0.21,0.42,0.6719119548797607,0.6722535490989685,1.0005083913401553,0.0005083913565613329,0.0005083913565613329,0.050839135656133294
Herwig_plus,60,MUR1.0_MUF1.0_PDF26124,pdf,3,0.42,0.63,0.6914249062538147,0.6914772391319275,1.0000756884480722,7.568844739580527e-05,7.568844739580527e-05,0.007568844739580527
Herwig_plus,60,MUR1.0_MUF1.0_PDF26124,pdf,4,0.63,0.84,0.6939395666122437,0.6942552924156189,1.0004549759353205,0.0004549759323708713,0.0004549759323708713,0.04549759323708713
Herwig_plus,60,MUR1.0_MUF1.0_PDF26124,pdf,5,0.84,1.05,0.6589977741241455,0.6594608426094055,1.0007026859625974,0.000702685967553407,0.000702685967553407,0.0702685967553407
Herwig_plus,60,MUR1.0_MUF1.0_PDF26124,pdf,6,1.05,1.37,0.6422200798988342,0.6428067684173584,1.0009135318824298,0.0009135318687185645,0.0009135318687185645,0.09135318687185645
Herwig_plus,60,MUR1.0_MUF1.0_PDF26124,pdf,7,1.37,1.52,0.7223036289215088,0.7229857444763184,1.0009443612457383,0.000944361265283078,0.000944361265283078,0.0944361265283078
Herwig_plus,60,MUR1.0_MUF1.0_PDF26124,pdf,8,1.52,1.74,0.6450952887535095,0.6455715298652649,1.0007382492479144,0.0007382492767646909,0.0007382492767646909,0.07382492767646909
Herwig_plus,60,MUR1.0_MUF1.0_PDF26124,pdf,9,1.74,1.95,0.6222162246704102,0.6228011250495911,1.0009400275273932,0.0009400275303050876,0.0009400275303050876,0.09400275303050876
Herwig_plus,60,MUR1.0_MUF1.0_PDF26124,pdf,10,1.95,2.18,0.6321878433227539,0.6305223107337952,0.9973654466681853,-0.002634553238749504,0.002634553238749504,-0.2634553238749504
Herwig_plus,60,MUR1.0_MUF1.0_PDF26124,pdf,11,2.18,2.5,0.6375429630279541,0.6358945965766907,0.9974145013797429,-0.0025854986160993576,0.0025854986160993576,-0.25854986160993576
Herwig_plus,61,MUR1.0_MUF1.0_PDF26125,pdf,1,0.0,0.21,0.665374219417572,0.6659238338470459,1.000826023031002,0.0008260230533778667,0.0008260230533778667,0.08260230533778667
Herwig_plus,61,MUR1.0_MUF1.0_PDF26125,pdf,2,0.21,0.42,0.6719119548797607,0.6726089715957642,1.0010373631707865,0.0010373631957918406,0.0010373631957918406,0.10373631957918406
Herwig_plus,61,MUR1.0_MUF1.0_PDF26125,pdf,3,0.42,0.63,0.6914249062538147,0.6917551159858704,1.0004775785903415,0.0004775785782840103,0.0004775785782840103,0.04775785782840103
Herwig_plus,61,MUR1.0_MUF1.0_PDF26125,pdf,4,0.63,0.84,0.6939395666122437,0.6943838000297546,1.0006401615340652,0.000640161510091275,0.000640161510091275,0.0640161510091275
Herwig_plus,61,MUR1.0_MUF1.0_PDF26125,pdf,5,0.84,1.05,0.6589977741241455,0.6595880389213562,1.000895700744961,0.0008957007667049766,0.0008957007667049766,0.08957007667049766
Herwig_plus,61,MUR1.0_MUF1.0_PDF26125,pdf,6,1.05,1.37,0.6422200798988342,0.6427613496780396,1.0008428104261247,0.0008428104338236153,0.0008428104338236153,0.08428104338236153
Herwig_plus,61,MUR1.0_MUF1.0_PDF26125,pdf,7,1.37,1.52,0.7223036289215088,0.7228134274482727,1.000705795328102,0.0007057953043840826,0.0007057953043840826,0.07057953043840826
Herwig_plus,61,MUR1.0_MUF1.0_PDF26125,pdf,8,1.52,1.74,0.6450952887535095,0.6454143524169922,1.000494599277107,0.0004945992841385305,0.0004945992841385305,0.04945992841385305
Herwig_plus,61,MUR1.0_MUF1.0_PDF26125,pdf,9,1.74,1.95,0.6222162246704102,0.6224880218505859,1.000436821107196,0.0004368211084511131,0.0004368211084511131,0.04368211084511131
Herwig_plus,61,MUR1.0_MUF1.0_PDF26125,pdf,10,1.95,2.18,0.6321878433227539,0.6300991177558899,0.9966960364883233,-0.0033039634581655264,0.0033039634581655264,-0.33039634581655264
Herwig_plus,61,MUR1.0_MUF1.0_PDF26125,pdf,11,2.18,2.5,0.6375429630279541,0.6355541348457336,0.9968804797518669,-0.0031195201445370913,0.0031195201445370913,-0.3119520144537091
Herwig_plus,62,MUR1.0_MUF1.0_PDF26126,pdf,1,0.0,0.21,0.665374219417572,0.6651663780212402,0.9996876323273935,-0.0003123676870018244,0.0003123676870018244,-0.031236768700182438
Herwig_plus,62,MUR1.0_MUF1.0_PDF26126,pdf,2,0.21,0.42,0.6719119548797607,0.6718664169311523,0.9999322263158473,-6.777368253096938e-05,6.777368253096938e-05,-0.006777368253096938
Herwig_plus,62,MUR1.0_MUF1.0_PDF26126,pdf,3,0.42,0.63,0.6914249062538147,0.6911455392837524,0.9995959547196877,-0.00040404527680948377,0.00040404527680948377,-0.04040452768094838
Herwig_plus,62,MUR1.0_MUF1.0_PDF26126,pdf,4,0.63,0.84,0.6939395666122437,0.6939988136291504,1.0000853777760446,8.537777466699481e-05,8.537777466699481e-05,0.008537777466699481
Herwig_plus,62,MUR1.0_MUF1.0_PDF26126,pdf,5,0.84,1.05,0.6589977741241455,0.6592043042182922,1.0003134002909513,0.0003134002909064293,0.0003134002909064293,0.03134002909064293
Herwig_plus,62,MUR1.0_MUF1.0_PDF26126,pdf,6,1.05,1.37,0.6422200798988342,0.6426936984062195,1.0007374707241479,0.0007374707492999732,0.0007374707492999732,0.07374707492999732
Herwig_plus,62,MUR1.0_MUF1.0_PDF26126,pdf,7,1.37,1.52,0.7223036289215088,0.7230703830718994,1.001061539939285,0.001061539980582893,0.001061539980582893,0.10615399805828929
Herwig_plus,62,MUR1.0_MUF1.0_PDF26126,pdf,8,1.52,1.74,0.6450952887535095,0.6454581618309021,1.000562510816183,0.000562510802410543,0.000562510802410543,0.056251080241054296
Herwig_plus,62,MUR1.0_MUF1.0_PDF26126,pdf,9,1.74,1.95,0.6222162246704102,0.623036801815033,1.0013187974085014,0.0013187973527237773,0.0013187973527237773,0.13187973527237773
Herwig_plus,62,MUR1.0_MUF1.0_PDF26126,pdf,10,1.95,2.18,0.6321878433227539,0.6314857006072998,0.9988893448001726,-0.0011106552556157112,0.0011106552556157112,-0.11106552556157112
Herwig_plus,62,MUR1.0_MUF1.0_PDF26126,pdf,11,2.18,2.5,0.6375429630279541,0.6371570825576782,0.9993947380919347,-0.0006052618846297264,0.0006052618846297264,-0.06052618846297264
Herwig_plus,63,MUR1.0_MUF1.0_PDF26127,pdf,1,0.0,0.21,0.665374219417572,0.6656328439712524,1.000388690373226,0.00038869038689881563,0.00038869038689881563,0.03886903868988156
Herwig_plus,63,MUR1.0_MUF1.0_PDF26127,pdf,2,0.21,0.42,0.6719119548797607,0.6723476648330688,1.0006484628680048,0.00064846285386011,0.00064846285386011,0.064846285386011
Herwig_plus,63,MUR1.0_MUF1.0_PDF26127,pdf,3,0.42,0.63,0.6914249062538147,0.6915215253829956,1.0001397391507119,0.00013973914610687643,0.00013973914610687643,0.013973914610687643
Herwig_plus,63,MUR1.0_MUF1.0_PDF26127,pdf,4,0.63,0.84,0.6939395666122437,0.6942672729492188,1.000472240455426,0.00047224044101312757,0.00047224044101312757,0.04722404410131276
Herwig_plus,63,MUR1.0_MUF1.0_PDF26127,pdf,5,0.84,1.05,0.6589977741241455,0.6595156192779541,1.0007858071364457,0.0007858071476221085,0.0007858071476221085,0.07858071476221085
Herwig_plus,63,MUR1.0_MUF1.0_PDF26127,pdf,6,1.05,1.37,0.6422200798988342,0.6427869200706482,1.0008826260491626,0.0008826260454952717,0.0008826260454952717,0.08826260454952717
Herwig_plus,63,MUR1.0_MUF1.0_PDF26127,pdf,7,1.37,1.52,0.7223036289215088,0.7230027318000793,1.0009678795046544,0.0009678794885985553,0.0009678794885985553,0.09678794885985553
Herwig_plus,63,MUR1.0_MUF1.0_PDF26127,pdf,8,1.52,1.74,0.6450952887535095,0.6454658508300781,1.0005744299842658,0.0005744299851357937,0.0005744299851357937,0.05744299851357937
Herwig_plus,63,MUR1.0_MUF1.0_PDF26127,pdf,9,1.74,1.95,0.6222162246704102,0.622753381729126,1.0008632964513267,0.0008632964454591274,0.0008632964454591274,0.08632964454591274
Herwig_plus,63,MUR1.0_MUF1.0_PDF26127,pdf,10,1.95,2.18,0.6321878433227539,0.6305131316184998,0.9973509270671009,-0.0026490730233490467,0.0026490730233490467,-0.26490730233490467
Herwig_plus,63,MUR1.0_MUF1.0_PDF26127,pdf,11,2.18,2.5,0.6375429630279541,0.6359681487083435,0.9975298694975298,-0.002470130566507578,0.002470130566507578,-0.2470130566507578
Herwig_plus,64,MUR1.0_MUF1.0_PDF26128,pdf,1,0.0,0.21,0.665374219417572,0.6656413674354553,1.000401500403964,0.0004015004087705165,0.0004015004087705165,0.04015004087705165
Herwig_plus,64,MUR1.0_MUF1.0_PDF26128,pdf,2,0.21,0.42,0.6719119548797607,0.672308087348938,1.0005895600849193,0.000589560077060014,0.000589560077060014,0.0589560077060014
Herwig_plus,64,MUR1.0_MUF1.0_PDF26128,pdf,3,0.42,0.63,0.6914249062538147,0.6915488839149475,1.0001793074851824,0.0001793074916349724,0.0001793074916349724,0.01793074916349724
Herwig_plus,64,MUR1.0_MUF1.0_PDF26128,pdf,4,0.63,0.84,0.6939395666122437,0.694242537021637,1.0004365948044618,0.00043659479706548154,0.00043659479706548154,0.043659479706548154
Herwig_plus,64,MUR1.0_MUF1.0_PDF26128,pdf,5,0.84,1.05,0.6589977741241455,0.6593983173370361,1.0006078066248751,0.0006078066071495414,0.0006078066071495414,0.06078066071495414
Herwig_plus,64,MUR1.0_MUF1.0_PDF26128,pdf,6,1.05,1.37,0.6422200798988342,0.6427451968193054,1.0008176588320843,0.0008176588453352451,0.0008176588453352451,0.08176588453352451
Herwig_plus,64,MUR1.0_MUF1.0_PDF26128,pdf,7,1.37,1.52,0.7223036289215088,0.7229161858558655,1.0008480601644925,0.0008480601827614009,0.0008480601827614009,0.0848060182761401
Herwig_plus,64,MUR1.0_MUF1.0_PDF26128,pdf,8,1.52,1.74,0.6450952887535095,0.6454868316650391,1.0006069536057007,0.0006069536320865154,0.0006069536320865154,0.06069536320865154
Herwig_plus,64,MUR1.0_MUF1.0_PDF26128,pdf,9,1.74,1.95,0.6222162246704102,0.6227492094039917,1.0008565908641547,0.0008565908647142351,0.0008565908647142351,0.0856590864714235
Herwig_plus,64,MUR1.0_MUF1.0_PDF26128,pdf,10,1.95,2.18,0.6321878433227539,0.6308585405349731,0.9978972977702418,-0.002102702157571912,0.002102702157571912,-0.21027021575719118
Herwig_plus,64,MUR1.0_MUF1.0_PDF26128,pdf,11,2.18,2.5,0.6375429630279541,0.636479914188385,0.9983325847806079,-0.0016674152575433254,0.0016674152575433254,-0.16674152575433254
Herwig_plus,65,MUR1.0_MUF1.0_PDF26129,pdf,1,0.0,0.21,0.665374219417572,0.6657718420028687,1.0005975924129502,0.000597592385020107,0.000597592385020107,0.0597592385020107
Herwig_plus,65,MUR1.0_MUF1.0_PDF26129,pdf,2,0.21,0.42,0.6719119548797607,0.6724783778190613,1.0008430017284065,0.000843001704197377,0.000843001704197377,0.0843001704197377
Herwig_plus,65,MUR1.0_MUF1.0_PDF26129,pdf,3,0.42,0.63,0.6914249062538147,0.6916026473045349,1.0002570648657758,0.00025706487940624356,0.00025706487940624356,0.025706487940624356
Herwig_plus,65,MUR1.0_MUF1.0_PDF26129,pdf,4,0.63,0.84,0.6939395666122437,0.6943316459655762,1.0005650050410682,0.000565005058888346,0.000565005058888346,0.056500505888834596
Herwig_plus,65,MUR1.0_MUF1.0_PDF26129,pdf,5,0.84,1.05,0.6589977741241455,0.659572958946228,1.000872817549114,0.0008728175307624042,0.0008728175307624042,0.08728175307624042
Herwig_plus,65,MUR1.0_MUF1.0_PDF26129,pdf,6,1.05,1.37,0.6422200798988342,0.6428362131118774,1.000959380175625,0.0009593801805749536,0.0009593801805749536,0.09593801805749536
Herwig_plus,65,MUR1.0_MUF1.0_PDF26129,pdf,7,1.37,1.52,0.7223036289215088,0.72310471534729,1.0011090715783575,0.0011090715415775776,0.0011090715415775776,0.11090715415775776
Herwig_plus,65,MUR1.0_MUF1.0_PDF26129,pdf,8,1.52,1.74,0.6450952887535095,0.6454576253890991,1.0005616792463168,0.0005616792477667332,0.0005616792477667332,0.05616792477667332
Herwig_plus,65,MUR1.0_MUF1.0_PDF26129,pdf,9,1.74,1.95,0.6222162246704102,0.6228541731834412,1.0010252842785785,0.0010252842912450433,0.0010252842912450433,0.10252842912450433
Herwig_plus,65,MUR1.0_MUF1.0_PDF26129,pdf,10,1.95,2.18,0.6321878433227539,0.6305785179138184,0.9974543556540458,-0.0025456442963331938,0.0025456442963331938,-0.2545644296333194
Herwig_plus,65,MUR1.0_MUF1.0_PDF26129,pdf,11,2.18,2.5,0.6375429630279541,0.6362324953079224,0.9979445028868207,-0.0020554971415549517,0.0020554971415549517,-0.20554971415549517
Herwig_plus,66,MUR1.0_MUF1.0_PDF26130,pdf,1,0.0,0.21,0.665374219417572,0.6654110550880432,1.0000553608321396,5.536083335755393e-05,5.536083335755393e-05,0.005536083335755393
Herwig_plus,66,MUR1.0_MUF1.0_PDF26130,pdf,2,0.21,0.42,0.6719119548797607,0.6720771193504333,1.0002458126685694,0.0002458126691635698,0.0002458126691635698,0.02458126691635698
Herwig_plus,66,MUR1.0_MUF1.0_PDF26130,pdf,3,0.42,0.63,0.6914249062538147,0.6913981437683105,0.9999612937207467,-3.870627915603109e-05,3.870627915603109e-05,-0.0038706279156031087
Herwig_plus,66,MUR1.0_MUF1.0_PDF26130,pdf,4,0.63,0.84,0.6939395666122437,0.694108784198761,1.0002438506098499,0.00024385060532949865,0.00024385060532949865,0.024385060532949865
Herwig_plus,66,MUR1.0_MUF1.0_PDF26130,pdf,5,0.84,1.05,0.6589977741241455,0.6592506766319275,1.0003837683793668,0.0003837683761958033,0.0003837683761958033,0.03837683761958033
Herwig_plus,66,MUR1.0_MUF1.0_PDF26130,pdf,6,1.05,1.37,0.6422200798988342,0.6426266431808472,1.0006330591252721,0.0006330591277219355,0.0006330591277219355,0.06330591277219355
Herwig_plus,66,MUR1.0_MUF1.0_PDF26130,pdf,7,1.37,1.52,0.7223036289215088,0.7227080464363098,1.0005598996026157,0.0005598996067419648,0.0005598996067419648,0.05598996067419648
Herwig_plus,66,MUR1.0_MUF1.0_PDF26130,pdf,8,1.52,1.74,0.6450952887535095,0.6454561352729797,1.0005593693300217,0.0005593693349510431,0.0005593693349510431,0.05593693349510431
Herwig_plus,66,MUR1.0_MUF1.0_PDF26130,pdf,9,1.74,1.95,0.6222162246704102,0.622566282749176,1.0005625987637197,0.0005625987541861832,0.0005625987541861832,0.05625987541861832
Herwig_plus,66,MUR1.0_MUF1.0_PDF26130,pdf,10,1.95,2.18,0.6321878433227539,0.6308606266975403,0.9979005976795792,-0.0020994022488594055,0.0020994022488594055,-0.20994022488594055
Herwig_plus,66,MUR1.0_MUF1.0_PDF26130,pdf,11,2.18,2.5,0.6375429630279541,0.6362544298171997,0.9979789076415578,-0.0020210924558341503,0.0020210924558341503,-0.20210924558341503
Herwig_plus,67,MUR1.0_MUF1.0_PDF26131,pdf,1,0.0,0.21,0.665374219417572,0.6651488542556763,0.9996612956208417,-0.00033870438346639276,0.00033870438346639276,-0.033870438346639276
Herwig_plus,67,MUR1.0_MUF1.0_PDF26131,pdf,2,0.21,0.42,0.6719119548797607,0.6719221472740173,1.0000151692408248,1.516924112365814e-05,1.516924112365814e-05,0.001516924112365814
Herwig_plus,67,MUR1.0_MUF1.0_PDF26131,pdf,3,0.42,0.63,0.6914249062538147,0.6910712718963623,0.9994885426396217,-0.0005114573868922889,0.0005114573868922889,-0.05114573868922889
Herwig_plus,67,MUR1.0_MUF1.0_PDF26131,pdf,4,0.63,0.84,0.6939395666122437,0.6939052939414978,0.9999506114474591,-4.938855272484943e-05,4.938855272484943e-05,-0.004938855272484943
Herwig_plus,67,MUR1.0_MUF1.0_PDF26131,pdf,5,0.84,1.05,0.6589977741241455,0.6591867804527283,1.000286808751113,0.00028680876130238175,0.00028680876130238175,0.028680876130238175
Herwig_plus,67,MUR1.0_MUF1.0_PDF26131,pdf,6,1.05,1.37,0.6422200798988342,0.6425834894180298,1.0005658644607511,0.0005658644367940724,0.0005658644367940724,0.05658644367940724
Herwig_plus,67,MUR1.0_MUF1.0_PDF26131,pdf,7,1.37,1.52,0.7223036289215088,0.7230349779129028,1.0010125229364915,0.0010125229600816965,0.0010125229600816965,0.10125229600816965
Herwig_plus,67,MUR1.0_MUF1.0_PDF26131,pdf,8,1.52,1.74,0.6450952887535095,0.6450831294059753,0.999981151083032,-1.8848917534342036e-05,1.8848917534342036e-05,-0.0018848917534342036
Herwig_plus,67,MUR1.0_MUF1.0_PDF26131,pdf,9,1.74,1.95,0.6222162246704102,0.6228578686714172,1.0010312235129306,0.0010312235681340098,0.0010312235681340098,0.10312235681340098
Herwig_plus,67,MUR1.0_MUF1.0_PDF26131,pdf,10,1.95,2.18,0.6321878433227539,0.6313568353652954,0.9986855046862484,-0.0013144953409209847,0.0013144953409209847,-0.13144953409209847
Herwig_plus,67,MUR1.0_MUF1.0_PDF26131,pdf,11,2.18,2.5,0.6375429630279541,0.6370804309844971,0.9992745084327176,-0.0007254915544763207,0.0007254915544763207,-0.07254915544763207
Herwig_plus,68,MUR1.0_MUF1.0_PDF26132,pdf,1,0.0,0.21,0.665374219417572,0.666031539440155,1.000987895237598,0.0009878951823338866,0.0009878951823338866,0.09878951823338866
Herwig_plus,68,MUR1.0_MUF1.0_PDF26132,pdf,2,0.21,0.42,0.6719119548797607,0.6726474761962891,1.00109466919168,0.0010946692200377584,0.0010946692200377584,0.10946692200377584
Herwig_plus,68,MUR1.0_MUF1.0_PDF26132,pdf,3,0.42,0.63,0.6914249062538147,0.6919113993644714,1.0007036094682973,0.00070360949030146,0.00070360949030146,0.070360949030146
Herwig_plus,68,MUR1.0_MUF1.0_PDF26132,pdf,4,0.63,0.84,0.6939395666122437,0.6945235729217529,1.0008415809352973,0.0008415809134021401,0.0008415809134021401,0.08415809134021401
Herwig_plus,68,MUR1.0_MUF1.0_PDF26132,pdf,5,0.84,1.05,0.6589977741241455,0.6596478819847107,1.0009865099490347,0.000986509956419468,0.000986509956419468,0.09865099564194679
Herwig_plus,68,MUR1.0_MUF1.0_PDF26132,pdf,6,1.05,1.37,0.6422200798988342,0.6428795456886292,1.0010268532710762,0.0010268532205373049,0.0010268532205373049,0.10268532205373049
Herwig_plus,68,MUR1.0_MUF1.0_PDF26132,pdf,7,1.37,1.52,0.7223036289215088,0.7228276133537292,1.000725435137302,0.0007254351512528956,0.0007254351512528956,0.07254351512528956
Herwig_plus,68,MUR1.0_MUF1.0_PDF26132,pdf,8,1.52,1.74,0.6450952887535095,0.645770251750946,1.0010462996850291,0.0010462997015565634,0.0010462997015565634,0.10462997015565634
Herwig_plus,68,MUR1.0_MUF1.0_PDF26132,pdf,9,1.74,1.95,0.6222162246704102,0.6225876808166504,1.0005969888465012,0.0005969888297840953,0.0005969888297840953,0.05969888297840953
Herwig_plus,68,MUR1.0_MUF1.0_PDF26132,pdf,10,1.95,2.18,0.6321878433227539,0.6301206350326538,0.9967300726960598,-0.003269927343353629,0.003269927343353629,-0.3269927343353629
Herwig_plus,68,MUR1.0_MUF1.0_PDF26132,pdf,11,2.18,2.5,0.6375429630279541,0.6354924440383911,0.9967837163791688,-0.003216283628717065,0.003216283628717065,-0.3216283628717065
Herwig_plus,69,MUR1.0_MUF1.0_PDF26133,pdf,1,0.0,0.21,0.665374219417572,0.6655517220497131,1.0002667711296307,0.0002667711232788861,0.0002667711232788861,0.026677112327888608
Herwig_plus,69,MUR1.0_MUF1.0_PDF26133,pdf,2,0.21,0.42,0.6719119548797607,0.6722508072853088,1.0005043107256646,0.0005043107084929943,0.0005043107084929943,0.05043107084929943
Herwig_plus,69,MUR1.0_MUF1.0_PDF26133,pdf,3,0.42,0.63,0.6914249062538147,0.6914361715316772,1.0000162928436056,1.6292842701659538e-05,1.6292842701659538e-05,0.0016292842701659538
Herwig_plus,69,MUR1.0_MUF1.0_PDF26133,pdf,4,0.63,0.84,0.6939395666122437,0.6941685080528259,1.0003299155309733,0.00032991552143357694,0.00032991552143357694,0.032991552143357694
Herwig_plus,69,MUR1.0_MUF1.0_PDF26133,pdf,5,0.84,1.05,0.6589977741241455,0.6593651175498962,1.0005574274150455,0.000557427410967648,0.000557427410967648,0.0557427410967648
Herwig_plus,69,MUR1.0_MUF1.0_PDF26133,pdf,6,1.05,1.37,0.6422200798988342,0.6427202820777893,1.0007788641224575,0.0007788641378283501,0.0007788641378283501,0.077886413782835
Herwig_plus,69,MUR1.0_MUF1.0_PDF26133,pdf,7,1.37,1.52,0.7223036289215088,0.7230185866355896,1.0009898298796427,0.0009898298885673285,0.0009898298885673285,0.09898298885673285
Herwig_plus,69,MUR1.0_MUF1.0_PDF26133,pdf,8,1.52,1.74,0.6450952887535095,0.6453510522842407,1.0003964740328912,0.0003964740317314863,0.0003964740317314863,0.03964740317314863
Herwig_plus,69,MUR1.0_MUF1.0_PDF26133,pdf,9,1.74,1.95,0.6222162246704102,0.6228541731834412,1.0010252842785785,0.0010252842912450433,0.0010252842912450433,0.10252842912450433
Herwig_plus,69,MUR1.0_MUF1.0_PDF26133,pdf,10,1.95,2.18,0.6321878433227539,0.6310727000236511,0.9982360570345016,-0.0017639430006965995,0.0017639430006965995,-0.17639430006965995
Herwig_plus,69,MUR1.0_MUF1.0_PDF26133,pdf,11,2.18,2.5,0.6375429630279541,0.6368389129638672,0.998895682165884,-0.0011043178383260965,0.0011043178383260965,-0.11043178383260965
Herwig_plus,70,MUR1.0_MUF1.0_PDF26134,pdf,1,0.0,0.21,0.665374219417572,0.6657282710075378,1.0005321089691088,0.0005321089411154389,0.0005321089411154389,0.053210894111543894
Herwig_plus,70,MUR1.0_MUF1.0_PDF26134,pdf,2,0.21,0.42,0.6719119548797607,0.6724015474319458,1.0007286558136514,0.0007286558393388987,0.0007286558393388987,0.07286558393388987
Herwig_plus,70,MUR1.0_MUF1.0_PDF26134,pdf,3,0.42,0.63,0.6914249062538147,0.691640317440033,1.0003115467555044,0.0003115467552561313,0.0003115467552561313,0.03115467552561313
Herwig_plus,70,MUR1.0_MUF1.0_PDF26134,pdf,4,0.63,0.84,0.6939395666122437,0.6943472027778625,1.0005874231492649,0.0005874231574125588,0.0005874231574125588,0.05874231574125588
Herwig_plus,70,MUR1.0_MUF1.0_PDF26134,pdf,5,0.84,1.05,0.6589977741241455,0.6595478057861328,1.0008346487402304,0.0008346487302333117,0.0008346487302333117,0.08346487302333117
Herwig_plus,70,MUR1.0_MUF1.0_PDF26134,pdf,6,1.05,1.37,0.6422200798988342,0.6427977085113525,1.0008994247152927,0.0008994247182272375,0.0008994247182272375,0.08994247182272375
Herwig_plus,70,MUR1.0_MUF1.0_PDF26134,pdf,7,1.37,1.52,0.7223036289215088,0.7228128910064697,1.0007050526462415,0.0007050526328384876,0.0007050526328384876,0.07050526328384876
Herwig_plus,70,MUR1.0_MUF1.0_PDF26134,pdf,8,1.52,1.74,0.6450952887535095,0.6456292867660522,1.0008277816035125,0.0008277816232293844,0.0008277816232293844,0.08277816232293844
Herwig_plus,70,MUR1.0_MUF1.0_PDF26134,pdf,9,1.74,1.95,0.6222162246704102,0.6225605010986328,1.0005533067357815,0.0005533067160286009,0.0005533067160286009,0.05533067160286009
Herwig_plus,70,MUR1.0_MUF1.0_PDF26134,pdf,10,1.95,2.18,0.6321878433227539,0.6301140189170837,0.9967196072693043,-0.0032803926151245832,0.0032803926151245832,-0.3280392615124583
Herwig_plus,70,MUR1.0_MUF1.0_PDF26134,pdf,11,2.18,2.5,0.6375429630279541,0.6353187561035156,0.9965112830767126,-0.0034887169022113085,0.0034887169022113085,-0.34887169022113085
Herwig_plus,71,MUR1.0_MUF1.0_PDF26135,pdf,1,0.0,0.21,0.665374219417572,0.6655659675598145,1.0002881809012834,0.0002881808904930949,0.0002881808904930949,0.028818089049309492
Herwig_plus,71,MUR1.0_MUF1.0_PDF26135,pdf,2,0.21,0.42,0.6719119548797607,0.6722552180290222,1.0005108751924543,0.0005108751938678324,0.0005108751938678324,0.05108751938678324
Herwig_plus,71,MUR1.0_MUF1.0_PDF26135,pdf,3,0.42,0.63,0.6914249062538147,0.6914701461791992,1.0000654299909872,6.542998744407669e-05,6.542998744407669e-05,0.006542998744407669
Herwig_plus,71,MUR1.0_MUF1.0_PDF26135,pdf,4,0.63,0.84,0.6939395666122437,0.6941973567008972,1.0003714878082426,0.0003714878112077713,0.0003714878112077713,0.03714878112077713
Herwig_plus,71,MUR1.0_MUF1.0_PDF26135,pdf,5,0.84,1.05,0.6589977741241455,0.6593841314315796,1.000586280140244,0.000586280133575201,0.000586280133575201,0.0586280133575201
Herwig_plus,71,MUR1.0_MUF1.0_PDF26135,pdf,6,1.05,1.37,0.6422200798988342,0.642727255821228,1.0007897229287408,0.0007897229515947402,0.0007897229515947402,0.07897229515947402
Herwig_plus,71,MUR1.0_MUF1.0_PDF26135,pdf,7,1.37,1.52,0.7223036289215088,0.7229474782943726,1.000891383273022,0.000891383271664381,0.000891383271664381,0.0891383271664381
Herwig_plus,71,MUR1.0_MUF1.0_PDF26135,pdf,8,1.52,1.74,0.6450952887535095,0.645427405834198,1.0005148341438521,0.000514834129717201,0.000514834129717201,0.0514834129717201
Herwig_plus,71,MUR1.0_MUF1.0_PDF26135,pdf,9,1.74,1.95,0.6222162246704102,0.622775673866272,1.0008991234456448,0.0008991234353743494,0.0008991234353743494,0.08991234353743494
Herwig_plus,71,MUR1.0_MUF1.0_PDF26135,pdf,10,1.95,2.18,0.6321878433227539,0.6308766603469849,0.9979259598399148,-0.002074040239676833,0.002074040239676833,-0.20740402396768332
Herwig_plus,71,MUR1.0_MUF1.0_PDF26135,pdf,11,2.18,2.5,0.6375429630279541,0.6364957690238953,0.9983574534348473,-0.0016425466164946556,0.0016425466164946556,-0.16425466164946556
Herwig_plus,72,MUR1.0_MUF1.0_PDF26136,pdf,1,0.0,0.21,0.665374219417572,0.6657994985580444,1.0006391578273721,0.0006391578353941441,0.0006391578353941441,0.0639157835394144
Herwig_plus,72,MUR1.0_MUF1.0_PDF26136,pdf,2,0.21,0.42,0.6719119548797607,0.6724840402603149,1.0008514290844202,0.0008514290675520897,0.0008514290675520897,0.08514290675520897
Herwig_plus,72,MUR1.0_MUF1.0_PDF26136,pdf,3,0.42,0.63,0.6914249062538147,0.6916826367378235,1.0003727526759272,0.00037275266367942095,0.00037275266367942095,0.037275266367942095
Herwig_plus,72,MUR1.0_MUF1.0_PDF26136,pdf,4,0.63,0.84,0.6939395666122437,0.694383978843689,1.0006404192134697,0.0006404191954061389,0.0006404191954061389,0.06404191954061389
Herwig_plus,72,MUR1.0_MUF1.0_PDF26136,pdf,5,0.84,1.05,0.6589977741241455,0.6595959067344666,1.000907639803664,0.0009076397982425988,0.0009076397982425988,0.09076397982425988
Herwig_plus,72,MUR1.0_MUF1.0_PDF26136,pdf,6,1.05,1.37,0.6422200798988342,0.6428362131118774,1.000959380175625,0.0009593801805749536,0.0009593801805749536,0.09593801805749536
Herwig_plus,72,MUR1.0_MUF1.0_PDF26136,pdf,7,1.37,1.52,0.7223036289215088,0.7229470610618591,1.000890805631575,0.0008908056188374758,0.0008908056188374758,0.08908056188374758
Herwig_plus,72,MUR1.0_MUF1.0_PDF26136,pdf,8,1.52,1.74,0.6450952887535095,0.6455891132354736,1.0007655062601966,0.0007655062363483012,0.0007655062363483012,0.07655062363483012
Herwig_plus,72,MUR1.0_MUF1.0_PDF26136,pdf,9,1.74,1.95,0.6222162246704102,0.6226735711097717,1.000735028148139,0.0007350281230174005,0.0007350281230174005,0.07350281230174005
Herwig_plus,72,MUR1.0_MUF1.0_PDF26136,pdf,10,1.95,2.18,0.6321878433227539,0.6302554607391357,0.9969433411223765,-0.003056658897548914,0.003056658897548914,-0.3056658897548914
Herwig_plus,72,MUR1.0_MUF1.0_PDF26136,pdf,11,2.18,2.5,0.6375429630279541,0.6356092095375061,0.9969668656034351,-0.003033134387806058,0.003033134387806058,-0.3033134387806058
Herwig_plus,73,MUR1.0_MUF1.0_PDF26137,pdf,1,0.0,0.21,0.665374219417572,0.665622353553772,1.0003729241815487,0.0003729241725523025,0.0003729241725523025,0.03729241725523025
Herwig_plus,73,MUR1.0_MUF1.0_PDF26137,pdf,2,0.21,0.42,0.6719119548797607,0.6723231077194214,1.0006119147556085,0.0006119147292338312,0.0006119147292338312,0.06119147292338312
Herwig_plus,73,MUR1.0_MUF1.0_PDF26137,pdf,3,0.42,0.63,0.6914249062538147,0.6915028095245361,1.000112670616891,0.00011267061927355826,0.00011267061927355826,0.011267061927355826
Herwig_plus,73,MUR1.0_MUF1.0_PDF26137,pdf,4,0.63,0.84,0.6939395666122437,0.6942427158355713,1.0004368524838663,0.00043685248238034546,0.00043685248238034546,0.043685248238034546
Herwig_plus,73,MUR1.0_MUF1.0_PDF26137,pdf,5,0.84,1.05,0.6589977741241455,0.659445583820343,1.000679531424507,0.0006795314257033169,0.0006795314257033169,0.06795314257033169
Herwig_plus,73,MUR1.0_MUF1.0_PDF26137,pdf,6,1.05,1.37,0.6422200798988342,0.642779529094696,1.0008711175707088,0.0008711175760254264,0.0008711175760254264,0.08711175760254264
Herwig_plus,73,MUR1.0_MUF1.0_PDF26137,pdf,7,1.37,1.52,0.7223036289215088,0.7230457067489624,1.0010273765737017,0.0010273766238242388,0.0010273766238242388,0.10273766238242388
Herwig_plus,73,MUR1.0_MUF1.0_PDF26137,pdf,8,1.52,1.74,0.6450952887535095,0.6454486846923828,1.0005478197485462,0.0005478197708725929,0.0005478197708725929,0.05478197708725929
Herwig_plus,73,MUR1.0_MUF1.0_PDF26137,pdf,9,1.74,1.95,0.6222162246704102,0.6228684782981873,1.0010482748631677,0.001048274920322001,0.001048274920322001,0.1048274920322001
Herwig_plus,73,MUR1.0_MUF1.0_PDF26137,pdf,10,1.95,2.18,0.6321878433227539,0.630827784538269,0.997848647678297,-0.0021513523533940315,0.0021513523533940315,-0.21513523533940315
Herwig_plus,73,MUR1.0_MUF1.0_PDF26137,pdf,11,2.18,2.5,0.6375429630279541,0.6365195512771606,0.9983947564162062,-0.001605243538506329,0.001605243538506329,-0.1605243538506329
Herwig_plus,74,MUR1.0_MUF1.0_PDF26138,pdf,1,0.0,0.21,0.665374219417572,0.6656294465065002,1.0003835842770579,0.000383584265364334,0.000383584265364334,0.0383584265364334
Herwig_plus,74,MUR1.0_MUF1.0_PDF26138,pdf,2,0.21,0.42,0.6719119548797607,0.6723072528839111,1.00058831815877,0.0005883181584067643,0.0005883181584067643,0.05883181584067643
Herwig_plus,74,MUR1.0_MUF1.0_PDF26138,pdf,3,0.42,0.63,0.6914249062538147,0.691541314125061,1.0001683593839237,0.00016835938731674105,0.00016835938731674105,0.016835938731674105
Herwig_plus,74,MUR1.0_MUF1.0_PDF26138,pdf,4,0.63,0.84,0.6939395666122437,0.6942479014396667,1.0004443251865986,0.0004443251818884164,0.0004443251818884164,0.04443251818884164
Herwig_plus,74,MUR1.0_MUF1.0_PDF26138,pdf,5,0.84,1.05,0.6589977741241455,0.6594409942626953,1.000672566973597,0.0006725669954903424,0.0006725669954903424,0.06725669954903424
Herwig_plus,74,MUR1.0_MUF1.0_PDF26138,pdf,6,1.05,1.37,0.6422200798988342,0.6427358388900757,1.0008030876133969,0.000803087605163455,0.000803087605163455,0.0803087605163455
Herwig_plus,74,MUR1.0_MUF1.0_PDF26138,pdf,7,1.37,1.52,0.7223036289215088,0.7228651642799377,1.0007774228675377,0.0007774228579364717,0.0007774228579364717,0.07774228579364717
Herwig_plus,74,MUR1.0_MUF1.0_PDF26138,pdf,8,1.52,1.74,0.6450952887535095,0.645496666431427,1.0006221990532485,0.0006221990333870053,0.0006221990333870053,0.06221990333870053
Herwig_plus,74,MUR1.0_MUF1.0_PDF26138,pdf,9,1.74,1.95,0.6222162246704102,0.622653603553772,1.0007029371238165,0.0007029371336102486,0.0007029371336102486,0.07029371336102486
Herwig_plus,74,MUR1.0_MUF1.0_PDF26138,pdf,10,1.95,2.18,0.6321878433227539,0.6305872201919556,0.9974681209901387,-0.0025318791158497334,0.0025318791158497334,-0.25318791158497334
Herwig_plus,74,MUR1.0_MUF1.0_PDF26138,pdf,11,2.18,2.5,0.6375429630279541,0.6360133290290833,0.9976007358129937,-0.0023992641363292933,0.0023992641363292933,-0.23992641363292933
Herwig_plus,75,MUR1.0_MUF1.0_PDF26139,pdf,1,0.0,0.21,0.665374219417572,0.665861189365387,1.0007318737841109,0.0007318737916648388,0.0007318737916648388,0.07318737916648388
Herwig_plus,75,MUR1.0_MUF1.0_PDF26139,pdf,2,0.21,0.42,0.6719119548797607,0.6724025011062622,1.0007300751578223,0.0007300751749426126,0.0007300751749426126,0.07300751749426126
Herwig_plus,75,MUR1.0_MUF1.0_PDF26139,pdf,3,0.42,0.63,0.6914249062538147,0.6920320987701416,1.0008781756497849,0.0008781756623648107,0.0008781756623648107,0.08781756623648107
Herwig_plus,75,MUR1.0_MUF1.0_PDF26139,pdf,4,0.63,0.84,0.6939395666122437,0.694563090801239,1.0008985280837053,0.0008985280874185264,0.0008985280874185264,0.08985280874185264
Herwig_plus,75,MUR1.0_MUF1.0_PDF26139,pdf,5,0.84,1.05,0.6589977741241455,0.6594632863998413,1.0007063943065886,0.000706394319422543,0.000706394319422543,0.0706394319422543
Herwig_plus,75,MUR1.0_MUF1.0_PDF26139,pdf,6,1.05,1.37,0.6422200798988342,0.6427960991859436,1.0008969188369197,0.0008969188202172518,0.0008969188202172518,0.08969188202172518
Herwig_plus,75,MUR1.0_MUF1.0_PDF26139,pdf,7,1.37,1.52,0.7223036289215088,0.7221773266792297,0.999825139681954,-0.00017486032447777689,0.00017486032447777689,-0.01748603244777769
Herwig_plus,75,MUR1.0_MUF1.0_PDF26139,pdf,8,1.52,1.74,0.6450952887535095,0.6462802886962891,1.0018369378345162,0.001836937852203846,0.001836937852203846,0.1836937852203846
Herwig_plus,75,MUR1.0_MUF1.0_PDF26139,pdf,9,1.74,1.95,0.6222162246704102,0.6220055222511292,0.9996613678478207,-0.00033863214775919914,0.00033863214775919914,-0.033863214775919914
Herwig_plus,75,MUR1.0_MUF1.0_PDF26139,pdf,10,1.95,2.18,0.6321878433227539,0.6295881867408752,0.9958878415500447,-0.004112158436328173,0.004112158436328173,-0.41121584363281727
Herwig_plus,75,MUR1.0_MUF1.0_PDF26139,pdf,11,2.18,2.5,0.6375429630279541,0.6338330507278442,0.9941809218903618,-0.00581907806918025,0.00581907806918025,-0.581907806918025
Herwig_plus,76,MUR1.0_MUF1.0_PDF26140,pdf,1,0.0,0.21,0.665374219417572,0.665411114692688,1.000055450412774,5.545041130972095e-05,5.545041130972095e-05,0.005545041130972095
Herwig_plus,76,MUR1.0_MUF1.0_PDF26140,pdf,2,0.21,0.42,0.6719119548797607,0.6722147464752197,1.0004506417742085,0.00045064176083542407,0.00045064176083542407,0.04506417608354241
Herwig_plus,76,MUR1.0_MUF1.0_PDF26140,pdf,3,0.42,0.63,0.6914249062538147,0.6910473108291626,0.9994538880198893,-0.0005461119581013918,0.0005461119581013918,-0.05461119581013918
Herwig_plus,76,MUR1.0_MUF1.0_PDF26140,pdf,4,0.63,0.84,0.6939395666122437,0.6938631534576416,0.9998898850011174,-0.00011011499736923724,0.00011011499736923724,-0.011011499736923724
Herwig_plus,76,MUR1.0_MUF1.0_PDF26140,pdf,5,0.84,1.05,0.6589977741241455,0.6593306660652161,1.0005051488095131,0.0005051487823948264,0.0005051487823948264,0.05051487823948264
Herwig_plus,76,MUR1.0_MUF1.0_PDF26140,pdf,6,1.05,1.37,0.6422200798988342,0.6426154971122742,1.0006157035972811,0.0006157035822980106,0.0006157035822980106,0.06157035822980106
Herwig_plus,76,MUR1.0_MUF1.0_PDF26140,pdf,7,1.37,1.52,0.7223036289215088,0.7236630320549011,1.001882038354732,0.0018820383120328188,0.0018820383120328188,0.18820383120328188
Herwig_plus,76,MUR1.0_MUF1.0_PDF26140,pdf,8,1.52,1.74,0.6450952887535095,0.6445838212966919,0.9992071443308694,-0.000792855687905103,0.000792855687905103,-0.0792855687905103
Herwig_plus,76,MUR1.0_MUF1.0_PDF26140,pdf,9,1.74,1.95,0.6222162246704102,0.6233656406402588,1.0018472934717468,0.0018472934607416391,0.0018472934607416391,0.1847293460741639
Herwig_plus,76,MUR1.0_MUF1.0_PDF26140,pdf,10,1.95,2.18,0.6321878433227539,0.6323227882385254,1.0002134569925645,0.0002134569949703291,0.0002134569949703291,0.02134569949703291
Herwig_plus,76,MUR1.0_MUF1.0_PDF26140,pdf,11,2.18,2.5,0.6375429630279541,0.6391223669052124,1.0024773293234341,0.0024773292243480682,0.0024773292243480682,0.24773292243480682
Herwig_plus,77,MUR1.0_MUF1.0_PDF26141,pdf,1,0.0,0.21,0.665374219417572,0.6657112240791321,1.0005064889076332,0.0005064888973720372,0.0005064888973720372,0.05064888973720372
Herwig_plus,77,MUR1.0_MUF1.0_PDF26141,pdf,2,0.21,0.42,0.6719119548797607,0.6724194288253784,1.0007552685168528,0.0007552684983238578,0.0007552684983238578,0.07552684983238578
Herwig_plus,77,MUR1.0_MUF1.0_PDF26141,pdf,3,0.42,0.63,0.6914249062538147,0.6915075778961182,1.0001195670586287,0.00011956705566262826,0.00011956705566262826,0.011956705566262826
Herwig_plus,77,MUR1.0_MUF1.0_PDF26141,pdf,4,0.63,0.84,0.6939395666122437,0.694146454334259,1.0002981350710773,0.00029813506989739835,0.00029813506989739835,0.029813506989739835
Herwig_plus,77,MUR1.0_MUF1.0_PDF26141,pdf,5,0.84,1.05,0.6589977741241455,0.6592665314674377,1.0004078273916015,0.0004078273777849972,0.0004078273777849972,0.04078273777849972
Herwig_plus,77,MUR1.0_MUF1.0_PDF26141,pdf,6,1.05,1.37,0.6422200798988342,0.642734944820404,1.000801695458745,0.0008016954525373876,0.0008016954525373876,0.08016954525373876
Herwig_plus,77,MUR1.0_MUF1.0_PDF26141,pdf,7,1.37,1.52,0.7223036289215088,0.7234286069869995,1.0015574863816903,0.0015574863646179438,0.0015574863646179438,0.15574863646179438
Herwig_plus,77,MUR1.0_MUF1.0_PDF26141,pdf,8,1.52,1.74,0.6450952887535095,0.6450707316398621,0.9999619325794568,-3.8067420973675326e-05,3.8067420973675326e-05,-0.0038067420973675326
Herwig_plus,77,MUR1.0_MUF1.0_PDF26141,pdf,9,1.74,1.95,0.6222162246704102,0.6234545707702637,1.0019902182726101,0.0019902181811630726,0.0019902181811630726,0.19902181811630726
Herwig_plus,77,MUR1.0_MUF1.0_PDF26141,pdf,10,1.95,2.18,0.6321878433227539,0.6323721408843994,1.0002915234191738,0.0002915234072133899,0.0002915234072133899,0.029152340721338987
Herwig_plus,77,MUR1.0_MUF1.0_PDF26141,pdf,11,2.18,2.5,0.6375429630279541,0.63959139585495,1.003213011429484,0.0032130114268511534,0.0032130114268511534,0.32130114268511534
Herwig_plus,78,MUR1.0_MUF1.0_PDF26142,pdf,1,0.0,0.21,0.665374219417572,0.6656586527824402,1.0004274787879777,0.0004274787788745016,0.0004274787788745016,0.04274787788745016
Herwig_plus,78,MUR1.0_MUF1.0_PDF26142,pdf,2,0.21,0.42,0.6719119548797607,0.6721788048744202,1.000397150240774,0.00039715023012831807,0.00039715023012831807,0.03971502301283181
Herwig_plus,78,MUR1.0_MUF1.0_PDF26142,pdf,3,0.42,0.63,0.6914249062538147,0.6916672587394714,1.0003505116513227,0.00035051166196353734,0.00035051166196353734,0.035051166196353734
Herwig_plus,78,MUR1.0_MUF1.0_PDF26142,pdf,4,0.63,0.84,0.6939395666122437,0.6942011713981628,1.0003769849688733,0.0003769849718082696,0.0003769849718082696,0.03769849718082696
Herwig_plus,78,MUR1.0_MUF1.0_PDF26142,pdf,5,0.84,1.05,0.6589977741241455,0.6592734456062317,1.0004183192916738,0.00041831927956081927,0.00041831927956081927,0.04183192795608193
Herwig_plus,78,MUR1.0_MUF1.0_PDF26142,pdf,6,1.05,1.37,0.6422200798988342,0.6425225734710693,1.000471012323817,0.0004710123175755143,0.0004710123175755143,0.04710123175755143
Herwig_plus,78,MUR1.0_MUF1.0_PDF26142,pdf,7,1.37,1.52,0.7223036289215088,0.7222180366516113,0.9998815009831458,-0.00011849901784444228,0.00011849901784444228,-0.011849901784444228
Herwig_plus,78,MUR1.0_MUF1.0_PDF26142,pdf,8,1.52,1.74,0.6450952887535095,0.6456562876701355,1.0008696372867798,0.000869637297000736,0.000869637297000736,0.0869637297000736
Herwig_plus,78,MUR1.0_MUF1.0_PDF26142,pdf,9,1.74,1.95,0.6222162246704102,0.6218855977058411,0.9994686301136808,-0.0005313698784448206,0.0005313698784448206,-0.053136987844482064
Herwig_plus,78,MUR1.0_MUF1.0_PDF26142,pdf,10,1.95,2.18,0.6321878433227539,0.6304948329925537,0.9973219821480562,-0.002678017830476165,0.002678017830476165,-0.2678017830476165
Herwig_plus,78,MUR1.0_MUF1.0_PDF26142,pdf,11,2.18,2.5,0.6375429630279541,0.6350114941596985,0.996029336036849,-0.003970663994550705,0.003970663994550705,-0.3970663994550705
Herwig_plus,79,MUR1.0_MUF1.0_PDF26143,pdf,1,0.0,0.21,0.665374219417572,0.6657059788703918,1.0004986058117944,0.0004986058338545263,0.0004986058338545263,0.04986058338545263
Herwig_plus,79,MUR1.0_MUF1.0_PDF26143,pdf,2,0.21,0.42,0.6719119548797607,0.6723580360412598,1.0006638982358615,0.0006638982449658215,0.0006638982449658215,0.06638982449658215
Herwig_plus,79,MUR1.0_MUF1.0_PDF26143,pdf,3,0.42,0.63,0.6914249062538147,0.6916144490242004,1.0002741335590768,0.00027413354837335646,0.00027413354837335646,0.027413354837335646
Herwig_plus,79,MUR1.0_MUF1.0_PDF26143,pdf,4,0.63,0.84,0.6939395666122437,0.6942671537399292,1.0004720686691564,0.0004720686702057719,0.0004720686702057719,0.04720686702057719
Herwig_plus,79,MUR1.0_MUF1.0_PDF26143,pdf,5,0.84,1.05,0.6589977741241455,0.659547746181488,1.000834558292816,0.0008345582755282521,0.0008345582755282521,0.08345582755282521
Herwig_plus,79,MUR1.0_MUF1.0_PDF26143,pdf,6,1.05,1.37,0.6422200798988342,0.6426898241043091,1.0007314380539905,0.0007314380491152406,0.0007314380491152406,0.07314380491152406
Herwig_plus,79,MUR1.0_MUF1.0_PDF26143,pdf,7,1.37,1.52,0.7223036289215088,0.7227426767349243,1.0006078438427217,0.000607843860052526,0.000607843860052526,0.0607843860052526
Herwig_plus,79,MUR1.0_MUF1.0_PDF26143,pdf,8,1.52,1.74,0.6450952887535095,0.6455023288726807,1.0006309767351698,0.0006309767486527562,0.0006309767486527562,0.06309767486527562
Herwig_plus,79,MUR1.0_MUF1.0_PDF26143,pdf,9,1.74,1.95,0.6222162246704102,0.622340738773346,1.000200113880029,0.00020011387823615223,0.00020011387823615223,0.020011387823615223
Herwig_plus,79,MUR1.0_MUF1.0_PDF26143,pdf,10,1.95,2.18,0.6321878433227539,0.630221962928772,0.9968903540067311,-0.0031096460297703743,0.0031096460297703743,-0.31096460297703743
Herwig_plus,79,MUR1.0_MUF1.0_PDF26143,pdf,11,2.18,2.5,0.6375429630279541,0.6352419853210449,0.9963908664351326,-0.0036091336514800787,0.0036091336514800787,-0.36091336514800787
Herwig_plus,80,MUR1.0_MUF1.0_PDF26144,pdf,1,0.0,0.21,0.665374219417572,0.6658357381820679,1.0006936228531664,0.0006936228601261973,0.0006936228601261973,0.06936228601261973
Herwig_plus,80,MUR1.0_MUF1.0_PDF26144,pdf,2,0.21,0.42,0.6719119548797607,0.6723198890686035,1.0006071244690322,0.0006071244715712965,0.0006071244715712965,0.060712447157129645
Herwig_plus,80,MUR1.0_MUF1.0_PDF26144,pdf,3,0.42,0.63,0.6914249062538147,0.6918926239013672,1.0006764547289548,0.0006764547433704138,0.0006764547433704138,0.06764547433704138
Herwig_plus,80,MUR1.0_MUF1.0_PDF26144,pdf,4,0.63,0.84,0.6939395666122437,0.6944162845611572,1.0006869732925605,0.0006869732751511037,0.0006869732751511037,0.06869732751511037
Herwig_plus,80,MUR1.0_MUF1.0_PDF26144,pdf,5,0.84,1.05,0.6589977741241455,0.6591401696205139,1.0002160788730396,0.00021607887174468488,0.00021607887174468488,0.021607887174468488
Herwig_plus,80,MUR1.0_MUF1.0_PDF26144,pdf,6,1.05,1.37,0.6422200798988342,0.6427537798881531,1.0008310235167404,0.00083102349890396,0.00083102349890396,0.083102349890396
Herwig_plus,80,MUR1.0_MUF1.0_PDF26144,pdf,7,1.37,1.52,0.7223036289215088,0.7224263548851013,1.0001699091056426,0.0001699091080809012,0.0001699091080809012,0.01699091080809012
Herwig_plus,80,MUR1.0_MUF1.0_PDF26144,pdf,8,1.52,1.74,0.6450952887535095,0.6460206508636475,1.0014344580192578,0.00143445807043463,0.00143445807043463,0.143445807043463
Herwig_plus,80,MUR1.0_MUF1.0_PDF26144,pdf,9,1.74,1.95,0.6222162246704102,0.6226495504379272,1.0006964231248496,0.0006964231142774224,0.0006964231142774224,0.06964231142774224
Herwig_plus,80,MUR1.0_MUF1.0_PDF26144,pdf,10,1.95,2.18,0.6321878433227539,0.6311389207839966,0.9983408055851815,-0.0016591943567618728,0.0016591943567618728,-0.16591943567618728
Herwig_plus,80,MUR1.0_MUF1.0_PDF26144,pdf,11,2.18,2.5,0.6375429630279541,0.636803925037384,0.998840802842431,-0.0011591971851885319,0.0011591971851885319,-0.11591971851885319
Herwig_plus,81,MUR1.0_MUF1.0_PDF26145,pdf,1,0.0,0.21,0.665374219417572,0.666092038154602,1.0010788195816458,0.0010788196232169867,0.0010788196232169867,0.10788196232169867
Herwig_plus,81,MUR1.0_MUF1.0_PDF26145,pdf,2,0.21,0.42,0.6719119548797607,0.6723410487174988,1.0006386161678205,0.0006386161549016833,0.0006386161549016833,0.06386161549016833
Herwig_plus,81,MUR1.0_MUF1.0_PDF26145,pdf,3,0.42,0.63,0.6914249062538147,0.692028284072876,1.0008726584963947,0.0008726585074327886,0.0008726585074327886,0.08726585074327886
Herwig_plus,81,MUR1.0_MUF1.0_PDF26145,pdf,4,0.63,0.84,0.6939395666122437,0.69415283203125,1.0003073256365067,0.000307325622998178,0.000307325622998178,0.0307325622998178
Herwig_plus,81,MUR1.0_MUF1.0_PDF26145,pdf,5,0.84,1.05,0.6589977741241455,0.6587658524513245,0.9996480691105075,-0.0003519308811519295,0.0003519308811519295,-0.03519308811519295
Herwig_plus,81,MUR1.0_MUF1.0_PDF26145,pdf,6,1.05,1.37,0.6422200798988342,0.6422377824783325,1.000027564662103,2.7564661650103517e-05,2.7564661650103517e-05,0.0027564661650103517
Herwig_plus,81,MUR1.0_MUF1.0_PDF26145,pdf,7,1.37,1.52,0.7223036289215088,0.72181236743927,0.9993198684561889,-0.0006801315466873348,0.0006801315466873348,-0.06801315466873348
Herwig_plus,81,MUR1.0_MUF1.0_PDF26145,pdf,8,1.52,1.74,0.6450952887535095,0.6453782320022583,1.0004386069061137,0.0004386069194879383,0.0004386069194879383,0.04386069194879383
Herwig_plus,81,MUR1.0_MUF1.0_PDF26145,pdf,9,1.74,1.95,0.6222162246704102,0.6220358610153198,0.9997101270459704,-0.00028987295809201896,0.00028987295809201896,-0.028987295809201896
Herwig_plus,81,MUR1.0_MUF1.0_PDF26145,pdf,10,1.95,2.18,0.6321878433227539,0.6325904726982117,1.0006368825021081,0.0006368824979290366,0.0006368824979290366,0.06368824979290366
Herwig_plus,81,MUR1.0_MUF1.0_PDF26145,pdf,11,2.18,2.5,0.6375429630279541,0.6390334963798523,1.0023379339720402,0.002337933983653784,0.002337933983653784,0.23379339836537838
Herwig_plus,82,MUR1.0_MUF1.0_PDF26146,pdf,1,0.0,0.21,0.665374219417572,0.6652660965919495,0.9998375007289624,-0.0001624992728466168,0.0001624992728466168,-0.01624992728466168
Herwig_plus,82,MUR1.0_MUF1.0_PDF26146,pdf,2,0.21,0.42,0.6719119548797607,0.6721868515014648,1.0004091259572145,0.0004091259615961462,0.0004091259615961462,0.04091259615961462
Herwig_plus,82,MUR1.0_MUF1.0_PDF26146,pdf,3,0.42,0.63,0.6914249062538147,0.6909270882606506,0.9992800114825755,-0.0007199885440059006,0.0007199885440059006,-0.07199885440059006
Herwig_plus,82,MUR1.0_MUF1.0_PDF26146,pdf,4,0.63,0.84,0.6939395666122437,0.6942875385284424,1.0005014441212763,0.0005014440976083279,0.0005014440976083279,0.05014440976083279
Herwig_plus,82,MUR1.0_MUF1.0_PDF26146,pdf,5,0.84,1.05,0.6589977741241455,0.659622848033905,1.00094852203498,0.0009485220070928335,0.0009485220070928335,0.09485220070928335
Herwig_plus,82,MUR1.0_MUF1.0_PDF26146,pdf,6,1.05,1.37,0.6422200798988342,0.6433273553848267,1.0017241371309455,0.0017241371097043157,0.0017241371097043157,0.17241371097043157
Herwig_plus,82,MUR1.0_MUF1.0_PDF26146,pdf,7,1.37,1.52,0.7223036289215088,0.7236648797988892,1.0018845964811403,0.0018845965387299657,0.0018845965387299657,0.18845965387299657
Herwig_plus,82,MUR1.0_MUF1.0_PDF26146,pdf,8,1.52,1.74,0.6450952887535095,0.6454471945762634,1.000545509832251,0.0005455098580569029,0.0005455098580569029,0.05455098580569029
Herwig_plus,82,MUR1.0_MUF1.0_PDF26146,pdf,9,1.74,1.95,0.6222162246704102,0.6244348287582397,1.0035656480815889,0.003565648104995489,0.003565648104995489,0.3565648104995489
Herwig_plus,82,MUR1.0_MUF1.0_PDF26146,pdf,10,1.95,2.18,0.6321878433227539,0.6270221471786499,0.9918288587819827,-0.008171141147613525,0.008171141147613525,-0.8171141147613525
Herwig_plus,82,MUR1.0_MUF1.0_PDF26146,pdf,11,2.18,2.5,0.6375429630279541,0.6354198455810547,0.9966698441202835,-0.003330155974254012,0.003330155974254012,-0.3330155974254012
Herwig_plus,83,MUR1.0_MUF1.0_PDF26147,pdf,1,0.0,0.21,0.665374219417572,0.6655068397521973,1.0001993169118295,0.00019931691349484026,0.00019931691349484026,0.019931691349484026
Herwig_plus,83,MUR1.0_MUF1.0_PDF26147,pdf,2,0.21,0.42,0.6719119548797607,0.6722557544708252,1.0005116735735502,0.0005116735701449215,0.0005116735701449215,0.051167357014492154
Herwig_plus,83,MUR1.0_MUF1.0_PDF26147,pdf,3,0.42,0.63,0.6914249062538147,0.6912022829055786,0.9996780223763673,-0.00032197762629948556,0.00032197762629948556,-0.032197762629948556
Herwig_plus,83,MUR1.0_MUF1.0_PDF26147,pdf,4,0.63,0.84,0.6939395666122437,0.6941424012184143,1.0002922943379073,0.0002922943385783583,0.0002922943385783583,0.02922943385783583
Herwig_plus,83,MUR1.0_MUF1.0_PDF26147,pdf,5,0.84,1.05,0.6589977741241455,0.659570574760437,1.0008691996525372,0.0008691996335983276,0.0008691996335983276,0.08691996335983276
Herwig_plus,83,MUR1.0_MUF1.0_PDF26147,pdf,6,1.05,1.37,0.6422200798988342,0.6428194046020508,1.0009332076681734,0.0009332076879218221,0.0009332076879218221,0.09332076879218221
Herwig_plus,83,MUR1.0_MUF1.0_PDF26147,pdf,7,1.37,1.52,0.7223036289215088,0.7230875492095947,1.0010853057588212,0.0010853057028725743,0.0010853057028725743,0.10853057028725743
Herwig_plus,83,MUR1.0_MUF1.0_PDF26147,pdf,8,1.52,1.74,0.6450952887535095,0.6453267931938171,1.0003588685956069,0.00035886859404854476,0.00035886859404854476,0.035886859404854476
Herwig_plus,83,MUR1.0_MUF1.0_PDF26147,pdf,9,1.74,1.95,0.6222162246704102,0.6228659152984619,1.0010441557167622,0.0010441556805744767,0.0010441556805744767,0.10441556805744767
Herwig_plus,83,MUR1.0_MUF1.0_PDF26147,pdf,10,1.95,2.18,0.6321878433227539,0.6301282048225403,0.9967420466527982,-0.003257953329011798,0.003257953329011798,-0.3257953329011798
Herwig_plus,83,MUR1.0_MUF1.0_PDF26147,pdf,11,2.18,2.5,0.6375429630279541,0.6356714963912964,0.9970645638879467,-0.002935436088591814,0.002935436088591814,-0.2935436088591814
Herwig_plus,84,MUR1.0_MUF1.0_PDF26148,pdf,1,0.0,0.21,0.665374219417572,0.6652636528015137,0.9998338279229467,-0.00016617207438685,0.00016617207438685,-0.016617207438685
Herwig_plus,84,MUR1.0_MUF1.0_PDF26148,pdf,2,0.21,0.42,0.6719119548797607,0.6718935370445251,0.9999725889157026,-2.741108437476214e-05,2.741108437476214e-05,-0.002741108437476214
Herwig_plus,84,MUR1.0_MUF1.0_PDF26148,pdf,3,0.42,0.63,0.6914249062538147,0.6915169954299927,1.0001331875310608,0.0001331875246251002,0.0001331875246251002,0.01331875246251002
Herwig_plus,84,MUR1.0_MUF1.0_PDF26148,pdf,4,0.63,0.84,0.6939395666122437,0.6941478252410889,1.000300110613179,0.000300110608804971,0.000300110608804971,0.030011060880497098
Herwig_plus,84,MUR1.0_MUF1.0_PDF26148,pdf,5,0.84,1.05,0.6589977741241455,0.659048318862915,1.0000766994074248,7.669940532650799e-05,7.669940532650799e-05,0.0076699405326507986
Herwig_plus,84,MUR1.0_MUF1.0_PDF26148,pdf,6,1.05,1.37,0.6422200798988342,0.6426805853843689,1.0007170524559232,0.0007170524331741035,0.0007170524331741035,0.07170524331741035
Herwig_plus,84,MUR1.0_MUF1.0_PDF26148,pdf,7,1.37,1.52,0.7223036289215088,0.7229897379875183,1.0009498900995888,0.0009498901199549437,0.0009498901199549437,0.09498901199549437
Herwig_plus,84,MUR1.0_MUF1.0_PDF26148,pdf,8,1.52,1.74,0.6450952887535095,0.6457552313804626,1.0010230157287745,0.0010230157058686018,0.0010230157058686018,0.10230157058686018
Herwig_plus,84,MUR1.0_MUF1.0_PDF26148,pdf,9,1.74,1.95,0.6222162246704102,0.6228885650634766,1.0010805574756951,0.0010805574711412191,0.0010805574711412191,0.10805574711412191
Herwig_plus,84,MUR1.0_MUF1.0_PDF26148,pdf,10,1.95,2.18,0.6321878433227539,0.6322637796401978,1.0001201166998794,0.00012011670332867652,0.00012011670332867652,0.012011670332867652
Herwig_plus,84,MUR1.0_MUF1.0_PDF26148,pdf,11,2.18,2.5,0.6375429630279541,0.6377966403961182,1.0003978984678292,0.00039789846050553024,0.00039789846050553024,0.039789846050553024
Herwig_plus,85,MUR1.0_MUF1.0_PDF26149,pdf,1,0.0,0.21,0.665374219417572,0.6656385660171509,1.000397290114141,0.00039729010313749313,0.00039729010313749313,0.03972901031374931
Herwig_plus,85,MUR1.0_MUF1.0_PDF26149,pdf,2,0.21,0.42,0.6719119548797607,0.6723306775093079,1.0006231807999637,0.0006231808220036328,0.0006231808220036328,0.06231808220036328
Herwig_plus,85,MUR1.0_MUF1.0_PDF26149,pdf,3,0.42,0.63,0.6914249062538147,0.6915249228477478,1.00014465286545,0.0001446528622182086,0.0001446528622182086,0.014465286221820861
Herwig_plus,85,MUR1.0_MUF1.0_PDF26149,pdf,4,0.63,0.84,0.6939395666122437,0.6942569613456726,1.0004573809430963,0.00045738095650449395,0.00045738095650449395,0.045738095650449395
Herwig_plus,85,MUR1.0_MUF1.0_PDF26149,pdf,5,0.84,1.05,0.6589977741241455,0.6594767570495605,1.0007268354222465,0.00072683539474383,0.00072683539474383,0.072683539474383
Herwig_plus,85,MUR1.0_MUF1.0_PDF26149,pdf,6,1.05,1.37,0.6422200798988342,0.6427610516548157,1.0008423463745741,0.0008423464023508132,0.0008423464023508132,0.08423464023508132
Herwig_plus,85,MUR1.0_MUF1.0_PDF26149,pdf,7,1.37,1.52,0.7223036289215088,0.7229044437408447,1.000831803683768,0.0008318036561831832,0.0008318036561831832,0.08318036561831832
Herwig_plus,85,MUR1.0_MUF1.0_PDF26149,pdf,8,1.52,1.74,0.6450952887535095,0.6454874873161316,1.0006079699688706,0.0006079699960537255,0.0006079699960537255,0.06079699960537255
Herwig_plus,85,MUR1.0_MUF1.0_PDF26149,pdf,9,1.74,1.95,0.6222162246704102,0.6226839423179626,1.0007516963219663,0.0007516962941735983,0.0007516962941735983,0.07516962941735983
Herwig_plus,85,MUR1.0_MUF1.0_PDF26149,pdf,10,1.95,2.18,0.6321878433227539,0.6304700970649719,0.9972828546516276,-0.0027171452529728413,0.0027171452529728413,-0.2717145252972841
Herwig_plus,85,MUR1.0_MUF1.0_PDF26149,pdf,11,2.18,2.5,0.6375429630279541,0.6359105706214905,0.9974395570163449,-0.0025604430120438337,0.0025604430120438337,-0.2560443012043834
Herwig_plus,86,MUR1.0_MUF1.0_PDF26150,pdf,1,0.0,0.21,0.665374219417572,0.6656131148338318,1.0003590391831967,0.0003590391715988517,0.0003590391715988517,0.03590391715988517
Herwig_plus,86,MUR1.0_MUF1.0_PDF26150,pdf,2,0.21,0.42,0.6719119548797607,0.6723002195358276,1.0005778504955107,0.0005778505001217127,0.0005778505001217127,0.05778505001217127
Herwig_plus,86,MUR1.0_MUF1.0_PDF26150,pdf,3,0.42,0.63,0.6914249062538147,0.6915150880813599,1.0001304289543658,0.00013042894715908915,0.00013042894715908915,0.013042894715908915
Herwig_plus,86,MUR1.0_MUF1.0_PDF26150,pdf,4,0.63,0.84,0.6939395666122437,0.6942295432090759,1.0004178701010635,0.00041787009104155004,0.00041787009104155004,0.041787009104155004
Herwig_plus,86,MUR1.0_MUF1.0_PDF26150,pdf,5,0.84,1.05,0.6589977741241455,0.6594109535217285,1.0006269814767312,0.0006269814912229776,0.0006269814912229776,0.06269814912229776
Herwig_plus,86,MUR1.0_MUF1.0_PDF26150,pdf,6,1.05,1.37,0.6422200798988342,0.6427456736564636,1.0008184013145653,0.0008184013422578573,0.0008184013422578573,0.08184013422578573
Herwig_plus,86,MUR1.0_MUF1.0_PDF26150,pdf,7,1.37,1.52,0.7223036289215088,0.722964882850647,1.0009154791733852,0.0009154791478067636,0.0009154791478067636,0.09154791478067636
Herwig_plus,86,MUR1.0_MUF1.0_PDF26150,pdf,8,1.52,1.74,0.6450952887535095,0.6454489231109619,1.0005481893351533,0.0005481893313117325,0.0005481893313117325,0.05481893313117325
Herwig_plus,86,MUR1.0_MUF1.0_PDF26150,pdf,9,1.74,1.95,0.6222162246704102,0.6227777600288391,1.000902476239231,0.000902476254850626,0.000902476254850626,0.0902476254850626
Herwig_plus,86,MUR1.0_MUF1.0_PDF26150,pdf,10,1.95,2.18,0.6321878433227539,0.6308451294898987,0.9978760840673588,-0.002123915823176503,0.002123915823176503,-0.21239158231765032
Herwig_plus,86,MUR1.0_MUF1.0_PDF26150,pdf,11,2.18,2.5,0.6375429630279541,0.636465311050415,0.998309679441177,-0.001690320554189384,0.001690320554189384,-0.1690320554189384
Herwig_plus,87,MUR1.0_MUF1.0_PDF26151,pdf,1,0.0,0.21,0.665374219417572,0.6656229496002197,1.000373819987894,0.00037381998845376074,0.00037381998845376074,0.037381998845376074
Herwig_plus,87,MUR1.0_MUF1.0_PDF26151,pdf,2,0.21,0.42,0.6719119548797607,0.6723133325576782,1.0005973664778585,0.0005973664810881019,0.0005973664810881019,0.059736648108810186
Herwig_plus,87,MUR1.0_MUF1.0_PDF26151,pdf,3,0.42,0.63,0.6914249062538147,0.6915187239646912,1.0001356874911909,0.0001356874854536727,0.0001356874854536727,0.01356874854536727
Herwig_plus,87,MUR1.0_MUF1.0_PDF26151,pdf,4,0.63,0.84,0.6939395666122437,0.6942409873008728,1.0004343615829554,0.000434361572843045,0.000434361572843045,0.0434361572843045
Herwig_plus,87,MUR1.0_MUF1.0_PDF26151,pdf,5,0.84,1.05,0.6589977741241455,0.6594409346580505,1.0006724765261825,0.0006724765407852829,0.0006724765407852829,0.06724765407852829
Herwig_plus,87,MUR1.0_MUF1.0_PDF26151,pdf,6,1.05,1.37,0.6422200798988342,0.6427522897720337,1.0008287032589875,0.0008287032833322883,0.0008287032833322883,0.08287032833322883
Herwig_plus,87,MUR1.0_MUF1.0_PDF26151,pdf,7,1.37,1.52,0.7223036289215088,0.7229380011558533,1.000878262560153,0.0008782625664025545,0.0008782625664025545,0.08782625664025545
Herwig_plus,87,MUR1.0_MUF1.0_PDF26151,pdf,8,1.52,1.74,0.6450952887535095,0.6454634070396423,1.0005706417215419,0.0005706417141482234,0.0005706417141482234,0.05706417141482234
Herwig_plus,87,MUR1.0_MUF1.0_PDF26151,pdf,9,1.74,1.95,0.6222162246704102,0.6227385401725769,1.0008394437198154,0.0008394437027163804,0.0008394437027163804,0.08394437027163804
Herwig_plus,87,MUR1.0_MUF1.0_PDF26151,pdf,10,1.95,2.18,0.6321878433227539,0.6306844353675842,0.9976218967652591,-0.0023781033232808113,0.0023781033232808113,-0.23781033232808113
Herwig_plus,87,MUR1.0_MUF1.0_PDF26151,pdf,11,2.18,2.5,0.6375429630279541,0.6362268924713135,0.9979357147157737,-0.002064285334199667,0.002064285334199667,-0.2064285334199667
Herwig_plus,88,MUR1.0_MUF1.0_PDF26152,pdf,1,0.0,0.21,0.665374219417572,0.6656225323677063,1.0003731929234523,0.00037319291732273996,0.00037319291732273996,0.037319291732273996
Herwig_plus,88,MUR1.0_MUF1.0_PDF26152,pdf,2,0.21,0.42,0.6719119548797607,0.6723135709762573,1.000597721313901,0.0005977213149890304,0.0005977213149890304,0.059772131498903036
Herwig_plus,88,MUR1.0_MUF1.0_PDF26152,pdf,3,0.42,0.63,0.6914249062538147,0.6915188431739807,1.0001358599022343,0.0001358598965452984,0.0001358598965452984,0.01358598965452984
Herwig_plus,88,MUR1.0_MUF1.0_PDF26152,pdf,4,0.63,0.84,0.6939395666122437,0.6942412257194519,1.000434705155495,0.00043470514356158674,0.00043470514356158674,0.043470514356158674
Herwig_plus,88,MUR1.0_MUF1.0_PDF26152,pdf,5,0.84,1.05,0.6589977741241455,0.659440815448761,1.0006722956313536,0.0006722956313751638,0.0006722956313751638,0.06722956313751638
Herwig_plus,88,MUR1.0_MUF1.0_PDF26152,pdf,6,1.05,1.37,0.6422200798988342,0.6427528262138367,1.0008295385517787,0.0008295385632663965,0.0008295385632663965,0.08295385632663965
Herwig_plus,88,MUR1.0_MUF1.0_PDF26152,pdf,7,1.37,1.52,0.7223036289215088,0.722937822341919,1.0008780149995329,0.0008780150092206895,0.0008780150092206895,0.08780150092206895
Herwig_plus,88,MUR1.0_MUF1.0_PDF26152,pdf,8,1.52,1.74,0.6450952887535095,0.6454636454582214,1.000571011308149,0.0005710113327950239,0.0005710113327950239,0.05710113327950239
Herwig_plus,88,MUR1.0_MUF1.0_PDF26152,pdf,9,1.74,1.95,0.6222162246704102,0.6227384209632874,1.0008392521316103,0.0008392521413043141,0.0008392521413043141,0.08392521413043141
Herwig_plus,88,MUR1.0_MUF1.0_PDF26152,pdf,10,1.95,2.18,0.6321878433227539,0.630683958530426,0.9976211425002678,-0.002378857461735606,0.002378857461735606,-0.23788574617356062
Herwig_plus,88,MUR1.0_MUF1.0_PDF26152,pdf,11,2.18,2.5,0.6375429630279541,0.6362270712852478,0.9979359951893177,-0.002064004773274064,0.002064004773274064,-0.2064004773274064
Herwig_plus,89,MUR1.0_MUF1.0_PDF26153,pdf,1,0.0,0.21,0.665374219417572,0.6656227707862854,1.0003735512459906,0.00037355124368332326,0.00037355124368332326,0.037355124368332326
Herwig_plus,89,MUR1.0_MUF1.0_PDF26153,pdf,2,0.21,0.42,0.6719119548797607,0.6723136305809021,1.0005978100229118,0.0005978100234642625,0.0005978100234642625,0.05978100234642625
Herwig_plus,89,MUR1.0_MUF1.0_PDF26153,pdf,3,0.42,0.63,0.6914249062538147,0.6915187239646912,1.0001356874911909,0.0001356874854536727,0.0001356874854536727,0.01356874854536727
Herwig_plus,89,MUR1.0_MUF1.0_PDF26153,pdf,4,0.63,0.84,0.6939395666122437,0.6942411661148071,1.00043461926236,0.0004346192581579089,0.0004346192581579089,0.04346192581579089
Herwig_plus,89,MUR1.0_MUF1.0_PDF26153,pdf,5,0.84,1.05,0.6589977741241455,0.6594407558441162,1.0006722051839392,0.0006722051766701043,0.0006722051766701043,0.06722051766701043
Herwig_plus,89,MUR1.0_MUF1.0_PDF26153,pdf,6,1.05,1.37,0.6422200798988342,0.6427526473999023,1.0008292601208484,0.0008292600978165865,0.0008292600978165865,0.08292600978165865
Herwig_plus,89,MUR1.0_MUF1.0_PDF26153,pdf,7,1.37,1.52,0.7223036289215088,0.7229381799697876,1.0008785101207733,0.0008785101235844195,0.0008785101235844195,0.08785101235844195
Herwig_plus,89,MUR1.0_MUF1.0_PDF26153,pdf,8,1.52,1.74,0.6450952887535095,0.6454635262489319,1.0005708265148454,0.0005708265234716237,0.0005708265234716237,0.057082652347162366
Herwig_plus,89,MUR1.0_MUF1.0_PDF26153,pdf,9,1.74,1.95,0.6222162246704102,0.622738242149353,1.000838964749303,0.0008389647700823843,0.0008389647700823843,0.08389647700823843
Herwig_plus,89,MUR1.0_MUF1.0_PDF26153,pdf,10,1.95,2.18,0.6321878433227539,0.6306837201118469,0.9976207653677721,-0.0023792346473783255,0.0023792346473783255,-0.23792346473783255
Herwig_plus,89,MUR1.0_MUF1.0_PDF26153,pdf,11,2.18,2.5,0.6375429630279541,0.6362271904945374,0.9979361821716805,-0.00206381781026721,0.00206381781026721,-0.206381781026721
Herwig_plus,90,MUR1.0_MUF1.0_PDF26154,pdf,1,0.0,0.21,0.665374219417572,0.6656234860420227,1.0003746262136048,0.0003746262227650732,0.0003746262227650732,0.03746262227650732
Herwig_plus,90,MUR1.0_MUF1.0_PDF26154,pdf,2,0.21,0.42,0.6719119548797607,0.672313392162323,1.000597455186869,0.000597455189563334,0.000597455189563334,0.0597455189563334
Herwig_plus,90,MUR1.0_MUF1.0_PDF26154,pdf,3,0.42,0.63,0.6914249062538147,0.6915189623832703,1.0001360323132777,0.0001360323076369241,0.0001360323076369241,0.013603230763692409
Herwig_plus,90,MUR1.0_MUF1.0_PDF26154,pdf,4,0.63,0.84,0.6939395666122437,0.6942413449287415,1.0004348769417646,0.00043487694347277284,0.00043487694347277284,0.043487694347277284
Herwig_plus,90,MUR1.0_MUF1.0_PDF26154,pdf,5,0.84,1.05,0.6589977741241455,0.6594405770301819,1.000671933841696,0.0006719338707625866,0.0006719338707625866,0.06719338707625866
Herwig_plus,90,MUR1.0_MUF1.0_PDF26154,pdf,6,1.05,1.37,0.6422200798988342,0.6427521109580994,1.0008284248280572,0.0008284248178824782,0.0008284248178824782,0.08284248178824782
Herwig_plus,90,MUR1.0_MUF1.0_PDF26154,pdf,7,1.37,1.52,0.7223036289215088,0.7229380011558533,1.000878262560153,0.0008782625664025545,0.0008782625664025545,0.08782625664025545
Herwig_plus,90,MUR1.0_MUF1.0_PDF26154,pdf,8,1.52,1.74,0.6450952887535095,0.6454634070396423,1.0005706417215419,0.0005706417141482234,0.0005706417141482234,0.05706417141482234
Herwig_plus,90,MUR1.0_MUF1.0_PDF26154,pdf,9,1.74,1.95,0.6222162246704102,0.622738778591156,1.000839826896225,0.0008398268837481737,0.0008398268837481737,0.08398268837481737
Herwig_plus,90,MUR1.0_MUF1.0_PDF26154,pdf,10,1.95,2.18,0.6321878433227539,0.6306840777397156,0.9976213310665156,-0.0023786688689142466,0.0023786688689142466,-0.23786688689142466
Herwig_plus,90,MUR1.0_MUF1.0_PDF26154,pdf,11,2.18,2.5,0.6375429630279541,0.6362269520759583,0.997935808206955,-0.002064191736280918,0.002064191736280918,-0.2064191736280918
Herwig_plus,91,MUR1.0_MUF1.0_PDF26155,pdf,1,0.0,0.21,0.665374219417572,0.6656246185302734,1.0003763282456608,0.0003763282438740134,0.0003763282438740134,0.03763282438740134
Herwig_plus,91,MUR1.0_MUF1.0_PDF26155,pdf,2,0.21,0.42,0.6719119548797607,0.6723148226737976,1.0005995842031252,0.000599584192968905,0.000599584192968905,0.0599584192968905
Herwig_plus,91,MUR1.0_MUF1.0_PDF26155,pdf,3,0.42,0.63,0.6914249062538147,0.6915203928947449,1.000138101245799,0.00013810124073643237,0.00013810124073643237,0.013810124073643237
Herwig_plus,91,MUR1.0_MUF1.0_PDF26155,pdf,4,0.63,0.84,0.6939395666122437,0.6942418217658997,1.0004355640868434,0.0004355640849098563,0.0004355640849098563,0.04355640849098563
Herwig_plus,91,MUR1.0_MUF1.0_PDF26155,pdf,5,0.84,1.05,0.6589977741241455,0.6594405770301819,1.000671933841696,0.0006719338707625866,0.0006719338707625866,0.06719338707625866
Herwig_plus,91,MUR1.0_MUF1.0_PDF26155,pdf,6,1.05,1.37,0.6422200798988342,0.6427514553070068,1.000827403914646,0.0008274039137177169,0.0008274039137177169,0.0827403913717717
Herwig_plus,91,MUR1.0_MUF1.0_PDF26155,pdf,7,1.37,1.52,0.7223036289215088,0.7229361534118652,1.0008757044337446,0.0008757044561207294,0.0008757044561207294,0.08757044561207294
Herwig_plus,91,MUR1.0_MUF1.0_PDF26155,pdf,8,1.52,1.74,0.6450952887535095,0.645464301109314,1.0005720276713188,0.000572027696762234,0.000572027696762234,0.0572027696762234
Herwig_plus,91,MUR1.0_MUF1.0_PDF26155,pdf,9,1.74,1.95,0.6222162246704102,0.6227357387542725,1.000834941397,0.0008349413983523846,0.0008349413983523846,0.08349413983523846
Herwig_plus,91,MUR1.0_MUF1.0_PDF26155,pdf,10,1.95,2.18,0.6321878433227539,0.6306829452514648,0.9976195396871611,-0.0023804602678865194,0.0023804602678865194,-0.23804602678865194
Herwig_plus,91,MUR1.0_MUF1.0_PDF26155,pdf,11,2.18,2.5,0.6375429630279541,0.6362254619598389,0.9979334709274214,-0.0020665291231125593,0.0020665291231125593,-0.20665291231125593
Herwig_plus,92,MUR1.0_MUF1.0_PDF26156,pdf,1,0.0,0.21,0.665374219417572,0.6656245589256287,1.0003762386650263,0.0003762386622838676,0.0003762386622838676,0.03762386622838676
Herwig_plus,92,MUR1.0_MUF1.0_PDF26156,pdf,2,0.21,0.42,0.6719119548797607,0.6723126769065857,1.000596390678741,0.0005963906878605485,0.0005963906878605485,0.05963906878605485
Herwig_plus,92,MUR1.0_MUF1.0_PDF26156,pdf,3,0.42,0.63,0.6914249062538147,0.6915201544761658,1.0001377564237122,0.000137756418553181,0.000137756418553181,0.0137756418553181
Herwig_plus,92,MUR1.0_MUF1.0_PDF26156,pdf,4,0.63,0.84,0.6939395666122437,0.6942415237426758,1.0004351346211693,0.00043513462878763676,0.00043513462878763676,0.043513462878763676
Herwig_plus,92,MUR1.0_MUF1.0_PDF26156,pdf,5,0.84,1.05,0.6589977741241455,0.6594405770301819,1.000671933841696,0.0006719338707625866,0.0006719338707625866,0.06719338707625866
Herwig_plus,92,MUR1.0_MUF1.0_PDF26156,pdf,6,1.05,1.37,0.6422200798988342,0.6427531242370605,1.0008300026033292,0.0008300025947391987,0.0008300025947391987,0.08300025947391987
Herwig_plus,92,MUR1.0_MUF1.0_PDF26156,pdf,7,1.37,1.52,0.7223036289215088,0.7229351997375488,1.000874384110437,0.0008743841317482293,0.0008743841317482293,0.08743841317482293
Herwig_plus,92,MUR1.0_MUF1.0_PDF26156,pdf,8,1.52,1.74,0.6450952887535095,0.6454627513885498,1.000569625358372,0.0005696253501810133,0.0005696253501810133,0.056962535018101335
Herwig_plus,92,MUR1.0_MUF1.0_PDF26156,pdf,9,1.74,1.95,0.6222162246704102,0.6227357387542725,1.000834941397,0.0008349413983523846,0.0008349413983523846,0.08349413983523846
Herwig_plus,92,MUR1.0_MUF1.0_PDF26156,pdf,10,1.95,2.18,0.6321878433227539,0.6306851506233215,0.9976230281627463,-0.0023769717663526535,0.0023769717663526535,-0.23769717663526535
Herwig_plus,92,MUR1.0_MUF1.0_PDF26156,pdf,11,2.18,2.5,0.6375429630279541,0.636228621006012,0.9979384259600329,-0.0020615740213543177,0.0020615740213543177,-0.20615740213543177
Herwig_plus,93,MUR1.0_MUF1.0_PDF26157,pdf,1,0.0,0.21,0.665374219417572,0.6656246781349182,1.0003764178262955,0.00037641782546415925,0.00037641782546415925,0.037641782546415925
Herwig_plus,93,MUR1.0_MUF1.0_PDF26157,pdf,2,0.21,0.42,0.6719119548797607,0.6723129153251648,1.0005967455147837,0.000596745521761477,0.000596745521761477,0.0596745521761477
Herwig_plus,93,MUR1.0_MUF1.0_PDF26157,pdf,3,0.42,0.63,0.6914249062538147,0.6915199160575867,1.0001374116016253,0.0001374115963699296,0.0001374115963699296,0.013741159636992961
Herwig_plus,93,MUR1.0_MUF1.0_PDF26157,pdf,4,0.63,0.84,0.6939395666122437,0.6942412853240967,1.0004347910486298,0.000434791058069095,0.000434791058069095,0.0434791058069095
Herwig_plus,93,MUR1.0_MUF1.0_PDF26157,pdf,5,0.84,1.05,0.6589977741241455,0.6594398617744446,1.0006708484727231,0.0006708484725095332,0.0006708484725095332,0.06708484725095332
Herwig_plus,93,MUR1.0_MUF1.0_PDF26157,pdf,6,1.05,1.37,0.6422200798988342,0.6427532434463501,1.0008301882239494,0.0008301882189698517,0.0008301882189698517,0.08301882189698517
Herwig_plus,93,MUR1.0_MUF1.0_PDF26157,pdf,7,1.37,1.52,0.7223036289215088,0.7229354977607727,1.0008747967114708,0.0008747967076487839,0.0008747967076487839,0.08747967076487839
Herwig_plus,93,MUR1.0_MUF1.0_PDF26157,pdf,8,1.52,1.74,0.6450952887535095,0.645462691783905,1.0005695329617201,0.0005695329746231437,0.0005695329746231437,0.05695329746231437
Herwig_plus,93,MUR1.0_MUF1.0_PDF26157,pdf,9,1.74,1.95,0.6222162246704102,0.6227362155914307,1.0008357077498196,0.0008357077604159713,0.0008357077604159713,0.08357077604159713
Herwig_plus,93,MUR1.0_MUF1.0_PDF26157,pdf,10,1.95,2.18,0.6321878433227539,0.6306851506233215,0.9976230281627463,-0.0023769717663526535,0.0023769717663526535,-0.23769717663526535
Herwig_plus,93,MUR1.0_MUF1.0_PDF26157,pdf,11,2.18,2.5,0.6375429630279541,0.6362285614013672,0.9979383324688516,-0.0020616676192730665,0.0020616676192730665,-0.20616676192730665
Herwig_plus,94,MUR1.0_MUF1.0_PDF26158,pdf,1,0.0,0.21,0.665374219417572,0.6656239628791809,1.000375342858681,0.00037534284638240933,0.00037534284638240933,0.03753428463824093
Herwig_plus,94,MUR1.0_MUF1.0_PDF26158,pdf,2,0.21,0.42,0.6719119548797607,0.6723124980926514,1.000596124551709,0.0005961245624348521,0.0005961245624348521,0.05961245624348521
Herwig_plus,94,MUR1.0_MUF1.0_PDF26158,pdf,3,0.42,0.63,0.6914249062538147,0.6915200352668762,1.0001375840126687,0.0001375840074615553,0.0001375840074615553,0.01375840074615553
Herwig_plus,94,MUR1.0_MUF1.0_PDF26158,pdf,4,0.63,0.84,0.6939395666122437,0.6942413449287415,1.0004348769417646,0.00043487694347277284,0.00043487694347277284,0.043487694347277284
Herwig_plus,94,MUR1.0_MUF1.0_PDF26158,pdf,5,0.84,1.05,0.6589977741241455,0.6594411134719849,1.0006727478684259,0.0006727478466928005,0.0006727478466928005,0.06727478466928005
Herwig_plus,94,MUR1.0_MUF1.0_PDF26158,pdf,6,1.05,1.37,0.6422200798988342,0.6427527666091919,1.0008294457414686,0.0008294457220472395,0.0008294457220472395,0.08294457220472395
Herwig_plus,94,MUR1.0_MUF1.0_PDF26158,pdf,7,1.37,1.52,0.7223036289215088,0.7229347825050354,1.0008738064689902,0.000873806478921324,0.000873806478921324,0.0873806478921324
Herwig_plus,94,MUR1.0_MUF1.0_PDF26158,pdf,8,1.52,1.74,0.6450952887535095,0.6454622149467468,1.0005687937885057,0.0005687937955372036,0.0005687937955372036,0.056879379553720355
Herwig_plus,94,MUR1.0_MUF1.0_PDF26158,pdf,9,1.74,1.95,0.6222162246704102,0.6227352619171143,1.0008341750441803,0.0008341750362887979,0.0008341750362887979,0.08341750362887979
Herwig_plus,94,MUR1.0_MUF1.0_PDF26158,pdf,10,1.95,2.18,0.6321878433227539,0.630685031414032,0.9976228395964984,-0.002377160359174013,0.002377160359174013,-0.2377160359174013
Herwig_plus,94,MUR1.0_MUF1.0_PDF26158,pdf,11,2.18,2.5,0.6375429630279541,0.6362282037734985,0.9979377715217634,-0.0020622285082936287,0.0020622285082936287,-0.20622285082936287
Herwig_plus,95,MUR1.0_MUF1.0_PDF26159,pdf,1,0.0,0.21,0.665374219417572,0.6656258702278137,1.0003782094389861,0.0003782094281632453,0.0003782094281632453,0.03782094281632453
Herwig_plus,95,MUR1.0_MUF1.0_PDF26159,pdf,2,0.21,0.42,0.6719119548797607,0.6723129749298096,1.0005968342237943,0.0005968342302367091,0.0005968342302367091,0.05968342302367091
Herwig_plus,95,MUR1.0_MUF1.0_PDF26159,pdf,3,0.42,0.63,0.6914249062538147,0.6915202140808105,1.000137842629234,0.00013784262409899384,0.00013784262409899384,0.013784262409899384
Herwig_plus,95,MUR1.0_MUF1.0_PDF26159,pdf,4,0.63,0.84,0.6939395666122437,0.6942417025566101,1.0004353923005738,0.0004353923141025007,0.0004353923141025007,0.04353923141025007
Herwig_plus,95,MUR1.0_MUF1.0_PDF26159,pdf,5,0.84,1.05,0.6589977741241455,0.6594396233558655,1.0006704866830654,0.000670486711896956,0.000670486711896956,0.0670486711896956
Herwig_plus,95,MUR1.0_MUF1.0_PDF26159,pdf,6,1.05,1.37,0.6422200798988342,0.6427549123764038,1.0008327869126326,0.0008327868999913335,0.0008327868999913335,0.08327868999913335
Herwig_plus,95,MUR1.0_MUF1.0_PDF26159,pdf,7,1.37,1.52,0.7223036289215088,0.722935676574707,1.0008750442720908,0.0008750442648306489,0.0008750442648306489,0.08750442648306489
Herwig_plus,95,MUR1.0_MUF1.0_PDF26159,pdf,8,1.52,1.74,0.6450952887535095,0.6454638838768005,1.0005713808947563,0.0005713808932341635,0.0005713808932341635,0.05713808932341635
Herwig_plus,95,MUR1.0_MUF1.0_PDF26159,pdf,9,1.74,1.95,0.6222162246704102,0.6227375864982605,1.000837911014176,0.0008379110367968678,0.0008379110367968678,0.08379110367968678
Herwig_plus,95,MUR1.0_MUF1.0_PDF26159,pdf,10,1.95,2.18,0.6321878433227539,0.6306854486465454,0.9976234995783658,-0.002376500517129898,0.002376500517129898,-0.2376500517129898
Herwig_plus,95,MUR1.0_MUF1.0_PDF26159,pdf,11,2.18,2.5,0.6375429630279541,0.6362304091453552,0.9979412306954735,-0.002058769343420863,0.002058769343420863,-0.20587693434208632
Herwig_plus,96,MUR1.0_MUF1.0_PDF26160,pdf,1,0.0,0.21,0.665374219417572,0.6656249165534973,1.0003767761488336,0.00037677615182474256,0.00037677615182474256,0.037677615182474256
Herwig_plus,96,MUR1.0_MUF1.0_PDF26160,pdf,2,0.21,0.42,0.6719119548797607,0.6723126769065857,1.000596390678741,0.0005963906878605485,0.0005963906878605485,0.05963906878605485
Herwig_plus,96,MUR1.0_MUF1.0_PDF26160,pdf,3,0.42,0.63,0.6914249062538147,0.691519021987915,1.0001361185187996,0.00013611851318273693,0.00013611851318273693,0.013611851318273693
Herwig_plus,96,MUR1.0_MUF1.0_PDF26160,pdf,4,0.63,0.84,0.6939395666122437,0.6942415237426758,1.0004351346211693,0.00043513462878763676,0.00043513462878763676,0.043513462878763676
Herwig_plus,96,MUR1.0_MUF1.0_PDF26160,pdf,5,0.84,1.05,0.6589977741241455,0.6594392657279968,1.000669943998579,0.0006699439836665988,0.0006699439836665988,0.06699439836665988
Herwig_plus,96,MUR1.0_MUF1.0_PDF26160,pdf,6,1.05,1.37,0.6422200798988342,0.6427529454231262,1.000829724172399,0.0008297241874970496,0.0008297241874970496,0.08297241874970496
Herwig_plus,96,MUR1.0_MUF1.0_PDF26160,pdf,7,1.37,1.52,0.7223036289215088,0.7229369878768921,1.0008768597166389,0.000876859703566879,0.000876859703566879,0.0876859703566879
Herwig_plus,96,MUR1.0_MUF1.0_PDF26160,pdf,8,1.52,1.74,0.6450952887535095,0.6454641222953796,1.0005717504813634,0.0005717504536733031,0.0005717504536733031,0.05717504536733031
Herwig_plus,96,MUR1.0_MUF1.0_PDF26160,pdf,9,1.74,1.95,0.6222162246704102,0.6227373480796814,1.0008375278377661,0.0008375278557650745,0.0008375278557650745,0.08375278557650745
Herwig_plus,96,MUR1.0_MUF1.0_PDF26160,pdf,10,1.95,2.18,0.6321878433227539,0.6306853890419006,0.997623405295242,-0.002376594813540578,0.002376594813540578,-0.2376594813540578
Herwig_plus,96,MUR1.0_MUF1.0_PDF26160,pdf,11,2.18,2.5,0.6375429630279541,0.6362279057502747,0.9979373040658567,-0.0020626960322260857,0.0020626960322260857,-0.20626960322260857
Herwig_plus,97,MUR1.0_MUF1.0_PDF26161,pdf,1,0.0,0.21,0.665374219417572,0.6656239032745361,1.0003752532780466,0.0003752532647922635,0.0003752532647922635,0.03752532647922635
Herwig_plus,97,MUR1.0_MUF1.0_PDF26161,pdf,2,0.21,0.42,0.6719119548797607,0.6723125576972961,1.0005962132607198,0.0005962132709100842,0.0005962132709100842,0.059621327091008425
Herwig_plus,97,MUR1.0_MUF1.0_PDF26161,pdf,3,0.42,0.63,0.6914249062538147,0.6915197968482971,1.0001372391905818,0.00013723918527830392,0.00013723918527830392,0.013723918527830392
Herwig_plus,97,MUR1.0_MUF1.0_PDF26161,pdf,4,0.63,0.84,0.6939395666122437,0.6942409873008728,1.0004343615829554,0.000434361572843045,0.000434361572843045,0.0434361572843045
Herwig_plus,97,MUR1.0_MUF1.0_PDF26161,pdf,5,0.84,1.05,0.6589977741241455,0.6594398617744446,1.0006708484727231,0.0006708484725095332,0.0006708484725095332,0.06708484725095332
Herwig_plus,97,MUR1.0_MUF1.0_PDF26161,pdf,6,1.05,1.37,0.6422200798988342,0.6427533626556396,1.0008303738445696,0.0008303738432005048,0.0008303738432005048,0.08303738432005048
Herwig_plus,97,MUR1.0_MUF1.0_PDF26161,pdf,7,1.37,1.52,0.7223036289215088,0.7229355573654175,1.0008748792316775,0.0008748792461119592,0.0008748792461119592,0.08748792461119592
Herwig_plus,97,MUR1.0_MUF1.0_PDF26161,pdf,8,1.52,1.74,0.6450952887535095,0.645462691783905,1.0005695329617201,0.0005695329746231437,0.0005695329746231437,0.05695329746231437
Herwig_plus,97,MUR1.0_MUF1.0_PDF26161,pdf,9,1.74,1.95,0.6222162246704102,0.6227364540100098,1.0008360909262293,0.0008360909414477646,0.0008360909414477646,0.08360909414477646
Herwig_plus,97,MUR1.0_MUF1.0_PDF26161,pdf,10,1.95,2.18,0.6321878433227539,0.6306851506233215,0.9976230281627463,-0.0023769717663526535,0.0023769717663526535,-0.23769717663526535
Herwig_plus,97,MUR1.0_MUF1.0_PDF26161,pdf,11,2.18,2.5,0.6375429630279541,0.6362282037734985,0.9979377715217634,-0.0020622285082936287,0.0020622285082936287,-0.20622285082936287
Herwig_plus,98,MUR1.0_MUF1.0_PDF26162,pdf,1,0.0,0.21,0.665374219417572,0.6656250357627869,1.0003769553101027,0.0003769553150050342,0.0003769553150050342,0.03769553150050342
Herwig_plus,98,MUR1.0_MUF1.0_PDF26162,pdf,2,0.21,0.42,0.6719119548797607,0.6723123788833618,1.0005959471336876,0.0005959471454843879,0.0005959471454843879,0.05959471454843879
Herwig_plus,98,MUR1.0_MUF1.0_PDF26162,pdf,3,0.42,0.63,0.6914249062538147,0.6915208101272583,1.0001387046844512,0.0001387046795571223,0.0001387046795571223,0.013870467955712229
Herwig_plus,98,MUR1.0_MUF1.0_PDF26162,pdf,4,0.63,0.84,0.6939395666122437,0.6942417621612549,1.0004354781937086,0.0004354781995061785,0.0004354781995061785,0.04354781995061785
Herwig_plus,98,MUR1.0_MUF1.0_PDF26162,pdf,5,0.84,1.05,0.6589977741241455,0.6594399213790894,1.0006709389201374,0.0006709389272145927,0.0006709389272145927,0.06709389272145927
Herwig_plus,98,MUR1.0_MUF1.0_PDF26162,pdf,6,1.05,1.37,0.6422200798988342,0.6427543759346008,1.0008319516198416,0.0008319516200572252,0.0008319516200572252,0.08319516200572252
Herwig_plus,98,MUR1.0_MUF1.0_PDF26162,pdf,7,1.37,1.52,0.7223036289215088,0.7229357361793518,1.0008751267922977,0.0008751268032938242,0.0008751268032938242,0.08751268032938242
Herwig_plus,98,MUR1.0_MUF1.0_PDF26162,pdf,8,1.52,1.74,0.6450952887535095,0.6454641222953796,1.0005717504813634,0.0005717504536733031,0.0005717504536733031,0.05717504536733031
Herwig_plus,98,MUR1.0_MUF1.0_PDF26162,pdf,9,1.74,1.95,0.6222162246704102,0.6227371096611023,1.0008371446613564,0.0008371446747332811,0.0008371446747332811,0.08371446747332811
Herwig_plus,98,MUR1.0_MUF1.0_PDF26162,pdf,10,1.95,2.18,0.6321878433227539,0.6306846737861633,0.9976222738977548,-0.002377726137638092,0.002377726137638092,-0.2377726137638092
Herwig_plus,98,MUR1.0_MUF1.0_PDF26162,pdf,11,2.18,2.5,0.6375429630279541,0.6362287402153015,0.9979386129423956,-0.0020613870583474636,0.0020613870583474636,-0.20613870583474636
Herwig_plus,99,MUR1.0_MUF1.0_PDF26200,pdf,1,0.0,0.21,0.665374219417572,0.665622889995575,1.0003737304072595,0.0003737304068636149,0.0003737304068636149,0.03737304068636149
Herwig_plus,99,MUR1.0_MUF1.0_PDF26200,pdf,2,0.21,0.42,0.6719119548797607,0.6723134517669678,1.0005975438958798,0.0005975438980385661,0.0005975438980385661,0.05975438980385661
Herwig_plus,99,MUR1.0_MUF1.0_PDF26200,pdf,3,0.42,0.63,0.6914249062538147,0.6915187239646912,1.0001356874911909,0.0001356874854536727,0.0001356874854536727,0.01356874854536727
Herwig_plus,99,MUR1.0_MUF1.0_PDF26200,pdf,4,0.63,0.84,0.6939395666122437,0.6942410469055176,1.0004344474760904,0.0004344474873505533,0.0004344474873505533,0.04344474873505533
Herwig_plus,99,MUR1.0_MUF1.0_PDF26200,pdf,5,0.84,1.05,0.6589977741241455,0.6594410538673401,1.0006726574210114,0.000672657391987741,0.000672657391987741,0.0672657391987741
Herwig_plus,99,MUR1.0_MUF1.0_PDF26200,pdf,6,1.05,1.37,0.6422200798988342,0.6427524089813232,1.0008288888796077,0.0008288889075629413,0.0008288889075629413,0.08288889075629413
Herwig_plus,99,MUR1.0_MUF1.0_PDF26200,pdf,7,1.37,1.52,0.7223036289215088,0.7229377031326294,1.0008778499591195,0.0008778499322943389,0.0008778499322943389,0.0877849932294339
Herwig_plus,99,MUR1.0_MUF1.0_PDF26200,pdf,8,1.52,1.74,0.6450952887535095,0.6454634666442871,1.0005707341181935,0.0005707340897060931,0.0005707340897060931,0.05707340897060931
Herwig_plus,99,MUR1.0_MUF1.0_PDF26200,pdf,9,1.74,1.95,0.6222162246704102,0.6227383017539978,1.0008390605434054,0.000839060521684587,0.000839060521684587,0.0839060521684587
Herwig_plus,99,MUR1.0_MUF1.0_PDF26200,pdf,10,1.95,2.18,0.6321878433227539,0.6306843757629395,0.9976218024821353,-0.002378197619691491,0.002378197619691491,-0.2378197619691491
Herwig_plus,99,MUR1.0_MUF1.0_PDF26200,pdf,11,2.18,2.5,0.6375429630279541,0.6362268328666687,0.9979356212245923,-0.002064378699287772,0.002064378699287772,-0.20643786992877722
Herwig_plus,100,MUR1.0_MUF1.0_PDF26201,pdf,1,0.0,0.21,0.665374219417572,0.6656044721603394,1.0003460499911898,0.00034604998654685915,0.00034604998654685915,0.034604998654685915
Herwig_plus,100,MUR1.0_MUF1.0_PDF26201,pdf,2,0.21,0.42,0.6719119548797607,0.6722845435142517,1.0005545200257042,0.0005545200547203422,0.0005545200547203422,0.055452005472034216
Herwig_plus,100,MUR1.0_MUF1.0_PDF26201,pdf,3,0.42,0.63,0.6914249062538147,0.6915067434310913,1.0001183601813246,0.00011836017802124843,0.00011836017802124843,0.011836017802124843
Herwig_plus,100,MUR1.0_MUF1.0_PDF26201,pdf,4,0.63,0.84,0.6939395666122437,0.6942386627197266,1.0004310117506963,0.0004310117510613054,0.0004310117510613054,0.04310117510613054
Herwig_plus,100,MUR1.0_MUF1.0_PDF26201,pdf,5,0.84,1.05,0.6589977741241455,0.6594133377075195,1.000630599373308,0.0006305993883870542,0.0006305993883870542,0.06305993883870542
Herwig_plus,100,MUR1.0_MUF1.0_PDF26201,pdf,6,1.05,1.37,0.6422200798988342,0.6427657604217529,1.0008496783890728,0.0008496784139424562,0.0008496784139424562,0.08496784139424562
Herwig_plus,100,MUR1.0_MUF1.0_PDF26201,pdf,7,1.37,1.52,0.7223036289215088,0.7229585647583008,1.0009067320314726,0.0009067320497706532,0.0009067320497706532,0.09067320497706532
Herwig_plus,100,MUR1.0_MUF1.0_PDF26201,pdf,8,1.52,1.74,0.6450952887535095,0.6455058455467224,1.0006364281376263,0.0006364281289279461,0.0006364281289279461,0.06364281289279461
Herwig_plus,100,MUR1.0_MUF1.0_PDF26201,pdf,9,1.74,1.95,0.6222162246704102,0.6228017210960388,1.000940985468418,0.0009409854537807405,0.0009409854537807405,0.09409854537807405
Herwig_plus,100,MUR1.0_MUF1.0_PDF26201,pdf,10,1.95,2.18,0.6321878433227539,0.6308039426803589,0.9978109344287273,-0.0021890655625611544,0.0021890655625611544,-0.21890655625611544
Herwig_plus,100,MUR1.0_MUF1.0_PDF26201,pdf,11,2.18,2.5,0.6375429630279541,0.6363829970359802,0.9981805681197315,-0.0018194318981841207,0.0018194318981841207,-0.18194318981841207
Herwig_plus,101,MUR1.0_MUF1.0_PDF26202,pdf,1,0.0,0.21,0.665374219417572,0.6656477451324463,1.0004110855318586,0.0004110855225007981,0.0004110855225007981,0.04110855225007981
Herwig_plus,101,MUR1.0_MUF1.0_PDF26202,pdf,2,0.21,0.42,0.6719119548797607,0.6723434925079346,1.0006422532372579,0.0006422532605938613,0.0006422532605938613,0.06422532605938613
Herwig_plus,101,MUR1.0_MUF1.0_PDF26202,pdf,3,0.42,0.63,0.6914249062538147,0.691533088684082,1.000156463021926,0.0001564630219945684,0.0001564630219945684,0.01564630219945684
Herwig_plus,101,MUR1.0_MUF1.0_PDF26202,pdf,4,0.63,0.84,0.6939395666122437,0.694244921207428,1.0004400305298558,0.0004400305333547294,0.0004400305333547294,0.04400305333547294
Herwig_plus,101,MUR1.0_MUF1.0_PDF26202,pdf,5,0.84,1.05,0.6589977741241455,0.6594695448875427,1.0007158912851022,0.0007158913067542017,0.0007158913067542017,0.07158913067542017
Herwig_plus,101,MUR1.0_MUF1.0_PDF26202,pdf,6,1.05,1.37,0.6422200798988342,0.642737865447998,1.0008062431639406,0.0008062431588768959,0.0008062431588768959,0.08062431588768959
Herwig_plus,101,MUR1.0_MUF1.0_PDF26202,pdf,7,1.37,1.52,0.7223036289215088,0.7229171991348267,1.0008494630080067,0.0008494629873894155,0.0008494629873894155,0.08494629873894155
Herwig_plus,101,MUR1.0_MUF1.0_PDF26202,pdf,8,1.52,1.74,0.6450952887535095,0.6454210877418518,1.000505040098761,0.000505040108691901,0.000505040108691901,0.0505040108691901
Herwig_plus,101,MUR1.0_MUF1.0_PDF26202,pdf,9,1.74,1.95,0.6222162246704102,0.6226720809936523,1.0007326332955777,0.0007326332852244377,0.0007326332852244377,0.07326332852244377
Herwig_plus,101,MUR1.0_MUF1.0_PDF26202,pdf,10,1.95,2.18,0.6321878433227539,0.630561113357544,0.99742682498186,-0.002573175122961402,0.002573175122961402,-0.2573175122961402
Herwig_plus,101,MUR1.0_MUF1.0_PDF26202,pdf,11,2.18,2.5,0.6375429630279541,0.6360630989074707,0.9976788009494216,-0.0023211990483105183,0.0023211990483105183,-0.23211990483105183
Herwig_plus,102,MUR1.0_MUF1.0_PDF26203,pdf,1,0.0,0.21,0.665374219417572,0.6656184792518616,1.0003671014403044,0.0003671014274004847,0.0003671014274004847,0.03671014274004847
Herwig_plus,102,MUR1.0_MUF1.0_PDF26203,pdf,2,0.21,0.42,0.6719119548797607,0.6722711324691772,1.0005345604983034,0.0005345604731701314,0.0005345604731701314,0.053456047317013144
Herwig_plus,102,MUR1.0_MUF1.0_PDF26203,pdf,3,0.42,0.63,0.6914249062538147,0.6915141344070435,1.0001290496660182,0.00012904967297799885,0.00012904967297799885,0.012904967297799885
Herwig_plus,102,MUR1.0_MUF1.0_PDF26203,pdf,4,0.63,0.84,0.6939395666122437,0.69423508644104,1.0004258581626049,0.0004258581611793488,0.0004258581611793488,0.04258581611793488
Herwig_plus,102,MUR1.0_MUF1.0_PDF26203,pdf,5,0.84,1.05,0.6589977741241455,0.6593631505966187,1.0005544426503696,0.0005544426385313272,0.0005544426385313272,0.055444263853132725
Herwig_plus,102,MUR1.0_MUF1.0_PDF26203,pdf,6,1.05,1.37,0.6422200798988342,0.6427565217018127,1.0008352927910056,0.0008352927980013192,0.0008352927980013192,0.08352927980013192
Herwig_plus,102,MUR1.0_MUF1.0_PDF26203,pdf,7,1.37,1.52,0.7223036289215088,0.7229066491127014,1.0008348569314167,0.0008348569390363991,0.0008348569390363991,0.08348569390363991
Herwig_plus,102,MUR1.0_MUF1.0_PDF26203,pdf,8,1.52,1.74,0.6450952887535095,0.6455308794975281,1.000675234731384,0.0006752347107976675,0.0006752347107976675,0.06752347107976675
Herwig_plus,102,MUR1.0_MUF1.0_PDF26203,pdf,9,1.74,1.95,0.6222162246704102,0.6227989792823792,1.000936578939705,0.0009365789592266083,0.0009365789592266083,0.09365789592266083
Herwig_plus,102,MUR1.0_MUF1.0_PDF26203,pdf,10,1.95,2.18,0.6321878433227539,0.6308783888816833,0.9979286940505085,-0.002071305876597762,0.002071305876597762,-0.2071305876597762
Herwig_plus,102,MUR1.0_MUF1.0_PDF26203,pdf,11,2.18,2.5,0.6375429630279541,0.636502742767334,0.9983683919030654,-0.001631608116440475,0.001631608116440475,-0.1631608116440475
Herwig_plus,103,MUR1.0_MUF1.0_PDF26204,pdf,1,0.0,0.21,0.665374219417572,0.6656271815299988,1.0003801802129457,0.0003801802231464535,0.0003801802231464535,0.03801802231464535
Herwig_plus,103,MUR1.0_MUF1.0_PDF26204,pdf,2,0.21,0.42,0.6719119548797607,0.6723384261131287,1.0006347129713509,0.0006347129819914699,0.0006347129819914699,0.06347129819914699
Herwig_plus,103,MUR1.0_MUF1.0_PDF26204,pdf,3,0.42,0.63,0.6914249062538147,0.6915233135223389,1.0001423253163635,0.0001423253124812618,0.0001423253124812618,0.014232531248126179
Herwig_plus,103,MUR1.0_MUF1.0_PDF26204,pdf,4,0.63,0.84,0.6939395666122437,0.6942477226257324,1.000444067507194,0.0004440674965735525,0.0004440674965735525,0.04440674965735525
Herwig_plus,103,MUR1.0_MUF1.0_PDF26204,pdf,5,0.84,1.05,0.6589977741241455,0.6594831943511963,1.0007366037430034,0.0007366037461906672,0.0007366037461906672,0.07366037461906672
Herwig_plus,103,MUR1.0_MUF1.0_PDF26204,pdf,6,1.05,1.37,0.6422200798988342,0.642750084400177,1.0008252692775135,0.0008252692641690373,0.0008252692641690373,0.08252692641690373
Herwig_plus,103,MUR1.0_MUF1.0_PDF26204,pdf,7,1.37,1.52,0.7223036289215088,0.7229536771774292,1.0008999653745212,0.0008999653509818017,0.0008999653509818017,0.08999653509818017
Herwig_plus,103,MUR1.0_MUF1.0_PDF26204,pdf,8,1.52,1.74,0.6450952887535095,0.6454275846481323,1.0005151113338075,0.0005151113145984709,0.0005151113145984709,0.05151113145984709
Herwig_plus,103,MUR1.0_MUF1.0_PDF26204,pdf,9,1.74,1.95,0.6222162246704102,0.6227031946182251,1.0007826378170592,0.0007826377986930311,0.0007826377986930311,0.07826377986930311
Herwig_plus,103,MUR1.0_MUF1.0_PDF26204,pdf,10,1.95,2.18,0.6321878433227539,0.6305782198905945,0.9974538842384262,-0.002546115778386593,0.002546115778386593,-0.2546115778386593
Herwig_plus,103,MUR1.0_MUF1.0_PDF26204,pdf,11,2.18,2.5,0.6375429630279541,0.6360750794410706,0.9976975926768732,-0.0023024072870612144,0.0023024072870612144,-0.23024072870612144
Herwig_plus,104,MUR1.0_MUF1.0_PDF26205,pdf,1,0.0,0.21,0.665374219417572,0.6656028032302856,1.000343541733423,0.00034354173112660646,0.00034354173112660646,0.034354173112660646
Herwig_plus,104,MUR1.0_MUF1.0_PDF26205,pdf,2,0.21,0.42,0.6719119548797607,0.6722854375839233,1.0005558506608645,0.000555850681848824,0.000555850681848824,0.0555850681848824
Herwig_plus,104,MUR1.0_MUF1.0_PDF26205,pdf,3,0.42,0.63,0.6914249062538147,0.691486120223999,1.0000885330708087,8.853307372191921e-05,8.853307372191921e-05,0.008853307372191921
Herwig_plus,104,MUR1.0_MUF1.0_PDF26205,pdf,4,0.63,0.84,0.6939395666122437,0.6942089200019836,1.000388151076404,0.0003881510638166219,0.0003881510638166219,0.03881510638166219
Herwig_plus,104,MUR1.0_MUF1.0_PDF26205,pdf,5,0.84,1.05,0.6589977741241455,0.6594005227088928,1.0006111531792086,0.0006111531984061003,0.0006111531984061003,0.06111531984061003
Herwig_plus,104,MUR1.0_MUF1.0_PDF26205,pdf,6,1.05,1.37,0.6422200798988342,0.6427198052406311,1.0007781216399767,0.0007781216409057379,0.0007781216409057379,0.07781216409057379
Herwig_plus,104,MUR1.0_MUF1.0_PDF26205,pdf,7,1.37,1.52,0.7223036289215088,0.722893238067627,1.000816289884904,0.0008162898593582213,0.0008162898593582213,0.08162898593582213
Herwig_plus,104,MUR1.0_MUF1.0_PDF26205,pdf,8,1.52,1.74,0.6450952887535095,0.6454258561134338,1.0005124318309053,0.0005124318413436413,0.0005124318413436413,0.05124318413436413
Herwig_plus,104,MUR1.0_MUF1.0_PDF26205,pdf,9,1.74,1.95,0.6222162246704102,0.6227083206176758,1.0007908761098705,0.0007908761035650969,0.0007908761035650969,0.07908761035650969
Herwig_plus,104,MUR1.0_MUF1.0_PDF26205,pdf,10,1.95,2.18,0.6321878433227539,0.630683958530426,0.9976211425002678,-0.002378857461735606,0.002378857461735606,-0.23788574617356062
Herwig_plus,104,MUR1.0_MUF1.0_PDF26205,pdf,11,2.18,2.5,0.6375429630279541,0.6362566947937012,0.9979824603064491,-0.002017539693042636,0.002017539693042636,-0.2017539693042636
Herwig_plus,105,MUR1.0_MUF1.0_PDF26206,pdf,1,0.0,0.21,0.665374219417572,0.6656558513641357,1.0004232684981547,0.00042326850234530866,0.00042326850234530866,0.042326850234530866
Herwig_plus,105,MUR1.0_MUF1.0_PDF26206,pdf,2,0.21,0.42,0.6719119548797607,0.6723524928092957,1.0006556482978692,0.000655648298561573,0.000655648298561573,0.0655648298561573
Herwig_plus,105,MUR1.0_MUF1.0_PDF26206,pdf,3,0.42,0.63,0.6914249062538147,0.6915677785873413,1.0002066346355682,0.0002066346351057291,0.0002066346351057291,0.02066346351057291
Herwig_plus,105,MUR1.0_MUF1.0_PDF26206,pdf,4,0.63,0.84,0.6939395666122437,0.6942890286445618,1.0005035914496476,0.0005035914364270866,0.0005035914364270866,0.05035914364270866
Herwig_plus,105,MUR1.0_MUF1.0_PDF26206,pdf,5,0.84,1.05,0.6589977741241455,0.6594961881637573,1.0007563212793462,0.0007563213002867997,0.0007563213002867997,0.07563213002867997
Herwig_plus,105,MUR1.0_MUF1.0_PDF26206,pdf,6,1.05,1.37,0.6422200798988342,0.6427948474884033,1.0008949698204075,0.0008949697948992252,0.0008949697948992252,0.08949697948992252
Herwig_plus,105,MUR1.0_MUF1.0_PDF26206,pdf,7,1.37,1.52,0.7223036289215088,0.7229989171028137,1.000962598211424,0.0009625981911085546,0.0009625981911085546,0.09625981911085546
Herwig_plus,105,MUR1.0_MUF1.0_PDF26206,pdf,8,1.52,1.74,0.6450952887535095,0.6455167531967163,1.0006533367249064,0.0006533366977237165,0.0006533366977237165,0.06533366977237165
Herwig_plus,105,MUR1.0_MUF1.0_PDF26206,pdf,9,1.74,1.95,0.6222162246704102,0.6227760314941406,1.0008996982102596,0.0008996982360258698,0.0008996982360258698,0.08996982360258698
Herwig_plus,105,MUR1.0_MUF1.0_PDF26206,pdf,10,1.95,2.18,0.6321878433227539,0.6306831240653992,0.9976198225365328,-0.00238017737865448,0.00238017737865448,-0.238017737865448
Herwig_plus,105,MUR1.0_MUF1.0_PDF26206,pdf,11,2.18,2.5,0.6375429630279541,0.6361815929412842,0.997864661417947,-0.002135338494554162,0.002135338494554162,-0.2135338494554162
Herwig_plus,106,MUR1.0_MUF1.0_PDF26207,pdf,1,0.0,0.21,0.665374219417572,0.6655924320220947,1.0003279547030146,0.0003279547090642154,0.0003279547090642154,0.03279547090642154
Herwig_plus,106,MUR1.0_MUF1.0_PDF26207,pdf,2,0.21,0.42,0.6719119548797607,0.672296941280365,1.0005729714999239,0.0005729714757762849,0.0005729714757762849,0.05729714757762849
Herwig_plus,106,MUR1.0_MUF1.0_PDF26207,pdf,3,0.42,0.63,0.6914249062538147,0.6914867162704468,1.000089395126026,8.939512918004766e-05,8.939512918004766e-05,0.008939512918004766
Herwig_plus,106,MUR1.0_MUF1.0_PDF26207,pdf,4,0.63,0.84,0.6939395666122437,0.6942211389541626,1.0004057591690492,0.00040575917228125036,0.00040575917228125036,0.040575917228125036
Herwig_plus,106,MUR1.0_MUF1.0_PDF26207,pdf,5,0.84,1.05,0.6589977741241455,0.6594496965408325,1.0006857722961018,0.0006857722764834762,0.0006857722764834762,0.06857722764834762
Herwig_plus,106,MUR1.0_MUF1.0_PDF26207,pdf,6,1.05,1.37,0.6422200798988342,0.6427460312843323,1.000818958176426,0.0008189581567421556,0.0008189581567421556,0.08189581567421556
Herwig_plus,106,MUR1.0_MUF1.0_PDF26207,pdf,7,1.37,1.52,0.7223036289215088,0.7229699492454529,1.0009224933909566,0.0009224934037774801,0.0009224934037774801,0.09224934037774801
Herwig_plus,106,MUR1.0_MUF1.0_PDF26207,pdf,8,1.52,1.74,0.6450952887535095,0.6454281210899353,1.0005159429036738,0.0005159429274499416,0.0005159429274499416,0.051594292744994164
Herwig_plus,106,MUR1.0_MUF1.0_PDF26207,pdf,9,1.74,1.95,0.6222162246704102,0.6227540969848633,1.000864445980556,0.0008644459885545075,0.0008644459885545075,0.08644459885545075
Herwig_plus,106,MUR1.0_MUF1.0_PDF26207,pdf,10,1.95,2.18,0.6321878433227539,0.6306926012039185,0.9976348135532368,-0.002365186344832182,0.002365186344832182,-0.2365186344832182
Herwig_plus,106,MUR1.0_MUF1.0_PDF26207,pdf,11,2.18,2.5,0.6375429630279541,0.6362314224243164,0.9979428200455563,-0.002057180041447282,0.002057180041447282,-0.20571800414472818
Herwig_plus,107,MUR1.0_MUF1.0_PDF26208,pdf,1,0.0,0.21,0.665374219417572,0.6656545996665955,1.0004213873048295,0.00042138731805607677,0.00042138731805607677,0.042138731805607677
Herwig_plus,107,MUR1.0_MUF1.0_PDF26208,pdf,2,0.21,0.42,0.6719119548797607,0.6723276972770691,1.0006187453494302,0.0006187453400343657,0.0006187453400343657,0.061874534003436565
Herwig_plus,107,MUR1.0_MUF1.0_PDF26208,pdf,3,0.42,0.63,0.6914249062538147,0.6915522217750549,1.0001841349943987,0.0001841349876485765,0.0001841349876485765,0.01841349876485765
Herwig_plus,107,MUR1.0_MUF1.0_PDF26208,pdf,4,0.63,0.84,0.6939395666122437,0.6942604780197144,1.0004624486380527,0.00046244863187894225,0.00046244863187894225,0.046244863187894225
Herwig_plus,107,MUR1.0_MUF1.0_PDF26208,pdf,5,0.84,1.05,0.6589977741241455,0.6594325304031372,1.00065972344075,0.0006597234169021249,0.0006597234169021249,0.06597234169021249
Herwig_plus,107,MUR1.0_MUF1.0_PDF26208,pdf,6,1.05,1.37,0.6422200798988342,0.6427573561668396,1.000836592135347,0.0008365921094082296,0.0008365921094082296,0.08365921094082296
Herwig_plus,107,MUR1.0_MUF1.0_PDF26208,pdf,7,1.37,1.52,0.7223036289215088,0.7229095697402954,1.0008389004215463,0.000838900450617075,0.000838900450617075,0.0838900450617075
Herwig_plus,107,MUR1.0_MUF1.0_PDF26208,pdf,8,1.52,1.74,0.6450952887535095,0.645499587059021,1.0006267264891868,0.0006267264834605157,0.0006267264834605157,0.06267264834605157
Herwig_plus,107,MUR1.0_MUF1.0_PDF26208,pdf,9,1.74,1.95,0.6222162246704102,0.6227248311042786,1.0008174110762507,0.0008174110553227365,0.0008174110553227365,0.08174110553227365
Herwig_plus,107,MUR1.0_MUF1.0_PDF26208,pdf,10,1.95,2.18,0.6321878433227539,0.6306782960891724,0.997612185603495,-0.0023878144565969706,0.0023878144565969706,-0.23878144565969706
Herwig_plus,107,MUR1.0_MUF1.0_PDF26208,pdf,11,2.18,2.5,0.6375429630279541,0.6362228393554688,0.9979293573154419,-0.002070642774924636,0.002070642774924636,-0.2070642774924636
Herwig_plus,108,MUR1.0_MUF1.0_PDF26209,pdf,1,0.0,0.21,0.665374219417572,0.6657059192657471,1.00049851623116,0.0004985162522643805,0.0004985162522643805,0.049851625226438046
Herwig_plus,108,MUR1.0_MUF1.0_PDF26209,pdf,2,0.21,0.42,0.6719119548797607,0.6723595261573792,1.0006661159611283,0.0006661159568466246,0.0006661159568466246,0.06661159568466246
Herwig_plus,108,MUR1.0_MUF1.0_PDF26209,pdf,3,0.42,0.63,0.6914249062538147,0.6916524767875671,1.0003291326819357,0.0003291326866019517,0.0003291326866019517,0.03291326866019517
Herwig_plus,108,MUR1.0_MUF1.0_PDF26209,pdf,4,0.63,0.84,0.6939395666122437,0.6943246722221375,1.0005549555442903,0.0005549555644392967,0.0005549555644392967,0.05549555644392967
Herwig_plus,108,MUR1.0_MUF1.0_PDF26209,pdf,5,0.84,1.05,0.6589977741241455,0.6594661474227905,1.0007107357824805,0.0007107357960194349,0.0007107357960194349,0.07107357960194349
Herwig_plus,108,MUR1.0_MUF1.0_PDF26209,pdf,6,1.05,1.37,0.6422200798988342,0.6427783370018005,1.0008692613645065,0.0008692613919265568,0.0008692613919265568,0.08692613919265568
Herwig_plus,108,MUR1.0_MUF1.0_PDF26209,pdf,7,1.37,1.52,0.7223036289215088,0.7228416800498962,1.0007449099060888,0.000744909921195358,0.000744909921195358,0.0744909921195358
Herwig_plus,108,MUR1.0_MUF1.0_PDF26209,pdf,8,1.52,1.74,0.6450952887535095,0.645634651184082,1.0008360973021748,0.0008360972860828042,0.0008360972860828042,0.08360972860828042
Herwig_plus,108,MUR1.0_MUF1.0_PDF26209,pdf,9,1.74,1.95,0.6222162246704102,0.6226553916931152,1.0007058109468903,0.0007058109622448683,0.0007058109622448683,0.07058109622448683
Herwig_plus,108,MUR1.0_MUF1.0_PDF26209,pdf,10,1.95,2.18,0.6321878433227539,0.6305833458900452,0.9974619925870837,-0.002538007451221347,0.002538007451221347,-0.2538007451221347
Herwig_plus,108,MUR1.0_MUF1.0_PDF26209,pdf,11,2.18,2.5,0.6375429630279541,0.6359773278236389,0.9975442671394578,-0.00245573278516531,0.00245573278516531,-0.245573278516531
Herwig_plus,109,MUR1.0_MUF1.0_PDF26210,pdf,1,0.0,0.21,0.665374219417572,0.6655411720275879,1.0002509153573187,0.00025091535644605756,0.00025091535644605756,0.025091535644605756
Herwig_plus,109,MUR1.0_MUF1.0_PDF26210,pdf,2,0.21,0.42,0.6719119548797607,0.6722650527954102,1.000525512179215,0.0005255121504887938,0.0005255121504887938,0.052551215048879385
Herwig_plus,109,MUR1.0_MUF1.0_PDF26210,pdf,3,0.42,0.63,0.6914249062538147,0.6913841962814331,0.9999411216286637,-5.887836960027926e-05,5.887836960027926e-05,-0.005887836960027926
Herwig_plus,109,MUR1.0_MUF1.0_PDF26210,pdf,4,0.63,0.84,0.6939395666122437,0.694155752658844,1.0003115344001146,0.0003115343861281872,0.0003115343861281872,0.031153438612818718
Herwig_plus,109,MUR1.0_MUF1.0_PDF26210,pdf,5,0.84,1.05,0.6589977741241455,0.6594123840332031,1.0006291522146773,0.0006291522295214236,0.0006291522295214236,0.06291522295214236
Herwig_plus,109,MUR1.0_MUF1.0_PDF26210,pdf,6,1.05,1.37,0.6422200798988342,0.642723798751831,1.0007843399307543,0.0007843399071134627,0.0007843399071134627,0.07843399071134627
Herwig_plus,109,MUR1.0_MUF1.0_PDF26210,pdf,7,1.37,1.52,0.7223036289215088,0.7230340838432312,1.0010112851333905,0.0010112851159647107,0.0010112851159647107,0.10112851159647107
Herwig_plus,109,MUR1.0_MUF1.0_PDF26210,pdf,8,1.52,1.74,0.6450952887535095,0.6452897191047668,1.0003013978781847,0.0003013978712260723,0.0003013978712260723,0.03013978712260723
Herwig_plus,109,MUR1.0_MUF1.0_PDF26210,pdf,9,1.74,1.95,0.6222162246704102,0.6228185296058655,1.0009679994053102,0.0009679993963800371,0.0009679993963800371,0.0967999396380037
Herwig_plus,109,MUR1.0_MUF1.0_PDF26210,pdf,10,1.95,2.18,0.6321878433227539,0.630785346031189,0.9977815180940629,-0.0022184818517416716,0.0022184818517416716,-0.22184818517416716
Herwig_plus,109,MUR1.0_MUF1.0_PDF26210,pdf,11,2.18,2.5,0.6375429630279541,0.6364749670028687,0.9983248250125558,-0.0016751750372350216,0.0016751750372350216,-0.16751750372350216
Herwig_plus,110,MUR1.0_MUF1.0_PDF26211,pdf,1,0.0,0.21,0.665374219417572,0.6654425859451294,1.000102748987806,0.00010274898522766307,0.00010274898522766307,0.010274898522766307
Herwig_plus,110,MUR1.0_MUF1.0_PDF26211,pdf,2,0.21,0.42,0.6719119548797607,0.6722303628921509,1.0004738835350044,0.0004738835268653929,0.0004738835268653929,0.04738835268653929
Herwig_plus,110,MUR1.0_MUF1.0_PDF26211,pdf,3,0.42,0.63,0.6914249062538147,0.691214382648468,0.9996955220972769,-0.000304477900499478,0.000304477900499478,-0.030447790049947798
Herwig_plus,110,MUR1.0_MUF1.0_PDF26211,pdf,4,0.63,0.84,0.6939395666122437,0.6940593719482422,1.000172645201056,0.00017264520283788443,0.00017264520283788443,0.017264520283788443
Herwig_plus,110,MUR1.0_MUF1.0_PDF26211,pdf,5,0.84,1.05,0.6589977741241455,0.6594089865684509,1.0006239967120556,0.0006239967187866569,0.0006239967187866569,0.062399671878665686
Herwig_plus,110,MUR1.0_MUF1.0_PDF26211,pdf,6,1.05,1.37,0.6422200798988342,0.6427516341209412,1.0008276823455764,0.000827682320959866,0.000827682320959866,0.0827682320959866
Herwig_plus,110,MUR1.0_MUF1.0_PDF26211,pdf,7,1.37,1.52,0.7223036289215088,0.7234469652175903,1.0015829026053609,0.0015829026233404875,0.0015829026233404875,0.15829026233404875
Herwig_plus,110,MUR1.0_MUF1.0_PDF26211,pdf,8,1.52,1.74,0.6450952887535095,0.6450552344322205,0.9999379094499877,-6.209054845385253e-05,6.209054845385253e-05,-0.006209054845385253
Herwig_plus,110,MUR1.0_MUF1.0_PDF26211,pdf,9,1.74,1.95,0.6222162246704102,0.6232312917709351,1.0016313735648128,0.0016313735395669937,0.0016313735395669937,0.16313735395669937
Herwig_plus,110,MUR1.0_MUF1.0_PDF26211,pdf,10,1.95,2.18,0.6321878433227539,0.6315426230430603,0.9989793851835203,-0.001020614872686565,0.001020614872686565,-0.10206148726865649
Herwig_plus,110,MUR1.0_MUF1.0_PDF26211,pdf,11,2.18,2.5,0.6375429630279541,0.6377051472663879,1.0002543895044556,0.0002543895097915083,0.0002543895097915083,0.02543895097915083
Herwig_plus,111,MUR1.0_MUF1.0_PDF26212,pdf,1,0.0,0.21,0.665374219417572,0.6658074855804443,1.0006511616323992,0.000651161652058363,0.000651161652058363,0.0651161652058363
Herwig_plus,111,MUR1.0_MUF1.0_PDF26212,pdf,2,0.21,0.42,0.6719119548797607,0.6723945140838623,1.0007181881503924,0.0007181881228461862,0.0007181881228461862,0.07181881228461862
Herwig_plus,111,MUR1.0_MUF1.0_PDF26212,pdf,3,0.42,0.63,0.6914249062538147,0.6918299198150635,1.000585766520103,0.0005857665091753006,0.0005857665091753006,0.05857665091753006
Herwig_plus,111,MUR1.0_MUF1.0_PDF26212,pdf,4,0.63,0.84,0.6939395666122437,0.6944255232810974,1.0007002867284627,0.0007002867059782147,0.0007002867059782147,0.07002867059782147
Herwig_plus,111,MUR1.0_MUF1.0_PDF26212,pdf,5,0.84,1.05,0.6589977741241455,0.6594725251197815,1.000720413655823,0.0007204136345535517,0.0007204136345535517,0.07204136345535517
Herwig_plus,111,MUR1.0_MUF1.0_PDF26212,pdf,6,1.05,1.37,0.6422200798988342,0.6427537202835083,1.0008309307064303,0.0008309307158924639,0.0008309307158924639,0.08309307158924639
Herwig_plus,111,MUR1.0_MUF1.0_PDF26212,pdf,7,1.37,1.52,0.7223036289215088,0.7224172353744507,1.000157283514014,0.00015728351718280464,0.00015728351718280464,0.015728351718280464
Herwig_plus,111,MUR1.0_MUF1.0_PDF26212,pdf,8,1.52,1.74,0.6450952887535095,0.6458883881568909,1.0012294298489046,0.0012294298503547907,0.0012294298503547907,0.12294298503547907
Herwig_plus,111,MUR1.0_MUF1.0_PDF26212,pdf,9,1.74,1.95,0.6222162246704102,0.6222265362739563,1.0000165723797247,1.6572379536228254e-05,1.6572379536228254e-05,0.0016572379536228254
Herwig_plus,111,MUR1.0_MUF1.0_PDF26212,pdf,10,1.95,2.18,0.6321878433227539,0.6297882199287415,0.9962042557139345,-0.0037957443855702877,0.0037957443855702877,-0.37957443855702877
Herwig_plus,111,MUR1.0_MUF1.0_PDF26212,pdf,11,2.18,2.5,0.6375429630279541,0.6346654891967773,0.9954866197291075,-0.004513380117714405,0.004513380117714405,-0.4513380117714405
Herwig_plus,112,MUR1.0_MUF1.0_PDF26213,scale,1,0.0,0.21,0.665374219417572,0.6658169627189636,1.0006654049532895,0.0006654049502685666,0.0006654049502685666,0.06654049502685666
Herwig_plus,112,MUR1.0_MUF1.0_PDF26213,scale,2,0.21,0.42,0.6719119548797607,0.6724051833152771,1.0007340670633025,0.0007340670563280582,0.0007340670563280582,0.07340670563280582
Herwig_plus,112,MUR1.0_MUF1.0_PDF26213,scale,3,0.42,0.63,0.6914249062538147,0.6918252110481262,1.000578956283887,0.0005789562710560858,0.0005789562710560858,0.05789562710560858
Herwig_plus,112,MUR1.0_MUF1.0_PDF26213,scale,4,0.63,0.84,0.6939395666122437,0.6944135427474976,1.0006830222083571,0.0006830221973359585,0.0006830221973359585,0.06830221973359585
Herwig_plus,112,MUR1.0_MUF1.0_PDF26213,scale,5,0.84,1.05,0.6589977741241455,0.6594520211219788,1.0006892997452639,0.0006892997189424932,0.0006892997189424932,0.06892997189424932
Herwig_plus,112,MUR1.0_MUF1.0_PDF26213,scale,6,1.05,1.37,0.6422200798988342,0.6427531242370605,1.0008300026033292,0.0008300025947391987,0.0008300025947391987,0.08300025947391987
Herwig_plus,112,MUR1.0_MUF1.0_PDF26213,scale,7,1.37,1.52,0.7223036289215088,0.722495436668396,1.0002655500252347,0.0002655500138644129,0.0002655500138644129,0.02655500138644129
Herwig_plus,112,MUR1.0_MUF1.0_PDF26213,scale,8,1.52,1.74,0.6450952887535095,0.6458430290222168,1.0011591159968818,0.0011591160437092185,0.0011591160437092185,0.11591160437092185
Herwig_plus,112,MUR1.0_MUF1.0_PDF26213,scale,9,1.74,1.95,0.6222162246704102,0.6223233342170715,1.0001721420021121,0.0001721419976092875,0.0001721419976092875,0.01721419976092875
Herwig_plus,112,MUR1.0_MUF1.0_PDF26213,scale,10,1.95,2.18,0.6321878433227539,0.6300677061080933,0.9966463492820151,-0.0033536506816744804,0.0033536506816744804,-0.33536506816744804
Herwig_plus,112,MUR1.0_MUF1.0_PDF26213,scale,11,2.18,2.5,0.6375429630279541,0.6351261138916016,0.9962091195785866,-0.0037908803205937147,0.0037908803205937147,-0.37908803205937147
Herwig_plus,113,MUR1.0_MUF1.0_PDF26214,pdf,1,0.0,0.21,0.665374219417572,0.6654509902000427,1.0001153798572748,0.00011537985847098753,0.00011537985847098753,0.011537985847098753
Herwig_plus,113,MUR1.0_MUF1.0_PDF26214,pdf,2,0.21,0.42,0.6719119548797607,0.6722315549850464,1.0004756577152178,0.00047565772547386587,0.00047565772547386587,0.04756577254738659
Herwig_plus,113,MUR1.0_MUF1.0_PDF26214,pdf,3,0.42,0.63,0.6914249062538147,0.6912476420402527,0.999743624778398,-0.0002563752350397408,0.0002563752350397408,-0.02563752350397408
Herwig_plus,113,MUR1.0_MUF1.0_PDF26214,pdf,4,0.63,0.84,0.6939395666122437,0.6940881013870239,1.0002140456920556,0.0002140456927008927,0.0002140456927008927,0.02140456927008927
Herwig_plus,113,MUR1.0_MUF1.0_PDF26214,pdf,5,0.84,1.05,0.6589977741241455,0.6594296097755432,1.0006552915174436,0.0006552915438078344,0.0006552915438078344,0.06552915438078344
Herwig_plus,113,MUR1.0_MUF1.0_PDF26214,pdf,6,1.05,1.37,0.6422200798988342,0.6427499651908875,1.0008250836568933,0.0008250836399383843,0.0008250836399383843,0.08250836399383843
Herwig_plus,113,MUR1.0_MUF1.0_PDF26214,pdf,7,1.37,1.52,0.7223036289215088,0.7233291268348694,1.0014197601566697,0.001419760170392692,0.001419760170392692,0.1419760170392692
Herwig_plus,113,MUR1.0_MUF1.0_PDF26214,pdf,8,1.52,1.74,0.6450952887535095,0.6451334357261658,1.0000591338571545,5.9133857575943694e-05,5.9133857575943694e-05,0.005913385757594369
Herwig_plus,113,MUR1.0_MUF1.0_PDF26214,pdf,9,1.74,1.95,0.6222162246704102,0.6230989694595337,1.0014187106573622,0.0014187106862664223,0.0014187106862664223,0.14187106862664223
Herwig_plus,113,MUR1.0_MUF1.0_PDF26214,pdf,10,1.95,2.18,0.6321878433227539,0.6312165856361389,0.9984636564956547,-0.0015363434795290232,0.0015363434795290232,-0.15363434795290232
Herwig_plus,113,MUR1.0_MUF1.0_PDF26214,pdf,11,2.18,2.5,0.6375429630279541,0.6371703147888184,0.9994154931341946,-0.0005845068371854722,0.0005845068371854722,-0.058450683718547225
Herwig_plus,114,MUR1.0_MUF1.0_PDF26215,pdf,1,0.0,0.21,0.665374219417572,0.6657001972198486,1.000489916490245,0.000489916477818042,0.000489916477818042,0.048991647781804204
Herwig_plus,114,MUR1.0_MUF1.0_PDF26215,pdf,2,0.21,0.42,0.6719119548797607,0.6723525524139404,1.0006557370068798,0.0006557370070368052,0.0006557370070368052,0.06557370070368052
Herwig_plus,114,MUR1.0_MUF1.0_PDF26215,pdf,3,0.42,0.63,0.6914249062538147,0.6916345953941345,1.000303271025419,0.00030327102285809815,0.00030327102285809815,0.030327102285809815
Herwig_plus,114,MUR1.0_MUF1.0_PDF26215,pdf,4,0.63,0.84,0.6939395666122437,0.6943126916885376,1.0005376910241846,0.0005376909975893795,0.0005376909975893795,0.053769099758937955
Herwig_plus,114,MUR1.0_MUF1.0_PDF26215,pdf,5,0.84,1.05,0.6589977741241455,0.6594484448432922,1.0006838729003988,0.0006838729023002088,0.0006838729023002088,0.06838729023002088
Herwig_plus,114,MUR1.0_MUF1.0_PDF26215,pdf,6,1.05,1.37,0.6422200798988342,0.6427624821662903,1.0008445738220166,0.0008445738349109888,0.0008445738349109888,0.08445738349109888
Herwig_plus,114,MUR1.0_MUF1.0_PDF26215,pdf,7,1.37,1.52,0.7223036289215088,0.7227892875671387,1.000672374644379,0.0006723746191710234,0.0006723746191710234,0.06723746191710234
Herwig_plus,114,MUR1.0_MUF1.0_PDF26215,pdf,8,1.52,1.74,0.6450952887535095,0.6456080079078674,1.0007947959988184,0.0007947959820739925,0.0007947959820739925,0.07947959820739925
Herwig_plus,114,MUR1.0_MUF1.0_PDF26215,pdf,9,1.74,1.95,0.6222162246704102,0.6226022839546204,1.0006204584016025,0.000620458391495049,0.000620458391495049,0.0620458391495049
Herwig_plus,114,MUR1.0_MUF1.0_PDF26215,pdf,10,1.95,2.18,0.6321878433227539,0.6304614543914795,0.9972691835986586,-0.0027308163698762655,0.0027308163698762655,-0.27308163698762655
Herwig_plus,114,MUR1.0_MUF1.0_PDF26215,pdf,11,2.18,2.5,0.6375429630279541,0.6358360648155212,0.9973226930396564,-0.0026773069985210896,0.0026773069985210896,-0.26773069985210896
Herwig_plus,115,MUR1.0_MUF1.0_PDF26216,pdf,1,0.0,0.21,0.665374219417572,0.6655414700508118,1.0002513632604915,0.0002513632643967867,0.0002513632643967867,0.02513632643967867
Herwig_plus,115,MUR1.0_MUF1.0_PDF26216,pdf,2,0.21,0.42,0.6719119548797607,0.6722705960273743,1.0005337621172072,0.0005337620968930423,0.0005337620968930423,0.05337620968930423
Herwig_plus,115,MUR1.0_MUF1.0_PDF26216,pdf,3,0.42,0.63,0.6914249062538147,0.6913934350013733,0.9999544834845306,-4.551651727524586e-05,4.551651727524586e-05,-0.004551651727524586
Herwig_plus,115,MUR1.0_MUF1.0_PDF26216,pdf,4,0.63,0.84,0.6939395666122437,0.6941649913787842,1.000324847836017,0.00032484784605912864,0.00032484784605912864,0.032484784605912864
Herwig_plus,115,MUR1.0_MUF1.0_PDF26216,pdf,5,0.84,1.05,0.6589977741241455,0.659430980682373,1.000657371807975,0.0006573718274012208,0.0006573718274012208,0.06573718274012208
Herwig_plus,115,MUR1.0_MUF1.0_PDF26216,pdf,6,1.05,1.37,0.6422200798988342,0.6427407264709473,1.000810698058826,0.0008106980822049081,0.0008106980822049081,0.08106980822049081
Herwig_plus,115,MUR1.0_MUF1.0_PDF26216,pdf,7,1.37,1.52,0.7223036289215088,0.7230990529060364,1.0011012321587187,0.0011012321338057518,0.0011012321338057518,0.11012321338057518
Herwig_plus,115,MUR1.0_MUF1.0_PDF26216,pdf,8,1.52,1.74,0.6450952887535095,0.6453054547309875,1.000325790594261,0.0003257906064391136,0.0003257906064391136,0.03257906064391136
Herwig_plus,115,MUR1.0_MUF1.0_PDF26216,pdf,9,1.74,1.95,0.6222162246704102,0.6228868365287781,1.0010777794467238,0.001077779452316463,0.001077779452316463,0.1077779452316463
Herwig_plus,115,MUR1.0_MUF1.0_PDF26216,pdf,10,1.95,2.18,0.6321878433227539,0.6309303045272827,0.9980108146514466,-0.001989185344427824,0.001989185344427824,-0.1989185344427824
Herwig_plus,115,MUR1.0_MUF1.0_PDF26216,pdf,11,2.18,2.5,0.6375429630279541,0.6366570591926575,0.9986104405715827,-0.001389559474773705,0.001389559474773705,-0.1389559474773705
Herwig_plus,116,MUR1.0_MUF1.0_PDF26217,pdf,1,0.0,0.21,0.665374219417572,0.6655146479606628,1.000211051974953,0.00021105197083670646,0.00021105197083670646,0.021105197083670646
Herwig_plus,116,MUR1.0_MUF1.0_PDF26217,pdf,2,0.21,0.42,0.6719119548797607,0.6723229885101318,1.0006117373375871,0.0006117373122833669,0.0006117373122833669,0.06117373122833669
Herwig_plus,116,MUR1.0_MUF1.0_PDF26217,pdf,3,0.42,0.63,0.6914249062538147,0.6913537383079529,0.9998970706070636,-0.00010292939259670675,0.00010292939259670675,-0.010292939259670675
Herwig_plus,116,MUR1.0_MUF1.0_PDF26217,pdf,4,0.63,0.84,0.6939395666122437,0.6942015290260315,1.0003775003276822,0.000377500313334167,0.000377500313334167,0.0377500313334167
Herwig_plus,116,MUR1.0_MUF1.0_PDF26217,pdf,5,0.84,1.05,0.6589977741241455,0.6596300601959229,1.0009594661721244,0.0009594661532901227,0.0009594661532901227,0.09594661532901227
Herwig_plus,116,MUR1.0_MUF1.0_PDF26217,pdf,6,1.05,1.37,0.6422200798988342,0.642791211605072,1.0008893083914905,0.0008893084013834596,0.0008893084013834596,0.08893084013834596
Herwig_plus,116,MUR1.0_MUF1.0_PDF26217,pdf,7,1.37,1.52,0.7223036289215088,0.7231460809707642,1.0011663406018232,0.0011663405457511544,0.0011663405457511544,0.11663405457511544
Herwig_plus,116,MUR1.0_MUF1.0_PDF26217,pdf,8,1.52,1.74,0.6450952887535095,0.645289421081543,1.0003009358949257,0.0003009359061252326,0.0003009359061252326,0.030093590612523258
Herwig_plus,116,MUR1.0_MUF1.0_PDF26217,pdf,9,1.74,1.95,0.6222162246704102,0.6227536201477051,1.0008636796277364,0.0008636796264909208,0.0008636796264909208,0.08636796264909208
Herwig_plus,116,MUR1.0_MUF1.0_PDF26217,pdf,10,1.95,2.18,0.6321878433227539,0.6301315426826477,0.996747326507738,-0.003252673428505659,0.003252673428505659,-0.3252673428505659
Herwig_plus,116,MUR1.0_MUF1.0_PDF26217,pdf,11,2.18,2.5,0.6375429630279541,0.6354275345802307,0.9966819044826778,-0.0033180955797433853,0.0033180955797433853,-0.33180955797433853
Herwig_plus,117,MUR1.0_MUF1.0_PDF26218,pdf,1,0.0,0.21,0.665374219417572,0.665747344493866,1.0005607747721583,0.0005607747589237988,0.0005607747589237988,0.05607747589237988
Herwig_plus,117,MUR1.0_MUF1.0_PDF26218,pdf,2,0.21,0.42,0.6719119548797607,0.6723032593727112,1.000582374655055,0.000582374632358551,0.000582374632358551,0.0582374632358551
Herwig_plus,117,MUR1.0_MUF1.0_PDF26218,pdf,3,0.42,0.63,0.6914249062538147,0.6917067170143127,1.000407579706703,0.0004075797041878104,0.0004075797041878104,0.04075797041878104
Herwig_plus,117,MUR1.0_MUF1.0_PDF26218,pdf,4,0.63,0.84,0.6939395666122437,0.6942857503890991,1.0004988673272306,0.0004988673026673496,0.0004988673026673496,0.04988673026673496
Herwig_plus,117,MUR1.0_MUF1.0_PDF26218,pdf,5,0.84,1.05,0.6589977741241455,0.6592268943786621,1.000347679861015,0.00034767985926009715,0.00034767985926009715,0.034767985926009715
Herwig_plus,117,MUR1.0_MUF1.0_PDF26218,pdf,6,1.05,1.37,0.6422200798988342,0.6427081227302551,1.0007599308191948,0.0007599308155477047,0.0007599308155477047,0.07599308155477047
Herwig_plus,117,MUR1.0_MUF1.0_PDF26218,pdf,7,1.37,1.52,0.7223036289215088,0.7227035164833069,1.0005536280669047,0.0005536280805245042,0.0005536280805245042,0.05536280805245042
Herwig_plus,117,MUR1.0_MUF1.0_PDF26218,pdf,8,1.52,1.74,0.6450952887535095,0.6456630229949951,1.0008800781084335,0.0008800781215541065,0.0008800781215541065,0.08800781215541065
Herwig_plus,117,MUR1.0_MUF1.0_PDF26218,pdf,9,1.74,1.95,0.6222162246704102,0.6227208971977234,1.0008110886654886,0.0008110886556096375,0.0008110886556096375,0.08110886556096375
Herwig_plus,117,MUR1.0_MUF1.0_PDF26218,pdf,10,1.95,2.18,0.6321878433227539,0.6313096284866333,0.9986108324521004,-0.0013891675043851137,0.0013891675043851137,-0.13891675043851137
Herwig_plus,117,MUR1.0_MUF1.0_PDF26218,pdf,11,2.18,2.5,0.6375429630279541,0.6371299624443054,0.9993521996044201,-0.0006478003924712539,0.0006478003924712539,-0.06478003924712539
Herwig_plus,118,MUR1.0_MUF1.0_PDF26219,pdf,1,0.0,0.21,0.665374219417572,0.6650748252868652,0.9995500364727553,-0.00044996352517046034,0.00044996352517046034,-0.044996352517046034
Herwig_plus,118,MUR1.0_MUF1.0_PDF26219,pdf,2,0.21,0.42,0.6719119548797607,0.6722874045372009,1.0005587780582166,0.0005587780615314841,0.0005587780615314841,0.05587780615314841
Herwig_plus,118,MUR1.0_MUF1.0_PDF26219,pdf,3,0.42,0.63,0.6914249062538147,0.6907162666320801,0.9989751025522438,-0.0010248974431306124,0.0010248974431306124,-0.10248974431306124
Herwig_plus,118,MUR1.0_MUF1.0_PDF26219,pdf,4,0.63,0.84,0.6939395666122437,0.694043755531311,1.0001501411997245,0.00015014120435807854,0.00015014120435807854,0.015014120435807854
Herwig_plus,118,MUR1.0_MUF1.0_PDF26219,pdf,5,0.84,1.05,0.6589977741241455,0.6601526737213135,1.0017525091017234,0.0017525091534480453,0.0017525091534480453,0.17525091534480453
Herwig_plus,118,MUR1.0_MUF1.0_PDF26219,pdf,6,1.05,1.37,0.6422200798988342,0.643002450466156,1.0012182281305266,0.0012182281352579594,0.0012182281352579594,0.12182281352579594
Herwig_plus,118,MUR1.0_MUF1.0_PDF26219,pdf,7,1.37,1.52,0.7223036289215088,0.7241328954696655,1.0025325451443294,0.002532545244321227,0.002532545244321227,0.2532545244321227
Herwig_plus,118,MUR1.0_MUF1.0_PDF26219,pdf,8,1.52,1.74,0.6450952887535095,0.6447187066078186,0.999416237953902,-0.0005837620701640844,0.0005837620701640844,-0.05837620701640844
Herwig_plus,118,MUR1.0_MUF1.0_PDF26219,pdf,9,1.74,1.95,0.6222162246704102,0.62324458360672,1.0016527356496603,0.0016527356347069144,0.0016527356347069144,0.16527356347069144
Herwig_plus,118,MUR1.0_MUF1.0_PDF26219,pdf,10,1.95,2.18,0.6321878433227539,0.6291399002075195,0.9951787381750106,-0.00482126185670495,0.00482126185670495,-0.48212618567049503
Herwig_plus,118,MUR1.0_MUF1.0_PDF26219,pdf,11,2.18,2.5,0.6375429630279541,0.6340678930282593,0.9945492771448841,-0.005450722761452198,0.005450722761452198,-0.5450722761452198
Herwig_plus,119,MUR1.0_MUF1.0_PDF26220,pdf,1,0.0,0.21,0.665374219417572,0.6660088300704956,1.000953765015842,0.0009537650039419532,0.0009537650039419532,0.09537650039419532
Herwig_plus,119,MUR1.0_MUF1.0_PDF26220,pdf,2,0.21,0.42,0.6719119548797607,0.6723313331604004,1.000624156599081,0.0006241566152311862,0.0006241566152311862,0.062415661523118615
Herwig_plus,119,MUR1.0_MUF1.0_PDF26220,pdf,3,0.42,0.63,0.6914249062538147,0.6920841336250305,1.0009534330702485,0.0009534330456517637,0.0009534330456517637,0.09534330456517637
Herwig_plus,119,MUR1.0_MUF1.0_PDF26220,pdf,4,0.63,0.84,0.6939395666122437,0.6943833827972412,1.0006395602821212,0.0006395602831616998,0.0006395602831616998,0.06395602831616998
Herwig_plus,119,MUR1.0_MUF1.0_PDF26220,pdf,5,0.84,1.05,0.6589977741241455,0.6589362621307373,0.9999066582683227,-9.334173228126019e-05,9.334173228126019e-05,-0.00933417322812602
Herwig_plus,119,MUR1.0_MUF1.0_PDF26220,pdf,6,1.05,1.37,0.6422200798988342,0.6425741910934448,1.0005513860523738,0.0005513860378414392,0.0005513860378414392,0.055138603784143925
Herwig_plus,119,MUR1.0_MUF1.0_PDF26220,pdf,7,1.37,1.52,0.7223036289215088,0.7220731377601624,0.999680894360602,-0.0003191056312061846,0.0003191056312061846,-0.03191056312061846
Herwig_plus,119,MUR1.0_MUF1.0_PDF26220,pdf,8,1.52,1.74,0.6450952887535095,0.6460071206092834,1.0014134839792983,0.0014134839875623584,0.0014134839875623584,0.14134839875623584
Herwig_plus,119,MUR1.0_MUF1.0_PDF26220,pdf,9,1.74,1.95,0.6222162246704102,0.622369647026062,1.0002465740197197,0.00024657402536831796,0.00024657402536831796,0.024657402536831796
Herwig_plus,119,MUR1.0_MUF1.0_PDF26220,pdf,10,1.95,2.18,0.6321878433227539,0.6318144798278809,0.9994094105117386,-0.0005905894795432687,0.0005905894795432687,-0.05905894795432687
Herwig_plus,119,MUR1.0_MUF1.0_PDF26220,pdf,11,2.18,2.5,0.6375429630279541,0.6377995014190674,1.000402386044534,0.0004023860383313149,0.0004023860383313149,0.04023860383313149
Herwig_plus,120,MUR1.0_MUF1.0_PDF26221,pdf,1,0.0,0.21,0.665374219417572,0.6655671000480652,1.0002898829333393,0.0002898829407058656,0.0002898829407058656,0.028988294070586562
Herwig_plus,120,MUR1.0_MUF1.0_PDF26221,pdf,2,0.21,0.42,0.6719119548797607,0.672309398651123,1.000591511683154,0.0005915116635151207,0.0005915116635151207,0.059151166351512074
Herwig_plus,120,MUR1.0_MUF1.0_PDF26221,pdf,3,0.42,0.63,0.6914249062538147,0.6914194226264954,0.9999920690920016,-7.930908395792358e-06,7.930908395792358e-06,-0.0007930908395792358
Herwig_plus,120,MUR1.0_MUF1.0_PDF26221,pdf,4,0.63,0.84,0.6939395666122437,0.6942024827003479,1.00037887461784,0.0003788746253121644,0.0003788746253121644,0.03788746253121644
Herwig_plus,120,MUR1.0_MUF1.0_PDF26221,pdf,5,0.84,1.05,0.6589977741241455,0.6594979763031006,1.0007590347017785,0.0007590347086079419,0.0007590347086079419,0.07590347086079419
Herwig_plus,120,MUR1.0_MUF1.0_PDF26221,pdf,6,1.05,1.37,0.6422200798988342,0.6427728533744812,1.0008607228159763,0.0008607227937318385,0.0008607227937318385,0.08607227937318385
Herwig_plus,120,MUR1.0_MUF1.0_PDF26221,pdf,7,1.37,1.52,0.7223036289215088,0.7231160402297974,1.0011247504176348,0.001124750473536551,0.001124750473536551,0.1124750473536551
Herwig_plus,120,MUR1.0_MUF1.0_PDF26221,pdf,8,1.52,1.74,0.6450952887535095,0.6453409790992737,1.0003808589987362,0.0003808590117841959,0.0003808590117841959,0.03808590117841959
Herwig_plus,120,MUR1.0_MUF1.0_PDF26221,pdf,9,1.74,1.95,0.6222162246704102,0.6228577494621277,1.0010310319247258,0.0010310319485142827,0.0010310319485142827,0.10310319485142827
Herwig_plus,120,MUR1.0_MUF1.0_PDF26221,pdf,10,1.95,2.18,0.6321878433227539,0.6306953430175781,0.9976391505769373,-0.0023608494084328413,0.0023608494084328413,-0.23608494084328413
Herwig_plus,120,MUR1.0_MUF1.0_PDF26221,pdf,11,2.18,2.5,0.6375429630279541,0.6362976431846619,0.9980466887480371,-0.001953311264514923,0.001953311264514923,-0.1953311264514923
Herwig_plus,121,MUR1.0_MUF1.0_PDF26222,pdf,1,0.0,0.21,0.665374219417572,0.6657034754753113,1.0004948434251442,0.0004948434070684016,0.0004948434070684016,0.04948434070684016
Herwig_plus,121,MUR1.0_MUF1.0_PDF26222,pdf,2,0.21,0.42,0.6719119548797607,0.6723178625106812,1.0006041083626693,0.0006041083834134042,0.0006041083834134042,0.06041083834134042
Herwig_plus,121,MUR1.0_MUF1.0_PDF26222,pdf,3,0.42,0.63,0.6914249062538147,0.6916646361351013,1.000346718608367,0.00034671861794777215,0.00034671861794777215,0.034671861794777215
Herwig_plus,121,MUR1.0_MUF1.0_PDF26222,pdf,4,0.63,0.84,0.6939395666122437,0.6942976713180542,1.0005160459542015,0.0005160459550097585,0.0005160459550097585,0.05160459550097585
Herwig_plus,121,MUR1.0_MUF1.0_PDF26222,pdf,5,0.84,1.05,0.6589977741241455,0.6593588590621948,1.0005479304365317,0.0005479304236359894,0.0005479304236359894,0.05479304236359894
Herwig_plus,121,MUR1.0_MUF1.0_PDF26222,pdf,6,1.05,1.37,0.6422200798988342,0.6427201628684998,1.0007786785018373,0.000778678513597697,0.000778678513597697,0.0778678513597697
Herwig_plus,121,MUR1.0_MUF1.0_PDF26222,pdf,7,1.37,1.52,0.7223036289215088,0.7226847410202026,1.000527634201787,0.0005276342271827161,0.0005276342271827161,0.05276342271827161
Herwig_plus,121,MUR1.0_MUF1.0_PDF26222,pdf,8,1.52,1.74,0.6450952887535095,0.6456393003463745,1.0008433042410156,0.0008433042676188052,0.0008433042676188052,0.08433042676188052
Herwig_plus,121,MUR1.0_MUF1.0_PDF26222,pdf,9,1.74,1.95,0.6222162246704102,0.6225664615631104,1.000562886146027,0.000562886125408113,0.000562886125408113,0.0562886125408113
Herwig_plus,121,MUR1.0_MUF1.0_PDF26222,pdf,10,1.95,2.18,0.6321878433227539,0.6306688785552979,0.9975972888699149,-0.002402711194008589,0.002402711194008589,-0.24027111940085888
Herwig_plus,121,MUR1.0_MUF1.0_PDF26222,pdf,11,2.18,2.5,0.6375429630279541,0.6361269950866699,0.9977790234958297,-0.002220976399257779,0.002220976399257779,-0.2220976399257779
Herwig_plus,122,MUR1.0_MUF1.0_PDF26223,pdf,1,0.0,0.21,0.665374219417572,0.6657180786132812,1.000516790680604,0.0005167906638234854,0.0005167906638234854,0.05167906638234854
Herwig_plus,122,MUR1.0_MUF1.0_PDF26223,pdf,2,0.21,0.42,0.6719119548797607,0.6723877787590027,1.0007081640321864,0.0007081640069372952,0.0007081640069372952,0.07081640069372952
Herwig_plus,122,MUR1.0_MUF1.0_PDF26223,pdf,3,0.42,0.63,0.6914249062538147,0.691572904586792,1.0002140483104365,0.0002140483120456338,0.0002140483120456338,0.02140483120456338
Herwig_plus,122,MUR1.0_MUF1.0_PDF26223,pdf,4,0.63,0.84,0.6939395666122437,0.6942281126976013,1.000415808665827,0.0004158086667302996,0.0004158086667302996,0.04158086667302996
Herwig_plus,122,MUR1.0_MUF1.0_PDF26223,pdf,5,0.84,1.05,0.6589977741241455,0.6594202518463135,1.0006410912733803,0.0006410912610590458,0.0006410912610590458,0.06410912610590458
Herwig_plus,122,MUR1.0_MUF1.0_PDF26223,pdf,6,1.05,1.37,0.6422200798988342,0.6426918506622314,1.0007345936045344,0.0007345936028286815,0.0007345936028286815,0.07345936028286815
Herwig_plus,122,MUR1.0_MUF1.0_PDF26223,pdf,7,1.37,1.52,0.7223036289215088,0.722888171672821,1.0008092756673326,0.0008092756615951657,0.0008092756615951657,0.08092756615951657
Herwig_plus,122,MUR1.0_MUF1.0_PDF26223,pdf,8,1.52,1.74,0.6450952887535095,0.6453380584716797,1.0003763315627978,0.0003763315617106855,0.0003763315617106855,0.03763315617106855
Herwig_plus,122,MUR1.0_MUF1.0_PDF26223,pdf,9,1.74,1.95,0.6222162246704102,0.6226686835289001,1.0007271730317377,0.000727173057384789,0.000727173057384789,0.0727173057384789
Herwig_plus,122,MUR1.0_MUF1.0_PDF26223,pdf,10,1.95,2.18,0.6321878433227539,0.6308801174163818,0.9979314282611024,-0.0020685717463493347,0.0020685717463493347,-0.20685717463493347
Herwig_plus,122,MUR1.0_MUF1.0_PDF26223,pdf,11,2.18,2.5,0.6375429630279541,0.6366257667541504,0.9985613577013734,-0.0014386422699317336,0.0014386422699317336,-0.14386422699317336
Herwig_plus,123,MUR1.0_MUF1.0_PDF26224,pdf,1,0.0,0.21,0.665374219417572,0.6655464172363281,1.0002587984531575,0.0002587984490673989,0.0002587984490673989,0.02587984490673989
Herwig_plus,123,MUR1.0_MUF1.0_PDF26224,pdf,2,0.21,0.42,0.6719119548797607,0.6722535490989685,1.0005083913401553,0.0005083913565613329,0.0005083913565613329,0.050839135656133294
Herwig_plus,123,MUR1.0_MUF1.0_PDF26224,pdf,3,0.42,0.63,0.6914249062538147,0.6914772391319275,1.0000756884480722,7.568844739580527e-05,7.568844739580527e-05,0.007568844739580527
Herwig_plus,123,MUR1.0_MUF1.0_PDF26224,pdf,4,0.63,0.84,0.6939395666122437,0.6942552924156189,1.0004549759353205,0.0004549759323708713,0.0004549759323708713,0.04549759323708713
Herwig_plus,123,MUR1.0_MUF1.0_PDF26224,pdf,5,0.84,1.05,0.6589977741241455,0.6594608426094055,1.0007026859625974,0.000702685967553407,0.000702685967553407,0.0702685967553407
Herwig_plus,123,MUR1.0_MUF1.0_PDF26224,pdf,6,1.05,1.37,0.6422200798988342,0.6428067684173584,1.0009135318824298,0.0009135318687185645,0.0009135318687185645,0.09135318687185645
Herwig_plus,123,MUR1.0_MUF1.0_PDF26224,pdf,7,1.37,1.52,0.7223036289215088,0.7229857444763184,1.0009443612457383,0.000944361265283078,0.000944361265283078,0.0944361265283078
Herwig_plus,123,MUR1.0_MUF1.0_PDF26224,pdf,8,1.52,1.74,0.6450952887535095,0.6455715298652649,1.0007382492479144,0.0007382492767646909,0.0007382492767646909,0.07382492767646909
Herwig_plus,123,MUR1.0_MUF1.0_PDF26224,pdf,9,1.74,1.95,0.6222162246704102,0.6228011250495911,1.0009400275273932,0.0009400275303050876,0.0009400275303050876,0.09400275303050876
Herwig_plus,123,MUR1.0_MUF1.0_PDF26224,pdf,10,1.95,2.18,0.6321878433227539,0.6305223107337952,0.9973654466681853,-0.002634553238749504,0.002634553238749504,-0.2634553238749504
Herwig_plus,123,MUR1.0_MUF1.0_PDF26224,pdf,11,2.18,2.5,0.6375429630279541,0.6358945965766907,0.9974145013797429,-0.0025854986160993576,0.0025854986160993576,-0.25854986160993576
Herwig_plus,124,MUR1.0_MUF1.0_PDF26225,pdf,1,0.0,0.21,0.665374219417572,0.6659238338470459,1.000826023031002,0.0008260230533778667,0.0008260230533778667,0.08260230533778667
Herwig_plus,124,MUR1.0_MUF1.0_PDF26225,pdf,2,0.21,0.42,0.6719119548797607,0.6726089715957642,1.0010373631707865,0.0010373631957918406,0.0010373631957918406,0.10373631957918406
Herwig_plus,124,MUR1.0_MUF1.0_PDF26225,pdf,3,0.42,0.63,0.6914249062538147,0.6917551159858704,1.0004775785903415,0.0004775785782840103,0.0004775785782840103,0.04775785782840103
Herwig_plus,124,MUR1.0_MUF1.0_PDF26225,pdf,4,0.63,0.84,0.6939395666122437,0.6943838000297546,1.0006401615340652,0.000640161510091275,0.000640161510091275,0.0640161510091275
Herwig_plus,124,MUR1.0_MUF1.0_PDF26225,pdf,5,0.84,1.05,0.6589977741241455,0.6595880389213562,1.000895700744961,0.0008957007667049766,0.0008957007667049766,0.08957007667049766
Herwig_plus,124,MUR1.0_MUF1.0_PDF26225,pdf,6,1.05,1.37,0.6422200798988342,0.6427613496780396,1.0008428104261247,0.0008428104338236153,0.0008428104338236153,0.08428104338236153
Herwig_plus,124,MUR1.0_MUF1.0_PDF26225,pdf,7,1.37,1.52,0.7223036289215088,0.7228134274482727,1.000705795328102,0.0007057953043840826,0.0007057953043840826,0.07057953043840826
Herwig_plus,124,MUR1.0_MUF1.0_PDF26225,pdf,8,1.52,1.74,0.6450952887535095,0.6454143524169922,1.000494599277107,0.0004945992841385305,0.0004945992841385305,0.04945992841385305
Herwig_plus,124,MUR1.0_MUF1.0_PDF26225,pdf,9,1.74,1.95,0.6222162246704102,0.6224880218505859,1.000436821107196,0.0004368211084511131,0.0004368211084511131,0.04368211084511131
Herwig_plus,124,MUR1.0_MUF1.0_PDF26225,pdf,10,1.95,2.18,0.6321878433227539,0.6300991177558899,0.9966960364883233,-0.0033039634581655264,0.0033039634581655264,-0.33039634581655264
Herwig_plus,124,MUR1.0_MUF1.0_PDF26225,pdf,11,2.18,2.5,0.6375429630279541,0.6355541348457336,0.9968804797518669,-0.0031195201445370913,0.0031195201445370913,-0.3119520144537091
Herwig_plus,125,MUR1.0_MUF1.0_PDF26226,pdf,1,0.0,0.21,0.665374219417572,0.6651663780212402,0.9996876323273935,-0.0003123676870018244,0.0003123676870018244,-0.031236768700182438
Herwig_plus,125,MUR1.0_MUF1.0_PDF26226,pdf,2,0.21,0.42,0.6719119548797607,0.6718664169311523,0.9999322263158473,-6.777368253096938e-05,6.777368253096938e-05,-0.006777368253096938
Herwig_plus,125,MUR1.0_MUF1.0_PDF26226,pdf,3,0.42,0.63,0.6914249062538147,0.6911455392837524,0.9995959547196877,-0.00040404527680948377,0.00040404527680948377,-0.04040452768094838
Herwig_plus,125,MUR1.0_MUF1.0_PDF26226,pdf,4,0.63,0.84,0.6939395666122437,0.6939988136291504,1.0000853777760446,8.537777466699481e-05,8.537777466699481e-05,0.008537777466699481
Herwig_plus,125,MUR1.0_MUF1.0_PDF26226,pdf,5,0.84,1.05,0.6589977741241455,0.6592043042182922,1.0003134002909513,0.0003134002909064293,0.0003134002909064293,0.03134002909064293
Herwig_plus,125,MUR1.0_MUF1.0_PDF26226,pdf,6,1.05,1.37,0.6422200798988342,0.6426936984062195,1.0007374707241479,0.0007374707492999732,0.0007374707492999732,0.07374707492999732
Herwig_plus,125,MUR1.0_MUF1.0_PDF26226,pdf,7,1.37,1.52,0.7223036289215088,0.7230703830718994,1.001061539939285,0.001061539980582893,0.001061539980582893,0.10615399805828929
Herwig_plus,125,MUR1.0_MUF1.0_PDF26226,pdf,8,1.52,1.74,0.6450952887535095,0.6454581618309021,1.000562510816183,0.000562510802410543,0.000562510802410543,0.056251080241054296
Herwig_plus,125,MUR1.0_MUF1.0_PDF26226,pdf,9,1.74,1.95,0.6222162246704102,0.623036801815033,1.0013187974085014,0.0013187973527237773,0.0013187973527237773,0.13187973527237773
Herwig_plus,125,MUR1.0_MUF1.0_PDF26226,pdf,10,1.95,2.18,0.6321878433227539,0.6314857006072998,0.9988893448001726,-0.0011106552556157112,0.0011106552556157112,-0.11106552556157112
Herwig_plus,125,MUR1.0_MUF1.0_PDF26226,pdf,11,2.18,2.5,0.6375429630279541,0.6371570825576782,0.9993947380919347,-0.0006052618846297264,0.0006052618846297264,-0.06052618846297264
Herwig_plus,126,MUR1.0_MUF1.0_PDF26227,pdf,1,0.0,0.21,0.665374219417572,0.6656328439712524,1.000388690373226,0.00038869038689881563,0.00038869038689881563,0.03886903868988156
Herwig_plus,126,MUR1.0_MUF1.0_PDF26227,pdf,2,0.21,0.42,0.6719119548797607,0.6723476648330688,1.0006484628680048,0.00064846285386011,0.00064846285386011,0.064846285386011
Herwig_plus,126,MUR1.0_MUF1.0_PDF26227,pdf,3,0.42,0.63,0.6914249062538147,0.6915215253829956,1.0001397391507119,0.00013973914610687643,0.00013973914610687643,0.013973914610687643
Herwig_plus,126,MUR1.0_MUF1.0_PDF26227,pdf,4,0.63,0.84,0.6939395666122437,0.6942672729492188,1.000472240455426,0.00047224044101312757,0.00047224044101312757,0.04722404410131276
Herwig_plus,126,MUR1.0_MUF1.0_PDF26227,pdf,5,0.84,1.05,0.6589977741241455,0.6595156192779541,1.0007858071364457,0.0007858071476221085,0.0007858071476221085,0.07858071476221085
Herwig_plus,126,MUR1.0_MUF1.0_PDF26227,pdf,6,1.05,1.37,0.6422200798988342,0.6427869200706482,1.0008826260491626,0.0008826260454952717,0.0008826260454952717,0.08826260454952717
Herwig_plus,126,MUR1.0_MUF1.0_PDF26227,pdf,7,1.37,1.52,0.7223036289215088,0.7230027318000793,1.0009678795046544,0.0009678794885985553,0.0009678794885985553,0.09678794885985553
Herwig_plus,126,MUR1.0_MUF1.0_PDF26227,pdf,8,1.52,1.74,0.6450952887535095,0.6454658508300781,1.0005744299842658,0.0005744299851357937,0.0005744299851357937,0.05744299851357937
Herwig_plus,126,MUR1.0_MUF1.0_PDF26227,pdf,9,1.74,1.95,0.6222162246704102,0.622753381729126,1.0008632964513267,0.0008632964454591274,0.0008632964454591274,0.08632964454591274
Herwig_plus,126,MUR1.0_MUF1.0_PDF26227,pdf,10,1.95,2.18,0.6321878433227539,0.6305131316184998,0.9973509270671009,-0.0026490730233490467,0.0026490730233490467,-0.26490730233490467
Herwig_plus,126,MUR1.0_MUF1.0_PDF26227,pdf,11,2.18,2.5,0.6375429630279541,0.6359681487083435,0.9975298694975298,-0.002470130566507578,0.002470130566507578,-0.2470130566507578
Herwig_plus,127,MUR1.0_MUF1.0_PDF26228,pdf,1,0.0,0.21,0.665374219417572,0.6656413674354553,1.000401500403964,0.0004015004087705165,0.0004015004087705165,0.04015004087705165
Herwig_plus,127,MUR1.0_MUF1.0_PDF26228,pdf,2,0.21,0.42,0.6719119548797607,0.672308087348938,1.0005895600849193,0.000589560077060014,0.000589560077060014,0.0589560077060014
Herwig_plus,127,MUR1.0_MUF1.0_PDF26228,pdf,3,0.42,0.63,0.6914249062538147,0.6915488839149475,1.0001793074851824,0.0001793074916349724,0.0001793074916349724,0.01793074916349724
Herwig_plus,127,MUR1.0_MUF1.0_PDF26228,pdf,4,0.63,0.84,0.6939395666122437,0.694242537021637,1.0004365948044618,0.00043659479706548154,0.00043659479706548154,0.043659479706548154
Herwig_plus,127,MUR1.0_MUF1.0_PDF26228,pdf,5,0.84,1.05,0.6589977741241455,0.6593983173370361,1.0006078066248751,0.0006078066071495414,0.0006078066071495414,0.06078066071495414
Herwig_plus,127,MUR1.0_MUF1.0_PDF26228,pdf,6,1.05,1.37,0.6422200798988342,0.6427451968193054,1.0008176588320843,0.0008176588453352451,0.0008176588453352451,0.08176588453352451
Herwig_plus,127,MUR1.0_MUF1.0_PDF26228,pdf,7,1.37,1.52,0.7223036289215088,0.7229161858558655,1.0008480601644925,0.0008480601827614009,0.0008480601827614009,0.0848060182761401
Herwig_plus,127,MUR1.0_MUF1.0_PDF26228,pdf,8,1.52,1.74,0.6450952887535095,0.6454868316650391,1.0006069536057007,0.0006069536320865154,0.0006069536320865154,0.06069536320865154
Herwig_plus,127,MUR1.0_MUF1.0_PDF26228,pdf,9,1.74,1.95,0.6222162246704102,0.6227492094039917,1.0008565908641547,0.0008565908647142351,0.0008565908647142351,0.0856590864714235
Herwig_plus,127,MUR1.0_MUF1.0_PDF26228,pdf,10,1.95,2.18,0.6321878433227539,0.6308585405349731,0.9978972977702418,-0.002102702157571912,0.002102702157571912,-0.21027021575719118
Herwig_plus,127,MUR1.0_MUF1.0_PDF26228,pdf,11,2.18,2.5,0.6375429630279541,0.636479914188385,0.9983325847806079,-0.0016674152575433254,0.0016674152575433254,-0.16674152575433254
Herwig_plus,128,MUR1.0_MUF1.0_PDF26229,pdf,1,0.0,0.21,0.665374219417572,0.6657718420028687,1.0005975924129502,0.000597592385020107,0.000597592385020107,0.0597592385020107
Herwig_plus,128,MUR1.0_MUF1.0_PDF26229,pdf,2,0.21,0.42,0.6719119548797607,0.6724783778190613,1.0008430017284065,0.000843001704197377,0.000843001704197377,0.0843001704197377
Herwig_plus,128,MUR1.0_MUF1.0_PDF26229,pdf,3,0.42,0.63,0.6914249062538147,0.6916026473045349,1.0002570648657758,0.00025706487940624356,0.00025706487940624356,0.025706487940624356
Herwig_plus,128,MUR1.0_MUF1.0_PDF26229,pdf,4,0.63,0.84,0.6939395666122437,0.6943316459655762,1.0005650050410682,0.000565005058888346,0.000565005058888346,0.056500505888834596
Herwig_plus,128,MUR1.0_MUF1.0_PDF26229,pdf,5,0.84,1.05,0.6589977741241455,0.659572958946228,1.000872817549114,0.0008728175307624042,0.0008728175307624042,0.08728175307624042
Herwig_plus,128,MUR1.0_MUF1.0_PDF26229,pdf,6,1.05,1.37,0.6422200798988342,0.6428362131118774,1.000959380175625,0.0009593801805749536,0.0009593801805749536,0.09593801805749536
Herwig_plus,128,MUR1.0_MUF1.0_PDF26229,pdf,7,1.37,1.52,0.7223036289215088,0.72310471534729,1.0011090715783575,0.0011090715415775776,0.0011090715415775776,0.11090715415775776
Herwig_plus,128,MUR1.0_MUF1.0_PDF26229,pdf,8,1.52,1.74,0.6450952887535095,0.6454576253890991,1.0005616792463168,0.0005616792477667332,0.0005616792477667332,0.05616792477667332
Herwig_plus,128,MUR1.0_MUF1.0_PDF26229,pdf,9,1.74,1.95,0.6222162246704102,0.6228541731834412,1.0010252842785785,0.0010252842912450433,0.0010252842912450433,0.10252842912450433
Herwig_plus,128,MUR1.0_MUF1.0_PDF26229,pdf,10,1.95,2.18,0.6321878433227539,0.6305785179138184,0.9974543556540458,-0.0025456442963331938,0.0025456442963331938,-0.2545644296333194
Herwig_plus,128,MUR1.0_MUF1.0_PDF26229,pdf,11,2.18,2.5,0.6375429630279541,0.6362324953079224,0.9979445028868207,-0.0020554971415549517,0.0020554971415549517,-0.20554971415549517
Herwig_plus,129,MUR1.0_MUF1.0_PDF26230,pdf,1,0.0,0.21,0.665374219417572,0.6654110550880432,1.0000553608321396,5.536083335755393e-05,5.536083335755393e-05,0.005536083335755393
Herwig_plus,129,MUR1.0_MUF1.0_PDF26230,pdf,2,0.21,0.42,0.6719119548797607,0.6720771193504333,1.0002458126685694,0.0002458126691635698,0.0002458126691635698,0.02458126691635698
Herwig_plus,129,MUR1.0_MUF1.0_PDF26230,pdf,3,0.42,0.63,0.6914249062538147,0.6913981437683105,0.9999612937207467,-3.870627915603109e-05,3.870627915603109e-05,-0.0038706279156031087
Herwig_plus,129,MUR1.0_MUF1.0_PDF26230,pdf,4,0.63,0.84,0.6939395666122437,0.694108784198761,1.0002438506098499,0.00024385060532949865,0.00024385060532949865,0.024385060532949865
Herwig_plus,129,MUR1.0_MUF1.0_PDF26230,pdf,5,0.84,1.05,0.6589977741241455,0.6592506766319275,1.0003837683793668,0.0003837683761958033,0.0003837683761958033,0.03837683761958033
Herwig_plus,129,MUR1.0_MUF1.0_PDF26230,pdf,6,1.05,1.37,0.6422200798988342,0.6426266431808472,1.0006330591252721,0.0006330591277219355,0.0006330591277219355,0.06330591277219355
Herwig_plus,129,MUR1.0_MUF1.0_PDF26230,pdf,7,1.37,1.52,0.7223036289215088,0.7227080464363098,1.0005598996026157,0.0005598996067419648,0.0005598996067419648,0.05598996067419648
Herwig_plus,129,MUR1.0_MUF1.0_PDF26230,pdf,8,1.52,1.74,0.6450952887535095,0.6454561352729797,1.0005593693300217,0.0005593693349510431,0.0005593693349510431,0.05593693349510431
Herwig_plus,129,MUR1.0_MUF1.0_PDF26230,pdf,9,1.74,1.95,0.6222162246704102,0.622566282749176,1.0005625987637197,0.0005625987541861832,0.0005625987541861832,0.05625987541861832
Herwig_plus,129,MUR1.0_MUF1.0_PDF26230,pdf,10,1.95,2.18,0.6321878433227539,0.6308606266975403,0.9979005976795792,-0.0020994022488594055,0.0020994022488594055,-0.20994022488594055
Herwig_plus,129,MUR1.0_MUF1.0_PDF26230,pdf,11,2.18,2.5,0.6375429630279541,0.6362544298171997,0.9979789076415578,-0.0020210924558341503,0.0020210924558341503,-0.20210924558341503
Herwig_plus,130,MUR1.0_MUF1.0_PDF26231,pdf,1,0.0,0.21,0.665374219417572,0.6651488542556763,0.9996612956208417,-0.00033870438346639276,0.00033870438346639276,-0.033870438346639276
Herwig_plus,130,MUR1.0_MUF1.0_PDF26231,pdf,2,0.21,0.42,0.6719119548797607,0.6719221472740173,1.0000151692408248,1.516924112365814e-05,1.516924112365814e-05,0.001516924112365814
Herwig_plus,130,MUR1.0_MUF1.0_PDF26231,pdf,3,0.42,0.63,0.6914249062538147,0.6910712718963623,0.9994885426396217,-0.0005114573868922889,0.0005114573868922889,-0.05114573868922889
Herwig_plus,130,MUR1.0_MUF1.0_PDF26231,pdf,4,0.63,0.84,0.6939395666122437,0.6939052939414978,0.9999506114474591,-4.938855272484943e-05,4.938855272484943e-05,-0.004938855272484943
Herwig_plus,130,MUR1.0_MUF1.0_PDF26231,pdf,5,0.84,1.05,0.6589977741241455,0.6591867804527283,1.000286808751113,0.00028680876130238175,0.00028680876130238175,0.028680876130238175
Herwig_plus,130,MUR1.0_MUF1.0_PDF26231,pdf,6,1.05,1.37,0.6422200798988342,0.6425834894180298,1.0005658644607511,0.0005658644367940724,0.0005658644367940724,0.05658644367940724
Herwig_plus,130,MUR1.0_MUF1.0_PDF26231,pdf,7,1.37,1.52,0.7223036289215088,0.7230349779129028,1.0010125229364915,0.0010125229600816965,0.0010125229600816965,0.10125229600816965
Herwig_plus,130,MUR1.0_MUF1.0_PDF26231,pdf,8,1.52,1.74,0.6450952887535095,0.6450831294059753,0.999981151083032,-1.8848917534342036e-05,1.8848917534342036e-05,-0.0018848917534342036
Herwig_plus,130,MUR1.0_MUF1.0_PDF26231,pdf,9,1.74,1.95,0.6222162246704102,0.6228578686714172,1.0010312235129306,0.0010312235681340098,0.0010312235681340098,0.10312235681340098
Herwig_plus,130,MUR1.0_MUF1.0_PDF26231,pdf,10,1.95,2.18,0.6321878433227539,0.6313568353652954,0.9986855046862484,-0.0013144953409209847,0.0013144953409209847,-0.13144953409209847
Herwig_plus,130,MUR1.0_MUF1.0_PDF26231,pdf,11,2.18,2.5,0.6375429630279541,0.6370804309844971,0.9992745084327176,-0.0007254915544763207,0.0007254915544763207,-0.07254915544763207
Herwig_plus,131,MUR1.0_MUF1.0_PDF26232,pdf,1,0.0,0.21,0.665374219417572,0.666031539440155,1.000987895237598,0.0009878951823338866,0.0009878951823338866,0.09878951823338866
Herwig_plus,131,MUR1.0_MUF1.0_PDF26232,pdf,2,0.21,0.42,0.6719119548797607,0.6726474761962891,1.00109466919168,0.0010946692200377584,0.0010946692200377584,0.10946692200377584
Herwig_plus,131,MUR1.0_MUF1.0_PDF26232,pdf,3,0.42,0.63,0.6914249062538147,0.6919113993644714,1.0007036094682973,0.00070360949030146,0.00070360949030146,0.070360949030146
Herwig_plus,131,MUR1.0_MUF1.0_PDF26232,pdf,4,0.63,0.84,0.6939395666122437,0.6945235729217529,1.0008415809352973,0.0008415809134021401,0.0008415809134021401,0.08415809134021401
Herwig_plus,131,MUR1.0_MUF1.0_PDF26232,pdf,5,0.84,1.05,0.6589977741241455,0.6596478819847107,1.0009865099490347,0.000986509956419468,0.000986509956419468,0.09865099564194679
Herwig_plus,131,MUR1.0_MUF1.0_PDF26232,pdf,6,1.05,1.37,0.6422200798988342,0.6428795456886292,1.0010268532710762,0.0010268532205373049,0.0010268532205373049,0.10268532205373049
Herwig_plus,131,MUR1.0_MUF1.0_PDF26232,pdf,7,1.37,1.52,0.7223036289215088,0.7228276133537292,1.000725435137302,0.0007254351512528956,0.0007254351512528956,0.07254351512528956
Herwig_plus,131,MUR1.0_MUF1.0_PDF26232,pdf,8,1.52,1.74,0.6450952887535095,0.645770251750946,1.0010462996850291,0.0010462997015565634,0.0010462997015565634,0.10462997015565634
Herwig_plus,131,MUR1.0_MUF1.0_PDF26232,pdf,9,1.74,1.95,0.6222162246704102,0.6225876808166504,1.0005969888465012,0.0005969888297840953,0.0005969888297840953,0.05969888297840953
Herwig_plus,131,MUR1.0_MUF1.0_PDF26232,pdf,10,1.95,2.18,0.6321878433227539,0.6301206350326538,0.9967300726960598,-0.003269927343353629,0.003269927343353629,-0.3269927343353629
Herwig_plus,131,MUR1.0_MUF1.0_PDF26232,pdf,11,2.18,2.5,0.6375429630279541,0.6354924440383911,0.9967837163791688,-0.003216283628717065,0.003216283628717065,-0.3216283628717065
Herwig_plus,132,MUR1.0_MUF1.0_PDF26233,pdf,1,0.0,0.21,0.665374219417572,0.6655517220497131,1.0002667711296307,0.0002667711232788861,0.0002667711232788861,0.026677112327888608
Herwig_plus,132,MUR1.0_MUF1.0_PDF26233,pdf,2,0.21,0.42,0.6719119548797607,0.6722508072853088,1.0005043107256646,0.0005043107084929943,0.0005043107084929943,0.05043107084929943
Herwig_plus,132,MUR1.0_MUF1.0_PDF26233,pdf,3,0.42,0.63,0.6914249062538147,0.6914361715316772,1.0000162928436056,1.6292842701659538e-05,1.6292842701659538e-05,0.0016292842701659538
Herwig_plus,132,MUR1.0_MUF1.0_PDF26233,pdf,4,0.63,0.84,0.6939395666122437,0.6941685080528259,1.0003299155309733,0.00032991552143357694,0.00032991552143357694,0.032991552143357694
Herwig_plus,132,MUR1.0_MUF1.0_PDF26233,pdf,5,0.84,1.05,0.6589977741241455,0.6593651175498962,1.0005574274150455,0.000557427410967648,0.000557427410967648,0.0557427410967648
Herwig_plus,132,MUR1.0_MUF1.0_PDF26233,pdf,6,1.05,1.37,0.6422200798988342,0.6427202820777893,1.0007788641224575,0.0007788641378283501,0.0007788641378283501,0.077886413782835
Herwig_plus,132,MUR1.0_MUF1.0_PDF26233,pdf,7,1.37,1.52,0.7223036289215088,0.7230185866355896,1.0009898298796427,0.0009898298885673285,0.0009898298885673285,0.09898298885673285
Herwig_plus,132,MUR1.0_MUF1.0_PDF26233,pdf,8,1.52,1.74,0.6450952887535095,0.6453510522842407,1.0003964740328912,0.0003964740317314863,0.0003964740317314863,0.03964740317314863
Herwig_plus,132,MUR1.0_MUF1.0_PDF26233,pdf,9,1.74,1.95,0.6222162246704102,0.6228541731834412,1.0010252842785785,0.0010252842912450433,0.0010252842912450433,0.10252842912450433
Herwig_plus,132,MUR1.0_MUF1.0_PDF26233,pdf,10,1.95,2.18,0.6321878433227539,0.6310727000236511,0.9982360570345016,-0.0017639430006965995,0.0017639430006965995,-0.17639430006965995
Herwig_plus,132,MUR1.0_MUF1.0_PDF26233,pdf,11,2.18,2.5,0.6375429630279541,0.6368389129638672,0.998895682165884,-0.0011043178383260965,0.0011043178383260965,-0.11043178383260965
Herwig_plus,133,MUR1.0_MUF1.0_PDF26234,pdf,1,0.0,0.21,0.665374219417572,0.6657282710075378,1.0005321089691088,0.0005321089411154389,0.0005321089411154389,0.053210894111543894
Herwig_plus,133,MUR1.0_MUF1.0_PDF26234,pdf,2,0.21,0.42,0.6719119548797607,0.6724015474319458,1.0007286558136514,0.0007286558393388987,0.0007286558393388987,0.07286558393388987
Herwig_plus,133,MUR1.0_MUF1.0_PDF26234,pdf,3,0.42,0.63,0.6914249062538147,0.691640317440033,1.0003115467555044,0.0003115467552561313,0.0003115467552561313,0.03115467552561313
Herwig_plus,133,MUR1.0_MUF1.0_PDF26234,pdf,4,0.63,0.84,0.6939395666122437,0.6943472027778625,1.0005874231492649,0.0005874231574125588,0.0005874231574125588,0.05874231574125588
Herwig_plus,133,MUR1.0_MUF1.0_PDF26234,pdf,5,0.84,1.05,0.6589977741241455,0.6595478057861328,1.0008346487402304,0.0008346487302333117,0.0008346487302333117,0.08346487302333117
Herwig_plus,133,MUR1.0_MUF1.0_PDF26234,pdf,6,1.05,1.37,0.6422200798988342,0.6427977085113525,1.0008994247152927,0.0008994247182272375,0.0008994247182272375,0.08994247182272375
Herwig_plus,133,MUR1.0_MUF1.0_PDF26234,pdf,7,1.37,1.52,0.7223036289215088,0.7228128910064697,1.0007050526462415,0.0007050526328384876,0.0007050526328384876,0.07050526328384876
Herwig_plus,133,MUR1.0_MUF1.0_PDF26234,pdf,8,1.52,1.74,0.6450952887535095,0.6456292867660522,1.0008277816035125,0.0008277816232293844,0.0008277816232293844,0.08277816232293844
Herwig_plus,133,MUR1.0_MUF1.0_PDF26234,pdf,9,1.74,1.95,0.6222162246704102,0.6225605010986328,1.0005533067357815,0.0005533067160286009,0.0005533067160286009,0.05533067160286009
Herwig_plus,133,MUR1.0_MUF1.0_PDF26234,pdf,10,1.95,2.18,0.6321878433227539,0.6301140189170837,0.9967196072693043,-0.0032803926151245832,0.0032803926151245832,-0.3280392615124583
Herwig_plus,133,MUR1.0_MUF1.0_PDF26234,pdf,11,2.18,2.5,0.6375429630279541,0.6353187561035156,0.9965112830767126,-0.0034887169022113085,0.0034887169022113085,-0.34887169022113085
Herwig_plus,134,MUR1.0_MUF1.0_PDF26235,pdf,1,0.0,0.21,0.665374219417572,0.6655659675598145,1.0002881809012834,0.0002881808904930949,0.0002881808904930949,0.028818089049309492
Herwig_plus,134,MUR1.0_MUF1.0_PDF26235,pdf,2,0.21,0.42,0.6719119548797607,0.6722552180290222,1.0005108751924543,0.0005108751938678324,0.0005108751938678324,0.05108751938678324
Herwig_plus,134,MUR1.0_MUF1.0_PDF26235,pdf,3,0.42,0.63,0.6914249062538147,0.6914701461791992,1.0000654299909872,6.542998744407669e-05,6.542998744407669e-05,0.006542998744407669
Herwig_plus,134,MUR1.0_MUF1.0_PDF26235,pdf,4,0.63,0.84,0.6939395666122437,0.6941973567008972,1.0003714878082426,0.0003714878112077713,0.0003714878112077713,0.03714878112077713
Herwig_plus,134,MUR1.0_MUF1.0_PDF26235,pdf,5,0.84,1.05,0.6589977741241455,0.6593841314315796,1.000586280140244,0.000586280133575201,0.000586280133575201,0.0586280133575201
Herwig_plus,134,MUR1.0_MUF1.0_PDF26235,pdf,6,1.05,1.37,0.6422200798988342,0.642727255821228,1.0007897229287408,0.0007897229515947402,0.0007897229515947402,0.07897229515947402
Herwig_plus,134,MUR1.0_MUF1.0_PDF26235,pdf,7,1.37,1.52,0.7223036289215088,0.7229474782943726,1.000891383273022,0.000891383271664381,0.000891383271664381,0.0891383271664381
Herwig_plus,134,MUR1.0_MUF1.0_PDF26235,pdf,8,1.52,1.74,0.6450952887535095,0.645427405834198,1.0005148341438521,0.000514834129717201,0.000514834129717201,0.0514834129717201
Herwig_plus,134,MUR1.0_MUF1.0_PDF26235,pdf,9,1.74,1.95,0.6222162246704102,0.622775673866272,1.0008991234456448,0.0008991234353743494,0.0008991234353743494,0.08991234353743494
Herwig_plus,134,MUR1.0_MUF1.0_PDF26235,pdf,10,1.95,2.18,0.6321878433227539,0.6308766603469849,0.9979259598399148,-0.002074040239676833,0.002074040239676833,-0.20740402396768332
Herwig_plus,134,MUR1.0_MUF1.0_PDF26235,pdf,11,2.18,2.5,0.6375429630279541,0.6364957690238953,0.9983574534348473,-0.0016425466164946556,0.0016425466164946556,-0.16425466164946556
Herwig_plus,135,MUR1.0_MUF1.0_PDF26236,pdf,1,0.0,0.21,0.665374219417572,0.6657994985580444,1.0006391578273721,0.0006391578353941441,0.0006391578353941441,0.0639157835394144
Herwig_plus,135,MUR1.0_MUF1.0_PDF26236,pdf,2,0.21,0.42,0.6719119548797607,0.6724840402603149,1.0008514290844202,0.0008514290675520897,0.0008514290675520897,0.08514290675520897
Herwig_plus,135,MUR1.0_MUF1.0_PDF26236,pdf,3,0.42,0.63,0.6914249062538147,0.6916826367378235,1.0003727526759272,0.00037275266367942095,0.00037275266367942095,0.037275266367942095
Herwig_plus,135,MUR1.0_MUF1.0_PDF26236,pdf,4,0.63,0.84,0.6939395666122437,0.694383978843689,1.0006404192134697,0.0006404191954061389,0.0006404191954061389,0.06404191954061389
Herwig_plus,135,MUR1.0_MUF1.0_PDF26236,pdf,5,0.84,1.05,0.6589977741241455,0.6595959067344666,1.000907639803664,0.0009076397982425988,0.0009076397982425988,0.09076397982425988
Herwig_plus,135,MUR1.0_MUF1.0_PDF26236,pdf,6,1.05,1.37,0.6422200798988342,0.6428362131118774,1.000959380175625,0.0009593801805749536,0.0009593801805749536,0.09593801805749536
Herwig_plus,135,MUR1.0_MUF1.0_PDF26236,pdf,7,1.37,1.52,0.7223036289215088,0.7229470610618591,1.000890805631575,0.0008908056188374758,0.0008908056188374758,0.08908056188374758
Herwig_plus,135,MUR1.0_MUF1.0_PDF26236,pdf,8,1.52,1.74,0.6450952887535095,0.6455891132354736,1.0007655062601966,0.0007655062363483012,0.0007655062363483012,0.07655062363483012
Herwig_plus,135,MUR1.0_MUF1.0_PDF26236,pdf,9,1.74,1.95,0.6222162246704102,0.6226735711097717,1.000735028148139,0.0007350281230174005,0.0007350281230174005,0.07350281230174005
Herwig_plus,135,MUR1.0_MUF1.0_PDF26236,pdf,10,1.95,2.18,0.6321878433227539,0.6302554607391357,0.9969433411223765,-0.003056658897548914,0.003056658897548914,-0.3056658897548914
Herwig_plus,135,MUR1.0_MUF1.0_PDF26236,pdf,11,2.18,2.5,0.6375429630279541,0.6356092095375061,0.9969668656034351,-0.003033134387806058,0.003033134387806058,-0.3033134387806058
Herwig_plus,136,MUR1.0_MUF1.0_PDF26237,pdf,1,0.0,0.21,0.665374219417572,0.665622353553772,1.0003729241815487,0.0003729241725523025,0.0003729241725523025,0.03729241725523025
Herwig_plus,136,MUR1.0_MUF1.0_PDF26237,pdf,2,0.21,0.42,0.6719119548797607,0.6723231077194214,1.0006119147556085,0.0006119147292338312,0.0006119147292338312,0.06119147292338312
Herwig_plus,136,MUR1.0_MUF1.0_PDF26237,pdf,3,0.42,0.63,0.6914249062538147,0.6915028095245361,1.000112670616891,0.00011267061927355826,0.00011267061927355826,0.011267061927355826
Herwig_plus,136,MUR1.0_MUF1.0_PDF26237,pdf,4,0.63,0.84,0.6939395666122437,0.6942427158355713,1.0004368524838663,0.00043685248238034546,0.00043685248238034546,0.043685248238034546
Herwig_plus,136,MUR1.0_MUF1.0_PDF26237,pdf,5,0.84,1.05,0.6589977741241455,0.659445583820343,1.000679531424507,0.0006795314257033169,0.0006795314257033169,0.06795314257033169
Herwig_plus,136,MUR1.0_MUF1.0_PDF26237,pdf,6,1.05,1.37,0.6422200798988342,0.642779529094696,1.0008711175707088,0.0008711175760254264,0.0008711175760254264,0.08711175760254264
Herwig_plus,136,MUR1.0_MUF1.0_PDF26237,pdf,7,1.37,1.52,0.7223036289215088,0.7230457067489624,1.0010273765737017,0.0010273766238242388,0.0010273766238242388,0.10273766238242388
Herwig_plus,136,MUR1.0_MUF1.0_PDF26237,pdf,8,1.52,1.74,0.6450952887535095,0.6454486846923828,1.0005478197485462,0.0005478197708725929,0.0005478197708725929,0.05478197708725929
Herwig_plus,136,MUR1.0_MUF1.0_PDF26237,pdf,9,1.74,1.95,0.6222162246704102,0.6228684782981873,1.0010482748631677,0.001048274920322001,0.001048274920322001,0.1048274920322001
Herwig_plus,136,MUR1.0_MUF1.0_PDF26237,pdf,10,1.95,2.18,0.6321878433227539,0.630827784538269,0.997848647678297,-0.0021513523533940315,0.0021513523533940315,-0.21513523533940315
Herwig_plus,136,MUR1.0_MUF1.0_PDF26237,pdf,11,2.18,2.5,0.6375429630279541,0.6365195512771606,0.9983947564162062,-0.001605243538506329,0.001605243538506329,-0.1605243538506329
Herwig_plus,137,MUR1.0_MUF1.0_PDF26238,pdf,1,0.0,0.21,0.665374219417572,0.6656294465065002,1.0003835842770579,0.000383584265364334,0.000383584265364334,0.0383584265364334
Herwig_plus,137,MUR1.0_MUF1.0_PDF26238,pdf,2,0.21,0.42,0.6719119548797607,0.6723072528839111,1.00058831815877,0.0005883181584067643,0.0005883181584067643,0.05883181584067643
Herwig_plus,137,MUR1.0_MUF1.0_PDF26238,pdf,3,0.42,0.63,0.6914249062538147,0.691541314125061,1.0001683593839237,0.00016835938731674105,0.00016835938731674105,0.016835938731674105
Herwig_plus,137,MUR1.0_MUF1.0_PDF26238,pdf,4,0.63,0.84,0.6939395666122437,0.6942479014396667,1.0004443251865986,0.0004443251818884164,0.0004443251818884164,0.04443251818884164
Herwig_plus,137,MUR1.0_MUF1.0_PDF26238,pdf,5,0.84,1.05,0.6589977741241455,0.6594409942626953,1.000672566973597,0.0006725669954903424,0.0006725669954903424,0.06725669954903424
Herwig_plus,137,MUR1.0_MUF1.0_PDF26238,pdf,6,1.05,1.37,0.6422200798988342,0.6427358388900757,1.0008030876133969,0.000803087605163455,0.000803087605163455,0.0803087605163455
Herwig_plus,137,MUR1.0_MUF1.0_PDF26238,pdf,7,1.37,1.52,0.7223036289215088,0.7228651642799377,1.0007774228675377,0.0007774228579364717,0.0007774228579364717,0.07774228579364717
Herwig_plus,137,MUR1.0_MUF1.0_PDF26238,pdf,8,1.52,1.74,0.6450952887535095,0.645496666431427,1.0006221990532485,0.0006221990333870053,0.0006221990333870053,0.06221990333870053
Herwig_plus,137,MUR1.0_MUF1.0_PDF26238,pdf,9,1.74,1.95,0.6222162246704102,0.622653603553772,1.0007029371238165,0.0007029371336102486,0.0007029371336102486,0.07029371336102486
Herwig_plus,137,MUR1.0_MUF1.0_PDF26238,pdf,10,1.95,2.18,0.6321878433227539,0.6305872201919556,0.9974681209901387,-0.0025318791158497334,0.0025318791158497334,-0.25318791158497334
Herwig_plus,137,MUR1.0_MUF1.0_PDF26238,pdf,11,2.18,2.5,0.6375429630279541,0.6360133290290833,0.9976007358129937,-0.0023992641363292933,0.0023992641363292933,-0.23992641363292933
Herwig_plus,138,MUR1.0_MUF1.0_PDF26239,pdf,1,0.0,0.21,0.665374219417572,0.665861189365387,1.0007318737841109,0.0007318737916648388,0.0007318737916648388,0.07318737916648388
Herwig_plus,138,MUR1.0_MUF1.0_PDF26239,pdf,2,0.21,0.42,0.6719119548797607,0.6724025011062622,1.0007300751578223,0.0007300751749426126,0.0007300751749426126,0.07300751749426126
Herwig_plus,138,MUR1.0_MUF1.0_PDF26239,pdf,3,0.42,0.63,0.6914249062538147,0.6920320987701416,1.0008781756497849,0.0008781756623648107,0.0008781756623648107,0.08781756623648107
Herwig_plus,138,MUR1.0_MUF1.0_PDF26239,pdf,4,0.63,0.84,0.6939395666122437,0.694563090801239,1.0008985280837053,0.0008985280874185264,0.0008985280874185264,0.08985280874185264
Herwig_plus,138,MUR1.0_MUF1.0_PDF26239,pdf,5,0.84,1.05,0.6589977741241455,0.6594632863998413,1.0007063943065886,0.000706394319422543,0.000706394319422543,0.0706394319422543
Herwig_plus,138,MUR1.0_MUF1.0_PDF26239,pdf,6,1.05,1.37,0.6422200798988342,0.6427960991859436,1.0008969188369197,0.0008969188202172518,0.0008969188202172518,0.08969188202172518
Herwig_plus,138,MUR1.0_MUF1.0_PDF26239,pdf,7,1.37,1.52,0.7223036289215088,0.7221773266792297,0.999825139681954,-0.00017486032447777689,0.00017486032447777689,-0.01748603244777769
Herwig_plus,138,MUR1.0_MUF1.0_PDF26239,pdf,8,1.52,1.74,0.6450952887535095,0.6462802886962891,1.0018369378345162,0.001836937852203846,0.001836937852203846,0.1836937852203846
Herwig_plus,138,MUR1.0_MUF1.0_PDF26239,pdf,9,1.74,1.95,0.6222162246704102,0.6220055222511292,0.9996613678478207,-0.00033863214775919914,0.00033863214775919914,-0.033863214775919914
Herwig_plus,138,MUR1.0_MUF1.0_PDF26239,pdf,10,1.95,2.18,0.6321878433227539,0.6295881867408752,0.9958878415500447,-0.004112158436328173,0.004112158436328173,-0.41121584363281727
Herwig_plus,138,MUR1.0_MUF1.0_PDF26239,pdf,11,2.18,2.5,0.6375429630279541,0.6338330507278442,0.9941809218903618,-0.00581907806918025,0.00581907806918025,-0.581907806918025
Herwig_plus,139,MUR1.0_MUF1.0_PDF26240,pdf,1,0.0,0.21,0.665374219417572,0.665411114692688,1.000055450412774,5.545041130972095e-05,5.545041130972095e-05,0.005545041130972095
Herwig_plus,139,MUR1.0_MUF1.0_PDF26240,pdf,2,0.21,0.42,0.6719119548797607,0.6722147464752197,1.0004506417742085,0.00045064176083542407,0.00045064176083542407,0.04506417608354241
Herwig_plus,139,MUR1.0_MUF1.0_PDF26240,pdf,3,0.42,0.63,0.6914249062538147,0.6910473108291626,0.9994538880198893,-0.0005461119581013918,0.0005461119581013918,-0.05461119581013918
Herwig_plus,139,MUR1.0_MUF1.0_PDF26240,pdf,4,0.63,0.84,0.6939395666122437,0.6938631534576416,0.9998898850011174,-0.00011011499736923724,0.00011011499736923724,-0.011011499736923724
Herwig_plus,139,MUR1.0_MUF1.0_PDF26240,pdf,5,0.84,1.05,0.6589977741241455,0.6593306660652161,1.0005051488095131,0.0005051487823948264,0.0005051487823948264,0.05051487823948264
Herwig_plus,139,MUR1.0_MUF1.0_PDF26240,pdf,6,1.05,1.37,0.6422200798988342,0.6426154971122742,1.0006157035972811,0.0006157035822980106,0.0006157035822980106,0.06157035822980106
Herwig_plus,139,MUR1.0_MUF1.0_PDF26240,pdf,7,1.37,1.52,0.7223036289215088,0.7236630320549011,1.001882038354732,0.0018820383120328188,0.0018820383120328188,0.18820383120328188
Herwig_plus,139,MUR1.0_MUF1.0_PDF26240,pdf,8,1.52,1.74,0.6450952887535095,0.6445838212966919,0.9992071443308694,-0.000792855687905103,0.000792855687905103,-0.0792855687905103
Herwig_plus,139,MUR1.0_MUF1.0_PDF26240,pdf,9,1.74,1.95,0.6222162246704102,0.6233656406402588,1.0018472934717468,0.0018472934607416391,0.0018472934607416391,0.1847293460741639
Herwig_plus,139,MUR1.0_MUF1.0_PDF26240,pdf,10,1.95,2.18,0.6321878433227539,0.6323227882385254,1.0002134569925645,0.0002134569949703291,0.0002134569949703291,0.02134569949703291
Herwig_plus,139,MUR1.0_MUF1.0_PDF26240,pdf,11,2.18,2.5,0.6375429630279541,0.6391223669052124,1.0024773293234341,0.0024773292243480682,0.0024773292243480682,0.24773292243480682
Herwig_plus,140,MUR1.0_MUF1.0_PDF26241,pdf,1,0.0,0.21,0.665374219417572,0.6657112240791321,1.0005064889076332,0.0005064888973720372,0.0005064888973720372,0.05064888973720372
Herwig_plus,140,MUR1.0_MUF1.0_PDF26241,pdf,2,0.21,0.42,0.6719119548797607,0.6724194288253784,1.0007552685168528,0.0007552684983238578,0.0007552684983238578,0.07552684983238578
Herwig_plus,140,MUR1.0_MUF1.0_PDF26241,pdf,3,0.42,0.63,0.6914249062538147,0.6915075778961182,1.0001195670586287,0.00011956705566262826,0.00011956705566262826,0.011956705566262826
Herwig_plus,140,MUR1.0_MUF1.0_PDF26241,pdf,4,0.63,0.84,0.6939395666122437,0.694146454334259,1.0002981350710773,0.00029813506989739835,0.00029813506989739835,0.029813506989739835
Herwig_plus,140,MUR1.0_MUF1.0_PDF26241,pdf,5,0.84,1.05,0.6589977741241455,0.6592665314674377,1.0004078273916015,0.0004078273777849972,0.0004078273777849972,0.04078273777849972
Herwig_plus,140,MUR1.0_MUF1.0_PDF26241,pdf,6,1.05,1.37,0.6422200798988342,0.642734944820404,1.000801695458745,0.0008016954525373876,0.0008016954525373876,0.08016954525373876
Herwig_plus,140,MUR1.0_MUF1.0_PDF26241,pdf,7,1.37,1.52,0.7223036289215088,0.7234286069869995,1.0015574863816903,0.0015574863646179438,0.0015574863646179438,0.15574863646179438
Herwig_plus,140,MUR1.0_MUF1.0_PDF26241,pdf,8,1.52,1.74,0.6450952887535095,0.6450707316398621,0.9999619325794568,-3.8067420973675326e-05,3.8067420973675326e-05,-0.0038067420973675326
Herwig_plus,140,MUR1.0_MUF1.0_PDF26241,pdf,9,1.74,1.95,0.6222162246704102,0.6234545707702637,1.0019902182726101,0.0019902181811630726,0.0019902181811630726,0.19902181811630726
Herwig_plus,140,MUR1.0_MUF1.0_PDF26241,pdf,10,1.95,2.18,0.6321878433227539,0.6323721408843994,1.0002915234191738,0.0002915234072133899,0.0002915234072133899,0.029152340721338987
Herwig_plus,140,MUR1.0_MUF1.0_PDF26241,pdf,11,2.18,2.5,0.6375429630279541,0.63959139585495,1.003213011429484,0.0032130114268511534,0.0032130114268511534,0.32130114268511534
Herwig_plus,141,MUR1.0_MUF1.0_PDF26242,pdf,1,0.0,0.21,0.665374219417572,0.6656586527824402,1.0004274787879777,0.0004274787788745016,0.0004274787788745016,0.04274787788745016
Herwig_plus,141,MUR1.0_MUF1.0_PDF26242,pdf,2,0.21,0.42,0.6719119548797607,0.6721788048744202,1.000397150240774,0.00039715023012831807,0.00039715023012831807,0.03971502301283181
Herwig_plus,141,MUR1.0_MUF1.0_PDF26242,pdf,3,0.42,0.63,0.6914249062538147,0.6916672587394714,1.0003505116513227,0.00035051166196353734,0.00035051166196353734,0.035051166196353734
Herwig_plus,141,MUR1.0_MUF1.0_PDF26242,pdf,4,0.63,0.84,0.6939395666122437,0.6942011713981628,1.0003769849688733,0.0003769849718082696,0.0003769849718082696,0.03769849718082696
Herwig_plus,141,MUR1.0_MUF1.0_PDF26242,pdf,5,0.84,1.05,0.6589977741241455,0.6592734456062317,1.0004183192916738,0.00041831927956081927,0.00041831927956081927,0.04183192795608193
Herwig_plus,141,MUR1.0_MUF1.0_PDF26242,pdf,6,1.05,1.37,0.6422200798988342,0.6425225734710693,1.000471012323817,0.0004710123175755143,0.0004710123175755143,0.04710123175755143
Herwig_plus,141,MUR1.0_MUF1.0_PDF26242,pdf,7,1.37,1.52,0.7223036289215088,0.7222180366516113,0.9998815009831458,-0.00011849901784444228,0.00011849901784444228,-0.011849901784444228
Herwig_plus,141,MUR1.0_MUF1.0_PDF26242,pdf,8,1.52,1.74,0.6450952887535095,0.6456562876701355,1.0008696372867798,0.000869637297000736,0.000869637297000736,0.0869637297000736
Herwig_plus,141,MUR1.0_MUF1.0_PDF26242,pdf,9,1.74,1.95,0.6222162246704102,0.6218855977058411,0.9994686301136808,-0.0005313698784448206,0.0005313698784448206,-0.053136987844482064
Herwig_plus,141,MUR1.0_MUF1.0_PDF26242,pdf,10,1.95,2.18,0.6321878433227539,0.6304948329925537,0.9973219821480562,-0.002678017830476165,0.002678017830476165,-0.2678017830476165
Herwig_plus,141,MUR1.0_MUF1.0_PDF26242,pdf,11,2.18,2.5,0.6375429630279541,0.6350114941596985,0.996029336036849,-0.003970663994550705,0.003970663994550705,-0.3970663994550705
Herwig_plus,142,MUR1.0_MUF1.0_PDF26243,pdf,1,0.0,0.21,0.665374219417572,0.6657059788703918,1.0004986058117944,0.0004986058338545263,0.0004986058338545263,0.04986058338545263
Herwig_plus,142,MUR1.0_MUF1.0_PDF26243,pdf,2,0.21,0.42,0.6719119548797607,0.6723580360412598,1.0006638982358615,0.0006638982449658215,0.0006638982449658215,0.06638982449658215
Herwig_plus,142,MUR1.0_MUF1.0_PDF26243,pdf,3,0.42,0.63,0.6914249062538147,0.6916144490242004,1.0002741335590768,0.00027413354837335646,0.00027413354837335646,0.027413354837335646
Herwig_plus,142,MUR1.0_MUF1.0_PDF26243,pdf,4,0.63,0.84,0.6939395666122437,0.6942671537399292,1.0004720686691564,0.0004720686702057719,0.0004720686702057719,0.04720686702057719
Herwig_plus,142,MUR1.0_MUF1.0_PDF26243,pdf,5,0.84,1.05,0.6589977741241455,0.659547746181488,1.000834558292816,0.0008345582755282521,0.0008345582755282521,0.08345582755282521
Herwig_plus,142,MUR1.0_MUF1.0_PDF26243,pdf,6,1.05,1.37,0.6422200798988342,0.6426898241043091,1.0007314380539905,0.0007314380491152406,0.0007314380491152406,0.07314380491152406
Herwig_plus,142,MUR1.0_MUF1.0_PDF26243,pdf,7,1.37,1.52,0.7223036289215088,0.7227426767349243,1.0006078438427217,0.000607843860052526,0.000607843860052526,0.0607843860052526
Herwig_plus,142,MUR1.0_MUF1.0_PDF26243,pdf,8,1.52,1.74,0.6450952887535095,0.6455023288726807,1.0006309767351698,0.0006309767486527562,0.0006309767486527562,0.06309767486527562
Herwig_plus,142,MUR1.0_MUF1.0_PDF26243,pdf,9,1.74,1.95,0.6222162246704102,0.622340738773346,1.000200113880029,0.00020011387823615223,0.00020011387823615223,0.020011387823615223
Herwig_plus,142,MUR1.0_MUF1.0_PDF26243,pdf,10,1.95,2.18,0.6321878433227539,0.630221962928772,0.9968903540067311,-0.0031096460297703743,0.0031096460297703743,-0.31096460297703743
Herwig_plus,142,MUR1.0_MUF1.0_PDF26243,pdf,11,2.18,2.5,0.6375429630279541,0.6352419853210449,0.9963908664351326,-0.0036091336514800787,0.0036091336514800787,-0.36091336514800787
Herwig_plus,143,MUR1.0_MUF1.0_PDF26244,pdf,1,0.0,0.21,0.665374219417572,0.6658357381820679,1.0006936228531664,0.0006936228601261973,0.0006936228601261973,0.06936228601261973
Herwig_plus,143,MUR1.0_MUF1.0_PDF26244,pdf,2,0.21,0.42,0.6719119548797607,0.6723198890686035,1.0006071244690322,0.0006071244715712965,0.0006071244715712965,0.060712447157129645
Herwig_plus,143,MUR1.0_MUF1.0_PDF26244,pdf,3,0.42,0.63,0.6914249062538147,0.6918926239013672,1.0006764547289548,0.0006764547433704138,0.0006764547433704138,0.06764547433704138
Herwig_plus,143,MUR1.0_MUF1.0_PDF26244,pdf,4,0.63,0.84,0.6939395666122437,0.6944162845611572,1.0006869732925605,0.0006869732751511037,0.0006869732751511037,0.06869732751511037
Herwig_plus,143,MUR1.0_MUF1.0_PDF26244,pdf,5,0.84,1.05,0.6589977741241455,0.6591401696205139,1.0002160788730396,0.00021607887174468488,0.00021607887174468488,0.021607887174468488
Herwig_plus,143,MUR1.0_MUF1.0_PDF26244,pdf,6,1.05,1.37,0.6422200798988342,0.6427537798881531,1.0008310235167404,0.00083102349890396,0.00083102349890396,0.083102349890396
Herwig_plus,143,MUR1.0_MUF1.0_PDF26244,pdf,7,1.37,1.52,0.7223036289215088,0.7224263548851013,1.0001699091056426,0.0001699091080809012,0.0001699091080809012,0.01699091080809012
Herwig_plus,143,MUR1.0_MUF1.0_PDF26244,pdf,8,1.52,1.74,0.6450952887535095,0.6460206508636475,1.0014344580192578,0.00143445807043463,0.00143445807043463,0.143445807043463
Herwig_plus,143,MUR1.0_MUF1.0_PDF26244,pdf,9,1.74,1.95,0.6222162246704102,0.6226495504379272,1.0006964231248496,0.0006964231142774224,0.0006964231142774224,0.06964231142774224
Herwig_plus,143,MUR1.0_MUF1.0_PDF26244,pdf,10,1.95,2.18,0.6321878433227539,0.6311389207839966,0.9983408055851815,-0.0016591943567618728,0.0016591943567618728,-0.16591943567618728
Herwig_plus,143,MUR1.0_MUF1.0_PDF26244,pdf,11,2.18,2.5,0.6375429630279541,0.636803925037384,0.998840802842431,-0.0011591971851885319,0.0011591971851885319,-0.11591971851885319
Herwig_plus,144,MUR1.0_MUF1.0_PDF26245,pdf,1,0.0,0.21,0.665374219417572,0.666092038154602,1.0010788195816458,0.0010788196232169867,0.0010788196232169867,0.10788196232169867
Herwig_plus,144,MUR1.0_MUF1.0_PDF26245,pdf,2,0.21,0.42,0.6719119548797607,0.6723410487174988,1.0006386161678205,0.0006386161549016833,0.0006386161549016833,0.06386161549016833
Herwig_plus,144,MUR1.0_MUF1.0_PDF26245,pdf,3,0.42,0.63,0.6914249062538147,0.692028284072876,1.0008726584963947,0.0008726585074327886,0.0008726585074327886,0.08726585074327886
Herwig_plus,144,MUR1.0_MUF1.0_PDF26245,pdf,4,0.63,0.84,0.6939395666122437,0.69415283203125,1.0003073256365067,0.000307325622998178,0.000307325622998178,0.0307325622998178
Herwig_plus,144,MUR1.0_MUF1.0_PDF26245,pdf,5,0.84,1.05,0.6589977741241455,0.6587658524513245,0.9996480691105075,-0.0003519308811519295,0.0003519308811519295,-0.03519308811519295
Herwig_plus,144,MUR1.0_MUF1.0_PDF26245,pdf,6,1.05,1.37,0.6422200798988342,0.6422377824783325,1.000027564662103,2.7564661650103517e-05,2.7564661650103517e-05,0.0027564661650103517
Herwig_plus,144,MUR1.0_MUF1.0_PDF26245,pdf,7,1.37,1.52,0.7223036289215088,0.72181236743927,0.9993198684561889,-0.0006801315466873348,0.0006801315466873348,-0.06801315466873348
Herwig_plus,144,MUR1.0_MUF1.0_PDF26245,pdf,8,1.52,1.74,0.6450952887535095,0.6453782320022583,1.0004386069061137,0.0004386069194879383,0.0004386069194879383,0.04386069194879383
Herwig_plus,144,MUR1.0_MUF1.0_PDF26245,pdf,9,1.74,1.95,0.6222162246704102,0.6220358610153198,0.9997101270459704,-0.00028987295809201896,0.00028987295809201896,-0.028987295809201896
Herwig_plus,144,MUR1.0_MUF1.0_PDF26245,pdf,10,1.95,2.18,0.6321878433227539,0.6325904726982117,1.0006368825021081,0.0006368824979290366,0.0006368824979290366,0.06368824979290366
Herwig_plus,144,MUR1.0_MUF1.0_PDF26245,pdf,11,2.18,2.5,0.6375429630279541,0.6390334963798523,1.0023379339720402,0.002337933983653784,0.002337933983653784,0.23379339836537838
Herwig_plus,145,MUR1.0_MUF1.0_PDF26246,pdf,1,0.0,0.21,0.665374219417572,0.6652660965919495,0.9998375007289624,-0.0001624992728466168,0.0001624992728466168,-0.01624992728466168
Herwig_plus,145,MUR1.0_MUF1.0_PDF26246,pdf,2,0.21,0.42,0.6719119548797607,0.6721868515014648,1.0004091259572145,0.0004091259615961462,0.0004091259615961462,0.04091259615961462
Herwig_plus,145,MUR1.0_MUF1.0_PDF26246,pdf,3,0.42,0.63,0.6914249062538147,0.6909270882606506,0.9992800114825755,-0.0007199885440059006,0.0007199885440059006,-0.07199885440059006
Herwig_plus,145,MUR1.0_MUF1.0_PDF26246,pdf,4,0.63,0.84,0.6939395666122437,0.6942875385284424,1.0005014441212763,0.0005014440976083279,0.0005014440976083279,0.05014440976083279
Herwig_plus,145,MUR1.0_MUF1.0_PDF26246,pdf,5,0.84,1.05,0.6589977741241455,0.659622848033905,1.00094852203498,0.0009485220070928335,0.0009485220070928335,0.09485220070928335
Herwig_plus,145,MUR1.0_MUF1.0_PDF26246,pdf,6,1.05,1.37,0.6422200798988342,0.6433273553848267,1.0017241371309455,0.0017241371097043157,0.0017241371097043157,0.17241371097043157
Herwig_plus,145,MUR1.0_MUF1.0_PDF26246,pdf,7,1.37,1.52,0.7223036289215088,0.7236648797988892,1.0018845964811403,0.0018845965387299657,0.0018845965387299657,0.18845965387299657
Herwig_plus,145,MUR1.0_MUF1.0_PDF26246,pdf,8,1.52,1.74,0.6450952887535095,0.6454471945762634,1.000545509832251,0.0005455098580569029,0.0005455098580569029,0.05455098580569029
Herwig_plus,145,MUR1.0_MUF1.0_PDF26246,pdf,9,1.74,1.95,0.6222162246704102,0.6244348287582397,1.0035656480815889,0.003565648104995489,0.003565648104995489,0.3565648104995489
Herwig_plus,145,MUR1.0_MUF1.0_PDF26246,pdf,10,1.95,2.18,0.6321878433227539,0.6270221471786499,0.9918288587819827,-0.008171141147613525,0.008171141147613525,-0.8171141147613525
Herwig_plus,145,MUR1.0_MUF1.0_PDF26246,pdf,11,2.18,2.5,0.6375429630279541,0.6354198455810547,0.9966698441202835,-0.003330155974254012,0.003330155974254012,-0.3330155974254012
Herwig_plus,146,MUR1.0_MUF1.0_PDF26247,pdf,1,0.0,0.21,0.665374219417572,0.6655068397521973,1.0001993169118295,0.00019931691349484026,0.00019931691349484026,0.019931691349484026
Herwig_plus,146,MUR1.0_MUF1.0_PDF26247,pdf,2,0.21,0.42,0.6719119548797607,0.6722557544708252,1.0005116735735502,0.0005116735701449215,0.0005116735701449215,0.051167357014492154
Herwig_plus,146,MUR1.0_MUF1.0_PDF26247,pdf,3,0.42,0.63,0.6914249062538147,0.6912022829055786,0.9996780223763673,-0.00032197762629948556,0.00032197762629948556,-0.032197762629948556
Herwig_plus,146,MUR1.0_MUF1.0_PDF26247,pdf,4,0.63,0.84,0.6939395666122437,0.6941424012184143,1.0002922943379073,0.0002922943385783583,0.0002922943385783583,0.02922943385783583
Herwig_plus,146,MUR1.0_MUF1.0_PDF26247,pdf,5,0.84,1.05,0.6589977741241455,0.659570574760437,1.0008691996525372,0.0008691996335983276,0.0008691996335983276,0.08691996335983276
Herwig_plus,146,MUR1.0_MUF1.0_PDF26247,pdf,6,1.05,1.37,0.6422200798988342,0.6428194046020508,1.0009332076681734,0.0009332076879218221,0.0009332076879218221,0.09332076879218221
Herwig_plus,146,MUR1.0_MUF1.0_PDF26247,pdf,7,1.37,1.52,0.7223036289215088,0.7230875492095947,1.0010853057588212,0.0010853057028725743,0.0010853057028725743,0.10853057028725743
Herwig_plus,146,MUR1.0_MUF1.0_PDF26247,pdf,8,1.52,1.74,0.6450952887535095,0.6453267931938171,1.0003588685956069,0.00035886859404854476,0.00035886859404854476,0.035886859404854476
Herwig_plus,146,MUR1.0_MUF1.0_PDF26247,pdf,9,1.74,1.95,0.6222162246704102,0.6228659152984619,1.0010441557167622,0.0010441556805744767,0.0010441556805744767,0.10441556805744767
Herwig_plus,146,MUR1.0_MUF1.0_PDF26247,pdf,10,1.95,2.18,0.6321878433227539,0.6301282048225403,0.9967420466527982,-0.003257953329011798,0.003257953329011798,-0.3257953329011798
Herwig_plus,146,MUR1.0_MUF1.0_PDF26247,pdf,11,2.18,2.5,0.6375429630279541,0.6356714963912964,0.9970645638879467,-0.002935436088591814,0.002935436088591814,-0.2935436088591814
Herwig_plus,147,MUR1.0_MUF1.0_PDF26248,pdf,1,0.0,0.21,0.665374219417572,0.6652636528015137,0.9998338279229467,-0.00016617207438685,0.00016617207438685,-0.016617207438685
Herwig_plus,147,MUR1.0_MUF1.0_PDF26248,pdf,2,0.21,0.42,0.6719119548797607,0.6718935370445251,0.9999725889157026,-2.741108437476214e-05,2.741108437476214e-05,-0.002741108437476214
Herwig_plus,147,MUR1.0_MUF1.0_PDF26248,pdf,3,0.42,0.63,0.6914249062538147,0.6915169954299927,1.0001331875310608,0.0001331875246251002,0.0001331875246251002,0.01331875246251002
Herwig_plus,147,MUR1.0_MUF1.0_PDF26248,pdf,4,0.63,0.84,0.6939395666122437,0.6941478252410889,1.000300110613179,0.000300110608804971,0.000300110608804971,0.030011060880497098
Herwig_plus,147,MUR1.0_MUF1.0_PDF26248,pdf,5,0.84,1.05,0.6589977741241455,0.659048318862915,1.0000766994074248,7.669940532650799e-05,7.669940532650799e-05,0.0076699405326507986
Herwig_plus,147,MUR1.0_MUF1.0_PDF26248,pdf,6,1.05,1.37,0.6422200798988342,0.6426805853843689,1.0007170524559232,0.0007170524331741035,0.0007170524331741035,0.07170524331741035
Herwig_plus,147,MUR1.0_MUF1.0_PDF26248,pdf,7,1.37,1.52,0.7223036289215088,0.7229897379875183,1.0009498900995888,0.0009498901199549437,0.0009498901199549437,0.09498901199549437
Herwig_plus,147,MUR1.0_MUF1.0_PDF26248,pdf,8,1.52,1.74,0.6450952887535095,0.6457552313804626,1.0010230157287745,0.0010230157058686018,0.0010230157058686018,0.10230157058686018
Herwig_plus,147,MUR1.0_MUF1.0_PDF26248,pdf,9,1.74,1.95,0.6222162246704102,0.6228885650634766,1.0010805574756951,0.0010805574711412191,0.0010805574711412191,0.10805574711412191
Herwig_plus,147,MUR1.0_MUF1.0_PDF26248,pdf,10,1.95,2.18,0.6321878433227539,0.6322637796401978,1.0001201166998794,0.00012011670332867652,0.00012011670332867652,0.012011670332867652
Herwig_plus,147,MUR1.0_MUF1.0_PDF26248,pdf,11,2.18,2.5,0.6375429630279541,0.6377966403961182,1.0003978984678292,0.00039789846050553024,0.00039789846050553024,0.039789846050553024
Herwig_plus,148,MUR1.0_MUF1.0_PDF26249,pdf,1,0.0,0.21,0.665374219417572,0.6656385660171509,1.000397290114141,0.00039729010313749313,0.00039729010313749313,0.03972901031374931
Herwig_plus,148,MUR1.0_MUF1.0_PDF26249,pdf,2,0.21,0.42,0.6719119548797607,0.6723306775093079,1.0006231807999637,0.0006231808220036328,0.0006231808220036328,0.06231808220036328
Herwig_plus,148,MUR1.0_MUF1.0_PDF26249,pdf,3,0.42,0.63,0.6914249062538147,0.6915249228477478,1.00014465286545,0.0001446528622182086,0.0001446528622182086,0.014465286221820861
Herwig_plus,148,MUR1.0_MUF1.0_PDF26249,pdf,4,0.63,0.84,0.6939395666122437,0.6942569613456726,1.0004573809430963,0.00045738095650449395,0.00045738095650449395,0.045738095650449395
Herwig_plus,148,MUR1.0_MUF1.0_PDF26249,pdf,5,0.84,1.05,0.6589977741241455,0.6594767570495605,1.0007268354222465,0.00072683539474383,0.00072683539474383,0.072683539474383
Herwig_plus,148,MUR1.0_MUF1.0_PDF26249,pdf,6,1.05,1.37,0.6422200798988342,0.6427610516548157,1.0008423463745741,0.0008423464023508132,0.0008423464023508132,0.08423464023508132
Herwig_plus,148,MUR1.0_MUF1.0_PDF26249,pdf,7,1.37,1.52,0.7223036289215088,0.7229044437408447,1.000831803683768,0.0008318036561831832,0.0008318036561831832,0.08318036561831832
Herwig_plus,148,MUR1.0_MUF1.0_PDF26249,pdf,8,1.52,1.74,0.6450952887535095,0.6454874873161316,1.0006079699688706,0.0006079699960537255,0.0006079699960537255,0.06079699960537255
Herwig_plus,148,MUR1.0_MUF1.0_PDF26249,pdf,9,1.74,1.95,0.6222162246704102,0.6226839423179626,1.0007516963219663,0.0007516962941735983,0.0007516962941735983,0.07516962941735983
Herwig_plus,148,MUR1.0_MUF1.0_PDF26249,pdf,10,1.95,2.18,0.6321878433227539,0.6304700970649719,0.9972828546516276,-0.0027171452529728413,0.0027171452529728413,-0.2717145252972841
Herwig_plus,148,MUR1.0_MUF1.0_PDF26249,pdf,11,2.18,2.5,0.6375429630279541,0.6359105706214905,0.9974395570163449,-0.0025604430120438337,0.0025604430120438337,-0.2560443012043834
Herwig_plus,149,MUR1.0_MUF1.0_PDF26250,pdf,1,0.0,0.21,0.665374219417572,0.6656131148338318,1.0003590391831967,0.0003590391715988517,0.0003590391715988517,0.03590391715988517
Herwig_plus,149,MUR1.0_MUF1.0_PDF26250,pdf,2,0.21,0.42,0.6719119548797607,0.6723002195358276,1.0005778504955107,0.0005778505001217127,0.0005778505001217127,0.05778505001217127
Herwig_plus,149,MUR1.0_MUF1.0_PDF26250,pdf,3,0.42,0.63,0.6914249062538147,0.6915150880813599,1.0001304289543658,0.00013042894715908915,0.00013042894715908915,0.013042894715908915
Herwig_plus,149,MUR1.0_MUF1.0_PDF26250,pdf,4,0.63,0.84,0.6939395666122437,0.6942295432090759,1.0004178701010635,0.00041787009104155004,0.00041787009104155004,0.041787009104155004
Herwig_plus,149,MUR1.0_MUF1.0_PDF26250,pdf,5,0.84,1.05,0.6589977741241455,0.6594109535217285,1.0006269814767312,0.0006269814912229776,0.0006269814912229776,0.06269814912229776
Herwig_plus,149,MUR1.0_MUF1.0_PDF26250,pdf,6,1.05,1.37,0.6422200798988342,0.6427456736564636,1.0008184013145653,0.0008184013422578573,0.0008184013422578573,0.08184013422578573
Herwig_plus,149,MUR1.0_MUF1.0_PDF26250,pdf,7,1.37,1.52,0.7223036289215088,0.722964882850647,1.0009154791733852,0.0009154791478067636,0.0009154791478067636,0.09154791478067636
Herwig_plus,149,MUR1.0_MUF1.0_PDF26250,pdf,8,1.52,1.74,0.6450952887535095,0.6454489231109619,1.0005481893351533,0.0005481893313117325,0.0005481893313117325,0.05481893313117325
Herwig_plus,149,MUR1.0_MUF1.0_PDF26250,pdf,9,1.74,1.95,0.6222162246704102,0.6227777600288391,1.000902476239231,0.000902476254850626,0.000902476254850626,0.0902476254850626
Herwig_plus,149,MUR1.0_MUF1.0_PDF26250,pdf,10,1.95,2.18,0.6321878433227539,0.6308451294898987,0.9978760840673588,-0.002123915823176503,0.002123915823176503,-0.21239158231765032
Herwig_plus,149,MUR1.0_MUF1.0_PDF26250,pdf,11,2.18,2.5,0.6375429630279541,0.636465311050415,0.998309679441177,-0.001690320554189384,0.001690320554189384,-0.1690320554189384
Herwig_plus,150,MUR1.0_MUF1.0_PDF26251,pdf,1,0.0,0.21,0.665374219417572,0.6656229496002197,1.000373819987894,0.00037381998845376074,0.00037381998845376074,0.037381998845376074
Herwig_plus,150,MUR1.0_MUF1.0_PDF26251,pdf,2,0.21,0.42,0.6719119548797607,0.6723133325576782,1.0005973664778585,0.0005973664810881019,0.0005973664810881019,0.059736648108810186
Herwig_plus,150,MUR1.0_MUF1.0_PDF26251,pdf,3,0.42,0.63,0.6914249062538147,0.6915187239646912,1.0001356874911909,0.0001356874854536727,0.0001356874854536727,0.01356874854536727
Herwig_plus,150,MUR1.0_MUF1.0_PDF26251,pdf,4,0.63,0.84,0.6939395666122437,0.6942409873008728,1.0004343615829554,0.000434361572843045,0.000434361572843045,0.0434361572843045
Herwig_plus,150,MUR1.0_MUF1.0_PDF26251,pdf,5,0.84,1.05,0.6589977741241455,0.6594409346580505,1.0006724765261825,0.0006724765407852829,0.0006724765407852829,0.06724765407852829
Herwig_plus,150,MUR1.0_MUF1.0_PDF26251,pdf,6,1.05,1.37,0.6422200798988342,0.6427522897720337,1.0008287032589875,0.0008287032833322883,0.0008287032833322883,0.08287032833322883
Herwig_plus,150,MUR1.0_MUF1.0_PDF26251,pdf,7,1.37,1.52,0.7223036289215088,0.7229380011558533,1.000878262560153,0.0008782625664025545,0.0008782625664025545,0.08782625664025545
Herwig_plus,150,MUR1.0_MUF1.0_PDF26251,pdf,8,1.52,1.74,0.6450952887535095,0.6454634070396423,1.0005706417215419,0.0005706417141482234,0.0005706417141482234,0.05706417141482234
Herwig_plus,150,MUR1.0_MUF1.0_PDF26251,pdf,9,1.74,1.95,0.6222162246704102,0.6227385401725769,1.0008394437198154,0.0008394437027163804,0.0008394437027163804,0.08394437027163804
Herwig_plus,150,MUR1.0_MUF1.0_PDF26251,pdf,10,1.95,2.18,0.6321878433227539,0.6306844353675842,0.9976218967652591,-0.0023781033232808113,0.0023781033232808113,-0.23781033232808113
Herwig_plus,150,MUR1.0_MUF1.0_PDF26251,pdf,11,2.18,2.5,0.6375429630279541,0.6362268924713135,0.9979357147157737,-0.002064285334199667,0.002064285334199667,-0.2064285334199667
Herwig_plus,151,MUR1.0_MUF1.0_PDF26252,pdf,1,0.0,0.21,0.665374219417572,0.6656225323677063,1.0003731929234523,0.00037319291732273996,0.00037319291732273996,0.037319291732273996
Herwig_plus,151,MUR1.0_MUF1.0_PDF26252,pdf,2,0.21,0.42,0.6719119548797607,0.6723135709762573,1.000597721313901,0.0005977213149890304,0.0005977213149890304,0.059772131498903036
Herwig_plus,151,MUR1.0_MUF1.0_PDF26252,pdf,3,0.42,0.63,0.6914249062538147,0.6915188431739807,1.0001358599022343,0.0001358598965452984,0.0001358598965452984,0.01358598965452984
Herwig_plus,151,MUR1.0_MUF1.0_PDF26252,pdf,4,0.63,0.84,0.6939395666122437,0.6942412257194519,1.000434705155495,0.00043470514356158674,0.00043470514356158674,0.043470514356158674
Herwig_plus,151,MUR1.0_MUF1.0_PDF26252,pdf,5,0.84,1.05,0.6589977741241455,0.659440815448761,1.0006722956313536,0.0006722956313751638,0.0006722956313751638,0.06722956313751638
Herwig_plus,151,MUR1.0_MUF1.0_PDF26252,pdf,6,1.05,1.37,0.6422200798988342,0.6427528262138367,1.0008295385517787,0.0008295385632663965,0.0008295385632663965,0.08295385632663965
Herwig_plus,151,MUR1.0_MUF1.0_PDF26252,pdf,7,1.37,1.52,0.7223036289215088,0.722937822341919,1.0008780149995329,0.0008780150092206895,0.0008780150092206895,0.08780150092206895
Herwig_plus,151,MUR1.0_MUF1.0_PDF26252,pdf,8,1.52,1.74,0.6450952887535095,0.6454636454582214,1.000571011308149,0.0005710113327950239,0.0005710113327950239,0.05710113327950239
Herwig_plus,151,MUR1.0_MUF1.0_PDF26252,pdf,9,1.74,1.95,0.6222162246704102,0.6227384209632874,1.0008392521316103,0.0008392521413043141,0.0008392521413043141,0.08392521413043141
Herwig_plus,151,MUR1.0_MUF1.0_PDF26252,pdf,10,1.95,2.18,0.6321878433227539,0.630683958530426,0.9976211425002678,-0.002378857461735606,0.002378857461735606,-0.23788574617356062
Herwig_plus,151,MUR1.0_MUF1.0_PDF26252,pdf,11,2.18,2.5,0.6375429630279541,0.6362270712852478,0.9979359951893177,-0.002064004773274064,0.002064004773274064,-0.2064004773274064
Herwig_plus,152,MUR1.0_MUF1.0_PDF26253,pdf,1,0.0,0.21,0.665374219417572,0.6656227707862854,1.0003735512459906,0.00037355124368332326,0.00037355124368332326,0.037355124368332326
Herwig_plus,152,MUR1.0_MUF1.0_PDF26253,pdf,2,0.21,0.42,0.6719119548797607,0.6723136305809021,1.0005978100229118,0.0005978100234642625,0.0005978100234642625,0.05978100234642625
Herwig_plus,152,MUR1.0_MUF1.0_PDF26253,pdf,3,0.42,0.63,0.6914249062538147,0.6915187239646912,1.0001356874911909,0.0001356874854536727,0.0001356874854536727,0.01356874854536727
Herwig_plus,152,MUR1.0_MUF1.0_PDF26253,pdf,4,0.63,0.84,0.6939395666122437,0.6942411661148071,1.00043461926236,0.0004346192581579089,0.0004346192581579089,0.04346192581579089
Herwig_plus,152,MUR1.0_MUF1.0_PDF26253,pdf,5,0.84,1.05,0.6589977741241455,0.6594407558441162,1.0006722051839392,0.0006722051766701043,0.0006722051766701043,0.06722051766701043
Herwig_plus,152,MUR1.0_MUF1.0_PDF26253,pdf,6,1.05,1.37,0.6422200798988342,0.6427526473999023,1.0008292601208484,0.0008292600978165865,0.0008292600978165865,0.08292600978165865
Herwig_plus,152,MUR1.0_MUF1.0_PDF26253,pdf,7,1.37,1.52,0.7223036289215088,0.7229381799697876,1.0008785101207733,0.0008785101235844195,0.0008785101235844195,0.08785101235844195
Herwig_plus,152,MUR1.0_MUF1.0_PDF26253,pdf,8,1.52,1.74,0.6450952887535095,0.6454635262489319,1.0005708265148454,0.0005708265234716237,0.0005708265234716237,0.057082652347162366
Herwig_plus,152,MUR1.0_MUF1.0_PDF26253,pdf,9,1.74,1.95,0.6222162246704102,0.622738242149353,1.000838964749303,0.0008389647700823843,0.0008389647700823843,0.08389647700823843
Herwig_plus,152,MUR1.0_MUF1.0_PDF26253,pdf,10,1.95,2.18,0.6321878433227539,0.6306837201118469,0.9976207653677721,-0.0023792346473783255,0.0023792346473783255,-0.23792346473783255
Herwig_plus,152,MUR1.0_MUF1.0_PDF26253,pdf,11,2.18,2.5,0.6375429630279541,0.6362271904945374,0.9979361821716805,-0.00206381781026721,0.00206381781026721,-0.206381781026721
Herwig_plus,153,MUR1.0_MUF1.0_PDF26254,pdf,1,0.0,0.21,0.665374219417572,0.6656234860420227,1.0003746262136048,0.0003746262227650732,0.0003746262227650732,0.03746262227650732
Herwig_plus,153,MUR1.0_MUF1.0_PDF26254,pdf,2,0.21,0.42,0.6719119548797607,0.672313392162323,1.000597455186869,0.000597455189563334,0.000597455189563334,0.0597455189563334
Herwig_plus,153,MUR1.0_MUF1.0_PDF26254,pdf,3,0.42,0.63,0.6914249062538147,0.6915189623832703,1.0001360323132777,0.0001360323076369241,0.0001360323076369241,0.013603230763692409
Herwig_plus,153,MUR1.0_MUF1.0_PDF26254,pdf,4,0.63,0.84,0.6939395666122437,0.6942413449287415,1.0004348769417646,0.00043487694347277284,0.00043487694347277284,0.043487694347277284
Herwig_plus,153,MUR1.0_MUF1.0_PDF26254,pdf,5,0.84,1.05,0.6589977741241455,0.6594405770301819,1.000671933841696,0.0006719338707625866,0.0006719338707625866,0.06719338707625866
Herwig_plus,153,MUR1.0_MUF1.0_PDF26254,pdf,6,1.05,1.37,0.6422200798988342,0.6427521109580994,1.0008284248280572,0.0008284248178824782,0.0008284248178824782,0.08284248178824782
Herwig_plus,153,MUR1.0_MUF1.0_PDF26254,pdf,7,1.37,1.52,0.7223036289215088,0.7229380011558533,1.000878262560153,0.0008782625664025545,0.0008782625664025545,0.08782625664025545
Herwig_plus,153,MUR1.0_MUF1.0_PDF26254,pdf,8,1.52,1.74,0.6450952887535095,0.6454634070396423,1.0005706417215419,0.0005706417141482234,0.0005706417141482234,0.05706417141482234
Herwig_plus,153,MUR1.0_MUF1.0_PDF26254,pdf,9,1.74,1.95,0.6222162246704102,0.622738778591156,1.000839826896225,0.0008398268837481737,0.0008398268837481737,0.08398268837481737
Herwig_plus,153,MUR1.0_MUF1.0_PDF26254,pdf,10,1.95,2.18,0.6321878433227539,0.6306840777397156,0.9976213310665156,-0.0023786688689142466,0.0023786688689142466,-0.23786688689142466
Herwig_plus,153,MUR1.0_MUF1.0_PDF26254,pdf,11,2.18,2.5,0.6375429630279541,0.6362269520759583,0.997935808206955,-0.002064191736280918,0.002064191736280918,-0.2064191736280918
Herwig_plus,154,MUR1.0_MUF1.0_PDF26255,pdf,1,0.0,0.21,0.665374219417572,0.6656246185302734,1.0003763282456608,0.0003763282438740134,0.0003763282438740134,0.03763282438740134
Herwig_plus,154,MUR1.0_MUF1.0_PDF26255,pdf,2,0.21,0.42,0.6719119548797607,0.6723148226737976,1.0005995842031252,0.000599584192968905,0.000599584192968905,0.0599584192968905
Herwig_plus,154,MUR1.0_MUF1.0_PDF26255,pdf,3,0.42,0.63,0.6914249062538147,0.6915203928947449,1.000138101245799,0.00013810124073643237,0.00013810124073643237,0.013810124073643237
Herwig_plus,154,MUR1.0_MUF1.0_PDF26255,pdf,4,0.63,0.84,0.6939395666122437,0.6942418217658997,1.0004355640868434,0.0004355640849098563,0.0004355640849098563,0.04355640849098563
Herwig_plus,154,MUR1.0_MUF1.0_PDF26255,pdf,5,0.84,1.05,0.6589977741241455,0.6594405770301819,1.000671933841696,0.0006719338707625866,0.0006719338707625866,0.06719338707625866
Herwig_plus,154,MUR1.0_MUF1.0_PDF26255,pdf,6,1.05,1.37,0.6422200798988342,0.6427514553070068,1.000827403914646,0.0008274039137177169,0.0008274039137177169,0.0827403913717717
Herwig_plus,154,MUR1.0_MUF1.0_PDF26255,pdf,7,1.37,1.52,0.7223036289215088,0.7229361534118652,1.0008757044337446,0.0008757044561207294,0.0008757044561207294,0.08757044561207294
Herwig_plus,154,MUR1.0_MUF1.0_PDF26255,pdf,8,1.52,1.74,0.6450952887535095,0.645464301109314,1.0005720276713188,0.000572027696762234,0.000572027696762234,0.0572027696762234
Herwig_plus,154,MUR1.0_MUF1.0_PDF26255,pdf,9,1.74,1.95,0.6222162246704102,0.6227357387542725,1.000834941397,0.0008349413983523846,0.0008349413983523846,0.08349413983523846
Herwig_plus,154,MUR1.0_MUF1.0_PDF26255,pdf,10,1.95,2.18,0.6321878433227539,0.6306829452514648,0.9976195396871611,-0.0023804602678865194,0.0023804602678865194,-0.23804602678865194
Herwig_plus,154,MUR1.0_MUF1.0_PDF26255,pdf,11,2.18,2.5,0.6375429630279541,0.6362254619598389,0.9979334709274214,-0.0020665291231125593,0.0020665291231125593,-0.20665291231125593
Herwig_plus,155,MUR1.0_MUF1.0_PDF26256,pdf,1,0.0,0.21,0.665374219417572,0.6656245589256287,1.0003762386650263,0.0003762386622838676,0.0003762386622838676,0.03762386622838676
Herwig_plus,155,MUR1.0_MUF1.0_PDF26256,pdf,2,0.21,0.42,0.6719119548797607,0.6723126769065857,1.000596390678741,0.0005963906878605485,0.0005963906878605485,0.05963906878605485
Herwig_plus,155,MUR1.0_MUF1.0_PDF26256,pdf,3,0.42,0.63,0.6914249062538147,0.6915201544761658,1.0001377564237122,0.000137756418553181,0.000137756418553181,0.0137756418553181
Herwig_plus,155,MUR1.0_MUF1.0_PDF26256,pdf,4,0.63,0.84,0.6939395666122437,0.6942415237426758,1.0004351346211693,0.00043513462878763676,0.00043513462878763676,0.043513462878763676
Herwig_plus,155,MUR1.0_MUF1.0_PDF26256,pdf,5,0.84,1.05,0.6589977741241455,0.6594405770301819,1.000671933841696,0.0006719338707625866,0.0006719338707625866,0.06719338707625866
Herwig_plus,155,MUR1.0_MUF1.0_PDF26256,pdf,6,1.05,1.37,0.6422200798988342,0.6427531242370605,1.0008300026033292,0.0008300025947391987,0.0008300025947391987,0.08300025947391987
Herwig_plus,155,MUR1.0_MUF1.0_PDF26256,pdf,7,1.37,1.52,0.7223036289215088,0.7229351997375488,1.000874384110437,0.0008743841317482293,0.0008743841317482293,0.08743841317482293
Herwig_plus,155,MUR1.0_MUF1.0_PDF26256,pdf,8,1.52,1.74,0.6450952887535095,0.6454627513885498,1.000569625358372,0.0005696253501810133,0.0005696253501810133,0.056962535018101335
Herwig_plus,155,MUR1.0_MUF1.0_PDF26256,pdf,9,1.74,1.95,0.6222162246704102,0.6227357387542725,1.000834941397,0.0008349413983523846,0.0008349413983523846,0.08349413983523846
Herwig_plus,155,MUR1.0_MUF1.0_PDF26256,pdf,10,1.95,2.18,0.6321878433227539,0.6306851506233215,0.9976230281627463,-0.0023769717663526535,0.0023769717663526535,-0.23769717663526535
Herwig_plus,155,MUR1.0_MUF1.0_PDF26256,pdf,11,2.18,2.5,0.6375429630279541,0.636228621006012,0.9979384259600329,-0.0020615740213543177,0.0020615740213543177,-0.20615740213543177
Herwig_plus,156,MUR1.0_MUF1.0_PDF26257,pdf,1,0.0,0.21,0.665374219417572,0.6656246781349182,1.0003764178262955,0.00037641782546415925,0.00037641782546415925,0.037641782546415925
Herwig_plus,156,MUR1.0_MUF1.0_PDF26257,pdf,2,0.21,0.42,0.6719119548797607,0.6723129153251648,1.0005967455147837,0.000596745521761477,0.000596745521761477,0.0596745521761477
Herwig_plus,156,MUR1.0_MUF1.0_PDF26257,pdf,3,0.42,0.63,0.6914249062538147,0.6915199160575867,1.0001374116016253,0.0001374115963699296,0.0001374115963699296,0.013741159636992961
Herwig_plus,156,MUR1.0_MUF1.0_PDF26257,pdf,4,0.63,0.84,0.6939395666122437,0.6942412853240967,1.0004347910486298,0.000434791058069095,0.000434791058069095,0.0434791058069095
Herwig_plus,156,MUR1.0_MUF1.0_PDF26257,pdf,5,0.84,1.05,0.6589977741241455,0.6594398617744446,1.0006708484727231,0.0006708484725095332,0.0006708484725095332,0.06708484725095332
Herwig_plus,156,MUR1.0_MUF1.0_PDF26257,pdf,6,1.05,1.37,0.6422200798988342,0.6427532434463501,1.0008301882239494,0.0008301882189698517,0.0008301882189698517,0.08301882189698517
Herwig_plus,156,MUR1.0_MUF1.0_PDF26257,pdf,7,1.37,1.52,0.7223036289215088,0.7229354977607727,1.0008747967114708,0.0008747967076487839,0.0008747967076487839,0.08747967076487839
Herwig_plus,156,MUR1.0_MUF1.0_PDF26257,pdf,8,1.52,1.74,0.6450952887535095,0.645462691783905,1.0005695329617201,0.0005695329746231437,0.0005695329746231437,0.05695329746231437
Herwig_plus,156,MUR1.0_MUF1.0_PDF26257,pdf,9,1.74,1.95,0.6222162246704102,0.6227362155914307,1.0008357077498196,0.0008357077604159713,0.0008357077604159713,0.08357077604159713
Herwig_plus,156,MUR1.0_MUF1.0_PDF26257,pdf,10,1.95,2.18,0.6321878433227539,0.6306851506233215,0.9976230281627463,-0.0023769717663526535,0.0023769717663526535,-0.23769717663526535
Herwig_plus,156,MUR1.0_MUF1.0_PDF26257,pdf,11,2.18,2.5,0.6375429630279541,0.6362285614013672,0.9979383324688516,-0.0020616676192730665,0.0020616676192730665,-0.20616676192730665
Herwig_plus,157,MUR1.0_MUF1.0_PDF26258,pdf,1,0.0,0.21,0.665374219417572,0.6656239628791809,1.000375342858681,0.00037534284638240933,0.00037534284638240933,0.03753428463824093
Herwig_plus,157,MUR1.0_MUF1.0_PDF26258,pdf,2,0.21,0.42,0.6719119548797607,0.6723124980926514,1.000596124551709,0.0005961245624348521,0.0005961245624348521,0.05961245624348521
Herwig_plus,157,MUR1.0_MUF1.0_PDF26258,pdf,3,0.42,0.63,0.6914249062538147,0.6915200352668762,1.0001375840126687,0.0001375840074615553,0.0001375840074615553,0.01375840074615553
Herwig_plus,157,MUR1.0_MUF1.0_PDF26258,pdf,4,0.63,0.84,0.6939395666122437,0.6942413449287415,1.0004348769417646,0.00043487694347277284,0.00043487694347277284,0.043487694347277284
Herwig_plus,157,MUR1.0_MUF1.0_PDF26258,pdf,5,0.84,1.05,0.6589977741241455,0.6594411134719849,1.0006727478684259,0.0006727478466928005,0.0006727478466928005,0.06727478466928005
Herwig_plus,157,MUR1.0_MUF1.0_PDF26258,pdf,6,1.05,1.37,0.6422200798988342,0.6427527666091919,1.0008294457414686,0.0008294457220472395,0.0008294457220472395,0.08294457220472395
Herwig_plus,157,MUR1.0_MUF1.0_PDF26258,pdf,7,1.37,1.52,0.7223036289215088,0.7229347825050354,1.0008738064689902,0.000873806478921324,0.000873806478921324,0.0873806478921324
Herwig_plus,157,MUR1.0_MUF1.0_PDF26258,pdf,8,1.52,1.74,0.6450952887535095,0.6454622149467468,1.0005687937885057,0.0005687937955372036,0.0005687937955372036,0.056879379553720355
Herwig_plus,157,MUR1.0_MUF1.0_PDF26258,pdf,9,1.74,1.95,0.6222162246704102,0.6227352619171143,1.0008341750441803,0.0008341750362887979,0.0008341750362887979,0.08341750362887979
Herwig_plus,157,MUR1.0_MUF1.0_PDF26258,pdf,10,1.95,2.18,0.6321878433227539,0.630685031414032,0.9976228395964984,-0.002377160359174013,0.002377160359174013,-0.2377160359174013
Herwig_plus,157,MUR1.0_MUF1.0_PDF26258,pdf,11,2.18,2.5,0.6375429630279541,0.6362282037734985,0.9979377715217634,-0.0020622285082936287,0.0020622285082936287,-0.20622285082936287
Herwig_plus,158,MUR1.0_MUF1.0_PDF26259,pdf,1,0.0,0.21,0.665374219417572,0.6656258702278137,1.0003782094389861,0.0003782094281632453,0.0003782094281632453,0.03782094281632453
Herwig_plus,158,MUR1.0_MUF1.0_PDF26259,pdf,2,0.21,0.42,0.6719119548797607,0.6723129749298096,1.0005968342237943,0.0005968342302367091,0.0005968342302367091,0.05968342302367091
Herwig_plus,158,MUR1.0_MUF1.0_PDF26259,pdf,3,0.42,0.63,0.6914249062538147,0.6915202140808105,1.000137842629234,0.00013784262409899384,0.00013784262409899384,0.013784262409899384
Herwig_plus,158,MUR1.0_MUF1.0_PDF26259,pdf,4,0.63,0.84,0.6939395666122437,0.6942417025566101,1.0004353923005738,0.0004353923141025007,0.0004353923141025007,0.04353923141025007
Herwig_plus,158,MUR1.0_MUF1.0_PDF26259,pdf,5,0.84,1.05,0.6589977741241455,0.6594396233558655,1.0006704866830654,0.000670486711896956,0.000670486711896956,0.0670486711896956
Herwig_plus,158,MUR1.0_MUF1.0_PDF26259,pdf,6,1.05,1.37,0.6422200798988342,0.6427549123764038,1.0008327869126326,0.0008327868999913335,0.0008327868999913335,0.08327868999913335
Herwig_plus,158,MUR1.0_MUF1.0_PDF26259,pdf,7,1.37,1.52,0.7223036289215088,0.722935676574707,1.0008750442720908,0.0008750442648306489,0.0008750442648306489,0.08750442648306489
Herwig_plus,158,MUR1.0_MUF1.0_PDF26259,pdf,8,1.52,1.74,0.6450952887535095,0.6454638838768005,1.0005713808947563,0.0005713808932341635,0.0005713808932341635,0.05713808932341635
Herwig_plus,158,MUR1.0_MUF1.0_PDF26259,pdf,9,1.74,1.95,0.6222162246704102,0.6227375864982605,1.000837911014176,0.0008379110367968678,0.0008379110367968678,0.08379110367968678
Herwig_plus,158,MUR1.0_MUF1.0_PDF26259,pdf,10,1.95,2.18,0.6321878433227539,0.6306854486465454,0.9976234995783658,-0.002376500517129898,0.002376500517129898,-0.2376500517129898
Herwig_plus,158,MUR1.0_MUF1.0_PDF26259,pdf,11,2.18,2.5,0.6375429630279541,0.6362304091453552,0.9979412306954735,-0.002058769343420863,0.002058769343420863,-0.20587693434208632
Herwig_plus,159,MUR1.0_MUF1.0_PDF26260,pdf,1,0.0,0.21,0.665374219417572,0.6656249165534973,1.0003767761488336,0.00037677615182474256,0.00037677615182474256,0.037677615182474256
Herwig_plus,159,MUR1.0_MUF1.0_PDF26260,pdf,2,0.21,0.42,0.6719119548797607,0.6723126769065857,1.000596390678741,0.0005963906878605485,0.0005963906878605485,0.05963906878605485
Herwig_plus,159,MUR1.0_MUF1.0_PDF26260,pdf,3,0.42,0.63,0.6914249062538147,0.691519021987915,1.0001361185187996,0.00013611851318273693,0.00013611851318273693,0.013611851318273693
Herwig_plus,159,MUR1.0_MUF1.0_PDF26260,pdf,4,0.63,0.84,0.6939395666122437,0.6942415237426758,1.0004351346211693,0.00043513462878763676,0.00043513462878763676,0.043513462878763676
Herwig_plus,159,MUR1.0_MUF1.0_PDF26260,pdf,5,0.84,1.05,0.6589977741241455,0.6594392657279968,1.000669943998579,0.0006699439836665988,0.0006699439836665988,0.06699439836665988
Herwig_plus,159,MUR1.0_MUF1.0_PDF26260,pdf,6,1.05,1.37,0.6422200798988342,0.6427529454231262,1.000829724172399,0.0008297241874970496,0.0008297241874970496,0.08297241874970496
Herwig_plus,159,MUR1.0_MUF1.0_PDF26260,pdf,7,1.37,1.52,0.7223036289215088,0.7229369878768921,1.0008768597166389,0.000876859703566879,0.000876859703566879,0.0876859703566879
Herwig_plus,159,MUR1.0_MUF1.0_PDF26260,pdf,8,1.52,1.74,0.6450952887535095,0.6454641222953796,1.0005717504813634,0.0005717504536733031,0.0005717504536733031,0.05717504536733031
Herwig_plus,159,MUR1.0_MUF1.0_PDF26260,pdf,9,1.74,1.95,0.6222162246704102,0.6227373480796814,1.0008375278377661,0.0008375278557650745,0.0008375278557650745,0.08375278557650745
Herwig_plus,159,MUR1.0_MUF1.0_PDF26260,pdf,10,1.95,2.18,0.6321878433227539,0.6306853890419006,0.997623405295242,-0.002376594813540578,0.002376594813540578,-0.2376594813540578
Herwig_plus,159,MUR1.0_MUF1.0_PDF26260,pdf,11,2.18,2.5,0.6375429630279541,0.6362279057502747,0.9979373040658567,-0.0020626960322260857,0.0020626960322260857,-0.20626960322260857
Herwig_plus,160,MUR1.0_MUF1.0_PDF26261,pdf,1,0.0,0.21,0.665374219417572,0.6656239032745361,1.0003752532780466,0.0003752532647922635,0.0003752532647922635,0.03752532647922635
Herwig_plus,160,MUR1.0_MUF1.0_PDF26261,pdf,2,0.21,0.42,0.6719119548797607,0.6723125576972961,1.0005962132607198,0.0005962132709100842,0.0005962132709100842,0.059621327091008425
Herwig_plus,160,MUR1.0_MUF1.0_PDF26261,pdf,3,0.42,0.63,0.6914249062538147,0.6915197968482971,1.0001372391905818,0.00013723918527830392,0.00013723918527830392,0.013723918527830392
Herwig_plus,160,MUR1.0_MUF1.0_PDF26261,pdf,4,0.63,0.84,0.6939395666122437,0.6942409873008728,1.0004343615829554,0.000434361572843045,0.000434361572843045,0.0434361572843045
Herwig_plus,160,MUR1.0_MUF1.0_PDF26261,pdf,5,0.84,1.05,0.6589977741241455,0.6594398617744446,1.0006708484727231,0.0006708484725095332,0.0006708484725095332,0.06708484725095332
Herwig_plus,160,MUR1.0_MUF1.0_PDF26261,pdf,6,1.05,1.37,0.6422200798988342,0.6427533626556396,1.0008303738445696,0.0008303738432005048,0.0008303738432005048,0.08303738432005048
Herwig_plus,160,MUR1.0_MUF1.0_PDF26261,pdf,7,1.37,1.52,0.7223036289215088,0.7229355573654175,1.0008748792316775,0.0008748792461119592,0.0008748792461119592,0.08748792461119592
Herwig_plus,160,MUR1.0_MUF1.0_PDF26261,pdf,8,1.52,1.74,0.6450952887535095,0.645462691783905,1.0005695329617201,0.0005695329746231437,0.0005695329746231437,0.05695329746231437
Herwig_plus,160,MUR1.0_MUF1.0_PDF26261,pdf,9,1.74,1.95,0.6222162246704102,0.6227364540100098,1.0008360909262293,0.0008360909414477646,0.0008360909414477646,0.08360909414477646
Herwig_plus,160,MUR1.0_MUF1.0_PDF26261,pdf,10,1.95,2.18,0.6321878433227539,0.6306851506233215,0.9976230281627463,-0.0023769717663526535,0.0023769717663526535,-0.23769717663526535
Herwig_plus,160,MUR1.0_MUF1.0_PDF26261,pdf,11,2.18,2.5,0.6375429630279541,0.6362282037734985,0.9979377715217634,-0.0020622285082936287,0.0020622285082936287,-0.20622285082936287
Herwig_plus,161,MUR1.0_MUF1.0_PDF26262,pdf,1,0.0,0.21,0.665374219417572,0.6656250357627869,1.0003769553101027,0.0003769553150050342,0.0003769553150050342,0.03769553150050342
Herwig_plus,161,MUR1.0_MUF1.0_PDF26262,pdf,2,0.21,0.42,0.6719119548797607,0.6723123788833618,1.0005959471336876,0.0005959471454843879,0.0005959471454843879,0.05959471454843879
Herwig_plus,161,MUR1.0_MUF1.0_PDF26262,pdf,3,0.42,0.63,0.6914249062538147,0.6915208101272583,1.0001387046844512,0.0001387046795571223,0.0001387046795571223,0.013870467955712229
Herwig_plus,161,MUR1.0_MUF1.0_PDF26262,pdf,4,0.63,0.84,0.6939395666122437,0.6942417621612549,1.0004354781937086,0.0004354781995061785,0.0004354781995061785,0.04354781995061785
Herwig_plus,161,MUR1.0_MUF1.0_PDF26262,pdf,5,0.84,1.05,0.6589977741241455,0.6594399213790894,1.0006709389201374,0.0006709389272145927,0.0006709389272145927,0.06709389272145927
Herwig_plus,161,MUR1.0_MUF1.0_PDF26262,pdf,6,1.05,1.37,0.6422200798988342,0.6427543759346008,1.0008319516198416,0.0008319516200572252,0.0008319516200572252,0.08319516200572252
Herwig_plus,161,MUR1.0_MUF1.0_PDF26262,pdf,7,1.37,1.52,0.7223036289215088,0.7229357361793518,1.0008751267922977,0.0008751268032938242,0.0008751268032938242,0.08751268032938242
Herwig_plus,161,MUR1.0_MUF1.0_PDF26262,pdf,8,1.52,1.74,0.6450952887535095,0.6454641222953796,1.0005717504813634,0.0005717504536733031,0.0005717504536733031,0.05717504536733031
Herwig_plus,161,MUR1.0_MUF1.0_PDF26262,pdf,9,1.74,1.95,0.6222162246704102,0.6227371096611023,1.0008371446613564,0.0008371446747332811,0.0008371446747332811,0.08371446747332811
Herwig_plus,161,MUR1.0_MUF1.0_PDF26262,pdf,10,1.95,2.18,0.6321878433227539,0.6306846737861633,0.9976222738977548,-0.002377726137638092,0.002377726137638092,-0.2377726137638092
Herwig_plus,161,MUR1.0_MUF1.0_PDF26262,pdf,11,2.18,2.5,0.6375429630279541,0.6362287402153015,0.9979386129423956,-0.0020613870583474636,0.0020613870583474636,-0.20613870583474636
Herwig_plus,162,MUR1.0_MUF1.0_PDF26400,pdf,1,0.0,0.21,0.665374219417572,0.6660849452018738,1.0010681594861368,0.0010681594721972942,0.0010681594721972942,0.10681594721972942
Herwig_plus,162,MUR1.0_MUF1.0_PDF26400,pdf,2,0.21,0.42,0.6719119548797607,0.6722734570503235,1.0005380201497196,0.0005380201619118452,0.0005380201619118452,0.05380201619118452
Herwig_plus,162,MUR1.0_MUF1.0_PDF26400,pdf,3,0.42,0.63,0.6914249062538147,0.6925075054168701,1.0015657508910418,0.0015657509211450815,0.0015657509211450815,0.15657509211450815
Herwig_plus,162,MUR1.0_MUF1.0_PDF26400,pdf,4,0.63,0.84,0.6939395666122437,0.6945609450340271,1.0008954359308506,0.0008954359218478203,0.0008954359218478203,0.08954359218478203
Herwig_plus,162,MUR1.0_MUF1.0_PDF26400,pdf,5,0.84,1.05,0.6589977741241455,0.6587416529655457,0.9996113474602547,-0.0003886525519192219,0.0003886525519192219,-0.03886525519192219
Herwig_plus,162,MUR1.0_MUF1.0_PDF26400,pdf,6,1.05,1.37,0.6422200798988342,0.6424621939659119,1.0003769954796737,0.0003769954782910645,0.0003769954782910645,0.03769954782910645
Herwig_plus,162,MUR1.0_MUF1.0_PDF26400,pdf,7,1.37,1.52,0.7223036289215088,0.7206494808197021,0.9977098992230228,-0.0022901007905602455,0.0022901007905602455,-0.22901007905602455
Herwig_plus,162,MUR1.0_MUF1.0_PDF26400,pdf,8,1.52,1.74,0.6450952887535095,0.6466352939605713,1.0023872522926611,0.00238725240342319,0.00238725240342319,0.238725240342319
Herwig_plus,162,MUR1.0_MUF1.0_PDF26400,pdf,9,1.74,1.95,0.6222162246704102,0.6201797723770142,0.9967270986955142,-0.00327290128916502,0.00327290128916502,-0.327290128916502
Herwig_plus,162,MUR1.0_MUF1.0_PDF26400,pdf,10,1.95,2.18,0.6321878433227539,0.6309451460838318,0.9980342911493038,-0.0019657087977975607,0.0019657087977975607,-0.19657087977975607
Herwig_plus,162,MUR1.0_MUF1.0_PDF26400,pdf,11,2.18,2.5,0.6375429630279541,0.6346585154533386,0.9954756812608894,-0.004524318967014551,0.004524318967014551,-0.4524318967014551
Herwig_plus,163,MUR1.0_MUF1.0_PDF26401,pdf,1,0.0,0.21,0.665374219417572,0.6660657525062561,1.0010393145218182,0.0010393145494163036,0.0010393145494163036,0.10393145494163036
Herwig_plus,163,MUR1.0_MUF1.0_PDF26401,pdf,2,0.21,0.42,0.6719119548797607,0.6722409725189209,1.0004896737389037,0.0004896737518720329,0.0004896737518720329,0.04896737518720329
Herwig_plus,163,MUR1.0_MUF1.0_PDF26401,pdf,3,0.42,0.63,0.6914249062538147,0.6924962401390076,1.0015494580474362,0.0015494580147787929,0.0015494580147787929,0.15494580147787929
Herwig_plus,163,MUR1.0_MUF1.0_PDF26401,pdf,4,0.63,0.84,0.6939395666122437,0.6945618987083435,1.0008968102210083,0.0008968102047219872,0.0008968102047219872,0.08968102047219872
Herwig_plus,163,MUR1.0_MUF1.0_PDF26401,pdf,5,0.84,1.05,0.6589977741241455,0.6587084531784058,0.9995609682504251,-0.0004390317481011152,0.0004390317481011152,-0.04390317481011152
Herwig_plus,163,MUR1.0_MUF1.0_PDF26401,pdf,6,1.05,1.37,0.6422200798988342,0.6424820423126221,1.000407901312941,0.00040790130151435733,0.00040790130151435733,0.04079013015143573
Herwig_plus,163,MUR1.0_MUF1.0_PDF26401,pdf,7,1.37,1.52,0.7223036289215088,0.7206763625144958,0.9977471158362549,-0.0022528842091560364,0.0022528842091560364,-0.22528842091560364
Herwig_plus,163,MUR1.0_MUF1.0_PDF26401,pdf,8,1.52,1.74,0.6450952887535095,0.6466947793960571,1.0024794641511616,0.0024794640485197306,0.0024794640485197306,0.24794640485197306
Herwig_plus,163,MUR1.0_MUF1.0_PDF26401,pdf,9,1.74,1.95,0.6222162246704102,0.6202614307403564,0.9968583366158779,-0.003141663270071149,0.003141663270071149,-0.3141663270071149
Herwig_plus,163,MUR1.0_MUF1.0_PDF26401,pdf,10,1.95,2.18,0.6321878433227539,0.6311022043228149,0.9982827271808441,-0.0017172727966681123,0.0017172727966681123,-0.17172727966681123
Herwig_plus,163,MUR1.0_MUF1.0_PDF26401,pdf,11,2.18,2.5,0.6375429630279541,0.634861946105957,0.9957947666628397,-0.004205233417451382,0.004205233417451382,-0.42052334174513817
Herwig_plus,164,MUR1.0_MUF1.0_PDF26402,pdf,1,0.0,0.21,0.665374219417572,0.6661112904548645,1.0011077541265991,0.0011077540693804622,0.0011077540693804622,0.11077540693804622
Herwig_plus,164,MUR1.0_MUF1.0_PDF26402,pdf,2,0.21,0.42,0.6719119548797607,0.6723133325576782,1.0005973664778585,0.0005973664810881019,0.0005973664810881019,0.059736648108810186
Herwig_plus,164,MUR1.0_MUF1.0_PDF26402,pdf,3,0.42,0.63,0.6914249062538147,0.6925203204154968,1.0015842850782122,0.0015842850552871823,0.0015842850552871823,0.15842850552871823
Herwig_plus,164,MUR1.0_MUF1.0_PDF26402,pdf,4,0.63,0.84,0.6939395666122437,0.6945598125457764,1.0008938039612882,0.0008938039536587894,0.0008938039536587894,0.08938039536587894
Herwig_plus,164,MUR1.0_MUF1.0_PDF26402,pdf,5,0.84,1.05,0.6589977741241455,0.6587812304496765,0.9996714045434268,-0.00032859545899555087,0.00032859545899555087,-0.03285954589955509
Herwig_plus,164,MUR1.0_MUF1.0_PDF26402,pdf,6,1.05,1.37,0.6422200798988342,0.6424384117126465,1.0003399641659392,0.00033996417187154293,0.00033996417187154293,0.03399641718715429
Herwig_plus,164,MUR1.0_MUF1.0_PDF26402,pdf,7,1.37,1.52,0.7223036289215088,0.7206172347068787,0.9976652557911856,-0.002334744203835726,0.002334744203835726,-0.23347442038357258
Herwig_plus,164,MUR1.0_MUF1.0_PDF26402,pdf,8,1.52,1.74,0.6450952887535095,0.6465670466423035,1.0022814581263455,0.002281458117067814,0.002281458117067814,0.2281458117067814
Herwig_plus,164,MUR1.0_MUF1.0_PDF26402,pdf,9,1.74,1.95,0.6222162246704102,0.6200838088989258,0.9965728701905613,-0.003427129704505205,0.003427129704505205,-0.3427129704505205
Herwig_plus,164,MUR1.0_MUF1.0_PDF26402,pdf,10,1.95,2.18,0.6321878433227539,0.6307591795921326,0.9977401278026602,-0.00225987215526402,0.00225987215526402,-0.225987215526402
Herwig_plus,164,MUR1.0_MUF1.0_PDF26402,pdf,11,2.18,2.5,0.6375429630279541,0.6344180703163147,0.9950985378353201,-0.004901462234556675,0.004901462234556675,-0.4901462234556675
Herwig_plus,165,MUR1.0_MUF1.0_PDF26403,pdf,1,0.0,0.21,0.665374219417572,0.6660786271095276,1.0010586639388765,0.0010586639400571585,0.0010586639400571585,0.10586639400571585
Herwig_plus,165,MUR1.0_MUF1.0_PDF26403,pdf,2,0.21,0.42,0.6719119548797607,0.672269344329834,1.0005318992279832,0.0005318992189131677,0.0005318992189131677,0.05318992189131677
Herwig_plus,165,MUR1.0_MUF1.0_PDF26403,pdf,3,0.42,0.63,0.6914249062538147,0.6925012469291687,1.001556699311261,0.0015566992806270719,0.0015566992806270719,0.15566992806270719
Herwig_plus,165,MUR1.0_MUF1.0_PDF26403,pdf,4,0.63,0.84,0.6939395666122437,0.6945553421974182,1.0008873619761742,0.0008873619954101741,0.0008873619954101741,0.08873619954101741
Herwig_plus,165,MUR1.0_MUF1.0_PDF26403,pdf,5,0.84,1.05,0.6589977741241455,0.658739447593689,0.9996080009059213,-0.00039199908496811986,0.00039199908496811986,-0.039199908496811986
Herwig_plus,165,MUR1.0_MUF1.0_PDF26403,pdf,6,1.05,1.37,0.6422200798988342,0.6424587965011597,1.0003717052919974,0.00037170530413277447,0.00037170530413277447,0.03717053041327745
Herwig_plus,165,MUR1.0_MUF1.0_PDF26403,pdf,7,1.37,1.52,0.7223036289215088,0.7206518054008484,0.9977131175110849,-0.002286882372573018,0.002286882372573018,-0.2286882372573018
Herwig_plus,165,MUR1.0_MUF1.0_PDF26403,pdf,8,1.52,1.74,0.6450952887535095,0.6466287970542908,1.0023771810576145,0.0023771810811012983,0.0023771810811012983,0.23771810811012983
Herwig_plus,165,MUR1.0_MUF1.0_PDF26403,pdf,9,1.74,1.95,0.6222162246704102,0.6201747059822083,0.9967189561968055,-0.003281043842434883,0.003281043842434883,-0.3281043842434883
Herwig_plus,165,MUR1.0_MUF1.0_PDF26403,pdf,10,1.95,2.18,0.6321878433227539,0.6309412121772766,0.9980280684631248,-0.001971931429579854,0.001971931429579854,-0.1971931429579854
Herwig_plus,165,MUR1.0_MUF1.0_PDF26403,pdf,11,2.18,2.5,0.6375429630279541,0.6346595287322998,0.9954772706109724,-0.0045227291993796825,0.0045227291993796825,-0.45227291993796825
Herwig_plus,166,MUR1.0_MUF1.0_PDF26404,pdf,1,0.0,0.21,0.665374219417572,0.6660958528518677,1.0010845527422558,0.0010845527285709977,0.0010845527285709977,0.10845527285709977
Herwig_plus,166,MUR1.0_MUF1.0_PDF26404,pdf,2,0.21,0.42,0.6719119548797607,0.6722804307937622,1.000548399103968,0.0005483991117216647,0.0005483991117216647,0.05483991117216647
Herwig_plus,166,MUR1.0_MUF1.0_PDF26404,pdf,3,0.42,0.63,0.6914249062538147,0.6925169825553894,1.0015794575689956,0.001579457544721663,0.001579457544721663,0.1579457544721663
Herwig_plus,166,MUR1.0_MUF1.0_PDF26404,pdf,4,0.63,0.84,0.6939395666122437,0.6945669054985046,1.000904025244336,0.0009040252189151943,0.0009040252189151943,0.09040252189151943
Herwig_plus,166,MUR1.0_MUF1.0_PDF26404,pdf,5,0.84,1.05,0.6589977741241455,0.6587451100349426,0.9996165934102909,-0.00038340658647939563,0.00038340658647939563,-0.03834065864793956
Herwig_plus,166,MUR1.0_MUF1.0_PDF26404,pdf,6,1.05,1.37,0.6422200798988342,0.6424664855003357,1.0003836778220019,0.0003836778341792524,0.0003836778341792524,0.03836778341792524
Herwig_plus,166,MUR1.0_MUF1.0_PDF26404,pdf,7,1.37,1.52,0.7223036289215088,0.7206482291221619,0.9977081662986815,-0.0022918337490409613,0.0022918337490409613,-0.22918337490409613
Herwig_plus,166,MUR1.0_MUF1.0_PDF26404,pdf,8,1.52,1.74,0.6450952887535095,0.646648645401001,1.0024079491426654,0.00240794918499887,0.00240794918499887,0.240794918499887
Herwig_plus,166,MUR1.0_MUF1.0_PDF26404,pdf,9,1.74,1.95,0.6222162246704102,0.6201870441436768,0.9967387855760138,-0.003261214355006814,0.003261214355006814,-0.3261214355006814
Herwig_plus,166,MUR1.0_MUF1.0_PDF26404,pdf,10,1.95,2.18,0.6321878433227539,0.6309490203857422,0.9980404195523588,-0.001959580462425947,0.001959580462425947,-0.19595804624259472
Herwig_plus,166,MUR1.0_MUF1.0_PDF26404,pdf,11,2.18,2.5,0.6375429630279541,0.6346593499183655,0.9954769901374283,-0.004523009993135929,0.004523009993135929,-0.4523009993135929
Herwig_plus,167,MUR1.0_MUF1.0_PDF26405,pdf,1,0.0,0.21,0.665374219417572,0.6660887002944946,1.0010738030661122,0.0010738030541688204,0.0010738030541688204,0.10738030541688204
Herwig_plus,167,MUR1.0_MUF1.0_PDF26405,pdf,2,0.21,0.42,0.6719119548797607,0.6722959876060486,1.0005715521557532,0.0005715521401725709,0.0005715521401725709,0.057155214017257094
Herwig_plus,167,MUR1.0_MUF1.0_PDF26405,pdf,3,0.42,0.63,0.6914249062538147,0.6925112009048462,1.0015710956333885,0.001571095664985478,0.001571095664985478,0.1571095664985478
Herwig_plus,167,MUR1.0_MUF1.0_PDF26405,pdf,4,0.63,0.84,0.6939395666122437,0.6945640444755554,1.000899902373863,0.0008999023702926934,0.0008999023702926934,0.08999023702926934
Herwig_plus,167,MUR1.0_MUF1.0_PDF26405,pdf,5,0.84,1.05,0.6589977741241455,0.6587885022163391,0.9996824391279856,-0.0003175608580932021,0.0003175608580932021,-0.03175608580932021
Herwig_plus,167,MUR1.0_MUF1.0_PDF26405,pdf,6,1.05,1.37,0.6422200798988342,0.642462968826294,1.0003782020137053,0.00037820200668647885,0.00037820200668647885,0.037820200668647885
Herwig_plus,167,MUR1.0_MUF1.0_PDF26405,pdf,7,1.37,1.52,0.7223036289215088,0.7206717133522034,0.9977406792601304,-0.0022593208122998476,0.0022593208122998476,-0.22593208122998476
Herwig_plus,167,MUR1.0_MUF1.0_PDF26405,pdf,8,1.52,1.74,0.6450952887535095,0.6465978622436523,1.0023292271953284,0.0023292272817343473,0.0023292272817343473,0.23292272817343473
Herwig_plus,167,MUR1.0_MUF1.0_PDF26405,pdf,9,1.74,1.95,0.6222162246704102,0.6201499700546265,0.9966792016442866,-0.0033207982778549194,0.0033207982778549194,-0.33207982778549194
Herwig_plus,167,MUR1.0_MUF1.0_PDF26405,pdf,10,1.95,2.18,0.6321878433227539,0.6308265328407288,0.9978466677326945,-0.002153332345187664,0.002153332345187664,-0.2153332345187664
Herwig_plus,167,MUR1.0_MUF1.0_PDF26405,pdf,11,2.18,2.5,0.6375429630279541,0.6344895958900452,0.9952107272529411,-0.004789272788912058,0.004789272788912058,-0.4789272788912058
Herwig_plus,168,MUR1.0_MUF1.0_PDF26406,pdf,1,0.0,0.21,0.665374219417572,0.666081428527832,1.0010628742286996,0.0010628742165863514,0.0010628742165863514,0.10628742165863514
Herwig_plus,168,MUR1.0_MUF1.0_PDF26406,pdf,2,0.21,0.42,0.6719119548797607,0.672225296497345,1.0004663432690974,0.0004663432773668319,0.0004663432773668319,0.04663432773668319
Herwig_plus,168,MUR1.0_MUF1.0_PDF26406,pdf,3,0.42,0.63,0.6914249062538147,0.6925011277198792,1.0015565269002176,0.0015565268695354462,0.0015565268695354462,0.15565268695354462
Herwig_plus,168,MUR1.0_MUF1.0_PDF26406,pdf,4,0.63,0.84,0.6939395666122437,0.6945513486862183,1.000881607136139,0.0008816071203909814,0.0008816071203909814,0.08816071203909814
Herwig_plus,168,MUR1.0_MUF1.0_PDF26406,pdf,5,0.84,1.05,0.6589977741241455,0.6586483716964722,0.9994697972566937,-0.0005302027566358447,0.0005302027566358447,-0.05302027566358447
Herwig_plus,168,MUR1.0_MUF1.0_PDF26406,pdf,6,1.05,1.37,0.6422200798988342,0.6424632668495178,1.0003786660652558,0.00037866606726311147,0.00037866606726311147,0.03786660672631115
Herwig_plus,168,MUR1.0_MUF1.0_PDF26406,pdf,7,1.37,1.52,0.7223036289215088,0.7206052541732788,0.9976486692296342,-0.002351330826058984,0.002351330826058984,-0.23513308260589838
Herwig_plus,168,MUR1.0_MUF1.0_PDF26406,pdf,8,1.52,1.74,0.6450952887535095,0.6467157602310181,1.0025119877725968,0.0025119876954704523,0.0025119876954704523,0.25119876954704523
Herwig_plus,168,MUR1.0_MUF1.0_PDF26406,pdf,9,1.74,1.95,0.6222162246704102,0.6202439665794373,0.9968302689438585,-0.003169731004163623,0.003169731004163623,-0.3169731004163623
Herwig_plus,168,MUR1.0_MUF1.0_PDF26406,pdf,10,1.95,2.18,0.6321878433227539,0.6311835646629333,0.9984114236450007,-0.0015885763568803668,0.0015885763568803668,-0.15885763568803668
Herwig_plus,168,MUR1.0_MUF1.0_PDF26406,pdf,11,2.18,2.5,0.6375429630279541,0.635002851486206,0.9960157798155531,-0.003984220325946808,0.003984220325946808,-0.3984220325946808
Herwig_plus,169,MUR1.0_MUF1.0_PDF26407,pdf,1,0.0,0.21,0.665374219417572,0.6660364866256714,1.000995330430264,0.0009953303961083293,0.0009953303961083293,0.09953303961083293
Herwig_plus,169,MUR1.0_MUF1.0_PDF26407,pdf,2,0.21,0.42,0.6719119548797607,0.6722462177276611,1.000497480131843,0.0004974801559001207,0.0004974801559001207,0.049748015590012074
Herwig_plus,169,MUR1.0_MUF1.0_PDF26407,pdf,3,0.42,0.63,0.6914249062538147,0.6924466490745544,1.0014777350533635,0.0014777350006625056,0.0014777350006625056,0.14777350006625056
Herwig_plus,169,MUR1.0_MUF1.0_PDF26407,pdf,4,0.63,0.84,0.6939395666122437,0.6945179104804993,1.000833421087486,0.0008334210724569857,0.0008334210724569857,0.08334210724569857
Herwig_plus,169,MUR1.0_MUF1.0_PDF26407,pdf,5,0.84,1.05,0.6589977741241455,0.6587474942207336,0.9996202113068674,-0.00037978868931531906,0.00037978868931531906,-0.037978868931531906
Herwig_plus,169,MUR1.0_MUF1.0_PDF26407,pdf,6,1.05,1.37,0.6422200798988342,0.6424349546432495,1.0003345811679527,0.0003345811564940959,0.0003345811564940959,0.03345811564940959
Herwig_plus,169,MUR1.0_MUF1.0_PDF26407,pdf,7,1.37,1.52,0.7223036289215088,0.7206571102142334,0.9977204618094833,-0.002279538195580244,0.002279538195580244,-0.2279538195580244
Herwig_plus,169,MUR1.0_MUF1.0_PDF26407,pdf,8,1.52,1.74,0.6450952887535095,0.6465548872947693,1.0022626092093776,0.002262609312310815,0.002262609312310815,0.22626093123108149
Herwig_plus,169,MUR1.0_MUF1.0_PDF26407,pdf,9,1.74,1.95,0.6222162246704102,0.6201605796813965,0.9966962529945237,-0.0033037469256669283,0.0033037469256669283,-0.33037469256669283
Herwig_plus,169,MUR1.0_MUF1.0_PDF26407,pdf,10,1.95,2.18,0.6321878433227539,0.6308677792549133,0.99791191165445,-0.002088088309392333,0.002088088309392333,-0.2088088309392333
Herwig_plus,169,MUR1.0_MUF1.0_PDF26407,pdf,11,2.18,2.5,0.6375429630279541,0.6345664262771606,0.9953312373857024,-0.004668762441724539,0.004668762441724539,-0.4668762441724539
Herwig_plus,170,MUR1.0_MUF1.0_PDF26408,pdf,1,0.0,0.21,0.665374219417572,0.6661381721496582,1.001148154992772,0.0011481549590826035,0.0011481549590826035,0.11481549590826035
Herwig_plus,170,MUR1.0_MUF1.0_PDF26408,pdf,2,0.21,0.42,0.6719119548797607,0.6723007559776306,1.0005786488766069,0.0005786488763988018,0.0005786488763988018,0.05786488763988018
Herwig_plus,170,MUR1.0_MUF1.0_PDF26408,pdf,3,0.42,0.63,0.6914249062538147,0.6925714612007141,1.00165824941585,0.0016582494135946035,0.0016582494135946035,0.16582494135946035
Herwig_plus,170,MUR1.0_MUF1.0_PDF26408,pdf,4,0.63,0.84,0.6939395666122437,0.6946037411689758,1.0009571072016756,0.0009571072296239436,0.0009571072296239436,0.09571072296239436
Herwig_plus,170,MUR1.0_MUF1.0_PDF26408,pdf,5,0.84,1.05,0.6589977741241455,0.658735454082489,0.9996019409291554,-0.00039805908454582095,0.00039805908454582095,-0.039805908454582095
Herwig_plus,170,MUR1.0_MUF1.0_PDF26408,pdf,6,1.05,1.37,0.6422200798988342,0.6424920558929443,1.0004234934450398,0.00042349344585090876,0.00042349344585090876,0.042349344585090876
Herwig_plus,170,MUR1.0_MUF1.0_PDF26408,pdf,7,1.37,1.52,0.7223036289215088,0.7206414341926575,0.9976987589951152,-0.002301241038367152,0.002301241038367152,-0.23012410383671522
Herwig_plus,170,MUR1.0_MUF1.0_PDF26408,pdf,8,1.52,1.74,0.6450952887535095,0.6467236876487732,1.0025242765272866,0.0025242764968425035,0.0025242764968425035,0.25242764968425035
Herwig_plus,170,MUR1.0_MUF1.0_PDF26408,pdf,9,1.74,1.95,0.6222162246704102,0.620199978351593,0.9967595728962465,-0.003240427002310753,0.003240427002310753,-0.3240427002310753
Herwig_plus,170,MUR1.0_MUF1.0_PDF26408,pdf,10,1.95,2.18,0.6321878433227539,0.6310265064239502,0.9981629876134603,-0.0018370123580098152,0.0018370123580098152,-0.18370123580098152
Herwig_plus,170,MUR1.0_MUF1.0_PDF26408,pdf,11,2.18,2.5,0.6375429630279541,0.6347586512565613,0.9956327464455588,-0.004367253743112087,0.004367253743112087,-0.4367253743112087
Herwig_plus,171,MUR1.0_MUF1.0_PDF26409,pdf,1,0.0,0.21,0.665374219417572,0.6659678816795349,1.0008922231199198,0.0008922230917960405,0.0008922230917960405,0.08922230917960405
Herwig_plus,171,MUR1.0_MUF1.0_PDF26409,pdf,2,0.21,0.42,0.6719119548797607,0.6721968054771423,1.0004239403619966,0.00042394036427140236,0.00042394036427140236,0.042394036427140236
Herwig_plus,171,MUR1.0_MUF1.0_PDF26409,pdf,3,0.42,0.63,0.6914249062538147,0.6923250555992126,1.00130187578905,0.0013018758036196232,0.0013018758036196232,0.13018758036196232
Herwig_plus,171,MUR1.0_MUF1.0_PDF26409,pdf,4,0.63,0.84,0.6939395666122437,0.6944608092308044,1.0007511354642962,0.000751135463360697,0.000751135463360697,0.0751135463360697
Herwig_plus,171,MUR1.0_MUF1.0_PDF26409,pdf,5,0.84,1.05,0.6589977741241455,0.6587109565734863,0.9995647670418305,-0.00043523297063075006,0.00043523297063075006,-0.043523297063075006
Herwig_plus,171,MUR1.0_MUF1.0_PDF26409,pdf,6,1.05,1.37,0.6422200798988342,0.6424560546875,1.0003674360177324,0.0003674360050354153,0.0003674360050354153,0.03674360050354153
Herwig_plus,171,MUR1.0_MUF1.0_PDF26409,pdf,7,1.37,1.52,0.7223036289215088,0.7208186984062195,0.9979441740899094,-0.002055825898423791,0.002055825898423791,-0.2055825898423791
Herwig_plus,171,MUR1.0_MUF1.0_PDF26409,pdf,8,1.52,1.74,0.6450952887535095,0.6464561223983765,1.0021095079573383,0.002109508030116558,0.002109508030116558,0.2109508030116558
Herwig_plus,171,MUR1.0_MUF1.0_PDF26409,pdf,9,1.74,1.95,0.6222162246704102,0.6203794479370117,0.9970480089387392,-0.002951991045847535,0.002951991045847535,-0.2951991045847535
Herwig_plus,171,MUR1.0_MUF1.0_PDF26409,pdf,10,1.95,2.18,0.6321878433227539,0.6311042308807373,0.9982859328070575,-0.0017140671843662858,0.0017140671843662858,-0.17140671843662858
Herwig_plus,171,MUR1.0_MUF1.0_PDF26409,pdf,11,2.18,2.5,0.6375429630279541,0.6350349187850952,0.9960660780711199,-0.003933921921998262,0.003933921921998262,-0.39339219219982624
Herwig_plus,172,MUR1.0_MUF1.0_PDF26410,pdf,1,0.0,0.21,0.665374219417572,0.6661858558654785,1.0012198195003963,0.0012198195327073336,0.0012198195327073336,0.12198195327073336
Herwig_plus,172,MUR1.0_MUF1.0_PDF26410,pdf,2,0.21,0.42,0.6719119548797607,0.6723380088806152,1.0006340920082761,0.000634092022664845,0.000634092022664845,0.0634092022664845
Herwig_plus,172,MUR1.0_MUF1.0_PDF26410,pdf,3,0.42,0.63,0.6914249062538147,0.6926578879356384,1.0017832474223471,0.0017832474550232291,0.0017832474550232291,0.1783247455023229
Herwig_plus,172,MUR1.0_MUF1.0_PDF26410,pdf,4,0.63,0.84,0.6939395666122437,0.6946442723274231,1.0010155145333761,0.0010155144846066833,0.0010155144846066833,0.10155144846066833
Herwig_plus,172,MUR1.0_MUF1.0_PDF26410,pdf,5,0.84,1.05,0.6589977741241455,0.6587677597999573,0.9996509634277688,-0.00034903656342066824,0.00034903656342066824,-0.034903656342066824
Herwig_plus,172,MUR1.0_MUF1.0_PDF26410,pdf,6,1.05,1.37,0.6422200798988342,0.6424682140350342,1.0003863693209951,0.00038636932731606066,0.00038636932731606066,0.038636932731606066
Herwig_plus,172,MUR1.0_MUF1.0_PDF26410,pdf,7,1.37,1.52,0.7223036289215088,0.7205053567886353,0.9975103653631665,-0.002489634556695819,0.002489634556695819,-0.2489634556695819
Herwig_plus,172,MUR1.0_MUF1.0_PDF26410,pdf,8,1.52,1.74,0.6450952887535095,0.6467878818511963,1.0026237877212796,0.0026237876154482365,0.0026237876154482365,0.26237876154482365
Herwig_plus,172,MUR1.0_MUF1.0_PDF26410,pdf,9,1.74,1.95,0.6222162246704102,0.6200128793716431,0.9964588752086395,-0.003541124751791358,0.003541124751791358,-0.3541124751791358
Herwig_plus,172,MUR1.0_MUF1.0_PDF26410,pdf,10,1.95,2.18,0.6321878433227539,0.6308084726333618,0.9978180999461455,-0.002181899966672063,0.002181899966672063,-0.2181899966672063
Herwig_plus,172,MUR1.0_MUF1.0_PDF26410,pdf,11,2.18,2.5,0.6375429630279541,0.6343380808830261,0.9949730726699474,-0.005026927217841148,0.005026927217841148,-0.5026927217841148
Herwig_plus,173,MUR1.0_MUF1.0_PDF26411,pdf,1,0.0,0.21,0.665374219417572,0.6662696003913879,1.001345680291911,0.0013456803280860186,0.0013456803280860186,0.13456803280860186
Herwig_plus,173,MUR1.0_MUF1.0_PDF26411,pdf,2,0.21,0.42,0.6719119548797607,0.6723451614379883,1.0006447370895568,0.0006447370979003608,0.0006447370979003608,0.06447370979003608
Herwig_plus,173,MUR1.0_MUF1.0_PDF26411,pdf,3,0.42,0.63,0.6914249062538147,0.6928122043609619,1.002006433518086,0.0020064334385097027,0.0020064334385097027,0.20064334385097027
Herwig_plus,173,MUR1.0_MUF1.0_PDF26411,pdf,4,0.63,0.84,0.6939395666122437,0.694719135761261,1.0011233963107524,0.00112339633051306,0.00112339633051306,0.11233963305130601
Herwig_plus,173,MUR1.0_MUF1.0_PDF26411,pdf,5,0.84,1.05,0.6589977741241455,0.658728301525116,0.9995910872394255,-0.0004089127469342202,0.0004089127469342202,-0.04089127469342202
Herwig_plus,173,MUR1.0_MUF1.0_PDF26411,pdf,6,1.05,1.37,0.6422200798988342,0.642429530620575,1.0003261354297326,0.000326135428622365,0.000326135428622365,0.0326135428622365
Herwig_plus,173,MUR1.0_MUF1.0_PDF26411,pdf,7,1.37,1.52,0.7223036289215088,0.7200857996940613,0.9969295056280432,-0.003070494392886758,0.003070494392886758,-0.3070494392886758
Herwig_plus,173,MUR1.0_MUF1.0_PDF26411,pdf,8,1.52,1.74,0.6450952887535095,0.6470470428466797,1.0030255283633236,0.0030255282763391733,0.0030255282763391733,0.30255282763391733
Herwig_plus,173,MUR1.0_MUF1.0_PDF26411,pdf,9,1.74,1.95,0.6222162246704102,0.6196072697639465,0.9958069963414317,-0.0041930037550628185,0.0041930037550628185,-0.41930037550628185
Herwig_plus,173,MUR1.0_MUF1.0_PDF26411,pdf,10,1.95,2.18,0.6321878433227539,0.6302393078804016,0.996917790395793,-0.003082209499552846,0.003082209499552846,-0.3082209499552846
Herwig_plus,173,MUR1.0_MUF1.0_PDF26411,pdf,11,2.18,2.5,0.6375429630279541,0.6332971453666687,0.9933403426788365,-0.0066596572287380695,0.0066596572287380695,-0.665965722873807
Herwig_plus,174,MUR1.0_MUF1.0_PDF26412,pdf,1,0.0,0.21,0.665374219417572,0.6659190654754639,1.0008188565802396,0.0008188565843738616,0.0008188565843738616,0.08188565843738616
Herwig_plus,174,MUR1.0_MUF1.0_PDF26412,pdf,2,0.21,0.42,0.6719119548797607,0.6722070574760437,1.0004391983118321,0.0004391983093228191,0.0004391983093228191,0.04391983093228191
Herwig_plus,174,MUR1.0_MUF1.0_PDF26412,pdf,3,0.42,0.63,0.6914249062538147,0.6922268271446228,1.0011598090892515,0.0011598090641200542,0.0011598090641200542,0.11598090641200542
Herwig_plus,174,MUR1.0_MUF1.0_PDF26412,pdf,4,0.63,0.84,0.6939395666122437,0.6944147944450378,1.0006848259641892,0.000684825936332345,0.000684825936332345,0.0684825936332345
Herwig_plus,174,MUR1.0_MUF1.0_PDF26412,pdf,5,0.84,1.05,0.6589977741241455,0.6587547063827515,0.9996311554440118,-0.00036884454311802983,0.00036884454311802983,-0.03688445431180298
Herwig_plus,174,MUR1.0_MUF1.0_PDF26412,pdf,6,1.05,1.37,0.6422200798988342,0.6424927115440369,1.0004245143584511,0.00042451435001567006,0.00042451435001567006,0.042451435001567006
Herwig_plus,174,MUR1.0_MUF1.0_PDF26412,pdf,7,1.37,1.52,0.7223036289215088,0.721160888671875,0.9984179225967063,-0.0015820773551240563,0.0015820773551240563,-0.15820773551240563
Herwig_plus,174,MUR1.0_MUF1.0_PDF26412,pdf,8,1.52,1.74,0.6450952887535095,0.646265983581543,1.0018147626380833,0.0018147625960409641,0.0018147625960409641,0.1814762596040964
Herwig_plus,174,MUR1.0_MUF1.0_PDF26412,pdf,9,1.74,1.95,0.6222162246704102,0.620693027973175,0.9975519817117563,-0.0024480181746184826,0.0024480181746184826,-0.24480181746184826
Herwig_plus,174,MUR1.0_MUF1.0_PDF26412,pdf,10,1.95,2.18,0.6321878433227539,0.6315741539001465,0.9990292609560761,-0.0009707390563562512,0.0009707390563562512,-0.09707390563562512
Herwig_plus,174,MUR1.0_MUF1.0_PDF26412,pdf,11,2.18,2.5,0.6375429630279541,0.6358602046966553,0.9973605569681034,-0.0026394431479275227,0.0026394431479275227,-0.26394431479275227
Herwig_plus,175,MUR1.0_MUF1.0_PDF26413,pdf,1,0.0,0.21,0.665374219417572,0.6660531163215637,1.0010203234272979,0.001020323485136032,0.001020323485136032,0.10203234851360321
Herwig_plus,175,MUR1.0_MUF1.0_PDF26413,pdf,2,0.21,0.42,0.6719119548797607,0.6722574234008789,1.000514157425849,0.000514157407451421,0.000514157407451421,0.0514157407451421
Herwig_plus,175,MUR1.0_MUF1.0_PDF26413,pdf,3,0.42,0.63,0.6914249062538147,0.6924533843994141,1.001487476277318,0.001487476285547018,0.001487476285547018,0.1487476285547018
Herwig_plus,175,MUR1.0_MUF1.0_PDF26413,pdf,4,0.63,0.84,0.6939395666122437,0.6945348381996155,1.0008578147377847,0.0008578147389926016,0.0008578147389926016,0.08578147389926016
Herwig_plus,175,MUR1.0_MUF1.0_PDF26413,pdf,5,0.84,1.05,0.6589977741241455,0.6587411165237427,0.9996105334335249,-0.00038946655695326626,0.00038946655695326626,-0.038946655695326626
Herwig_plus,175,MUR1.0_MUF1.0_PDF26413,pdf,6,1.05,1.37,0.6422200798988342,0.6424729228019714,1.000393701335494,0.00039370133890770376,0.00039370133890770376,0.039370133890770376
Herwig_plus,175,MUR1.0_MUF1.0_PDF26413,pdf,7,1.37,1.52,0.7223036289215088,0.7207463383674622,0.9978439945589477,-0.002156005473807454,0.002156005473807454,-0.2156005473807454
Herwig_plus,175,MUR1.0_MUF1.0_PDF26413,pdf,8,1.52,1.74,0.6450952887535095,0.6465771198272705,1.0022970731605005,0.0022970731370151043,0.0022970731370151043,0.22970731370151043
Herwig_plus,175,MUR1.0_MUF1.0_PDF26413,pdf,9,1.74,1.95,0.6222162246704102,0.6202861666679382,0.9968980911683968,-0.0031019088346511126,0.0031019088346511126,-0.31019088346511126
Herwig_plus,175,MUR1.0_MUF1.0_PDF26413,pdf,10,1.95,2.18,0.6321878433227539,0.6310648918151855,0.9982237059452675,-0.0017762940842658281,0.0017762940842658281,-0.1776294084265828
Herwig_plus,175,MUR1.0_MUF1.0_PDF26413,pdf,11,2.18,2.5,0.6375429630279541,0.6348839998245239,0.9958293583999396,-0.004170641768723726,0.004170641768723726,-0.4170641768723726
Herwig_plus,176,MUR1.0_MUF1.0_PDF26414,pdf,1,0.0,0.21,0.665374219417572,0.6661158204078674,1.0011145622548234,0.001114562270231545,0.001114562270231545,0.1114562270231545
Herwig_plus,176,MUR1.0_MUF1.0_PDF26414,pdf,2,0.21,0.42,0.6719119548797607,0.6722878813743591,1.000559487730302,0.0005594877293333411,0.0005594877293333411,0.05594877293333411
Herwig_plus,176,MUR1.0_MUF1.0_PDF26414,pdf,3,0.42,0.63,0.6914249062538147,0.6925549507141113,1.0016343704863329,0.0016343705356121063,0.0016343705356121063,0.16343705356121063
Herwig_plus,176,MUR1.0_MUF1.0_PDF26414,pdf,4,0.63,0.84,0.6939395666122437,0.6945835947990417,1.000928075322095,0.0009280753438360989,0.0009280753438360989,0.09280753438360989
Herwig_plus,176,MUR1.0_MUF1.0_PDF26414,pdf,5,0.84,1.05,0.6589977741241455,0.6587439775466919,0.9996148749094169,-0.0003851250803563744,0.0003851250803563744,-0.03851250803563744
Herwig_plus,176,MUR1.0_MUF1.0_PDF26414,pdf,6,1.05,1.37,0.6422200798988342,0.6424533724784851,1.0003632595537773,0.0003632595471572131,0.0003632595471572131,0.03632595471572131
Herwig_plus,176,MUR1.0_MUF1.0_PDF26414,pdf,7,1.37,1.52,0.7223036289215088,0.7205654978752136,0.99759362825175,-0.002406371757388115,0.002406371757388115,-0.2406371757388115
Herwig_plus,176,MUR1.0_MUF1.0_PDF26414,pdf,8,1.52,1.74,0.6450952887535095,0.6466885805130005,1.002469854899374,0.0024698548950254917,0.0024698548950254917,0.24698548950254917
Herwig_plus,176,MUR1.0_MUF1.0_PDF26414,pdf,9,1.74,1.95,0.6222162246704102,0.6200888752937317,0.99658101268927,-0.0034189873840659857,0.0034189873840659857,-0.34189873840659857
Herwig_plus,176,MUR1.0_MUF1.0_PDF26414,pdf,10,1.95,2.18,0.6321878433227539,0.6308426856994629,0.997872218459278,-0.0021277815103530884,0.0021277815103530884,-0.21277815103530884
Herwig_plus,176,MUR1.0_MUF1.0_PDF26414,pdf,11,2.18,2.5,0.6375429630279541,0.6344648003578186,0.9951718349214992,-0.004828165285289288,0.004828165285289288,-0.48281652852892876
Herwig_plus,177,MUR1.0_MUF1.0_PDF26415,pdf,1,0.0,0.21,0.665374219417572,0.6663653254508972,1.0014895467909664,0.001489546848461032,0.001489546848461032,0.1489546848461032
Herwig_plus,177,MUR1.0_MUF1.0_PDF26415,pdf,2,0.21,0.42,0.6719119548797607,0.6723893880844116,1.0007105591754746,0.0007105591939762235,0.0007105591939762235,0.07105591939762235
Herwig_plus,177,MUR1.0_MUF1.0_PDF26415,pdf,3,0.42,0.63,0.6914249062538147,0.6929323673248291,1.0021802238498783,0.0021802238188683987,0.0021802238188683987,0.21802238188683987
Herwig_plus,177,MUR1.0_MUF1.0_PDF26415,pdf,4,0.63,0.84,0.6939395666122437,0.694770872592926,1.0011979515518055,0.001197951496578753,0.001197951496578753,0.1197951496578753
Herwig_plus,177,MUR1.0_MUF1.0_PDF26415,pdf,5,0.84,1.05,0.6589977741241455,0.6586786508560181,0.999515744543217,-0.0004842554626520723,0.0004842554626520723,-0.04842554626520723
Herwig_plus,177,MUR1.0_MUF1.0_PDF26415,pdf,6,1.05,1.37,0.6422200798988342,0.642432451248169,1.0003306831349281,0.0003306831349618733,0.0003306831349618733,0.03306831349618733
Herwig_plus,177,MUR1.0_MUF1.0_PDF26415,pdf,7,1.37,1.52,0.7223036289215088,0.7200126051902771,0.9968281708141873,-0.0031718292739242315,0.0031718292739242315,-0.31718292739242315
Herwig_plus,177,MUR1.0_MUF1.0_PDF26415,pdf,8,1.52,1.74,0.6450952887535095,0.6471454501152039,1.003178075235452,0.0031780751887708902,0.0031780751887708902,0.317807518877089
Herwig_plus,177,MUR1.0_MUF1.0_PDF26415,pdf,9,1.74,1.95,0.6222162246704102,0.6196014285087585,0.995797608519391,-0.0042023914866149426,0.0042023914866149426,-0.42023914866149426
Herwig_plus,177,MUR1.0_MUF1.0_PDF26415,pdf,10,1.95,2.18,0.6321878433227539,0.6305189728736877,0.9973601668132455,-0.002639833139255643,0.002639833139255643,-0.2639833139255643
Herwig_plus,177,MUR1.0_MUF1.0_PDF26415,pdf,11,2.18,2.5,0.6375429630279541,0.6337204575538635,0.9940043170487901,-0.005995682906359434,0.005995682906359434,-0.5995682906359434
Herwig_plus,178,MUR1.0_MUF1.0_PDF26416,pdf,1,0.0,0.21,0.665374219417572,0.6658309102058411,1.0006863668217696,0.0006863668095320463,0.0006863668095320463,0.06863668095320463
Herwig_plus,178,MUR1.0_MUF1.0_PDF26416,pdf,2,0.21,0.42,0.6719119548797607,0.6721656322479248,1.0003775455494157,0.00037754554068669677,0.00037754554068669677,0.03775455406866968
Herwig_plus,178,MUR1.0_MUF1.0_PDF26416,pdf,3,0.42,0.63,0.6914249062538147,0.6921173930168152,1.0010015357513695,0.0010015357984229922,0.0010015357984229922,0.10015357984229922
Herwig_plus,178,MUR1.0_MUF1.0_PDF26416,pdf,4,0.63,0.84,0.6939395666122437,0.6943672895431519,1.0006163691357106,0.0006163691286928952,0.0006163691286928952,0.06163691286928952
Herwig_plus,178,MUR1.0_MUF1.0_PDF26416,pdf,5,0.84,1.05,0.6589977741241455,0.6587987542152405,0.9996979960832652,-0.00030200392939150333,0.00030200392939150333,-0.030200392939150333
Herwig_plus,178,MUR1.0_MUF1.0_PDF26416,pdf,6,1.05,1.37,0.6422200798988342,0.642486572265625,1.0004149548965096,0.0004149549058638513,0.0004149549058638513,0.04149549058638513
Herwig_plus,178,MUR1.0_MUF1.0_PDF26416,pdf,7,1.37,1.52,0.7223036289215088,0.7212182283401489,0.9984973070355738,-0.0015026929322630167,0.0015026929322630167,-0.15026929322630167
Herwig_plus,178,MUR1.0_MUF1.0_PDF26416,pdf,8,1.52,1.74,0.6450952887535095,0.6461801528930664,1.0016817114594856,0.0016817114083096385,0.0016817114083096385,0.16817114083096385
Herwig_plus,178,MUR1.0_MUF1.0_PDF26416,pdf,9,1.74,1.95,0.6222162246704102,0.6206901669502258,0.9975473835948384,-0.002452616347000003,0.002452616347000003,-0.24526163470000029
Herwig_plus,178,MUR1.0_MUF1.0_PDF26416,pdf,10,1.95,2.18,0.6321878433227539,0.6313146948814392,0.998618846517634,-0.0013811534736305475,0.0013811534736305475,-0.13811534736305475
Herwig_plus,178,MUR1.0_MUF1.0_PDF26416,pdf,11,2.18,2.5,0.6375429630279541,0.6354717016220093,0.9967511814480587,-0.003248818451538682,0.003248818451538682,-0.3248818451538682
Herwig_plus,179,MUR1.0_MUF1.0_PDF26417,pdf,1,0.0,0.21,0.665374219417572,0.6657871603965759,1.0006206146360246,0.0006206146208569407,0.0006206146208569407,0.062061462085694075
Herwig_plus,179,MUR1.0_MUF1.0_PDF26417,pdf,2,0.21,0.42,0.6719119548797607,0.6723515391349792,1.0006542289536986,0.000654228962957859,0.000654228962957859,0.0654228962957859
Herwig_plus,179,MUR1.0_MUF1.0_PDF26417,pdf,3,0.42,0.63,0.6914249062538147,0.6920695900917053,1.0009323989229482,0.0009323989506810904,0.0009323989506810904,0.09323989506810904
Herwig_plus,179,MUR1.0_MUF1.0_PDF26417,pdf,4,0.63,0.84,0.6939395666122437,0.6945063471794128,1.0008167578193246,0.0008167577907443047,0.0008167577907443047,0.08167577907443047
Herwig_plus,179,MUR1.0_MUF1.0_PDF26417,pdf,5,0.84,1.05,0.6589977741241455,0.6594195365905762,1.0006400059044072,0.0006400059210136533,0.0006400059210136533,0.06400059210136533
Herwig_plus,179,MUR1.0_MUF1.0_PDF26417,pdf,6,1.05,1.37,0.6422200798988342,0.642636775970459,1.000648836877991,0.00064883689628914,0.00064883689628914,0.064883689628914
Herwig_plus,179,MUR1.0_MUF1.0_PDF26417,pdf,7,1.37,1.52,0.7223036289215088,0.721320390701294,0.998638746669897,-0.0013612533221021295,0.0013612533221021295,-0.13612533221021295
Herwig_plus,179,MUR1.0_MUF1.0_PDF26417,pdf,8,1.52,1.74,0.6450952887535095,0.6461818218231201,1.001684298565736,0.0016842986224219203,0.0016842986224219203,0.16842986224219203
Herwig_plus,179,MUR1.0_MUF1.0_PDF26417,pdf,9,1.74,1.95,0.6222162246704102,0.620135486125946,0.99665592367739,-0.003344076219946146,0.003344076219946146,-0.3344076219946146
Herwig_plus,179,MUR1.0_MUF1.0_PDF26417,pdf,10,1.95,2.18,0.6321878433227539,0.6287383437156677,0.9945435527691331,-0.005456447135657072,0.005456447135657072,-0.5456447135657072
Herwig_plus,179,MUR1.0_MUF1.0_PDF26417,pdf,11,2.18,2.5,0.6375429630279541,0.6312251091003418,0.9900903087415377,-0.009909691289067268,0.009909691289067268,-0.9909691289067268
Herwig_plus,180,MUR1.0_MUF1.0_PDF26418,pdf,1,0.0,0.21,0.665374219417572,0.6662879586219788,1.0013732711273462,0.0013732711086049676,0.0013732711086049676,0.13732711086049676
Herwig_plus,180,MUR1.0_MUF1.0_PDF26418,pdf,2,0.21,0.42,0.6719119548797607,0.6722202301025391,1.0004588030031902,0.0004588029987644404,0.0004588029987644404,0.04588029987644404
Herwig_plus,180,MUR1.0_MUF1.0_PDF26418,pdf,3,0.42,0.63,0.6914249062538147,0.6927983164787292,1.001986347631525,0.0019863476045429707,0.0019863476045429707,0.19863476045429707
Herwig_plus,180,MUR1.0_MUF1.0_PDF26418,pdf,4,0.63,0.84,0.6939395666122437,0.6945949792861938,1.000944480910852,0.0009444808820262551,0.0009444808820262551,0.09444808820262551
Herwig_plus,180,MUR1.0_MUF1.0_PDF26418,pdf,5,0.84,1.05,0.6589977741241455,0.6582832336425781,0.9989157163959816,-0.0010842835763469338,0.0010842835763469338,-0.10842835763469338
Herwig_plus,180,MUR1.0_MUF1.0_PDF26418,pdf,6,1.05,1.37,0.6422200798988342,0.642341136932373,1.000188497739837,0.00018849773914553225,0.00018849773914553225,0.018849773914553225
Herwig_plus,180,MUR1.0_MUF1.0_PDF26418,pdf,7,1.37,1.52,0.7223036289215088,0.7201893329620361,0.997072843227121,-0.002927156863734126,0.002927156863734126,-0.2927156863734126
Herwig_plus,180,MUR1.0_MUF1.0_PDF26418,pdf,8,1.52,1.74,0.6450952887535095,0.6469367146492004,1.0028545021608344,0.002854502061381936,0.002854502061381936,0.2854502061381936
Herwig_plus,180,MUR1.0_MUF1.0_PDF26418,pdf,9,1.74,1.95,0.6222162246704102,0.6202073693275452,0.996771451364951,-0.0032285486813634634,0.0032285486813634634,-0.32285486813634634
Herwig_plus,180,MUR1.0_MUF1.0_PDF26418,pdf,10,1.95,2.18,0.6321878433227539,0.632436215877533,1.0003928777773923,0.00039287778781726956,0.00039287778781726956,0.039287778781726956
Herwig_plus,180,MUR1.0_MUF1.0_PDF26418,pdf,11,2.18,2.5,0.6375429630279541,0.636962354183197,0.9990893024024616,-0.000910697621293366,0.000910697621293366,-0.0910697621293366
Herwig_plus,181,MUR1.0_MUF1.0_PDF26419,pdf,1,0.0,0.21,0.665374219417572,0.6664348244667053,1.0015939978108284,0.0015939978184178472,0.0015939978184178472,0.15939978184178472
Herwig_plus,181,MUR1.0_MUF1.0_PDF26419,pdf,2,0.21,0.42,0.6719119548797607,0.6723060011863708,1.0005864552695458,0.0005864552804268897,0.0005864552804268897,0.058645528042688966
Herwig_plus,181,MUR1.0_MUF1.0_PDF26419,pdf,3,0.42,0.63,0.6914249062538147,0.6929786205291748,1.0022471193347346,0.0022471193224191666,0.0022471193224191666,0.22471193224191666
Herwig_plus,181,MUR1.0_MUF1.0_PDF26419,pdf,4,0.63,0.84,0.6939395666122437,0.6946733593940735,1.0010574303831847,0.0010574304033070803,0.0010574304033070803,0.10574304033070803
Herwig_plus,181,MUR1.0_MUF1.0_PDF26419,pdf,5,0.84,1.05,0.6589977741241455,0.6582868695259094,0.998921233688261,-0.00107876630499959,0.00107876630499959,-0.10787663049995899
Herwig_plus,181,MUR1.0_MUF1.0_PDF26419,pdf,6,1.05,1.37,0.6422200798988342,0.6422907710075378,1.0001100730277925,0.00011007302964571863,0.00011007302964571863,0.011007302964571863
Herwig_plus,181,MUR1.0_MUF1.0_PDF26419,pdf,7,1.37,1.52,0.7223036289215088,0.7198341488838196,0.9965811053152586,-0.0034188947174698114,0.0034188947174698114,-0.34188947174698114
Herwig_plus,181,MUR1.0_MUF1.0_PDF26419,pdf,8,1.52,1.74,0.6450952887535095,0.6470838785171509,1.0030826294941384,0.0030826295260339975,0.0030826295260339975,0.30826295260339975
Herwig_plus,181,MUR1.0_MUF1.0_PDF26419,pdf,9,1.74,1.95,0.6222162246704102,0.6198344826698303,0.996172163459991,-0.003827836597338319,0.003827836597338319,-0.3827836597338319
Herwig_plus,181,MUR1.0_MUF1.0_PDF26419,pdf,10,1.95,2.18,0.6321878433227539,0.6319883465766907,0.9996844343842256,-0.0003155656158924103,0.0003155656158924103,-0.03155656158924103
Herwig_plus,181,MUR1.0_MUF1.0_PDF26419,pdf,11,2.18,2.5,0.6375429630279541,0.6362370848655701,0.9979517017077847,-0.0020482982508838177,0.0020482982508838177,-0.20482982508838177
Herwig_plus,182,MUR1.0_MUF1.0_PDF26420,pdf,1,0.0,0.21,0.665374219417572,0.6655817031860352,1.0003118301887992,0.0003118301974609494,0.0003118301974609494,0.031183019746094942
Herwig_plus,182,MUR1.0_MUF1.0_PDF26420,pdf,2,0.21,0.42,0.6719119548797607,0.6722237467765808,1.0004640368348199,0.0004640368279069662,0.0004640368279069662,0.04640368279069662
Herwig_plus,182,MUR1.0_MUF1.0_PDF26420,pdf,3,0.42,0.63,0.6914249062538147,0.6918319463729858,1.0005886975078415,0.0005886974977329373,0.0005886974977329373,0.058869749773293734
Herwig_plus,182,MUR1.0_MUF1.0_PDF26420,pdf,4,0.63,0.84,0.6939395666122437,0.6943991184234619,1.0006622360697226,0.0006622360670007765,0.0006622360670007765,0.06622360670007765
Herwig_plus,182,MUR1.0_MUF1.0_PDF26420,pdf,5,0.84,1.05,0.6589977741241455,0.6593917012214661,1.0005977669618749,0.0005977669497951865,0.0005977669497951865,0.05977669497951865
Herwig_plus,182,MUR1.0_MUF1.0_PDF26420,pdf,6,1.05,1.37,0.6422200798988342,0.6427067518234253,1.0007577961820622,0.0007577961659990251,0.0007577961659990251,0.07577961659990251
Herwig_plus,182,MUR1.0_MUF1.0_PDF26420,pdf,7,1.37,1.52,0.7223036289215088,0.7217919230461121,0.9992915640252829,-0.0007084359531290829,0.0007084359531290829,-0.07084359531290829
Herwig_plus,182,MUR1.0_MUF1.0_PDF26420,pdf,8,1.52,1.74,0.6450952887535095,0.6460182666778564,1.0014307621531857,0.0014307621167972684,0.0014307621167972684,0.14307621167972684
Herwig_plus,182,MUR1.0_MUF1.0_PDF26420,pdf,9,1.74,1.95,0.6222162246704102,0.6206656098365784,0.9975079164246269,-0.0024920834694057703,0.0024920834694057703,-0.24920834694057703
Herwig_plus,182,MUR1.0_MUF1.0_PDF26420,pdf,10,1.95,2.18,0.6321878433227539,0.6295020580291748,0.9957516024359743,-0.004248397424817085,0.004248397424817085,-0.4248397424817085
Herwig_plus,182,MUR1.0_MUF1.0_PDF26420,pdf,11,2.18,2.5,0.6375429630279541,0.6324644684791565,0.9920342708753654,-0.00796572957187891,0.00796572957187891,-0.796572957187891
Herwig_plus,183,MUR1.0_MUF1.0_PDF26421,pdf,1,0.0,0.21,0.665374219417572,0.6662308573722839,1.0012874528794664,0.0012874528765678406,0.0012874528765678406,0.12874528765678406
Herwig_plus,183,MUR1.0_MUF1.0_PDF26421,pdf,2,0.21,0.42,0.6719119548797607,0.6723107695579529,1.0005935519903995,0.0005935520166531205,0.0005935520166531205,0.05935520166531205
Herwig_plus,183,MUR1.0_MUF1.0_PDF26421,pdf,3,0.42,0.63,0.6914249062538147,0.6926396489143372,1.0017568685327,0.0017568685580044985,0.0017568685580044985,0.17568685580044985
Herwig_plus,183,MUR1.0_MUF1.0_PDF26421,pdf,4,0.63,0.84,0.6939395666122437,0.6945689916610718,1.0009070315040558,0.000907031528186053,0.000907031528186053,0.0907031528186053
Herwig_plus,183,MUR1.0_MUF1.0_PDF26421,pdf,5,0.84,1.05,0.6589977741241455,0.658555805683136,0.9993293324221058,-0.0006706675630994141,0.0006706675630994141,-0.06706675630994141
Herwig_plus,183,MUR1.0_MUF1.0_PDF26421,pdf,6,1.05,1.37,0.6422200798988342,0.6423851251602173,1.0002569917486994,0.0002569917414803058,0.0002569917414803058,0.02569917414803058
Herwig_plus,183,MUR1.0_MUF1.0_PDF26421,pdf,7,1.37,1.52,0.7223036289215088,0.7204291224479675,0.9974048220187678,-0.00259517808444798,0.00259517808444798,-0.259517808444798
Herwig_plus,183,MUR1.0_MUF1.0_PDF26421,pdf,8,1.52,1.74,0.6450952887535095,0.646665096282959,1.0024334506185633,0.002433450659736991,0.002433450659736991,0.2433450659736991
Herwig_plus,183,MUR1.0_MUF1.0_PDF26421,pdf,9,1.74,1.95,0.6222162246704102,0.6201575398445129,0.9966913674952984,-0.0033086324110627174,0.0033086324110627174,-0.33086324110627174
Herwig_plus,183,MUR1.0_MUF1.0_PDF26421,pdf,10,1.95,2.18,0.6321878433227539,0.6315211057662964,0.9989453489757836,-0.0010546509874984622,0.0010546509874984622,-0.10546509874984622
Herwig_plus,183,MUR1.0_MUF1.0_PDF26421,pdf,11,2.18,2.5,0.6375429630279541,0.6356820464134216,0.9970811118270458,-0.0029188881162554026,0.0029188881162554026,-0.29188881162554026
Herwig_plus,184,MUR1.0_MUF1.0_PDF26422,pdf,1,0.0,0.21,0.665374219417572,0.6658374667167664,1.000696220691568,0.0006962206680327654,0.0006962206680327654,0.06962206680327654
Herwig_plus,184,MUR1.0_MUF1.0_PDF26422,pdf,2,0.21,0.42,0.6719119548797607,0.6722118854522705,1.0004463837416964,0.0004463837540242821,0.0004463837540242821,0.04463837540242821
Herwig_plus,184,MUR1.0_MUF1.0_PDF26422,pdf,3,0.42,0.63,0.6914249062538147,0.6922789812088013,1.0012352389207586,0.0012352389749139547,0.0012352389749139547,0.12352389749139547
Herwig_plus,184,MUR1.0_MUF1.0_PDF26422,pdf,4,0.63,0.84,0.6939395666122437,0.6945482492446899,1.0008771406931267,0.0008771406719461083,0.0008771406719461083,0.08771406719461083
Herwig_plus,184,MUR1.0_MUF1.0_PDF26422,pdf,5,0.84,1.05,0.6589977741241455,0.6590628027915955,1.000098678129128,9.867813059827313e-05,9.867813059827313e-05,0.009867813059827313
Herwig_plus,184,MUR1.0_MUF1.0_PDF26422,pdf,6,1.05,1.37,0.6422200798988342,0.6425961852073669,1.000585633056805,0.000585633039008826,0.000585633039008826,0.0585633039008826
Herwig_plus,184,MUR1.0_MUF1.0_PDF26422,pdf,7,1.37,1.52,0.7223036289215088,0.7210195064544678,0.9982221846663593,-0.0017778152832761407,0.0017778152832761407,-0.17778152832761407
Herwig_plus,184,MUR1.0_MUF1.0_PDF26422,pdf,8,1.52,1.74,0.6450952887535095,0.6465872526168823,1.0023127805913072,0.0023127805907279253,0.0023127805907279253,0.23127805907279253
Herwig_plus,184,MUR1.0_MUF1.0_PDF26422,pdf,9,1.74,1.95,0.6222162246704102,0.6202115416526794,0.9967781569521229,-0.003221843158826232,0.003221843158826232,-0.3221843158826232
Herwig_plus,184,MUR1.0_MUF1.0_PDF26422,pdf,10,1.95,2.18,0.6321878433227539,0.6299440860748291,0.9964508060829963,-0.00354919396340847,0.00354919396340847,-0.354919396340847
Herwig_plus,184,MUR1.0_MUF1.0_PDF26422,pdf,11,2.18,2.5,0.6375429630279541,0.6328718662261963,0.9926732830998983,-0.007326717022806406,0.007326717022806406,-0.7326717022806406
Herwig_plus,185,MUR1.0_MUF1.0_PDF26423,pdf,1,0.0,0.21,0.665374219417572,0.665865957736969,1.0007390402348733,0.000739040260668844,0.000739040260668844,0.0739040260668844
Herwig_plus,185,MUR1.0_MUF1.0_PDF26423,pdf,2,0.21,0.42,0.6719119548797607,0.6721575856208801,1.0003655698329752,0.00036556983832269907,0.00036556983832269907,0.03655698383226991
Herwig_plus,185,MUR1.0_MUF1.0_PDF26423,pdf,3,0.42,0.63,0.6914249062538147,0.6922641396522522,1.0012137737458497,0.0012137737357988954,0.0012137737357988954,0.12137737357988954
Herwig_plus,185,MUR1.0_MUF1.0_PDF26423,pdf,4,0.63,0.84,0.6939395666122437,0.6944587826728821,1.0007482150977112,0.0007482151268050075,0.0007482151268050075,0.07482151268050075
Herwig_plus,185,MUR1.0_MUF1.0_PDF26423,pdf,5,0.84,1.05,0.6589977741241455,0.6588242650032043,0.9997367075766352,-0.00026329242973588407,0.00026329242973588407,-0.026329242973588407
Herwig_plus,185,MUR1.0_MUF1.0_PDF26423,pdf,6,1.05,1.37,0.6422200798988342,0.64250248670578,1.0004397352493093,0.0004397352458909154,0.0004397352458909154,0.04397352458909154
Herwig_plus,185,MUR1.0_MUF1.0_PDF26423,pdf,7,1.37,1.52,0.7223036289215088,0.7210111021995544,0.9982105493172113,-0.0017894506454467773,0.0017894506454467773,-0.17894506454467773
Herwig_plus,185,MUR1.0_MUF1.0_PDF26423,pdf,8,1.52,1.74,0.6450952887535095,0.6464596390724182,1.0021149593597947,0.002114959293976426,0.002114959293976426,0.2114959293976426
Herwig_plus,185,MUR1.0_MUF1.0_PDF26423,pdf,9,1.74,1.95,0.6222162246704102,0.6204501390457153,0.9971616207442512,-0.0028383792378008366,0.0028383792378008366,-0.28383792378008366
Herwig_plus,185,MUR1.0_MUF1.0_PDF26423,pdf,10,1.95,2.18,0.6321878433227539,0.6310338973999023,0.9981746787208269,-0.0018253212329000235,0.0018253212329000235,-0.18253212329000235
Herwig_plus,185,MUR1.0_MUF1.0_PDF26423,pdf,11,2.18,2.5,0.6375429630279541,0.6347890496253967,0.9956804269480477,-0.004319572821259499,0.004319572821259499,-0.43195728212594986
Herwig_plus,186,MUR1.0_MUF1.0_PDF26424,pdf,1,0.0,0.21,0.665374219417572,0.6663867235183716,1.0015217062387627,0.0015217062318697572,0.0015217062318697572,0.15217062318697572
Herwig_plus,186,MUR1.0_MUF1.0_PDF26424,pdf,2,0.21,0.42,0.6719119548797607,0.6724352836608887,1.0007788651136913,0.0007788651273585856,0.0007788651273585856,0.07788651273585856
Herwig_plus,186,MUR1.0_MUF1.0_PDF26424,pdf,3,0.42,0.63,0.6914249062538147,0.6928340792655945,1.0020380709445582,0.002038070932030678,0.002038070932030678,0.20380709320306778
Herwig_plus,186,MUR1.0_MUF1.0_PDF26424,pdf,4,0.63,0.84,0.6939395666122437,0.6946959495544434,1.0010899838812943,0.0010899838525801897,0.0010899838525801897,0.10899838525801897
Herwig_plus,186,MUR1.0_MUF1.0_PDF26424,pdf,5,0.84,1.05,0.6589977741241455,0.6586297154426575,0.9994414872159816,-0.0005585128092207015,0.0005585128092207015,-0.055851280922070146
Herwig_plus,186,MUR1.0_MUF1.0_PDF26424,pdf,6,1.05,1.37,0.6422200798988342,0.6424000263214111,1.0002801943262274,0.0002801943337544799,0.0002801943337544799,0.02801943337544799
Herwig_plus,186,MUR1.0_MUF1.0_PDF26424,pdf,7,1.37,1.52,0.7223036289215088,0.7201432585716248,0.9970090551073242,-0.002990944776684046,0.002990944776684046,-0.2990944776684046
Herwig_plus,186,MUR1.0_MUF1.0_PDF26424,pdf,8,1.52,1.74,0.6450952887535095,0.6468636393547058,1.0027412238657225,0.0027412238996475935,0.0027412238996475935,0.27412238996475935
Herwig_plus,186,MUR1.0_MUF1.0_PDF26424,pdf,9,1.74,1.95,0.6222162246704102,0.6197918057441711,0.996103574882633,-0.003896425012499094,0.003896425012499094,-0.3896425012499094
Herwig_plus,186,MUR1.0_MUF1.0_PDF26424,pdf,10,1.95,2.18,0.6321878433227539,0.6308004856109619,0.9978054660075396,-0.002194534055888653,0.002194534055888653,-0.21945340558886528
Herwig_plus,186,MUR1.0_MUF1.0_PDF26424,pdf,11,2.18,2.5,0.6375429630279541,0.6344596743583679,0.995163794679903,-0.004836205393075943,0.004836205393075943,-0.4836205393075943
Herwig_plus,187,MUR1.0_MUF1.0_PDF26425,pdf,1,0.0,0.21,0.665374219417572,0.6661266684532166,1.001130865930308,0.0011308658868074417,0.0011308658868074417,0.11308658868074417
Herwig_plus,187,MUR1.0_MUF1.0_PDF26425,pdf,2,0.21,0.42,0.6719119548797607,0.6723079681396484,1.0005893826668981,0.0005893826601095498,0.0005893826601095498,0.058938266010954976
Herwig_plus,187,MUR1.0_MUF1.0_PDF26425,pdf,3,0.42,0.63,0.6914249062538147,0.6925409436225891,1.001614112188728,0.0016141121741384268,0.0016141121741384268,0.16141121741384268
Herwig_plus,187,MUR1.0_MUF1.0_PDF26425,pdf,4,0.63,0.84,0.6939395666122437,0.6945928931236267,1.0009414746511323,0.0009414746309630573,0.0009414746309630573,0.09414746309630573
Herwig_plus,187,MUR1.0_MUF1.0_PDF26425,pdf,5,0.84,1.05,0.6589977741241455,0.658756673336029,0.9996341402086875,-0.0003658597997855395,0.0003658597997855395,-0.03658597997855395
Herwig_plus,187,MUR1.0_MUF1.0_PDF26425,pdf,6,1.05,1.37,0.6422200798988342,0.6424845457077026,1.0004117993459658,0.0004117993521504104,0.0004117993521504104,0.04117993521504104
Herwig_plus,187,MUR1.0_MUF1.0_PDF26425,pdf,7,1.37,1.52,0.7223036289215088,0.7206383943557739,0.9976945504645722,-0.002305449452251196,0.002305449452251196,-0.2305449452251196
Herwig_plus,187,MUR1.0_MUF1.0_PDF26425,pdf,8,1.52,1.74,0.6450952887535095,0.6466817855834961,1.0024593216810684,0.0024593216367065907,0.0024593216367065907,0.24593216367065907
Herwig_plus,187,MUR1.0_MUF1.0_PDF26425,pdf,9,1.74,1.95,0.6222162246704102,0.6201760172843933,0.9967210636670596,-0.0032789362594485283,0.0032789362594485283,-0.32789362594485283
Herwig_plus,187,MUR1.0_MUF1.0_PDF26425,pdf,10,1.95,2.18,0.6321878433227539,0.6308448910713196,0.9978757069348632,-0.0021242930088192225,0.0021242930088192225,-0.21242930088192225
Herwig_plus,187,MUR1.0_MUF1.0_PDF26425,pdf,11,2.18,2.5,0.6375429630279541,0.6345049738883972,0.9952348479777297,-0.004765151999890804,0.004765151999890804,-0.47651519998908043
Herwig_plus,188,MUR1.0_MUF1.0_PDF26426,pdf,1,0.0,0.21,0.665374219417572,0.6660049557685852,1.0009479422745975,0.0009479422587901354,0.0009479422587901354,0.09479422587901354
Herwig_plus,188,MUR1.0_MUF1.0_PDF26426,pdf,2,0.21,0.42,0.6719119548797607,0.6722033619880676,1.0004336983531705,0.00043369835475459695,0.00043369835475459695,0.043369835475459695
Herwig_plus,188,MUR1.0_MUF1.0_PDF26426,pdf,3,0.42,0.63,0.6914249062538147,0.6924344301223755,1.0014600629214103,0.0014600629219785333,0.0014600629219785333,0.14600629219785333
Herwig_plus,188,MUR1.0_MUF1.0_PDF26426,pdf,4,0.63,0.84,0.6939395666122437,0.6944919228553772,1.0007959716806898,0.0007959716604091227,0.0007959716604091227,0.07959716604091227
Herwig_plus,188,MUR1.0_MUF1.0_PDF26426,pdf,5,0.84,1.05,0.6589977741241455,0.6587114334106445,0.9995654906211459,-0.00043450939119793475,0.00043450939119793475,-0.043450939119793475
Herwig_plus,188,MUR1.0_MUF1.0_PDF26426,pdf,6,1.05,1.37,0.6422200798988342,0.6424154043197632,1.0003041393862362,0.0003041393938474357,0.0003041393938474357,0.03041393938474357
Herwig_plus,188,MUR1.0_MUF1.0_PDF26426,pdf,7,1.37,1.52,0.7223036289215088,0.7206777334213257,0.9977490138010094,-0.00225098617374897,0.00225098617374897,-0.225098617374897
Herwig_plus,188,MUR1.0_MUF1.0_PDF26426,pdf,8,1.52,1.74,0.6450952887535095,0.6465403437614441,1.0022400644263374,0.0022400643210858107,0.0022400643210858107,0.22400643210858107
Herwig_plus,188,MUR1.0_MUF1.0_PDF26426,pdf,9,1.74,1.95,0.6222162246704102,0.6201956868171692,0.9967526757208698,-0.003247324377298355,0.003247324377298355,-0.3247324377298355
Herwig_plus,188,MUR1.0_MUF1.0_PDF26426,pdf,10,1.95,2.18,0.6321878433227539,0.6311615705490112,0.9983766331722727,-0.0016233668429777026,0.0016233668429777026,-0.16233668429777026
Herwig_plus,188,MUR1.0_MUF1.0_PDF26426,pdf,11,2.18,2.5,0.6375429630279541,0.6349923610687256,0.9959993253676354,-0.004000674467533827,0.004000674467533827,-0.4000674467533827
Herwig_plus,189,MUR1.0_MUF1.0_PDF26427,pdf,1,0.0,0.21,0.665374219417572,0.6663167476654053,1.0014165385738243,0.0014165386091917753,0.0014165386091917753,0.14165386091917753
Herwig_plus,189,MUR1.0_MUF1.0_PDF26427,pdf,2,0.21,0.42,0.6719119548797607,0.6725133657455444,1.0008950739176703,0.0008950739284045994,0.0008950739284045994,0.08950739284045994
Herwig_plus,189,MUR1.0_MUF1.0_PDF26427,pdf,3,0.42,0.63,0.6914249062538147,0.6926800608634949,1.0018153158764278,0.0018153159180656075,0.0018153159180656075,0.18153159180656075
Herwig_plus,189,MUR1.0_MUF1.0_PDF26427,pdf,4,0.63,0.84,0.6939395666122437,0.6947349309921265,1.0011461579914886,0.0011461579706519842,0.0011461579706519842,0.11461579706519842
Herwig_plus,189,MUR1.0_MUF1.0_PDF26427,pdf,5,0.84,1.05,0.6589977741241455,0.6589574217796326,0.9999387671004404,-6.123290222603828e-05,6.123290222603828e-05,-0.006123290222603828
Herwig_plus,189,MUR1.0_MUF1.0_PDF26427,pdf,6,1.05,1.37,0.6422200798988342,0.6425886154174805,1.0005738461474207,0.0005738461622968316,0.0005738461622968316,0.05738461622968316
Herwig_plus,189,MUR1.0_MUF1.0_PDF26427,pdf,7,1.37,1.52,0.7223036289215088,0.7207499742507935,0.9978490282915577,-0.0021509716752916574,0.0021509716752916574,-0.21509716752916574
Herwig_plus,189,MUR1.0_MUF1.0_PDF26427,pdf,8,1.52,1.74,0.6450952887535095,0.6467527747154236,1.002569366093367,0.0025693660136312246,0.0025693660136312246,0.25693660136312246
Herwig_plus,189,MUR1.0_MUF1.0_PDF26427,pdf,9,1.74,1.95,0.6222162246704102,0.620262861251831,0.9968606356743368,-0.0031393643002957106,0.0031393643002957106,-0.31393643002957106
Herwig_plus,189,MUR1.0_MUF1.0_PDF26427,pdf,10,1.95,2.18,0.6321878433227539,0.6303648948669434,0.9971164449379014,-0.0028835551347583532,0.0028835551347583532,-0.2883555134758353
Herwig_plus,189,MUR1.0_MUF1.0_PDF26427,pdf,11,2.18,2.5,0.6375429630279541,0.6339523792266846,0.9943680912354261,-0.0056319087743759155,0.0056319087743759155,-0.5631908774375916
Herwig_plus,190,MUR1.0_MUF1.0_PDF26428,pdf,1,0.0,0.21,0.665374219417572,0.6659553050994873,1.000873321606034,0.0008733216091059148,0.0008733216091059148,0.08733216091059148
Herwig_plus,190,MUR1.0_MUF1.0_PDF26428,pdf,2,0.21,0.42,0.6719119548797607,0.6721360683441162,1.0003335458801228,0.000333545875037089,0.000333545875037089,0.0333545875037089
Herwig_plus,190,MUR1.0_MUF1.0_PDF26428,pdf,3,0.42,0.63,0.6914249062538147,0.6924249529838562,1.0014463562434566,0.0014463562984019518,0.0014463562984019518,0.14463562984019518
Herwig_plus,190,MUR1.0_MUF1.0_PDF26428,pdf,4,0.63,0.84,0.6939395666122437,0.6944676637649536,1.0007610131748044,0.0007610131870023906,0.0007610131870023906,0.07610131870023906
Herwig_plus,190,MUR1.0_MUF1.0_PDF26428,pdf,5,0.84,1.05,0.6589977741241455,0.6586124897003174,0.9994153479132153,-0.0005846520652994514,0.0005846520652994514,-0.058465206529945135
Herwig_plus,190,MUR1.0_MUF1.0_PDF26428,pdf,6,1.05,1.37,0.6422200798988342,0.6423986554145813,1.0002780596890948,0.0002780596842058003,0.0002780596842058003,0.02780596842058003
Herwig_plus,190,MUR1.0_MUF1.0_PDF26428,pdf,7,1.37,1.52,0.7223036289215088,0.7206147909164429,0.99766187246271,-0.00233812746591866,0.00233812746591866,-0.23381274659186602
Herwig_plus,190,MUR1.0_MUF1.0_PDF26428,pdf,8,1.52,1.74,0.6450952887535095,0.6465782523155212,1.0022988286968848,0.0022988286800682545,0.0022988286800682545,0.22988286800682545
Herwig_plus,190,MUR1.0_MUF1.0_PDF26428,pdf,9,1.74,1.95,0.6222162246704102,0.6201415657997131,0.9966656946758404,-0.0033343052491545677,0.0033343052491545677,-0.33343052491545677
Herwig_plus,190,MUR1.0_MUF1.0_PDF26428,pdf,10,1.95,2.18,0.6321878433227539,0.631399393081665,0.9987528228367303,-0.0012471771333366632,0.0012471771333366632,-0.12471771333366632
Herwig_plus,190,MUR1.0_MUF1.0_PDF26428,pdf,11,2.18,2.5,0.6375429630279541,0.6352079510688782,0.9963374829705813,-0.003662517061457038,0.003662517061457038,-0.3662517061457038
Herwig_plus,191,MUR1.0_MUF1.0_PDF26429,pdf,1,0.0,0.21,0.665374219417572,0.6664718985557556,1.001649716965506,0.001649716985411942,0.001649716985411942,0.1649716985411942
Herwig_plus,191,MUR1.0_MUF1.0_PDF26429,pdf,2,0.21,0.42,0.6719119548797607,0.6726376414299011,1.0010800322049191,0.001080032205209136,0.001080032205209136,0.1080032205209136
Herwig_plus,191,MUR1.0_MUF1.0_PDF26429,pdf,3,0.42,0.63,0.6914249062538147,0.6927805542945862,1.0019606583860516,0.0019606584683060646,0.0019606584683060646,0.19606584683060646
Herwig_plus,191,MUR1.0_MUF1.0_PDF26429,pdf,4,0.63,0.84,0.6939395666122437,0.6947937607765198,1.0012309345155894,0.0012309345183894038,0.0012309345183894038,0.12309345183894038
Herwig_plus,191,MUR1.0_MUF1.0_PDF26429,pdf,5,0.84,1.05,0.6589977741241455,0.6589766144752502,0.9999678911678823,-3.210883369320072e-05,3.210883369320072e-05,-0.0032108833693200722
Herwig_plus,191,MUR1.0_MUF1.0_PDF26429,pdf,6,1.05,1.37,0.6422200798988342,0.6426025032997131,1.000595470949677,0.0005954709486104548,0.0005954709486104548,0.05954709486104548
Herwig_plus,191,MUR1.0_MUF1.0_PDF26429,pdf,7,1.37,1.52,0.7223036289215088,0.7207507491111755,0.9978501010542451,-0.002149899024516344,0.002149899024516344,-0.2149899024516344
Herwig_plus,191,MUR1.0_MUF1.0_PDF26429,pdf,8,1.52,1.74,0.6450952887535095,0.6467454433441162,1.0025580013051951,0.0025580013170838356,0.0025580013170838356,0.25580013170838356
Herwig_plus,191,MUR1.0_MUF1.0_PDF26429,pdf,9,1.74,1.95,0.6222162246704102,0.6203544735908508,0.9970078712098105,-0.0029921287205070257,0.0029921287205070257,-0.29921287205070257
Herwig_plus,191,MUR1.0_MUF1.0_PDF26429,pdf,10,1.95,2.18,0.6321878433227539,0.630411684513092,0.9971904571901818,-0.0028095426969230175,0.0028095426969230175,-0.28095426969230175
Herwig_plus,191,MUR1.0_MUF1.0_PDF26429,pdf,11,2.18,2.5,0.6375429630279541,0.634271502494812,0.9948686430203785,-0.005131356883794069,0.005131356883794069,-0.5131356883794069
Herwig_plus,192,MUR1.0_MUF1.0_PDF26430,pdf,1,0.0,0.21,0.665374219417572,0.6657097935676575,1.0005043389724044,0.0005043389974161983,0.0005043389974161983,0.050433899741619825
Herwig_plus,192,MUR1.0_MUF1.0_PDF26430,pdf,2,0.21,0.42,0.6719119548797607,0.6719255447387695,1.000020225654433,2.0225654225214384e-05,2.0225654225214384e-05,0.0020225654225214384
Herwig_plus,192,MUR1.0_MUF1.0_PDF26430,pdf,3,0.42,0.63,0.6914249062538147,0.6922547221183777,1.0012001532734176,0.0012001532595604658,0.0012001532595604658,0.12001532595604658
Herwig_plus,192,MUR1.0_MUF1.0_PDF26430,pdf,4,0.63,0.84,0.6939395666122437,0.6943325996398926,1.0005663793312258,0.0005663793417625129,0.0005663793417625129,0.05663793417625129
Herwig_plus,192,MUR1.0_MUF1.0_PDF26430,pdf,5,0.84,1.05,0.6589977741241455,0.6585051417350769,0.9992524521198523,-0.0007475478923879564,0.0007475478923879564,-0.07475478923879564
Herwig_plus,192,MUR1.0_MUF1.0_PDF26430,pdf,6,1.05,1.37,0.6422200798988342,0.6423195600509644,1.0001549004075765,0.00015490040823351592,0.00015490040823351592,0.015490040823351592
Herwig_plus,192,MUR1.0_MUF1.0_PDF26430,pdf,7,1.37,1.52,0.7223036289215088,0.720563530921936,0.9975909050849281,-0.0024090949445962906,0.0024090949445962906,-0.24090949445962906
Herwig_plus,192,MUR1.0_MUF1.0_PDF26430,pdf,8,1.52,1.74,0.6450952887535095,0.6465036869049072,1.0021832404854778,0.002183240372687578,0.002183240372687578,0.21832403726875782
Herwig_plus,192,MUR1.0_MUF1.0_PDF26430,pdf,9,1.74,1.95,0.6222162246704102,0.6199678778648376,0.9963865506612859,-0.003613449400290847,0.003613449400290847,-0.3613449400290847
Herwig_plus,192,MUR1.0_MUF1.0_PDF26430,pdf,10,1.95,2.18,0.6321878433227539,0.6316073536872864,0.999081776656102,-0.0009182233479805291,0.0009182233479805291,-0.09182233479805291
Herwig_plus,192,MUR1.0_MUF1.0_PDF26430,pdf,11,2.18,2.5,0.6375429630279541,0.6351949572563171,0.9963171018930468,-0.003682898124679923,0.003682898124679923,-0.3682898124679923
Herwig_plus,193,MUR1.0_MUF1.0_PDF26431,pdf,1,0.0,0.21,0.665374219417572,0.6662352085113525,1.001293992265787,0.001293992274440825,0.001293992274440825,0.1293992274440825
Herwig_plus,193,MUR1.0_MUF1.0_PDF26431,pdf,2,0.21,0.42,0.6719119548797607,0.6723867058753967,1.0007065672699944,0.000706567254383117,0.000706567254383117,0.0706567254383117
Herwig_plus,193,MUR1.0_MUF1.0_PDF26431,pdf,3,0.42,0.63,0.6914249062538147,0.6926507949829102,1.0017729889652622,0.0017729889368638396,0.0017729889368638396,0.17729889368638396
Herwig_plus,193,MUR1.0_MUF1.0_PDF26431,pdf,4,0.63,0.84,0.6939395666122437,0.6946633458137512,1.0010430003365294,0.0010430003749206662,0.0010430003749206662,0.10430003749206662
Herwig_plus,193,MUR1.0_MUF1.0_PDF26431,pdf,5,0.84,1.05,0.6589977741241455,0.6588043570518494,0.9997064981402203,-0.0002935018565040082,0.0002935018565040082,-0.029350185650400817
Herwig_plus,193,MUR1.0_MUF1.0_PDF26431,pdf,6,1.05,1.37,0.6422200798988342,0.6425004601478577,1.0004365796987655,0.0004365796921774745,0.0004365796921774745,0.04365796921774745
Herwig_plus,193,MUR1.0_MUF1.0_PDF26431,pdf,7,1.37,1.52,0.7223036289215088,0.7205671668052673,0.9975959388175383,-0.002404061146080494,0.002404061146080494,-0.2404061146080494
Herwig_plus,193,MUR1.0_MUF1.0_PDF26431,pdf,8,1.52,1.74,0.6450952887535095,0.6467706561088562,1.0025970850889083,0.0025970852002501488,0.0025970852002501488,0.2597085200250149
Herwig_plus,193,MUR1.0_MUF1.0_PDF26431,pdf,9,1.74,1.95,0.6222162246704102,0.6201428174972534,0.996667706351992,-0.0033322935923933983,0.0033322935923933983,-0.33322935923933983
Herwig_plus,193,MUR1.0_MUF1.0_PDF26431,pdf,10,1.95,2.18,0.6321878433227539,0.6306774020195007,0.9976107713566361,-0.002389228669926524,0.002389228669926524,-0.23892286699265242
Herwig_plus,193,MUR1.0_MUF1.0_PDF26431,pdf,11,2.18,2.5,0.6375429630279541,0.6343233585357666,0.9949499803481536,-0.0050500198267400265,0.0050500198267400265,-0.5050019826740026
Herwig_plus,194,MUR1.0_MUF1.0_PDF26432,pdf,1,0.0,0.21,0.665374219417572,0.6659025549888611,1.0007940427444748,0.0007940427167341113,0.0007940427167341113,0.07940427167341113
Herwig_plus,194,MUR1.0_MUF1.0_PDF26432,pdf,2,0.21,0.42,0.6719119548797607,0.6721336841583252,1.000329997519696,0.00032999750692397356,0.00032999750692397356,0.032999750692397356
Herwig_plus,194,MUR1.0_MUF1.0_PDF26432,pdf,3,0.42,0.63,0.6914249062538147,0.6923327445983887,1.001312996301352,0.0013129962608218193,0.0013129962608218193,0.13129962608218193
Herwig_plus,194,MUR1.0_MUF1.0_PDF26432,pdf,4,0.63,0.84,0.6939395666122437,0.69443279504776,1.0007107656909149,0.0007107657147571445,0.0007107657147571445,0.07107657147571445
Herwig_plus,194,MUR1.0_MUF1.0_PDF26432,pdf,5,0.84,1.05,0.6589977741241455,0.6586629748344421,0.9994919568732257,-0.0005080431001260877,0.0005080431001260877,-0.05080431001260877
Herwig_plus,194,MUR1.0_MUF1.0_PDF26432,pdf,6,1.05,1.37,0.6422200798988342,0.6424142122268677,1.000302283180034,0.0003022831806447357,0.0003022831806447357,0.03022831806447357
Herwig_plus,194,MUR1.0_MUF1.0_PDF26432,pdf,7,1.37,1.52,0.7223036289215088,0.7207474112510681,0.9978454799226687,-0.0021545200143009424,0.0021545200143009424,-0.21545200143009424
Herwig_plus,194,MUR1.0_MUF1.0_PDF26432,pdf,8,1.52,1.74,0.6450952887535095,0.646467924118042,1.0021278024943954,0.0021278024651110172,0.0021278024651110172,0.21278024651110172
Herwig_plus,194,MUR1.0_MUF1.0_PDF26432,pdf,9,1.74,1.95,0.6222162246704102,0.6202210783958435,0.9967934840085158,-0.0032065159175544977,0.0032065159175544977,-0.32065159175544977
Herwig_plus,194,MUR1.0_MUF1.0_PDF26432,pdf,10,1.95,2.18,0.6321878433227539,0.6312928199768066,0.9985842446111538,-0.0014157553669065237,0.0014157553669065237,-0.14157553669065237
Herwig_plus,194,MUR1.0_MUF1.0_PDF26432,pdf,11,2.18,2.5,0.6375429630279541,0.6350913047790527,0.9961545207286777,-0.003845479339361191,0.003845479339361191,-0.3845479339361191
Herwig_plus,195,MUR1.0_MUF1.0_PDF26433,pdf,1,0.0,0.21,0.665374219417572,0.6660373210906982,1.0009965845591473,0.0009965845383703709,0.0009965845383703709,0.09965845383703709
Herwig_plus,195,MUR1.0_MUF1.0_PDF26433,pdf,2,0.21,0.42,0.6719119548797607,0.6722615957260132,1.000520367056596,0.0005203670589253306,0.0005203670589253306,0.052036705892533064
Herwig_plus,195,MUR1.0_MUF1.0_PDF26433,pdf,3,0.42,0.63,0.6914249062538147,0.6924289464950562,1.0014521320134118,0.0014521320117637515,0.0014521320117637515,0.14521320117637515
Herwig_plus,195,MUR1.0_MUF1.0_PDF26433,pdf,4,0.63,0.84,0.6939395666122437,0.6945276260375977,1.0008474216684673,0.0008474216447211802,0.0008474216447211802,0.08474216447211802
Herwig_plus,195,MUR1.0_MUF1.0_PDF26433,pdf,5,0.84,1.05,0.6589977741241455,0.6587569117546082,0.9996345019983451,-0.00036549801006913185,0.00036549801006913185,-0.036549801006913185
Herwig_plus,195,MUR1.0_MUF1.0_PDF26433,pdf,6,1.05,1.37,0.6422200798988342,0.642479419708252,1.0004038176592962,0.00040381765575148165,0.00040381765575148165,0.040381765575148165
Herwig_plus,195,MUR1.0_MUF1.0_PDF26433,pdf,7,1.37,1.52,0.7223036289215088,0.720798671245575,0.9979164473004505,-0.0020835527684539557,0.0020835527684539557,-0.20835527684539557
Herwig_plus,195,MUR1.0_MUF1.0_PDF26433,pdf,8,1.52,1.74,0.6450952887535095,0.646538496017456,1.0022372001301314,0.0022372000385075808,0.0022372000385075808,0.22372000385075808
Herwig_plus,195,MUR1.0_MUF1.0_PDF26433,pdf,9,1.74,1.95,0.6222162246704102,0.6203179359436035,0.9969491494250055,-0.003050850471481681,0.003050850471481681,-0.3050850471481681
Herwig_plus,195,MUR1.0_MUF1.0_PDF26433,pdf,10,1.95,2.18,0.6321878433227539,0.6310586929321289,0.9982139005003794,-0.0017860995139926672,0.0017860995139926672,-0.17860995139926672
Herwig_plus,195,MUR1.0_MUF1.0_PDF26433,pdf,11,2.18,2.5,0.6375429630279541,0.6348937153816223,0.9958445974624998,-0.004155402537435293,0.004155402537435293,-0.4155402537435293
Herwig_plus,196,MUR1.0_MUF1.0_PDF26434,pdf,1,0.0,0.21,0.665374219417572,0.6661691665649414,1.0011947369227279,0.0011947369202971458,0.0011947369202971458,0.11947369202971458
Herwig_plus,196,MUR1.0_MUF1.0_PDF26434,pdf,2,0.21,0.42,0.6719119548797607,0.6722995638847351,1.0005768746963934,0.0005768747068941593,0.0005768747068941593,0.05768747068941593
Herwig_plus,196,MUR1.0_MUF1.0_PDF26434,pdf,3,0.42,0.63,0.6914249062538147,0.6926401853561401,1.0017576443823957,0.0017576443497091532,0.0017576443497091532,0.17576443497091532
Herwig_plus,196,MUR1.0_MUF1.0_PDF26434,pdf,4,0.63,0.84,0.6939395666122437,0.6946232318878174,1.0009851942567727,0.00098519423045218,0.00098519423045218,0.09851942304521799
Herwig_plus,196,MUR1.0_MUF1.0_PDF26434,pdf,5,0.84,1.05,0.6589977741241455,0.6587221026420593,0.9995816807083263,-0.00041831927956081927,0.00041831927956081927,-0.04183192795608193
Herwig_plus,196,MUR1.0_MUF1.0_PDF26434,pdf,6,1.05,1.37,0.6422200798988342,0.6424417495727539,1.0003451615433054,0.00034516153391450644,0.00034516153391450644,0.034516153391450644
Herwig_plus,196,MUR1.0_MUF1.0_PDF26434,pdf,7,1.37,1.52,0.7223036289215088,0.7204238176345825,0.9973974777203694,-0.002602522261440754,0.002602522261440754,-0.2602522261440754
Herwig_plus,196,MUR1.0_MUF1.0_PDF26434,pdf,8,1.52,1.74,0.6450952887535095,0.6467990279197693,1.002641065895167,0.00264106597751379,0.00264106597751379,0.264106597751379
Herwig_plus,196,MUR1.0_MUF1.0_PDF26434,pdf,9,1.74,1.95,0.6222162246704102,0.6199753880500793,0.9963986207181952,-0.0036013792268931866,0.0036013792268931866,-0.36013792268931866
Herwig_plus,196,MUR1.0_MUF1.0_PDF26434,pdf,10,1.95,2.18,0.6321878433227539,0.6307907700538635,0.9977900978583399,-0.0022099020425230265,0.0022099020425230265,-0.22099020425230265
Herwig_plus,196,MUR1.0_MUF1.0_PDF26434,pdf,11,2.18,2.5,0.6375429630279541,0.634316623210907,0.9949394158446611,-0.005060584284365177,0.005060584284365177,-0.5060584284365177
Herwig_plus,197,MUR1.0_MUF1.0_PDF26435,pdf,1,0.0,0.21,0.665374219417572,0.6661261320114136,1.0011300597045971,0.0011300597107037902,0.0011300597107037902,0.11300597107037902
Herwig_plus,197,MUR1.0_MUF1.0_PDF26435,pdf,2,0.21,0.42,0.6719119548797607,0.6723085045814514,1.000590181047994,0.0005901810363866389,0.0005901810363866389,0.05901810363866389
Herwig_plus,197,MUR1.0_MUF1.0_PDF26435,pdf,3,0.42,0.63,0.6914249062538147,0.6925553679466248,1.0016349739249848,0.0016349739162251353,0.0016349739162251353,0.16349739162251353
Herwig_plus,197,MUR1.0_MUF1.0_PDF26435,pdf,4,0.63,0.84,0.6939395666122437,0.6946067214012146,1.0009614018584183,0.0009614018490538001,0.0009614018490538001,0.09614018490538001
Herwig_plus,197,MUR1.0_MUF1.0_PDF26435,pdf,5,0.84,1.05,0.6589977741241455,0.6588034629821777,0.999705141429004,-0.00029485856066457927,0.00029485856066457927,-0.029485856066457927
Herwig_plus,197,MUR1.0_MUF1.0_PDF26435,pdf,6,1.05,1.37,0.6422200798988342,0.6424801349639893,1.0004049313830174,0.0004049313720315695,0.0004049313720315695,0.04049313720315695
Herwig_plus,197,MUR1.0_MUF1.0_PDF26435,pdf,7,1.37,1.52,0.7223036289215088,0.7205754518508911,0.9976074091262728,-0.0023925909772515297,0.0023925909772515297,-0.23925909772515297
Herwig_plus,197,MUR1.0_MUF1.0_PDF26435,pdf,8,1.52,1.74,0.6450952887535095,0.6467220187187195,1.002521689421036,0.0025216895155608654,0.0025216895155608654,0.25216895155608654
Herwig_plus,197,MUR1.0_MUF1.0_PDF26435,pdf,9,1.74,1.95,0.6222162246704102,0.6200724244117737,0.9965545735169924,-0.003445426467806101,0.003445426467806101,-0.3445426467806101
Herwig_plus,197,MUR1.0_MUF1.0_PDF26435,pdf,10,1.95,2.18,0.6321878433227539,0.6305842995643616,0.9974635011170665,-0.0025364989414811134,0.0025364989414811134,-0.25364989414811134
Herwig_plus,197,MUR1.0_MUF1.0_PDF26435,pdf,11,2.18,2.5,0.6375429630279541,0.6340616941452026,0.9945395540620235,-0.005460445769131184,0.005460445769131184,-0.5460445769131184
Herwig_plus,198,MUR1.0_MUF1.0_PDF26436,pdf,1,0.0,0.21,0.665374219417572,0.666054368019104,1.001022204620623,0.0010222046403214335,0.0010222046403214335,0.10222046403214335
Herwig_plus,198,MUR1.0_MUF1.0_PDF26436,pdf,2,0.21,0.42,0.6719119548797607,0.6722452640533447,1.000496060787672,0.0004960607620887458,0.0004960607620887458,0.04960607620887458
Herwig_plus,198,MUR1.0_MUF1.0_PDF26436,pdf,3,0.42,0.63,0.6914249062538147,0.6924673914909363,1.0015077345749228,0.0015077345306053758,0.0015077345306053758,0.15077345306053758
Herwig_plus,198,MUR1.0_MUF1.0_PDF26436,pdf,4,0.63,0.84,0.6939395666122437,0.6945217847824097,1.0008390041412516,0.0008390041184611619,0.0008390041184611619,0.08390041184611619
Herwig_plus,198,MUR1.0_MUF1.0_PDF26436,pdf,5,0.84,1.05,0.6589977741241455,0.6586938500404358,0.9995388086338931,-0.0004611913755070418,0.0004611913755070418,-0.04611913755070418
Herwig_plus,198,MUR1.0_MUF1.0_PDF26436,pdf,6,1.05,1.37,0.6422200798988342,0.642447292804718,1.000353792902146,0.00035379291512072086,0.00035379291512072086,0.035379291512072086
Herwig_plus,198,MUR1.0_MUF1.0_PDF26436,pdf,7,1.37,1.52,0.7223036289215088,0.7207052707672119,0.9977871381365155,-0.0022128617856651545,0.0022128617856651545,-0.22128617856651545
Herwig_plus,198,MUR1.0_MUF1.0_PDF26436,pdf,8,1.52,1.74,0.6450952887535095,0.646568775177002,1.002284137629248,0.0022841375321149826,0.0022841375321149826,0.22841375321149826
Herwig_plus,198,MUR1.0_MUF1.0_PDF26436,pdf,9,1.74,1.95,0.6222162246704102,0.6202621459960938,0.9968594861451073,-0.0031405137851834297,0.0031405137851834297,-0.31405137851834297
Herwig_plus,198,MUR1.0_MUF1.0_PDF26436,pdf,10,1.95,2.18,0.6321878433227539,0.6312270164489746,0.9984801560423414,-0.0015198439359664917,0.0015198439359664917,-0.15198439359664917
Herwig_plus,198,MUR1.0_MUF1.0_PDF26436,pdf,11,2.18,2.5,0.6375429630279541,0.6351256966590881,0.9962084651403171,-0.0037915348075330257,0.0037915348075330257,-0.3791534807533026
Herwig_plus,199,MUR1.0_MUF1.0_PDF26437,pdf,1,0.0,0.21,0.665374219417572,0.6661908626556396,1.0012273442736968,0.0012273442698642612,0.0012273442698642612,0.12273442698642612
Herwig_plus,199,MUR1.0_MUF1.0_PDF26437,pdf,2,0.21,0.42,0.6719119548797607,0.672360897064209,1.000668156268374,0.0006681562517769635,0.0006681562517769635,0.06681562517769635
Herwig_plus,199,MUR1.0_MUF1.0_PDF26437,pdf,3,0.42,0.63,0.6914249062538147,0.692616879940033,1.0017239380234022,0.0017239380395039916,0.0017239380395039916,0.17239380395039916
Herwig_plus,199,MUR1.0_MUF1.0_PDF26437,pdf,4,0.63,0.84,0.6939395666122437,0.6946475505828857,1.0010202386557931,0.0010202386183664203,0.0010202386183664203,0.10202386183664203
Herwig_plus,199,MUR1.0_MUF1.0_PDF26437,pdf,5,0.84,1.05,0.6589977741241455,0.6588191390037537,0.9997289290989955,-0.00027107089408673346,0.00027107089408673346,-0.027107089408673346
Herwig_plus,199,MUR1.0_MUF1.0_PDF26437,pdf,6,1.05,1.37,0.6422200798988342,0.6425014138221741,1.0004380646637274,0.0004380646569188684,0.0004380646569188684,0.04380646569188684
Herwig_plus,199,MUR1.0_MUF1.0_PDF26437,pdf,7,1.37,1.52,0.7223036289215088,0.7205866575241089,0.9976229229251367,-0.002377077005803585,0.002377077005803585,-0.2377077005803585
Herwig_plus,199,MUR1.0_MUF1.0_PDF26437,pdf,8,1.52,1.74,0.6450952887535095,0.6467594504356384,1.002579714518369,0.0025797144044190645,0.0025797144044190645,0.25797144044190645
Herwig_plus,199,MUR1.0_MUF1.0_PDF26437,pdf,9,1.74,1.95,0.6222162246704102,0.6201052665710449,0.9966073560674452,-0.0033926439937204123,0.0033926439937204123,-0.3392643993720412
Herwig_plus,199,MUR1.0_MUF1.0_PDF26437,pdf,10,1.95,2.18,0.6321878433227539,0.6306132078170776,0.9975092284321697,-0.0024907714687287807,0.0024907714687287807,-0.24907714687287807
Herwig_plus,199,MUR1.0_MUF1.0_PDF26437,pdf,11,2.18,2.5,0.6375429630279541,0.6341395974159241,0.994661747036049,-0.005338252987712622,0.005338252987712622,-0.5338252987712622
Herwig_plus,200,MUR1.0_MUF1.0_PDF26438,pdf,1,0.0,0.21,0.665374219417572,0.6660064458847046,1.0009501817904607,0.000950181798543781,0.000950181798543781,0.0950181798543781
Herwig_plus,200,MUR1.0_MUF1.0_PDF26438,pdf,2,0.21,0.42,0.6719119548797607,0.6722052097320557,1.0004364483325012,0.00043644834659062326,0.00043644834659062326,0.043644834659062326
Herwig_plus,200,MUR1.0_MUF1.0_PDF26438,pdf,3,0.42,0.63,0.6914249062538147,0.6924237012863159,1.0014445459275003,0.0014445459237322211,0.0014445459237322211,0.1444545923732221
Herwig_plus,200,MUR1.0_MUF1.0_PDF26438,pdf,4,0.63,0.84,0.6939395666122437,0.6944936513900757,1.0007984625816007,0.0007984625990502536,0.0007984625990502536,0.07984625990502536
Herwig_plus,200,MUR1.0_MUF1.0_PDF26438,pdf,5,0.84,1.05,0.6589977741241455,0.6586799025535583,0.9995176439389197,-0.0004823560593649745,0.0004823560593649745,-0.04823560593649745
Herwig_plus,200,MUR1.0_MUF1.0_PDF26438,pdf,6,1.05,1.37,0.6422200798988342,0.6424360275268555,1.0003362517535348,0.0003362517454661429,0.0003362517454661429,0.03362517454661429
Herwig_plus,200,MUR1.0_MUF1.0_PDF26438,pdf,7,1.37,1.52,0.7223036289215088,0.7207081913948059,0.9977911816266449,-0.0022088184487074614,0.0022088184487074614,-0.22088184487074614
Herwig_plus,200,MUR1.0_MUF1.0_PDF26438,pdf,8,1.52,1.74,0.6450952887535095,0.6465462446212769,1.002249211694866,0.002249211771413684,0.002249211771413684,0.2249211771413684
Herwig_plus,200,MUR1.0_MUF1.0_PDF26438,pdf,9,1.74,1.95,0.6222162246704102,0.6202499866485596,0.9968399441482065,-0.00316005595959723,0.00316005595959723,-0.316005595959723
Herwig_plus,200,MUR1.0_MUF1.0_PDF26438,pdf,10,1.95,2.18,0.6321878433227539,0.6312276721000671,0.9984811931567046,-0.0015188067918643355,0.0015188067918643355,-0.15188067918643355
Herwig_plus,200,MUR1.0_MUF1.0_PDF26438,pdf,11,2.18,2.5,0.6375429630279541,0.6350905895233154,0.9961533988345015,-0.003846601117402315,0.003846601117402315,-0.3846601117402315
Herwig_plus,201,MUR1.0_MUF1.0_PDF26439,pdf,1,0.0,0.21,0.665374219417572,0.665835440158844,1.0006931749499939,0.0006931749521754682,0.0006931749521754682,0.06931749521754682
Herwig_plus,201,MUR1.0_MUF1.0_PDF26439,pdf,2,0.21,0.42,0.6719119548797607,0.6721669435501099,1.0003794971476505,0.00037949715624563396,0.00037949715624563396,0.037949715624563396
Herwig_plus,201,MUR1.0_MUF1.0_PDF26439,pdf,3,0.42,0.63,0.6914249062538147,0.6919013261795044,1.000689040735126,0.0006890407530590892,0.0006890407530590892,0.06890407530590892
Herwig_plus,201,MUR1.0_MUF1.0_PDF26439,pdf,4,0.63,0.84,0.6939395666122437,0.6940792798995972,1.0002013335080973,0.00020133350335527211,0.00020133350335527211,0.02013335033552721
Herwig_plus,201,MUR1.0_MUF1.0_PDF26439,pdf,5,0.84,1.05,0.6589977741241455,0.6585225462913513,0.9992788627648617,-0.000721137213986367,0.000721137213986367,-0.0721137213986367
Herwig_plus,201,MUR1.0_MUF1.0_PDF26439,pdf,6,1.05,1.37,0.6422200798988342,0.6423071622848511,1.0001355958630733,0.0001355958665953949,0.0001355958665953949,0.013559586659539491
Herwig_plus,201,MUR1.0_MUF1.0_PDF26439,pdf,7,1.37,1.52,0.7223036289215088,0.7216678857803345,0.9991198394750923,-0.0008801605436019599,0.0008801605436019599,-0.088016054360196
Herwig_plus,201,MUR1.0_MUF1.0_PDF26439,pdf,8,1.52,1.74,0.6450952887535095,0.645354151725769,1.000401278658785,0.00040127866668626666,0.00040127866668626666,0.040127866668626666
Herwig_plus,201,MUR1.0_MUF1.0_PDF26439,pdf,9,1.74,1.95,0.6222162246704102,0.6214237213134766,0.9987263216137551,-0.001273678382858634,0.001273678382858634,-0.1273678382858634
Herwig_plus,201,MUR1.0_MUF1.0_PDF26439,pdf,10,1.95,2.18,0.6321878433227539,0.6332210302352905,1.0016343036701025,0.0016343037132173777,0.0016343037132173777,0.16343037132173777
Herwig_plus,201,MUR1.0_MUF1.0_PDF26439,pdf,11,2.18,2.5,0.6375429630279541,0.6395751237869263,1.0031874883369751,0.0031874882988631725,0.0031874882988631725,0.31874882988631725
Herwig_plus,202,MUR1.0_MUF1.0_PDF26440,pdf,1,0.0,0.21,0.665374219417572,0.6662077307701111,1.0012526955932688,0.0012526955688372254,0.0012526955688372254,0.12526955688372254
Herwig_plus,202,MUR1.0_MUF1.0_PDF26440,pdf,2,0.21,0.42,0.6719119548797607,0.6723065972328186,1.0005873423596525,0.0005873423651792109,0.0005873423651792109,0.05873423651792109
Herwig_plus,202,MUR1.0_MUF1.0_PDF26440,pdf,3,0.42,0.63,0.6914249062538147,0.6928446888923645,1.0020534155274248,0.002053415635600686,0.002053415635600686,0.2053415635600686
Herwig_plus,202,MUR1.0_MUF1.0_PDF26440,pdf,4,0.63,0.84,0.6939395666122437,0.6947419047355652,1.0011562074882665,0.0011562075233086944,0.0011562075233086944,0.11562075233086944
Herwig_plus,202,MUR1.0_MUF1.0_PDF26440,pdf,5,0.84,1.05,0.6589977741241455,0.6588030457496643,0.9997045082971031,-0.0002954917144961655,0.0002954917144961655,-0.02954917144961655
Herwig_plus,202,MUR1.0_MUF1.0_PDF26440,pdf,6,1.05,1.37,0.6422200798988342,0.6424413919448853,1.0003446046814448,0.00034460469032637775,0.00034460469032637775,0.034460469032637775
Herwig_plus,202,MUR1.0_MUF1.0_PDF26440,pdf,7,1.37,1.52,0.7223036289215088,0.7200731039047241,0.9969119288240111,-0.0030880712438374758,0.0030880712438374758,-0.3088071243837476
Herwig_plus,202,MUR1.0_MUF1.0_PDF26440,pdf,8,1.52,1.74,0.6450952887535095,0.6472160816192627,1.00328756526784,0.0032875651959329844,0.0032875651959329844,0.32875651959329844
Herwig_plus,202,MUR1.0_MUF1.0_PDF26440,pdf,9,1.74,1.95,0.6222162246704102,0.6193206310272217,0.9953463225027244,-0.004653677344322205,0.004653677344322205,-0.46536773443222046
Herwig_plus,202,MUR1.0_MUF1.0_PDF26440,pdf,10,1.95,2.18,0.6321878433227539,0.6301377415657043,0.9967571319526262,-0.00324286799877882,0.00324286799877882,-0.324286799877882
Herwig_plus,202,MUR1.0_MUF1.0_PDF26440,pdf,11,2.18,2.5,0.6375429630279541,0.6323210000991821,0.991809237601854,-0.008190762251615524,0.008190762251615524,-0.8190762251615524
Herwig_plus,203,MUR1.0_MUF1.0_PDF26441,pdf,1,0.0,0.21,0.665374219417572,0.6665220856666565,1.0017251438597805,0.001725143869407475,0.001725143869407475,0.1725143869407475
Herwig_plus,203,MUR1.0_MUF1.0_PDF26441,pdf,2,0.21,0.42,0.6719119548797607,0.6725889444351196,1.001007556943201,0.0010075569152832031,0.0010075569152832031,0.10075569152832031
Herwig_plus,203,MUR1.0_MUF1.0_PDF26441,pdf,3,0.42,0.63,0.6914249062538147,0.6927868127822876,1.0019697099658325,0.0019697099924087524,0.0019697099924087524,0.19697099924087524
Herwig_plus,203,MUR1.0_MUF1.0_PDF26441,pdf,4,0.63,0.84,0.6939395666122437,0.694665789604187,1.0010465219550584,0.001046521938405931,0.001046521938405931,0.1046521938405931
Herwig_plus,203,MUR1.0_MUF1.0_PDF26441,pdf,5,0.84,1.05,0.6589977741241455,0.6584857702255249,0.9992230567101671,-0.0007769432850182056,0.0007769432850182056,-0.07769432850182056
Herwig_plus,203,MUR1.0_MUF1.0_PDF26441,pdf,6,1.05,1.37,0.6422200798988342,0.642473042011261,1.0003938869561142,0.0003938869631383568,0.0003938869631383568,0.03938869631383568
Herwig_plus,203,MUR1.0_MUF1.0_PDF26441,pdf,7,1.37,1.52,0.7223036289215088,0.7207485437393188,0.9978470478065964,-0.0021529521327465773,0.0021529521327465773,-0.21529521327465773
Herwig_plus,203,MUR1.0_MUF1.0_PDF26441,pdf,8,1.52,1.74,0.6450952887535095,0.6464890837669373,1.002160603305786,0.0021606034133583307,0.0021606034133583307,0.21606034133583307
Herwig_plus,203,MUR1.0_MUF1.0_PDF26441,pdf,9,1.74,1.95,0.6222162246704102,0.6210981011390686,0.9982029984320421,-0.001797001576051116,0.001797001576051116,-0.1797001576051116
Herwig_plus,203,MUR1.0_MUF1.0_PDF26441,pdf,10,1.95,2.18,0.6321878433227539,0.6323570013046265,1.000267575505697,0.0002675754949450493,0.0002675754949450493,0.02675754949450493
Herwig_plus,203,MUR1.0_MUF1.0_PDF26441,pdf,11,2.18,2.5,0.6375429630279541,0.6385190486907959,1.0015310115858012,0.0015310115413740277,0.0015310115413740277,0.15310115413740277
Herwig_plus,204,MUR1.0_MUF1.0_PDF26442,pdf,1,0.0,0.21,0.665374219417572,0.6659370064735413,1.0008458203512332,0.0008458203519694507,0.0008458203519694507,0.08458203519694507
Herwig_plus,204,MUR1.0_MUF1.0_PDF26442,pdf,2,0.21,0.42,0.6719119548797607,0.6721032857894897,1.0002847559242538,0.00028475592262111604,0.00028475592262111604,0.028475592262111604
Herwig_plus,204,MUR1.0_MUF1.0_PDF26442,pdf,3,0.42,0.63,0.6914249062538147,0.692441999912262,1.001471011022669,0.0014710109680891037,0.0014710109680891037,0.14710109680891037
Herwig_plus,204,MUR1.0_MUF1.0_PDF26442,pdf,4,0.63,0.84,0.6939395666122437,0.6944432854652405,1.0007258828826493,0.000725882884580642,0.000725882884580642,0.0725882884580642
Herwig_plus,204,MUR1.0_MUF1.0_PDF26442,pdf,5,0.84,1.05,0.6589977741241455,0.658667266368866,0.9994984690870636,-0.0005015308852307498,0.0005015308852307498,-0.050153088523074985
Herwig_plus,204,MUR1.0_MUF1.0_PDF26442,pdf,6,1.05,1.37,0.6422200798988342,0.6423276662826538,1.0001675226097517,0.00016752260853536427,0.00016752260853536427,0.016752260853536427
Herwig_plus,204,MUR1.0_MUF1.0_PDF26442,pdf,7,1.37,1.52,0.7223036289215088,0.7204588055610657,0.9974459170817158,-0.0025540830101817846,0.0025540830101817846,-0.25540830101817846
Herwig_plus,204,MUR1.0_MUF1.0_PDF26442,pdf,8,1.52,1.74,0.6450952887535095,0.6465868353843689,1.0023121338147445,0.002312133787199855,0.002312133787199855,0.23121337871998549
Herwig_plus,204,MUR1.0_MUF1.0_PDF26442,pdf,9,1.74,1.95,0.6222162246704102,0.6196882724761963,0.9959371805266684,-0.004062819294631481,0.004062819294631481,-0.4062819294631481
Herwig_plus,204,MUR1.0_MUF1.0_PDF26442,pdf,10,1.95,2.18,0.6321878433227539,0.6310901641845703,0.9982636819898114,-0.0017363179940730333,0.0017363179940730333,-0.17363179940730333
Herwig_plus,204,MUR1.0_MUF1.0_PDF26442,pdf,11,2.18,2.5,0.6375429630279541,0.6341418623924255,0.9946652997009404,-0.005334700457751751,0.005334700457751751,-0.5334700457751751
Herwig_plus,205,MUR1.0_MUF1.0_PDF26443,pdf,1,0.0,0.21,0.665374219417572,0.6660773158073425,1.001056693164917,0.0010566931450739503,0.0010566931450739503,0.10566931450739503
Herwig_plus,205,MUR1.0_MUF1.0_PDF26443,pdf,2,0.21,0.42,0.6719119548797607,0.6723114252090454,1.000594527789517,0.0005945278098806739,0.0005945278098806739,0.05945278098806739
Herwig_plus,205,MUR1.0_MUF1.0_PDF26443,pdf,3,0.42,0.63,0.6914249062538147,0.692375123500824,1.0013742884272967,0.0013742884621024132,0.0013742884621024132,0.13742884621024132
Herwig_plus,205,MUR1.0_MUF1.0_PDF26443,pdf,4,0.63,0.84,0.6939395666122437,0.6945232152938843,1.000841065576488,0.0008410656009800732,0.0008410656009800732,0.08410656009800732
Herwig_plus,205,MUR1.0_MUF1.0_PDF26443,pdf,5,0.84,1.05,0.6589977741241455,0.6589142680168152,0.9998732831724033,-0.0001267168263439089,0.0001267168263439089,-0.01267168263439089
Herwig_plus,205,MUR1.0_MUF1.0_PDF26443,pdf,6,1.05,1.37,0.6422200798988342,0.6424887180328369,1.0004182960676735,0.0004182960547041148,0.0004182960547041148,0.04182960547041148
Herwig_plus,205,MUR1.0_MUF1.0_PDF26443,pdf,7,1.37,1.52,0.7223036289215088,0.7208217978477478,0.997948465140659,-0.00205153482966125,0.00205153482966125,-0.205153482966125
Herwig_plus,205,MUR1.0_MUF1.0_PDF26443,pdf,8,1.52,1.74,0.6450952887535095,0.6464642286300659,1.0021220739019836,0.0021220738999545574,0.0021220738999545574,0.21220738999545574
Herwig_plus,205,MUR1.0_MUF1.0_PDF26443,pdf,9,1.74,1.95,0.6222162246704102,0.6202501654624939,0.9968402315305138,-0.0031597684137523174,0.0031597684137523174,-0.31597684137523174
Herwig_plus,205,MUR1.0_MUF1.0_PDF26443,pdf,10,1.95,2.18,0.6321878433227539,0.630399763584137,0.997171600565397,-0.0028283994179219007,0.0028283994179219007,-0.2828399417921901
Herwig_plus,205,MUR1.0_MUF1.0_PDF26443,pdf,11,2.18,2.5,0.6375429630279541,0.6340449452400208,0.9945132830400639,-0.005486716981977224,0.005486716981977224,-0.5486716981977224
Herwig_plus,206,MUR1.0_MUF1.0_PDF26444,pdf,1,0.0,0.21,0.665374219417572,0.6662188768386841,1.001269447171926,0.0012694471515715122,0.0012694471515715122,0.12694471515715122
Herwig_plus,206,MUR1.0_MUF1.0_PDF26444,pdf,2,0.21,0.42,0.6719119548797607,0.6720709800720215,1.0002366756404701,0.0002366756380070001,0.0002366756380070001,0.02366756380070001
Herwig_plus,206,MUR1.0_MUF1.0_PDF26444,pdf,3,0.42,0.63,0.6914249062538147,0.6931114792823792,1.0024392714426538,0.0024392714258283377,0.0024392714258283377,0.24392714258283377
Herwig_plus,206,MUR1.0_MUF1.0_PDF26444,pdf,4,0.63,0.84,0.6939395666122437,0.6947217583656311,1.001127175608686,0.0011271756375208497,0.0011271756375208497,0.11271756375208497
Herwig_plus,206,MUR1.0_MUF1.0_PDF26444,pdf,5,0.84,1.05,0.6589977741241455,0.6580035090446472,0.9984912466801277,-0.0015087532810866833,0.0015087532810866833,-0.15087532810866833
Herwig_plus,206,MUR1.0_MUF1.0_PDF26444,pdf,6,1.05,1.37,0.6422200798988342,0.6423079967498779,1.0001368952074148,0.00013689520710613579,0.00013689520710613579,0.013689520710613579
Herwig_plus,206,MUR1.0_MUF1.0_PDF26444,pdf,7,1.37,1.52,0.7223036289215088,0.719619631767273,0.9962841150912624,-0.0037158848717808723,0.0037158848717808723,-0.37158848717808723
Herwig_plus,206,MUR1.0_MUF1.0_PDF26444,pdf,8,1.52,1.74,0.6450952887535095,0.6475800275802612,1.0038517392237554,0.0038517392240464687,0.0038517392240464687,0.3851739224046469
Herwig_plus,206,MUR1.0_MUF1.0_PDF26444,pdf,9,1.74,1.95,0.6222162246704102,0.619583010673523,0.9957680081417324,-0.004231991712003946,0.004231991712003946,-0.42319917120039463
Herwig_plus,206,MUR1.0_MUF1.0_PDF26444,pdf,10,1.95,2.18,0.6321878433227539,0.6328845024108887,1.0011019811524264,0.0011019811499863863,0.0011019811499863863,0.11019811499863863
Herwig_plus,206,MUR1.0_MUF1.0_PDF26444,pdf,11,2.18,2.5,0.6375429630279541,0.6365833878517151,0.9984948854714331,-0.0015051144873723388,0.0015051144873723388,-0.15051144873723388
Herwig_plus,207,MUR1.0_MUF1.0_PDF26445,pdf,1,0.0,0.21,0.665374219417572,0.6660690307617188,1.0010442414567173,0.0010442414786666632,0.0010442414786666632,0.10442414786666632
Herwig_plus,207,MUR1.0_MUF1.0_PDF26445,pdf,2,0.21,0.42,0.6719119548797607,0.6722368597984314,1.0004835528171676,0.0004835528088733554,0.0004835528088733554,0.04835528088733554
Herwig_plus,207,MUR1.0_MUF1.0_PDF26445,pdf,3,0.42,0.63,0.6914249062538147,0.6925517320632935,1.0016297153881597,0.0016297154361382127,0.0016297154361382127,0.16297154361382127
Herwig_plus,207,MUR1.0_MUF1.0_PDF26445,pdf,4,0.63,0.84,0.6939395666122437,0.6945595741271973,1.000893460388749,0.0008934604120440781,0.0008934604120440781,0.08934604120440781
Herwig_plus,207,MUR1.0_MUF1.0_PDF26445,pdf,5,0.84,1.05,0.6589977741241455,0.6586361527442932,0.9994512555367385,-0.0005487444577738643,0.0005487444577738643,-0.05487444577738643
Herwig_plus,207,MUR1.0_MUF1.0_PDF26445,pdf,6,1.05,1.37,0.6422200798988342,0.6424440741539001,1.0003487811454,0.00034878114820457995,0.00034878114820457995,0.034878114820457995
Herwig_plus,207,MUR1.0_MUF1.0_PDF26445,pdf,7,1.37,1.52,0.7223036289215088,0.7205982208251953,0.997638931845241,-0.002361068269237876,0.002361068269237876,-0.2361068269237876
Herwig_plus,207,MUR1.0_MUF1.0_PDF26445,pdf,8,1.52,1.74,0.6450952887535095,0.6466901898384094,1.0024723496089727,0.002472349675372243,0.002472349675372243,0.2472349675372243
Herwig_plus,207,MUR1.0_MUF1.0_PDF26445,pdf,9,1.74,1.95,0.6222162246704102,0.6201781630516052,0.9967245122547479,-0.003275487804785371,0.003275487804785371,-0.3275487804785371
Herwig_plus,207,MUR1.0_MUF1.0_PDF26445,pdf,10,1.95,2.18,0.6321878433227539,0.6313450932502747,0.9986669309108354,-0.0013330690562725067,0.0013330690562725067,-0.13330690562725067
Herwig_plus,207,MUR1.0_MUF1.0_PDF26445,pdf,11,2.18,2.5,0.6375429630279541,0.635167121887207,0.996273441511356,-0.0037265585269778967,0.0037265585269778967,-0.37265585269778967
Herwig_plus,208,MUR1.0_MUF1.0_PDF26446,pdf,1,0.0,0.21,0.665374219417572,0.6661033630371094,1.0010958399022065,0.00109583989251405,0.00109583989251405,0.109583989251405
Herwig_plus,208,MUR1.0_MUF1.0_PDF26446,pdf,2,0.21,0.42,0.6719119548797607,0.6723020672798157,1.0005806004748417,0.0005806004628539085,0.0005806004628539085,0.058060046285390854
Herwig_plus,208,MUR1.0_MUF1.0_PDF26446,pdf,3,0.42,0.63,0.6914249062538147,0.6923902034759521,1.0013960984242924,0.001396098406985402,0.001396098406985402,0.1396098406985402
Herwig_plus,208,MUR1.0_MUF1.0_PDF26446,pdf,4,0.63,0.84,0.6939395666122437,0.6945558190345764,1.000888049121253,0.0008880491368472576,0.0008880491368472576,0.08880491368472576
Herwig_plus,208,MUR1.0_MUF1.0_PDF26446,pdf,5,0.84,1.05,0.6589977741241455,0.658974289894104,0.9999643637187201,-3.563627979019657e-05,3.563627979019657e-05,-0.0035636279790196568
Herwig_plus,208,MUR1.0_MUF1.0_PDF26446,pdf,6,1.05,1.37,0.6422200798988342,0.6425063610076904,1.0004457679194667,0.0004457679169718176,0.0004457679169718176,0.04457679169718176
Herwig_plus,208,MUR1.0_MUF1.0_PDF26446,pdf,7,1.37,1.52,0.7223036289215088,0.7206968665122986,0.9977755027873676,-0.002224497264251113,0.002224497264251113,-0.2224497264251113
Herwig_plus,208,MUR1.0_MUF1.0_PDF26446,pdf,8,1.52,1.74,0.6450952887535095,0.6466305255889893,1.002379860560517,0.002379860496148467,0.002379860496148467,0.2379860496148467
Herwig_plus,208,MUR1.0_MUF1.0_PDF26446,pdf,9,1.74,1.95,0.6222162246704102,0.620136022567749,0.996656785824312,-0.0033432142809033394,0.0033432142809033394,-0.33432142809033394
Herwig_plus,208,MUR1.0_MUF1.0_PDF26446,pdf,10,1.95,2.18,0.6321878433227539,0.6299155950546265,0.9964057387497606,-0.003594261361286044,0.003594261361286044,-0.3594261361286044
Herwig_plus,208,MUR1.0_MUF1.0_PDF26446,pdf,11,2.18,2.5,0.6375429630279541,0.633213222026825,0.9932087070954945,-0.006791292689740658,0.006791292689740658,-0.6791292689740658
Herwig_plus,209,MUR1.0_MUF1.0_PDF26447,pdf,1,0.0,0.21,0.665374219417572,0.6657812595367432,1.000611746153206,0.0006117461598478258,0.0006117461598478258,0.06117461598478258
Herwig_plus,209,MUR1.0_MUF1.0_PDF26447,pdf,2,0.21,0.42,0.6719119548797607,0.6720974445343018,1.0002760624412081,0.00027606243384070694,0.00027606243384070694,0.027606243384070694
Herwig_plus,209,MUR1.0_MUF1.0_PDF26447,pdf,3,0.42,0.63,0.6914249062538147,0.6923210620880127,1.0012961000190945,0.0012960999738425016,0.0012960999738425016,0.12960999738425016
Herwig_plus,209,MUR1.0_MUF1.0_PDF26447,pdf,4,0.63,0.84,0.6939395666122437,0.6945059299468994,1.0008161565673805,0.0008161565638147295,0.0008161565638147295,0.08161565638147295
Herwig_plus,209,MUR1.0_MUF1.0_PDF26447,pdf,5,0.84,1.05,0.6589977741241455,0.6587151288986206,0.9995710983608396,-0.00042890163604170084,0.00042890163604170084,-0.042890163604170084
Herwig_plus,209,MUR1.0_MUF1.0_PDF26447,pdf,6,1.05,1.37,0.6422200798988342,0.6425573229789734,1.0005251207346122,0.0005251207621768117,0.0005251207621768117,0.05251207621768117
Herwig_plus,209,MUR1.0_MUF1.0_PDF26447,pdf,7,1.37,1.52,0.7223036289215088,0.7209630012512207,0.9981439555103858,-0.0018560445168986917,0.0018560445168986917,-0.18560445168986917
Herwig_plus,209,MUR1.0_MUF1.0_PDF26447,pdf,8,1.52,1.74,0.6450952887535095,0.6465540528297424,1.0022613156562523,0.002261315705254674,0.002261315705254674,0.2261315705254674
Herwig_plus,209,MUR1.0_MUF1.0_PDF26447,pdf,9,1.74,1.95,0.6222162246704102,0.6204116344451904,0.9970997377540651,-0.0029002621304243803,0.0029002621304243803,-0.29002621304243803
Herwig_plus,209,MUR1.0_MUF1.0_PDF26447,pdf,10,1.95,2.18,0.6321878433227539,0.630977213382721,0.998085015469975,-0.0019149845466017723,0.0019149845466017723,-0.19149845466017723
Herwig_plus,209,MUR1.0_MUF1.0_PDF26447,pdf,11,2.18,2.5,0.6375429630279541,0.6349114775657654,0.9958724578345423,-0.004127542022615671,0.004127542022615671,-0.4127542022615671
Herwig_plus,210,MUR1.0_MUF1.0_PDF26448,pdf,1,0.0,0.21,0.665374219417572,0.666133463382721,1.0011410781226444,0.001141078071668744,0.001141078071668744,0.11410780716687441
Herwig_plus,210,MUR1.0_MUF1.0_PDF26448,pdf,2,0.21,0.42,0.6719119548797607,0.6722291111946106,1.0004720206457802,0.0004720206488855183,0.0004720206488855183,0.04720206488855183
Herwig_plus,210,MUR1.0_MUF1.0_PDF26448,pdf,3,0.42,0.63,0.6914249062538147,0.6924834251403809,1.001530923860266,0.001530923880636692,0.001530923880636692,0.1530923880636692
Herwig_plus,210,MUR1.0_MUF1.0_PDF26448,pdf,4,0.63,0.84,0.6939395666122437,0.6945367455482483,1.0008605633180998,0.0008605633047409356,0.0008605633047409356,0.08605633047409356
Herwig_plus,210,MUR1.0_MUF1.0_PDF26448,pdf,5,0.84,1.05,0.6589977741241455,0.6586754322052002,0.9995108603828385,-0.0004891396383754909,0.0004891396383754909,-0.04891396383754909
Herwig_plus,210,MUR1.0_MUF1.0_PDF26448,pdf,6,1.05,1.37,0.6422200798988342,0.6424431204795837,1.000347296180438,0.000347296183463186,0.000347296183463186,0.0347296183463186
Herwig_plus,210,MUR1.0_MUF1.0_PDF26448,pdf,7,1.37,1.52,0.7223036289215088,0.7205275893211365,0.9975411454002742,-0.002458854578435421,0.002458854578435421,-0.2458854578435421
Herwig_plus,210,MUR1.0_MUF1.0_PDF26448,pdf,8,1.52,1.74,0.6450952887535095,0.6467642784118652,1.0025871986471653,0.002587198745459318,0.002587198745459318,0.2587198745459318
Herwig_plus,210,MUR1.0_MUF1.0_PDF26448,pdf,9,1.74,1.95,0.6222162246704102,0.6202681064605713,0.9968690655553529,-0.0031309344340115786,0.0031309344340115786,-0.31309344340115786
Herwig_plus,210,MUR1.0_MUF1.0_PDF26448,pdf,10,1.95,2.18,0.6321878433227539,0.631055474281311,0.9982088092116875,-0.0017911908216774464,0.0017911908216774464,-0.17911908216774464
Herwig_plus,210,MUR1.0_MUF1.0_PDF26448,pdf,11,2.18,2.5,0.6375429630279541,0.6348856091499329,0.9958318826618361,-0.004168117418885231,0.004168117418885231,-0.4168117418885231
Herwig_plus,211,MUR1.0_MUF1.0_PDF26449,pdf,1,0.0,0.21,0.665374219417572,0.666361391544342,1.0014836344690874,0.0014836344635114074,0.0014836344635114074,0.14836344635114074
Herwig_plus,211,MUR1.0_MUF1.0_PDF26449,pdf,2,0.21,0.42,0.6719119548797607,0.6722670793533325,1.0005285282855778,0.000528528296854347,0.000528528296854347,0.0528528296854347
Herwig_plus,211,MUR1.0_MUF1.0_PDF26449,pdf,3,0.42,0.63,0.6914249062538147,0.6929650902748108,1.0022275506813039,0.00222755060531199,0.00222755060531199,0.22275506053119898
Herwig_plus,211,MUR1.0_MUF1.0_PDF26449,pdf,4,0.63,0.84,0.6939395666122437,0.6944596767425537,1.000749503494734,0.0007495034951716661,0.0007495034951716661,0.07495034951716661
Herwig_plus,211,MUR1.0_MUF1.0_PDF26449,pdf,5,0.84,1.05,0.6589977741241455,0.6582410931587219,0.9988517700739896,-0.00114822993054986,0.00114822993054986,-0.114822993054986
Herwig_plus,211,MUR1.0_MUF1.0_PDF26449,pdf,6,1.05,1.37,0.6422200798988342,0.6419910788536072,0.9996434227885508,-0.00035657722037285566,0.00035657722037285566,-0.035657722037285566
Herwig_plus,211,MUR1.0_MUF1.0_PDF26449,pdf,7,1.37,1.52,0.7223036289215088,0.7197638750076294,0.9964838139915321,-0.0035161860287189484,0.0035161860287189484,-0.35161860287189484
Herwig_plus,211,MUR1.0_MUF1.0_PDF26449,pdf,8,1.52,1.74,0.6450952887535095,0.6464722156524658,1.0021344550533253,0.0021344551350921392,0.0021344551350921392,0.21344551350921392
Herwig_plus,211,MUR1.0_MUF1.0_PDF26449,pdf,9,1.74,1.95,0.6222162246704102,0.6192049980163574,0.9951604819439612,-0.00483951810747385,0.00483951810747385,-0.483951810747385
Herwig_plus,211,MUR1.0_MUF1.0_PDF26449,pdf,10,1.95,2.18,0.6321878433227539,0.6327399015426636,1.0008732502937863,0.0008732503047212958,0.0008732503047212958,0.08732503047212958
Herwig_plus,211,MUR1.0_MUF1.0_PDF26449,pdf,11,2.18,2.5,0.6375429630279541,0.6368415355682373,0.9988997957778635,-0.00110020418651402,0.00110020418651402,-0.110020418651402
Herwig_plus,212,MUR1.0_MUF1.0_PDF26450,pdf,1,0.0,0.21,0.665374219417572,0.665665864944458,1.0004383180447558,0.00043831803486682475,0.00043831803486682475,0.043831803486682475
Herwig_plus,212,MUR1.0_MUF1.0_PDF26450,pdf,2,0.21,0.42,0.6719119548797607,0.6720817685127258,1.0002527319714016,0.00025273195933550596,0.00025273195933550596,0.025273195933550596
Herwig_plus,212,MUR1.0_MUF1.0_PDF26450,pdf,3,0.42,0.63,0.6914249062538147,0.6917188763618469,1.0004251656331342,0.00042516563553363085,0.00042516563553363085,0.042516563553363085
Herwig_plus,212,MUR1.0_MUF1.0_PDF26450,pdf,4,0.63,0.84,0.6939395666122437,0.6945896744728088,1.00093683642185,0.0009368364117108285,0.0009368364117108285,0.09368364117108285
Herwig_plus,212,MUR1.0_MUF1.0_PDF26450,pdf,5,0.84,1.05,0.6589977741241455,0.6588943004608154,0.9998429832885739,-0.00015701670781709254,0.00015701670781709254,-0.015701670781709254
Herwig_plus,212,MUR1.0_MUF1.0_PDF26450,pdf,6,1.05,1.37,0.6422200798988342,0.6431835293769836,1.001500185852646,0.0015001858118921518,0.0015001858118921518,0.15001858118921518
Herwig_plus,212,MUR1.0_MUF1.0_PDF26450,pdf,7,1.37,1.52,0.7223036289215088,0.7215532660484314,0.998961153117564,-0.0010388469090685248,0.0010388469090685248,-0.10388469090685248
Herwig_plus,212,MUR1.0_MUF1.0_PDF26450,pdf,8,1.52,1.74,0.6450952887535095,0.6466407775878906,1.0023957527846272,0.0023957528173923492,0.0023957528173923492,0.23957528173923492
Herwig_plus,212,MUR1.0_MUF1.0_PDF26450,pdf,9,1.74,1.95,0.6222162246704102,0.6225852370262146,1.0005930612883005,0.0005930612678639591,0.0005930612678639591,0.05930612678639591
Herwig_plus,212,MUR1.0_MUF1.0_PDF26450,pdf,10,1.95,2.18,0.6321878433227539,0.6261851787567139,0.9905049351558387,-0.009495064616203308,0.009495064616203308,-0.9495064616203308
Herwig_plus,212,MUR1.0_MUF1.0_PDF26450,pdf,11,2.18,2.5,0.6375429630279541,0.6339712738990784,0.9943977279399143,-0.005602272227406502,0.005602272227406502,-0.5602272227406502
Herwig_plus,213,MUR1.0_MUF1.0_PDF26451,pdf,1,0.0,0.21,0.665374219417572,0.6660850048065186,1.0010682490667713,0.001068249111995101,0.001068249111995101,0.1068249111995101
Herwig_plus,213,MUR1.0_MUF1.0_PDF26451,pdf,2,0.21,0.42,0.6719119548797607,0.6722734570503235,1.0005380201497196,0.0005380201619118452,0.0005380201619118452,0.05380201619118452
Herwig_plus,213,MUR1.0_MUF1.0_PDF26451,pdf,3,0.42,0.63,0.6914249062538147,0.6925075054168701,1.0015657508910418,0.0015657509211450815,0.0015657509211450815,0.15657509211450815
Herwig_plus,213,MUR1.0_MUF1.0_PDF26451,pdf,4,0.63,0.84,0.6939395666122437,0.6945610046386719,1.0008955218239854,0.0008955218363553286,0.0008955218363553286,0.08955218363553286
Herwig_plus,213,MUR1.0_MUF1.0_PDF26451,pdf,5,0.84,1.05,0.6589977741241455,0.6587415337562561,0.9996111665654258,-0.0003888334322255105,0.0003888334322255105,-0.03888334322255105
Herwig_plus,213,MUR1.0_MUF1.0_PDF26451,pdf,6,1.05,1.37,0.6422200798988342,0.6424623131752014,1.0003771811002942,0.00037718110252171755,0.00037718110252171755,0.037718110252171755
Herwig_plus,213,MUR1.0_MUF1.0_PDF26451,pdf,7,1.37,1.52,0.7223036289215088,0.720649242401123,0.9977095691421959,-0.0022904309444129467,0.0022904309444129467,-0.22904309444129467
Herwig_plus,213,MUR1.0_MUF1.0_PDF26451,pdf,8,1.52,1.74,0.6450952887535095,0.6466351747512817,1.0023870674993576,0.002387067535892129,0.002387067535892129,0.2387067535892129
Herwig_plus,213,MUR1.0_MUF1.0_PDF26451,pdf,9,1.74,1.95,0.6222162246704102,0.6201795935630798,0.9967268113132068,-0.003273188602179289,0.003273188602179289,-0.3273188602179289
Herwig_plus,213,MUR1.0_MUF1.0_PDF26451,pdf,10,1.95,2.18,0.6321878433227539,0.6309454441070557,0.9980347625649234,-0.0019652375485748053,0.0019652375485748053,-0.19652375485748053
Herwig_plus,213,MUR1.0_MUF1.0_PDF26451,pdf,11,2.18,2.5,0.6375429630279541,0.6346586346626282,0.9954758682432521,-0.0045241317711770535,0.0045241317711770535,-0.45241317711770535
Herwig_plus,214,MUR1.0_MUF1.0_PDF26452,pdf,1,0.0,0.21,0.665374219417572,0.6660854816436768,1.0010689657118477,0.0010689657647162676,0.0010689657647162676,0.10689657647162676
Herwig_plus,214,MUR1.0_MUF1.0_PDF26452,pdf,2,0.21,0.42,0.6719119548797607,0.6722735166549683,1.0005381088587302,0.0005381088703870773,0.0005381088703870773,0.05381088703870773
Herwig_plus,214,MUR1.0_MUF1.0_PDF26452,pdf,3,0.42,0.63,0.6914249062538147,0.692507266998291,1.001565406068955,0.0015654060989618301,0.0015654060989618301,0.15654060989618301
Herwig_plus,214,MUR1.0_MUF1.0_PDF26452,pdf,4,0.63,0.84,0.6939395666122437,0.6945610642433167,1.0008956077171203,0.0008956076926551759,0.0008956076926551759,0.08956076926551759
Herwig_plus,214,MUR1.0_MUF1.0_PDF26452,pdf,5,0.84,1.05,0.6589977741241455,0.6587411761283875,0.9996106238809394,-0.0003893761313520372,0.0003893761313520372,-0.03893761313520372
Herwig_plus,214,MUR1.0_MUF1.0_PDF26452,pdf,6,1.05,1.37,0.6422200798988342,0.642462968826294,1.0003782020137053,0.00037820200668647885,0.00037820200668647885,0.037820200668647885
Herwig_plus,214,MUR1.0_MUF1.0_PDF26452,pdf,7,1.37,1.52,0.7223036289215088,0.7206481695175171,0.9977080837784749,-0.0022919161710888147,0.0022919161710888147,-0.22919161710888147
Herwig_plus,214,MUR1.0_MUF1.0_PDF26452,pdf,8,1.52,1.74,0.6450952887535095,0.6466361284255981,1.0023885458457864,0.0023885457776486874,0.0023885457776486874,0.23885457776486874
Herwig_plus,214,MUR1.0_MUF1.0_PDF26452,pdf,9,1.74,1.95,0.6222162246704102,0.6201812028884888,0.9967293977539732,-0.0032706023193895817,0.0032706023193895817,-0.32706023193895817
Herwig_plus,214,MUR1.0_MUF1.0_PDF26452,pdf,10,1.95,2.18,0.6321878433227539,0.6309466361999512,0.9980366482274018,-0.0019633518531918526,0.0019633518531918526,-0.19633518531918526
Herwig_plus,214,MUR1.0_MUF1.0_PDF26452,pdf,11,2.18,2.5,0.6375429630279541,0.6346591114997864,0.9954766161727029,-0.004523383919149637,0.004523383919149637,-0.4523383919149637
Herwig_plus,215,MUR1.0_MUF1.0_PDF26453,scale,1,0.0,0.21,0.665374219417572,0.6660856008529663,1.0010691448731166,0.0010691449278965592,0.0010691449278965592,0.10691449278965592
Herwig_plus,215,MUR1.0_MUF1.0_PDF26453,scale,2,0.21,0.42,0.6719119548797607,0.6722729802131653,1.000537310477634,0.0005373104941099882,0.0005373104941099882,0.05373104941099882
Herwig_plus,215,MUR1.0_MUF1.0_PDF26453,scale,3,0.42,0.63,0.6914249062538147,0.6925074458122253,1.00156566468552,0.0015656646573916078,0.0015656646573916078,0.15656646573916078
Herwig_plus,215,MUR1.0_MUF1.0_PDF26453,scale,4,0.63,0.84,0.6939395666122437,0.6945615410804749,1.000896294862199,0.0008962948340922594,0.0008962948340922594,0.08962948340922594
Herwig_plus,215,MUR1.0_MUF1.0_PDF26453,scale,5,0.84,1.05,0.6589977741241455,0.6587415337562561,0.9996111665654258,-0.0003888334322255105,0.0003888334322255105,-0.03888334322255105
Herwig_plus,215,MUR1.0_MUF1.0_PDF26453,scale,6,1.05,1.37,0.6422200798988342,0.642463207244873,1.0003785732549457,0.00037857325514778495,0.00037857325514778495,0.037857325514778495
Herwig_plus,215,MUR1.0_MUF1.0_PDF26453,scale,7,1.37,1.52,0.7223036289215088,0.7206481099128723,0.9977080012582681,-0.002291998825967312,0.002291998825967312,-0.22919988259673119
Herwig_plus,215,MUR1.0_MUF1.0_PDF26453,scale,8,1.52,1.74,0.6450952887535095,0.6466360688209534,1.0023884534491347,0.0023884533438831568,0.0023884533438831568,0.23884533438831568
Herwig_plus,215,MUR1.0_MUF1.0_PDF26453,scale,9,1.74,1.95,0.6222162246704102,0.6201813817024231,0.9967296851362806,-0.003270314773544669,0.003270314773544669,-0.3270314773544669
Herwig_plus,215,MUR1.0_MUF1.0_PDF26453,scale,10,1.95,2.18,0.6321878433227539,0.6309464573860168,0.9980363653780301,-0.0019636345095932484,0.0019636345095932484,-0.19636345095932484
Herwig_plus,215,MUR1.0_MUF1.0_PDF26453,scale,11,2.18,2.5,0.6375429630279541,0.6346597671508789,0.9954776445756978,-0.004522355273365974,0.004522355273365974,-0.45223552733659744
Herwig_plus,216,MUR1.0_MUF1.0_PDF26454,pdf,1,0.0,0.21,0.665374219417572,0.6660846471786499,1.0010677115829643,0.001067711622454226,0.001067711622454226,0.1067711622454226
Herwig_plus,216,MUR1.0_MUF1.0_PDF26454,pdf,2,0.21,0.42,0.6719119548797607,0.6722733974456787,1.0005379314407088,0.0005379314534366131,0.0005379314534366131,0.05379314534366131
Herwig_plus,216,MUR1.0_MUF1.0_PDF26454,pdf,3,0.42,0.63,0.6914249062538147,0.6925073862075806,1.0015655784799984,0.0015655785100534558,0.0015655785100534558,0.15655785100534558
Herwig_plus,216,MUR1.0_MUF1.0_PDF26454,pdf,4,0.63,0.84,0.6939395666122437,0.6945610642433167,1.0008956077171203,0.0008956076926551759,0.0008956076926551759,0.08956076926551759
Herwig_plus,216,MUR1.0_MUF1.0_PDF26454,pdf,5,0.84,1.05,0.6589977741241455,0.65874183177948,0.9996116188024979,-0.0003883811878040433,0.0003883811878040433,-0.03883811878040433
Herwig_plus,216,MUR1.0_MUF1.0_PDF26454,pdf,6,1.05,1.37,0.6422200798988342,0.6424627900123596,1.000377923582775,0.0003779235703404993,0.0003779235703404993,0.03779235703404993
Herwig_plus,216,MUR1.0_MUF1.0_PDF26454,pdf,7,1.37,1.52,0.7223036289215088,0.7206495404243469,0.9977099817432294,-0.002290018368512392,0.002290018368512392,-0.2290018368512392
Herwig_plus,216,MUR1.0_MUF1.0_PDF26454,pdf,8,1.52,1.74,0.6450952887535095,0.646635115146637,1.002386975102706,0.0023869751021265984,0.0023869751021265984,0.23869751021265984
Herwig_plus,216,MUR1.0_MUF1.0_PDF26454,pdf,9,1.74,1.95,0.6222162246704102,0.6201800107955933,0.9967274818719241,-0.0032725180499255657,0.0032725180499255657,-0.32725180499255657
Herwig_plus,216,MUR1.0_MUF1.0_PDF26454,pdf,10,1.95,2.18,0.6321878433227539,0.6309453248977661,0.9980345739986755,-0.0019654259085655212,0.0019654259085655212,-0.19654259085655212
Herwig_plus,216,MUR1.0_MUF1.0_PDF26454,pdf,11,2.18,2.5,0.6375429630279541,0.6346587538719177,0.9954760552256148,-0.004523944575339556,0.004523944575339556,-0.4523944575339556
Herwig_plus,217,MUR1.0_MUF1.0_PDF26455,pdf,1,0.0,0.21,0.665374219417572,0.666084885597229,1.0010680699055023,0.0010680699488148093,0.0010680699488148093,0.10680699488148093
Herwig_plus,217,MUR1.0_MUF1.0_PDF26455,pdf,2,0.21,0.42,0.6719119548797607,0.6722725033760071,1.0005366008055487,0.0005366008263081312,0.0005366008263081312,0.05366008263081312
Herwig_plus,217,MUR1.0_MUF1.0_PDF26455,pdf,3,0.42,0.63,0.6914249062538147,0.6925065517425537,1.0015643716026943,0.001564371632412076,0.001564371632412076,0.1564371632412076
Herwig_plus,217,MUR1.0_MUF1.0_PDF26455,pdf,4,0.63,0.84,0.6939395666122437,0.6945600509643555,1.0008941475338278,0.0008941475534811616,0.0008941475534811616,0.08941475534811616
Herwig_plus,217,MUR1.0_MUF1.0_PDF26455,pdf,5,0.84,1.05,0.6589977741241455,0.6587418913841248,0.9996117092499124,-0.0003882907622028142,0.0003882907622028142,-0.03882907622028142
Herwig_plus,217,MUR1.0_MUF1.0_PDF26455,pdf,6,1.05,1.37,0.6422200798988342,0.6424611210823059,1.0003753248940919,0.00037532488931901753,0.00037532488931901753,0.03753248893190175
Herwig_plus,217,MUR1.0_MUF1.0_PDF26455,pdf,7,1.37,1.52,0.7223036289215088,0.7206478714942932,0.9977076711774412,-0.0022923287469893694,0.0022923287469893694,-0.22923287469893694
Herwig_plus,217,MUR1.0_MUF1.0_PDF26455,pdf,8,1.52,1.74,0.6450952887535095,0.6466354131698608,1.002387437085965,0.0023874370381236076,0.0023874370381236076,0.23874370381236076
Herwig_plus,217,MUR1.0_MUF1.0_PDF26455,pdf,9,1.74,1.95,0.6222162246704102,0.620180070400238,0.9967275776660265,-0.003272422356531024,0.003272422356531024,-0.3272422356531024
Herwig_plus,217,MUR1.0_MUF1.0_PDF26455,pdf,10,1.95,2.18,0.6321878433227539,0.6309441924095154,0.9980327826193209,-0.001967217307537794,0.001967217307537794,-0.1967217307537794
Herwig_plus,217,MUR1.0_MUF1.0_PDF26455,pdf,11,2.18,2.5,0.6375429630279541,0.6346587538719177,0.9954760552256148,-0.004523944575339556,0.004523944575339556,-0.4523944575339556
Herwig_plus,218,MUR1.0_MUF1.0_PDF26456,pdf,1,0.0,0.21,0.665374219417572,0.6660858392715454,1.0010695031956547,0.0010695031378418207,0.0010695031378418207,0.10695031378418207
Herwig_plus,218,MUR1.0_MUF1.0_PDF26456,pdf,2,0.21,0.42,0.6719119548797607,0.6722744703292847,1.0005395282029008,0.0005395282059907913,0.0005395282059907913,0.05395282059907913
Herwig_plus,218,MUR1.0_MUF1.0_PDF26456,pdf,3,0.42,0.63,0.6914249062538147,0.6925073266029358,1.0015654922744766,0.001565492246299982,0.001565492246299982,0.1565492246299982
Herwig_plus,218,MUR1.0_MUF1.0_PDF26456,pdf,4,0.63,0.84,0.6939395666122437,0.6945613026618958,1.0008959512896596,0.0008959512924775481,0.0008959512924775481,0.08959512924775481
Herwig_plus,218,MUR1.0_MUF1.0_PDF26456,pdf,5,0.84,1.05,0.6589977741241455,0.6587420701980591,0.9996119805921556,-0.00038801939808763564,0.00038801939808763564,-0.038801939808763564
Herwig_plus,218,MUR1.0_MUF1.0_PDF26456,pdf,6,1.05,1.37,0.6422200798988342,0.6424633860588074,1.000378851685876,0.0003788516914937645,0.0003788516914937645,0.03788516914937645
Herwig_plus,218,MUR1.0_MUF1.0_PDF26456,pdf,7,1.37,1.52,0.7223036289215088,0.7206494808197021,0.9977098992230228,-0.0022901007905602455,0.0022901007905602455,-0.22901007905602455
Herwig_plus,218,MUR1.0_MUF1.0_PDF26456,pdf,8,1.52,1.74,0.6450952887535095,0.6466363072395325,1.0023888230357418,0.002388823078945279,0.002388823078945279,0.2388823078945279
Herwig_plus,218,MUR1.0_MUF1.0_PDF26456,pdf,9,1.74,1.95,0.6222162246704102,0.6201817393302917,0.9967302599008953,-0.0032697401475161314,0.0032697401475161314,-0.32697401475161314
Herwig_plus,218,MUR1.0_MUF1.0_PDF26456,pdf,10,1.95,2.18,0.6321878433227539,0.6309458017349243,0.9980353282636669,-0.0019646717701107264,0.0019646717701107264,-0.19646717701107264
Herwig_plus,218,MUR1.0_MUF1.0_PDF26456,pdf,11,2.18,2.5,0.6375429630279541,0.6346608400344849,0.9954793274169621,-0.004520672373473644,0.004520672373473644,-0.4520672373473644
Herwig_plus,219,MUR1.0_MUF1.0_PDF26457,pdf,1,0.0,0.21,0.665374219417572,0.6660856604576111,1.001069234453751,0.0010692344512790442,0.0010692344512790442,0.10692344512790442
Herwig_plus,219,MUR1.0_MUF1.0_PDF26457,pdf,2,0.21,0.42,0.6719119548797607,0.6722733974456787,1.0005379314407088,0.0005379314534366131,0.0005379314534366131,0.05379314534366131
Herwig_plus,219,MUR1.0_MUF1.0_PDF26457,pdf,3,0.42,0.63,0.6914249062538147,0.6925071477890015,1.0015652336579115,0.0015652336878702044,0.0015652336878702044,0.15652336878702044
Herwig_plus,219,MUR1.0_MUF1.0_PDF26457,pdf,4,0.63,0.84,0.6939395666122437,0.6945614218711853,1.0008961230759295,0.0008961230632849038,0.0008961230632849038,0.08961230632849038
Herwig_plus,219,MUR1.0_MUF1.0_PDF26457,pdf,5,0.84,1.05,0.6589977741241455,0.6587414145469666,0.999610985670597,-0.00038901434163562953,0.00038901434163562953,-0.038901434163562953
Herwig_plus,219,MUR1.0_MUF1.0_PDF26457,pdf,6,1.05,1.37,0.6422200798988342,0.6424632668495178,1.0003786660652558,0.00037866606726311147,0.00037866606726311147,0.03786660672631115
Herwig_plus,219,MUR1.0_MUF1.0_PDF26457,pdf,7,1.37,1.52,0.7223036289215088,0.7206482291221619,0.9977081662986815,-0.0022918337490409613,0.0022918337490409613,-0.22918337490409613
Herwig_plus,219,MUR1.0_MUF1.0_PDF26457,pdf,8,1.52,1.74,0.6450952887535095,0.6466360092163086,1.0023883610524829,0.00238836114294827,0.00238836114294827,0.23883611429482698
Herwig_plus,219,MUR1.0_MUF1.0_PDF26457,pdf,9,1.74,1.95,0.6222162246704102,0.6201813817024231,0.9967296851362806,-0.003270314773544669,0.003270314773544669,-0.3270314773544669
Herwig_plus,219,MUR1.0_MUF1.0_PDF26457,pdf,10,1.95,2.18,0.6321878433227539,0.6309465765953064,0.9980365539442779,-0.0019634461496025324,0.0019634461496025324,-0.19634461496025324
Herwig_plus,219,MUR1.0_MUF1.0_PDF26457,pdf,11,2.18,2.5,0.6375429630279541,0.6346599459648132,0.9954779250492418,-0.004522074945271015,0.004522074945271015,-0.4522074945271015
Herwig_plus,220,MUR1.0_MUF1.0_PDF26458,pdf,1,0.0,0.21,0.665374219417572,0.6660849452018738,1.0010681594861368,0.0010681594721972942,0.0010681594721972942,0.10681594721972942
Herwig_plus,220,MUR1.0_MUF1.0_PDF26458,pdf,2,0.21,0.42,0.6719119548797607,0.6722733378410339,1.0005378427316982,0.000537842744961381,0.000537842744961381,0.053784274496138096
Herwig_plus,220,MUR1.0_MUF1.0_PDF26458,pdf,3,0.42,0.63,0.6914249062538147,0.6925073266029358,1.0015654922744766,0.001565492246299982,0.001565492246299982,0.1565492246299982
Herwig_plus,220,MUR1.0_MUF1.0_PDF26458,pdf,4,0.63,0.84,0.6939395666122437,0.6945608854293823,1.0008953500377156,0.0008953500655479729,0.0008953500655479729,0.08953500655479729
Herwig_plus,220,MUR1.0_MUF1.0_PDF26458,pdf,5,0.84,1.05,0.6589977741241455,0.6587416529655457,0.9996113474602547,-0.0003886525519192219,0.0003886525519192219,-0.03886525519192219
Herwig_plus,220,MUR1.0_MUF1.0_PDF26458,pdf,6,1.05,1.37,0.6422200798988342,0.642462432384491,1.0003773667209144,0.0003773667267523706,0.0003773667267523706,0.03773667267523706
Herwig_plus,220,MUR1.0_MUF1.0_PDF26458,pdf,7,1.37,1.52,0.7223036289215088,0.7206494212150574,0.997709816702816,-0.002290183212608099,0.002290183212608099,-0.2290183212608099
Herwig_plus,220,MUR1.0_MUF1.0_PDF26458,pdf,8,1.52,1.74,0.6450952887535095,0.6466352939605713,1.0023872522926611,0.00238725240342319,0.00238725240342319,0.238725240342319
Herwig_plus,220,MUR1.0_MUF1.0_PDF26458,pdf,9,1.74,1.95,0.6222162246704102,0.6201798319816589,0.9967271944896167,-0.0032728055957704782,0.0032728055957704782,-0.3272805595770478
Herwig_plus,220,MUR1.0_MUF1.0_PDF26458,pdf,10,1.95,2.18,0.6321878433227539,0.6309453845024109,0.9980346682817994,-0.0019653316121548414,0.0019653316121548414,-0.19653316121548414
Herwig_plus,220,MUR1.0_MUF1.0_PDF26458,pdf,11,2.18,2.5,0.6375429630279541,0.634658694267273,0.9954759617344334,-0.004524038173258305,0.004524038173258305,-0.45240381732583046
Herwig_plus,221,MUR1.0_MUF1.0_PDF26459,pdf,1,0.0,0.21,0.665374219417572,0.6660850644111633,1.001068338647406,0.0010683386353775859,0.0010683386353775859,0.10683386353775859
Herwig_plus,221,MUR1.0_MUF1.0_PDF26459,pdf,2,0.21,0.42,0.6719119548797607,0.6722732186317444,1.0005376653136768,0.0005376653280109167,0.0005376653280109167,0.05376653280109167
Herwig_plus,221,MUR1.0_MUF1.0_PDF26459,pdf,3,0.42,0.63,0.6914249062538147,0.6925066709518433,1.0015645440137377,0.0015645440435037017,0.0015645440435037017,0.15645440435037017
Herwig_plus,221,MUR1.0_MUF1.0_PDF26459,pdf,4,0.63,0.84,0.6939395666122437,0.6945610046386719,1.0008955218239854,0.0008955218363553286,0.0008955218363553286,0.08955218363553286
Herwig_plus,221,MUR1.0_MUF1.0_PDF26459,pdf,5,0.84,1.05,0.6589977741241455,0.6587419509887695,0.9996117996973267,-0.0003882003074977547,0.0003882003074977547,-0.03882003074977547
Herwig_plus,221,MUR1.0_MUF1.0_PDF26459,pdf,6,1.05,1.37,0.6422200798988342,0.642464280128479,1.0003802438405278,0.0003802438441198319,0.0003802438441198319,0.03802438441198319
Herwig_plus,221,MUR1.0_MUF1.0_PDF26459,pdf,7,1.37,1.52,0.7223036289215088,0.7206499576568604,0.9977105593846766,-0.002289440715685487,0.002289440715685487,-0.22894407156854868
Herwig_plus,221,MUR1.0_MUF1.0_PDF26459,pdf,8,1.52,1.74,0.6450952887535095,0.6466359496116638,1.002388268655831,0.0023882687091827393,0.0023882687091827393,0.23882687091827393
Herwig_plus,221,MUR1.0_MUF1.0_PDF26459,pdf,9,1.74,1.95,0.6222162246704102,0.620180606842041,0.9967284398129486,-0.0032715601846575737,0.0032715601846575737,-0.32715601846575737
Herwig_plus,221,MUR1.0_MUF1.0_PDF26459,pdf,10,1.95,2.18,0.6321878433227539,0.6309449076652527,0.9980339140168081,-0.00196608598344028,0.00196608598344028,-0.196608598344028
Herwig_plus,221,MUR1.0_MUF1.0_PDF26459,pdf,11,2.18,2.5,0.6375429630279541,0.6346595883369446,0.9954773641021537,-0.004522636067122221,0.004522636067122221,-0.4522636067122221
Herwig_plus,222,MUR1.0_MUF1.0_PDF26460,pdf,1,0.0,0.21,0.665374219417572,0.6660850048065186,1.0010682490667713,0.001068249111995101,0.001068249111995101,0.1068249111995101
Herwig_plus,222,MUR1.0_MUF1.0_PDF26460,pdf,2,0.21,0.42,0.6719119548797607,0.672273576259613,1.0005381975677408,0.0005381975788623095,0.0005381975788623095,0.053819757886230946
Herwig_plus,222,MUR1.0_MUF1.0_PDF26460,pdf,3,0.42,0.63,0.6914249062538147,0.6925073862075806,1.0015655784799984,0.0015655785100534558,0.0015655785100534558,0.15655785100534558
Herwig_plus,222,MUR1.0_MUF1.0_PDF26460,pdf,4,0.63,0.84,0.6939395666122437,0.6945608258247375,1.0008952641445807,0.0008952641510404646,0.0008952641510404646,0.08952641510404646
Herwig_plus,222,MUR1.0_MUF1.0_PDF26460,pdf,5,0.84,1.05,0.6589977741241455,0.6587411165237427,0.9996105334335249,-0.00038946655695326626,0.00038946655695326626,-0.038946655695326626
Herwig_plus,222,MUR1.0_MUF1.0_PDF26460,pdf,6,1.05,1.37,0.6422200798988342,0.6424628496170044,1.000378016393085,0.0003780163824558258,0.0003780163824558258,0.03780163824558258
Herwig_plus,222,MUR1.0_MUF1.0_PDF26460,pdf,7,1.37,1.52,0.7223036289215088,0.7206482291221619,0.9977081662986815,-0.0022918337490409613,0.0022918337490409613,-0.22918337490409613
Herwig_plus,222,MUR1.0_MUF1.0_PDF26460,pdf,8,1.52,1.74,0.6450952887535095,0.6466361880302429,1.0023886382424383,0.002388638211414218,0.002388638211414218,0.2388638211414218
Herwig_plus,222,MUR1.0_MUF1.0_PDF26460,pdf,9,1.74,1.95,0.6222162246704102,0.6201808452606201,0.9967288229893584,-0.0032711769454181194,0.0032711769454181194,-0.32711769454181194
Herwig_plus,222,MUR1.0_MUF1.0_PDF26460,pdf,10,1.95,2.18,0.6321878433227539,0.630946159362793,0.9980358939624104,-0.0019641059916466475,0.0019641059916466475,-0.19641059916466475
Herwig_plus,222,MUR1.0_MUF1.0_PDF26460,pdf,11,2.18,2.5,0.6375429630279541,0.6346592307090759,0.9954768031550656,-0.0045231967233121395,0.0045231967233121395,-0.45231967233121395
Herwig_plus,223,MUR1.0_MUF1.0_PDF26461,pdf,1,0.0,0.21,0.665374219417572,0.6660851836204529,1.001068517808675,0.0010685177985578775,0.0010685177985578775,0.10685177985578775
Herwig_plus,223,MUR1.0_MUF1.0_PDF26461,pdf,2,0.21,0.42,0.6719119548797607,0.6722730994224548,1.0005374878956554,0.0005374879110604525,0.0005374879110604525,0.053748791106045246
Herwig_plus,223,MUR1.0_MUF1.0_PDF26461,pdf,3,0.42,0.63,0.6914249062538147,0.6925079226493835,1.001566354329694,0.0015663543017581105,0.0015663543017581105,0.15663543017581105
Herwig_plus,223,MUR1.0_MUF1.0_PDF26461,pdf,4,0.63,0.84,0.6939395666122437,0.6945613026618958,1.0008959512896596,0.0008959512924775481,0.0008959512924775481,0.08959512924775481
Herwig_plus,223,MUR1.0_MUF1.0_PDF26461,pdf,5,0.84,1.05,0.6589977741241455,0.6587412357330322,0.9996107143283538,-0.00038928567664697766,0.00038928567664697766,-0.038928567664697766
Herwig_plus,223,MUR1.0_MUF1.0_PDF26461,pdf,6,1.05,1.37,0.6422200798988342,0.6424632668495178,1.0003786660652558,0.00037866606726311147,0.00037866606726311147,0.03786660672631115
Herwig_plus,223,MUR1.0_MUF1.0_PDF26461,pdf,7,1.37,1.52,0.7223036289215088,0.7206485271453857,0.9977085788997152,-0.0022914211731404066,0.0022914211731404066,-0.22914211731404066
Herwig_plus,223,MUR1.0_MUF1.0_PDF26461,pdf,8,1.52,1.74,0.6450952887535095,0.6466364860534668,1.0023891002256973,0.0023891001474112272,0.0023891001474112272,0.23891001474112272
Herwig_plus,223,MUR1.0_MUF1.0_PDF26461,pdf,9,1.74,1.95,0.6222162246704102,0.6201813220977783,0.996729589342178,-0.0032704106997698545,0.0032704106997698545,-0.32704106997698545
Herwig_plus,223,MUR1.0_MUF1.0_PDF26461,pdf,10,1.95,2.18,0.6321878433227539,0.6309463977813721,0.9980362710949061,-0.001963728806003928,0.001963728806003928,-0.19637288060039282
Herwig_plus,223,MUR1.0_MUF1.0_PDF26461,pdf,11,2.18,2.5,0.6375429630279541,0.6346593499183655,0.9954769901374283,-0.004523009993135929,0.004523009993135929,-0.4523009993135929
Herwig_plus,224,MUR1.0_MUF1.0_PDF26462,pdf,1,0.0,0.21,0.665374219417572,0.6660847663879395,1.0010678907442332,0.0010678907856345177,0.0010678907856345177,0.10678907856345177
Herwig_plus,224,MUR1.0_MUF1.0_PDF26462,pdf,2,0.21,0.42,0.6719119548797607,0.6722732186317444,1.0005376653136768,0.0005376653280109167,0.0005376653280109167,0.05376653280109167
Herwig_plus,224,MUR1.0_MUF1.0_PDF26462,pdf,3,0.42,0.63,0.6914249062538147,0.6925070285797119,1.001565061246868,0.0015650612767785788,0.0015650612767785788,0.15650612767785788
Herwig_plus,224,MUR1.0_MUF1.0_PDF26462,pdf,4,0.63,0.84,0.6939395666122437,0.6945608854293823,1.0008953500377156,0.0008953500655479729,0.0008953500655479729,0.08953500655479729
Herwig_plus,224,MUR1.0_MUF1.0_PDF26462,pdf,5,0.84,1.05,0.6589977741241455,0.6587422490119934,0.9996122519343988,-0.0003877480630762875,0.0003877480630762875,-0.03877480630762875
Herwig_plus,224,MUR1.0_MUF1.0_PDF26462,pdf,6,1.05,1.37,0.6422200798988342,0.6424641609191895,1.0003800582199076,0.00038005821988917887,0.00038005821988917887,0.03800582198891789
Herwig_plus,224,MUR1.0_MUF1.0_PDF26462,pdf,7,1.37,1.52,0.7223036289215088,0.7206505537033081,0.9977113845867438,-0.002288615331053734,0.002288615331053734,-0.22886153310537338
Herwig_plus,224,MUR1.0_MUF1.0_PDF26462,pdf,8,1.52,1.74,0.6450952887535095,0.6466360688209534,1.0023884534491347,0.0023884533438831568,0.0023884533438831568,0.23884533438831568
Herwig_plus,224,MUR1.0_MUF1.0_PDF26462,pdf,9,1.74,1.95,0.6222162246704102,0.620180606842041,0.9967284398129486,-0.0032715601846575737,0.0032715601846575737,-0.32715601846575737
Herwig_plus,224,MUR1.0_MUF1.0_PDF26462,pdf,10,1.95,2.18,0.6321878433227539,0.6309452652931213,0.9980344797155516,-0.001965520204976201,0.001965520204976201,-0.1965520204976201
Herwig_plus,224,MUR1.0_MUF1.0_PDF26462,pdf,11,2.18,2.5,0.6375429630279541,0.634659469127655,0.995477177119791,-0.004522822797298431,0.004522822797298431,-0.45228227972984314
Herwig_plus,225,MUR1.0_MUF1.0_PDF26500,pdf,1,0.0,0.21,0.665374219417572,0.6660849452018738,1.0010681594861368,0.0010681594721972942,0.0010681594721972942,0.10681594721972942
Herwig_plus,225,MUR1.0_MUF1.0_PDF26500,pdf,2,0.21,0.42,0.6719119548797607,0.6722734570503235,1.0005380201497196,0.0005380201619118452,0.0005380201619118452,0.05380201619118452
Herwig_plus,225,MUR1.0_MUF1.0_PDF26500,pdf,3,0.42,0.63,0.6914249062538147,0.6925075054168701,1.0015657508910418,0.0015657509211450815,0.0015657509211450815,0.15657509211450815
Herwig_plus,225,MUR1.0_MUF1.0_PDF26500,pdf,4,0.63,0.84,0.6939395666122437,0.6945609450340271,1.0008954359308506,0.0008954359218478203,0.0008954359218478203,0.08954359218478203
Herwig_plus,225,MUR1.0_MUF1.0_PDF26500,pdf,5,0.84,1.05,0.6589977741241455,0.6587416529655457,0.9996113474602547,-0.0003886525519192219,0.0003886525519192219,-0.03886525519192219
Herwig_plus,225,MUR1.0_MUF1.0_PDF26500,pdf,6,1.05,1.37,0.6422200798988342,0.6424621939659119,1.0003769954796737,0.0003769954782910645,0.0003769954782910645,0.03769954782910645
Herwig_plus,225,MUR1.0_MUF1.0_PDF26500,pdf,7,1.37,1.52,0.7223036289215088,0.7206494808197021,0.9977098992230228,-0.0022901007905602455,0.0022901007905602455,-0.22901007905602455
Herwig_plus,225,MUR1.0_MUF1.0_PDF26500,pdf,8,1.52,1.74,0.6450952887535095,0.6466352939605713,1.0023872522926611,0.00238725240342319,0.00238725240342319,0.238725240342319
Herwig_plus,225,MUR1.0_MUF1.0_PDF26500,pdf,9,1.74,1.95,0.6222162246704102,0.6201797723770142,0.9967270986955142,-0.00327290128916502,0.00327290128916502,-0.327290128916502
Herwig_plus,225,MUR1.0_MUF1.0_PDF26500,pdf,10,1.95,2.18,0.6321878433227539,0.6309451460838318,0.9980342911493038,-0.0019657087977975607,0.0019657087977975607,-0.19657087977975607
Herwig_plus,225,MUR1.0_MUF1.0_PDF26500,pdf,11,2.18,2.5,0.6375429630279541,0.6346585154533386,0.9954756812608894,-0.004524318967014551,0.004524318967014551,-0.4524318967014551
Herwig_plus,226,MUR1.0_MUF1.0_PDF26501,scale,1,0.0,0.21,0.665374219417572,0.6660657525062561,1.0010393145218182,0.0010393145494163036,0.0010393145494163036,0.10393145494163036
Herwig_plus,226,MUR1.0_MUF1.0_PDF26501,scale,2,0.21,0.42,0.6719119548797607,0.6722409725189209,1.0004896737389037,0.0004896737518720329,0.0004896737518720329,0.04896737518720329
Herwig_plus,226,MUR1.0_MUF1.0_PDF26501,scale,3,0.42,0.63,0.6914249062538147,0.6924962401390076,1.0015494580474362,0.0015494580147787929,0.0015494580147787929,0.15494580147787929
Herwig_plus,226,MUR1.0_MUF1.0_PDF26501,scale,4,0.63,0.84,0.6939395666122437,0.6945618987083435,1.0008968102210083,0.0008968102047219872,0.0008968102047219872,0.08968102047219872
Herwig_plus,226,MUR1.0_MUF1.0_PDF26501,scale,5,0.84,1.05,0.6589977741241455,0.6587084531784058,0.9995609682504251,-0.0004390317481011152,0.0004390317481011152,-0.04390317481011152
Herwig_plus,226,MUR1.0_MUF1.0_PDF26501,scale,6,1.05,1.37,0.6422200798988342,0.6424820423126221,1.000407901312941,0.00040790130151435733,0.00040790130151435733,0.04079013015143573
Herwig_plus,226,MUR1.0_MUF1.0_PDF26501,scale,7,1.37,1.52,0.7223036289215088,0.7206763625144958,0.9977471158362549,-0.0022528842091560364,0.0022528842091560364,-0.22528842091560364
Herwig_plus,226,MUR1.0_MUF1.0_PDF26501,scale,8,1.52,1.74,0.6450952887535095,0.6466947793960571,1.0024794641511616,0.0024794640485197306,0.0024794640485197306,0.24794640485197306
Herwig_plus,226,MUR1.0_MUF1.0_PDF26501,scale,9,1.74,1.95,0.6222162246704102,0.6202614307403564,0.9968583366158779,-0.003141663270071149,0.003141663270071149,-0.3141663270071149
Herwig_plus,226,MUR1.0_MUF1.0_PDF26501,scale,10,1.95,2.18,0.6321878433227539,0.6311022043228149,0.9982827271808441,-0.0017172727966681123,0.0017172727966681123,-0.17172727966681123
Herwig_plus,226,MUR1.0_MUF1.0_PDF26501,scale,11,2.18,2.5,0.6375429630279541,0.634861946105957,0.9957947666628397,-0.004205233417451382,0.004205233417451382,-0.42052334174513817
Herwig_plus,227,MUR1.0_MUF1.0_PDF26502,pdf,1,0.0,0.21,0.665374219417572,0.6661112904548645,1.0011077541265991,0.0011077540693804622,0.0011077540693804622,0.11077540693804622
Herwig_plus,227,MUR1.0_MUF1.0_PDF26502,pdf,2,0.21,0.42,0.6719119548797607,0.6723133325576782,1.0005973664778585,0.0005973664810881019,0.0005973664810881019,0.059736648108810186
Herwig_plus,227,MUR1.0_MUF1.0_PDF26502,pdf,3,0.42,0.63,0.6914249062538147,0.6925203204154968,1.0015842850782122,0.0015842850552871823,0.0015842850552871823,0.15842850552871823
Herwig_plus,227,MUR1.0_MUF1.0_PDF26502,pdf,4,0.63,0.84,0.6939395666122437,0.6945598125457764,1.0008938039612882,0.0008938039536587894,0.0008938039536587894,0.08938039536587894
Herwig_plus,227,MUR1.0_MUF1.0_PDF26502,pdf,5,0.84,1.05,0.6589977741241455,0.6587812304496765,0.9996714045434268,-0.00032859545899555087,0.00032859545899555087,-0.03285954589955509
Herwig_plus,227,MUR1.0_MUF1.0_PDF26502,pdf,6,1.05,1.37,0.6422200798988342,0.6424384117126465,1.0003399641659392,0.00033996417187154293,0.00033996417187154293,0.03399641718715429
Herwig_plus,227,MUR1.0_MUF1.0_PDF26502,pdf,7,1.37,1.52,0.7223036289215088,0.7206172347068787,0.9976652557911856,-0.002334744203835726,0.002334744203835726,-0.23347442038357258
Herwig_plus,227,MUR1.0_MUF1.0_PDF26502,pdf,8,1.52,1.74,0.6450952887535095,0.6465670466423035,1.0022814581263455,0.002281458117067814,0.002281458117067814,0.2281458117067814
Herwig_plus,227,MUR1.0_MUF1.0_PDF26502,pdf,9,1.74,1.95,0.6222162246704102,0.6200838088989258,0.9965728701905613,-0.003427129704505205,0.003427129704505205,-0.3427129704505205
Herwig_plus,227,MUR1.0_MUF1.0_PDF26502,pdf,10,1.95,2.18,0.6321878433227539,0.6307591795921326,0.9977401278026602,-0.00225987215526402,0.00225987215526402,-0.225987215526402
Herwig_plus,227,MUR1.0_MUF1.0_PDF26502,pdf,11,2.18,2.5,0.6375429630279541,0.6344180703163147,0.9950985378353201,-0.004901462234556675,0.004901462234556675,-0.4901462234556675
Herwig_plus,228,MUR1.0_MUF1.0_PDF26503,pdf,1,0.0,0.21,0.665374219417572,0.6660786271095276,1.0010586639388765,0.0010586639400571585,0.0010586639400571585,0.10586639400571585
Herwig_plus,228,MUR1.0_MUF1.0_PDF26503,pdf,2,0.21,0.42,0.6719119548797607,0.672269344329834,1.0005318992279832,0.0005318992189131677,0.0005318992189131677,0.05318992189131677
Herwig_plus,228,MUR1.0_MUF1.0_PDF26503,pdf,3,0.42,0.63,0.6914249062538147,0.6925012469291687,1.001556699311261,0.0015566992806270719,0.0015566992806270719,0.15566992806270719
Herwig_plus,228,MUR1.0_MUF1.0_PDF26503,pdf,4,0.63,0.84,0.6939395666122437,0.6945553421974182,1.0008873619761742,0.0008873619954101741,0.0008873619954101741,0.08873619954101741
Herwig_plus,228,MUR1.0_MUF1.0_PDF26503,pdf,5,0.84,1.05,0.6589977741241455,0.658739447593689,0.9996080009059213,-0.00039199908496811986,0.00039199908496811986,-0.039199908496811986
Herwig_plus,228,MUR1.0_MUF1.0_PDF26503,pdf,6,1.05,1.37,0.6422200798988342,0.6424587965011597,1.0003717052919974,0.00037170530413277447,0.00037170530413277447,0.03717053041327745
Herwig_plus,228,MUR1.0_MUF1.0_PDF26503,pdf,7,1.37,1.52,0.7223036289215088,0.7206518054008484,0.9977131175110849,-0.002286882372573018,0.002286882372573018,-0.2286882372573018
Herwig_plus,228,MUR1.0_MUF1.0_PDF26503,pdf,8,1.52,1.74,0.6450952887535095,0.6466287970542908,1.0023771810576145,0.0023771810811012983,0.0023771810811012983,0.23771810811012983
Herwig_plus,228,MUR1.0_MUF1.0_PDF26503,pdf,9,1.74,1.95,0.6222162246704102,0.6201747059822083,0.9967189561968055,-0.003281043842434883,0.003281043842434883,-0.3281043842434883
Herwig_plus,228,MUR1.0_MUF1.0_PDF26503,pdf,10,1.95,2.18,0.6321878433227539,0.6309412121772766,0.9980280684631248,-0.001971931429579854,0.001971931429579854,-0.1971931429579854
Herwig_plus,228,MUR1.0_MUF1.0_PDF26503,pdf,11,2.18,2.5,0.6375429630279541,0.6346595287322998,0.9954772706109724,-0.0045227291993796825,0.0045227291993796825,-0.45227291993796825
Herwig_plus,229,MUR1.0_MUF1.0_PDF26504,pdf,1,0.0,0.21,0.665374219417572,0.6660958528518677,1.0010845527422558,0.0010845527285709977,0.0010845527285709977,0.10845527285709977
Herwig_plus,229,MUR1.0_MUF1.0_PDF26504,pdf,2,0.21,0.42,0.6719119548797607,0.6722804307937622,1.000548399103968,0.0005483991117216647,0.0005483991117216647,0.05483991117216647
Herwig_plus,229,MUR1.0_MUF1.0_PDF26504,pdf,3,0.42,0.63,0.6914249062538147,0.6925169825553894,1.0015794575689956,0.001579457544721663,0.001579457544721663,0.1579457544721663
Herwig_plus,229,MUR1.0_MUF1.0_PDF26504,pdf,4,0.63,0.84,0.6939395666122437,0.6945669054985046,1.000904025244336,0.0009040252189151943,0.0009040252189151943,0.09040252189151943
Herwig_plus,229,MUR1.0_MUF1.0_PDF26504,pdf,5,0.84,1.05,0.6589977741241455,0.6587451100349426,0.9996165934102909,-0.00038340658647939563,0.00038340658647939563,-0.03834065864793956
Herwig_plus,229,MUR1.0_MUF1.0_PDF26504,pdf,6,1.05,1.37,0.6422200798988342,0.6424664855003357,1.0003836778220019,0.0003836778341792524,0.0003836778341792524,0.03836778341792524
Herwig_plus,229,MUR1.0_MUF1.0_PDF26504,pdf,7,1.37,1.52,0.7223036289215088,0.7206482291221619,0.9977081662986815,-0.0022918337490409613,0.0022918337490409613,-0.22918337490409613
Herwig_plus,229,MUR1.0_MUF1.0_PDF26504,pdf,8,1.52,1.74,0.6450952887535095,0.646648645401001,1.0024079491426654,0.00240794918499887,0.00240794918499887,0.240794918499887
Herwig_plus,229,MUR1.0_MUF1.0_PDF26504,pdf,9,1.74,1.95,0.6222162246704102,0.6201870441436768,0.9967387855760138,-0.003261214355006814,0.003261214355006814,-0.3261214355006814
Herwig_plus,229,MUR1.0_MUF1.0_PDF26504,pdf,10,1.95,2.18,0.6321878433227539,0.6309490203857422,0.9980404195523588,-0.001959580462425947,0.001959580462425947,-0.19595804624259472
Herwig_plus,229,MUR1.0_MUF1.0_PDF26504,pdf,11,2.18,2.5,0.6375429630279541,0.6346593499183655,0.9954769901374283,-0.004523009993135929,0.004523009993135929,-0.4523009993135929
Herwig_plus,230,MUR1.0_MUF1.0_PDF26505,pdf,1,0.0,0.21,0.665374219417572,0.6660887002944946,1.0010738030661122,0.0010738030541688204,0.0010738030541688204,0.10738030541688204
Herwig_plus,230,MUR1.0_MUF1.0_PDF26505,pdf,2,0.21,0.42,0.6719119548797607,0.6722959876060486,1.0005715521557532,0.0005715521401725709,0.0005715521401725709,0.057155214017257094
Herwig_plus,230,MUR1.0_MUF1.0_PDF26505,pdf,3,0.42,0.63,0.6914249062538147,0.6925112009048462,1.0015710956333885,0.001571095664985478,0.001571095664985478,0.1571095664985478
Herwig_plus,230,MUR1.0_MUF1.0_PDF26505,pdf,4,0.63,0.84,0.6939395666122437,0.6945640444755554,1.000899902373863,0.0008999023702926934,0.0008999023702926934,0.08999023702926934
Herwig_plus,230,MUR1.0_MUF1.0_PDF26505,pdf,5,0.84,1.05,0.6589977741241455,0.6587885022163391,0.9996824391279856,-0.0003175608580932021,0.0003175608580932021,-0.03175608580932021
Herwig_plus,230,MUR1.0_MUF1.0_PDF26505,pdf,6,1.05,1.37,0.6422200798988342,0.642462968826294,1.0003782020137053,0.00037820200668647885,0.00037820200668647885,0.037820200668647885
Herwig_plus,230,MUR1.0_MUF1.0_PDF26505,pdf,7,1.37,1.52,0.7223036289215088,0.7206717133522034,0.9977406792601304,-0.0022593208122998476,0.0022593208122998476,-0.22593208122998476
Herwig_plus,230,MUR1.0_MUF1.0_PDF26505,pdf,8,1.52,1.74,0.6450952887535095,0.6465978622436523,1.0023292271953284,0.0023292272817343473,0.0023292272817343473,0.23292272817343473
Herwig_plus,230,MUR1.0_MUF1.0_PDF26505,pdf,9,1.74,1.95,0.6222162246704102,0.6201499700546265,0.9966792016442866,-0.0033207982778549194,0.0033207982778549194,-0.33207982778549194
Herwig_plus,230,MUR1.0_MUF1.0_PDF26505,pdf,10,1.95,2.18,0.6321878433227539,0.6308265328407288,0.9978466677326945,-0.002153332345187664,0.002153332345187664,-0.2153332345187664
Herwig_plus,230,MUR1.0_MUF1.0_PDF26505,pdf,11,2.18,2.5,0.6375429630279541,0.6344895958900452,0.9952107272529411,-0.004789272788912058,0.004789272788912058,-0.4789272788912058
Herwig_plus,231,MUR1.0_MUF1.0_PDF26506,pdf,1,0.0,0.21,0.665374219417572,0.666081428527832,1.0010628742286996,0.0010628742165863514,0.0010628742165863514,0.10628742165863514
Herwig_plus,231,MUR1.0_MUF1.0_PDF26506,pdf,2,0.21,0.42,0.6719119548797607,0.672225296497345,1.0004663432690974,0.0004663432773668319,0.0004663432773668319,0.04663432773668319
Herwig_plus,231,MUR1.0_MUF1.0_PDF26506,pdf,3,0.42,0.63,0.6914249062538147,0.6925011277198792,1.0015565269002176,0.0015565268695354462,0.0015565268695354462,0.15565268695354462
Herwig_plus,231,MUR1.0_MUF1.0_PDF26506,pdf,4,0.63,0.84,0.6939395666122437,0.6945513486862183,1.000881607136139,0.0008816071203909814,0.0008816071203909814,0.08816071203909814
Herwig_plus,231,MUR1.0_MUF1.0_PDF26506,pdf,5,0.84,1.05,0.6589977741241455,0.6586483716964722,0.9994697972566937,-0.0005302027566358447,0.0005302027566358447,-0.05302027566358447
Herwig_plus,231,MUR1.0_MUF1.0_PDF26506,pdf,6,1.05,1.37,0.6422200798988342,0.6424632668495178,1.0003786660652558,0.00037866606726311147,0.00037866606726311147,0.03786660672631115
Herwig_plus,231,MUR1.0_MUF1.0_PDF26506,pdf,7,1.37,1.52,0.7223036289215088,0.7206052541732788,0.9976486692296342,-0.002351330826058984,0.002351330826058984,-0.23513308260589838
Herwig_plus,231,MUR1.0_MUF1.0_PDF26506,pdf,8,1.52,1.74,0.6450952887535095,0.6467157602310181,1.0025119877725968,0.0025119876954704523,0.0025119876954704523,0.25119876954704523
Herwig_plus,231,MUR1.0_MUF1.0_PDF26506,pdf,9,1.74,1.95,0.6222162246704102,0.6202439665794373,0.9968302689438585,-0.003169731004163623,0.003169731004163623,-0.3169731004163623
Herwig_plus,231,MUR1.0_MUF1.0_PDF26506,pdf,10,1.95,2.18,0.6321878433227539,0.6311835646629333,0.9984114236450007,-0.0015885763568803668,0.0015885763568803668,-0.15885763568803668
Herwig_plus,231,MUR1.0_MUF1.0_PDF26506,pdf,11,2.18,2.5,0.6375429630279541,0.635002851486206,0.9960157798155531,-0.003984220325946808,0.003984220325946808,-0.3984220325946808
Herwig_plus,232,MUR1.0_MUF1.0_PDF26507,pdf,1,0.0,0.21,0.665374219417572,0.6660364866256714,1.000995330430264,0.0009953303961083293,0.0009953303961083293,0.09953303961083293
Herwig_plus,232,MUR1.0_MUF1.0_PDF26507,pdf,2,0.21,0.42,0.6719119548797607,0.6722462177276611,1.000497480131843,0.0004974801559001207,0.0004974801559001207,0.049748015590012074
Herwig_plus,232,MUR1.0_MUF1.0_PDF26507,pdf,3,0.42,0.63,0.6914249062538147,0.6924466490745544,1.0014777350533635,0.0014777350006625056,0.0014777350006625056,0.14777350006625056
Herwig_plus,232,MUR1.0_MUF1.0_PDF26507,pdf,4,0.63,0.84,0.6939395666122437,0.6945179104804993,1.000833421087486,0.0008334210724569857,0.0008334210724569857,0.08334210724569857
Herwig_plus,232,MUR1.0_MUF1.0_PDF26507,pdf,5,0.84,1.05,0.6589977741241455,0.6587474942207336,0.9996202113068674,-0.00037978868931531906,0.00037978868931531906,-0.037978868931531906
Herwig_plus,232,MUR1.0_MUF1.0_PDF26507,pdf,6,1.05,1.37,0.6422200798988342,0.6424349546432495,1.0003345811679527,0.0003345811564940959,0.0003345811564940959,0.03345811564940959
Herwig_plus,232,MUR1.0_MUF1.0_PDF26507,pdf,7,1.37,1.52,0.7223036289215088,0.7206571102142334,0.9977204618094833,-0.002279538195580244,0.002279538195580244,-0.2279538195580244
Herwig_plus,232,MUR1.0_MUF1.0_PDF26507,pdf,8,1.52,1.74,0.6450952887535095,0.6465548872947693,1.0022626092093776,0.002262609312310815,0.002262609312310815,0.22626093123108149
Herwig_plus,232,MUR1.0_MUF1.0_PDF26507,pdf,9,1.74,1.95,0.6222162246704102,0.6201605796813965,0.9966962529945237,-0.0033037469256669283,0.0033037469256669283,-0.33037469256669283
Herwig_plus,232,MUR1.0_MUF1.0_PDF26507,pdf,10,1.95,2.18,0.6321878433227539,0.6308677792549133,0.99791191165445,-0.002088088309392333,0.002088088309392333,-0.2088088309392333
Herwig_plus,232,MUR1.0_MUF1.0_PDF26507,pdf,11,2.18,2.5,0.6375429630279541,0.6345664262771606,0.9953312373857024,-0.004668762441724539,0.004668762441724539,-0.4668762441724539
Herwig_plus,233,MUR1.0_MUF1.0_PDF26508,pdf,1,0.0,0.21,0.665374219417572,0.6661381721496582,1.001148154992772,0.0011481549590826035,0.0011481549590826035,0.11481549590826035
Herwig_plus,233,MUR1.0_MUF1.0_PDF26508,pdf,2,0.21,0.42,0.6719119548797607,0.6723007559776306,1.0005786488766069,0.0005786488763988018,0.0005786488763988018,0.05786488763988018
Herwig_plus,233,MUR1.0_MUF1.0_PDF26508,pdf,3,0.42,0.63,0.6914249062538147,0.6925714612007141,1.00165824941585,0.0016582494135946035,0.0016582494135946035,0.16582494135946035
Herwig_plus,233,MUR1.0_MUF1.0_PDF26508,pdf,4,0.63,0.84,0.6939395666122437,0.6946037411689758,1.0009571072016756,0.0009571072296239436,0.0009571072296239436,0.09571072296239436
Herwig_plus,233,MUR1.0_MUF1.0_PDF26508,pdf,5,0.84,1.05,0.6589977741241455,0.658735454082489,0.9996019409291554,-0.00039805908454582095,0.00039805908454582095,-0.039805908454582095
Herwig_plus,233,MUR1.0_MUF1.0_PDF26508,pdf,6,1.05,1.37,0.6422200798988342,0.6424920558929443,1.0004234934450398,0.00042349344585090876,0.00042349344585090876,0.042349344585090876
Herwig_plus,233,MUR1.0_MUF1.0_PDF26508,pdf,7,1.37,1.52,0.7223036289215088,0.7206414341926575,0.9976987589951152,-0.002301241038367152,0.002301241038367152,-0.23012410383671522
Herwig_plus,233,MUR1.0_MUF1.0_PDF26508,pdf,8,1.52,1.74,0.6450952887535095,0.6467236876487732,1.0025242765272866,0.0025242764968425035,0.0025242764968425035,0.25242764968425035
Herwig_plus,233,MUR1.0_MUF1.0_PDF26508,pdf,9,1.74,1.95,0.6222162246704102,0.620199978351593,0.9967595728962465,-0.003240427002310753,0.003240427002310753,-0.3240427002310753
Herwig_plus,233,MUR1.0_MUF1.0_PDF26508,pdf,10,1.95,2.18,0.6321878433227539,0.6310265064239502,0.9981629876134603,-0.0018370123580098152,0.0018370123580098152,-0.18370123580098152
Herwig_plus,233,MUR1.0_MUF1.0_PDF26508,pdf,11,2.18,2.5,0.6375429630279541,0.6347586512565613,0.9956327464455588,-0.004367253743112087,0.004367253743112087,-0.4367253743112087
Herwig_plus,234,MUR1.0_MUF1.0_PDF26509,pdf,1,0.0,0.21,0.665374219417572,0.6659678816795349,1.0008922231199198,0.0008922230917960405,0.0008922230917960405,0.08922230917960405
Herwig_plus,234,MUR1.0_MUF1.0_PDF26509,pdf,2,0.21,0.42,0.6719119548797607,0.6721968054771423,1.0004239403619966,0.00042394036427140236,0.00042394036427140236,0.042394036427140236
Herwig_plus,234,MUR1.0_MUF1.0_PDF26509,pdf,3,0.42,0.63,0.6914249062538147,0.6923250555992126,1.00130187578905,0.0013018758036196232,0.0013018758036196232,0.13018758036196232
Herwig_plus,234,MUR1.0_MUF1.0_PDF26509,pdf,4,0.63,0.84,0.6939395666122437,0.6944608092308044,1.0007511354642962,0.000751135463360697,0.000751135463360697,0.0751135463360697
Herwig_plus,234,MUR1.0_MUF1.0_PDF26509,pdf,5,0.84,1.05,0.6589977741241455,0.6587109565734863,0.9995647670418305,-0.00043523297063075006,0.00043523297063075006,-0.043523297063075006
Herwig_plus,234,MUR1.0_MUF1.0_PDF26509,pdf,6,1.05,1.37,0.6422200798988342,0.6424560546875,1.0003674360177324,0.0003674360050354153,0.0003674360050354153,0.03674360050354153
Herwig_plus,234,MUR1.0_MUF1.0_PDF26509,pdf,7,1.37,1.52,0.7223036289215088,0.7208186984062195,0.9979441740899094,-0.002055825898423791,0.002055825898423791,-0.2055825898423791
Herwig_plus,234,MUR1.0_MUF1.0_PDF26509,pdf,8,1.52,1.74,0.6450952887535095,0.6464561223983765,1.0021095079573383,0.002109508030116558,0.002109508030116558,0.2109508030116558
Herwig_plus,234,MUR1.0_MUF1.0_PDF26509,pdf,9,1.74,1.95,0.6222162246704102,0.6203794479370117,0.9970480089387392,-0.002951991045847535,0.002951991045847535,-0.2951991045847535
Herwig_plus,234,MUR1.0_MUF1.0_PDF26509,pdf,10,1.95,2.18,0.6321878433227539,0.6311042308807373,0.9982859328070575,-0.0017140671843662858,0.0017140671843662858,-0.17140671843662858
Herwig_plus,234,MUR1.0_MUF1.0_PDF26509,pdf,11,2.18,2.5,0.6375429630279541,0.6350349187850952,0.9960660780711199,-0.003933921921998262,0.003933921921998262,-0.39339219219982624
Herwig_plus,235,MUR1.0_MUF1.0_PDF26510,pdf,1,0.0,0.21,0.665374219417572,0.6661858558654785,1.0012198195003963,0.0012198195327073336,0.0012198195327073336,0.12198195327073336
Herwig_plus,235,MUR1.0_MUF1.0_PDF26510,pdf,2,0.21,0.42,0.6719119548797607,0.6723380088806152,1.0006340920082761,0.000634092022664845,0.000634092022664845,0.0634092022664845
Herwig_plus,235,MUR1.0_MUF1.0_PDF26510,pdf,3,0.42,0.63,0.6914249062538147,0.6926578879356384,1.0017832474223471,0.0017832474550232291,0.0017832474550232291,0.1783247455023229
Herwig_plus,235,MUR1.0_MUF1.0_PDF26510,pdf,4,0.63,0.84,0.6939395666122437,0.6946442723274231,1.0010155145333761,0.0010155144846066833,0.0010155144846066833,0.10155144846066833
Herwig_plus,235,MUR1.0_MUF1.0_PDF26510,pdf,5,0.84,1.05,0.6589977741241455,0.6587677597999573,0.9996509634277688,-0.00034903656342066824,0.00034903656342066824,-0.034903656342066824
Herwig_plus,235,MUR1.0_MUF1.0_PDF26510,pdf,6,1.05,1.37,0.6422200798988342,0.6424682140350342,1.0003863693209951,0.00038636932731606066,0.00038636932731606066,0.038636932731606066
Herwig_plus,235,MUR1.0_MUF1.0_PDF26510,pdf,7,1.37,1.52,0.7223036289215088,0.7205053567886353,0.9975103653631665,-0.002489634556695819,0.002489634556695819,-0.2489634556695819
Herwig_plus,235,MUR1.0_MUF1.0_PDF26510,pdf,8,1.52,1.74,0.6450952887535095,0.6467878818511963,1.0026237877212796,0.0026237876154482365,0.0026237876154482365,0.26237876154482365
Herwig_plus,235,MUR1.0_MUF1.0_PDF26510,pdf,9,1.74,1.95,0.6222162246704102,0.6200128793716431,0.9964588752086395,-0.003541124751791358,0.003541124751791358,-0.3541124751791358
Herwig_plus,235,MUR1.0_MUF1.0_PDF26510,pdf,10,1.95,2.18,0.6321878433227539,0.6308084726333618,0.9978180999461455,-0.002181899966672063,0.002181899966672063,-0.2181899966672063
Herwig_plus,235,MUR1.0_MUF1.0_PDF26510,pdf,11,2.18,2.5,0.6375429630279541,0.6343380808830261,0.9949730726699474,-0.005026927217841148,0.005026927217841148,-0.5026927217841148
Herwig_plus,236,MUR1.0_MUF1.0_PDF26511,pdf,1,0.0,0.21,0.665374219417572,0.6662696003913879,1.001345680291911,0.0013456803280860186,0.0013456803280860186,0.13456803280860186
Herwig_plus,236,MUR1.0_MUF1.0_PDF26511,pdf,2,0.21,0.42,0.6719119548797607,0.6723451614379883,1.0006447370895568,0.0006447370979003608,0.0006447370979003608,0.06447370979003608
Herwig_plus,236,MUR1.0_MUF1.0_PDF26511,pdf,3,0.42,0.63,0.6914249062538147,0.6928122043609619,1.002006433518086,0.0020064334385097027,0.0020064334385097027,0.20064334385097027
Herwig_plus,236,MUR1.0_MUF1.0_PDF26511,pdf,4,0.63,0.84,0.6939395666122437,0.694719135761261,1.0011233963107524,0.00112339633051306,0.00112339633051306,0.11233963305130601
Herwig_plus,236,MUR1.0_MUF1.0_PDF26511,pdf,5,0.84,1.05,0.6589977741241455,0.658728301525116,0.9995910872394255,-0.0004089127469342202,0.0004089127469342202,-0.04089127469342202
Herwig_plus,236,MUR1.0_MUF1.0_PDF26511,pdf,6,1.05,1.37,0.6422200798988342,0.642429530620575,1.0003261354297326,0.000326135428622365,0.000326135428622365,0.0326135428622365
Herwig_plus,236,MUR1.0_MUF1.0_PDF26511,pdf,7,1.37,1.52,0.7223036289215088,0.7200857996940613,0.9969295056280432,-0.003070494392886758,0.003070494392886758,-0.3070494392886758
Herwig_plus,236,MUR1.0_MUF1.0_PDF26511,pdf,8,1.52,1.74,0.6450952887535095,0.6470470428466797,1.0030255283633236,0.0030255282763391733,0.0030255282763391733,0.30255282763391733
Herwig_plus,236,MUR1.0_MUF1.0_PDF26511,pdf,9,1.74,1.95,0.6222162246704102,0.6196072697639465,0.9958069963414317,-0.0041930037550628185,0.0041930037550628185,-0.41930037550628185
Herwig_plus,236,MUR1.0_MUF1.0_PDF26511,pdf,10,1.95,2.18,0.6321878433227539,0.6302393078804016,0.996917790395793,-0.003082209499552846,0.003082209499552846,-0.3082209499552846
Herwig_plus,236,MUR1.0_MUF1.0_PDF26511,pdf,11,2.18,2.5,0.6375429630279541,0.6332971453666687,0.9933403426788365,-0.0066596572287380695,0.0066596572287380695,-0.665965722873807
Herwig_plus,237,MUR1.0_MUF1.0_PDF26512,scale,1,0.0,0.21,0.665374219417572,0.6659190654754639,1.0008188565802396,0.0008188565843738616,0.0008188565843738616,0.08188565843738616
Herwig_plus,237,MUR1.0_MUF1.0_PDF26512,scale,2,0.21,0.42,0.6719119548797607,0.6722070574760437,1.0004391983118321,0.0004391983093228191,0.0004391983093228191,0.04391983093228191
Herwig_plus,237,MUR1.0_MUF1.0_PDF26512,scale,3,0.42,0.63,0.6914249062538147,0.6922268271446228,1.0011598090892515,0.0011598090641200542,0.0011598090641200542,0.11598090641200542
Herwig_plus,237,MUR1.0_MUF1.0_PDF26512,scale,4,0.63,0.84,0.6939395666122437,0.6944147944450378,1.0006848259641892,0.000684825936332345,0.000684825936332345,0.0684825936332345
Herwig_plus,237,MUR1.0_MUF1.0_PDF26512,scale,5,0.84,1.05,0.6589977741241455,0.6587547063827515,0.9996311554440118,-0.00036884454311802983,0.00036884454311802983,-0.03688445431180298
Herwig_plus,237,MUR1.0_MUF1.0_PDF26512,scale,6,1.05,1.37,0.6422200798988342,0.6424927115440369,1.0004245143584511,0.00042451435001567006,0.00042451435001567006,0.042451435001567006
Herwig_plus,237,MUR1.0_MUF1.0_PDF26512,scale,7,1.37,1.52,0.7223036289215088,0.721160888671875,0.9984179225967063,-0.0015820773551240563,0.0015820773551240563,-0.15820773551240563
Herwig_plus,237,MUR1.0_MUF1.0_PDF26512,scale,8,1.52,1.74,0.6450952887535095,0.646265983581543,1.0018147626380833,0.0018147625960409641,0.0018147625960409641,0.1814762596040964
Herwig_plus,237,MUR1.0_MUF1.0_PDF26512,scale,9,1.74,1.95,0.6222162246704102,0.620693027973175,0.9975519817117563,-0.0024480181746184826,0.0024480181746184826,-0.24480181746184826
Herwig_plus,237,MUR1.0_MUF1.0_PDF26512,scale,10,1.95,2.18,0.6321878433227539,0.6315741539001465,0.9990292609560761,-0.0009707390563562512,0.0009707390563562512,-0.09707390563562512
Herwig_plus,237,MUR1.0_MUF1.0_PDF26512,scale,11,2.18,2.5,0.6375429630279541,0.6358602046966553,0.9973605569681034,-0.0026394431479275227,0.0026394431479275227,-0.26394431479275227
Herwig_plus,238,MUR1.0_MUF1.0_PDF26513,pdf,1,0.0,0.21,0.665374219417572,0.6660531163215637,1.0010203234272979,0.001020323485136032,0.001020323485136032,0.10203234851360321
Herwig_plus,238,MUR1.0_MUF1.0_PDF26513,pdf,2,0.21,0.42,0.6719119548797607,0.6722574234008789,1.000514157425849,0.000514157407451421,0.000514157407451421,0.0514157407451421
Herwig_plus,238,MUR1.0_MUF1.0_PDF26513,pdf,3,0.42,0.63,0.6914249062538147,0.6924533843994141,1.001487476277318,0.001487476285547018,0.001487476285547018,0.1487476285547018
Herwig_plus,238,MUR1.0_MUF1.0_PDF26513,pdf,4,0.63,0.84,0.6939395666122437,0.6945348381996155,1.0008578147377847,0.0008578147389926016,0.0008578147389926016,0.08578147389926016
Herwig_plus,238,MUR1.0_MUF1.0_PDF26513,pdf,5,0.84,1.05,0.6589977741241455,0.6587411165237427,0.9996105334335249,-0.00038946655695326626,0.00038946655695326626,-0.038946655695326626
Herwig_plus,238,MUR1.0_MUF1.0_PDF26513,pdf,6,1.05,1.37,0.6422200798988342,0.6424729228019714,1.000393701335494,0.00039370133890770376,0.00039370133890770376,0.039370133890770376
Herwig_plus,238,MUR1.0_MUF1.0_PDF26513,pdf,7,1.37,1.52,0.7223036289215088,0.7207463383674622,0.9978439945589477,-0.002156005473807454,0.002156005473807454,-0.2156005473807454
Herwig_plus,238,MUR1.0_MUF1.0_PDF26513,pdf,8,1.52,1.74,0.6450952887535095,0.6465771198272705,1.0022970731605005,0.0022970731370151043,0.0022970731370151043,0.22970731370151043
Herwig_plus,238,MUR1.0_MUF1.0_PDF26513,pdf,9,1.74,1.95,0.6222162246704102,0.6202861666679382,0.9968980911683968,-0.0031019088346511126,0.0031019088346511126,-0.31019088346511126
Herwig_plus,238,MUR1.0_MUF1.0_PDF26513,pdf,10,1.95,2.18,0.6321878433227539,0.6310648918151855,0.9982237059452675,-0.0017762940842658281,0.0017762940842658281,-0.1776294084265828
Herwig_plus,238,MUR1.0_MUF1.0_PDF26513,pdf,11,2.18,2.5,0.6375429630279541,0.6348839998245239,0.9958293583999396,-0.004170641768723726,0.004170641768723726,-0.4170641768723726
Herwig_plus,239,MUR1.0_MUF1.0_PDF26514,pdf,1,0.0,0.21,0.665374219417572,0.6661158204078674,1.0011145622548234,0.001114562270231545,0.001114562270231545,0.1114562270231545
Herwig_plus,239,MUR1.0_MUF1.0_PDF26514,pdf,2,0.21,0.42,0.6719119548797607,0.6722878813743591,1.000559487730302,0.0005594877293333411,0.0005594877293333411,0.05594877293333411
Herwig_plus,239,MUR1.0_MUF1.0_PDF26514,pdf,3,0.42,0.63,0.6914249062538147,0.6925549507141113,1.0016343704863329,0.0016343705356121063,0.0016343705356121063,0.16343705356121063
Herwig_plus,239,MUR1.0_MUF1.0_PDF26514,pdf,4,0.63,0.84,0.6939395666122437,0.6945835947990417,1.000928075322095,0.0009280753438360989,0.0009280753438360989,0.09280753438360989
Herwig_plus,239,MUR1.0_MUF1.0_PDF26514,pdf,5,0.84,1.05,0.6589977741241455,0.6587439775466919,0.9996148749094169,-0.0003851250803563744,0.0003851250803563744,-0.03851250803563744
Herwig_plus,239,MUR1.0_MUF1.0_PDF26514,pdf,6,1.05,1.37,0.6422200798988342,0.6424533724784851,1.0003632595537773,0.0003632595471572131,0.0003632595471572131,0.03632595471572131
Herwig_plus,239,MUR1.0_MUF1.0_PDF26514,pdf,7,1.37,1.52,0.7223036289215088,0.7205654978752136,0.99759362825175,-0.002406371757388115,0.002406371757388115,-0.2406371757388115
Herwig_plus,239,MUR1.0_MUF1.0_PDF26514,pdf,8,1.52,1.74,0.6450952887535095,0.6466885805130005,1.002469854899374,0.0024698548950254917,0.0024698548950254917,0.24698548950254917
Herwig_plus,239,MUR1.0_MUF1.0_PDF26514,pdf,9,1.74,1.95,0.6222162246704102,0.6200888752937317,0.99658101268927,-0.0034189873840659857,0.0034189873840659857,-0.34189873840659857
Herwig_plus,239,MUR1.0_MUF1.0_PDF26514,pdf,10,1.95,2.18,0.6321878433227539,0.6308426856994629,0.997872218459278,-0.0021277815103530884,0.0021277815103530884,-0.21277815103530884
Herwig_plus,239,MUR1.0_MUF1.0_PDF26514,pdf,11,2.18,2.5,0.6375429630279541,0.6344648003578186,0.9951718349214992,-0.004828165285289288,0.004828165285289288,-0.48281652852892876
Herwig_plus,240,MUR1.0_MUF1.0_PDF26515,pdf,1,0.0,0.21,0.665374219417572,0.6663653254508972,1.0014895467909664,0.001489546848461032,0.001489546848461032,0.1489546848461032
Herwig_plus,240,MUR1.0_MUF1.0_PDF26515,pdf,2,0.21,0.42,0.6719119548797607,0.6723893880844116,1.0007105591754746,0.0007105591939762235,0.0007105591939762235,0.07105591939762235
Herwig_plus,240,MUR1.0_MUF1.0_PDF26515,pdf,3,0.42,0.63,0.6914249062538147,0.6929323673248291,1.0021802238498783,0.0021802238188683987,0.0021802238188683987,0.21802238188683987
Herwig_plus,240,MUR1.0_MUF1.0_PDF26515,pdf,4,0.63,0.84,0.6939395666122437,0.694770872592926,1.0011979515518055,0.001197951496578753,0.001197951496578753,0.1197951496578753
Herwig_plus,240,MUR1.0_MUF1.0_PDF26515,pdf,5,0.84,1.05,0.6589977741241455,0.6586786508560181,0.999515744543217,-0.0004842554626520723,0.0004842554626520723,-0.04842554626520723
Herwig_plus,240,MUR1.0_MUF1.0_PDF26515,pdf,6,1.05,1.37,0.6422200798988342,0.642432451248169,1.0003306831349281,0.0003306831349618733,0.0003306831349618733,0.03306831349618733
Herwig_plus,240,MUR1.0_MUF1.0_PDF26515,pdf,7,1.37,1.52,0.7223036289215088,0.7200126051902771,0.9968281708141873,-0.0031718292739242315,0.0031718292739242315,-0.31718292739242315
Herwig_plus,240,MUR1.0_MUF1.0_PDF26515,pdf,8,1.52,1.74,0.6450952887535095,0.6471454501152039,1.003178075235452,0.0031780751887708902,0.0031780751887708902,0.317807518877089
Herwig_plus,240,MUR1.0_MUF1.0_PDF26515,pdf,9,1.74,1.95,0.6222162246704102,0.6196014285087585,0.995797608519391,-0.0042023914866149426,0.0042023914866149426,-0.42023914866149426
Herwig_plus,240,MUR1.0_MUF1.0_PDF26515,pdf,10,1.95,2.18,0.6321878433227539,0.6305189728736877,0.9973601668132455,-0.002639833139255643,0.002639833139255643,-0.2639833139255643
Herwig_plus,240,MUR1.0_MUF1.0_PDF26515,pdf,11,2.18,2.5,0.6375429630279541,0.6337204575538635,0.9940043170487901,-0.005995682906359434,0.005995682906359434,-0.5995682906359434
Herwig_plus,241,MUR1.0_MUF1.0_PDF26516,pdf,1,0.0,0.21,0.665374219417572,0.6658309102058411,1.0006863668217696,0.0006863668095320463,0.0006863668095320463,0.06863668095320463
Herwig_plus,241,MUR1.0_MUF1.0_PDF26516,pdf,2,0.21,0.42,0.6719119548797607,0.6721656322479248,1.0003775455494157,0.00037754554068669677,0.00037754554068669677,0.03775455406866968
Herwig_plus,241,MUR1.0_MUF1.0_PDF26516,pdf,3,0.42,0.63,0.6914249062538147,0.6921173930168152,1.0010015357513695,0.0010015357984229922,0.0010015357984229922,0.10015357984229922
Herwig_plus,241,MUR1.0_MUF1.0_PDF26516,pdf,4,0.63,0.84,0.6939395666122437,0.6943672895431519,1.0006163691357106,0.0006163691286928952,0.0006163691286928952,0.06163691286928952
Herwig_plus,241,MUR1.0_MUF1.0_PDF26516,pdf,5,0.84,1.05,0.6589977741241455,0.6587987542152405,0.9996979960832652,-0.00030200392939150333,0.00030200392939150333,-0.030200392939150333
Herwig_plus,241,MUR1.0_MUF1.0_PDF26516,pdf,6,1.05,1.37,0.6422200798988342,0.642486572265625,1.0004149548965096,0.0004149549058638513,0.0004149549058638513,0.04149549058638513
Herwig_plus,241,MUR1.0_MUF1.0_PDF26516,pdf,7,1.37,1.52,0.7223036289215088,0.7212182283401489,0.9984973070355738,-0.0015026929322630167,0.0015026929322630167,-0.15026929322630167
Herwig_plus,241,MUR1.0_MUF1.0_PDF26516,pdf,8,1.52,1.74,0.6450952887535095,0.6461801528930664,1.0016817114594856,0.0016817114083096385,0.0016817114083096385,0.16817114083096385
Herwig_plus,241,MUR1.0_MUF1.0_PDF26516,pdf,9,1.74,1.95,0.6222162246704102,0.6206901669502258,0.9975473835948384,-0.002452616347000003,0.002452616347000003,-0.24526163470000029
Herwig_plus,241,MUR1.0_MUF1.0_PDF26516,pdf,10,1.95,2.18,0.6321878433227539,0.6313146948814392,0.998618846517634,-0.0013811534736305475,0.0013811534736305475,-0.13811534736305475
Herwig_plus,241,MUR1.0_MUF1.0_PDF26516,pdf,11,2.18,2.5,0.6375429630279541,0.6354717016220093,0.9967511814480587,-0.003248818451538682,0.003248818451538682,-0.3248818451538682
Herwig_plus,242,MUR1.0_MUF1.0_PDF26517,pdf,1,0.0,0.21,0.665374219417572,0.6657871603965759,1.0006206146360246,0.0006206146208569407,0.0006206146208569407,0.062061462085694075
Herwig_plus,242,MUR1.0_MUF1.0_PDF26517,pdf,2,0.21,0.42,0.6719119548797607,0.6723515391349792,1.0006542289536986,0.000654228962957859,0.000654228962957859,0.0654228962957859
Herwig_plus,242,MUR1.0_MUF1.0_PDF26517,pdf,3,0.42,0.63,0.6914249062538147,0.6920695900917053,1.0009323989229482,0.0009323989506810904,0.0009323989506810904,0.09323989506810904
Herwig_plus,242,MUR1.0_MUF1.0_PDF26517,pdf,4,0.63,0.84,0.6939395666122437,0.6945063471794128,1.0008167578193246,0.0008167577907443047,0.0008167577907443047,0.08167577907443047
Herwig_plus,242,MUR1.0_MUF1.0_PDF26517,pdf,5,0.84,1.05,0.6589977741241455,0.6594195365905762,1.0006400059044072,0.0006400059210136533,0.0006400059210136533,0.06400059210136533
Herwig_plus,242,MUR1.0_MUF1.0_PDF26517,pdf,6,1.05,1.37,0.6422200798988342,0.642636775970459,1.000648836877991,0.00064883689628914,0.00064883689628914,0.064883689628914
Herwig_plus,242,MUR1.0_MUF1.0_PDF26517,pdf,7,1.37,1.52,0.7223036289215088,0.721320390701294,0.998638746669897,-0.0013612533221021295,0.0013612533221021295,-0.13612533221021295
Herwig_plus,242,MUR1.0_MUF1.0_PDF26517,pdf,8,1.52,1.74,0.6450952887535095,0.6461818218231201,1.001684298565736,0.0016842986224219203,0.0016842986224219203,0.16842986224219203
Herwig_plus,242,MUR1.0_MUF1.0_PDF26517,pdf,9,1.74,1.95,0.6222162246704102,0.620135486125946,0.99665592367739,-0.003344076219946146,0.003344076219946146,-0.3344076219946146
Herwig_plus,242,MUR1.0_MUF1.0_PDF26517,pdf,10,1.95,2.18,0.6321878433227539,0.6287383437156677,0.9945435527691331,-0.005456447135657072,0.005456447135657072,-0.5456447135657072
Herwig_plus,242,MUR1.0_MUF1.0_PDF26517,pdf,11,2.18,2.5,0.6375429630279541,0.6312251091003418,0.9900903087415377,-0.009909691289067268,0.009909691289067268,-0.9909691289067268
Herwig_plus,243,MUR1.0_MUF1.0_PDF26518,pdf,1,0.0,0.21,0.665374219417572,0.6662879586219788,1.0013732711273462,0.0013732711086049676,0.0013732711086049676,0.13732711086049676
Herwig_plus,243,MUR1.0_MUF1.0_PDF26518,pdf,2,0.21,0.42,0.6719119548797607,0.6722202301025391,1.0004588030031902,0.0004588029987644404,0.0004588029987644404,0.04588029987644404
Herwig_plus,243,MUR1.0_MUF1.0_PDF26518,pdf,3,0.42,0.63,0.6914249062538147,0.6927983164787292,1.001986347631525,0.0019863476045429707,0.0019863476045429707,0.19863476045429707
Herwig_plus,243,MUR1.0_MUF1.0_PDF26518,pdf,4,0.63,0.84,0.6939395666122437,0.6945949792861938,1.000944480910852,0.0009444808820262551,0.0009444808820262551,0.09444808820262551
Herwig_plus,243,MUR1.0_MUF1.0_PDF26518,pdf,5,0.84,1.05,0.6589977741241455,0.6582832336425781,0.9989157163959816,-0.0010842835763469338,0.0010842835763469338,-0.10842835763469338
Herwig_plus,243,MUR1.0_MUF1.0_PDF26518,pdf,6,1.05,1.37,0.6422200798988342,0.642341136932373,1.000188497739837,0.00018849773914553225,0.00018849773914553225,0.018849773914553225
Herwig_plus,243,MUR1.0_MUF1.0_PDF26518,pdf,7,1.37,1.52,0.7223036289215088,0.7201893329620361,0.997072843227121,-0.002927156863734126,0.002927156863734126,-0.2927156863734126
Herwig_plus,243,MUR1.0_MUF1.0_PDF26518,pdf,8,1.52,1.74,0.6450952887535095,0.6469367146492004,1.0028545021608344,0.002854502061381936,0.002854502061381936,0.2854502061381936
Herwig_plus,243,MUR1.0_MUF1.0_PDF26518,pdf,9,1.74,1.95,0.6222162246704102,0.6202073693275452,0.996771451364951,-0.0032285486813634634,0.0032285486813634634,-0.32285486813634634
Herwig_plus,243,MUR1.0_MUF1.0_PDF26518,pdf,10,1.95,2.18,0.6321878433227539,0.632436215877533,1.0003928777773923,0.00039287778781726956,0.00039287778781726956,0.039287778781726956
Herwig_plus,243,MUR1.0_MUF1.0_PDF26518,pdf,11,2.18,2.5,0.6375429630279541,0.636962354183197,0.9990893024024616,-0.000910697621293366,0.000910697621293366,-0.0910697621293366
Herwig_plus,244,MUR1.0_MUF1.0_PDF26519,pdf,1,0.0,0.21,0.665374219417572,0.6664348244667053,1.0015939978108284,0.0015939978184178472,0.0015939978184178472,0.15939978184178472
Herwig_plus,244,MUR1.0_MUF1.0_PDF26519,pdf,2,0.21,0.42,0.6719119548797607,0.6723060011863708,1.0005864552695458,0.0005864552804268897,0.0005864552804268897,0.058645528042688966
Herwig_plus,244,MUR1.0_MUF1.0_PDF26519,pdf,3,0.42,0.63,0.6914249062538147,0.6929786205291748,1.0022471193347346,0.0022471193224191666,0.0022471193224191666,0.22471193224191666
Herwig_plus,244,MUR1.0_MUF1.0_PDF26519,pdf,4,0.63,0.84,0.6939395666122437,0.6946733593940735,1.0010574303831847,0.0010574304033070803,0.0010574304033070803,0.10574304033070803
Herwig_plus,244,MUR1.0_MUF1.0_PDF26519,pdf,5,0.84,1.05,0.6589977741241455,0.6582868695259094,0.998921233688261,-0.00107876630499959,0.00107876630499959,-0.10787663049995899
Herwig_plus,244,MUR1.0_MUF1.0_PDF26519,pdf,6,1.05,1.37,0.6422200798988342,0.6422907710075378,1.0001100730277925,0.00011007302964571863,0.00011007302964571863,0.011007302964571863
Herwig_plus,244,MUR1.0_MUF1.0_PDF26519,pdf,7,1.37,1.52,0.7223036289215088,0.7198341488838196,0.9965811053152586,-0.0034188947174698114,0.0034188947174698114,-0.34188947174698114
Herwig_plus,244,MUR1.0_MUF1.0_PDF26519,pdf,8,1.52,1.74,0.6450952887535095,0.6470838785171509,1.0030826294941384,0.0030826295260339975,0.0030826295260339975,0.30826295260339975
Herwig_plus,244,MUR1.0_MUF1.0_PDF26519,pdf,9,1.74,1.95,0.6222162246704102,0.6198344826698303,0.996172163459991,-0.003827836597338319,0.003827836597338319,-0.3827836597338319
Herwig_plus,244,MUR1.0_MUF1.0_PDF26519,pdf,10,1.95,2.18,0.6321878433227539,0.6319883465766907,0.9996844343842256,-0.0003155656158924103,0.0003155656158924103,-0.03155656158924103
Herwig_plus,244,MUR1.0_MUF1.0_PDF26519,pdf,11,2.18,2.5,0.6375429630279541,0.6362370848655701,0.9979517017077847,-0.0020482982508838177,0.0020482982508838177,-0.20482982508838177
Herwig_plus,245,MUR1.0_MUF1.0_PDF26520,pdf,1,0.0,0.21,0.665374219417572,0.6655817031860352,1.0003118301887992,0.0003118301974609494,0.0003118301974609494,0.031183019746094942
Herwig_plus,245,MUR1.0_MUF1.0_PDF26520,pdf,2,0.21,0.42,0.6719119548797607,0.6722237467765808,1.0004640368348199,0.0004640368279069662,0.0004640368279069662,0.04640368279069662
Herwig_plus,245,MUR1.0_MUF1.0_PDF26520,pdf,3,0.42,0.63,0.6914249062538147,0.6918319463729858,1.0005886975078415,0.0005886974977329373,0.0005886974977329373,0.058869749773293734
Herwig_plus,245,MUR1.0_MUF1.0_PDF26520,pdf,4,0.63,0.84,0.6939395666122437,0.6943991184234619,1.0006622360697226,0.0006622360670007765,0.0006622360670007765,0.06622360670007765
Herwig_plus,245,MUR1.0_MUF1.0_PDF26520,pdf,5,0.84,1.05,0.6589977741241455,0.6593917012214661,1.0005977669618749,0.0005977669497951865,0.0005977669497951865,0.05977669497951865
Herwig_plus,245,MUR1.0_MUF1.0_PDF26520,pdf,6,1.05,1.37,0.6422200798988342,0.6427067518234253,1.0007577961820622,0.0007577961659990251,0.0007577961659990251,0.07577961659990251
Herwig_plus,245,MUR1.0_MUF1.0_PDF26520,pdf,7,1.37,1.52,0.7223036289215088,0.7217919230461121,0.9992915640252829,-0.0007084359531290829,0.0007084359531290829,-0.07084359531290829
Herwig_plus,245,MUR1.0_MUF1.0_PDF26520,pdf,8,1.52,1.74,0.6450952887535095,0.6460182666778564,1.0014307621531857,0.0014307621167972684,0.0014307621167972684,0.14307621167972684
Herwig_plus,245,MUR1.0_MUF1.0_PDF26520,pdf,9,1.74,1.95,0.6222162246704102,0.6206656098365784,0.9975079164246269,-0.0024920834694057703,0.0024920834694057703,-0.24920834694057703
Herwig_plus,245,MUR1.0_MUF1.0_PDF26520,pdf,10,1.95,2.18,0.6321878433227539,0.6295020580291748,0.9957516024359743,-0.004248397424817085,0.004248397424817085,-0.4248397424817085
Herwig_plus,245,MUR1.0_MUF1.0_PDF26520,pdf,11,2.18,2.5,0.6375429630279541,0.6324644684791565,0.9920342708753654,-0.00796572957187891,0.00796572957187891,-0.796572957187891
Herwig_plus,246,MUR1.0_MUF1.0_PDF26521,pdf,1,0.0,0.21,0.665374219417572,0.6662308573722839,1.0012874528794664,0.0012874528765678406,0.0012874528765678406,0.12874528765678406
Herwig_plus,246,MUR1.0_MUF1.0_PDF26521,pdf,2,0.21,0.42,0.6719119548797607,0.6723107695579529,1.0005935519903995,0.0005935520166531205,0.0005935520166531205,0.05935520166531205
Herwig_plus,246,MUR1.0_MUF1.0_PDF26521,pdf,3,0.42,0.63,0.6914249062538147,0.6926396489143372,1.0017568685327,0.0017568685580044985,0.0017568685580044985,0.17568685580044985
Herwig_plus,246,MUR1.0_MUF1.0_PDF26521,pdf,4,0.63,0.84,0.6939395666122437,0.6945689916610718,1.0009070315040558,0.000907031528186053,0.000907031528186053,0.0907031528186053
Herwig_plus,246,MUR1.0_MUF1.0_PDF26521,pdf,5,0.84,1.05,0.6589977741241455,0.658555805683136,0.9993293324221058,-0.0006706675630994141,0.0006706675630994141,-0.06706675630994141
Herwig_plus,246,MUR1.0_MUF1.0_PDF26521,pdf,6,1.05,1.37,0.6422200798988342,0.6423851251602173,1.0002569917486994,0.0002569917414803058,0.0002569917414803058,0.02569917414803058
Herwig_plus,246,MUR1.0_MUF1.0_PDF26521,pdf,7,1.37,1.52,0.7223036289215088,0.7204291224479675,0.9974048220187678,-0.00259517808444798,0.00259517808444798,-0.259517808444798
Herwig_plus,246,MUR1.0_MUF1.0_PDF26521,pdf,8,1.52,1.74,0.6450952887535095,0.646665096282959,1.0024334506185633,0.002433450659736991,0.002433450659736991,0.2433450659736991
Herwig_plus,246,MUR1.0_MUF1.0_PDF26521,pdf,9,1.74,1.95,0.6222162246704102,0.6201575398445129,0.9966913674952984,-0.0033086324110627174,0.0033086324110627174,-0.33086324110627174
Herwig_plus,246,MUR1.0_MUF1.0_PDF26521,pdf,10,1.95,2.18,0.6321878433227539,0.6315211057662964,0.9989453489757836,-0.0010546509874984622,0.0010546509874984622,-0.10546509874984622
Herwig_plus,246,MUR1.0_MUF1.0_PDF26521,pdf,11,2.18,2.5,0.6375429630279541,0.6356820464134216,0.9970811118270458,-0.0029188881162554026,0.0029188881162554026,-0.29188881162554026
Herwig_plus,247,MUR1.0_MUF1.0_PDF26522,pdf,1,0.0,0.21,0.665374219417572,0.6658374667167664,1.000696220691568,0.0006962206680327654,0.0006962206680327654,0.06962206680327654
Herwig_plus,247,MUR1.0_MUF1.0_PDF26522,pdf,2,0.21,0.42,0.6719119548797607,0.6722118854522705,1.0004463837416964,0.0004463837540242821,0.0004463837540242821,0.04463837540242821
Herwig_plus,247,MUR1.0_MUF1.0_PDF26522,pdf,3,0.42,0.63,0.6914249062538147,0.6922789812088013,1.0012352389207586,0.0012352389749139547,0.0012352389749139547,0.12352389749139547
Herwig_plus,247,MUR1.0_MUF1.0_PDF26522,pdf,4,0.63,0.84,0.6939395666122437,0.6945482492446899,1.0008771406931267,0.0008771406719461083,0.0008771406719461083,0.08771406719461083
Herwig_plus,247,MUR1.0_MUF1.0_PDF26522,pdf,5,0.84,1.05,0.6589977741241455,0.6590628027915955,1.000098678129128,9.867813059827313e-05,9.867813059827313e-05,0.009867813059827313
Herwig_plus,247,MUR1.0_MUF1.0_PDF26522,pdf,6,1.05,1.37,0.6422200798988342,0.6425961852073669,1.000585633056805,0.000585633039008826,0.000585633039008826,0.0585633039008826
Herwig_plus,247,MUR1.0_MUF1.0_PDF26522,pdf,7,1.37,1.52,0.7223036289215088,0.7210195064544678,0.9982221846663593,-0.0017778152832761407,0.0017778152832761407,-0.17778152832761407
Herwig_plus,247,MUR1.0_MUF1.0_PDF26522,pdf,8,1.52,1.74,0.6450952887535095,0.6465872526168823,1.0023127805913072,0.0023127805907279253,0.0023127805907279253,0.23127805907279253
Herwig_plus,247,MUR1.0_MUF1.0_PDF26522,pdf,9,1.74,1.95,0.6222162246704102,0.6202115416526794,0.9967781569521229,-0.003221843158826232,0.003221843158826232,-0.3221843158826232
Herwig_plus,247,MUR1.0_MUF1.0_PDF26522,pdf,10,1.95,2.18,0.6321878433227539,0.6299440860748291,0.9964508060829963,-0.00354919396340847,0.00354919396340847,-0.354919396340847
Herwig_plus,247,MUR1.0_MUF1.0_PDF26522,pdf,11,2.18,2.5,0.6375429630279541,0.6328718662261963,0.9926732830998983,-0.007326717022806406,0.007326717022806406,-0.7326717022806406
Herwig_plus,248,MUR1.0_MUF1.0_PDF26523,scale,1,0.0,0.21,0.665374219417572,0.665865957736969,1.0007390402348733,0.000739040260668844,0.000739040260668844,0.0739040260668844
Herwig_plus,248,MUR1.0_MUF1.0_PDF26523,scale,2,0.21,0.42,0.6719119548797607,0.6721575856208801,1.0003655698329752,0.00036556983832269907,0.00036556983832269907,0.03655698383226991
Herwig_plus,248,MUR1.0_MUF1.0_PDF26523,scale,3,0.42,0.63,0.6914249062538147,0.6922641396522522,1.0012137737458497,0.0012137737357988954,0.0012137737357988954,0.12137737357988954
Herwig_plus,248,MUR1.0_MUF1.0_PDF26523,scale,4,0.63,0.84,0.6939395666122437,0.6944587826728821,1.0007482150977112,0.0007482151268050075,0.0007482151268050075,0.07482151268050075
Herwig_plus,248,MUR1.0_MUF1.0_PDF26523,scale,5,0.84,1.05,0.6589977741241455,0.6588242650032043,0.9997367075766352,-0.00026329242973588407,0.00026329242973588407,-0.026329242973588407
Herwig_plus,248,MUR1.0_MUF1.0_PDF26523,scale,6,1.05,1.37,0.6422200798988342,0.64250248670578,1.0004397352493093,0.0004397352458909154,0.0004397352458909154,0.04397352458909154
Herwig_plus,248,MUR1.0_MUF1.0_PDF26523,scale,7,1.37,1.52,0.7223036289215088,0.7210111021995544,0.9982105493172113,-0.0017894506454467773,0.0017894506454467773,-0.17894506454467773
Herwig_plus,248,MUR1.0_MUF1.0_PDF26523,scale,8,1.52,1.74,0.6450952887535095,0.6464596390724182,1.0021149593597947,0.002114959293976426,0.002114959293976426,0.2114959293976426
Herwig_plus,248,MUR1.0_MUF1.0_PDF26523,scale,9,1.74,1.95,0.6222162246704102,0.6204501390457153,0.9971616207442512,-0.0028383792378008366,0.0028383792378008366,-0.28383792378008366
Herwig_plus,248,MUR1.0_MUF1.0_PDF26523,scale,10,1.95,2.18,0.6321878433227539,0.6310338973999023,0.9981746787208269,-0.0018253212329000235,0.0018253212329000235,-0.18253212329000235
Herwig_plus,248,MUR1.0_MUF1.0_PDF26523,scale,11,2.18,2.5,0.6375429630279541,0.6347890496253967,0.9956804269480477,-0.004319572821259499,0.004319572821259499,-0.43195728212594986
Herwig_plus,249,MUR1.0_MUF1.0_PDF26524,pdf,1,0.0,0.21,0.665374219417572,0.6663867235183716,1.0015217062387627,0.0015217062318697572,0.0015217062318697572,0.15217062318697572
Herwig_plus,249,MUR1.0_MUF1.0_PDF26524,pdf,2,0.21,0.42,0.6719119548797607,0.6724352836608887,1.0007788651136913,0.0007788651273585856,0.0007788651273585856,0.07788651273585856
Herwig_plus,249,MUR1.0_MUF1.0_PDF26524,pdf,3,0.42,0.63,0.6914249062538147,0.6928340792655945,1.0020380709445582,0.002038070932030678,0.002038070932030678,0.20380709320306778
Herwig_plus,249,MUR1.0_MUF1.0_PDF26524,pdf,4,0.63,0.84,0.6939395666122437,0.6946959495544434,1.0010899838812943,0.0010899838525801897,0.0010899838525801897,0.10899838525801897
Herwig_plus,249,MUR1.0_MUF1.0_PDF26524,pdf,5,0.84,1.05,0.6589977741241455,0.6586297154426575,0.9994414872159816,-0.0005585128092207015,0.0005585128092207015,-0.055851280922070146
Herwig_plus,249,MUR1.0_MUF1.0_PDF26524,pdf,6,1.05,1.37,0.6422200798988342,0.6424000263214111,1.0002801943262274,0.0002801943337544799,0.0002801943337544799,0.02801943337544799
Herwig_plus,249,MUR1.0_MUF1.0_PDF26524,pdf,7,1.37,1.52,0.7223036289215088,0.7201432585716248,0.9970090551073242,-0.002990944776684046,0.002990944776684046,-0.2990944776684046
Herwig_plus,249,MUR1.0_MUF1.0_PDF26524,pdf,8,1.52,1.74,0.6450952887535095,0.6468636393547058,1.0027412238657225,0.0027412238996475935,0.0027412238996475935,0.27412238996475935
Herwig_plus,249,MUR1.0_MUF1.0_PDF26524,pdf,9,1.74,1.95,0.6222162246704102,0.6197918057441711,0.996103574882633,-0.003896425012499094,0.003896425012499094,-0.3896425012499094
Herwig_plus,249,MUR1.0_MUF1.0_PDF26524,pdf,10,1.95,2.18,0.6321878433227539,0.6308004856109619,0.9978054660075396,-0.002194534055888653,0.002194534055888653,-0.21945340558886528
Herwig_plus,249,MUR1.0_MUF1.0_PDF26524,pdf,11,2.18,2.5,0.6375429630279541,0.6344596743583679,0.995163794679903,-0.004836205393075943,0.004836205393075943,-0.4836205393075943
Herwig_plus,250,MUR1.0_MUF1.0_PDF26525,pdf,1,0.0,0.21,0.665374219417572,0.6661266684532166,1.001130865930308,0.0011308658868074417,0.0011308658868074417,0.11308658868074417
Herwig_plus,250,MUR1.0_MUF1.0_PDF26525,pdf,2,0.21,0.42,0.6719119548797607,0.6723079681396484,1.0005893826668981,0.0005893826601095498,0.0005893826601095498,0.058938266010954976
Herwig_plus,250,MUR1.0_MUF1.0_PDF26525,pdf,3,0.42,0.63,0.6914249062538147,0.6925409436225891,1.001614112188728,0.0016141121741384268,0.0016141121741384268,0.16141121741384268
Herwig_plus,250,MUR1.0_MUF1.0_PDF26525,pdf,4,0.63,0.84,0.6939395666122437,0.6945928931236267,1.0009414746511323,0.0009414746309630573,0.0009414746309630573,0.09414746309630573
Herwig_plus,250,MUR1.0_MUF1.0_PDF26525,pdf,5,0.84,1.05,0.6589977741241455,0.658756673336029,0.9996341402086875,-0.0003658597997855395,0.0003658597997855395,-0.03658597997855395
Herwig_plus,250,MUR1.0_MUF1.0_PDF26525,pdf,6,1.05,1.37,0.6422200798988342,0.6424845457077026,1.0004117993459658,0.0004117993521504104,0.0004117993521504104,0.04117993521504104
Herwig_plus,250,MUR1.0_MUF1.0_PDF26525,pdf,7,1.37,1.52,0.7223036289215088,0.7206383943557739,0.9976945504645722,-0.002305449452251196,0.002305449452251196,-0.2305449452251196
Herwig_plus,250,MUR1.0_MUF1.0_PDF26525,pdf,8,1.52,1.74,0.6450952887535095,0.6466817855834961,1.0024593216810684,0.0024593216367065907,0.0024593216367065907,0.24593216367065907
Herwig_plus,250,MUR1.0_MUF1.0_PDF26525,pdf,9,1.74,1.95,0.6222162246704102,0.6201760172843933,0.9967210636670596,-0.0032789362594485283,0.0032789362594485283,-0.32789362594485283
Herwig_plus,250,MUR1.0_MUF1.0_PDF26525,pdf,10,1.95,2.18,0.6321878433227539,0.6308448910713196,0.9978757069348632,-0.0021242930088192225,0.0021242930088192225,-0.21242930088192225
Herwig_plus,250,MUR1.0_MUF1.0_PDF26525,pdf,11,2.18,2.5,0.6375429630279541,0.6345049738883972,0.9952348479777297,-0.004765151999890804,0.004765151999890804,-0.47651519998908043
Herwig_plus,251,MUR1.0_MUF1.0_PDF26526,pdf,1,0.0,0.21,0.665374219417572,0.6660049557685852,1.0009479422745975,0.0009479422587901354,0.0009479422587901354,0.09479422587901354
Herwig_plus,251,MUR1.0_MUF1.0_PDF26526,pdf,2,0.21,0.42,0.6719119548797607,0.6722033619880676,1.0004336983531705,0.00043369835475459695,0.00043369835475459695,0.043369835475459695
Herwig_plus,251,MUR1.0_MUF1.0_PDF26526,pdf,3,0.42,0.63,0.6914249062538147,0.6924344301223755,1.0014600629214103,0.0014600629219785333,0.0014600629219785333,0.14600629219785333
Herwig_plus,251,MUR1.0_MUF1.0_PDF26526,pdf,4,0.63,0.84,0.6939395666122437,0.6944919228553772,1.0007959716806898,0.0007959716604091227,0.0007959716604091227,0.07959716604091227
Herwig_plus,251,MUR1.0_MUF1.0_PDF26526,pdf,5,0.84,1.05,0.6589977741241455,0.6587114334106445,0.9995654906211459,-0.00043450939119793475,0.00043450939119793475,-0.043450939119793475
Herwig_plus,251,MUR1.0_MUF1.0_PDF26526,pdf,6,1.05,1.37,0.6422200798988342,0.6424154043197632,1.0003041393862362,0.0003041393938474357,0.0003041393938474357,0.03041393938474357
Herwig_plus,251,MUR1.0_MUF1.0_PDF26526,pdf,7,1.37,1.52,0.7223036289215088,0.7206777334213257,0.9977490138010094,-0.00225098617374897,0.00225098617374897,-0.225098617374897
Herwig_plus,251,MUR1.0_MUF1.0_PDF26526,pdf,8,1.52,1.74,0.6450952887535095,0.6465403437614441,1.0022400644263374,0.0022400643210858107,0.0022400643210858107,0.22400643210858107
Herwig_plus,251,MUR1.0_MUF1.0_PDF26526,pdf,9,1.74,1.95,0.6222162246704102,0.6201956868171692,0.9967526757208698,-0.003247324377298355,0.003247324377298355,-0.3247324377298355
Herwig_plus,251,MUR1.0_MUF1.0_PDF26526,pdf,10,1.95,2.18,0.6321878433227539,0.6311615705490112,0.9983766331722727,-0.0016233668429777026,0.0016233668429777026,-0.16233668429777026
Herwig_plus,251,MUR1.0_MUF1.0_PDF26526,pdf,11,2.18,2.5,0.6375429630279541,0.6349923610687256,0.9959993253676354,-0.004000674467533827,0.004000674467533827,-0.4000674467533827
Herwig_plus,252,MUR1.0_MUF1.0_PDF26527,pdf,1,0.0,0.21,0.665374219417572,0.6663167476654053,1.0014165385738243,0.0014165386091917753,0.0014165386091917753,0.14165386091917753
Herwig_plus,252,MUR1.0_MUF1.0_PDF26527,pdf,2,0.21,0.42,0.6719119548797607,0.6725133657455444,1.0008950739176703,0.0008950739284045994,0.0008950739284045994,0.08950739284045994
Herwig_plus,252,MUR1.0_MUF1.0_PDF26527,pdf,3,0.42,0.63,0.6914249062538147,0.6926800608634949,1.0018153158764278,0.0018153159180656075,0.0018153159180656075,0.18153159180656075
Herwig_plus,252,MUR1.0_MUF1.0_PDF26527,pdf,4,0.63,0.84,0.6939395666122437,0.6947349309921265,1.0011461579914886,0.0011461579706519842,0.0011461579706519842,0.11461579706519842
Herwig_plus,252,MUR1.0_MUF1.0_PDF26527,pdf,5,0.84,1.05,0.6589977741241455,0.6589574217796326,0.9999387671004404,-6.123290222603828e-05,6.123290222603828e-05,-0.006123290222603828
Herwig_plus,252,MUR1.0_MUF1.0_PDF26527,pdf,6,1.05,1.37,0.6422200798988342,0.6425886154174805,1.0005738461474207,0.0005738461622968316,0.0005738461622968316,0.05738461622968316
Herwig_plus,252,MUR1.0_MUF1.0_PDF26527,pdf,7,1.37,1.52,0.7223036289215088,0.7207499742507935,0.9978490282915577,-0.0021509716752916574,0.0021509716752916574,-0.21509716752916574
Herwig_plus,252,MUR1.0_MUF1.0_PDF26527,pdf,8,1.52,1.74,0.6450952887535095,0.6467527747154236,1.002569366093367,0.0025693660136312246,0.0025693660136312246,0.25693660136312246
Herwig_plus,252,MUR1.0_MUF1.0_PDF26527,pdf,9,1.74,1.95,0.6222162246704102,0.620262861251831,0.9968606356743368,-0.0031393643002957106,0.0031393643002957106,-0.31393643002957106
Herwig_plus,252,MUR1.0_MUF1.0_PDF26527,pdf,10,1.95,2.18,0.6321878433227539,0.6303648948669434,0.9971164449379014,-0.0028835551347583532,0.0028835551347583532,-0.2883555134758353
Herwig_plus,252,MUR1.0_MUF1.0_PDF26527,pdf,11,2.18,2.5,0.6375429630279541,0.6339523792266846,0.9943680912354261,-0.0056319087743759155,0.0056319087743759155,-0.5631908774375916
Herwig_plus,253,MUR1.0_MUF1.0_PDF26528,pdf,1,0.0,0.21,0.665374219417572,0.6659553050994873,1.000873321606034,0.0008733216091059148,0.0008733216091059148,0.08733216091059148
Herwig_plus,253,MUR1.0_MUF1.0_PDF26528,pdf,2,0.21,0.42,0.6719119548797607,0.6721360683441162,1.0003335458801228,0.000333545875037089,0.000333545875037089,0.0333545875037089
Herwig_plus,253,MUR1.0_MUF1.0_PDF26528,pdf,3,0.42,0.63,0.6914249062538147,0.6924249529838562,1.0014463562434566,0.0014463562984019518,0.0014463562984019518,0.14463562984019518
Herwig_plus,253,MUR1.0_MUF1.0_PDF26528,pdf,4,0.63,0.84,0.6939395666122437,0.6944676637649536,1.0007610131748044,0.0007610131870023906,0.0007610131870023906,0.07610131870023906
Herwig_plus,253,MUR1.0_MUF1.0_PDF26528,pdf,5,0.84,1.05,0.6589977741241455,0.6586124897003174,0.9994153479132153,-0.0005846520652994514,0.0005846520652994514,-0.058465206529945135
Herwig_plus,253,MUR1.0_MUF1.0_PDF26528,pdf,6,1.05,1.37,0.6422200798988342,0.6423986554145813,1.0002780596890948,0.0002780596842058003,0.0002780596842058003,0.02780596842058003
Herwig_plus,253,MUR1.0_MUF1.0_PDF26528,pdf,7,1.37,1.52,0.7223036289215088,0.7206147909164429,0.99766187246271,-0.00233812746591866,0.00233812746591866,-0.23381274659186602
Herwig_plus,253,MUR1.0_MUF1.0_PDF26528,pdf,8,1.52,1.74,0.6450952887535095,0.6465782523155212,1.0022988286968848,0.0022988286800682545,0.0022988286800682545,0.22988286800682545
Herwig_plus,253,MUR1.0_MUF1.0_PDF26528,pdf,9,1.74,1.95,0.6222162246704102,0.6201415657997131,0.9966656946758404,-0.0033343052491545677,0.0033343052491545677,-0.33343052491545677
Herwig_plus,253,MUR1.0_MUF1.0_PDF26528,pdf,10,1.95,2.18,0.6321878433227539,0.631399393081665,0.9987528228367303,-0.0012471771333366632,0.0012471771333366632,-0.12471771333366632
Herwig_plus,253,MUR1.0_MUF1.0_PDF26528,pdf,11,2.18,2.5,0.6375429630279541,0.6352079510688782,0.9963374829705813,-0.003662517061457038,0.003662517061457038,-0.3662517061457038
Herwig_plus,254,MUR1.0_MUF1.0_PDF26529,pdf,1,0.0,0.21,0.665374219417572,0.6664718985557556,1.001649716965506,0.001649716985411942,0.001649716985411942,0.1649716985411942
Herwig_plus,254,MUR1.0_MUF1.0_PDF26529,pdf,2,0.21,0.42,0.6719119548797607,0.6726376414299011,1.0010800322049191,0.001080032205209136,0.001080032205209136,0.1080032205209136
Herwig_plus,254,MUR1.0_MUF1.0_PDF26529,pdf,3,0.42,0.63,0.6914249062538147,0.6927805542945862,1.0019606583860516,0.0019606584683060646,0.0019606584683060646,0.19606584683060646
Herwig_plus,254,MUR1.0_MUF1.0_PDF26529,pdf,4,0.63,0.84,0.6939395666122437,0.6947937607765198,1.0012309345155894,0.0012309345183894038,0.0012309345183894038,0.12309345183894038
Herwig_plus,254,MUR1.0_MUF1.0_PDF26529,pdf,5,0.84,1.05,0.6589977741241455,0.6589766144752502,0.9999678911678823,-3.210883369320072e-05,3.210883369320072e-05,-0.0032108833693200722
Herwig_plus,254,MUR1.0_MUF1.0_PDF26529,pdf,6,1.05,1.37,0.6422200798988342,0.6426025032997131,1.000595470949677,0.0005954709486104548,0.0005954709486104548,0.05954709486104548
Herwig_plus,254,MUR1.0_MUF1.0_PDF26529,pdf,7,1.37,1.52,0.7223036289215088,0.7207507491111755,0.9978501010542451,-0.002149899024516344,0.002149899024516344,-0.2149899024516344
Herwig_plus,254,MUR1.0_MUF1.0_PDF26529,pdf,8,1.52,1.74,0.6450952887535095,0.6467454433441162,1.0025580013051951,0.0025580013170838356,0.0025580013170838356,0.25580013170838356
Herwig_plus,254,MUR1.0_MUF1.0_PDF26529,pdf,9,1.74,1.95,0.6222162246704102,0.6203544735908508,0.9970078712098105,-0.0029921287205070257,0.0029921287205070257,-0.29921287205070257
Herwig_plus,254,MUR1.0_MUF1.0_PDF26529,pdf,10,1.95,2.18,0.6321878433227539,0.630411684513092,0.9971904571901818,-0.0028095426969230175,0.0028095426969230175,-0.28095426969230175
Herwig_plus,254,MUR1.0_MUF1.0_PDF26529,pdf,11,2.18,2.5,0.6375429630279541,0.634271502494812,0.9948686430203785,-0.005131356883794069,0.005131356883794069,-0.5131356883794069
Herwig_plus,255,MUR1.0_MUF1.0_PDF26530,pdf,1,0.0,0.21,0.665374219417572,0.6657097935676575,1.0005043389724044,0.0005043389974161983,0.0005043389974161983,0.050433899741619825
Herwig_plus,255,MUR1.0_MUF1.0_PDF26530,pdf,2,0.21,0.42,0.6719119548797607,0.6719255447387695,1.000020225654433,2.0225654225214384e-05,2.0225654225214384e-05,0.0020225654225214384
Herwig_plus,255,MUR1.0_MUF1.0_PDF26530,pdf,3,0.42,0.63,0.6914249062538147,0.6922547221183777,1.0012001532734176,0.0012001532595604658,0.0012001532595604658,0.12001532595604658
Herwig_plus,255,MUR1.0_MUF1.0_PDF26530,pdf,4,0.63,0.84,0.6939395666122437,0.6943325996398926,1.0005663793312258,0.0005663793417625129,0.0005663793417625129,0.05663793417625129
Herwig_plus,255,MUR1.0_MUF1.0_PDF26530,pdf,5,0.84,1.05,0.6589977741241455,0.6585051417350769,0.9992524521198523,-0.0007475478923879564,0.0007475478923879564,-0.07475478923879564
Herwig_plus,255,MUR1.0_MUF1.0_PDF26530,pdf,6,1.05,1.37,0.6422200798988342,0.6423195600509644,1.0001549004075765,0.00015490040823351592,0.00015490040823351592,0.015490040823351592
Herwig_plus,255,MUR1.0_MUF1.0_PDF26530,pdf,7,1.37,1.52,0.7223036289215088,0.720563530921936,0.9975909050849281,-0.0024090949445962906,0.0024090949445962906,-0.24090949445962906
Herwig_plus,255,MUR1.0_MUF1.0_PDF26530,pdf,8,1.52,1.74,0.6450952887535095,0.6465036869049072,1.0021832404854778,0.002183240372687578,0.002183240372687578,0.21832403726875782
Herwig_plus,255,MUR1.0_MUF1.0_PDF26530,pdf,9,1.74,1.95,0.6222162246704102,0.6199678778648376,0.9963865506612859,-0.003613449400290847,0.003613449400290847,-0.3613449400290847
Herwig_plus,255,MUR1.0_MUF1.0_PDF26530,pdf,10,1.95,2.18,0.6321878433227539,0.6316073536872864,0.999081776656102,-0.0009182233479805291,0.0009182233479805291,-0.09182233479805291
Herwig_plus,255,MUR1.0_MUF1.0_PDF26530,pdf,11,2.18,2.5,0.6375429630279541,0.6351949572563171,0.9963171018930468,-0.003682898124679923,0.003682898124679923,-0.3682898124679923
Herwig_plus,256,MUR1.0_MUF1.0_PDF26531,pdf,1,0.0,0.21,0.665374219417572,0.6662352085113525,1.001293992265787,0.001293992274440825,0.001293992274440825,0.1293992274440825
Herwig_plus,256,MUR1.0_MUF1.0_PDF26531,pdf,2,0.21,0.42,0.6719119548797607,0.6723867058753967,1.0007065672699944,0.000706567254383117,0.000706567254383117,0.0706567254383117
Herwig_plus,256,MUR1.0_MUF1.0_PDF26531,pdf,3,0.42,0.63,0.6914249062538147,0.6926507949829102,1.0017729889652622,0.0017729889368638396,0.0017729889368638396,0.17729889368638396
Herwig_plus,256,MUR1.0_MUF1.0_PDF26531,pdf,4,0.63,0.84,0.6939395666122437,0.6946633458137512,1.0010430003365294,0.0010430003749206662,0.0010430003749206662,0.10430003749206662
Herwig_plus,256,MUR1.0_MUF1.0_PDF26531,pdf,5,0.84,1.05,0.6589977741241455,0.6588043570518494,0.9997064981402203,-0.0002935018565040082,0.0002935018565040082,-0.029350185650400817
Herwig_plus,256,MUR1.0_MUF1.0_PDF26531,pdf,6,1.05,1.37,0.6422200798988342,0.6425004601478577,1.0004365796987655,0.0004365796921774745,0.0004365796921774745,0.04365796921774745
Herwig_plus,256,MUR1.0_MUF1.0_PDF26531,pdf,7,1.37,1.52,0.7223036289215088,0.7205671668052673,0.9975959388175383,-0.002404061146080494,0.002404061146080494,-0.2404061146080494
Herwig_plus,256,MUR1.0_MUF1.0_PDF26531,pdf,8,1.52,1.74,0.6450952887535095,0.6467706561088562,1.0025970850889083,0.0025970852002501488,0.0025970852002501488,0.2597085200250149
Herwig_plus,256,MUR1.0_MUF1.0_PDF26531,pdf,9,1.74,1.95,0.6222162246704102,0.6201428174972534,0.996667706351992,-0.0033322935923933983,0.0033322935923933983,-0.33322935923933983
Herwig_plus,256,MUR1.0_MUF1.0_PDF26531,pdf,10,1.95,2.18,0.6321878433227539,0.6306774020195007,0.9976107713566361,-0.002389228669926524,0.002389228669926524,-0.23892286699265242
Herwig_plus,256,MUR1.0_MUF1.0_PDF26531,pdf,11,2.18,2.5,0.6375429630279541,0.6343233585357666,0.9949499803481536,-0.0050500198267400265,0.0050500198267400265,-0.5050019826740026
Herwig_plus,257,MUR1.0_MUF1.0_PDF26532,pdf,1,0.0,0.21,0.665374219417572,0.6659025549888611,1.0007940427444748,0.0007940427167341113,0.0007940427167341113,0.07940427167341113
Herwig_plus,257,MUR1.0_MUF1.0_PDF26532,pdf,2,0.21,0.42,0.6719119548797607,0.6721336841583252,1.000329997519696,0.00032999750692397356,0.00032999750692397356,0.032999750692397356
Herwig_plus,257,MUR1.0_MUF1.0_PDF26532,pdf,3,0.42,0.63,0.6914249062538147,0.6923327445983887,1.001312996301352,0.0013129962608218193,0.0013129962608218193,0.13129962608218193
Herwig_plus,257,MUR1.0_MUF1.0_PDF26532,pdf,4,0.63,0.84,0.6939395666122437,0.69443279504776,1.0007107656909149,0.0007107657147571445,0.0007107657147571445,0.07107657147571445
Herwig_plus,257,MUR1.0_MUF1.0_PDF26532,pdf,5,0.84,1.05,0.6589977741241455,0.6586629748344421,0.9994919568732257,-0.0005080431001260877,0.0005080431001260877,-0.05080431001260877
Herwig_plus,257,MUR1.0_MUF1.0_PDF26532,pdf,6,1.05,1.37,0.6422200798988342,0.6424142122268677,1.000302283180034,0.0003022831806447357,0.0003022831806447357,0.03022831806447357
Herwig_plus,257,MUR1.0_MUF1.0_PDF26532,pdf,7,1.37,1.52,0.7223036289215088,0.7207474112510681,0.9978454799226687,-0.0021545200143009424,0.0021545200143009424,-0.21545200143009424
Herwig_plus,257,MUR1.0_MUF1.0_PDF26532,pdf,8,1.52,1.74,0.6450952887535095,0.646467924118042,1.0021278024943954,0.0021278024651110172,0.0021278024651110172,0.21278024651110172
Herwig_plus,257,MUR1.0_MUF1.0_PDF26532,pdf,9,1.74,1.95,0.6222162246704102,0.6202210783958435,0.9967934840085158,-0.0032065159175544977,0.0032065159175544977,-0.32065159175544977
Herwig_plus,257,MUR1.0_MUF1.0_PDF26532,pdf,10,1.95,2.18,0.6321878433227539,0.6312928199768066,0.9985842446111538,-0.0014157553669065237,0.0014157553669065237,-0.14157553669065237
Herwig_plus,257,MUR1.0_MUF1.0_PDF26532,pdf,11,2.18,2.5,0.6375429630279541,0.6350913047790527,0.9961545207286777,-0.003845479339361191,0.003845479339361191,-0.3845479339361191
Herwig_plus,258,MUR1.0_MUF1.0_PDF26533,pdf,1,0.0,0.21,0.665374219417572,0.6660373210906982,1.0009965845591473,0.0009965845383703709,0.0009965845383703709,0.09965845383703709
Herwig_plus,258,MUR1.0_MUF1.0_PDF26533,pdf,2,0.21,0.42,0.6719119548797607,0.6722615957260132,1.000520367056596,0.0005203670589253306,0.0005203670589253306,0.052036705892533064
Herwig_plus,258,MUR1.0_MUF1.0_PDF26533,pdf,3,0.42,0.63,0.6914249062538147,0.6924289464950562,1.0014521320134118,0.0014521320117637515,0.0014521320117637515,0.14521320117637515
Herwig_plus,258,MUR1.0_MUF1.0_PDF26533,pdf,4,0.63,0.84,0.6939395666122437,0.6945276260375977,1.0008474216684673,0.0008474216447211802,0.0008474216447211802,0.08474216447211802
Herwig_plus,258,MUR1.0_MUF1.0_PDF26533,pdf,5,0.84,1.05,0.6589977741241455,0.6587569117546082,0.9996345019983451,-0.00036549801006913185,0.00036549801006913185,-0.036549801006913185
Herwig_plus,258,MUR1.0_MUF1.0_PDF26533,pdf,6,1.05,1.37,0.6422200798988342,0.642479419708252,1.0004038176592962,0.00040381765575148165,0.00040381765575148165,0.040381765575148165
Herwig_plus,258,MUR1.0_MUF1.0_PDF26533,pdf,7,1.37,1.52,0.7223036289215088,0.720798671245575,0.9979164473004505,-0.0020835527684539557,0.0020835527684539557,-0.20835527684539557
Herwig_plus,258,MUR1.0_MUF1.0_PDF26533,pdf,8,1.52,1.74,0.6450952887535095,0.646538496017456,1.0022372001301314,0.0022372000385075808,0.0022372000385075808,0.22372000385075808
Herwig_plus,258,MUR1.0_MUF1.0_PDF26533,pdf,9,1.74,1.95,0.6222162246704102,0.6203179359436035,0.9969491494250055,-0.003050850471481681,0.003050850471481681,-0.3050850471481681
Herwig_plus,258,MUR1.0_MUF1.0_PDF26533,pdf,10,1.95,2.18,0.6321878433227539,0.6310586929321289,0.9982139005003794,-0.0017860995139926672,0.0017860995139926672,-0.17860995139926672
Herwig_plus,258,MUR1.0_MUF1.0_PDF26533,pdf,11,2.18,2.5,0.6375429630279541,0.6348937153816223,0.9958445974624998,-0.004155402537435293,0.004155402537435293,-0.4155402537435293
Herwig_plus,259,MUR1.0_MUF1.0_PDF26534,scale,1,0.0,0.21,0.665374219417572,0.6661691665649414,1.0011947369227279,0.0011947369202971458,0.0011947369202971458,0.11947369202971458
Herwig_plus,259,MUR1.0_MUF1.0_PDF26534,scale,2,0.21,0.42,0.6719119548797607,0.6722995638847351,1.0005768746963934,0.0005768747068941593,0.0005768747068941593,0.05768747068941593
Herwig_plus,259,MUR1.0_MUF1.0_PDF26534,scale,3,0.42,0.63,0.6914249062538147,0.6926401853561401,1.0017576443823957,0.0017576443497091532,0.0017576443497091532,0.17576443497091532
Herwig_plus,259,MUR1.0_MUF1.0_PDF26534,scale,4,0.63,0.84,0.6939395666122437,0.6946232318878174,1.0009851942567727,0.00098519423045218,0.00098519423045218,0.09851942304521799
Herwig_plus,259,MUR1.0_MUF1.0_PDF26534,scale,5,0.84,1.05,0.6589977741241455,0.6587221026420593,0.9995816807083263,-0.00041831927956081927,0.00041831927956081927,-0.04183192795608193
Herwig_plus,259,MUR1.0_MUF1.0_PDF26534,scale,6,1.05,1.37,0.6422200798988342,0.6424417495727539,1.0003451615433054,0.00034516153391450644,0.00034516153391450644,0.034516153391450644
Herwig_plus,259,MUR1.0_MUF1.0_PDF26534,scale,7,1.37,1.52,0.7223036289215088,0.7204238176345825,0.9973974777203694,-0.002602522261440754,0.002602522261440754,-0.2602522261440754
Herwig_plus,259,MUR1.0_MUF1.0_PDF26534,scale,8,1.52,1.74,0.6450952887535095,0.6467990279197693,1.002641065895167,0.00264106597751379,0.00264106597751379,0.264106597751379
Herwig_plus,259,MUR1.0_MUF1.0_PDF26534,scale,9,1.74,1.95,0.6222162246704102,0.6199753880500793,0.9963986207181952,-0.0036013792268931866,0.0036013792268931866,-0.36013792268931866
Herwig_plus,259,MUR1.0_MUF1.0_PDF26534,scale,10,1.95,2.18,0.6321878433227539,0.6307907700538635,0.9977900978583399,-0.0022099020425230265,0.0022099020425230265,-0.22099020425230265
Herwig_plus,259,MUR1.0_MUF1.0_PDF26534,scale,11,2.18,2.5,0.6375429630279541,0.634316623210907,0.9949394158446611,-0.005060584284365177,0.005060584284365177,-0.5060584284365177
Herwig_plus,260,MUR1.0_MUF1.0_PDF26535,pdf,1,0.0,0.21,0.665374219417572,0.6661261320114136,1.0011300597045971,0.0011300597107037902,0.0011300597107037902,0.11300597107037902
Herwig_plus,260,MUR1.0_MUF1.0_PDF26535,pdf,2,0.21,0.42,0.6719119548797607,0.6723085045814514,1.000590181047994,0.0005901810363866389,0.0005901810363866389,0.05901810363866389
Herwig_plus,260,MUR1.0_MUF1.0_PDF26535,pdf,3,0.42,0.63,0.6914249062538147,0.6925553679466248,1.0016349739249848,0.0016349739162251353,0.0016349739162251353,0.16349739162251353
Herwig_plus,260,MUR1.0_MUF1.0_PDF26535,pdf,4,0.63,0.84,0.6939395666122437,0.6946067214012146,1.0009614018584183,0.0009614018490538001,0.0009614018490538001,0.09614018490538001
Herwig_plus,260,MUR1.0_MUF1.0_PDF26535,pdf,5,0.84,1.05,0.6589977741241455,0.6588034629821777,0.999705141429004,-0.00029485856066457927,0.00029485856066457927,-0.029485856066457927
Herwig_plus,260,MUR1.0_MUF1.0_PDF26535,pdf,6,1.05,1.37,0.6422200798988342,0.6424801349639893,1.0004049313830174,0.0004049313720315695,0.0004049313720315695,0.04049313720315695
Herwig_plus,260,MUR1.0_MUF1.0_PDF26535,pdf,7,1.37,1.52,0.7223036289215088,0.7205754518508911,0.9976074091262728,-0.0023925909772515297,0.0023925909772515297,-0.23925909772515297
Herwig_plus,260,MUR1.0_MUF1.0_PDF26535,pdf,8,1.52,1.74,0.6450952887535095,0.6467220187187195,1.002521689421036,0.0025216895155608654,0.0025216895155608654,0.25216895155608654
Herwig_plus,260,MUR1.0_MUF1.0_PDF26535,pdf,9,1.74,1.95,0.6222162246704102,0.6200724244117737,0.9965545735169924,-0.003445426467806101,0.003445426467806101,-0.3445426467806101
Herwig_plus,260,MUR1.0_MUF1.0_PDF26535,pdf,10,1.95,2.18,0.6321878433227539,0.6305842995643616,0.9974635011170665,-0.0025364989414811134,0.0025364989414811134,-0.25364989414811134
Herwig_plus,260,MUR1.0_MUF1.0_PDF26535,pdf,11,2.18,2.5,0.6375429630279541,0.6340616941452026,0.9945395540620235,-0.005460445769131184,0.005460445769131184,-0.5460445769131184
Herwig_plus,261,MUR1.0_MUF1.0_PDF26536,pdf,1,0.0,0.21,0.665374219417572,0.666054368019104,1.001022204620623,0.0010222046403214335,0.0010222046403214335,0.10222046403214335
Herwig_plus,261,MUR1.0_MUF1.0_PDF26536,pdf,2,0.21,0.42,0.6719119548797607,0.6722452640533447,1.000496060787672,0.0004960607620887458,0.0004960607620887458,0.04960607620887458
Herwig_plus,261,MUR1.0_MUF1.0_PDF26536,pdf,3,0.42,0.63,0.6914249062538147,0.6924673914909363,1.0015077345749228,0.0015077345306053758,0.0015077345306053758,0.15077345306053758
Herwig_plus,261,MUR1.0_MUF1.0_PDF26536,pdf,4,0.63,0.84,0.6939395666122437,0.6945217847824097,1.0008390041412516,0.0008390041184611619,0.0008390041184611619,0.08390041184611619
Herwig_plus,261,MUR1.0_MUF1.0_PDF26536,pdf,5,0.84,1.05,0.6589977741241455,0.6586938500404358,0.9995388086338931,-0.0004611913755070418,0.0004611913755070418,-0.04611913755070418
Herwig_plus,261,MUR1.0_MUF1.0_PDF26536,pdf,6,1.05,1.37,0.6422200798988342,0.642447292804718,1.000353792902146,0.00035379291512072086,0.00035379291512072086,0.035379291512072086
Herwig_plus,261,MUR1.0_MUF1.0_PDF26536,pdf,7,1.37,1.52,0.7223036289215088,0.7207052707672119,0.9977871381365155,-0.0022128617856651545,0.0022128617856651545,-0.22128617856651545
Herwig_plus,261,MUR1.0_MUF1.0_PDF26536,pdf,8,1.52,1.74,0.6450952887535095,0.646568775177002,1.002284137629248,0.0022841375321149826,0.0022841375321149826,0.22841375321149826
Herwig_plus,261,MUR1.0_MUF1.0_PDF26536,pdf,9,1.74,1.95,0.6222162246704102,0.6202621459960938,0.9968594861451073,-0.0031405137851834297,0.0031405137851834297,-0.31405137851834297
Herwig_plus,261,MUR1.0_MUF1.0_PDF26536,pdf,10,1.95,2.18,0.6321878433227539,0.6312270164489746,0.9984801560423414,-0.0015198439359664917,0.0015198439359664917,-0.15198439359664917
Herwig_plus,261,MUR1.0_MUF1.0_PDF26536,pdf,11,2.18,2.5,0.6375429630279541,0.6351256966590881,0.9962084651403171,-0.0037915348075330257,0.0037915348075330257,-0.3791534807533026
Herwig_plus,262,MUR1.0_MUF1.0_PDF26537,pdf,1,0.0,0.21,0.665374219417572,0.6661908626556396,1.0012273442736968,0.0012273442698642612,0.0012273442698642612,0.12273442698642612
Herwig_plus,262,MUR1.0_MUF1.0_PDF26537,pdf,2,0.21,0.42,0.6719119548797607,0.672360897064209,1.000668156268374,0.0006681562517769635,0.0006681562517769635,0.06681562517769635
Herwig_plus,262,MUR1.0_MUF1.0_PDF26537,pdf,3,0.42,0.63,0.6914249062538147,0.692616879940033,1.0017239380234022,0.0017239380395039916,0.0017239380395039916,0.17239380395039916
Herwig_plus,262,MUR1.0_MUF1.0_PDF26537,pdf,4,0.63,0.84,0.6939395666122437,0.6946475505828857,1.0010202386557931,0.0010202386183664203,0.0010202386183664203,0.10202386183664203
Herwig_plus,262,MUR1.0_MUF1.0_PDF26537,pdf,5,0.84,1.05,0.6589977741241455,0.6588191390037537,0.9997289290989955,-0.00027107089408673346,0.00027107089408673346,-0.027107089408673346
Herwig_plus,262,MUR1.0_MUF1.0_PDF26537,pdf,6,1.05,1.37,0.6422200798988342,0.6425014138221741,1.0004380646637274,0.0004380646569188684,0.0004380646569188684,0.04380646569188684
Herwig_plus,262,MUR1.0_MUF1.0_PDF26537,pdf,7,1.37,1.52,0.7223036289215088,0.7205866575241089,0.9976229229251367,-0.002377077005803585,0.002377077005803585,-0.2377077005803585
Herwig_plus,262,MUR1.0_MUF1.0_PDF26537,pdf,8,1.52,1.74,0.6450952887535095,0.6467594504356384,1.002579714518369,0.0025797144044190645,0.0025797144044190645,0.25797144044190645
Herwig_plus,262,MUR1.0_MUF1.0_PDF26537,pdf,9,1.74,1.95,0.6222162246704102,0.6201052665710449,0.9966073560674452,-0.0033926439937204123,0.0033926439937204123,-0.3392643993720412
Herwig_plus,262,MUR1.0_MUF1.0_PDF26537,pdf,10,1.95,2.18,0.6321878433227539,0.6306132078170776,0.9975092284321697,-0.0024907714687287807,0.0024907714687287807,-0.24907714687287807
Herwig_plus,262,MUR1.0_MUF1.0_PDF26537,pdf,11,2.18,2.5,0.6375429630279541,0.6341395974159241,0.994661747036049,-0.005338252987712622,0.005338252987712622,-0.5338252987712622
Herwig_plus,263,MUR1.0_MUF1.0_PDF26538,pdf,1,0.0,0.21,0.665374219417572,0.6660064458847046,1.0009501817904607,0.000950181798543781,0.000950181798543781,0.0950181798543781
Herwig_plus,263,MUR1.0_MUF1.0_PDF26538,pdf,2,0.21,0.42,0.6719119548797607,0.6722052097320557,1.0004364483325012,0.00043644834659062326,0.00043644834659062326,0.043644834659062326
Herwig_plus,263,MUR1.0_MUF1.0_PDF26538,pdf,3,0.42,0.63,0.6914249062538147,0.6924237012863159,1.0014445459275003,0.0014445459237322211,0.0014445459237322211,0.1444545923732221
Herwig_plus,263,MUR1.0_MUF1.0_PDF26538,pdf,4,0.63,0.84,0.6939395666122437,0.6944936513900757,1.0007984625816007,0.0007984625990502536,0.0007984625990502536,0.07984625990502536
Herwig_plus,263,MUR1.0_MUF1.0_PDF26538,pdf,5,0.84,1.05,0.6589977741241455,0.6586799025535583,0.9995176439389197,-0.0004823560593649745,0.0004823560593649745,-0.04823560593649745
Herwig_plus,263,MUR1.0_MUF1.0_PDF26538,pdf,6,1.05,1.37,0.6422200798988342,0.6424360275268555,1.0003362517535348,0.0003362517454661429,0.0003362517454661429,0.03362517454661429
Herwig_plus,263,MUR1.0_MUF1.0_PDF26538,pdf,7,1.37,1.52,0.7223036289215088,0.7207081913948059,0.9977911816266449,-0.0022088184487074614,0.0022088184487074614,-0.22088184487074614
Herwig_plus,263,MUR1.0_MUF1.0_PDF26538,pdf,8,1.52,1.74,0.6450952887535095,0.6465462446212769,1.002249211694866,0.002249211771413684,0.002249211771413684,0.2249211771413684
Herwig_plus,263,MUR1.0_MUF1.0_PDF26538,pdf,9,1.74,1.95,0.6222162246704102,0.6202499866485596,0.9968399441482065,-0.00316005595959723,0.00316005595959723,-0.316005595959723
Herwig_plus,263,MUR1.0_MUF1.0_PDF26538,pdf,10,1.95,2.18,0.6321878433227539,0.6312276721000671,0.9984811931567046,-0.0015188067918643355,0.0015188067918643355,-0.15188067918643355
Herwig_plus,263,MUR1.0_MUF1.0_PDF26538,pdf,11,2.18,2.5,0.6375429630279541,0.6350905895233154,0.9961533988345015,-0.003846601117402315,0.003846601117402315,-0.3846601117402315
Herwig_plus,264,MUR1.0_MUF1.0_PDF26539,pdf,1,0.0,0.21,0.665374219417572,0.665835440158844,1.0006931749499939,0.0006931749521754682,0.0006931749521754682,0.06931749521754682
Herwig_plus,264,MUR1.0_MUF1.0_PDF26539,pdf,2,0.21,0.42,0.6719119548797607,0.6721669435501099,1.0003794971476505,0.00037949715624563396,0.00037949715624563396,0.037949715624563396
Herwig_plus,264,MUR1.0_MUF1.0_PDF26539,pdf,3,0.42,0.63,0.6914249062538147,0.6919013261795044,1.000689040735126,0.0006890407530590892,0.0006890407530590892,0.06890407530590892
Herwig_plus,264,MUR1.0_MUF1.0_PDF26539,pdf,4,0.63,0.84,0.6939395666122437,0.6940792798995972,1.0002013335080973,0.00020133350335527211,0.00020133350335527211,0.02013335033552721
Herwig_plus,264,MUR1.0_MUF1.0_PDF26539,pdf,5,0.84,1.05,0.6589977741241455,0.6585225462913513,0.9992788627648617,-0.000721137213986367,0.000721137213986367,-0.0721137213986367
Herwig_plus,264,MUR1.0_MUF1.0_PDF26539,pdf,6,1.05,1.37,0.6422200798988342,0.6423071622848511,1.0001355958630733,0.0001355958665953949,0.0001355958665953949,0.013559586659539491
Herwig_plus,264,MUR1.0_MUF1.0_PDF26539,pdf,7,1.37,1.52,0.7223036289215088,0.7216678857803345,0.9991198394750923,-0.0008801605436019599,0.0008801605436019599,-0.088016054360196
Herwig_plus,264,MUR1.0_MUF1.0_PDF26539,pdf,8,1.52,1.74,0.6450952887535095,0.645354151725769,1.000401278658785,0.00040127866668626666,0.00040127866668626666,0.040127866668626666
Herwig_plus,264,MUR1.0_MUF1.0_PDF26539,pdf,9,1.74,1.95,0.6222162246704102,0.6214237213134766,0.9987263216137551,-0.001273678382858634,0.001273678382858634,-0.1273678382858634
Herwig_plus,264,MUR1.0_MUF1.0_PDF26539,pdf,10,1.95,2.18,0.6321878433227539,0.6332210302352905,1.0016343036701025,0.0016343037132173777,0.0016343037132173777,0.16343037132173777
Herwig_plus,264,MUR1.0_MUF1.0_PDF26539,pdf,11,2.18,2.5,0.6375429630279541,0.6395751237869263,1.0031874883369751,0.0031874882988631725,0.0031874882988631725,0.31874882988631725
Herwig_plus,265,MUR1.0_MUF1.0_PDF26540,pdf,1,0.0,0.21,0.665374219417572,0.6662077307701111,1.0012526955932688,0.0012526955688372254,0.0012526955688372254,0.12526955688372254
Herwig_plus,265,MUR1.0_MUF1.0_PDF26540,pdf,2,0.21,0.42,0.6719119548797607,0.6723065972328186,1.0005873423596525,0.0005873423651792109,0.0005873423651792109,0.05873423651792109
Herwig_plus,265,MUR1.0_MUF1.0_PDF26540,pdf,3,0.42,0.63,0.6914249062538147,0.6928446888923645,1.0020534155274248,0.002053415635600686,0.002053415635600686,0.2053415635600686
Herwig_plus,265,MUR1.0_MUF1.0_PDF26540,pdf,4,0.63,0.84,0.6939395666122437,0.6947419047355652,1.0011562074882665,0.0011562075233086944,0.0011562075233086944,0.11562075233086944
Herwig_plus,265,MUR1.0_MUF1.0_PDF26540,pdf,5,0.84,1.05,0.6589977741241455,0.6588030457496643,0.9997045082971031,-0.0002954917144961655,0.0002954917144961655,-0.02954917144961655
Herwig_plus,265,MUR1.0_MUF1.0_PDF26540,pdf,6,1.05,1.37,0.6422200798988342,0.6424413919448853,1.0003446046814448,0.00034460469032637775,0.00034460469032637775,0.034460469032637775
Herwig_plus,265,MUR1.0_MUF1.0_PDF26540,pdf,7,1.37,1.52,0.7223036289215088,0.7200731039047241,0.9969119288240111,-0.0030880712438374758,0.0030880712438374758,-0.3088071243837476
Herwig_plus,265,MUR1.0_MUF1.0_PDF26540,pdf,8,1.52,1.74,0.6450952887535095,0.6472160816192627,1.00328756526784,0.0032875651959329844,0.0032875651959329844,0.32875651959329844
Herwig_plus,265,MUR1.0_MUF1.0_PDF26540,pdf,9,1.74,1.95,0.6222162246704102,0.6193206310272217,0.9953463225027244,-0.004653677344322205,0.004653677344322205,-0.46536773443222046
Herwig_plus,265,MUR1.0_MUF1.0_PDF26540,pdf,10,1.95,2.18,0.6321878433227539,0.6301377415657043,0.9967571319526262,-0.00324286799877882,0.00324286799877882,-0.324286799877882
Herwig_plus,265,MUR1.0_MUF1.0_PDF26540,pdf,11,2.18,2.5,0.6375429630279541,0.6323210000991821,0.991809237601854,-0.008190762251615524,0.008190762251615524,-0.8190762251615524
Herwig_plus,266,MUR1.0_MUF1.0_PDF26541,pdf,1,0.0,0.21,0.665374219417572,0.6665220856666565,1.0017251438597805,0.001725143869407475,0.001725143869407475,0.1725143869407475
Herwig_plus,266,MUR1.0_MUF1.0_PDF26541,pdf,2,0.21,0.42,0.6719119548797607,0.6725889444351196,1.001007556943201,0.0010075569152832031,0.0010075569152832031,0.10075569152832031
Herwig_plus,266,MUR1.0_MUF1.0_PDF26541,pdf,3,0.42,0.63,0.6914249062538147,0.6927868127822876,1.0019697099658325,0.0019697099924087524,0.0019697099924087524,0.19697099924087524
Herwig_plus,266,MUR1.0_MUF1.0_PDF26541,pdf,4,0.63,0.84,0.6939395666122437,0.694665789604187,1.0010465219550584,0.001046521938405931,0.001046521938405931,0.1046521938405931
Herwig_plus,266,MUR1.0_MUF1.0_PDF26541,pdf,5,0.84,1.05,0.6589977741241455,0.6584857702255249,0.9992230567101671,-0.0007769432850182056,0.0007769432850182056,-0.07769432850182056
Herwig_plus,266,MUR1.0_MUF1.0_PDF26541,pdf,6,1.05,1.37,0.6422200798988342,0.642473042011261,1.0003938869561142,0.0003938869631383568,0.0003938869631383568,0.03938869631383568
Herwig_plus,266,MUR1.0_MUF1.0_PDF26541,pdf,7,1.37,1.52,0.7223036289215088,0.7207485437393188,0.9978470478065964,-0.0021529521327465773,0.0021529521327465773,-0.21529521327465773
Herwig_plus,266,MUR1.0_MUF1.0_PDF26541,pdf,8,1.52,1.74,0.6450952887535095,0.6464890837669373,1.002160603305786,0.0021606034133583307,0.0021606034133583307,0.21606034133583307
Herwig_plus,266,MUR1.0_MUF1.0_PDF26541,pdf,9,1.74,1.95,0.6222162246704102,0.6210981011390686,0.9982029984320421,-0.001797001576051116,0.001797001576051116,-0.1797001576051116
Herwig_plus,266,MUR1.0_MUF1.0_PDF26541,pdf,10,1.95,2.18,0.6321878433227539,0.6323570013046265,1.000267575505697,0.0002675754949450493,0.0002675754949450493,0.02675754949450493
Herwig_plus,266,MUR1.0_MUF1.0_PDF26541,pdf,11,2.18,2.5,0.6375429630279541,0.6385190486907959,1.0015310115858012,0.0015310115413740277,0.0015310115413740277,0.15310115413740277
Herwig_plus,267,MUR1.0_MUF1.0_PDF26542,pdf,1,0.0,0.21,0.665374219417572,0.6659370064735413,1.0008458203512332,0.0008458203519694507,0.0008458203519694507,0.08458203519694507
Herwig_plus,267,MUR1.0_MUF1.0_PDF26542,pdf,2,0.21,0.42,0.6719119548797607,0.6721032857894897,1.0002847559242538,0.00028475592262111604,0.00028475592262111604,0.028475592262111604
Herwig_plus,267,MUR1.0_MUF1.0_PDF26542,pdf,3,0.42,0.63,0.6914249062538147,0.692441999912262,1.001471011022669,0.0014710109680891037,0.0014710109680891037,0.14710109680891037
Herwig_plus,267,MUR1.0_MUF1.0_PDF26542,pdf,4,0.63,0.84,0.6939395666122437,0.6944432854652405,1.0007258828826493,0.000725882884580642,0.000725882884580642,0.0725882884580642
Herwig_plus,267,MUR1.0_MUF1.0_PDF26542,pdf,5,0.84,1.05,0.6589977741241455,0.658667266368866,0.9994984690870636,-0.0005015308852307498,0.0005015308852307498,-0.050153088523074985
Herwig_plus,267,MUR1.0_MUF1.0_PDF26542,pdf,6,1.05,1.37,0.6422200798988342,0.6423276662826538,1.0001675226097517,0.00016752260853536427,0.00016752260853536427,0.016752260853536427
Herwig_plus,267,MUR1.0_MUF1.0_PDF26542,pdf,7,1.37,1.52,0.7223036289215088,0.7204588055610657,0.9974459170817158,-0.0025540830101817846,0.0025540830101817846,-0.25540830101817846
Herwig_plus,267,MUR1.0_MUF1.0_PDF26542,pdf,8,1.52,1.74,0.6450952887535095,0.6465868353843689,1.0023121338147445,0.002312133787199855,0.002312133787199855,0.23121337871998549
Herwig_plus,267,MUR1.0_MUF1.0_PDF26542,pdf,9,1.74,1.95,0.6222162246704102,0.6196882724761963,0.9959371805266684,-0.004062819294631481,0.004062819294631481,-0.4062819294631481
Herwig_plus,267,MUR1.0_MUF1.0_PDF26542,pdf,10,1.95,2.18,0.6321878433227539,0.6310901641845703,0.9982636819898114,-0.0017363179940730333,0.0017363179940730333,-0.17363179940730333
Herwig_plus,267,MUR1.0_MUF1.0_PDF26542,pdf,11,2.18,2.5,0.6375429630279541,0.6341418623924255,0.9946652997009404,-0.005334700457751751,0.005334700457751751,-0.5334700457751751
Herwig_plus,268,MUR1.0_MUF1.0_PDF26543,pdf,1,0.0,0.21,0.665374219417572,0.6660773158073425,1.001056693164917,0.0010566931450739503,0.0010566931450739503,0.10566931450739503
Herwig_plus,268,MUR1.0_MUF1.0_PDF26543,pdf,2,0.21,0.42,0.6719119548797607,0.6723114252090454,1.000594527789517,0.0005945278098806739,0.0005945278098806739,0.05945278098806739
Herwig_plus,268,MUR1.0_MUF1.0_PDF26543,pdf,3,0.42,0.63,0.6914249062538147,0.692375123500824,1.0013742884272967,0.0013742884621024132,0.0013742884621024132,0.13742884621024132
Herwig_plus,268,MUR1.0_MUF1.0_PDF26543,pdf,4,0.63,0.84,0.6939395666122437,0.6945232152938843,1.000841065576488,0.0008410656009800732,0.0008410656009800732,0.08410656009800732
Herwig_plus,268,MUR1.0_MUF1.0_PDF26543,pdf,5,0.84,1.05,0.6589977741241455,0.6589142680168152,0.9998732831724033,-0.0001267168263439089,0.0001267168263439089,-0.01267168263439089
Herwig_plus,268,MUR1.0_MUF1.0_PDF26543,pdf,6,1.05,1.37,0.6422200798988342,0.6424887180328369,1.0004182960676735,0.0004182960547041148,0.0004182960547041148,0.04182960547041148
Herwig_plus,268,MUR1.0_MUF1.0_PDF26543,pdf,7,1.37,1.52,0.7223036289215088,0.7208217978477478,0.997948465140659,-0.00205153482966125,0.00205153482966125,-0.205153482966125
Herwig_plus,268,MUR1.0_MUF1.0_PDF26543,pdf,8,1.52,1.74,0.6450952887535095,0.6464642286300659,1.0021220739019836,0.0021220738999545574,0.0021220738999545574,0.21220738999545574
Herwig_plus,268,MUR1.0_MUF1.0_PDF26543,pdf,9,1.74,1.95,0.6222162246704102,0.6202501654624939,0.9968402315305138,-0.0031597684137523174,0.0031597684137523174,-0.31597684137523174
Herwig_plus,268,MUR1.0_MUF1.0_PDF26543,pdf,10,1.95,2.18,0.6321878433227539,0.630399763584137,0.997171600565397,-0.0028283994179219007,0.0028283994179219007,-0.2828399417921901
Herwig_plus,268,MUR1.0_MUF1.0_PDF26543,pdf,11,2.18,2.5,0.6375429630279541,0.6340449452400208,0.9945132830400639,-0.005486716981977224,0.005486716981977224,-0.5486716981977224
Herwig_plus,269,MUR1.0_MUF1.0_PDF26544,pdf,1,0.0,0.21,0.665374219417572,0.6662188768386841,1.001269447171926,0.0012694471515715122,0.0012694471515715122,0.12694471515715122
Herwig_plus,269,MUR1.0_MUF1.0_PDF26544,pdf,2,0.21,0.42,0.6719119548797607,0.6720709800720215,1.0002366756404701,0.0002366756380070001,0.0002366756380070001,0.02366756380070001
Herwig_plus,269,MUR1.0_MUF1.0_PDF26544,pdf,3,0.42,0.63,0.6914249062538147,0.6931114792823792,1.0024392714426538,0.0024392714258283377,0.0024392714258283377,0.24392714258283377
Herwig_plus,269,MUR1.0_MUF1.0_PDF26544,pdf,4,0.63,0.84,0.6939395666122437,0.6947217583656311,1.001127175608686,0.0011271756375208497,0.0011271756375208497,0.11271756375208497
Herwig_plus,269,MUR1.0_MUF1.0_PDF26544,pdf,5,0.84,1.05,0.6589977741241455,0.6580035090446472,0.9984912466801277,-0.0015087532810866833,0.0015087532810866833,-0.15087532810866833
Herwig_plus,269,MUR1.0_MUF1.0_PDF26544,pdf,6,1.05,1.37,0.6422200798988342,0.6423079967498779,1.0001368952074148,0.00013689520710613579,0.00013689520710613579,0.013689520710613579
Herwig_plus,269,MUR1.0_MUF1.0_PDF26544,pdf,7,1.37,1.52,0.7223036289215088,0.719619631767273,0.9962841150912624,-0.0037158848717808723,0.0037158848717808723,-0.37158848717808723
Herwig_plus,269,MUR1.0_MUF1.0_PDF26544,pdf,8,1.52,1.74,0.6450952887535095,0.6475800275802612,1.0038517392237554,0.0038517392240464687,0.0038517392240464687,0.3851739224046469
Herwig_plus,269,MUR1.0_MUF1.0_PDF26544,pdf,9,1.74,1.95,0.6222162246704102,0.619583010673523,0.9957680081417324,-0.004231991712003946,0.004231991712003946,-0.42319917120039463
Herwig_plus,269,MUR1.0_MUF1.0_PDF26544,pdf,10,1.95,2.18,0.6321878433227539,0.6328845024108887,1.0011019811524264,0.0011019811499863863,0.0011019811499863863,0.11019811499863863
Herwig_plus,269,MUR1.0_MUF1.0_PDF26544,pdf,11,2.18,2.5,0.6375429630279541,0.6365833878517151,0.9984948854714331,-0.0015051144873723388,0.0015051144873723388,-0.15051144873723388
Herwig_plus,270,MUR1.0_MUF1.0_PDF26545,scale,1,0.0,0.21,0.665374219417572,0.6660690307617188,1.0010442414567173,0.0010442414786666632,0.0010442414786666632,0.10442414786666632
Herwig_plus,270,MUR1.0_MUF1.0_PDF26545,scale,2,0.21,0.42,0.6719119548797607,0.6722368597984314,1.0004835528171676,0.0004835528088733554,0.0004835528088733554,0.04835528088733554
Herwig_plus,270,MUR1.0_MUF1.0_PDF26545,scale,3,0.42,0.63,0.6914249062538147,0.6925517320632935,1.0016297153881597,0.0016297154361382127,0.0016297154361382127,0.16297154361382127
Herwig_plus,270,MUR1.0_MUF1.0_PDF26545,scale,4,0.63,0.84,0.6939395666122437,0.6945595741271973,1.000893460388749,0.0008934604120440781,0.0008934604120440781,0.08934604120440781
Herwig_plus,270,MUR1.0_MUF1.0_PDF26545,scale,5,0.84,1.05,0.6589977741241455,0.6586361527442932,0.9994512555367385,-0.0005487444577738643,0.0005487444577738643,-0.05487444577738643
Herwig_plus,270,MUR1.0_MUF1.0_PDF26545,scale,6,1.05,1.37,0.6422200798988342,0.6424440741539001,1.0003487811454,0.00034878114820457995,0.00034878114820457995,0.034878114820457995
Herwig_plus,270,MUR1.0_MUF1.0_PDF26545,scale,7,1.37,1.52,0.7223036289215088,0.7205982208251953,0.997638931845241,-0.002361068269237876,0.002361068269237876,-0.2361068269237876
Herwig_plus,270,MUR1.0_MUF1.0_PDF26545,scale,8,1.52,1.74,0.6450952887535095,0.6466901898384094,1.0024723496089727,0.002472349675372243,0.002472349675372243,0.2472349675372243
Herwig_plus,270,MUR1.0_MUF1.0_PDF26545,scale,9,1.74,1.95,0.6222162246704102,0.6201781630516052,0.9967245122547479,-0.003275487804785371,0.003275487804785371,-0.3275487804785371
Herwig_plus,270,MUR1.0_MUF1.0_PDF26545,scale,10,1.95,2.18,0.6321878433227539,0.6313450932502747,0.9986669309108354,-0.0013330690562725067,0.0013330690562725067,-0.13330690562725067
Herwig_plus,270,MUR1.0_MUF1.0_PDF26545,scale,11,2.18,2.5,0.6375429630279541,0.635167121887207,0.996273441511356,-0.0037265585269778967,0.0037265585269778967,-0.37265585269778967
Herwig_plus,271,MUR1.0_MUF1.0_PDF26546,pdf,1,0.0,0.21,0.665374219417572,0.6661033630371094,1.0010958399022065,0.00109583989251405,0.00109583989251405,0.109583989251405
Herwig_plus,271,MUR1.0_MUF1.0_PDF26546,pdf,2,0.21,0.42,0.6719119548797607,0.6723020672798157,1.0005806004748417,0.0005806004628539085,0.0005806004628539085,0.058060046285390854
Herwig_plus,271,MUR1.0_MUF1.0_PDF26546,pdf,3,0.42,0.63,0.6914249062538147,0.6923902034759521,1.0013960984242924,0.001396098406985402,0.001396098406985402,0.1396098406985402
Herwig_plus,271,MUR1.0_MUF1.0_PDF26546,pdf,4,0.63,0.84,0.6939395666122437,0.6945558190345764,1.000888049121253,0.0008880491368472576,0.0008880491368472576,0.08880491368472576
Herwig_plus,271,MUR1.0_MUF1.0_PDF26546,pdf,5,0.84,1.05,0.6589977741241455,0.658974289894104,0.9999643637187201,-3.563627979019657e-05,3.563627979019657e-05,-0.0035636279790196568
Herwig_plus,271,MUR1.0_MUF1.0_PDF26546,pdf,6,1.05,1.37,0.6422200798988342,0.6425063610076904,1.0004457679194667,0.0004457679169718176,0.0004457679169718176,0.04457679169718176
Herwig_plus,271,MUR1.0_MUF1.0_PDF26546,pdf,7,1.37,1.52,0.7223036289215088,0.7206968665122986,0.9977755027873676,-0.002224497264251113,0.002224497264251113,-0.2224497264251113
Herwig_plus,271,MUR1.0_MUF1.0_PDF26546,pdf,8,1.52,1.74,0.6450952887535095,0.6466305255889893,1.002379860560517,0.002379860496148467,0.002379860496148467,0.2379860496148467
Herwig_plus,271,MUR1.0_MUF1.0_PDF26546,pdf,9,1.74,1.95,0.6222162246704102,0.620136022567749,0.996656785824312,-0.0033432142809033394,0.0033432142809033394,-0.33432142809033394
Herwig_plus,271,MUR1.0_MUF1.0_PDF26546,pdf,10,1.95,2.18,0.6321878433227539,0.6299155950546265,0.9964057387497606,-0.003594261361286044,0.003594261361286044,-0.3594261361286044
Herwig_plus,271,MUR1.0_MUF1.0_PDF26546,pdf,11,2.18,2.5,0.6375429630279541,0.633213222026825,0.9932087070954945,-0.006791292689740658,0.006791292689740658,-0.6791292689740658
Herwig_plus,272,MUR1.0_MUF1.0_PDF26547,pdf,1,0.0,0.21,0.665374219417572,0.6657812595367432,1.000611746153206,0.0006117461598478258,0.0006117461598478258,0.06117461598478258
Herwig_plus,272,MUR1.0_MUF1.0_PDF26547,pdf,2,0.21,0.42,0.6719119548797607,0.6720974445343018,1.0002760624412081,0.00027606243384070694,0.00027606243384070694,0.027606243384070694
Herwig_plus,272,MUR1.0_MUF1.0_PDF26547,pdf,3,0.42,0.63,0.6914249062538147,0.6923210620880127,1.0012961000190945,0.0012960999738425016,0.0012960999738425016,0.12960999738425016
Herwig_plus,272,MUR1.0_MUF1.0_PDF26547,pdf,4,0.63,0.84,0.6939395666122437,0.6945059299468994,1.0008161565673805,0.0008161565638147295,0.0008161565638147295,0.08161565638147295
Herwig_plus,272,MUR1.0_MUF1.0_PDF26547,pdf,5,0.84,1.05,0.6589977741241455,0.6587151288986206,0.9995710983608396,-0.00042890163604170084,0.00042890163604170084,-0.042890163604170084
Herwig_plus,272,MUR1.0_MUF1.0_PDF26547,pdf,6,1.05,1.37,0.6422200798988342,0.6425573229789734,1.0005251207346122,0.0005251207621768117,0.0005251207621768117,0.05251207621768117
Herwig_plus,272,MUR1.0_MUF1.0_PDF26547,pdf,7,1.37,1.52,0.7223036289215088,0.7209630012512207,0.9981439555103858,-0.0018560445168986917,0.0018560445168986917,-0.18560445168986917
Herwig_plus,272,MUR1.0_MUF1.0_PDF26547,pdf,8,1.52,1.74,0.6450952887535095,0.6465540528297424,1.0022613156562523,0.002261315705254674,0.002261315705254674,0.2261315705254674
Herwig_plus,272,MUR1.0_MUF1.0_PDF26547,pdf,9,1.74,1.95,0.6222162246704102,0.6204116344451904,0.9970997377540651,-0.0029002621304243803,0.0029002621304243803,-0.29002621304243803
Herwig_plus,272,MUR1.0_MUF1.0_PDF26547,pdf,10,1.95,2.18,0.6321878433227539,0.630977213382721,0.998085015469975,-0.0019149845466017723,0.0019149845466017723,-0.19149845466017723
Herwig_plus,272,MUR1.0_MUF1.0_PDF26547,pdf,11,2.18,2.5,0.6375429630279541,0.6349114775657654,0.9958724578345423,-0.004127542022615671,0.004127542022615671,-0.4127542022615671
Herwig_plus,273,MUR1.0_MUF1.0_PDF26548,pdf,1,0.0,0.21,0.665374219417572,0.666133463382721,1.0011410781226444,0.001141078071668744,0.001141078071668744,0.11410780716687441
Herwig_plus,273,MUR1.0_MUF1.0_PDF26548,pdf,2,0.21,0.42,0.6719119548797607,0.6722291111946106,1.0004720206457802,0.0004720206488855183,0.0004720206488855183,0.04720206488855183
Herwig_plus,273,MUR1.0_MUF1.0_PDF26548,pdf,3,0.42,0.63,0.6914249062538147,0.6924834251403809,1.001530923860266,0.001530923880636692,0.001530923880636692,0.1530923880636692
Herwig_plus,273,MUR1.0_MUF1.0_PDF26548,pdf,4,0.63,0.84,0.6939395666122437,0.6945367455482483,1.0008605633180998,0.0008605633047409356,0.0008605633047409356,0.08605633047409356
Herwig_plus,273,MUR1.0_MUF1.0_PDF26548,pdf,5,0.84,1.05,0.6589977741241455,0.6586754322052002,0.9995108603828385,-0.0004891396383754909,0.0004891396383754909,-0.04891396383754909
Herwig_plus,273,MUR1.0_MUF1.0_PDF26548,pdf,6,1.05,1.37,0.6422200798988342,0.6424431204795837,1.000347296180438,0.000347296183463186,0.000347296183463186,0.0347296183463186
Herwig_plus,273,MUR1.0_MUF1.0_PDF26548,pdf,7,1.37,1.52,0.7223036289215088,0.7205275893211365,0.9975411454002742,-0.002458854578435421,0.002458854578435421,-0.2458854578435421
Herwig_plus,273,MUR1.0_MUF1.0_PDF26548,pdf,8,1.52,1.74,0.6450952887535095,0.6467642784118652,1.0025871986471653,0.002587198745459318,0.002587198745459318,0.2587198745459318
Herwig_plus,273,MUR1.0_MUF1.0_PDF26548,pdf,9,1.74,1.95,0.6222162246704102,0.6202681064605713,0.9968690655553529,-0.0031309344340115786,0.0031309344340115786,-0.31309344340115786
Herwig_plus,273,MUR1.0_MUF1.0_PDF26548,pdf,10,1.95,2.18,0.6321878433227539,0.631055474281311,0.9982088092116875,-0.0017911908216774464,0.0017911908216774464,-0.17911908216774464
Herwig_plus,273,MUR1.0_MUF1.0_PDF26548,pdf,11,2.18,2.5,0.6375429630279541,0.6348856091499329,0.9958318826618361,-0.004168117418885231,0.004168117418885231,-0.4168117418885231
Herwig_plus,274,MUR1.0_MUF1.0_PDF26549,pdf,1,0.0,0.21,0.665374219417572,0.666361391544342,1.0014836344690874,0.0014836344635114074,0.0014836344635114074,0.14836344635114074
Herwig_plus,274,MUR1.0_MUF1.0_PDF26549,pdf,2,0.21,0.42,0.6719119548797607,0.6722670793533325,1.0005285282855778,0.000528528296854347,0.000528528296854347,0.0528528296854347
Herwig_plus,274,MUR1.0_MUF1.0_PDF26549,pdf,3,0.42,0.63,0.6914249062538147,0.6929650902748108,1.0022275506813039,0.00222755060531199,0.00222755060531199,0.22275506053119898
Herwig_plus,274,MUR1.0_MUF1.0_PDF26549,pdf,4,0.63,0.84,0.6939395666122437,0.6944596767425537,1.000749503494734,0.0007495034951716661,0.0007495034951716661,0.07495034951716661
Herwig_plus,274,MUR1.0_MUF1.0_PDF26549,pdf,5,0.84,1.05,0.6589977741241455,0.6582410931587219,0.9988517700739896,-0.00114822993054986,0.00114822993054986,-0.114822993054986
Herwig_plus,274,MUR1.0_MUF1.0_PDF26549,pdf,6,1.05,1.37,0.6422200798988342,0.6419910788536072,0.9996434227885508,-0.00035657722037285566,0.00035657722037285566,-0.035657722037285566
Herwig_plus,274,MUR1.0_MUF1.0_PDF26549,pdf,7,1.37,1.52,0.7223036289215088,0.7197638750076294,0.9964838139915321,-0.0035161860287189484,0.0035161860287189484,-0.35161860287189484
Herwig_plus,274,MUR1.0_MUF1.0_PDF26549,pdf,8,1.52,1.74,0.6450952887535095,0.6464722156524658,1.0021344550533253,0.0021344551350921392,0.0021344551350921392,0.21344551350921392
Herwig_plus,274,MUR1.0_MUF1.0_PDF26549,pdf,9,1.74,1.95,0.6222162246704102,0.6192049980163574,0.9951604819439612,-0.00483951810747385,0.00483951810747385,-0.483951810747385
Herwig_plus,274,MUR1.0_MUF1.0_PDF26549,pdf,10,1.95,2.18,0.6321878433227539,0.6327399015426636,1.0008732502937863,0.0008732503047212958,0.0008732503047212958,0.08732503047212958
Herwig_plus,274,MUR1.0_MUF1.0_PDF26549,pdf,11,2.18,2.5,0.6375429630279541,0.6368415355682373,0.9988997957778635,-0.00110020418651402,0.00110020418651402,-0.110020418651402
Herwig_plus,275,MUR1.0_MUF1.0_PDF26550,pdf,1,0.0,0.21,0.665374219417572,0.665665864944458,1.0004383180447558,0.00043831803486682475,0.00043831803486682475,0.043831803486682475
Herwig_plus,275,MUR1.0_MUF1.0_PDF26550,pdf,2,0.21,0.42,0.6719119548797607,0.6720817685127258,1.0002527319714016,0.00025273195933550596,0.00025273195933550596,0.025273195933550596
Herwig_plus,275,MUR1.0_MUF1.0_PDF26550,pdf,3,0.42,0.63,0.6914249062538147,0.6917188763618469,1.0004251656331342,0.00042516563553363085,0.00042516563553363085,0.042516563553363085
Herwig_plus,275,MUR1.0_MUF1.0_PDF26550,pdf,4,0.63,0.84,0.6939395666122437,0.6945896744728088,1.00093683642185,0.0009368364117108285,0.0009368364117108285,0.09368364117108285
Herwig_plus,275,MUR1.0_MUF1.0_PDF26550,pdf,5,0.84,1.05,0.6589977741241455,0.6588943004608154,0.9998429832885739,-0.00015701670781709254,0.00015701670781709254,-0.015701670781709254
Herwig_plus,275,MUR1.0_MUF1.0_PDF26550,pdf,6,1.05,1.37,0.6422200798988342,0.6431835293769836,1.001500185852646,0.0015001858118921518,0.0015001858118921518,0.15001858118921518
Herwig_plus,275,MUR1.0_MUF1.0_PDF26550,pdf,7,1.37,1.52,0.7223036289215088,0.7215532660484314,0.998961153117564,-0.0010388469090685248,0.0010388469090685248,-0.10388469090685248
Herwig_plus,275,MUR1.0_MUF1.0_PDF26550,pdf,8,1.52,1.74,0.6450952887535095,0.6466407775878906,1.0023957527846272,0.0023957528173923492,0.0023957528173923492,0.23957528173923492
Herwig_plus,275,MUR1.0_MUF1.0_PDF26550,pdf,9,1.74,1.95,0.6222162246704102,0.6225852370262146,1.0005930612883005,0.0005930612678639591,0.0005930612678639591,0.05930612678639591
Herwig_plus,275,MUR1.0_MUF1.0_PDF26550,pdf,10,1.95,2.18,0.6321878433227539,0.6261851787567139,0.9905049351558387,-0.009495064616203308,0.009495064616203308,-0.9495064616203308
Herwig_plus,275,MUR1.0_MUF1.0_PDF26550,pdf,11,2.18,2.5,0.6375429630279541,0.6339712738990784,0.9943977279399143,-0.005602272227406502,0.005602272227406502,-0.5602272227406502
Herwig_plus,276,MUR1.0_MUF1.0_PDF26551,pdf,1,0.0,0.21,0.665374219417572,0.6660850048065186,1.0010682490667713,0.001068249111995101,0.001068249111995101,0.1068249111995101
Herwig_plus,276,MUR1.0_MUF1.0_PDF26551,pdf,2,0.21,0.42,0.6719119548797607,0.6722734570503235,1.0005380201497196,0.0005380201619118452,0.0005380201619118452,0.05380201619118452
Herwig_plus,276,MUR1.0_MUF1.0_PDF26551,pdf,3,0.42,0.63,0.6914249062538147,0.6925075054168701,1.0015657508910418,0.0015657509211450815,0.0015657509211450815,0.15657509211450815
Herwig_plus,276,MUR1.0_MUF1.0_PDF26551,pdf,4,0.63,0.84,0.6939395666122437,0.6945610046386719,1.0008955218239854,0.0008955218363553286,0.0008955218363553286,0.08955218363553286
Herwig_plus,276,MUR1.0_MUF1.0_PDF26551,pdf,5,0.84,1.05,0.6589977741241455,0.6587415337562561,0.9996111665654258,-0.0003888334322255105,0.0003888334322255105,-0.03888334322255105
Herwig_plus,276,MUR1.0_MUF1.0_PDF26551,pdf,6,1.05,1.37,0.6422200798988342,0.6424623131752014,1.0003771811002942,0.00037718110252171755,0.00037718110252171755,0.037718110252171755
Herwig_plus,276,MUR1.0_MUF1.0_PDF26551,pdf,7,1.37,1.52,0.7223036289215088,0.720649242401123,0.9977095691421959,-0.0022904309444129467,0.0022904309444129467,-0.22904309444129467
Herwig_plus,276,MUR1.0_MUF1.0_PDF26551,pdf,8,1.52,1.74,0.6450952887535095,0.6466351747512817,1.0023870674993576,0.002387067535892129,0.002387067535892129,0.2387067535892129
Herwig_plus,276,MUR1.0_MUF1.0_PDF26551,pdf,9,1.74,1.95,0.6222162246704102,0.6201795935630798,0.9967268113132068,-0.003273188602179289,0.003273188602179289,-0.3273188602179289
Herwig_plus,276,MUR1.0_MUF1.0_PDF26551,pdf,10,1.95,2.18,0.6321878433227539,0.6309454441070557,0.9980347625649234,-0.0019652375485748053,0.0019652375485748053,-0.19652375485748053
Herwig_plus,276,MUR1.0_MUF1.0_PDF26551,pdf,11,2.18,2.5,0.6375429630279541,0.6346586346626282,0.9954758682432521,-0.0045241317711770535,0.0045241317711770535,-0.45241317711770535
Herwig_plus,277,MUR1.0_MUF1.0_PDF26552,pdf,1,0.0,0.21,0.665374219417572,0.6660854816436768,1.0010689657118477,0.0010689657647162676,0.0010689657647162676,0.10689657647162676
Herwig_plus,277,MUR1.0_MUF1.0_PDF26552,pdf,2,0.21,0.42,0.6719119548797607,0.6722735166549683,1.0005381088587302,0.0005381088703870773,0.0005381088703870773,0.05381088703870773
Herwig_plus,277,MUR1.0_MUF1.0_PDF26552,pdf,3,0.42,0.63,0.6914249062538147,0.692507266998291,1.001565406068955,0.0015654060989618301,0.0015654060989618301,0.15654060989618301
Herwig_plus,277,MUR1.0_MUF1.0_PDF26552,pdf,4,0.63,0.84,0.6939395666122437,0.6945610642433167,1.0008956077171203,0.0008956076926551759,0.0008956076926551759,0.08956076926551759
Herwig_plus,277,MUR1.0_MUF1.0_PDF26552,pdf,5,0.84,1.05,0.6589977741241455,0.6587411761283875,0.9996106238809394,-0.0003893761313520372,0.0003893761313520372,-0.03893761313520372
Herwig_plus,277,MUR1.0_MUF1.0_PDF26552,pdf,6,1.05,1.37,0.6422200798988342,0.642462968826294,1.0003782020137053,0.00037820200668647885,0.00037820200668647885,0.037820200668647885
Herwig_plus,277,MUR1.0_MUF1.0_PDF26552,pdf,7,1.37,1.52,0.7223036289215088,0.7206481695175171,0.9977080837784749,-0.0022919161710888147,0.0022919161710888147,-0.22919161710888147
Herwig_plus,277,MUR1.0_MUF1.0_PDF26552,pdf,8,1.52,1.74,0.6450952887535095,0.6466361284255981,1.0023885458457864,0.0023885457776486874,0.0023885457776486874,0.23885457776486874
Herwig_plus,277,MUR1.0_MUF1.0_PDF26552,pdf,9,1.74,1.95,0.6222162246704102,0.6201812028884888,0.9967293977539732,-0.0032706023193895817,0.0032706023193895817,-0.32706023193895817
Herwig_plus,277,MUR1.0_MUF1.0_PDF26552,pdf,10,1.95,2.18,0.6321878433227539,0.6309466361999512,0.9980366482274018,-0.0019633518531918526,0.0019633518531918526,-0.19633518531918526
Herwig_plus,277,MUR1.0_MUF1.0_PDF26552,pdf,11,2.18,2.5,0.6375429630279541,0.6346591114997864,0.9954766161727029,-0.004523383919149637,0.004523383919149637,-0.4523383919149637
Herwig_plus,278,MUR1.0_MUF1.0_PDF26553,pdf,1,0.0,0.21,0.665374219417572,0.6660856008529663,1.0010691448731166,0.0010691449278965592,0.0010691449278965592,0.10691449278965592
Herwig_plus,278,MUR1.0_MUF1.0_PDF26553,pdf,2,0.21,0.42,0.6719119548797607,0.6722729802131653,1.000537310477634,0.0005373104941099882,0.0005373104941099882,0.05373104941099882
Herwig_plus,278,MUR1.0_MUF1.0_PDF26553,pdf,3,0.42,0.63,0.6914249062538147,0.6925074458122253,1.00156566468552,0.0015656646573916078,0.0015656646573916078,0.15656646573916078
Herwig_plus,278,MUR1.0_MUF1.0_PDF26553,pdf,4,0.63,0.84,0.6939395666122437,0.6945615410804749,1.000896294862199,0.0008962948340922594,0.0008962948340922594,0.08962948340922594
Herwig_plus,278,MUR1.0_MUF1.0_PDF26553,pdf,5,0.84,1.05,0.6589977741241455,0.6587415337562561,0.9996111665654258,-0.0003888334322255105,0.0003888334322255105,-0.03888334322255105
Herwig_plus,278,MUR1.0_MUF1.0_PDF26553,pdf,6,1.05,1.37,0.6422200798988342,0.642463207244873,1.0003785732549457,0.00037857325514778495,0.00037857325514778495,0.037857325514778495
Herwig_plus,278,MUR1.0_MUF1.0_PDF26553,pdf,7,1.37,1.52,0.7223036289215088,0.7206481099128723,0.9977080012582681,-0.002291998825967312,0.002291998825967312,-0.22919988259673119
Herwig_plus,278,MUR1.0_MUF1.0_PDF26553,pdf,8,1.52,1.74,0.6450952887535095,0.6466360688209534,1.0023884534491347,0.0023884533438831568,0.0023884533438831568,0.23884533438831568
Herwig_plus,278,MUR1.0_MUF1.0_PDF26553,pdf,9,1.74,1.95,0.6222162246704102,0.6201813817024231,0.9967296851362806,-0.003270314773544669,0.003270314773544669,-0.3270314773544669
Herwig_plus,278,MUR1.0_MUF1.0_PDF26553,pdf,10,1.95,2.18,0.6321878433227539,0.6309464573860168,0.9980363653780301,-0.0019636345095932484,0.0019636345095932484,-0.19636345095932484
Herwig_plus,278,MUR1.0_MUF1.0_PDF26553,pdf,11,2.18,2.5,0.6375429630279541,0.6346597671508789,0.9954776445756978,-0.004522355273365974,0.004522355273365974,-0.45223552733659744
Herwig_plus,279,MUR1.0_MUF1.0_PDF26554,pdf,1,0.0,0.21,0.665374219417572,0.6660846471786499,1.0010677115829643,0.001067711622454226,0.001067711622454226,0.1067711622454226
Herwig_plus,279,MUR1.0_MUF1.0_PDF26554,pdf,2,0.21,0.42,0.6719119548797607,0.6722733974456787,1.0005379314407088,0.0005379314534366131,0.0005379314534366131,0.05379314534366131
Herwig_plus,279,MUR1.0_MUF1.0_PDF26554,pdf,3,0.42,0.63,0.6914249062538147,0.6925073862075806,1.0015655784799984,0.0015655785100534558,0.0015655785100534558,0.15655785100534558
Herwig_plus,279,MUR1.0_MUF1.0_PDF26554,pdf,4,0.63,0.84,0.6939395666122437,0.6945610642433167,1.0008956077171203,0.0008956076926551759,0.0008956076926551759,0.08956076926551759
Herwig_plus,279,MUR1.0_MUF1.0_PDF26554,pdf,5,0.84,1.05,0.6589977741241455,0.65874183177948,0.9996116188024979,-0.0003883811878040433,0.0003883811878040433,-0.03883811878040433
Herwig_plus,279,MUR1.0_MUF1.0_PDF26554,pdf,6,1.05,1.37,0.6422200798988342,0.6424627900123596,1.000377923582775,0.0003779235703404993,0.0003779235703404993,0.03779235703404993
Herwig_plus,279,MUR1.0_MUF1.0_PDF26554,pdf,7,1.37,1.52,0.7223036289215088,0.7206495404243469,0.9977099817432294,-0.002290018368512392,0.002290018368512392,-0.2290018368512392
Herwig_plus,279,MUR1.0_MUF1.0_PDF26554,pdf,8,1.52,1.74,0.6450952887535095,0.646635115146637,1.002386975102706,0.0023869751021265984,0.0023869751021265984,0.23869751021265984
Herwig_plus,279,MUR1.0_MUF1.0_PDF26554,pdf,9,1.74,1.95,0.6222162246704102,0.6201800107955933,0.9967274818719241,-0.0032725180499255657,0.0032725180499255657,-0.32725180499255657
Herwig_plus,279,MUR1.0_MUF1.0_PDF26554,pdf,10,1.95,2.18,0.6321878433227539,0.6309453248977661,0.9980345739986755,-0.0019654259085655212,0.0019654259085655212,-0.19654259085655212
Herwig_plus,279,MUR1.0_MUF1.0_PDF26554,pdf,11,2.18,2.5,0.6375429630279541,0.6346587538719177,0.9954760552256148,-0.004523944575339556,0.004523944575339556,-0.4523944575339556
Herwig_plus,280,MUR1.0_MUF1.0_PDF26555,pdf,1,0.0,0.21,0.665374219417572,0.666084885597229,1.0010680699055023,0.0010680699488148093,0.0010680699488148093,0.10680699488148093
Herwig_plus,280,MUR1.0_MUF1.0_PDF26555,pdf,2,0.21,0.42,0.6719119548797607,0.6722725033760071,1.0005366008055487,0.0005366008263081312,0.0005366008263081312,0.05366008263081312
Herwig_plus,280,MUR1.0_MUF1.0_PDF26555,pdf,3,0.42,0.63,0.6914249062538147,0.6925065517425537,1.0015643716026943,0.001564371632412076,0.001564371632412076,0.1564371632412076
Herwig_plus,280,MUR1.0_MUF1.0_PDF26555,pdf,4,0.63,0.84,0.6939395666122437,0.6945600509643555,1.0008941475338278,0.0008941475534811616,0.0008941475534811616,0.08941475534811616
Herwig_plus,280,MUR1.0_MUF1.0_PDF26555,pdf,5,0.84,1.05,0.6589977741241455,0.6587418913841248,0.9996117092499124,-0.0003882907622028142,0.0003882907622028142,-0.03882907622028142
Herwig_plus,280,MUR1.0_MUF1.0_PDF26555,pdf,6,1.05,1.37,0.6422200798988342,0.6424611210823059,1.0003753248940919,0.00037532488931901753,0.00037532488931901753,0.03753248893190175
Herwig_plus,280,MUR1.0_MUF1.0_PDF26555,pdf,7,1.37,1.52,0.7223036289215088,0.7206478714942932,0.9977076711774412,-0.0022923287469893694,0.0022923287469893694,-0.22923287469893694
Herwig_plus,280,MUR1.0_MUF1.0_PDF26555,pdf,8,1.52,1.74,0.6450952887535095,0.6466354131698608,1.002387437085965,0.0023874370381236076,0.0023874370381236076,0.23874370381236076
Herwig_plus,280,MUR1.0_MUF1.0_PDF26555,pdf,9,1.74,1.95,0.6222162246704102,0.620180070400238,0.9967275776660265,-0.003272422356531024,0.003272422356531024,-0.3272422356531024
Herwig_plus,280,MUR1.0_MUF1.0_PDF26555,pdf,10,1.95,2.18,0.6321878433227539,0.6309441924095154,0.9980327826193209,-0.001967217307537794,0.001967217307537794,-0.1967217307537794
Herwig_plus,280,MUR1.0_MUF1.0_PDF26555,pdf,11,2.18,2.5,0.6375429630279541,0.6346587538719177,0.9954760552256148,-0.004523944575339556,0.004523944575339556,-0.4523944575339556
Herwig_plus,282,MUR1.0_MUF1.0_PDF26557,pdf,1,0.0,0.21,0.665374219417572,0.6660856604576111,1.001069234453751,0.0010692344512790442,0.0010692344512790442,0.10692344512790442
Herwig_plus,282,MUR1.0_MUF1.0_PDF26557,pdf,2,0.21,0.42,0.6719119548797607,0.6722733974456787,1.0005379314407088,0.0005379314534366131,0.0005379314534366131,0.05379314534366131
Herwig_plus,282,MUR1.0_MUF1.0_PDF26557,pdf,3,0.42,0.63,0.6914249062538147,0.6925071477890015,1.0015652336579115,0.0015652336878702044,0.0015652336878702044,0.15652336878702044
Herwig_plus,282,MUR1.0_MUF1.0_PDF26557,pdf,4,0.63,0.84,0.6939395666122437,0.6945614218711853,1.0008961230759295,0.0008961230632849038,0.0008961230632849038,0.08961230632849038
Herwig_plus,282,MUR1.0_MUF1.0_PDF26557,pdf,5,0.84,1.05,0.6589977741241455,0.6587414145469666,0.999610985670597,-0.00038901434163562953,0.00038901434163562953,-0.038901434163562953
Herwig_plus,282,MUR1.0_MUF1.0_PDF26557,pdf,6,1.05,1.37,0.6422200798988342,0.6424632668495178,1.0003786660652558,0.00037866606726311147,0.00037866606726311147,0.03786660672631115
Herwig_plus,282,MUR1.0_MUF1.0_PDF26557,pdf,7,1.37,1.52,0.7223036289215088,0.7206482291221619,0.9977081662986815,-0.0022918337490409613,0.0022918337490409613,-0.22918337490409613
Herwig_plus,282,MUR1.0_MUF1.0_PDF26557,pdf,8,1.52,1.74,0.6450952887535095,0.6466360092163086,1.0023883610524829,0.00238836114294827,0.00238836114294827,0.23883611429482698
Herwig_plus,282,MUR1.0_MUF1.0_PDF26557,pdf,9,1.74,1.95,0.6222162246704102,0.6201813817024231,0.9967296851362806,-0.003270314773544669,0.003270314773544669,-0.3270314773544669
Herwig_plus,282,MUR1.0_MUF1.0_PDF26557,pdf,10,1.95,2.18,0.6321878433227539,0.6309465765953064,0.9980365539442779,-0.0019634461496025324,0.0019634461496025324,-0.19634461496025324
Herwig_plus,282,MUR1.0_MUF1.0_PDF26557,pdf,11,2.18,2.5,0.6375429630279541,0.6346599459648132,0.9954779250492418,-0.004522074945271015,0.004522074945271015,-0.4522074945271015
Herwig_plus,283,MUR1.0_MUF1.0_PDF26558,pdf,1,0.0,0.21,0.665374219417572,0.6660849452018738,1.0010681594861368,0.0010681594721972942,0.0010681594721972942,0.10681594721972942
Herwig_plus,283,MUR1.0_MUF1.0_PDF26558,pdf,2,0.21,0.42,0.6719119548797607,0.6722733378410339,1.0005378427316982,0.000537842744961381,0.000537842744961381,0.053784274496138096
Herwig_plus,283,MUR1.0_MUF1.0_PDF26558,pdf,3,0.42,0.63,0.6914249062538147,0.6925073266029358,1.0015654922744766,0.001565492246299982,0.001565492246299982,0.1565492246299982
Herwig_plus,283,MUR1.0_MUF1.0_PDF26558,pdf,4,0.63,0.84,0.6939395666122437,0.6945608854293823,1.0008953500377156,0.0008953500655479729,0.0008953500655479729,0.08953500655479729
Herwig_plus,283,MUR1.0_MUF1.0_PDF26558,pdf,5,0.84,1.05,0.6589977741241455,0.6587416529655457,0.9996113474602547,-0.0003886525519192219,0.0003886525519192219,-0.03886525519192219
Herwig_plus,283,MUR1.0_MUF1.0_PDF26558,pdf,6,1.05,1.37,0.6422200798988342,0.642462432384491,1.0003773667209144,0.0003773667267523706,0.0003773667267523706,0.03773667267523706
Herwig_plus,283,MUR1.0_MUF1.0_PDF26558,pdf,7,1.37,1.52,0.7223036289215088,0.7206494212150574,0.997709816702816,-0.002290183212608099,0.002290183212608099,-0.2290183212608099
Herwig_plus,283,MUR1.0_MUF1.0_PDF26558,pdf,8,1.52,1.74,0.6450952887535095,0.6466352939605713,1.0023872522926611,0.00238725240342319,0.00238725240342319,0.238725240342319
Herwig_plus,283,MUR1.0_MUF1.0_PDF26558,pdf,9,1.74,1.95,0.6222162246704102,0.6201798319816589,0.9967271944896167,-0.0032728055957704782,0.0032728055957704782,-0.3272805595770478
Herwig_plus,283,MUR1.0_MUF1.0_PDF26558,pdf,10,1.95,2.18,0.6321878433227539,0.6309453845024109,0.9980346682817994,-0.0019653316121548414,0.0019653316121548414,-0.19653316121548414
Herwig_plus,283,MUR1.0_MUF1.0_PDF26558,pdf,11,2.18,2.5,0.6375429630279541,0.634658694267273,0.9954759617344334,-0.004524038173258305,0.004524038173258305,-0.45240381732583046
Herwig_plus,284,MUR1.0_MUF1.0_PDF26559,pdf,1,0.0,0.21,0.665374219417572,0.6660850644111633,1.001068338647406,0.0010683386353775859,0.0010683386353775859,0.10683386353775859
Herwig_plus,284,MUR1.0_MUF1.0_PDF26559,pdf,2,0.21,0.42,0.6719119548797607,0.6722732186317444,1.0005376653136768,0.0005376653280109167,0.0005376653280109167,0.05376653280109167
Herwig_plus,284,MUR1.0_MUF1.0_PDF26559,pdf,3,0.42,0.63,0.6914249062538147,0.6925066709518433,1.0015645440137377,0.0015645440435037017,0.0015645440435037017,0.15645440435037017
Herwig_plus,284,MUR1.0_MUF1.0_PDF26559,pdf,4,0.63,0.84,0.6939395666122437,0.6945610046386719,1.0008955218239854,0.0008955218363553286,0.0008955218363553286,0.08955218363553286
Herwig_plus,284,MUR1.0_MUF1.0_PDF26559,pdf,5,0.84,1.05,0.6589977741241455,0.6587419509887695,0.9996117996973267,-0.0003882003074977547,0.0003882003074977547,-0.03882003074977547
Herwig_plus,284,MUR1.0_MUF1.0_PDF26559,pdf,6,1.05,1.37,0.6422200798988342,0.642464280128479,1.0003802438405278,0.0003802438441198319,0.0003802438441198319,0.03802438441198319
Herwig_plus,284,MUR1.0_MUF1.0_PDF26559,pdf,7,1.37,1.52,0.7223036289215088,0.7206499576568604,0.9977105593846766,-0.002289440715685487,0.002289440715685487,-0.22894407156854868
Herwig_plus,284,MUR1.0_MUF1.0_PDF26559,pdf,8,1.52,1.74,0.6450952887535095,0.6466359496116638,1.002388268655831,0.0023882687091827393,0.0023882687091827393,0.23882687091827393
Herwig_plus,284,MUR1.0_MUF1.0_PDF26559,pdf,9,1.74,1.95,0.6222162246704102,0.620180606842041,0.9967284398129486,-0.0032715601846575737,0.0032715601846575737,-0.32715601846575737
Herwig_plus,284,MUR1.0_MUF1.0_PDF26559,pdf,10,1.95,2.18,0.6321878433227539,0.6309449076652527,0.9980339140168081,-0.00196608598344028,0.00196608598344028,-0.196608598344028
Herwig_plus,284,MUR1.0_MUF1.0_PDF26559,pdf,11,2.18,2.5,0.6375429630279541,0.6346595883369446,0.9954773641021537,-0.004522636067122221,0.004522636067122221,-0.4522636067122221
Herwig_plus,285,MUR1.0_MUF1.0_PDF26560,pdf,1,0.0,0.21,0.665374219417572,0.6660850048065186,1.0010682490667713,0.001068249111995101,0.001068249111995101,0.1068249111995101
Herwig_plus,285,MUR1.0_MUF1.0_PDF26560,pdf,2,0.21,0.42,0.6719119548797607,0.672273576259613,1.0005381975677408,0.0005381975788623095,0.0005381975788623095,0.053819757886230946
Herwig_plus,285,MUR1.0_MUF1.0_PDF26560,pdf,3,0.42,0.63,0.6914249062538147,0.6925073862075806,1.0015655784799984,0.0015655785100534558,0.0015655785100534558,0.15655785100534558
Herwig_plus,285,MUR1.0_MUF1.0_PDF26560,pdf,4,0.63,0.84,0.6939395666122437,0.6945608258247375,1.0008952641445807,0.0008952641510404646,0.0008952641510404646,0.08952641510404646
Herwig_plus,285,MUR1.0_MUF1.0_PDF26560,pdf,5,0.84,1.05,0.6589977741241455,0.6587411165237427,0.9996105334335249,-0.00038946655695326626,0.00038946655695326626,-0.038946655695326626
Herwig_plus,285,MUR1.0_MUF1.0_PDF26560,pdf,6,1.05,1.37,0.6422200798988342,0.6424628496170044,1.000378016393085,0.0003780163824558258,0.0003780163824558258,0.03780163824558258
Herwig_plus,285,MUR1.0_MUF1.0_PDF26560,pdf,7,1.37,1.52,0.7223036289215088,0.7206482291221619,0.9977081662986815,-0.0022918337490409613,0.0022918337490409613,-0.22918337490409613
Herwig_plus,285,MUR1.0_MUF1.0_PDF26560,pdf,8,1.52,1.74,0.6450952887535095,0.6466361880302429,1.0023886382424383,0.002388638211414218,0.002388638211414218,0.2388638211414218
Herwig_plus,285,MUR1.0_MUF1.0_PDF26560,pdf,9,1.74,1.95,0.6222162246704102,0.6201808452606201,0.9967288229893584,-0.0032711769454181194,0.0032711769454181194,-0.32711769454181194
Herwig_plus,285,MUR1.0_MUF1.0_PDF26560,pdf,10,1.95,2.18,0.6321878433227539,0.630946159362793,0.9980358939624104,-0.0019641059916466475,0.0019641059916466475,-0.19641059916466475
Herwig_plus,285,MUR1.0_MUF1.0_PDF26560,pdf,11,2.18,2.5,0.6375429630279541,0.6346592307090759,0.9954768031550656,-0.0045231967233121395,0.0045231967233121395,-0.45231967233121395
Herwig_plus,286,MUR1.0_MUF1.0_PDF26561,pdf,1,0.0,0.21,0.665374219417572,0.6660851836204529,1.001068517808675,0.0010685177985578775,0.0010685177985578775,0.10685177985578775
Herwig_plus,286,MUR1.0_MUF1.0_PDF26561,pdf,2,0.21,0.42,0.6719119548797607,0.6722730994224548,1.0005374878956554,0.0005374879110604525,0.0005374879110604525,0.053748791106045246
Herwig_plus,286,MUR1.0_MUF1.0_PDF26561,pdf,3,0.42,0.63,0.6914249062538147,0.6925079226493835,1.001566354329694,0.0015663543017581105,0.0015663543017581105,0.15663543017581105
Herwig_plus,286,MUR1.0_MUF1.0_PDF26561,pdf,4,0.63,0.84,0.6939395666122437,0.6945613026618958,1.0008959512896596,0.0008959512924775481,0.0008959512924775481,0.08959512924775481
Herwig_plus,286,MUR1.0_MUF1.0_PDF26561,pdf,5,0.84,1.05,0.6589977741241455,0.6587412357330322,0.9996107143283538,-0.00038928567664697766,0.00038928567664697766,-0.038928567664697766
Herwig_plus,286,MUR1.0_MUF1.0_PDF26561,pdf,6,1.05,1.37,0.6422200798988342,0.6424632668495178,1.0003786660652558,0.00037866606726311147,0.00037866606726311147,0.03786660672631115
Herwig_plus,286,MUR1.0_MUF1.0_PDF26561,pdf,7,1.37,1.52,0.7223036289215088,0.7206485271453857,0.9977085788997152,-0.0022914211731404066,0.0022914211731404066,-0.22914211731404066
Herwig_plus,286,MUR1.0_MUF1.0_PDF26561,pdf,8,1.52,1.74,0.6450952887535095,0.6466364860534668,1.0023891002256973,0.0023891001474112272,0.0023891001474112272,0.23891001474112272
Herwig_plus,286,MUR1.0_MUF1.0_PDF26561,pdf,9,1.74,1.95,0.6222162246704102,0.6201813220977783,0.996729589342178,-0.0032704106997698545,0.0032704106997698545,-0.32704106997698545
Herwig_plus,286,MUR1.0_MUF1.0_PDF26561,pdf,10,1.95,2.18,0.6321878433227539,0.6309463977813721,0.9980362710949061,-0.001963728806003928,0.001963728806003928,-0.19637288060039282
Herwig_plus,286,MUR1.0_MUF1.0_PDF26561,pdf,11,2.18,2.5,0.6375429630279541,0.6346593499183655,0.9954769901374283,-0.004523009993135929,0.004523009993135929,-0.4523009993135929
Herwig_plus,287,MUR1.0_MUF1.0_PDF26562,pdf,1,0.0,0.21,0.665374219417572,0.6660847663879395,1.0010678907442332,0.0010678907856345177,0.0010678907856345177,0.10678907856345177
Herwig_plus,287,MUR1.0_MUF1.0_PDF26562,pdf,2,0.21,0.42,0.6719119548797607,0.6722732186317444,1.0005376653136768,0.0005376653280109167,0.0005376653280109167,0.05376653280109167
Herwig_plus,287,MUR1.0_MUF1.0_PDF26562,pdf,3,0.42,0.63,0.6914249062538147,0.6925070285797119,1.001565061246868,0.0015650612767785788,0.0015650612767785788,0.15650612767785788
Herwig_plus,287,MUR1.0_MUF1.0_PDF26562,pdf,4,0.63,0.84,0.6939395666122437,0.6945608854293823,1.0008953500377156,0.0008953500655479729,0.0008953500655479729,0.08953500655479729
Herwig_plus,287,MUR1.0_MUF1.0_PDF26562,pdf,5,0.84,1.05,0.6589977741241455,0.6587422490119934,0.9996122519343988,-0.0003877480630762875,0.0003877480630762875,-0.03877480630762875
Herwig_plus,287,MUR1.0_MUF1.0_PDF26562,pdf,6,1.05,1.37,0.6422200798988342,0.6424641609191895,1.0003800582199076,0.00038005821988917887,0.00038005821988917887,0.03800582198891789
Herwig_plus,287,MUR1.0_MUF1.0_PDF26562,pdf,7,1.37,1.52,0.7223036289215088,0.7206505537033081,0.9977113845867438,-0.002288615331053734,0.002288615331053734,-0.22886153310537338
Herwig_plus,287,MUR1.0_MUF1.0_PDF26562,pdf,8,1.52,1.74,0.6450952887535095,0.6466360688209534,1.0023884534491347,0.0023884533438831568,0.0023884533438831568,0.23884533438831568
Herwig_plus,287,MUR1.0_MUF1.0_PDF26562,pdf,9,1.74,1.95,0.6222162246704102,0.620180606842041,0.9967284398129486,-0.0032715601846575737,0.0032715601846575737,-0.32715601846575737
Herwig_plus,287,MUR1.0_MUF1.0_PDF26562,pdf,10,1.95,2.18,0.6321878433227539,0.6309452652931213,0.9980344797155516,-0.001965520204976201,0.001965520204976201,-0.1965520204976201
Herwig_plus,287,MUR1.0_MUF1.0_PDF26562,pdf,11,2.18,2.5,0.6375429630279541,0.634659469127655,0.995477177119791,-0.004522822797298431,0.004522822797298431,-0.45228227972984314
