pair_label,weight_index,weight_name,category,bin,bin_low_edge,bin_up_edge,C_nominal_weight0,C_weight,C_weight_over_C_nominal,signed_relative_shift,absolute_relative_shift,signed_relative_shift_percent
Herwig_minus,1,MUR0.5_MUF0.5_PDF13300,scale,1,0.0,0.21,0.69124835729599,0.6889229416847229,0.9966359187884892,-0.00336408126167953,0.00336408126167953,-0.336408126167953
Herwig_minus,1,MUR0.5_MUF0.5_PDF13300,scale,2,0.21,0.42,0.6720393300056458,0.6707283854484558,0.9980493038150328,-0.0019506962271407247,0.0019506962271407247,-0.19506962271407247
Herwig_minus,1,MUR0.5_MUF0.5_PDF13300,scale,3,0.42,0.63,0.6428124904632568,0.6413227915763855,0.9976825296506019,-0.0023174702655524015,0.0023174702655524015,-0.23174702655524015
Herwig_minus,1,MUR0.5_MUF0.5_PDF13300,scale,4,0.63,0.84,0.6500856876373291,0.6478739380836487,0.9965977568869132,-0.003402243135496974,0.003402243135496974,-0.3402243135496974
Herwig_minus,1,MUR0.5_MUF0.5_PDF13300,scale,5,0.84,1.05,0.6886215806007385,0.6865329742431641,0.9969669751625378,-0.003033024724572897,0.003033024724572897,-0.3033024724572897
Herwig_minus,1,MUR0.5_MUF0.5_PDF13300,scale,6,1.05,1.37,0.6677588224411011,0.6669555306434631,0.9987970330445034,-0.001202966901473701,0.001202966901473701,-0.1202966901473701
Herwig_minus,1,MUR0.5_MUF0.5_PDF13300,scale,7,1.37,1.52,0.6296678781509399,0.6287243366241455,0.998501525074512,-0.0014984749723225832,0.0014984749723225832,-0.14984749723225832
Herwig_minus,1,MUR0.5_MUF0.5_PDF13300,scale,8,1.52,1.74,0.6480627655982971,0.6477242112159729,0.9994775901343265,-0.0005224098567850888,0.0005224098567850888,-0.05224098567850888
Herwig_minus,1,MUR0.5_MUF0.5_PDF13300,scale,9,1.74,1.95,0.6190352439880371,0.6182661056518555,0.9987575209268755,-0.0012424790766090155,0.0012424790766090155,-0.12424790766090155
Herwig_minus,1,MUR0.5_MUF0.5_PDF13300,scale,10,1.95,2.18,0.6013617515563965,0.6016289591789246,1.000444337575239,0.000444337580120191,0.000444337580120191,0.0444337580120191
Herwig_minus,1,MUR0.5_MUF0.5_PDF13300,scale,11,2.18,2.5,0.6056520938873291,0.6064141392707825,1.001258222981716,0.0012582229683175683,0.0012582229683175683,0.12582229683175683
Herwig_minus,5,MUR1.0_MUF1.0_PDF13300,pdf,1,0.0,0.21,0.69124835729599,0.69124835729599,1.0,0.0,0.0,0.0
Herwig_minus,5,MUR1.0_MUF1.0_PDF13300,pdf,2,0.21,0.42,0.6720393300056458,0.6720393300056458,1.0,0.0,0.0,0.0
Herwig_minus,5,MUR1.0_MUF1.0_PDF13300,pdf,3,0.42,0.63,0.6428124904632568,0.6428124904632568,1.0,0.0,0.0,0.0
Herwig_minus,5,MUR1.0_MUF1.0_PDF13300,pdf,4,0.63,0.84,0.6500856876373291,0.6500856876373291,1.0,0.0,0.0,0.0
Herwig_minus,5,MUR1.0_MUF1.0_PDF13300,pdf,5,0.84,1.05,0.6886215806007385,0.6886215806007385,1.0,0.0,0.0,0.0
Herwig_minus,5,MUR1.0_MUF1.0_PDF13300,pdf,6,1.05,1.37,0.6677588224411011,0.6677588224411011,1.0,0.0,0.0,0.0
Herwig_minus,5,MUR1.0_MUF1.0_PDF13300,pdf,7,1.37,1.52,0.6296678781509399,0.6296678781509399,1.0,0.0,0.0,0.0
Herwig_minus,5,MUR1.0_MUF1.0_PDF13300,pdf,8,1.52,1.74,0.6480627655982971,0.6480627655982971,1.0,0.0,0.0,0.0
Herwig_minus,5,MUR1.0_MUF1.0_PDF13300,pdf,9,1.74,1.95,0.6190352439880371,0.6190352439880371,1.0,0.0,0.0,0.0
Herwig_minus,5,MUR1.0_MUF1.0_PDF13300,pdf,10,1.95,2.18,0.6013617515563965,0.6013617515563965,1.0,0.0,0.0,0.0
Herwig_minus,5,MUR1.0_MUF1.0_PDF13300,pdf,11,2.18,2.5,0.6056520938873291,0.6056520938873291,1.0,0.0,0.0,0.0
Herwig_minus,6,MUR1.0_MUF1.0_PDF13301,pdf,1,0.0,0.21,0.69124835729599,0.6912406086921692,0.9999887904199135,-1.1209580407012254e-05,1.1209580407012254e-05,-0.0011209580407012254
Herwig_minus,6,MUR1.0_MUF1.0_PDF13301,pdf,2,0.21,0.42,0.6720393300056458,0.6720336079597473,0.9999914855490699,-8.51445111038629e-06,8.51445111038629e-06,-0.000851445111038629
Herwig_minus,6,MUR1.0_MUF1.0_PDF13301,pdf,3,0.42,0.63,0.6428124904632568,0.6428092122077942,0.9999949001372698,-5.099862846691394e-06,5.099862846691394e-06,-0.0005099862846691394
Herwig_minus,6,MUR1.0_MUF1.0_PDF13301,pdf,4,0.63,0.84,0.6500856876373291,0.65008544921875,0.9999996332505335,-3.6674947523351875e-07,3.6674947523351875e-07,-3.6674947523351875e-05
Herwig_minus,6,MUR1.0_MUF1.0_PDF13301,pdf,5,0.84,1.05,0.6886215806007385,0.6886252760887146,1.000005366500383,5.366500317904865e-06,5.366500317904865e-06,0.0005366500317904865
Herwig_minus,6,MUR1.0_MUF1.0_PDF13301,pdf,6,1.05,1.37,0.6677588224411011,0.6677777767181396,1.0000283849144356,2.8384914912749082e-05,2.8384914912749082e-05,0.002838491491274908
Herwig_minus,6,MUR1.0_MUF1.0_PDF13301,pdf,7,1.37,1.52,0.6296678781509399,0.6296642422676086,0.9999942257125424,-5.774287274107337e-06,5.774287274107337e-06,-0.0005774287274107337
Herwig_minus,6,MUR1.0_MUF1.0_PDF13301,pdf,8,1.52,1.74,0.6480627655982971,0.6480745077133179,1.0000181187928763,1.8118793377652764e-05,1.8118793377652764e-05,0.0018118793377652764
Herwig_minus,6,MUR1.0_MUF1.0_PDF13301,pdf,9,1.74,1.95,0.6190352439880371,0.6190364360809326,1.0000019257270196,1.925727019624901e-06,1.925727019624901e-06,0.0001925727019624901
Herwig_minus,6,MUR1.0_MUF1.0_PDF13301,pdf,10,1.95,2.18,0.6013617515563965,0.6013590693473816,0.9999955397745068,-4.460225682123564e-06,4.460225682123564e-06,-0.0004460225682123564
Herwig_minus,6,MUR1.0_MUF1.0_PDF13301,pdf,11,2.18,2.5,0.6056520938873291,0.6056498289108276,0.9999962602680246,-3.739731937457691e-06,3.739731937457691e-06,-0.0003739731937457691
Herwig_minus,7,MUR1.0_MUF1.0_PDF13302,pdf,1,0.0,0.21,0.69124835729599,0.6912586092948914,1.0000148311367298,1.4831136468274053e-05,1.4831136468274053e-05,0.0014831136468274053
Herwig_minus,7,MUR1.0_MUF1.0_PDF13302,pdf,2,0.21,0.42,0.6720393300056458,0.6720499396324158,1.0000157872110995,1.5787210941198282e-05,1.5787210941198282e-05,0.0015787210941198282
Herwig_minus,7,MUR1.0_MUF1.0_PDF13302,pdf,3,0.42,0.63,0.6428124904632568,0.6428212523460388,1.0000136305422063,1.3630542525788769e-05,1.3630542525788769e-05,0.001363054252578877
Herwig_minus,7,MUR1.0_MUF1.0_PDF13302,pdf,4,0.63,0.84,0.6500856876373291,0.6500932574272156,1.0000116442955604,1.1644295227597468e-05,1.1644295227597468e-05,0.0011644295227597468
Herwig_minus,7,MUR1.0_MUF1.0_PDF13302,pdf,5,0.84,1.05,0.6886215806007385,0.6886301040649414,1.0000123775734642,1.2377573511912487e-05,1.2377573511912487e-05,0.0012377573511912487
Herwig_minus,7,MUR1.0_MUF1.0_PDF13302,pdf,6,1.05,1.37,0.6677588224411011,0.6677790880203247,1.0000303486506543,3.03486503980821e-05,3.03486503980821e-05,0.00303486503980821
Herwig_minus,7,MUR1.0_MUF1.0_PDF13302,pdf,7,1.37,1.52,0.6296678781509399,0.6296611428260803,0.9999893033691358,-1.0696630852180533e-05,1.0696630852180533e-05,-0.0010696630852180533
Herwig_minus,7,MUR1.0_MUF1.0_PDF13302,pdf,8,1.52,1.74,0.6480627655982971,0.6480660438537598,1.0000050585462346,5.058546321379254e-06,5.058546321379254e-06,0.0005058546321379254
Herwig_minus,7,MUR1.0_MUF1.0_PDF13302,pdf,9,1.74,1.95,0.6190352439880371,0.6190319657325745,0.9999947042506958,-5.295749360811897e-06,5.295749360811897e-06,-0.0005295749360811897
Herwig_minus,7,MUR1.0_MUF1.0_PDF13302,pdf,10,1.95,2.18,0.6013617515563965,0.6013558506965637,0.9999901875039151,-9.812496500671841e-06,9.812496500671841e-06,-0.0009812496500671841
Herwig_minus,7,MUR1.0_MUF1.0_PDF13302,pdf,11,2.18,2.5,0.6056520938873291,0.6056486368179321,0.9999942919880376,-5.708011940441793e-06,5.708011940441793e-06,-0.0005708011940441793
Herwig_minus,8,MUR1.0_MUF1.0_PDF13303,pdf,1,0.0,0.21,0.69124835729599,0.6912571787834167,1.0000127616757908,1.276167586183874e-05,1.276167586183874e-05,0.001276167586183874
Herwig_minus,8,MUR1.0_MUF1.0_PDF13303,pdf,2,0.21,0.42,0.6720393300056458,0.6720473170280457,1.0000118847544233,1.1884754712809809e-05,1.1884754712809809e-05,0.0011884754712809809
Herwig_minus,8,MUR1.0_MUF1.0_PDF13303,pdf,3,0.42,0.63,0.6428124904632568,0.6428217887878418,1.0000144650651985,1.446506485081045e-05,1.446506485081045e-05,0.001446506485081045
Herwig_minus,8,MUR1.0_MUF1.0_PDF13303,pdf,4,0.63,0.84,0.6500856876373291,0.650094747543335,1.0000139364797258,1.393648017256055e-05,1.393648017256055e-05,0.001393648017256055
Herwig_minus,8,MUR1.0_MUF1.0_PDF13303,pdf,5,0.84,1.05,0.6886215806007385,0.6886322498321533,1.0000154936059447,1.5493606042582542e-05,1.5493606042582542e-05,0.0015493606042582542
Herwig_minus,8,MUR1.0_MUF1.0_PDF13303,pdf,6,1.05,1.37,0.6677588224411011,0.6677800416946411,1.0000317768224498,3.177682083332911e-05,3.177682083332911e-05,0.003177682083332911
Herwig_minus,8,MUR1.0_MUF1.0_PDF13303,pdf,7,1.37,1.52,0.6296678781509399,0.6296586394309998,0.9999853276302305,-1.467236961616436e-05,1.467236961616436e-05,-0.001467236961616436
Herwig_minus,8,MUR1.0_MUF1.0_PDF13303,pdf,8,1.52,1.74,0.6480627655982971,0.6480684876441956,1.0000088294625185,8.82946278579766e-06,8.82946278579766e-06,0.0008829462785797659
Herwig_minus,8,MUR1.0_MUF1.0_PDF13303,pdf,9,1.74,1.95,0.6190352439880371,0.6190325021743774,0.9999955708278546,-4.42917234977358e-06,4.42917234977358e-06,-0.000442917234977358
Herwig_minus,8,MUR1.0_MUF1.0_PDF13303,pdf,10,1.95,2.18,0.6013617515563965,0.6013556122779846,0.9999897910394268,-1.020896070258459e-05,1.020896070258459e-05,-0.001020896070258459
Herwig_minus,8,MUR1.0_MUF1.0_PDF13303,pdf,11,2.18,2.5,0.6056520938873291,0.6056486368179321,0.9999942919880376,-5.708011940441793e-06,5.708011940441793e-06,-0.0005708011940441793
Herwig_minus,9,MUR1.0_MUF1.0_PDF13304,pdf,1,0.0,0.21,0.69124835729599,0.6912606954574585,1.0000178491005993,1.7849100913736038e-05,1.7849100913736038e-05,0.0017849100913736038
Herwig_minus,9,MUR1.0_MUF1.0_PDF13304,pdf,2,0.21,0.42,0.6720393300056458,0.6720499396324158,1.0000157872110995,1.5787210941198282e-05,1.5787210941198282e-05,0.0015787210941198282
Herwig_minus,9,MUR1.0_MUF1.0_PDF13304,pdf,3,0.42,0.63,0.6428124904632568,0.6428235173225403,1.000017154083729,1.71540832525352e-05,1.71540832525352e-05,0.0017154083252535202
Herwig_minus,9,MUR1.0_MUF1.0_PDF13304,pdf,4,0.63,0.84,0.6500856876373291,0.6500948667526245,1.0000141198544592,1.4119854313321412e-05,1.4119854313321412e-05,0.0014119854313321412
Herwig_minus,9,MUR1.0_MUF1.0_PDF13304,pdf,5,0.84,1.05,0.6886215806007385,0.6886317133903503,1.0000147145978244,1.4714597455167677e-05,1.4714597455167677e-05,0.0014714597455167677
Herwig_minus,9,MUR1.0_MUF1.0_PDF13304,pdf,6,1.05,1.37,0.6677588224411011,0.6677733063697815,1.0000216903591441,2.1690359062631615e-05,2.1690359062631615e-05,0.0021690359062631615
Herwig_minus,9,MUR1.0_MUF1.0_PDF13304,pdf,7,1.37,1.52,0.6296678781509399,0.6296555995941162,0.9999804999472741,-1.9500052076182328e-05,1.9500052076182328e-05,-0.0019500052076182328
Herwig_minus,9,MUR1.0_MUF1.0_PDF13304,pdf,8,1.52,1.74,0.6480627655982971,0.648069441318512,1.0000103010396049,1.0301039765181486e-05,1.0301039765181486e-05,0.0010301039765181486
Herwig_minus,9,MUR1.0_MUF1.0_PDF13304,pdf,9,1.74,1.95,0.6190352439880371,0.6190334558486938,0.9999971114094705,-2.8885906431241892e-06,2.8885906431241892e-06,-0.0002888590643124189
Herwig_minus,9,MUR1.0_MUF1.0_PDF13304,pdf,10,1.95,2.18,0.6013617515563965,0.6013555526733398,0.9999896919233048,-1.0308076525689103e-05,1.0308076525689103e-05,-0.0010308076525689103
Herwig_minus,9,MUR1.0_MUF1.0_PDF13304,pdf,11,2.18,2.5,0.6056520938873291,0.6056482791900635,0.9999937015040414,-6.298495918599656e-06,6.298495918599656e-06,-0.0006298495918599656
Herwig_minus,10,MUR1.0_MUF1.0_PDF13305,pdf,1,0.0,0.21,0.69124835729599,0.6912620067596436,1.0000197461064602,1.9746106772799976e-05,1.9746106772799976e-05,0.0019746106772799976
Herwig_minus,10,MUR1.0_MUF1.0_PDF13305,pdf,2,0.21,0.42,0.6720393300056458,0.6720505356788635,1.0000166741330714,1.667413380346261e-05,1.667413380346261e-05,0.001667413380346261
Herwig_minus,10,MUR1.0_MUF1.0_PDF13305,pdf,3,0.42,0.63,0.6428124904632568,0.642821192741394,1.0000135378174293,1.3537817721953616e-05,1.3537817721953616e-05,0.0013537817721953616
Herwig_minus,10,MUR1.0_MUF1.0_PDF13305,pdf,4,0.63,0.84,0.6500856876373291,0.6500908732414246,1.0000079768008958,7.976800588949118e-06,7.976800588949118e-06,0.0007976800588949118
Herwig_minus,10,MUR1.0_MUF1.0_PDF13305,pdf,5,0.84,1.05,0.6886215806007385,0.6886277794837952,1.0000090018716103,9.001872058433946e-06,9.001872058433946e-06,0.0009001872058433946
Herwig_minus,10,MUR1.0_MUF1.0_PDF13305,pdf,6,1.05,1.37,0.6677588224411011,0.6677703857421875,1.0000173165830204,1.731658267090097e-05,1.731658267090097e-05,0.001731658267090097
Herwig_minus,10,MUR1.0_MUF1.0_PDF13305,pdf,7,1.37,1.52,0.6296678781509399,0.6296552419662476,0.9999799319845734,-2.006801514653489e-05,2.006801514653489e-05,-0.002006801514653489
Herwig_minus,10,MUR1.0_MUF1.0_PDF13305,pdf,8,1.52,1.74,0.6480627655982971,0.6480680704116821,1.0000081856475431,8.185647857317235e-06,8.185647857317235e-06,0.0008185647857317235
Herwig_minus,10,MUR1.0_MUF1.0_PDF13305,pdf,9,1.74,1.95,0.6190352439880371,0.6190333962440491,0.9999970151231194,-2.98487680083781e-06,2.98487680083781e-06,-0.000298487680083781
Herwig_minus,10,MUR1.0_MUF1.0_PDF13305,pdf,10,1.95,2.18,0.6013617515563965,0.6013563275337219,0.9999909804328917,-9.01956718735164e-06,9.01956718735164e-06,-0.000901956718735164
Herwig_minus,10,MUR1.0_MUF1.0_PDF13305,pdf,11,2.18,2.5,0.6056520938873291,0.6056501269340515,0.9999967523380214,-3.2476618798682466e-06,3.2476618798682466e-06,-0.00032476618798682466
Herwig_minus,11,MUR1.0_MUF1.0_PDF13306,pdf,1,0.0,0.21,0.69124835729599,0.6912620067596436,1.0000197461064602,1.9746106772799976e-05,1.9746106772799976e-05,0.0019746106772799976
Herwig_minus,11,MUR1.0_MUF1.0_PDF13306,pdf,2,0.21,0.42,0.6720393300056458,0.6720515489578247,1.0000181819004237,1.818189957702998e-05,1.818189957702998e-05,0.001818189957702998
Herwig_minus,11,MUR1.0_MUF1.0_PDF13306,pdf,3,0.42,0.63,0.6428124904632568,0.6428219079971313,1.0000146505147522,1.4650514458480757e-05,1.4650514458480757e-05,0.0014650514458480757
Herwig_minus,11,MUR1.0_MUF1.0_PDF13306,pdf,4,0.63,0.84,0.6500856876373291,0.6500923037528992,1.0000101772976946,1.0177297554037068e-05,1.0177297554037068e-05,0.0010177297554037068
Herwig_minus,11,MUR1.0_MUF1.0_PDF13306,pdf,5,0.84,1.05,0.6886215806007385,0.6886273622512817,1.0000083959764057,8.395976692554541e-06,8.395976692554541e-06,0.0008395976692554541
Herwig_minus,11,MUR1.0_MUF1.0_PDF13306,pdf,6,1.05,1.37,0.6677588224411011,0.667770504951477,1.000017495104495,1.749510374793317e-05,1.749510374793317e-05,0.0017495103747933172
Herwig_minus,11,MUR1.0_MUF1.0_PDF13306,pdf,7,1.37,1.52,0.6296678781509399,0.6296510100364685,0.9999732110926145,-2.6788908144226298e-05,2.6788908144226298e-05,-0.0026788908144226298
Herwig_minus,11,MUR1.0_MUF1.0_PDF13306,pdf,8,1.52,1.74,0.6480627655982971,0.6480677723884583,1.0000077257797035,7.72578005125979e-06,7.72578005125979e-06,0.000772578005125979
Herwig_minus,11,MUR1.0_MUF1.0_PDF13306,pdf,9,1.74,1.95,0.6190352439880371,0.6190334558486938,0.9999971114094705,-2.8885906431241892e-06,2.8885906431241892e-06,-0.0002888590643124189
Herwig_minus,11,MUR1.0_MUF1.0_PDF13306,pdf,10,1.95,2.18,0.6013617515563965,0.6013556718826294,0.9999898901555488,-1.0109844879480079e-05,1.0109844879480079e-05,-0.0010109844879480079
Herwig_minus,11,MUR1.0_MUF1.0_PDF13306,pdf,11,2.18,2.5,0.6056520938873291,0.6056505441665649,0.9999974412360169,-2.558763981141965e-06,2.558763981141965e-06,-0.0002558763981141965
Herwig_minus,12,MUR1.0_MUF1.0_PDF13307,pdf,1,0.0,0.21,0.69124835729599,0.6912624835968018,1.0000204359267733,2.0435927581274882e-05,2.0435927581274882e-05,0.002043592758127488
Herwig_minus,12,MUR1.0_MUF1.0_PDF13307,pdf,2,0.21,0.42,0.6720393300056458,0.6720528602600098,1.000020133128762,2.013312951021362e-05,2.013312951021362e-05,0.002013312951021362
Herwig_minus,12,MUR1.0_MUF1.0_PDF13307,pdf,3,0.42,0.63,0.6428124904632568,0.6428210735321045,1.0000133523678756,1.3352368114283308e-05,1.3352368114283308e-05,0.0013352368114283308
Herwig_minus,12,MUR1.0_MUF1.0_PDF13307,pdf,4,0.63,0.84,0.6500856876373291,0.6500897407531738,1.00000623474093,6.2347407947527245e-06,6.2347407947527245e-06,0.0006234740794752724
Herwig_minus,12,MUR1.0_MUF1.0_PDF13307,pdf,5,0.84,1.05,0.6886215806007385,0.6886261105537415,1.000006578290792,6.578290594916325e-06,6.578290594916325e-06,0.0006578290594916325
Herwig_minus,12,MUR1.0_MUF1.0_PDF13307,pdf,6,1.05,1.37,0.6677588224411011,0.6677701473236084,1.0000169595400716,1.695954051683657e-05,1.695954051683657e-05,0.0016959540516836569
Herwig_minus,12,MUR1.0_MUF1.0_PDF13307,pdf,7,1.37,1.52,0.6296678781509399,0.6296490430831909,0.9999700872977603,-2.9912702302681282e-05,2.9912702302681282e-05,-0.002991270230268128
Herwig_minus,12,MUR1.0_MUF1.0_PDF13307,pdf,8,1.52,1.74,0.6480627655982971,0.6480681300163269,1.000008277621111,8.277621418528724e-06,8.277621418528724e-06,0.0008277621418528724
Herwig_minus,12,MUR1.0_MUF1.0_PDF13307,pdf,9,1.74,1.95,0.6190352439880371,0.6190339922904968,0.9999979779866293,-2.0220134047121974e-06,2.0220134047121974e-06,-0.00020220134047121974
Herwig_minus,12,MUR1.0_MUF1.0_PDF13307,pdf,10,1.95,2.18,0.6013617515563965,0.601355254650116,0.9999891963426943,-1.0803657460201066e-05,1.0803657460201066e-05,-0.0010803657460201066
Herwig_minus,12,MUR1.0_MUF1.0_PDF13307,pdf,11,2.18,2.5,0.6056520938873291,0.6056507229804993,0.9999977364780149,-2.2635219920630334e-06,2.2635219920630334e-06,-0.00022635219920630334
Herwig_minus,13,MUR1.0_MUF1.0_PDF13308,pdf,1,0.0,0.21,0.69124835729599,0.6912625432014465,1.0000205221543124,2.052215495496057e-05,2.052215495496057e-05,0.002052215495496057
Herwig_minus,13,MUR1.0_MUF1.0_PDF13308,pdf,2,0.21,0.42,0.6720393300056458,0.6720505356788635,1.0000166741330714,1.667413380346261e-05,1.667413380346261e-05,0.001667413380346261
Herwig_minus,13,MUR1.0_MUF1.0_PDF13308,pdf,3,0.42,0.63,0.6428124904632568,0.6428209543228149,1.0000131669183216,1.3166918506613001e-05,1.3166918506613001e-05,0.0013166918506613001
Herwig_minus,13,MUR1.0_MUF1.0_PDF13308,pdf,4,0.63,0.84,0.6500856876373291,0.6500892043113708,1.0000054095546305,5.409554432844743e-06,5.409554432844743e-06,0.0005409554432844743
Herwig_minus,13,MUR1.0_MUF1.0_PDF13308,pdf,5,0.84,1.05,0.6886215806007385,0.6886248588562012,1.0000047606051785,4.76060495202546e-06,4.76060495202546e-06,0.000476060495202546
Herwig_minus,13,MUR1.0_MUF1.0_PDF13308,pdf,6,1.05,1.37,0.6677588224411011,0.6677694916725159,1.0000159776719622,1.5977671864675358e-05,1.5977671864675358e-05,0.0015977671864675358
Herwig_minus,13,MUR1.0_MUF1.0_PDF13308,pdf,7,1.37,1.52,0.6296678781509399,0.6296479105949402,0.999968288749208,-3.171124990331009e-05,3.171124990331009e-05,-0.003171124990331009
Herwig_minus,13,MUR1.0_MUF1.0_PDF13308,pdf,8,1.52,1.74,0.6480627655982971,0.6480680108070374,1.0000080936739753,8.093674296105746e-06,8.093674296105746e-06,0.0008093674296105746
Herwig_minus,13,MUR1.0_MUF1.0_PDF13308,pdf,9,1.74,1.95,0.6190352439880371,0.6190329194068909,0.9999962448323115,-3.7551676541625056e-06,3.7551676541625056e-06,-0.00037551676541625056
Herwig_minus,13,MUR1.0_MUF1.0_PDF13308,pdf,10,1.95,2.18,0.6013617515563965,0.6013566851615906,0.9999915751296241,-8.424870429735165e-06,8.424870429735165e-06,-0.0008424870429735165
Herwig_minus,13,MUR1.0_MUF1.0_PDF13308,pdf,11,2.18,2.5,0.6056520938873291,0.6056506633758545,0.9999976380640155,-2.361935912631452e-06,2.361935912631452e-06,-0.0002361935912631452
Herwig_minus,14,MUR1.0_MUF1.0_PDF13309,pdf,1,0.0,0.21,0.69124835729599,0.6912615299224854,1.000019056286147,1.905628596432507e-05,1.905628596432507e-05,0.001905628596432507
Herwig_minus,14,MUR1.0_MUF1.0_PDF13309,pdf,2,0.21,0.42,0.6720393300056458,0.6720516085624695,1.0000182705926208,1.8270593500346877e-05,1.8270593500346877e-05,0.0018270593500346877
Herwig_minus,14,MUR1.0_MUF1.0_PDF13309,pdf,3,0.42,0.63,0.6428124904632568,0.6428197622299194,1.0000113124227834,1.131242242990993e-05,1.131242242990993e-05,0.001131242242990993
Herwig_minus,14,MUR1.0_MUF1.0_PDF13309,pdf,4,0.63,0.84,0.6500856876373291,0.6500889658927917,1.000005042805164,5.042805241828319e-06,5.042805241828319e-06,0.0005042805241828319
Herwig_minus,14,MUR1.0_MUF1.0_PDF13309,pdf,5,0.84,1.05,0.6886215806007385,0.6886239647865295,1.0000034622583116,3.4622582916199462e-06,3.4622582916199462e-06,0.0003462258291619946
Herwig_minus,14,MUR1.0_MUF1.0_PDF13309,pdf,6,1.05,1.37,0.6677588224411011,0.6677688360214233,1.0000149958038527,1.4995804122008849e-05,1.4995804122008849e-05,0.001499580412200885
Herwig_minus,14,MUR1.0_MUF1.0_PDF13309,pdf,7,1.37,1.52,0.6296678781509399,0.6296441555023193,0.99996232514085,-3.767485759453848e-05,3.767485759453848e-05,-0.003767485759453848
Herwig_minus,14,MUR1.0_MUF1.0_PDF13309,pdf,8,1.52,1.74,0.6480627655982971,0.648068904876709,1.0000094732774938,9.473277714278083e-06,9.473277714278083e-06,0.0009473277714278083
Herwig_minus,14,MUR1.0_MUF1.0_PDF13309,pdf,9,1.74,1.95,0.6190352439880371,0.6190334558486938,0.9999971114094705,-2.8885906431241892e-06,2.8885906431241892e-06,-0.0002888590643124189
Herwig_minus,14,MUR1.0_MUF1.0_PDF13309,pdf,10,1.95,2.18,0.6013617515563965,0.6013559699058533,0.9999903857361593,-9.614263944968116e-06,9.614263944968116e-06,-0.0009614263944968116
Herwig_minus,14,MUR1.0_MUF1.0_PDF13309,pdf,11,2.18,2.5,0.6056520938873291,0.6056512594223022,0.999998622204009,-1.3777960248262389e-06,1.3777960248262389e-06,-0.00013777960248262389
Herwig_minus,15,MUR1.0_MUF1.0_PDF13310,pdf,1,0.0,0.21,0.69124835729599,0.6912620067596436,1.0000197461064602,1.9746106772799976e-05,1.9746106772799976e-05,0.0019746106772799976
Herwig_minus,15,MUR1.0_MUF1.0_PDF13310,pdf,2,0.21,0.42,0.6720393300056458,0.6720501780509949,1.0000161419798883,1.614197935850825e-05,1.614197935850825e-05,0.0016141979358508252
Herwig_minus,15,MUR1.0_MUF1.0_PDF13310,pdf,3,0.42,0.63,0.6428124904632568,0.6428195238113403,1.0000109415236758,1.0941524124064017e-05,1.0941524124064017e-05,0.0010941524124064017
Herwig_minus,15,MUR1.0_MUF1.0_PDF13310,pdf,4,0.63,0.84,0.6500856876373291,0.6500868201255798,1.0000017420599658,1.7420600215700688e-06,1.7420600215700688e-06,0.00017420600215700688
Herwig_minus,15,MUR1.0_MUF1.0_PDF13310,pdf,5,0.84,1.05,0.6886215806007385,0.6886216998100281,1.0000001731129156,1.7311290889665543e-07,1.7311290889665543e-07,1.7311290889665543e-05
Herwig_minus,15,MUR1.0_MUF1.0_PDF13310,pdf,6,1.05,1.37,0.6677588224411011,0.6677683591842651,1.000014281717955,1.4281717994890641e-05,1.4281717994890641e-05,0.0014281717994890641
Herwig_minus,15,MUR1.0_MUF1.0_PDF13310,pdf,7,1.37,1.52,0.6296678781509399,0.6296429634094238,0.9999604319318475,-3.956806904170662e-05,3.956806904170662e-05,-0.003956806904170662
Herwig_minus,15,MUR1.0_MUF1.0_PDF13310,pdf,8,1.52,1.74,0.6480627655982971,0.6480679512023926,1.0000080017004074,8.001700734894257e-06,8.001700734894257e-06,0.0008001700734894257
Herwig_minus,15,MUR1.0_MUF1.0_PDF13310,pdf,9,1.74,1.95,0.6190352439880371,0.6190329194068909,0.9999962448323115,-3.7551676541625056e-06,3.7551676541625056e-06,-0.00037551676541625056
Herwig_minus,15,MUR1.0_MUF1.0_PDF13310,pdf,10,1.95,2.18,0.6013617515563965,0.601355791091919,0.999990088387793,-9.911612323776353e-06,9.911612323776353e-06,-0.0009911612323776353
Herwig_minus,15,MUR1.0_MUF1.0_PDF13310,pdf,11,2.18,2.5,0.6056520938873291,0.6056513786315918,0.9999988190320078,-1.180967956315726e-06,1.180967956315726e-06,-0.0001180967956315726
Herwig_minus,16,MUR1.0_MUF1.0_PDF13311,pdf,1,0.0,0.21,0.69124835729599,0.6912618279457092,1.0000194874238428,1.9487424651742913e-05,1.9487424651742913e-05,0.0019487424651742913
Herwig_minus,16,MUR1.0_MUF1.0_PDF13311,pdf,2,0.21,0.42,0.6720393300056458,0.672049343585968,1.0000149002891277,1.4900288988428656e-05,1.4900288988428656e-05,0.0014900288988428656
Herwig_minus,16,MUR1.0_MUF1.0_PDF13311,pdf,3,0.42,0.63,0.6428124904632568,0.6428187489509583,1.0000097361015758,9.73610167420702e-06,9.73610167420702e-06,0.0009736101674207021
Herwig_minus,16,MUR1.0_MUF1.0_PDF13311,pdf,4,0.63,0.84,0.6500856876373291,0.6500866413116455,1.0000014669978659,1.466997900934075e-06,1.466997900934075e-06,0.0001466997900934075
Herwig_minus,16,MUR1.0_MUF1.0_PDF13311,pdf,5,0.84,1.05,0.6886215806007385,0.6886225938796997,1.0000014714597825,1.4714597682541353e-06,1.4714597682541353e-06,0.00014714597682541353
Herwig_minus,16,MUR1.0_MUF1.0_PDF13311,pdf,6,1.05,1.37,0.6677588224411011,0.6677682399749756,1.0000141031964807,1.410319691785844e-05,1.410319691785844e-05,0.001410319691785844
Herwig_minus,16,MUR1.0_MUF1.0_PDF13311,pdf,7,1.37,1.52,0.6296678781509399,0.6296402215957642,0.9999560775511417,-4.3922449549427256e-05,4.3922449549427256e-05,-0.004392244954942726
Herwig_minus,16,MUR1.0_MUF1.0_PDF13311,pdf,8,1.52,1.74,0.6480627655982971,0.6480692625045776,1.000010025118901,1.0025119081547018e-05,1.0025119081547018e-05,0.0010025119081547018
Herwig_minus,16,MUR1.0_MUF1.0_PDF13311,pdf,9,1.74,1.95,0.6190352439880371,0.619033694267273,0.9999974965548744,-2.5034451027750038e-06,2.5034451027750038e-06,-0.0002503445102775004
Herwig_minus,16,MUR1.0_MUF1.0_PDF13311,pdf,10,1.95,2.18,0.6013617515563965,0.6013554334640503,0.9999894936910606,-1.0506309081392828e-05,1.0506309081392828e-05,-0.0010506309081392828
Herwig_minus,16,MUR1.0_MUF1.0_PDF13311,pdf,11,2.18,2.5,0.6056520938873291,0.6056529879570007,1.0000014762099902,1.4762099453946576e-06,1.4762099453946576e-06,0.00014762099453946576
Herwig_minus,17,MUR1.0_MUF1.0_PDF13312,pdf,1,0.0,0.21,0.69124835729599,0.691262423992157,1.000020349699234,2.034969838859979e-05,2.034969838859979e-05,0.002034969838859979
Herwig_minus,17,MUR1.0_MUF1.0_PDF13312,pdf,2,0.21,0.42,0.6720393300056458,0.6720484495162964,1.0000135699061699,1.3569906514021568e-05,1.3569906514021568e-05,0.0013569906514021568
Herwig_minus,17,MUR1.0_MUF1.0_PDF13312,pdf,3,0.42,0.63,0.6428124904632568,0.6428179144859314,1.0000084379546992,8.43795442051487e-06,8.43795442051487e-06,0.000843795442051487
Herwig_minus,17,MUR1.0_MUF1.0_PDF13312,pdf,4,0.63,0.84,0.6500856876373291,0.6500844955444336,0.9999981662526677,-1.833747319324175e-06,1.833747319324175e-06,-0.0001833747319324175
Herwig_minus,17,MUR1.0_MUF1.0_PDF13312,pdf,5,0.84,1.05,0.6886215806007385,0.6886211037635803,0.9999993075483377,-6.924516355866217e-07,6.924516355866217e-07,-6.924516355866217e-05
Herwig_minus,17,MUR1.0_MUF1.0_PDF13312,pdf,6,1.05,1.37,0.6677588224411011,0.6677682399749756,1.0000141031964807,1.410319691785844e-05,1.410319691785844e-05,0.001410319691785844
Herwig_minus,17,MUR1.0_MUF1.0_PDF13312,pdf,7,1.37,1.52,0.6296678781509399,0.6296380162239075,0.9999525751144871,-4.7424884542124346e-05,4.7424884542124346e-05,-0.004742488454212435
Herwig_minus,17,MUR1.0_MUF1.0_PDF13312,pdf,8,1.52,1.74,0.6480627655982971,0.6480700373649597,1.0000112207752838,1.1220775377296377e-05,1.1220775377296377e-05,0.0011220775377296377
Herwig_minus,17,MUR1.0_MUF1.0_PDF13312,pdf,9,1.74,1.95,0.6190352439880371,0.6190336346626282,0.9999974002685234,-2.5997314878623e-06,2.5997314878623e-06,-0.00025997314878623
Herwig_minus,17,MUR1.0_MUF1.0_PDF13312,pdf,10,1.95,2.18,0.6013617515563965,0.6013561487197876,0.9999906830845254,-9.316915566159878e-06,9.316915566159878e-06,-0.0009316915566159878
Herwig_minus,17,MUR1.0_MUF1.0_PDF13312,pdf,11,2.18,2.5,0.6056520938873291,0.6056528091430664,1.0000011809679923,1.180967956315726e-06,1.180967956315726e-06,0.0001180967956315726
Herwig_minus,18,MUR1.0_MUF1.0_PDF13313,pdf,1,0.0,0.21,0.69124835729599,0.6912604570388794,1.0000175041904429,1.7504189600003883e-05,1.7504189600003883e-05,0.0017504189600003883
Herwig_minus,18,MUR1.0_MUF1.0_PDF13313,pdf,2,0.21,0.42,0.6720393300056458,0.6720478534698486,1.000012682984198,1.2682984561251942e-05,1.2682984561251942e-05,0.0012682984561251942
Herwig_minus,18,MUR1.0_MUF1.0_PDF13313,pdf,3,0.42,0.63,0.6428124904632568,0.6428167819976807,1.0000066761839377,6.676184057141654e-06,6.676184057141654e-06,0.0006676184057141654
Herwig_minus,18,MUR1.0_MUF1.0_PDF13313,pdf,4,0.63,0.84,0.6500856876373291,0.6500848531723022,0.9999987163768673,-1.2836230780521873e-06,1.2836230780521873e-06,-0.00012836230780521873
Herwig_minus,18,MUR1.0_MUF1.0_PDF13313,pdf,5,0.84,1.05,0.6886215806007385,0.6886178255081177,0.9999945469431591,-5.453056928672595e-06,5.453056928672595e-06,-0.0005453056928672595
Herwig_minus,18,MUR1.0_MUF1.0_PDF13313,pdf,6,1.05,1.37,0.6677588224411011,0.6677670478820801,1.0000123179817362,1.2317981600062922e-05,1.2317981600062922e-05,0.0012317981600062922
Herwig_minus,18,MUR1.0_MUF1.0_PDF13313,pdf,7,1.37,1.52,0.6296678781509399,0.6296356916427612,0.9999488833569322,-5.1116643589921296e-05,5.1116643589921296e-05,-0.0051116643589921296
Herwig_minus,18,MUR1.0_MUF1.0_PDF13313,pdf,8,1.52,1.74,0.6480627655982971,0.648068368434906,1.0000086455153827,8.645515663374681e-06,8.645515663374681e-06,0.0008645515663374681
Herwig_minus,18,MUR1.0_MUF1.0_PDF13313,pdf,9,1.74,1.95,0.6190352439880371,0.6190345883369446,0.9999989408501392,-1.0591498948997469e-06,1.0591498948997469e-06,-0.00010591498948997469
Herwig_minus,18,MUR1.0_MUF1.0_PDF13313,pdf,10,1.95,2.18,0.6013617515563965,0.6013553142547607,0.9999892954588164,-1.0704541637096554e-05,1.0704541637096554e-05,-0.0010704541637096554
Herwig_minus,18,MUR1.0_MUF1.0_PDF13313,pdf,11,2.18,2.5,0.6056520938873291,0.6056535243988037,1.0000023619359844,2.361935912631452e-06,2.361935912631452e-06,0.0002361935912631452
Herwig_minus,19,MUR1.0_MUF1.0_PDF13314,pdf,1,0.0,0.21,0.69124835729599,0.6912607550621033,1.0000179353281384,1.7935328287421726e-05,1.7935328287421726e-05,0.0017935328287421726
Herwig_minus,19,MUR1.0_MUF1.0_PDF13314,pdf,2,0.21,0.42,0.6720393300056458,0.6720474362373352,1.0000120621388175,1.2062138921464793e-05,1.2062138921464793e-05,0.0012062138921464793
Herwig_minus,19,MUR1.0_MUF1.0_PDF13314,pdf,3,0.42,0.63,0.6428124904632568,0.642815887928009,1.000005285312284,5.285312454361701e-06,5.285312454361701e-06,0.0005285312454361701
Herwig_minus,19,MUR1.0_MUF1.0_PDF13314,pdf,4,0.63,0.84,0.6500856876373291,0.6500834822654724,0.9999966075674351,-3.392432518012356e-06,3.392432518012356e-06,-0.0003392432518012356
Herwig_minus,19,MUR1.0_MUF1.0_PDF13314,pdf,5,0.84,1.05,0.6886215806007385,0.6886170506477356,0.9999934217092079,-6.578290594916325e-06,6.578290594916325e-06,-0.0006578290594916325
Herwig_minus,19,MUR1.0_MUF1.0_PDF13314,pdf,6,1.05,1.37,0.6677588224411011,0.6677665710449219,1.0000116038958384,1.1603895472944714e-05,1.1603895472944714e-05,0.0011603895472944714
Herwig_minus,19,MUR1.0_MUF1.0_PDF13314,pdf,7,1.37,1.52,0.6296678781509399,0.6296337842941284,0.9999458542225281,-5.4145777539815754e-05,5.4145777539815754e-05,-0.005414577753981575
Herwig_minus,19,MUR1.0_MUF1.0_PDF13314,pdf,8,1.52,1.74,0.6480627655982971,0.6480690836906433,1.0000097491981974,9.74919839791255e-06,9.74919839791255e-06,0.0009749198397912551
Herwig_minus,19,MUR1.0_MUF1.0_PDF13314,pdf,9,1.74,1.95,0.6190352439880371,0.6190344095230103,0.9999986519910862,-1.3480089364747982e-06,1.3480089364747982e-06,-0.00013480089364747982
Herwig_minus,19,MUR1.0_MUF1.0_PDF13314,pdf,10,1.95,2.18,0.6013617515563965,0.6013561487197876,0.9999906830845254,-9.316915566159878e-06,9.316915566159878e-06,-0.0009316915566159878
Herwig_minus,19,MUR1.0_MUF1.0_PDF13314,pdf,11,2.18,2.5,0.6056520938873291,0.6056550741195679,1.0000049206999675,4.9207001211470924e-06,4.9207001211470924e-06,0.0004920700121147092
Herwig_minus,20,MUR1.0_MUF1.0_PDF13315,pdf,1,0.0,0.21,0.69124835729599,0.691260039806366,1.000016900597669,1.690059798420407e-05,1.690059798420407e-05,0.0016900597984204069
Herwig_minus,20,MUR1.0_MUF1.0_PDF13315,pdf,2,0.21,0.42,0.6720393300056458,0.6720482707023621,1.0000133038295782,1.3303829291544389e-05,1.3303829291544389e-05,0.001330382929154439
Herwig_minus,20,MUR1.0_MUF1.0_PDF13315,pdf,3,0.42,0.63,0.6428124904632568,0.6428138613700867,1.000002132669869,2.132669806087506e-06,2.132669806087506e-06,0.0002132669806087506
Herwig_minus,20,MUR1.0_MUF1.0_PDF13315,pdf,4,0.63,0.84,0.6500856876373291,0.6500810384750366,0.9999928483854038,-7.151614681788487e-06,7.151614681788487e-06,-0.0007151614681788487
Herwig_minus,20,MUR1.0_MUF1.0_PDF13315,pdf,5,0.84,1.05,0.6886215806007385,0.688616156578064,0.999992123362341,-7.876637937442865e-06,7.876637937442865e-06,-0.0007876637937442865
Herwig_minus,20,MUR1.0_MUF1.0_PDF13315,pdf,6,1.05,1.37,0.6677588224411011,0.6677676439285278,1.0000132105891084,1.321058880421333e-05,1.321058880421333e-05,0.001321058880421333
Herwig_minus,20,MUR1.0_MUF1.0_PDF13315,pdf,7,1.37,1.52,0.6296678781509399,0.6296303868293762,0.999940458576871,-5.9541423979680985e-05,5.9541423979680985e-05,-0.0059541423979680985
Herwig_minus,20,MUR1.0_MUF1.0_PDF13315,pdf,8,1.52,1.74,0.6480627655982971,0.6480693221092224,1.0000101170924691,1.0117092642758507e-05,1.0117092642758507e-05,0.0010117092642758507
Herwig_minus,20,MUR1.0_MUF1.0_PDF13315,pdf,9,1.74,1.95,0.6190352439880371,0.6190342903137207,0.9999984594183843,-1.5405815929625533e-06,1.5405815929625533e-06,-0.00015405815929625533
Herwig_minus,20,MUR1.0_MUF1.0_PDF13315,pdf,10,1.95,2.18,0.6013617515563965,0.6013550162315369,0.9999887998782061,-1.1200121662113816e-05,1.1200121662113816e-05,-0.0011200121662113816
Herwig_minus,20,MUR1.0_MUF1.0_PDF13315,pdf,11,2.18,2.5,0.6056520938873291,0.6056543588638306,1.0000037397319754,3.739731937457691e-06,3.739731937457691e-06,0.0003739731937457691
Herwig_minus,21,MUR1.0_MUF1.0_PDF13316,pdf,1,0.0,0.21,0.69124835729599,0.6912593841552734,1.0000159520947385,1.59520950546721e-05,1.59520950546721e-05,0.00159520950546721
Herwig_minus,21,MUR1.0_MUF1.0_PDF13316,pdf,2,0.21,0.42,0.6720393300056458,0.67204749584198,1.000012150831015,1.2150831025792286e-05,1.2150831025792286e-05,0.0012150831025792286
Herwig_minus,21,MUR1.0_MUF1.0_PDF13316,pdf,3,0.42,0.63,0.6428124904632568,0.6428150534629822,1.0000039871654072,3.987165200669551e-06,3.987165200669551e-06,0.0003987165200669551
Herwig_minus,21,MUR1.0_MUF1.0_PDF13316,pdf,4,0.63,0.84,0.6500856876373291,0.6500804424285889,0.9999919315117376,-8.06848856882425e-06,8.06848856882425e-06,-0.000806848856882425
Herwig_minus,21,MUR1.0_MUF1.0_PDF13316,pdf,5,0.84,1.05,0.6886215806007385,0.6886157393455505,0.9999915174671364,-8.48253330332227e-06,8.48253330332227e-06,-0.000848253330332227
Herwig_minus,21,MUR1.0_MUF1.0_PDF13316,pdf,6,1.05,1.37,0.6677588224411011,0.6677653193473816,1.000009729420357,9.729420526127797e-06,9.729420526127797e-06,0.0009729420526127797
Herwig_minus,21,MUR1.0_MUF1.0_PDF13316,pdf,7,1.37,1.52,0.6296678781509399,0.6296284198760986,0.9999373347820169,-6.266521813813597e-05,6.266521813813597e-05,-0.006266521813813597
Herwig_minus,21,MUR1.0_MUF1.0_PDF13316,pdf,8,1.52,1.74,0.6480627655982971,0.6480689644813538,1.0000095652510617,9.565251275489572e-06,9.565251275489572e-06,0.0009565251275489572
Herwig_minus,21,MUR1.0_MUF1.0_PDF13316,pdf,9,1.74,1.95,0.6190352439880371,0.6190343499183655,0.9999985557047352,-1.4442953215620946e-06,1.4442953215620946e-06,-0.00014442953215620946
Herwig_minus,21,MUR1.0_MUF1.0_PDF13316,pdf,10,1.95,2.18,0.6013617515563965,0.6013548970222473,0.9999886016459619,-1.1398354217817541e-05,1.1398354217817541e-05,-0.0011398354217817541
Herwig_minus,21,MUR1.0_MUF1.0_PDF13316,pdf,11,2.18,2.5,0.6056520938873291,0.6056544780731201,1.000003936559974,3.936560005968204e-06,3.936560005968204e-06,0.0003936560005968204
Herwig_minus,22,MUR1.0_MUF1.0_PDF13317,pdf,1,0.0,0.21,0.69124835729599,0.6912585496902466,1.0000147449091907,1.4744909094588365e-05,1.4744909094588365e-05,0.0014744909094588365
Herwig_minus,22,MUR1.0_MUF1.0_PDF13317,pdf,2,0.21,0.42,0.6720393300056458,0.6720472574234009,1.0000117960622261,1.1796062608482316e-05,1.1796062608482316e-05,0.0011796062608482316
Herwig_minus,22,MUR1.0_MUF1.0_PDF13317,pdf,3,0.42,0.63,0.6428124904632568,0.6428145170211792,1.0000031526424151,3.15264242090052e-06,3.15264242090052e-06,0.000315264242090052
Herwig_minus,22,MUR1.0_MUF1.0_PDF13317,pdf,4,0.63,0.84,0.6500856876373291,0.6500794887542725,0.9999904645138717,-9.53548624238465e-06,9.53548624238465e-06,-0.000953548624238465
Herwig_minus,22,MUR1.0_MUF1.0_PDF13317,pdf,5,0.84,1.05,0.6886215806007385,0.6886144876480103,0.9999896997815229,-1.0300218491465785e-05,1.0300218491465785e-05,-0.0010300218491465785
Herwig_minus,22,MUR1.0_MUF1.0_PDF13317,pdf,6,1.05,1.37,0.6677588224411011,0.6677643060684204,1.0000082119878242,8.211987733375281e-06,8.211987733375281e-06,0.0008211987733375281
Herwig_minus,22,MUR1.0_MUF1.0_PDF13317,pdf,7,1.37,1.52,0.6296678781509399,0.6296268701553345,0.9999348736103136,-6.512639083666727e-05,6.512639083666727e-05,-0.006512639083666727
Herwig_minus,22,MUR1.0_MUF1.0_PDF13317,pdf,8,1.52,1.74,0.6480627655982971,0.6480696797370911,1.0000106689338764,1.0668934010027442e-05,1.0668934010027442e-05,0.0010668934010027442
Herwig_minus,22,MUR1.0_MUF1.0_PDF13317,pdf,9,1.74,1.95,0.6190352439880371,0.6190347671508789,0.9999992297091921,-7.702907964812766e-07,7.702907964812766e-07,-7.702907964812766e-05
Herwig_minus,22,MUR1.0_MUF1.0_PDF13317,pdf,10,1.95,2.18,0.6013617515563965,0.6013548374176025,0.99998850252984,-1.1497470040922053e-05,1.1497470040922053e-05,-0.0011497470040922053
Herwig_minus,22,MUR1.0_MUF1.0_PDF13317,pdf,11,2.18,2.5,0.6056520938873291,0.6056551933288574,1.0000051175279663,5.11752796228393e-06,5.11752796228393e-06,0.000511752796228393
Herwig_minus,23,MUR1.0_MUF1.0_PDF13318,pdf,1,0.0,0.21,0.69124835729599,0.6912599802017212,1.0000168143701298,1.681437061051838e-05,1.681437061051838e-05,0.001681437061051838
Herwig_minus,23,MUR1.0_MUF1.0_PDF13318,pdf,2,0.21,0.42,0.6720393300056458,0.6720471382141113,1.0000116186778316,1.161867749033263e-05,1.161867749033263e-05,0.001161867749033263
Herwig_minus,23,MUR1.0_MUF1.0_PDF13318,pdf,3,0.42,0.63,0.6428124904632568,0.6428139209747314,1.000002225394646,2.2253946099226596e-06,2.2253946099226596e-06,0.00022253946099226596
Herwig_minus,23,MUR1.0_MUF1.0_PDF13318,pdf,4,0.63,0.84,0.6500856876373291,0.6500778794288635,0.9999879889549731,-1.2011045328108594e-05,1.2011045328108594e-05,-0.0012011045328108594
Herwig_minus,23,MUR1.0_MUF1.0_PDF13318,pdf,5,0.84,1.05,0.6886215806007385,0.6886130571365356,0.9999876224265358,-1.2377573511912487e-05,1.2377573511912487e-05,-0.0012377573511912487
Herwig_minus,23,MUR1.0_MUF1.0_PDF13318,pdf,6,1.05,1.37,0.6677588224411011,0.6677649617195129,1.0000091938559335,9.193856385536492e-06,9.193856385536492e-06,0.0009193856385536492
Herwig_minus,23,MUR1.0_MUF1.0_PDF13318,pdf,7,1.37,1.52,0.6296678781509399,0.6296245455741882,0.9999311818527586,-6.881814624648541e-05,6.881814624648541e-05,-0.006881814624648541
Herwig_minus,23,MUR1.0_MUF1.0_PDF13318,pdf,8,1.52,1.74,0.6480627655982971,0.6480700969696045,1.0000113127488517,1.1312748938507866e-05,1.1312748938507866e-05,0.0011312748938507866
Herwig_minus,23,MUR1.0_MUF1.0_PDF13318,pdf,9,1.74,1.95,0.6190352439880371,0.619033932685852,0.9999978817002783,-2.1182997897994937e-06,2.1182997897994937e-06,-0.00021182997897994937
Herwig_minus,23,MUR1.0_MUF1.0_PDF13318,pdf,10,1.95,2.18,0.6013617515563965,0.6013543605804443,0.9999877096008634,-1.2290399354242254e-05,1.2290399354242254e-05,-0.0012290399354242254
Herwig_minus,23,MUR1.0_MUF1.0_PDF13318,pdf,11,2.18,2.5,0.6056520938873291,0.6056562066078186,1.0000067905659553,6.790565748815425e-06,6.790565748815425e-06,0.0006790565748815425
Herwig_minus,24,MUR1.0_MUF1.0_PDF13319,pdf,1,0.0,0.21,0.69124835729599,0.6912602186203003,1.0000171592802862,1.7159280105261132e-05,1.7159280105261132e-05,0.0017159280105261132
Herwig_minus,24,MUR1.0_MUF1.0_PDF13319,pdf,2,0.21,0.42,0.6720393300056458,0.6720457077026367,1.000009490065099,9.490065167483408e-06,9.490065167483408e-06,0.0009490065167483408
Herwig_minus,24,MUR1.0_MUF1.0_PDF13319,pdf,3,0.42,0.63,0.6428124904632568,0.6428143978118896,1.0000029671928612,2.9671928132302128e-06,2.9671928132302128e-06,0.0002967192813230213
Herwig_minus,24,MUR1.0_MUF1.0_PDF13319,pdf,4,0.63,0.84,0.6500856876373291,0.6500770449638367,0.9999867053318404,-1.329466795141343e-05,1.329466795141343e-05,-0.001329466795141343
Herwig_minus,24,MUR1.0_MUF1.0_PDF13319,pdf,5,0.84,1.05,0.6886215806007385,0.6886125802993774,0.9999869299748735,-1.3070025488559622e-05,1.3070025488559622e-05,-0.0013070025488559622
Herwig_minus,24,MUR1.0_MUF1.0_PDF13319,pdf,6,1.05,1.37,0.6677588224411011,0.6677653193473816,1.000009729420357,9.729420526127797e-06,9.729420526127797e-06,0.0009729420526127797
Herwig_minus,24,MUR1.0_MUF1.0_PDF13319,pdf,7,1.37,1.52,0.6296678781509399,0.6296218037605286,0.999926827472053,-7.317253039218485e-05,7.317253039218485e-05,-0.007317253039218485
Herwig_minus,24,MUR1.0_MUF1.0_PDF13319,pdf,8,1.52,1.74,0.6480627655982971,0.6480705738067627,1.000012048537395,1.204853742819978e-05,1.204853742819978e-05,0.001204853742819978
Herwig_minus,24,MUR1.0_MUF1.0_PDF13319,pdf,9,1.74,1.95,0.6190352439880371,0.6190359592437744,1.0000011554362118,1.1554361663002055e-06,1.1554361663002055e-06,0.00011554361663002055
Herwig_minus,24,MUR1.0_MUF1.0_PDF13319,pdf,10,1.95,2.18,0.6013617515563965,0.601354718208313,0.9999883042975958,-1.1695702596625779e-05,1.1695702596625779e-05,-0.0011695702596625779
Herwig_minus,24,MUR1.0_MUF1.0_PDF13319,pdf,11,2.18,2.5,0.6056520938873291,0.6056567430496216,1.0000076762919494,7.67629171605222e-06,7.67629171605222e-06,0.0007676291716052219
Herwig_minus,25,MUR1.0_MUF1.0_PDF13320,pdf,1,0.0,0.21,0.69124835729599,0.6912603974342346,1.0000174179629038,1.7417962226318195e-05,1.7417962226318195e-05,0.0017417962226318195
Herwig_minus,25,MUR1.0_MUF1.0_PDF13320,pdf,2,0.21,0.42,0.6720393300056458,0.6720455288887024,1.0000092239885077,9.22398885450093e-06,9.22398885450093e-06,0.0009223988854500931
Herwig_minus,25,MUR1.0_MUF1.0_PDF13320,pdf,3,0.42,0.63,0.6428124904632568,0.6428118348121643,0.9999989800274539,-1.0199725011261762e-06,1.0199725011261762e-06,-0.00010199725011261762
Herwig_minus,25,MUR1.0_MUF1.0_PDF13320,pdf,4,0.63,0.84,0.6500856876373291,0.6500751376152039,0.9999837713361086,-1.622866329853423e-05,1.622866329853423e-05,-0.001622866329853423
Herwig_minus,25,MUR1.0_MUF1.0_PDF13320,pdf,5,0.84,1.05,0.6886215806007385,0.68860924243927,0.9999820828132372,-1.7917187506100163e-05,1.7917187506100163e-05,-0.0017917187506100163
Herwig_minus,25,MUR1.0_MUF1.0_PDF13320,pdf,6,1.05,1.37,0.6677588224411011,0.6677647233009338,1.0000088368129847,8.836813321977388e-06,8.836813321977388e-06,0.0008836813321977388
Herwig_minus,25,MUR1.0_MUF1.0_PDF13320,pdf,7,1.37,1.52,0.6296678781509399,0.6296194791793823,0.999923135714498,-7.6864285802003e-05,7.6864285802003e-05,-0.0076864285802003
Herwig_minus,25,MUR1.0_MUF1.0_PDF13320,pdf,8,1.52,1.74,0.6480627655982971,0.6480699181556702,1.000011036828148,1.1036828254873399e-05,1.1036828254873399e-05,0.0011036828254873399
Herwig_minus,25,MUR1.0_MUF1.0_PDF13320,pdf,9,1.74,1.95,0.6190352439880371,0.6190352439880371,1.0,0.0,0.0,0.0
Herwig_minus,25,MUR1.0_MUF1.0_PDF13320,pdf,10,1.95,2.18,0.6013617515563965,0.6013559699058533,0.9999903857361593,-9.614263944968116e-06,9.614263944968116e-06,-0.0009614263944968116
Herwig_minus,25,MUR1.0_MUF1.0_PDF13320,pdf,11,2.18,2.5,0.6056520938873291,0.605657160282135,1.000008365189945,8.365190296899527e-06,8.365190296899527e-06,0.0008365190296899527
Herwig_minus,26,MUR1.0_MUF1.0_PDF13321,pdf,1,0.0,0.21,0.69124835729599,0.6912595629692078,1.000016210777356,1.6210777175729163e-05,1.6210777175729163e-05,0.0016210777175729163
Herwig_minus,26,MUR1.0_MUF1.0_PDF13321,pdf,2,0.21,0.42,0.6720393300056458,0.672046959400177,1.0000113526012402,1.1352601177350152e-05,1.1352601177350152e-05,0.0011352601177350152
Herwig_minus,26,MUR1.0_MUF1.0_PDF13321,pdf,3,0.42,0.63,0.6428124904632568,0.6428120732307434,0.9999993509265616,-6.490734563158185e-07,6.490734563158185e-07,-6.490734563158185e-05
Herwig_minus,26,MUR1.0_MUF1.0_PDF13321,pdf,4,0.63,0.84,0.6500856876373291,0.650073766708374,0.9999816625266764,-1.833747410273645e-05,1.833747410273645e-05,-0.001833747410273645
Herwig_minus,26,MUR1.0_MUF1.0_PDF13321,pdf,5,0.84,1.05,0.6886215806007385,0.6886093616485596,0.9999822559261528,-1.7744074284564704e-05,1.7744074284564704e-05,-0.0017744074284564704
Herwig_minus,26,MUR1.0_MUF1.0_PDF13321,pdf,6,1.05,1.37,0.6677588224411011,0.6677606701850891,1.0000027670828537,2.7670828330883523e-06,2.7670828330883523e-06,0.00027670828330883523
Herwig_minus,26,MUR1.0_MUF1.0_PDF13321,pdf,7,1.37,1.52,0.6296678781509399,0.6296177506446838,0.9999203905614443,-7.960943912621588e-05,7.960943912621588e-05,-0.007960943912621588
Herwig_minus,26,MUR1.0_MUF1.0_PDF13321,pdf,8,1.52,1.74,0.6480627655982971,0.6480712294578552,1.000013060246642,1.306024660152616e-05,1.306024660152616e-05,0.001306024660152616
Herwig_minus,26,MUR1.0_MUF1.0_PDF13321,pdf,9,1.74,1.95,0.6190352439880371,0.6190345883369446,0.9999989408501392,-1.0591498948997469e-06,1.0591498948997469e-06,-0.00010591498948997469
Herwig_minus,26,MUR1.0_MUF1.0_PDF13321,pdf,10,1.95,2.18,0.6013617515563965,0.6013554930686951,0.9999895928071827,-1.0407193258288316e-05,1.0407193258288316e-05,-0.0010407193258288316
Herwig_minus,26,MUR1.0_MUF1.0_PDF13321,pdf,11,2.18,2.5,0.6056520938873291,0.6056575775146484,1.0000090540879405,9.054087968252134e-06,9.054087968252134e-06,0.0009054087968252134
Herwig_minus,27,MUR1.0_MUF1.0_PDF13322,pdf,1,0.0,0.21,0.69124835729599,0.6912596225738525,1.0000162970048951,1.629700454941485e-05,1.629700454941485e-05,0.001629700454941485
Herwig_minus,27,MUR1.0_MUF1.0_PDF13322,pdf,2,0.21,0.42,0.6720393300056458,0.6720464825630188,1.0000106430636626,1.0643063433235511e-05,1.0643063433235511e-05,0.0010643063433235511
Herwig_minus,27,MUR1.0_MUF1.0_PDF13322,pdf,3,0.42,0.63,0.6428124904632568,0.6428101658821106,0.9999963837337004,-3.6162662127026124e-06,3.6162662127026124e-06,-0.00036162662127026124
Herwig_minus,27,MUR1.0_MUF1.0_PDF13322,pdf,4,0.63,0.84,0.6500856876373291,0.6500727534294128,0.999980103841444,-1.989615884667728e-05,1.989615884667728e-05,-0.001989615884667728
Herwig_minus,27,MUR1.0_MUF1.0_PDF13322,pdf,5,0.84,1.05,0.6886215806007385,0.6886083483695984,0.9999807844663704,-1.92155330296373e-05,1.92155330296373e-05,-0.00192155330296373
Herwig_minus,27,MUR1.0_MUF1.0_PDF13322,pdf,6,1.05,1.37,0.6677588224411011,0.6677625775337219,1.0000056234264447,5.623426659440156e-06,5.623426659440156e-06,0.0005623426659440156
Herwig_minus,27,MUR1.0_MUF1.0_PDF13322,pdf,7,1.37,1.52,0.6296678781509399,0.6296150088310242,0.9999160361807387,-8.39638159959577e-05,8.39638159959577e-05,-0.00839638159959577
Herwig_minus,27,MUR1.0_MUF1.0_PDF13322,pdf,8,1.52,1.74,0.6480627655982971,0.6480709910392761,1.0000126923523702,1.2692352356680203e-05,1.2692352356680203e-05,0.0012692352356680203
Herwig_minus,27,MUR1.0_MUF1.0_PDF13322,pdf,9,1.74,1.95,0.6190352439880371,0.6190358996391296,1.000001059149861,1.0591498948997469e-06,1.0591498948997469e-06,0.00010591498948997469
Herwig_minus,27,MUR1.0_MUF1.0_PDF13322,pdf,10,1.95,2.18,0.6013617515563965,0.6013556718826294,0.9999898901555488,-1.0109844879480079e-05,1.0109844879480079e-05,-0.0010109844879480079
Herwig_minus,27,MUR1.0_MUF1.0_PDF13322,pdf,11,2.18,2.5,0.6056520938873291,0.6056585311889648,1.00001062871193,1.0628711606841534e-05,1.0628711606841534e-05,0.0010628711606841534
Herwig_minus,28,MUR1.0_MUF1.0_PDF13323,pdf,1,0.0,0.21,0.69124835729599,0.6912595629692078,1.000016210777356,1.6210777175729163e-05,1.6210777175729163e-05,0.0016210777175729163
Herwig_minus,28,MUR1.0_MUF1.0_PDF13323,pdf,2,0.21,0.42,0.6720393300056458,0.6720460057258606,1.000009933526085,9.93352568912087e-06,9.93352568912087e-06,0.000993352568912087
Herwig_minus,28,MUR1.0_MUF1.0_PDF13323,pdf,3,0.42,0.63,0.6428124904632568,0.6428099274635315,0.9999960128345927,-3.987165200669551e-06,3.987165200669551e-06,-0.0003987165200669551
Herwig_minus,28,MUR1.0_MUF1.0_PDF13323,pdf,4,0.63,0.84,0.6500856876373291,0.6500725746154785,0.9999798287793441,-2.0171220967313275e-05,2.0171220967313275e-05,-0.0020171220967313275
Herwig_minus,28,MUR1.0_MUF1.0_PDF13323,pdf,5,0.84,1.05,0.6886215806007385,0.6886075735092163,0.999979659232419,-2.034076715062838e-05,2.034076715062838e-05,-0.002034076715062838
Herwig_minus,28,MUR1.0_MUF1.0_PDF13323,pdf,6,1.05,1.37,0.6677588224411011,0.6677612662315369,1.000003659690226,3.6596902646124363e-06,3.6596902646124363e-06,0.00036596902646124363
Herwig_minus,28,MUR1.0_MUF1.0_PDF13323,pdf,7,1.37,1.52,0.6296678781509399,0.6296130418777466,0.9999129123858844,-8.70876174303703e-05,8.70876174303703e-05,-0.00870876174303703
Herwig_minus,28,MUR1.0_MUF1.0_PDF13323,pdf,8,1.52,1.74,0.6480627655982971,0.6480692028999329,1.0000099331453332,9.933145520335529e-06,9.933145520335529e-06,0.000993314552033553
Herwig_minus,28,MUR1.0_MUF1.0_PDF13323,pdf,9,1.74,1.95,0.6190352439880371,0.619036078453064,1.0000013480089138,1.3480089364747982e-06,1.3480089364747982e-06,0.00013480089364747982
Herwig_minus,28,MUR1.0_MUF1.0_PDF13323,pdf,10,1.95,2.18,0.6013617515563965,0.601355254650116,0.9999891963426943,-1.0803657460201066e-05,1.0803657460201066e-05,-0.0010803657460201066
Herwig_minus,28,MUR1.0_MUF1.0_PDF13323,pdf,11,2.18,2.5,0.6056520938873291,0.6056588888168335,1.000011219195926,1.1219195584999397e-05,1.1219195584999397e-05,0.0011219195584999397
Herwig_minus,29,MUR1.0_MUF1.0_PDF13324,pdf,1,0.0,0.21,0.69124835729599,0.6912596225738525,1.0000162970048951,1.629700454941485e-05,1.629700454941485e-05,0.001629700454941485
Herwig_minus,29,MUR1.0_MUF1.0_PDF13324,pdf,2,0.21,0.42,0.6720393300056458,0.6720465421676636,1.0000107317558597,1.0731755537563004e-05,1.0731755537563004e-05,0.0010731755537563004
Herwig_minus,29,MUR1.0_MUF1.0_PDF13324,pdf,3,0.42,0.63,0.6428124904632568,0.6428099870681763,0.9999961055593697,-3.8944408515817486e-06,3.8944408515817486e-06,-0.00038944408515817486
Herwig_minus,29,MUR1.0_MUF1.0_PDF13324,pdf,4,0.63,0.84,0.6500856876373291,0.6500715017318726,0.999978178406745,-2.1821593691129237e-05,2.1821593691129237e-05,-0.0021821593691129237
Herwig_minus,29,MUR1.0_MUF1.0_PDF13324,pdf,5,0.84,1.05,0.6886215806007385,0.6886053085327148,0.999976370087023,-2.3629912902833894e-05,2.3629912902833894e-05,-0.0023629912902833894
Herwig_minus,29,MUR1.0_MUF1.0_PDF13324,pdf,6,1.05,1.37,0.6677588224411011,0.6677597761154175,1.0000014281717955,1.4281717994890641e-06,1.4281717994890641e-06,0.00014281717994890641
Herwig_minus,29,MUR1.0_MUF1.0_PDF13324,pdf,7,1.37,1.52,0.6296678781509399,0.6296094059944153,0.9999071380984268,-9.286190470447764e-05,9.286190470447764e-05,-0.009286190470447764
Herwig_minus,29,MUR1.0_MUF1.0_PDF13324,pdf,8,1.52,1.74,0.6480627655982971,0.6480711102485657,1.000012876299506,1.2876299479103182e-05,1.2876299479103182e-05,0.0012876299479103182
Herwig_minus,29,MUR1.0_MUF1.0_PDF13324,pdf,9,1.74,1.95,0.6190352439880371,0.6190356612205505,1.000000674004457,6.740044682373991e-07,6.740044682373991e-07,6.740044682373991e-05
Herwig_minus,29,MUR1.0_MUF1.0_PDF13324,pdf,10,1.95,2.18,0.6013617515563965,0.6013556122779846,0.9999897910394268,-1.020896070258459e-05,1.020896070258459e-05,-0.001020896070258459
Herwig_minus,29,MUR1.0_MUF1.0_PDF13324,pdf,11,2.18,2.5,0.6056520938873291,0.6056584715843201,1.0000105302979307,1.0530297913646791e-05,1.0530297913646791e-05,0.0010530297913646791
Herwig_minus,30,MUR1.0_MUF1.0_PDF13325,pdf,1,0.0,0.21,0.69124835729599,0.6912602186203003,1.0000171592802862,1.7159280105261132e-05,1.7159280105261132e-05,0.0017159280105261132
Herwig_minus,30,MUR1.0_MUF1.0_PDF13325,pdf,2,0.21,0.42,0.6720393300056458,0.6720452904701233,1.0000088692197189,8.86921952769626e-06,8.86921952769626e-06,0.0008869219527696259
Herwig_minus,30,MUR1.0_MUF1.0_PDF13325,pdf,3,0.42,0.63,0.6428124904632568,0.6428083777427673,0.999993601990393,-6.3980096456361935e-06,6.3980096456361935e-06,-0.0006398009645636193
Herwig_minus,30,MUR1.0_MUF1.0_PDF13325,pdf,4,0.63,0.84,0.6500856876373291,0.6500703692436218,0.9999764363467792,-2.356365257583093e-05,2.356365257583093e-05,-0.002356365257583093
Herwig_minus,30,MUR1.0_MUF1.0_PDF13325,pdf,5,0.84,1.05,0.6886215806007385,0.6886054277420044,0.9999765431999386,-2.3456799681298435e-05,2.3456799681298435e-05,-0.0023456799681298435
Herwig_minus,30,MUR1.0_MUF1.0_PDF13325,pdf,6,1.05,1.37,0.6677588224411011,0.6677591800689697,1.0000005355644233,5.355644248083991e-07,5.355644248083991e-07,5.3556442480839905e-05
Herwig_minus,30,MUR1.0_MUF1.0_PDF13325,pdf,7,1.37,1.52,0.6296678781509399,0.629608154296875,0.9999051502289742,-9.484976908424869e-05,9.484976908424869e-05,-0.00948497690842487
Herwig_minus,30,MUR1.0_MUF1.0_PDF13325,pdf,8,1.52,1.74,0.6480627655982971,0.6480703353881836,1.0000116806431234,1.1680643183353823e-05,1.1680643183353823e-05,0.0011680643183353823
Herwig_minus,30,MUR1.0_MUF1.0_PDF13325,pdf,9,1.74,1.95,0.6190352439880371,0.619035005569458,0.9999996148545961,-3.851453982406383e-07,3.851453982406383e-07,-3.851453982406383e-05
Herwig_minus,30,MUR1.0_MUF1.0_PDF13325,pdf,10,1.95,2.18,0.6013617515563965,0.6013551354408264,0.9999889981104503,-1.100188910641009e-05,1.100188910641009e-05,-0.001100188910641009
Herwig_minus,30,MUR1.0_MUF1.0_PDF13325,pdf,11,2.18,2.5,0.6056520938873291,0.6056605577468872,1.000013974787908,1.3974788089399226e-05,1.3974788089399226e-05,0.0013974788089399226
Herwig_minus,31,MUR1.0_MUF1.0_PDF13326,pdf,1,0.0,0.21,0.69124835729599,0.6912586092948914,1.0000148311367298,1.4831136468274053e-05,1.4831136468274053e-05,0.0014831136468274053
Herwig_minus,31,MUR1.0_MUF1.0_PDF13326,pdf,2,0.21,0.42,0.6720393300056458,0.6720448732376099,1.0000082483743384,8.24837388790911e-06,8.24837388790911e-06,0.0008248373887909111
Herwig_minus,31,MUR1.0_MUF1.0_PDF13326,pdf,3,0.42,0.63,0.6428124904632568,0.6428085565567017,0.9999938801647237,-6.119835234130733e-06,6.119835234130733e-06,-0.0006119835234130733
Herwig_minus,31,MUR1.0_MUF1.0_PDF13326,pdf,4,0.63,0.84,0.6500856876373291,0.6500691771507263,0.9999746025994468,-2.5397401259397157e-05,2.5397401259397157e-05,-0.0025397401259397157
Herwig_minus,31,MUR1.0_MUF1.0_PDF13326,pdf,5,0.84,1.05,0.6886215806007385,0.6886042952537537,0.9999748986272405,-2.5101373466895893e-05,2.5101373466895893e-05,-0.0025101373466895893
Herwig_minus,31,MUR1.0_MUF1.0_PDF13326,pdf,6,1.05,1.37,0.6677588224411011,0.6677582263946533,0.9999991073926278,-8.926073746806651e-07,8.926073746806651e-07,-8.926073746806651e-05
Herwig_minus,31,MUR1.0_MUF1.0_PDF13326,pdf,7,1.37,1.52,0.6296678781509399,0.6296056509017944,0.9999011744900689,-9.882551239570603e-05,9.882551239570603e-05,-0.009882551239570603
Herwig_minus,31,MUR1.0_MUF1.0_PDF13326,pdf,8,1.52,1.74,0.6480627655982971,0.6480721235275269,1.0000144398501603,1.4439850019698497e-05,1.4439850019698497e-05,0.0014439850019698497
Herwig_minus,31,MUR1.0_MUF1.0_PDF13326,pdf,9,1.74,1.95,0.6190352439880371,0.6190364956855774,1.0000020220133707,2.0220134047121974e-06,2.0220134047121974e-06,0.00020220134047121974
Herwig_minus,31,MUR1.0_MUF1.0_PDF13326,pdf,10,1.95,2.18,0.6013617515563965,0.6013549566268921,0.999988700762084,-1.1299237485218327e-05,1.1299237485218327e-05,-0.0011299237485218327
Herwig_minus,31,MUR1.0_MUF1.0_PDF13326,pdf,11,2.18,2.5,0.6056520938873291,0.6056601405143738,1.0000132858899125,1.3285889508551918e-05,1.3285889508551918e-05,0.0013285889508551918
Herwig_minus,32,MUR1.0_MUF1.0_PDF13327,pdf,1,0.0,0.21,0.69124835729599,0.6912574172019958,1.0000131065859474,1.3106586266076192e-05,1.3106586266076192e-05,0.0013106586266076192
Herwig_minus,32,MUR1.0_MUF1.0_PDF13327,pdf,2,0.21,0.42,0.6720393300056458,0.6720438003540039,1.0000066519147892,6.6519146457721945e-06,6.6519146457721945e-06,0.0006651914645772194
Herwig_minus,32,MUR1.0_MUF1.0_PDF13327,pdf,3,0.42,0.63,0.6428124904632568,0.6428066492080688,0.9999909129718625,-9.087028047360945e-06,9.087028047360945e-06,-0.0009087028047360945
Herwig_minus,32,MUR1.0_MUF1.0_PDF13327,pdf,4,0.63,0.84,0.6500856876373291,0.6500676274299622,0.9999722187279148,-2.7781272365245968e-05,2.7781272365245968e-05,-0.002778127236524597
Herwig_minus,32,MUR1.0_MUF1.0_PDF13327,pdf,5,0.84,1.05,0.6886215806007385,0.6886025071144104,0.9999723019335068,-2.769806633295957e-05,2.769806633295957e-05,-0.002769806633295957
Herwig_minus,32,MUR1.0_MUF1.0_PDF13327,pdf,6,1.05,1.37,0.6677588224411011,0.6677592992782593,1.0000007140858977,7.140858997445321e-07,7.140858997445321e-07,7.140858997445321e-05
Herwig_minus,32,MUR1.0_MUF1.0_PDF13327,pdf,7,1.37,1.52,0.6296678781509399,0.6296035647392273,0.9998978613743145,-0.00010213862697128206,0.00010213862697128206,-0.010213862697128206
Herwig_minus,32,MUR1.0_MUF1.0_PDF13327,pdf,8,1.52,1.74,0.6480627655982971,0.6480713486671448,1.0000132441937777,1.3244193723949138e-05,1.3244193723949138e-05,0.0013244193723949138
Herwig_minus,32,MUR1.0_MUF1.0_PDF13327,pdf,9,1.74,1.95,0.6190352439880371,0.6190367937088013,1.0000025034451256,2.5034451027750038e-06,2.5034451027750038e-06,0.0002503445102775004
Herwig_minus,32,MUR1.0_MUF1.0_PDF13327,pdf,10,1.95,2.18,0.6013617515563965,0.6013553142547607,0.9999892954588164,-1.0704541637096554e-05,1.0704541637096554e-05,-0.0010704541637096554
Herwig_minus,32,MUR1.0_MUF1.0_PDF13327,pdf,11,2.18,2.5,0.6056520938873291,0.6056619882583618,1.0000163367238923,1.6336724002030678e-05,1.6336724002030678e-05,0.0016336724002030678
Herwig_minus,33,MUR1.0_MUF1.0_PDF13328,pdf,1,0.0,0.21,0.69124835729599,0.6912590265274048,1.0000154347295038,1.543472899356857e-05,1.543472899356857e-05,0.001543472899356857
Herwig_minus,33,MUR1.0_MUF1.0_PDF13328,pdf,2,0.21,0.42,0.6720393300056458,0.67204350233078,1.0000062084538033,6.2084536693873815e-06,6.2084536693873815e-06,0.0006208453669387382
Herwig_minus,33,MUR1.0_MUF1.0_PDF13328,pdf,3,0.42,0.63,0.6428124904632568,0.64280766248703,0.99999248929307,-7.5107068369106855e-06,7.5107068369106855e-06,-0.0007510706836910686
Herwig_minus,33,MUR1.0_MUF1.0_PDF13328,pdf,4,0.63,0.84,0.6500856876373291,0.6500687599182129,0.9999739607878806,-2.6039211661554873e-05,2.6039211661554873e-05,-0.0026039211661554873
Herwig_minus,33,MUR1.0_MUF1.0_PDF13328,pdf,5,0.84,1.05,0.6886215806007385,0.6886020302772522,0.9999716094818445,-2.8390517400112003e-05,2.8390517400112003e-05,-0.0028390517400112003
Herwig_minus,33,MUR1.0_MUF1.0_PDF13328,pdf,6,1.05,1.37,0.6677588224411011,0.667759120464325,1.000000446303686,4.4630368734033254e-07,4.4630368734033254e-07,4.4630368734033254e-05
Herwig_minus,33,MUR1.0_MUF1.0_PDF13328,pdf,7,1.37,1.52,0.6296678781509399,0.6296020746231079,0.9998954948630614,-0.00010450513946125284,0.00010450513946125284,-0.010450513946125284
Herwig_minus,33,MUR1.0_MUF1.0_PDF13328,pdf,8,1.52,1.74,0.6480627655982971,0.6480715274810791,1.0000135201144813,1.3520114407583605e-05,1.3520114407583605e-05,0.0013520114407583605
Herwig_minus,33,MUR1.0_MUF1.0_PDF13328,pdf,9,1.74,1.95,0.6190352439880371,0.6190366148948669,1.0000022145860727,2.21458617488679e-06,2.21458617488679e-06,0.000221458617488679
Herwig_minus,33,MUR1.0_MUF1.0_PDF13328,pdf,10,1.95,2.18,0.6013617515563965,0.6013544201850891,0.9999878087169854,-1.219128262164304e-05,1.219128262164304e-05,-0.001219128262164304
Herwig_minus,33,MUR1.0_MUF1.0_PDF13328,pdf,11,2.18,2.5,0.6056520938873291,0.6056607961654663,1.0000143684439053,1.43684437716729e-05,1.43684437716729e-05,0.00143684437716729
Herwig_minus,34,MUR1.0_MUF1.0_PDF13329,pdf,1,0.0,0.21,0.69124835729599,0.6912588477134705,1.0000151760468865,1.5176046872511506e-05,1.5176046872511506e-05,0.0015176046872511506
Herwig_minus,34,MUR1.0_MUF1.0_PDF13329,pdf,2,0.21,0.42,0.6720393300056458,0.672044575214386,1.0000078049133525,7.804913366271649e-06,7.804913366271649e-06,0.0007804913366271649
Herwig_minus,34,MUR1.0_MUF1.0_PDF13329,pdf,3,0.42,0.63,0.6428124904632568,0.6428077816963196,0.9999926747426239,-7.325257229240378e-06,7.325257229240378e-06,-0.0007325257229240378
Herwig_minus,34,MUR1.0_MUF1.0_PDF13329,pdf,4,0.63,0.84,0.6500856876373291,0.6500663161277771,0.9999702016058493,-2.9798393370583653e-05,2.9798393370583653e-05,-0.0029798393370583653
Herwig_minus,34,MUR1.0_MUF1.0_PDF13329,pdf,5,0.84,1.05,0.6886215806007385,0.6886011958122253,0.9999703976914354,-2.9602308131870814e-05,2.9602308131870814e-05,-0.0029602308131870814
Herwig_minus,34,MUR1.0_MUF1.0_PDF13329,pdf,6,1.05,1.37,0.6677588224411011,0.6677581667900085,0.9999990181318906,-9.818680837270222e-07,9.818680837270222e-07,-9.818680837270222e-05
Herwig_minus,34,MUR1.0_MUF1.0_PDF13329,pdf,7,1.37,1.52,0.6296678781509399,0.6295986175537109,0.9998900045569541,-0.0001099954461096786,0.0001099954461096786,-0.01099954461096786
Herwig_minus,34,MUR1.0_MUF1.0_PDF13329,pdf,8,1.52,1.74,0.6480627655982971,0.6480711102485657,1.000012876299506,1.2876299479103182e-05,1.2876299479103182e-05,0.0012876299479103182
Herwig_minus,34,MUR1.0_MUF1.0_PDF13329,pdf,9,1.74,1.95,0.6190352439880371,0.6190361976623535,1.0000015405816158,1.5405815929625533e-06,1.5405815929625533e-06,0.00015405815929625533
Herwig_minus,34,MUR1.0_MUF1.0_PDF13329,pdf,10,1.95,2.18,0.6013617515563965,0.6013546586036682,0.9999882051814737,-1.179481841973029e-05,1.179481841973029e-05,-0.001179481841973029
Herwig_minus,34,MUR1.0_MUF1.0_PDF13329,pdf,11,2.18,2.5,0.6056520938873291,0.605661153793335,1.0000149589279015,1.4958927749830764e-05,1.4958927749830764e-05,0.0014958927749830764
Herwig_minus,35,MUR1.0_MUF1.0_PDF13330,pdf,1,0.0,0.21,0.69124835729599,0.6912583112716675,1.0000143999990343,1.4399998690350913e-05,1.4399998690350913e-05,0.0014399998690350913
Herwig_minus,35,MUR1.0_MUF1.0_PDF13330,pdf,2,0.21,0.42,0.6720393300056458,0.6720453500747681,1.000008957911916,8.957911632023752e-06,8.957911632023752e-06,0.0008957911632023752
Herwig_minus,35,MUR1.0_MUF1.0_PDF13330,pdf,3,0.42,0.63,0.6428124904632568,0.6428062319755554,0.999990263898424,-9.73610167420702e-06,9.73610167420702e-06,-0.0009736101674207021
Herwig_minus,35,MUR1.0_MUF1.0_PDF13330,pdf,4,0.63,0.84,0.6500856876373291,0.6500652432441711,0.9999685512332501,-3.1448766094399616e-05,3.1448766094399616e-05,-0.0031448766094399616
Herwig_minus,35,MUR1.0_MUF1.0_PDF13330,pdf,5,0.84,1.05,0.6886215806007385,0.6885996460914612,0.9999681472235328,-3.185277819284238e-05,3.185277819284238e-05,-0.003185277819284238
Herwig_minus,35,MUR1.0_MUF1.0_PDF13330,pdf,6,1.05,1.37,0.6677588224411011,0.6677579879760742,0.9999987503496789,-1.2496502677095123e-06,1.2496502677095123e-06,-0.00012496502677095123
Herwig_minus,35,MUR1.0_MUF1.0_PDF13330,pdf,7,1.37,1.52,0.6296678781509399,0.6295961141586304,0.9998860288180488,-0.00011397118214517832,0.00011397118214517832,-0.011397118214517832
Herwig_minus,35,MUR1.0_MUF1.0_PDF13330,pdf,8,1.52,1.74,0.6480627655982971,0.6480726599693298,1.0000152676122716,1.52676129800966e-05,1.52676129800966e-05,0.00152676129800966
Herwig_minus,35,MUR1.0_MUF1.0_PDF13330,pdf,9,1.74,1.95,0.6190352439880371,0.6190360188484192,1.0000012517225627,1.2517225513875019e-06,1.2517225513875019e-06,0.0001251722551387502
Herwig_minus,35,MUR1.0_MUF1.0_PDF13330,pdf,10,1.95,2.18,0.6013617515563965,0.601354718208313,0.9999883042975958,-1.1695702596625779e-05,1.1695702596625779e-05,-0.0011695702596625779
Herwig_minus,35,MUR1.0_MUF1.0_PDF13330,pdf,11,2.18,2.5,0.6056520938873291,0.605661928653717,1.0000162383098932,1.6238309399341233e-05,1.6238309399341233e-05,0.0016238309399341233
Herwig_minus,36,MUR1.0_MUF1.0_PDF26100,pdf,1,0.0,0.21,0.69124835729599,0.6901349425315857,0.9983892695691029,-0.0016107304254546762,0.0016107304254546762,-0.16107304254546762
Herwig_minus,36,MUR1.0_MUF1.0_PDF26100,pdf,2,0.21,0.42,0.6720393300056458,0.6719819903373718,0.9999146781063045,-8.532189531251788e-05,8.532189531251788e-05,-0.008532189531251788
Herwig_minus,36,MUR1.0_MUF1.0_PDF26100,pdf,3,0.42,0.63,0.6428124904632568,0.6428810358047485,1.0001066334934505,0.00010663349530659616,0.00010663349530659616,0.010663349530659616
Herwig_minus,36,MUR1.0_MUF1.0_PDF26100,pdf,4,0.63,0.84,0.6500856876373291,0.6502425074577332,1.0002412294615715,0.0002412294561509043,0.0002412294561509043,0.02412294561509043
Herwig_minus,36,MUR1.0_MUF1.0_PDF26100,pdf,5,0.84,1.05,0.6886215806007385,0.6886206269264221,0.9999986150966753,-1.3849032711732434e-06,1.3849032711732434e-06,-0.00013849032711732434
Herwig_minus,36,MUR1.0_MUF1.0_PDF26100,pdf,6,1.05,1.37,0.6677588224411011,0.6679531931877136,1.0002910792640702,0.00029107925365678966,0.00029107925365678966,0.029107925365678966
Herwig_minus,36,MUR1.0_MUF1.0_PDF26100,pdf,7,1.37,1.52,0.6296678781509399,0.6325374841690063,1.0045573327108461,0.004557332489639521,0.004557332489639521,0.45573324896395206
Herwig_minus,36,MUR1.0_MUF1.0_PDF26100,pdf,8,1.52,1.74,0.6480627655982971,0.6483486890792847,1.0004411972052176,0.0004411972186062485,0.0004411972186062485,0.04411972186062485
Herwig_minus,36,MUR1.0_MUF1.0_PDF26100,pdf,9,1.74,1.95,0.6190352439880371,0.618912935256958,0.9998024204077766,-0.000197579589439556,0.000197579589439556,-0.0197579589439556
Herwig_minus,36,MUR1.0_MUF1.0_PDF26100,pdf,10,1.95,2.18,0.6013617515563965,0.6039904952049255,1.0043713183316456,0.0043713185004889965,0.0043713185004889965,0.43713185004889965
Herwig_minus,36,MUR1.0_MUF1.0_PDF26100,pdf,11,2.18,2.5,0.6056520938873291,0.6086534857749939,1.004955636937372,0.00495563680306077,0.00495563680306077,0.495563680306077
Herwig_minus,37,MUR1.0_MUF1.0_PDF26101,pdf,1,0.0,0.21,0.69124835729599,0.6901006102561951,0.9983396025065656,-0.0016603975091129541,0.0016603975091129541,-0.16603975091129541
Herwig_minus,37,MUR1.0_MUF1.0_PDF26101,pdf,2,0.21,0.42,0.6720393300056458,0.6719681620597839,0.9998941015165568,-0.00010589848534436896,0.00010589848534436896,-0.010589848534436896
Herwig_minus,37,MUR1.0_MUF1.0_PDF26101,pdf,3,0.42,0.63,0.6428124904632568,0.642856240272522,1.0000680599862546,6.805998418712988e-05,6.805998418712988e-05,0.0068059984187129885
Herwig_minus,37,MUR1.0_MUF1.0_PDF26101,pdf,4,0.63,0.84,0.6500856876373291,0.6502116918563843,1.00019382709303,0.00019382708705961704,0.00019382708705961704,0.019382708705961704
Herwig_minus,37,MUR1.0_MUF1.0_PDF26101,pdf,5,0.84,1.05,0.6886215806007385,0.6885907649993896,0.9999552503113219,-4.474968955037184e-05,4.474968955037184e-05,-0.004474968955037184
Herwig_minus,37,MUR1.0_MUF1.0_PDF26101,pdf,6,1.05,1.37,0.6677588224411011,0.6679540872573853,1.0002924181751285,0.0002924181753769517,0.0002924181753769517,0.02924181753769517
Herwig_minus,37,MUR1.0_MUF1.0_PDF26101,pdf,7,1.37,1.52,0.6296678781509399,0.6325523853302002,1.0045809978233775,0.004580997861921787,0.004580997861921787,0.4580997861921787
Herwig_minus,37,MUR1.0_MUF1.0_PDF26101,pdf,8,1.52,1.74,0.6480627655982971,0.6483836770057678,1.000495185689575,0.0004951856681145728,0.0004951856681145728,0.049518566811457276
Herwig_minus,37,MUR1.0_MUF1.0_PDF26101,pdf,9,1.74,1.95,0.6190352439880371,0.6189395189285278,0.9998453641203163,-0.00015463588351849467,0.00015463588351849467,-0.015463588351849467
Herwig_minus,37,MUR1.0_MUF1.0_PDF26101,pdf,10,1.95,2.18,0.6013617515563965,0.604094922542572,1.004544969777512,0.0045449696481227875,0.0045449696481227875,0.45449696481227875
Herwig_minus,37,MUR1.0_MUF1.0_PDF26101,pdf,11,2.18,2.5,0.6056520938873291,0.6088024377822876,1.0052015735217528,0.005201573483645916,0.005201573483645916,0.5201573483645916
Herwig_minus,38,MUR1.0_MUF1.0_PDF26102,pdf,1,0.0,0.21,0.69124835729599,0.6901687383651733,0.998438160583788,-0.0015618393663316965,0.0015618393663316965,-0.15618393663316965
Herwig_minus,38,MUR1.0_MUF1.0_PDF26102,pdf,2,0.21,0.42,0.6720393300056458,0.6719974279403687,0.9999376493853763,-6.235061300685629e-05,6.235061300685629e-05,-0.006235061300685629
Herwig_minus,38,MUR1.0_MUF1.0_PDF26102,pdf,3,0.42,0.63,0.6428124904632568,0.6429044008255005,1.0001429816060006,0.00014298160385806113,0.00014298160385806113,0.014298160385806113
Herwig_minus,38,MUR1.0_MUF1.0_PDF26102,pdf,4,0.63,0.84,0.6500856876373291,0.6502726078033447,1.0002875315817135,0.0002875315840356052,0.0002875315840356052,0.02875315840356052
Herwig_minus,38,MUR1.0_MUF1.0_PDF26102,pdf,5,0.84,1.05,0.6886215806007385,0.6886525750160217,1.0000450093580515,4.5009357563685626e-05,4.5009357563685626e-05,0.004500935756368563
Herwig_minus,38,MUR1.0_MUF1.0_PDF26102,pdf,6,1.05,1.37,0.6677588224411011,0.6679552793502808,1.000294203389873,0.00029420340433716774,0.00029420340433716774,0.029420340433716774
Herwig_minus,38,MUR1.0_MUF1.0_PDF26102,pdf,7,1.37,1.52,0.6296678781509399,0.6325258612632751,1.0045388739230716,0.004538874141871929,0.004538874141871929,0.4538874141871929
Herwig_minus,38,MUR1.0_MUF1.0_PDF26102,pdf,8,1.52,1.74,0.6480627655982971,0.6483155488967896,1.000390059901465,0.0003900598967447877,0.0003900598967447877,0.03900598967447877
Herwig_minus,38,MUR1.0_MUF1.0_PDF26102,pdf,9,1.74,1.95,0.6190352439880371,0.6188859939575195,0.9997588989771309,-0.00024110102094709873,0.00024110102094709873,-0.024110102094709873
Herwig_minus,38,MUR1.0_MUF1.0_PDF26102,pdf,10,1.95,2.18,0.6013617515563965,0.6038821935653687,1.0041912243378448,0.004191224463284016,0.004191224463284016,0.41912244632840157
Herwig_minus,38,MUR1.0_MUF1.0_PDF26102,pdf,11,2.18,2.5,0.6056520938873291,0.6084970235824585,1.0046973001890729,0.004697300028055906,0.004697300028055906,0.46973000280559063
Herwig_minus,39,MUR1.0_MUF1.0_PDF26103,pdf,1,0.0,0.21,0.69124835729599,0.6900880336761475,0.9983214084958097,-0.0016785914776846766,0.0016785914776846766,-0.16785914776846766
Herwig_minus,39,MUR1.0_MUF1.0_PDF26103,pdf,2,0.21,0.42,0.6720393300056458,0.6719692945480347,0.9998957866683034,-0.0001042133299051784,0.0001042133299051784,-0.01042133299051784
Herwig_minus,39,MUR1.0_MUF1.0_PDF26103,pdf,3,0.42,0.63,0.6428124904632568,0.6428355574607849,1.0000358844886654,3.5884488170268014e-05,3.5884488170268014e-05,0.0035884488170268014
Herwig_minus,39,MUR1.0_MUF1.0_PDF26103,pdf,4,0.63,0.84,0.6500856876373291,0.6501618027687073,1.000117084767171,0.0001170847681351006,0.0001170847681351006,0.01170847681351006
Herwig_minus,39,MUR1.0_MUF1.0_PDF26103,pdf,5,0.84,1.05,0.6886215806007385,0.6885167956352234,0.999847833747203,-0.00015216624888125807,0.00015216624888125807,-0.015216624888125807
Herwig_minus,39,MUR1.0_MUF1.0_PDF26103,pdf,6,1.05,1.37,0.6677588224411011,0.6679168343544006,1.0002366302143668,0.00023663022147957236,0.00023663022147957236,0.023663022147957236
Herwig_minus,39,MUR1.0_MUF1.0_PDF26103,pdf,7,1.37,1.52,0.6296678781509399,0.6325106024742126,1.0045146408478396,0.004514640662819147,0.004514640662819147,0.4514640662819147
Herwig_minus,39,MUR1.0_MUF1.0_PDF26103,pdf,8,1.52,1.74,0.6480627655982971,0.6483864784240723,1.0004995084472663,0.0004995084600523114,0.0004995084600523114,0.04995084600523114
Herwig_minus,39,MUR1.0_MUF1.0_PDF26103,pdf,9,1.74,1.95,0.6190352439880371,0.6189310550689697,0.9998316914584763,-0.00016830854292493314,0.00016830854292493314,-0.016830854292493314
Herwig_minus,39,MUR1.0_MUF1.0_PDF26103,pdf,10,1.95,2.18,0.6013617515563965,0.6041977405548096,1.0047159450880825,0.004715945105999708,0.004715945105999708,0.4715945105999708
Herwig_minus,39,MUR1.0_MUF1.0_PDF26103,pdf,11,2.18,2.5,0.6056520938873291,0.6089439988136292,1.005435306770214,0.005435306578874588,0.005435306578874588,0.5435306578874588
Herwig_minus,40,MUR1.0_MUF1.0_PDF26104,pdf,1,0.0,0.21,0.69124835729599,0.6901602149009705,0.9984258300456929,-0.0015741699608042836,0.0015741699608042836,-0.15741699608042836
Herwig_minus,40,MUR1.0_MUF1.0_PDF26104,pdf,2,0.21,0.42,0.6720393300056458,0.671990156173706,0.9999268289373193,-7.317106064874679e-05,7.317106064874679e-05,-0.007317106064874679
Herwig_minus,40,MUR1.0_MUF1.0_PDF26104,pdf,3,0.42,0.63,0.6428124904632568,0.6429038643836975,1.0001421470830083,0.00014214708062354475,0.00014214708062354475,0.014214708062354475
Herwig_minus,40,MUR1.0_MUF1.0_PDF26104,pdf,4,0.63,0.84,0.6500856876373291,0.6502856016159058,1.000307519427636,0.0003075194254051894,0.0003075194254051894,0.03075194254051894
Herwig_minus,40,MUR1.0_MUF1.0_PDF26104,pdf,5,0.84,1.05,0.6886215806007385,0.6886784434318542,1.000082574860733,8.257485751528293e-05,8.257485751528293e-05,0.008257485751528293
Herwig_minus,40,MUR1.0_MUF1.0_PDF26104,pdf,6,1.05,1.37,0.6677588224411011,0.6679744720458984,1.0003229453472573,0.0003229453577660024,0.0003229453577660024,0.03229453577660024
Herwig_minus,40,MUR1.0_MUF1.0_PDF26104,pdf,7,1.37,1.52,0.6296678781509399,0.6325545907020569,1.0045845002600322,0.004584500100463629,0.004584500100463629,0.4584500100463629
Herwig_minus,40,MUR1.0_MUF1.0_PDF26104,pdf,8,1.52,1.74,0.6480627655982971,0.6483283042907715,1.0004097422449958,0.00040974223520606756,0.00040974223520606756,0.040974223520606756
Herwig_minus,40,MUR1.0_MUF1.0_PDF26104,pdf,9,1.74,1.95,0.6190352439880371,0.6189027428627014,0.999785955441758,-0.00021404455765150487,0.00021404455765150487,-0.021404455765150487
Herwig_minus,40,MUR1.0_MUF1.0_PDF26104,pdf,10,1.95,2.18,0.6013617515563965,0.6038773655891418,1.0041831959319572,0.004183195997029543,0.004183195997029543,0.4183195997029543
Herwig_minus,40,MUR1.0_MUF1.0_PDF26104,pdf,11,2.18,2.5,0.6056520938873291,0.608494222164154,1.0046926747311034,0.0046926746144890785,0.0046926746144890785,0.46926746144890785
Herwig_minus,41,MUR1.0_MUF1.0_PDF26105,pdf,1,0.0,0.21,0.69124835729599,0.6900908946990967,0.9983255474176879,-0.0016744525637477636,0.0016744525637477636,-0.16744525637477636
Herwig_minus,41,MUR1.0_MUF1.0_PDF26105,pdf,2,0.21,0.42,0.6720393300056458,0.6719634532928467,0.9998870948329789,-0.00011290516704320908,0.00011290516704320908,-0.011290516704320908
Herwig_minus,41,MUR1.0_MUF1.0_PDF26105,pdf,3,0.42,0.63,0.6428124904632568,0.6428514122962952,1.0000605492793244,6.054927871446125e-05,6.054927871446125e-05,0.006054927871446125
Herwig_minus,41,MUR1.0_MUF1.0_PDF26105,pdf,4,0.63,0.84,0.6500856876373291,0.650179922580719,1.0001449577266228,0.0001449577248422429,0.0001449577248422429,0.01449577248422429
Herwig_minus,41,MUR1.0_MUF1.0_PDF26105,pdf,5,0.84,1.05,0.6886215806007385,0.6885498762130737,0.9998958725812772,-0.00010412741539767012,0.00010412741539767012,-0.010412741539767012
Herwig_minus,41,MUR1.0_MUF1.0_PDF26105,pdf,6,1.05,1.37,0.6677588224411011,0.6679150462150574,1.0002339523922503,0.00023395239259116352,0.00023395239259116352,0.02339523925911635
Herwig_minus,41,MUR1.0_MUF1.0_PDF26105,pdf,7,1.37,1.52,0.6296678781509399,0.6324999928474426,1.0044977912877173,0.004497791174799204,0.004497791174799204,0.4497791174799204
Herwig_minus,41,MUR1.0_MUF1.0_PDF26105,pdf,8,1.52,1.74,0.6480627655982971,0.6483312249183655,1.000414248949823,0.0004142489633522928,0.0004142489633522928,0.04142489633522928
Herwig_minus,41,MUR1.0_MUF1.0_PDF26105,pdf,9,1.74,1.95,0.6190352439880371,0.6188851594924927,0.9997575509682171,-0.0002424490376142785,0.0002424490376142785,-0.02424490376142785
Herwig_minus,41,MUR1.0_MUF1.0_PDF26105,pdf,10,1.95,2.18,0.6013617515563965,0.604015588760376,1.004413046219037,0.004413046408444643,0.004413046408444643,0.4413046408444643
Herwig_minus,41,MUR1.0_MUF1.0_PDF26105,pdf,11,2.18,2.5,0.6056520938873291,0.6086716055870056,1.0049855547931752,0.004985554609447718,0.004985554609447718,0.49855546094477177
Herwig_minus,42,MUR1.0_MUF1.0_PDF26106,pdf,1,0.0,0.21,0.69124835729599,0.6901979446411133,0.9984804120779603,-0.0015195879386737943,0.0015195879386737943,-0.15195879386737943
Herwig_minus,42,MUR1.0_MUF1.0_PDF26106,pdf,2,0.21,0.42,0.6720393300056458,0.6720075607299805,0.9999527270588985,-4.7272940719267353e-05,4.7272940719267353e-05,-0.004727294071926735
Herwig_minus,42,MUR1.0_MUF1.0_PDF26106,pdf,3,0.42,0.63,0.6428124904632568,0.6429213881492615,1.0001694081674208,0.0001694081729510799,0.0001694081729510799,0.01694081729510799
Herwig_minus,42,MUR1.0_MUF1.0_PDF26106,pdf,4,0.63,0.84,0.6500856876373291,0.6503269672393799,1.000371150460069,0.0003711504687089473,0.0003711504687089473,0.03711504687089473
Herwig_minus,42,MUR1.0_MUF1.0_PDF26106,pdf,5,0.84,1.05,0.6886215806007385,0.6887210607528687,1.0001444627280536,0.00014446272689383477,0.00014446272689383477,0.014446272689383477
Herwig_minus,42,MUR1.0_MUF1.0_PDF26106,pdf,6,1.05,1.37,0.6677588224411011,0.6680071353912354,1.0003718602312532,0.00037186022382229567,0.00037186022382229567,0.03718602238222957
Herwig_minus,42,MUR1.0_MUF1.0_PDF26106,pdf,7,1.37,1.52,0.6296678781509399,0.6325886845588684,1.004638646037504,0.004638646263629198,0.004638646263629198,0.4638646263629198
Herwig_minus,42,MUR1.0_MUF1.0_PDF26106,pdf,8,1.52,1.74,0.6480627655982971,0.6483756303787231,1.0004827692579086,0.00048276924644596875,0.00048276924644596875,0.048276924644596875
Herwig_minus,42,MUR1.0_MUF1.0_PDF26106,pdf,9,1.74,1.95,0.6190352439880371,0.6189503073692322,0.9998627919498448,-0.00013720804417971522,0.00013720804417971522,-0.013720804417971522
Herwig_minus,42,MUR1.0_MUF1.0_PDF26106,pdf,10,1.95,2.18,0.6013617515563965,0.6039572358131409,1.0043160115355307,0.004316011443734169,0.004316011443734169,0.4316011443734169
Herwig_minus,42,MUR1.0_MUF1.0_PDF26106,pdf,11,2.18,2.5,0.6056520938873291,0.6086276769638062,1.0049130236756527,0.0049130236729979515,0.0049130236729979515,0.49130236729979515
Herwig_minus,43,MUR1.0_MUF1.0_PDF26107,pdf,1,0.0,0.21,0.69124835729599,0.6901301741600037,0.9983823713659727,-0.0016176286153495312,0.0016176286153495312,-0.16176286153495312
Herwig_minus,43,MUR1.0_MUF1.0_PDF26107,pdf,2,0.21,0.42,0.6720393300056458,0.6719720363616943,0.999899866509374,-0.00010013348946813494,0.00010013348946813494,-0.010013348946813494
Herwig_minus,43,MUR1.0_MUF1.0_PDF26107,pdf,3,0.42,0.63,0.6428124904632568,0.642881453037262,1.0001072825668889,0.00010728256893344223,0.00010728256893344223,0.010728256893344223
Herwig_minus,43,MUR1.0_MUF1.0_PDF26107,pdf,4,0.63,0.84,0.6500856876373291,0.650255560874939,1.0002613089948607,0.00026130900369025767,0.00026130900369025767,0.026130900369025767
Herwig_minus,43,MUR1.0_MUF1.0_PDF26107,pdf,5,0.84,1.05,0.6886215806007385,0.6886528730392456,1.0000454421403404,4.544213879853487e-05,4.544213879853487e-05,0.004544213879853487
Herwig_minus,43,MUR1.0_MUF1.0_PDF26107,pdf,6,1.05,1.37,0.6677588224411011,0.6679688692092896,1.0003145548379588,0.0003145548398606479,0.0003145548398606479,0.03145548398606479
Herwig_minus,43,MUR1.0_MUF1.0_PDF26107,pdf,7,1.37,1.52,0.6296678781509399,0.6325258016586304,1.0045387792626217,0.004538779146969318,0.004538779146969318,0.45387791469693184
Herwig_minus,43,MUR1.0_MUF1.0_PDF26107,pdf,8,1.52,1.74,0.6480627655982971,0.6483562588691711,1.000452877848341,0.00045287783723324537,0.00045287783723324537,0.04528778372332454
Herwig_minus,43,MUR1.0_MUF1.0_PDF26107,pdf,9,1.74,1.95,0.6190352439880371,0.6189253926277161,0.9998225442551326,-0.00017745574587024748,0.00017745574587024748,-0.01774557458702475
Herwig_minus,43,MUR1.0_MUF1.0_PDF26107,pdf,10,1.95,2.18,0.6013617515563965,0.6039133071899414,1.0042429629535652,0.004242963157594204,0.004242963157594204,0.4242963157594204
Herwig_minus,43,MUR1.0_MUF1.0_PDF26107,pdf,11,2.18,2.5,0.6056520938873291,0.6085506081581116,1.0047857743744906,0.004785774275660515,0.004785774275660515,0.4785774275660515
Herwig_minus,44,MUR1.0_MUF1.0_PDF26108,pdf,1,0.0,0.21,0.69124835729599,0.6901370286941528,0.9983922875329724,-0.0016077124746516347,0.0016077124746516347,-0.16077124746516347
Herwig_minus,44,MUR1.0_MUF1.0_PDF26108,pdf,2,0.21,0.42,0.6720393300056458,0.6719915866851807,0.9999289575500518,-7.104245014488697e-05,7.104245014488697e-05,-0.007104245014488697
Herwig_minus,44,MUR1.0_MUF1.0_PDF26108,pdf,3,0.42,0.63,0.6428124904632568,0.6428797841072083,1.0001046862731353,0.00010468627442605793,0.00010468627442605793,0.010468627442605793
Herwig_minus,44,MUR1.0_MUF1.0_PDF26108,pdf,4,0.63,0.84,0.6500856876373291,0.6502274870872498,1.0002181242451837,0.00021812424529343843,0.00021812424529343843,0.021812424529343843
Herwig_minus,44,MUR1.0_MUF1.0_PDF26108,pdf,5,0.84,1.05,0.6886215806007385,0.6885921955108643,0.999957327666309,-4.267233452992514e-05,4.267233452992514e-05,-0.004267233452992514
Herwig_minus,44,MUR1.0_MUF1.0_PDF26108,pdf,6,1.05,1.37,0.6677588224411011,0.6679389476776123,1.0002697459478749,0.00026974594220519066,0.00026974594220519066,0.026974594220519066
Herwig_minus,44,MUR1.0_MUF1.0_PDF26108,pdf,7,1.37,1.52,0.6296678781509399,0.6325523257255554,1.0045809031629276,0.004580903332680464,0.004580903332680464,0.4580903332680464
Herwig_minus,44,MUR1.0_MUF1.0_PDF26108,pdf,8,1.52,1.74,0.6480627655982971,0.6483433842658997,1.0004330115576745,0.00043301156256347895,0.00043301156256347895,0.043301156256347895
Herwig_minus,44,MUR1.0_MUF1.0_PDF26108,pdf,9,1.74,1.95,0.6190352439880371,0.6189042329788208,0.9997883626005326,-0.00021163739438634366,0.00021163739438634366,-0.021163739438634366
Herwig_minus,44,MUR1.0_MUF1.0_PDF26108,pdf,10,1.95,2.18,0.6013617515563965,0.6040614247322083,1.0044892665169087,0.004489266313612461,0.004489266313612461,0.4489266313612461
Herwig_minus,44,MUR1.0_MUF1.0_PDF26108,pdf,11,2.18,2.5,0.6056520938873291,0.608747124671936,1.0051102453303542,0.005110245198011398,0.005110245198011398,0.5110245198011398
Herwig_minus,45,MUR1.0_MUF1.0_PDF26109,pdf,1,0.0,0.21,0.69124835729599,0.6901454329490662,0.9984044456159893,-0.001595554407685995,0.001595554407685995,-0.1595554407685995
Herwig_minus,45,MUR1.0_MUF1.0_PDF26109,pdf,2,0.21,0.42,0.6720393300056458,0.6719942688941956,0.9999329486989254,-6.705130363116041e-05,6.705130363116041e-05,-0.006705130363116041
Herwig_minus,45,MUR1.0_MUF1.0_PDF26109,pdf,3,0.42,0.63,0.6428124904632568,0.6428937911987305,1.0001264765957099,0.0001264765887754038,0.0001264765887754038,0.01264765887754038
Herwig_minus,45,MUR1.0_MUF1.0_PDF26109,pdf,4,0.63,0.84,0.6500856876373291,0.6502578258514404,1.000264793114792,0.00026479311054572463,0.00026479311054572463,0.026479311054572463
Herwig_minus,45,MUR1.0_MUF1.0_PDF26109,pdf,5,0.84,1.05,0.6886215806007385,0.6886309385299683,1.0000135893638733,1.3589364243671298e-05,1.3589364243671298e-05,0.0013589364243671298
Herwig_minus,45,MUR1.0_MUF1.0_PDF26109,pdf,6,1.05,1.37,0.6677588224411011,0.6679577827453613,1.000297952340836,0.0002979523269459605,0.0002979523269459605,0.029795232694596052
Herwig_minus,45,MUR1.0_MUF1.0_PDF26109,pdf,7,1.37,1.52,0.6296678781509399,0.6326100826263428,1.0046726291390993,0.004672629293054342,0.004672629293054342,0.4672629293054342
Herwig_minus,45,MUR1.0_MUF1.0_PDF26109,pdf,8,1.52,1.74,0.6480627655982971,0.6483414769172668,1.0004300684035017,0.0004300684086047113,0.0004300684086047113,0.04300684086047113
Herwig_minus,45,MUR1.0_MUF1.0_PDF26109,pdf,9,1.74,1.95,0.6190352439880371,0.6189215183258057,0.9998162856423185,-0.00018371436453890055,0.00018371436453890055,-0.018371436453890055
Herwig_minus,45,MUR1.0_MUF1.0_PDF26109,pdf,10,1.95,2.18,0.6013617515563965,0.6040976047515869,1.0045494300030051,0.004549430217593908,0.004549430217593908,0.45494302175939083
Herwig_minus,45,MUR1.0_MUF1.0_PDF26109,pdf,11,2.18,2.5,0.6056520938873291,0.6089162826538086,1.0053895442605152,0.005389544181525707,0.005389544181525707,0.5389544181525707
Herwig_minus,46,MUR1.0_MUF1.0_PDF26110,pdf,1,0.0,0.21,0.69124835729599,0.6901195049285889,0.9983669366364689,-0.0016330633079633117,0.0016330633079633117,-0.16330633079633117
Herwig_minus,46,MUR1.0_MUF1.0_PDF26110,pdf,2,0.21,0.42,0.6720393300056458,0.6719691753387451,0.999895609283909,-0.00010439071775181219,0.00010439071775181219,-0.010439071775181219
Herwig_minus,46,MUR1.0_MUF1.0_PDF26110,pdf,3,0.42,0.63,0.6428124904632568,0.6428670287132263,1.0000848431708758,8.484317368129268e-05,8.484317368129268e-05,0.008484317368129268
Herwig_minus,46,MUR1.0_MUF1.0_PDF26110,pdf,4,0.63,0.84,0.6500856876373291,0.6502240300178528,1.0002128063779199,0.00021280637884046882,0.00021280637884046882,0.021280637884046882
Herwig_minus,46,MUR1.0_MUF1.0_PDF26110,pdf,5,0.84,1.05,0.6886215806007385,0.6886109709739685,0.9999845929505131,-1.5407049431814812e-05,1.5407049431814812e-05,-0.0015407049431814812
Herwig_minus,46,MUR1.0_MUF1.0_PDF26110,pdf,6,1.05,1.37,0.6677588224411011,0.6679493188858032,1.000285277316151,0.0002852773177437484,0.0002852773177437484,0.028527731774374843
Herwig_minus,46,MUR1.0_MUF1.0_PDF26110,pdf,7,1.37,1.52,0.6296678781509399,0.6324638724327087,1.0044404270549412,0.004440426826477051,0.004440426826477051,0.4440426826477051
Herwig_minus,46,MUR1.0_MUF1.0_PDF26110,pdf,8,1.52,1.74,0.6480627655982971,0.6483579277992249,1.0004554531082421,0.0004554531187750399,0.0004554531187750399,0.04554531187750399
Herwig_minus,46,MUR1.0_MUF1.0_PDF26110,pdf,9,1.74,1.95,0.6190352439880371,0.6189028024673462,0.9997860517281089,-0.00021394826762843877,0.00021394826762843877,-0.021394826762843877
Herwig_minus,46,MUR1.0_MUF1.0_PDF26110,pdf,10,1.95,2.18,0.6013617515563965,0.6038826704025269,1.0041920172668215,0.004192017484456301,0.004192017484456301,0.4192017484456301
Herwig_minus,46,MUR1.0_MUF1.0_PDF26110,pdf,11,2.18,2.5,0.6056520938873291,0.6083822846412659,1.0045078532403202,0.0045078531838953495,0.0045078531838953495,0.45078531838953495
Herwig_minus,47,MUR1.0_MUF1.0_PDF26111,pdf,1,0.0,0.21,0.69124835729599,0.6903995275497437,0.9987720336152888,-0.0012279663933441043,0.0012279663933441043,-0.12279663933441043
Herwig_minus,47,MUR1.0_MUF1.0_PDF26111,pdf,2,0.21,0.42,0.6720393300056458,0.6720494031906128,1.0000149889813248,1.4988981092756148e-05,1.4988981092756148e-05,0.0014988981092756148
Herwig_minus,47,MUR1.0_MUF1.0_PDF26111,pdf,3,0.42,0.63,0.6428124904632568,0.6429357528686523,1.000191754838657,0.0001917548361234367,0.0001917548361234367,0.01917548361234367
Herwig_minus,47,MUR1.0_MUF1.0_PDF26111,pdf,4,0.63,0.84,0.6500856876373291,0.6503486633300781,1.0004045246615179,0.0004045246751047671,0.0004045246751047671,0.04045246751047671
Herwig_minus,47,MUR1.0_MUF1.0_PDF26111,pdf,5,0.84,1.05,0.6886215806007385,0.688780665397644,1.0002310191858448,0.00023101919214241207,0.00023101919214241207,0.023101919214241207
Herwig_minus,47,MUR1.0_MUF1.0_PDF26111,pdf,6,1.05,1.37,0.6677588224411011,0.6680464744567871,1.0004307723178174,0.00043077231384813786,0.00043077231384813786,0.043077231384813786
Herwig_minus,47,MUR1.0_MUF1.0_PDF26111,pdf,7,1.37,1.52,0.6296678781509399,0.6322067379951477,1.0040320618730993,0.004032061900943518,0.004032061900943518,0.40320619009435177
Herwig_minus,47,MUR1.0_MUF1.0_PDF26111,pdf,8,1.52,1.74,0.6480627655982971,0.6484420299530029,1.0005852278125493,0.0005852277972735465,0.0005852277972735465,0.058522779727354646
Herwig_minus,47,MUR1.0_MUF1.0_PDF26111,pdf,9,1.74,1.95,0.6190352439880371,0.6190119385719299,0.9999623520367644,-3.764796201721765e-05,3.764796201721765e-05,-0.003764796201721765
Herwig_minus,47,MUR1.0_MUF1.0_PDF26111,pdf,10,1.95,2.18,0.6013617515563965,0.6035670638084412,1.0036671974004616,0.003667197423055768,0.003667197423055768,0.3667197423055768
Herwig_minus,47,MUR1.0_MUF1.0_PDF26111,pdf,11,2.18,2.5,0.6056520938873291,0.6078308820724487,1.0035974253323146,0.0035974252969026566,0.0035974252969026566,0.35974252969026566
Herwig_minus,48,MUR1.0_MUF1.0_PDF26112,pdf,1,0.0,0.21,0.69124835729599,0.6898707151412964,0.9980070228881518,-0.001992977224290371,0.001992977224290371,-0.1992977224290371
Herwig_minus,48,MUR1.0_MUF1.0_PDF26112,pdf,2,0.21,0.42,0.6720393300056458,0.6719151139259338,0.9998151654610589,-0.00018483454186934978,0.00018483454186934978,-0.018483454186934978
Herwig_minus,48,MUR1.0_MUF1.0_PDF26112,pdf,3,0.42,0.63,0.6428124904632568,0.6428271532058716,1.0000228102951207,2.2810294467490166e-05,2.2810294467490166e-05,0.0022810294467490166
Herwig_minus,48,MUR1.0_MUF1.0_PDF26112,pdf,4,0.63,0.84,0.6500856876373291,0.6501343846321106,1.0000749085785268,7.490858115488663e-05,7.490858115488663e-05,0.007490858115488663
Herwig_minus,48,MUR1.0_MUF1.0_PDF26112,pdf,5,0.84,1.05,0.6886215806007385,0.6884625554084778,0.999769067370613,-0.0002309326227987185,0.0002309326227987185,-0.02309326227987185
Herwig_minus,48,MUR1.0_MUF1.0_PDF26112,pdf,6,1.05,1.37,0.6677588224411011,0.6678617596626282,1.0001541532931768,0.00015415329835377634,0.00015415329835377634,0.015415329835377634
Herwig_minus,48,MUR1.0_MUF1.0_PDF26112,pdf,7,1.37,1.52,0.6296678781509399,0.6328640580177307,1.0050759773170843,0.005075977183878422,0.005075977183878422,0.5075977183878422
Herwig_minus,48,MUR1.0_MUF1.0_PDF26112,pdf,8,1.52,1.74,0.6480627655982971,0.648258626461029,1.0003022251441203,0.00030222514760680497,0.00030222514760680497,0.030222514760680497
Herwig_minus,48,MUR1.0_MUF1.0_PDF26112,pdf,9,1.74,1.95,0.6190352439880371,0.618817925453186,0.9996489399643047,-0.0003510600363370031,0.0003510600363370031,-0.03510600363370031
Herwig_minus,48,MUR1.0_MUF1.0_PDF26112,pdf,10,1.95,2.18,0.6013617515563965,0.6044012904167175,1.005054426644951,0.005054426845163107,0.005054426845163107,0.5054426845163107
Herwig_minus,48,MUR1.0_MUF1.0_PDF26112,pdf,11,2.18,2.5,0.6056520938873291,0.609442412853241,1.0062582446327957,0.006258244626224041,0.006258244626224041,0.6258244626224041
Herwig_minus,49,MUR1.0_MUF1.0_PDF26113,pdf,1,0.0,0.21,0.69124835729599,0.6900166869163513,0.9982181941314744,-0.0017818058840930462,0.0017818058840930462,-0.17818058840930462
Herwig_minus,49,MUR1.0_MUF1.0_PDF26113,pdf,2,0.21,0.42,0.6720393300056458,0.6719657778739929,0.9998905538286692,-0.00010944616951746866,0.00010944616951746866,-0.010944616951746866
Herwig_minus,49,MUR1.0_MUF1.0_PDF26113,pdf,3,0.42,0.63,0.6428124904632568,0.642858624458313,1.000071768977331,7.176897634053603e-05,7.176897634053603e-05,0.007176897634053603
Herwig_minus,49,MUR1.0_MUF1.0_PDF26113,pdf,4,0.63,0.84,0.6500856876373291,0.6501665711402893,1.0001244197565005,0.0001244197628693655,0.0001244197628693655,0.012441976286936551
Herwig_minus,49,MUR1.0_MUF1.0_PDF26113,pdf,5,0.84,1.05,0.6886215806007385,0.6884939670562744,0.999814682623869,-0.000185317374416627,0.000185317374416627,-0.0185317374416627
Herwig_minus,49,MUR1.0_MUF1.0_PDF26113,pdf,6,1.05,1.37,0.6677588224411011,0.6678731441497803,1.0001712020939855,0.00017120208940468729,0.00017120208940468729,0.01712020894046873
Herwig_minus,49,MUR1.0_MUF1.0_PDF26113,pdf,7,1.37,1.52,0.6296678781509399,0.6327148079872131,1.00483894754997,0.004838947672396898,0.004838947672396898,0.4838947672396898
Herwig_minus,49,MUR1.0_MUF1.0_PDF26113,pdf,8,1.52,1.74,0.6480627655982971,0.6482687592506409,1.0003178606506633,0.00031786065665073693,0.00031786065665073693,0.03178606566507369
Herwig_minus,49,MUR1.0_MUF1.0_PDF26113,pdf,9,1.74,1.95,0.6190352439880371,0.6188437938690186,0.9996907282406327,-0.00030927176703698933,0.00030927176703698933,-0.030927176703698933
Herwig_minus,49,MUR1.0_MUF1.0_PDF26113,pdf,10,1.95,2.18,0.6013617515563965,0.604309618473053,1.0049019860492077,0.004901986103504896,0.004901986103504896,0.4901986103504896
Herwig_minus,49,MUR1.0_MUF1.0_PDF26113,pdf,11,2.18,2.5,0.6056520938873291,0.6093111038208008,1.0060414385922232,0.006041438784450293,0.006041438784450293,0.6041438784450293
Herwig_minus,50,MUR1.0_MUF1.0_PDF26114,pdf,1,0.0,0.21,0.69124835729599,0.6902400255203247,0.9985412887205842,-0.0014587112236768007,0.0014587112236768007,-0.14587112236768007
Herwig_minus,50,MUR1.0_MUF1.0_PDF26114,pdf,2,0.21,0.42,0.6720393300056458,0.6719974875450134,0.9999377380775736,-6.22619190835394e-05,6.22619190835394e-05,-0.00622619190835394
Herwig_minus,50,MUR1.0_MUF1.0_PDF26114,pdf,3,0.42,0.63,0.6428124904632568,0.6428996920585632,1.0001356563486243,0.000135656344355084,0.000135656344355084,0.0135656344355084
Herwig_minus,50,MUR1.0_MUF1.0_PDF26114,pdf,4,0.63,0.84,0.6500856876373291,0.6503078937530518,1.000341810502751,0.00034181048977188766,0.00034181048977188766,0.034181048977188766
Herwig_minus,50,MUR1.0_MUF1.0_PDF26114,pdf,5,0.84,1.05,0.6886215806007385,0.6887365579605103,1.0001669674070792,0.0001669674093136564,0.0001669674093136564,0.01669674093136564
Herwig_minus,50,MUR1.0_MUF1.0_PDF26114,pdf,6,1.05,1.37,0.6677588224411011,0.6680276393890381,1.0004025659248563,0.000402565929107368,0.000402565929107368,0.0402565929107368
Herwig_minus,50,MUR1.0_MUF1.0_PDF26114,pdf,7,1.37,1.52,0.6296678781509399,0.6323814988136292,1.0043096063128676,0.004309606272727251,0.004309606272727251,0.4309606272727251
Herwig_minus,50,MUR1.0_MUF1.0_PDF26114,pdf,8,1.52,1.74,0.6480627655982971,0.6484220027923584,1.000554324693735,0.0005543247098103166,0.0005543247098103166,0.055432470981031656
Herwig_minus,50,MUR1.0_MUF1.0_PDF26114,pdf,9,1.74,1.95,0.6190352439880371,0.6189761161804199,0.9999044839398218,-9.551605762680992e-05,9.551605762680992e-05,-0.009551605762680992
Herwig_minus,50,MUR1.0_MUF1.0_PDF26114,pdf,10,1.95,2.18,0.6013617515563965,0.603696882724762,1.0038830723143297,0.0038830724079161882,0.0038830724079161882,0.3883072407916188
Herwig_minus,50,MUR1.0_MUF1.0_PDF26114,pdf,11,2.18,2.5,0.6056520938873291,0.6080447435379028,1.0039505347619897,0.003950534854084253,0.003950534854084253,0.39505348540842533
Herwig_minus,51,MUR1.0_MUF1.0_PDF26115,pdf,1,0.0,0.21,0.69124835729599,0.690082311630249,0.9983131306520535,-0.0016868693055585027,0.0016868693055585027,-0.16868693055585027
Herwig_minus,51,MUR1.0_MUF1.0_PDF26115,pdf,2,0.21,0.42,0.6720393300056458,0.6719790101051331,0.9999102434964451,-8.975650416687131e-05,8.975650416687131e-05,-0.008975650416687131
Herwig_minus,51,MUR1.0_MUF1.0_PDF26115,pdf,3,0.42,0.63,0.6428124904632568,0.6428733468055725,1.0000946719972286,9.467199561186135e-05,9.467199561186135e-05,0.009467199561186135
Herwig_minus,51,MUR1.0_MUF1.0_PDF26115,pdf,4,0.63,0.84,0.6500856876373291,0.6502165198326111,1.000201253769726,0.0002012537734117359,0.0002012537734117359,0.02012537734117359
Herwig_minus,51,MUR1.0_MUF1.0_PDF26115,pdf,5,0.84,1.05,0.6886215806007385,0.688572347164154,0.9999285043658644,-7.149563316488639e-05,7.149563316488639e-05,-0.0071495633164886385
Herwig_minus,51,MUR1.0_MUF1.0_PDF26115,pdf,6,1.05,1.37,0.6677588224411011,0.6679259538650513,1.0002502871071612,0.0002502871211618185,0.0002502871211618185,0.02502871211618185
Herwig_minus,51,MUR1.0_MUF1.0_PDF26115,pdf,7,1.37,1.52,0.6296678781509399,0.6326348781585693,1.0047120078863514,0.004712007939815521,0.004712007939815521,0.4712007939815521
Herwig_minus,51,MUR1.0_MUF1.0_PDF26115,pdf,8,1.52,1.74,0.6480627655982971,0.648324728012085,1.0004042238309216,0.00040422382880933583,0.00040422382880933583,0.04042238288093358
Herwig_minus,51,MUR1.0_MUF1.0_PDF26115,pdf,9,1.74,1.95,0.6190352439880371,0.6188855171203613,0.999758128686323,-0.0002418713120277971,0.0002418713120277971,-0.02418713120277971
Herwig_minus,51,MUR1.0_MUF1.0_PDF26115,pdf,10,1.95,2.18,0.6013617515563965,0.6041465401649475,1.0046308043392245,0.004630804527550936,0.004630804527550936,0.4630804527550936
Herwig_minus,51,MUR1.0_MUF1.0_PDF26115,pdf,11,2.18,2.5,0.6056520938873291,0.6089341640472412,1.0054190684603208,0.00541906850412488,0.00541906850412488,0.541906850412488
Herwig_minus,52,MUR1.0_MUF1.0_PDF26116,pdf,1,0.0,0.21,0.69124835729599,0.690191388130188,0.9984709270486564,-0.0015290729934349656,0.0015290729934349656,-0.15290729934349656
Herwig_minus,52,MUR1.0_MUF1.0_PDF26116,pdf,2,0.21,0.42,0.6720393300056458,0.6719869375228882,0.9999220395586712,-7.796043792041019e-05,7.796043792041019e-05,-0.007796043792041019
Herwig_minus,52,MUR1.0_MUF1.0_PDF26116,pdf,3,0.42,0.63,0.6428124904632568,0.6428868770599365,1.000115720521588,0.0001157205188064836,0.0001157205188064836,0.01157205188064836
Herwig_minus,52,MUR1.0_MUF1.0_PDF26116,pdf,4,0.63,0.84,0.6500856876373291,0.6502678394317627,1.000280196592384,0.0002801966038532555,0.0002801966038532555,0.02801966038532555
Herwig_minus,52,MUR1.0_MUF1.0_PDF26116,pdf,5,0.84,1.05,0.6886215806007385,0.6886755228042603,1.000078333594301,7.83335926826112e-05,7.83335926826112e-05,0.00783335926826112
Herwig_minus,52,MUR1.0_MUF1.0_PDF26116,pdf,6,1.05,1.37,0.6677588224411011,0.6679854989051819,1.0003394585836427,0.00033945858012884855,0.00033945858012884855,0.033945858012884855
Herwig_minus,52,MUR1.0_MUF1.0_PDF26116,pdf,7,1.37,1.52,0.6296678781509399,0.6324298977851868,1.0043864705983696,0.004386470653116703,0.004386470653116703,0.4386470653116703
Herwig_minus,52,MUR1.0_MUF1.0_PDF26116,pdf,8,1.52,1.74,0.6480627655982971,0.648377001285553,1.0004848846499703,0.00048488465836271644,0.00048488465836271644,0.048488465836271644
Herwig_minus,52,MUR1.0_MUF1.0_PDF26116,pdf,9,1.74,1.95,0.6190352439880371,0.6189433932304382,0.9998516227331304,-0.0001483772648498416,0.0001483772648498416,-0.01483772648498416
Herwig_minus,52,MUR1.0_MUF1.0_PDF26116,pdf,10,1.95,2.18,0.6013617515563965,0.603817880153656,1.0040842780421315,0.004084277898073196,0.004084277898073196,0.40842778980731964
Herwig_minus,52,MUR1.0_MUF1.0_PDF26116,pdf,11,2.18,2.5,0.6056520938873291,0.6083374619483948,1.0044338459128075,0.004433846101164818,0.004433846101164818,0.4433846101164818
Herwig_minus,53,MUR1.0_MUF1.0_PDF26117,pdf,1,0.0,0.21,0.69124835729599,0.6899003982543945,0.9980499642026371,-0.0019500358030200005,0.0019500358030200005,-0.19500358030200005
Herwig_minus,53,MUR1.0_MUF1.0_PDF26117,pdf,2,0.21,0.42,0.6720393300056458,0.6719006896018982,0.9997937019493391,-0.00020629804930649698,0.00020629804930649698,-0.020629804930649698
Herwig_minus,53,MUR1.0_MUF1.0_PDF26117,pdf,3,0.42,0.63,0.6428124904632568,0.6428892016410828,1.0001193367878876,0.00011933678615605459,0.00011933678615605459,0.011933678615605459
Herwig_minus,53,MUR1.0_MUF1.0_PDF26117,pdf,4,0.63,0.84,0.6500856876373291,0.6503564715385437,1.0004165357065447,0.00041653570951893926,0.00041653570951893926,0.041653570951893926
Herwig_minus,53,MUR1.0_MUF1.0_PDF26117,pdf,5,0.84,1.05,0.6886215806007385,0.6887990236282349,1.0002576785748445,0.00025767856277525425,0.00025767856277525425,0.025767856277525425
Herwig_minus,53,MUR1.0_MUF1.0_PDF26117,pdf,6,1.05,1.37,0.6677588224411011,0.6680634617805481,1.0004562116279248,0.0004562116228044033,0.0004562116228044033,0.04562116228044033
Herwig_minus,53,MUR1.0_MUF1.0_PDF26117,pdf,7,1.37,1.52,0.6296678781509399,0.6329540014266968,1.005218819936324,0.005218819715082645,0.005218819715082645,0.5218819715082645
Herwig_minus,53,MUR1.0_MUF1.0_PDF26117,pdf,8,1.52,1.74,0.6480627655982971,0.6483574509620667,1.000454717319699,0.00045471731573343277,0.00045471731573343277,0.04547173157334328
Herwig_minus,53,MUR1.0_MUF1.0_PDF26117,pdf,9,1.74,1.95,0.6190352439880371,0.6188903450965881,0.9997659278807528,-0.00023407212574966252,0.00023407212574966252,-0.023407212574966252
Herwig_minus,53,MUR1.0_MUF1.0_PDF26117,pdf,10,1.95,2.18,0.6013617515563965,0.6038371920585632,1.0041163916656821,0.004116391763091087,0.004116391763091087,0.41163917630910873
Herwig_minus,53,MUR1.0_MUF1.0_PDF26117,pdf,11,2.18,2.5,0.6056520938873291,0.6082419753074646,1.0042761866858456,0.004276186693459749,0.004276186693459749,0.4276186693459749
Herwig_minus,54,MUR1.0_MUF1.0_PDF26118,pdf,1,0.0,0.21,0.69124835729599,0.6903976202011108,0.9987692743340367,-0.0012307256693020463,0.0012307256693020463,-0.12307256693020463
Herwig_minus,54,MUR1.0_MUF1.0_PDF26118,pdf,2,0.21,0.42,0.6720393300056458,0.6720737814903259,1.000051264089975,5.126409087097272e-05,5.126409087097272e-05,0.005126409087097272
Herwig_minus,54,MUR1.0_MUF1.0_PDF26118,pdf,3,0.42,0.63,0.6428124904632568,0.6428714394569397,1.0000917048043674,9.170480188913643e-05,9.170480188913643e-05,0.009170480188913643
Herwig_minus,54,MUR1.0_MUF1.0_PDF26118,pdf,4,0.63,0.84,0.6500856876373291,0.6501111388206482,1.0000391505055457,3.915050547220744e-05,3.915050547220744e-05,0.003915050547220744
Herwig_minus,54,MUR1.0_MUF1.0_PDF26118,pdf,5,0.84,1.05,0.6886215806007385,0.6884203553199768,0.9997077853984968,-0.00029221459408290684,0.00029221459408290684,-0.029221459408290684
Herwig_minus,54,MUR1.0_MUF1.0_PDF26118,pdf,6,1.05,1.37,0.6677588224411011,0.6678293347358704,1.0001055954521296,0.00010559544898569584,0.00010559544898569584,0.010559544898569584
Herwig_minus,54,MUR1.0_MUF1.0_PDF26118,pdf,7,1.37,1.52,0.6296678781509399,0.6320664286613464,1.0038092311735036,0.003809231100603938,0.003809231100603938,0.3809231100603938
Herwig_minus,54,MUR1.0_MUF1.0_PDF26118,pdf,8,1.52,1.74,0.6480627655982971,0.6483403444290161,1.0004283209057117,0.0004283208982087672,0.0004283208982087672,0.04283208982087672
Herwig_minus,54,MUR1.0_MUF1.0_PDF26118,pdf,9,1.74,1.95,0.6190352439880371,0.6189404726028442,0.9998469047019322,-0.00015309530135709792,0.00015309530135709792,-0.015309530135709792
Herwig_minus,54,MUR1.0_MUF1.0_PDF26118,pdf,10,1.95,2.18,0.6013617515563965,0.6041690111160278,1.004668171117245,0.004668171051889658,0.004668171051889658,0.4668171051889658
Herwig_minus,54,MUR1.0_MUF1.0_PDF26118,pdf,11,2.18,2.5,0.6056520938873291,0.6091285347938538,1.0057399965122078,0.005739996675401926,0.005739996675401926,0.5739996675401926
Herwig_minus,55,MUR1.0_MUF1.0_PDF26119,pdf,1,0.0,0.21,0.69124835729599,0.6891002655029297,0.9968924457173929,-0.003107554279267788,0.003107554279267788,-0.3107554279267788
Herwig_minus,55,MUR1.0_MUF1.0_PDF26119,pdf,2,0.21,0.42,0.6720393300056458,0.6716371178627014,0.999401505053371,-0.0005984949530102313,0.0005984949530102313,-0.059849495301023126
Herwig_minus,55,MUR1.0_MUF1.0_PDF26119,pdf,3,0.42,0.63,0.6428124904632568,0.6428895592689514,1.0001198931365491,0.00011989313497906551,0.00011989313497906551,0.01198931349790655
Herwig_minus,55,MUR1.0_MUF1.0_PDF26119,pdf,4,0.63,0.84,0.6500856876373291,0.6507030129432678,1.0009496060560605,0.0009496060665696859,0.0009496060665696859,0.0949606066569686
Herwig_minus,55,MUR1.0_MUF1.0_PDF26119,pdf,5,0.84,1.05,0.6886215806007385,0.6893095970153809,1.000999121192284,0.0009991212282329798,0.0009991212282329798,0.09991212282329798
Herwig_minus,55,MUR1.0_MUF1.0_PDF26119,pdf,6,1.05,1.37,0.6677588224411011,0.6684327721595764,1.001009271155732,0.0010092711308971047,0.0010092711308971047,0.10092711308971047
Herwig_minus,55,MUR1.0_MUF1.0_PDF26119,pdf,7,1.37,1.52,0.6296678781509399,0.6344111561775208,1.007532983960544,0.007532984018325806,0.007532984018325806,0.7532984018325806
Herwig_minus,55,MUR1.0_MUF1.0_PDF26119,pdf,8,1.52,1.74,0.6480627655982971,0.6485008001327515,1.000675913750499,0.000675913761369884,0.000675913761369884,0.0675913761369884
Herwig_minus,55,MUR1.0_MUF1.0_PDF26119,pdf,9,1.74,1.95,0.6190352439880371,0.6188902854919434,0.9997658315944018,-0.0002341684012208134,0.0002341684012208134,-0.02341684012208134
Herwig_minus,55,MUR1.0_MUF1.0_PDF26119,pdf,10,1.95,2.18,0.6013617515563965,0.6037365794181824,1.0039490836516283,0.003949083853513002,0.003949083853513002,0.39490838535130024
Herwig_minus,55,MUR1.0_MUF1.0_PDF26119,pdf,11,2.18,2.5,0.6056520938873291,0.6075014472007751,1.0030534911578959,0.003053491236642003,0.003053491236642003,0.3053491236642003
Herwig_minus,56,MUR1.0_MUF1.0_PDF26120,pdf,1,0.0,0.21,0.69124835729599,0.6908613443374634,0.9994401245884468,-0.0005598753923550248,0.0005598753923550248,-0.05598753923550248
Herwig_minus,56,MUR1.0_MUF1.0_PDF26120,pdf,2,0.21,0.42,0.6720393300056458,0.672226071357727,1.000277872653792,0.0002778726629912853,0.0002778726629912853,0.027787266299128532
Herwig_minus,56,MUR1.0_MUF1.0_PDF26120,pdf,3,0.42,0.63,0.6428124904632568,0.6428722739219666,1.0000930029512443,9.300294914282858e-05,9.300294914282858e-05,0.009300294914282858
Herwig_minus,56,MUR1.0_MUF1.0_PDF26120,pdf,4,0.63,0.84,0.6500856876373291,0.6499119997024536,0.9997328230136757,-0.00026717697619460523,0.00026717697619460523,-0.026717697619460523
Herwig_minus,56,MUR1.0_MUF1.0_PDF26120,pdf,5,0.84,1.05,0.6886215806007385,0.6881266832351685,0.9992813217309595,-0.0007186782895587385,0.0007186782895587385,-0.07186782895587385
Herwig_minus,56,MUR1.0_MUF1.0_PDF26120,pdf,6,1.05,1.37,0.6677588224411011,0.6676034331321716,0.9997672972580708,-0.0002327027468709275,0.0002327027468709275,-0.02327027468709275
Herwig_minus,56,MUR1.0_MUF1.0_PDF26120,pdf,7,1.37,1.52,0.6296678781509399,0.6311563849449158,1.0023639554209862,0.002363955369219184,0.002363955369219184,0.2363955369219184
Herwig_minus,56,MUR1.0_MUF1.0_PDF26120,pdf,8,1.52,1.74,0.6480627655982971,0.6482391953468323,1.0002722417609848,0.0002722417702898383,0.0002722417702898383,0.02722417702898383
Herwig_minus,56,MUR1.0_MUF1.0_PDF26120,pdf,9,1.74,1.95,0.6190352439880371,0.6189292669296265,0.9998288028679467,-0.0001711971272015944,0.0001711971272015944,-0.01711971272015944
Herwig_minus,56,MUR1.0_MUF1.0_PDF26120,pdf,10,1.95,2.18,0.6013617515563965,0.6041878461837769,1.0046994918118188,0.004699491895735264,0.004699491895735264,0.4699491895735264
Herwig_minus,56,MUR1.0_MUF1.0_PDF26120,pdf,11,2.18,2.5,0.6056520938873291,0.6095421314239502,1.0064228912537116,0.006422891281545162,0.006422891281545162,0.6422891281545162
Herwig_minus,57,MUR1.0_MUF1.0_PDF26121,pdf,1,0.0,0.21,0.69124835729599,0.6901310682296753,0.9983836647790596,-0.001616335241124034,0.001616335241124034,-0.1616335241124034
Herwig_minus,57,MUR1.0_MUF1.0_PDF26121,pdf,2,0.21,0.42,0.6720393300056458,0.6719793081283569,0.999910686957431,-8.931304182624444e-05,8.931304182624444e-05,-0.008931304182624444
Herwig_minus,57,MUR1.0_MUF1.0_PDF26121,pdf,3,0.42,0.63,0.6428124904632568,0.6429009437561035,1.0001376035689395,0.00013760356523562223,0.00013760356523562223,0.013760356523562223
Herwig_minus,57,MUR1.0_MUF1.0_PDF26121,pdf,4,0.63,0.84,0.6500856876373291,0.6503075957298279,1.0003413520659181,0.00034135207533836365,0.00034135207533836365,0.034135207533836365
Herwig_minus,57,MUR1.0_MUF1.0_PDF26121,pdf,5,0.84,1.05,0.6886215806007385,0.6887158155441284,1.000136845759768,0.0001368457596981898,0.0001368457596981898,0.01368457596981898
Herwig_minus,57,MUR1.0_MUF1.0_PDF26121,pdf,6,1.05,1.37,0.6677588224411011,0.6680105328559875,1.0003769480932747,0.00037694809725508094,0.00037694809725508094,0.037694809725508094
Herwig_minus,57,MUR1.0_MUF1.0_PDF26121,pdf,7,1.37,1.52,0.6296678781509399,0.6326084733009338,1.0046700733069458,0.00467007327824831,0.00467007327824831,0.467007327824831
Herwig_minus,57,MUR1.0_MUF1.0_PDF26121,pdf,8,1.52,1.74,0.6480627655982971,0.6483767032623291,1.0004844247821307,0.0004844247887376696,0.0004844247887376696,0.04844247887376696
Herwig_minus,57,MUR1.0_MUF1.0_PDF26121,pdf,9,1.74,1.95,0.6190352439880371,0.6189301013946533,0.9998301508768606,-0.00016984912508632988,0.00016984912508632988,-0.016984912508632988
Herwig_minus,57,MUR1.0_MUF1.0_PDF26121,pdf,10,1.95,2.18,0.6013617515563965,0.6038761138916016,1.0041811144933936,0.004181114491075277,0.004181114491075277,0.41811144910752773
Herwig_minus,57,MUR1.0_MUF1.0_PDF26121,pdf,11,2.18,2.5,0.6056520938873291,0.6083666682243347,1.00448206877249,0.004482068587094545,0.004482068587094545,0.44820685870945454
Herwig_minus,58,MUR1.0_MUF1.0_PDF26122,pdf,1,0.0,0.21,0.69124835729599,0.6901412606239319,0.9983984096882503,-0.001601590309292078,0.001601590309292078,-0.1601590309292078
Herwig_minus,58,MUR1.0_MUF1.0_PDF26122,pdf,2,0.21,0.42,0.6720393300056458,0.671986997127533,0.9999221282508683,-7.78717512730509e-05,7.78717512730509e-05,-0.00778717512730509
Herwig_minus,58,MUR1.0_MUF1.0_PDF26122,pdf,3,0.42,0.63,0.6428124904632568,0.6428521871566772,1.0000617547014243,6.175470480229706e-05,6.175470480229706e-05,0.006175470480229706
Herwig_minus,58,MUR1.0_MUF1.0_PDF26122,pdf,4,0.63,0.84,0.6500856876373291,0.6501457095146179,1.000092329178184,9.232918091583997e-05,9.232918091583997e-05,0.009232918091583997
Herwig_minus,58,MUR1.0_MUF1.0_PDF26122,pdf,5,0.84,1.05,0.6886215806007385,0.6884909272193909,0.9998102682445217,-0.000189731756108813,0.000189731756108813,-0.0189731756108813
Herwig_minus,58,MUR1.0_MUF1.0_PDF26122,pdf,6,1.05,1.37,0.6677588224411011,0.6678725481033325,1.0001703094866132,0.0001703094894764945,0.0001703094894764945,0.01703094894764945
Herwig_minus,58,MUR1.0_MUF1.0_PDF26122,pdf,7,1.37,1.52,0.6296678781509399,0.632439911365509,1.0044023735539906,0.00440237345173955,0.00440237345173955,0.44023734517395496
Herwig_minus,58,MUR1.0_MUF1.0_PDF26122,pdf,8,1.52,1.74,0.6480627655982971,0.6483110785484314,1.0003831618838726,0.0003831618814729154,0.0003831618814729154,0.03831618814729154
Herwig_minus,58,MUR1.0_MUF1.0_PDF26122,pdf,9,1.74,1.95,0.6190352439880371,0.6188884377479553,0.9997628467175212,-0.00023715327552054077,0.00023715327552054077,-0.023715327552054077
Herwig_minus,58,MUR1.0_MUF1.0_PDF26122,pdf,10,1.95,2.18,0.6013617515563965,0.604153573513031,1.0046425000416288,0.004642500076442957,0.004642500076442957,0.4642500076442957
Herwig_minus,58,MUR1.0_MUF1.0_PDF26122,pdf,11,2.18,2.5,0.6056520938873291,0.6090583801269531,1.0056241632349705,0.005624163430184126,0.005624163430184126,0.5624163430184126
Herwig_minus,59,MUR1.0_MUF1.0_PDF26123,pdf,1,0.0,0.21,0.69124835729599,0.6905055046081543,0.9989253461798571,-0.0010746538173407316,0.0010746538173407316,-0.10746538173407316
Herwig_minus,59,MUR1.0_MUF1.0_PDF26123,pdf,2,0.21,0.42,0.6720393300056458,0.6721130609512329,1.0001097122479223,0.00010971225128741935,0.00010971225128741935,0.010971225128741935
Herwig_minus,59,MUR1.0_MUF1.0_PDF26123,pdf,3,0.42,0.63,0.6428124904632568,0.6429789066314697,1.0002588875771423,0.0002588875649962574,0.0002588875649962574,0.025888756499625742
Herwig_minus,59,MUR1.0_MUF1.0_PDF26123,pdf,4,0.63,0.84,0.6500856876373291,0.6503158211708069,1.0003540049225113,0.00035400493652559817,0.00035400493652559817,0.03540049365255982
Herwig_minus,59,MUR1.0_MUF1.0_PDF26123,pdf,5,0.84,1.05,0.6886215806007385,0.6886873245239258,1.0000954717729438,9.547177614877e-05,9.547177614877e-05,0.009547177614877
Herwig_minus,59,MUR1.0_MUF1.0_PDF26123,pdf,6,1.05,1.37,0.6677588224411011,0.6679257154464722,1.0002499300642125,0.0002499300753697753,0.0002499300753697753,0.02499300753697753
Herwig_minus,59,MUR1.0_MUF1.0_PDF26123,pdf,7,1.37,1.52,0.6296678781509399,0.6320764422416687,1.0038251341291249,0.0038251341320574284,0.0038251341320574284,0.38251341320574284
Herwig_minus,59,MUR1.0_MUF1.0_PDF26123,pdf,8,1.52,1.74,0.6480627655982971,0.6482831835746765,1.0003401182540952,0.0003401182475499809,0.0003401182475499809,0.03401182475499809
Herwig_minus,59,MUR1.0_MUF1.0_PDF26123,pdf,9,1.74,1.95,0.6190352439880371,0.6189002394676208,0.9997819114150165,-0.0002180885785492137,0.0002180885785492137,-0.02180885785492137
Herwig_minus,59,MUR1.0_MUF1.0_PDF26123,pdf,10,1.95,2.18,0.6013617515563965,0.6035727262496948,1.0036766134320583,0.003676613327115774,0.003676613327115774,0.3676613327115774
Herwig_minus,59,MUR1.0_MUF1.0_PDF26123,pdf,11,2.18,2.5,0.6056520938873291,0.6080592274665833,1.0039744493638323,0.00397444935515523,0.00397444935515523,0.39744493551552296
Herwig_minus,60,MUR1.0_MUF1.0_PDF26124,pdf,1,0.0,0.21,0.69124835729599,0.6898236274719238,0.9979389031322412,-0.002061096951365471,0.002061096951365471,-0.2061096951365471
Herwig_minus,60,MUR1.0_MUF1.0_PDF26124,pdf,2,0.21,0.42,0.6720393300056458,0.6718716025352478,0.9997504201571111,-0.00024957983987405896,0.00024957983987405896,-0.024957983987405896
Herwig_minus,60,MUR1.0_MUF1.0_PDF26124,pdf,3,0.42,0.63,0.6428124904632568,0.6428011655807495,0.9999823822923865,-1.761770727171097e-05,1.761770727171097e-05,-0.001761770727171097
Herwig_minus,60,MUR1.0_MUF1.0_PDF26124,pdf,4,0.63,0.84,0.6500856876373291,0.6501832604408264,1.0001500922191533,0.00015009222261141986,0.00015009222261141986,0.015009222261141986
Herwig_minus,60,MUR1.0_MUF1.0_PDF26124,pdf,5,0.84,1.05,0.6886215806007385,0.6885682940483093,0.9999226185267347,-7.738147542113438e-05,7.738147542113438e-05,-0.007738147542113438
Herwig_minus,60,MUR1.0_MUF1.0_PDF26124,pdf,6,1.05,1.37,0.6677588224411011,0.6679767966270447,1.0003264265160088,0.00032642652513459325,0.00032642652513459325,0.032642652513459325
Herwig_minus,60,MUR1.0_MUF1.0_PDF26124,pdf,7,1.37,1.52,0.6296678781509399,0.6329267621040344,1.0051755601106165,0.005175560247153044,0.005175560247153044,0.5175560247153044
Herwig_minus,60,MUR1.0_MUF1.0_PDF26124,pdf,8,1.52,1.74,0.6480627655982971,0.6484054923057556,1.0005288480154266,0.0005288480315357447,0.0005288480315357447,0.05288480315357447
Herwig_minus,60,MUR1.0_MUF1.0_PDF26124,pdf,9,1.74,1.95,0.6190352439880371,0.6189240217208862,0.99982032966906,-0.0001796703290892765,0.0001796703290892765,-0.01796703290892765
Herwig_minus,60,MUR1.0_MUF1.0_PDF26124,pdf,10,1.95,2.18,0.6013617515563965,0.6043350100517273,1.0049442095172094,0.004944209475070238,0.004944209475070238,0.4944209475070238
Herwig_minus,60,MUR1.0_MUF1.0_PDF26124,pdf,11,2.18,2.5,0.6056520938873291,0.6091364622116089,1.0057530855741217,0.005753085482865572,0.005753085482865572,0.5753085482865572
Herwig_minus,61,MUR1.0_MUF1.0_PDF26125,pdf,1,0.0,0.21,0.69124835729599,0.6904256343841553,0.9988098012774265,-0.0011901987018063664,0.0011901987018063664,-0.11901987018063664
Herwig_minus,61,MUR1.0_MUF1.0_PDF26125,pdf,2,0.21,0.42,0.6720393300056458,0.6721695065498352,1.0001937037586601,0.00019370375957805663,0.00019370375957805663,0.019370375957805663
Herwig_minus,61,MUR1.0_MUF1.0_PDF26125,pdf,3,0.42,0.63,0.6428124904632568,0.6430729627609253,1.0004052072751117,0.0004052072763442993,0.0004052072763442993,0.04052072763442993
Herwig_minus,61,MUR1.0_MUF1.0_PDF26125,pdf,4,0.63,0.84,0.6500856876373291,0.6504397988319397,1.0005447146450763,0.0005447146249935031,0.0005447146249935031,0.05447146249935031
Herwig_minus,61,MUR1.0_MUF1.0_PDF26125,pdf,5,0.84,1.05,0.6886215806007385,0.6887413859367371,1.0001739784801604,0.00017397847841493785,0.00017397847841493785,0.017397847841493785
Herwig_minus,61,MUR1.0_MUF1.0_PDF26125,pdf,6,1.05,1.37,0.6677588224411011,0.6679077744483948,1.0002230625823096,0.000223062583245337,0.000223062583245337,0.0223062583245337
Herwig_minus,61,MUR1.0_MUF1.0_PDF26125,pdf,7,1.37,1.52,0.6296678781509399,0.6325897574424744,1.0046403499256062,0.004640350118279457,0.004640350118279457,0.4640350118279457
Herwig_minus,61,MUR1.0_MUF1.0_PDF26125,pdf,8,1.52,1.74,0.6480627655982971,0.6482080817222595,1.0002242315585408,0.00022423155314754695,0.00022423155314754695,0.022423155314754695
Herwig_minus,61,MUR1.0_MUF1.0_PDF26125,pdf,9,1.74,1.95,0.6190352439880371,0.6187794208526611,0.9995867389815677,-0.0004132610047236085,0.0004132610047236085,-0.04132610047236085
Herwig_minus,61,MUR1.0_MUF1.0_PDF26125,pdf,10,1.95,2.18,0.6013617515563965,0.6038333177566528,1.0041099491177476,0.004109949339181185,0.004109949339181185,0.4109949339181185
Herwig_minus,61,MUR1.0_MUF1.0_PDF26125,pdf,11,2.18,2.5,0.6056520938873291,0.6082848906517029,1.004347044765379,0.004347044974565506,0.004347044974565506,0.4347044974565506
Herwig_minus,62,MUR1.0_MUF1.0_PDF26126,pdf,1,0.0,0.21,0.69124835729599,0.6896827816963196,0.9977351474572835,-0.00226485263556242,0.00226485263556242,-0.226485263556242
Herwig_minus,62,MUR1.0_MUF1.0_PDF26126,pdf,2,0.21,0.42,0.6720393300056458,0.6716936230659485,0.9994855852563058,-0.0005144147435203195,0.0005144147435203195,-0.051441474352031946
Herwig_minus,62,MUR1.0_MUF1.0_PDF26126,pdf,3,0.42,0.63,0.6428124904632568,0.6425852179527283,0.999646440425629,-0.00035355956060811877,0.00035355956060811877,-0.03535595606081188
Herwig_minus,62,MUR1.0_MUF1.0_PDF26126,pdf,4,0.63,0.84,0.6500856876373291,0.649917483329773,0.9997412582514046,-0.0002587417548056692,0.0002587417548056692,-0.02587417548056692
Herwig_minus,62,MUR1.0_MUF1.0_PDF26126,pdf,5,0.84,1.05,0.6886215806007385,0.6884086728096008,0.9996908203327698,-0.00030917965341359377,0.00030917965341359377,-0.030917965341359377
Herwig_minus,62,MUR1.0_MUF1.0_PDF26126,pdf,6,1.05,1.37,0.6677588224411011,0.6679855585098267,1.00033954784438,0.00033954784157685935,0.00033954784157685935,0.033954784157685935
Herwig_minus,62,MUR1.0_MUF1.0_PDF26126,pdf,7,1.37,1.52,0.6296678781509399,0.6324179768562317,1.0043675385083444,0.00436753872781992,0.00436753872781992,0.43675387278199196
Herwig_minus,62,MUR1.0_MUF1.0_PDF26126,pdf,8,1.52,1.74,0.6480627655982971,0.6485164165496826,1.000700010825289,0.0007000108016654849,0.0007000108016654849,0.07000108016654849
Herwig_minus,62,MUR1.0_MUF1.0_PDF26126,pdf,9,1.74,1.95,0.6190352439880371,0.6190661191940308,1.0000498763298107,4.987632928532548e-05,4.987632928532548e-05,0.004987632928532548
Herwig_minus,62,MUR1.0_MUF1.0_PDF26126,pdf,10,1.95,2.18,0.6013617515563965,0.6041642427444458,1.0046602418274793,0.004660241771489382,0.004660241771489382,0.4660241771489382
Herwig_minus,62,MUR1.0_MUF1.0_PDF26126,pdf,11,2.18,2.5,0.6056520938873291,0.6091253161430359,1.005734682156243,0.005734682083129883,0.005734682083129883,0.5734682083129883
Herwig_minus,63,MUR1.0_MUF1.0_PDF26127,pdf,1,0.0,0.21,0.69124835729599,0.6900972723960876,0.9983347737643744,-0.0016652261838316917,0.0016652261838316917,-0.16652261838316917
Herwig_minus,63,MUR1.0_MUF1.0_PDF26127,pdf,2,0.21,0.42,0.6720393300056458,0.6719783544540405,0.999909267882276,-9.073211549548432e-05,9.073211549548432e-05,-0.009073211549548432
Herwig_minus,63,MUR1.0_MUF1.0_PDF26127,pdf,3,0.42,0.63,0.6428124904632568,0.642902135848999,1.0001394580644778,0.0001394580613123253,0.0001394580613123253,0.01394580613123253
Herwig_minus,63,MUR1.0_MUF1.0_PDF26127,pdf,4,0.63,0.84,0.6500856876373291,0.6503015756607056,1.0003320916418896,0.0003320916439406574,0.0003320916439406574,0.03320916439406574
Herwig_minus,63,MUR1.0_MUF1.0_PDF26127,pdf,5,0.84,1.05,0.6886215806007385,0.6886923909187317,1.0001028290718559,0.00010282907169312239,0.00010282907169312239,0.010282907169312239
Herwig_minus,63,MUR1.0_MUF1.0_PDF26127,pdf,6,1.05,1.37,0.6677588224411011,0.6679933071136475,1.0003511517402184,0.0003511517425067723,0.0003511517425067723,0.03511517425067723
Herwig_minus,63,MUR1.0_MUF1.0_PDF26127,pdf,7,1.37,1.52,0.6296678781509399,0.6326994895935059,1.0048146198142875,0.004814619664102793,0.004814619664102793,0.4814619664102793
Herwig_minus,63,MUR1.0_MUF1.0_PDF26127,pdf,8,1.52,1.74,0.6480627655982971,0.6483578681945801,1.0004553611346743,0.0004553611215669662,0.0004553611215669662,0.04553611215669662
Herwig_minus,63,MUR1.0_MUF1.0_PDF26127,pdf,9,1.74,1.95,0.6190352439880371,0.6189128160476685,0.9998022278350746,-0.0001977721694856882,0.0001977721694856882,-0.01977721694856882
Herwig_minus,63,MUR1.0_MUF1.0_PDF26127,pdf,10,1.95,2.18,0.6013617515563965,0.6039938926696777,1.0043769679506036,0.004376967903226614,0.004376967903226614,0.4376967903226614
Herwig_minus,63,MUR1.0_MUF1.0_PDF26127,pdf,11,2.18,2.5,0.6056520938873291,0.6086032390594482,1.0048726739359184,0.004872674122452736,0.004872674122452736,0.4872674122452736
Herwig_minus,64,MUR1.0_MUF1.0_PDF26128,pdf,1,0.0,0.21,0.69124835729599,0.6902005076408386,0.9984841198621428,-0.0015158801106736064,0.0015158801106736064,-0.15158801106736064
Herwig_minus,64,MUR1.0_MUF1.0_PDF26128,pdf,2,0.21,0.42,0.6720393300056458,0.6720025539398193,0.9999452769143345,-5.472308475873433e-05,5.472308475873433e-05,-0.005472308475873433
Herwig_minus,64,MUR1.0_MUF1.0_PDF26128,pdf,3,0.42,0.63,0.6428124904632568,0.6428826451301575,1.000109137062427,0.0001091370650101453,0.0001091370650101453,0.01091370650101453
Herwig_minus,64,MUR1.0_MUF1.0_PDF26128,pdf,4,0.63,0.84,0.6500856876373291,0.6502252221107483,1.0002146401252523,0.00021464012388605624,0.00021464012388605624,0.021464012388605624
Herwig_minus,64,MUR1.0_MUF1.0_PDF26128,pdf,5,0.84,1.05,0.6886215806007385,0.6885957717895508,0.9999625210537764,-3.747894515981898e-05,3.747894515981898e-05,-0.0037478945159818977
Herwig_minus,64,MUR1.0_MUF1.0_PDF26128,pdf,6,1.05,1.37,0.6677588224411011,0.6679351925849915,1.0002641225214302,0.00026412252918817103,0.00026412252918817103,0.026412252918817103
Herwig_minus,64,MUR1.0_MUF1.0_PDF26128,pdf,7,1.37,1.52,0.6296678781509399,0.6324330568313599,1.0043914876022262,0.004391487687826157,0.004391487687826157,0.43914876878261566
Herwig_minus,64,MUR1.0_MUF1.0_PDF26128,pdf,8,1.52,1.74,0.6480627655982971,0.6483500599861145,1.0004433125972794,0.00044331260141916573,0.00044331260141916573,0.04433126014191657
Herwig_minus,64,MUR1.0_MUF1.0_PDF26128,pdf,9,1.74,1.95,0.6190352439880371,0.6189256906509399,0.9998230256868875,-0.0001769743103068322,0.0001769743103068322,-0.01769743103068322
Herwig_minus,64,MUR1.0_MUF1.0_PDF26128,pdf,10,1.95,2.18,0.6013617515563965,0.6039990782737732,1.0043855910532238,0.004385591018944979,0.004385591018944979,0.43855910189449787
Herwig_minus,64,MUR1.0_MUF1.0_PDF26128,pdf,11,2.18,2.5,0.6056520938873291,0.608721137046814,1.0050673368266367,0.005067336838692427,0.005067336838692427,0.5067336838692427
Herwig_minus,65,MUR1.0_MUF1.0_PDF26129,pdf,1,0.0,0.21,0.69124835729599,0.6904441714286804,0.9988366180420951,-0.0011633819667622447,0.0011633819667622447,-0.11633819667622447
Herwig_minus,65,MUR1.0_MUF1.0_PDF26129,pdf,2,0.21,0.42,0.6720393300056458,0.6721378564834595,1.0001466082019528,0.00014660820306744426,0.00014660820306744426,0.014660820306744426
Herwig_minus,65,MUR1.0_MUF1.0_PDF26129,pdf,3,0.42,0.63,0.6428124904632568,0.6430367231369019,1.0003488306107484,0.0003488306247163564,0.0003488306247163564,0.03488306247163564
Herwig_minus,65,MUR1.0_MUF1.0_PDF26129,pdf,4,0.63,0.84,0.6500856876373291,0.6504629850387573,1.0005803810306908,0.0005803810199722648,0.0005803810199722648,0.05803810199722648
Herwig_minus,65,MUR1.0_MUF1.0_PDF26129,pdf,5,0.84,1.05,0.6886215806007385,0.6888367533683777,1.0003124688126264,0.00031246882281266153,0.00031246882281266153,0.031246882281266153
Herwig_minus,65,MUR1.0_MUF1.0_PDF26129,pdf,6,1.05,1.37,0.6677588224411011,0.6680364012718201,1.0004156872532275,0.0004156872455496341,0.0004156872455496341,0.04156872455496341
Herwig_minus,65,MUR1.0_MUF1.0_PDF26129,pdf,7,1.37,1.52,0.6296678781509399,0.632502555847168,1.0045018616870727,0.004501861520111561,0.004501861520111561,0.4501861520111561
Herwig_minus,65,MUR1.0_MUF1.0_PDF26129,pdf,8,1.52,1.74,0.6480627655982971,0.6483872532844543,1.000500704103649,0.000500704103615135,0.000500704103615135,0.050070410361513495
Herwig_minus,65,MUR1.0_MUF1.0_PDF26129,pdf,9,1.74,1.95,0.6190352439880371,0.6189529895782471,0.9998671248356392,-0.0001328751677647233,0.0001328751677647233,-0.01328751677647233
Herwig_minus,65,MUR1.0_MUF1.0_PDF26129,pdf,10,1.95,2.18,0.6013617515563965,0.6038093566894531,1.0040701044366755,0.004070104565471411,0.004070104565471411,0.4070104565471411
Herwig_minus,65,MUR1.0_MUF1.0_PDF26129,pdf,11,2.18,2.5,0.6056520938873291,0.6081051230430603,1.0040502281433332,0.004050228279083967,0.004050228279083967,0.4050228279083967
Herwig_minus,66,MUR1.0_MUF1.0_PDF26130,pdf,1,0.0,0.21,0.69124835729599,0.689691424369812,0.997747650450457,-0.002252349629998207,0.002252349629998207,-0.2252349629998207
Herwig_minus,66,MUR1.0_MUF1.0_PDF26130,pdf,2,0.21,0.42,0.6720393300056458,0.6717621684074402,0.9995875812830728,-0.00041241871076636016,0.00041241871076636016,-0.041241871076636016
Herwig_minus,66,MUR1.0_MUF1.0_PDF26130,pdf,3,0.42,0.63,0.6428124904632568,0.642662525177002,0.9997667044612857,-0.00023329553368967026,0.00023329553368967026,-0.023329553368967026
Herwig_minus,66,MUR1.0_MUF1.0_PDF26130,pdf,4,0.63,0.84,0.6500856876373291,0.649929404258728,0.9997595957247282,-0.00024040427524596453,0.00024040427524596453,-0.024040427524596453
Herwig_minus,66,MUR1.0_MUF1.0_PDF26130,pdf,5,0.84,1.05,0.6886215806007385,0.6883189082145691,0.9995604663073362,-0.0004395337018650025,0.0004395337018650025,-0.04395337018650025
Herwig_minus,66,MUR1.0_MUF1.0_PDF26130,pdf,6,1.05,1.37,0.6677588224411011,0.6678332686424255,1.000111486660786,0.0001114866608986631,0.0001114866608986631,0.01114866608986631
Herwig_minus,66,MUR1.0_MUF1.0_PDF26130,pdf,7,1.37,1.52,0.6296678781509399,0.6325892806053162,1.0046395926420053,0.004639592487365007,0.004639592487365007,0.46395924873650074
Herwig_minus,66,MUR1.0_MUF1.0_PDF26130,pdf,8,1.52,1.74,0.6480627655982971,0.6482845544815063,1.000342233646157,0.00034223365946672857,0.00034223365946672857,0.03422336594667286
Herwig_minus,66,MUR1.0_MUF1.0_PDF26130,pdf,9,1.74,1.95,0.6190352439880371,0.6188488602638245,0.9996989125804665,-0.00030108742066659033,0.00030108742066659033,-0.030108742066659033
Herwig_minus,66,MUR1.0_MUF1.0_PDF26130,pdf,10,1.95,2.18,0.6013617515563965,0.6042315363883972,1.004772143929296,0.00477214390411973,0.00477214390411973,0.477214390411973
Herwig_minus,66,MUR1.0_MUF1.0_PDF26130,pdf,11,2.18,2.5,0.6056520938873291,0.6094184517860413,1.0062186822050563,0.0062186820432543755,0.0062186820432543755,0.6218682043254375
Herwig_minus,67,MUR1.0_MUF1.0_PDF26131,pdf,1,0.0,0.21,0.69124835729599,0.6894421577453613,0.9973870468818268,-0.0026129530742764473,0.0026129530742764473,-0.26129530742764473
Herwig_minus,67,MUR1.0_MUF1.0_PDF26131,pdf,2,0.21,0.42,0.6720393300056458,0.6716510653495789,0.9994222590275131,-0.0005777409533038735,0.0005777409533038735,-0.057774095330387354
Herwig_minus,67,MUR1.0_MUF1.0_PDF26131,pdf,3,0.42,0.63,0.6428124904632568,0.6425780057907104,0.9996352207276225,-0.00036477926187217236,0.00036477926187217236,-0.036477926187217236
Herwig_minus,67,MUR1.0_MUF1.0_PDF26131,pdf,4,0.63,0.84,0.6500856876373291,0.6498462557792664,0.9996316918482963,-0.00036830815952271223,0.00036830815952271223,-0.03683081595227122
Herwig_minus,67,MUR1.0_MUF1.0_PDF26131,pdf,5,0.84,1.05,0.6886215806007385,0.6882578730583191,0.999471832494558,-0.0005281675257720053,0.0005281675257720053,-0.05281675257720053
Herwig_minus,67,MUR1.0_MUF1.0_PDF26131,pdf,6,1.05,1.37,0.6677588224411011,0.6678275465965271,1.0001029176300131,0.00010291762737324461,0.00010291762737324461,0.010291762737324461
Herwig_minus,67,MUR1.0_MUF1.0_PDF26131,pdf,7,1.37,1.52,0.6296678781509399,0.632761538028717,1.0049131613428683,0.004913161508738995,0.004913161508738995,0.49131615087389946
Herwig_minus,67,MUR1.0_MUF1.0_PDF26131,pdf,8,1.52,1.74,0.6480627655982971,0.6482815146446228,1.000337542994194,0.0003375429951120168,0.0003375429951120168,0.03375429951120168
Herwig_minus,67,MUR1.0_MUF1.0_PDF26131,pdf,9,1.74,1.95,0.6190352439880371,0.6188152432441711,0.9996446070785103,-0.00035539292730391026,0.00035539292730391026,-0.035539292730391026
Herwig_minus,67,MUR1.0_MUF1.0_PDF26131,pdf,10,1.95,2.18,0.6013617515563965,0.6042672991752625,1.004831613602538,0.004831613507121801,0.004831613507121801,0.48316135071218014
Herwig_minus,67,MUR1.0_MUF1.0_PDF26131,pdf,11,2.18,2.5,0.6056520938873291,0.609508216381073,1.0063668936880803,0.006366893649101257,0.006366893649101257,0.6366893649101257
Herwig_minus,68,MUR1.0_MUF1.0_PDF26132,pdf,1,0.0,0.21,0.69124835729599,0.6907274723052979,0.999246457535567,-0.0007535424665547907,0.0007535424665547907,-0.07535424665547907
Herwig_minus,68,MUR1.0_MUF1.0_PDF26132,pdf,2,0.21,0.42,0.6720393300056458,0.6722665429115295,1.0003380946556832,0.0003380946582183242,0.0003380946582183242,0.03380946582183242
Herwig_minus,68,MUR1.0_MUF1.0_PDF26132,pdf,3,0.42,0.63,0.6428124904632568,0.6431424617767334,1.0005133243649929,0.0005133243394084275,0.0005133243394084275,0.05133243394084275
Herwig_minus,68,MUR1.0_MUF1.0_PDF26132,pdf,4,0.63,0.84,0.6500856876373291,0.6505732536315918,1.0007500026589335,0.00075000268407166,0.00075000268407166,0.075000268407166
Herwig_minus,68,MUR1.0_MUF1.0_PDF26132,pdf,5,0.84,1.05,0.6886215806007385,0.6889215707778931,1.0004356386520632,0.00043563864892348647,0.00043563864892348647,0.04356386489234865
Herwig_minus,68,MUR1.0_MUF1.0_PDF26132,pdf,6,1.05,1.37,0.6677588224411011,0.6680470705032349,1.0004316649251896,0.0004316649283282459,0.0004316649283282459,0.04316649283282459
Herwig_minus,68,MUR1.0_MUF1.0_PDF26132,pdf,7,1.37,1.52,0.6296678781509399,0.6323263645172119,1.0042220453965014,0.004222045186907053,0.004222045186907053,0.4222045186907053
Herwig_minus,68,MUR1.0_MUF1.0_PDF26132,pdf,8,1.52,1.74,0.6480627655982971,0.648378849029541,1.000487735830575,0.0004877358442172408,0.0004877358442172408,0.04877358442172408
Herwig_minus,68,MUR1.0_MUF1.0_PDF26132,pdf,9,1.74,1.95,0.6190352439880371,0.6189829111099243,0.9999154605838342,-8.453941700281575e-05,8.453941700281575e-05,-0.008453941700281575
Herwig_minus,68,MUR1.0_MUF1.0_PDF26132,pdf,10,1.95,2.18,0.6013617515563965,0.6037172675132751,1.0039169700280777,0.0039169699884951115,0.0039169699884951115,0.39169699884951115
Herwig_minus,68,MUR1.0_MUF1.0_PDF26132,pdf,11,2.18,2.5,0.6056520938873291,0.6079174280166626,1.0037403224593737,0.003740322543308139,0.003740322543308139,0.3740322543308139
Herwig_minus,69,MUR1.0_MUF1.0_PDF26133,pdf,1,0.0,0.21,0.69124835729599,0.6901518702507019,0.998413758190215,-0.0015862417640164495,0.0015862417640164495,-0.15862417640164495
Herwig_minus,69,MUR1.0_MUF1.0_PDF26133,pdf,2,0.21,0.42,0.6720393300056458,0.6719725728034973,0.9999006647391487,-9.93352587101981e-05,9.93352587101981e-05,-0.00993352587101981
Herwig_minus,69,MUR1.0_MUF1.0_PDF26133,pdf,3,0.42,0.63,0.6428124904632568,0.6428557634353638,1.000067318188039,6.731818575644866e-05,6.731818575644866e-05,0.006731818575644866
Herwig_minus,69,MUR1.0_MUF1.0_PDF26133,pdf,4,0.63,0.84,0.6500856876373291,0.6501906514167786,1.000161461452614,0.00016146145935636014,0.00016146145935636014,0.016146145935636014
Herwig_minus,69,MUR1.0_MUF1.0_PDF26133,pdf,5,0.84,1.05,0.6886215806007385,0.688569962978363,0.9999250421075528,-7.495789031963795e-05,7.495789031963795e-05,-0.007495789031963795
Herwig_minus,69,MUR1.0_MUF1.0_PDF26133,pdf,6,1.05,1.37,0.6677588224411011,0.6679295301437378,1.0002556427513944,0.0002556427498348057,0.0002556427498348057,0.025564274983480573
Herwig_minus,69,MUR1.0_MUF1.0_PDF26133,pdf,7,1.37,1.52,0.6296678781509399,0.6324253082275391,1.0043791817437098,0.004379181656986475,0.004379181656986475,0.4379181656986475
Herwig_minus,69,MUR1.0_MUF1.0_PDF26133,pdf,8,1.52,1.74,0.6480627655982971,0.6483465433120728,1.000437886156773,0.0004378861631266773,0.0004378861631266773,0.04378861631266773
Herwig_minus,69,MUR1.0_MUF1.0_PDF26133,pdf,9,1.74,1.95,0.6190352439880371,0.6189147233963013,0.9998053089983061,-0.00019469100516289473,0.00019469100516289473,-0.019469100516289473
Herwig_minus,69,MUR1.0_MUF1.0_PDF26133,pdf,10,1.95,2.18,0.6013617515563965,0.6039755344390869,1.0043464401850062,0.004346440080553293,0.004346440080553293,0.4346440080553293
Herwig_minus,69,MUR1.0_MUF1.0_PDF26133,pdf,11,2.18,2.5,0.6056520938873291,0.6087016463279724,1.0050351554488486,0.005035155452787876,0.005035155452787876,0.5035155452787876
Herwig_minus,70,MUR1.0_MUF1.0_PDF26134,pdf,1,0.0,0.21,0.69124835729599,0.6901053190231323,0.9983464144821567,-0.001653585466556251,0.001653585466556251,-0.1653585466556251
Herwig_minus,70,MUR1.0_MUF1.0_PDF26134,pdf,2,0.21,0.42,0.6720393300056458,0.6719937324523926,0.9999321504691506,-6.784953438909724e-05,6.784953438909724e-05,-0.006784953438909724
Herwig_minus,70,MUR1.0_MUF1.0_PDF26134,pdf,3,0.42,0.63,0.6428124904632568,0.6429123878479004,1.000155406726107,0.00015540672757197171,0.00015540672757197171,0.015540672757197171
Herwig_minus,70,MUR1.0_MUF1.0_PDF26134,pdf,4,0.63,0.84,0.6500856876373291,0.6503094434738159,1.0003441943742832,0.0003441943845245987,0.0003441943845245987,0.03441943845245987
Herwig_minus,70,MUR1.0_MUF1.0_PDF26134,pdf,5,0.84,1.05,0.6886215806007385,0.6886908411979675,1.0001005786039534,0.00010057860345114022,0.00010057860345114022,0.010057860345114022
Herwig_minus,70,MUR1.0_MUF1.0_PDF26134,pdf,6,1.05,1.37,0.6677588224411011,0.6679843068122864,1.0003376733688985,0.00033767338027246296,0.00033767338027246296,0.033767338027246296
Herwig_minus,70,MUR1.0_MUF1.0_PDF26134,pdf,7,1.37,1.52,0.6296678781509399,0.6326993703842163,1.0048144304933873,0.004814430605620146,0.004814430605620146,0.4814430605620146
Herwig_minus,70,MUR1.0_MUF1.0_PDF26134,pdf,8,1.52,1.74,0.6480627655982971,0.6483535170555115,1.0004486470642175,0.0004486470716074109,0.0004486470716074109,0.04486470716074109
Herwig_minus,70,MUR1.0_MUF1.0_PDF26134,pdf,9,1.74,1.95,0.6190352439880371,0.6189085841178894,0.9997953915041545,-0.00020460849918890744,0.00020460849918890744,-0.020460849918890744
Herwig_minus,70,MUR1.0_MUF1.0_PDF26134,pdf,10,1.95,2.18,0.6013617515563965,0.6040158271789551,1.0044134426835254,0.004413442686200142,0.004413442686200142,0.4413442686200142
Herwig_minus,70,MUR1.0_MUF1.0_PDF26134,pdf,11,2.18,2.5,0.6056520938873291,0.6085917949676514,1.0048537784480427,0.0048537785187363625,0.0048537785187363625,0.48537785187363625
Herwig_minus,71,MUR1.0_MUF1.0_PDF26135,pdf,1,0.0,0.21,0.69124835729599,0.6900790333747864,0.9983083881374015,-0.0016916118329390883,0.0016916118329390883,-0.16916118329390883
Herwig_minus,71,MUR1.0_MUF1.0_PDF26135,pdf,2,0.21,0.42,0.6720393300056458,0.6719474196434021,0.9998632366319351,-0.00013676336675416678,0.00013676336675416678,-0.013676336675416678
Herwig_minus,71,MUR1.0_MUF1.0_PDF26135,pdf,3,0.42,0.63,0.6428124904632568,0.6428399682044983,1.000042746122157,4.274612365406938e-05,4.274612365406938e-05,0.004274612365406938
Herwig_minus,71,MUR1.0_MUF1.0_PDF26135,pdf,4,0.63,0.84,0.6500856876373291,0.650180995464325,1.0001466080992218,0.00014660810120403767,0.00014660810120403767,0.014660810120403767
Herwig_minus,71,MUR1.0_MUF1.0_PDF26135,pdf,5,0.84,1.05,0.6886215806007385,0.6885619759559631,0.9999134435422088,-8.655645797261968e-05,8.655645797261968e-05,-0.008655645797261968
Herwig_minus,71,MUR1.0_MUF1.0_PDF26135,pdf,6,1.05,1.37,0.6677588224411011,0.6679345369338989,1.0002631406533207,0.0002631406532600522,0.0002631406532600522,0.02631406532600522
Herwig_minus,71,MUR1.0_MUF1.0_PDF26135,pdf,7,1.37,1.52,0.6296678781509399,0.6325125098228455,1.0045176699822436,0.004517669789493084,0.004517669789493084,0.4517669789493084
Herwig_minus,71,MUR1.0_MUF1.0_PDF26135,pdf,8,1.52,1.74,0.6480627655982971,0.6483454704284668,1.000436230632551,0.00043623062083497643,0.00043623062083497643,0.043623062083497643
Herwig_minus,71,MUR1.0_MUF1.0_PDF26135,pdf,9,1.74,1.95,0.6190352439880371,0.618909478187561,0.9997968357994194,-0.0002031642070505768,0.0002031642070505768,-0.02031642070505768
Herwig_minus,71,MUR1.0_MUF1.0_PDF26135,pdf,10,1.95,2.18,0.6013617515563965,0.6040356159210205,1.0044463492360525,0.004446349106729031,0.004446349106729031,0.44463491067290306
Herwig_minus,71,MUR1.0_MUF1.0_PDF26135,pdf,11,2.18,2.5,0.6056520938873291,0.6088000535964966,1.0051976369617788,0.005197636783123016,0.005197636783123016,0.5197636783123016
Herwig_minus,72,MUR1.0_MUF1.0_PDF26136,pdf,1,0.0,0.21,0.69124835729599,0.6903187036514282,0.9986551090722322,-0.0013448909157887101,0.0013448909157887101,-0.134489091578871
Herwig_minus,72,MUR1.0_MUF1.0_PDF26136,pdf,2,0.21,0.42,0.6720393300056458,0.6720886826515198,1.000073437139272,7.343714241869748e-05,7.343714241869748e-05,0.007343714241869748
Herwig_minus,72,MUR1.0_MUF1.0_PDF26136,pdf,3,0.42,0.63,0.6428124904632568,0.6430078148841858,1.0003038590939455,0.0003038590948563069,0.0003038590948563069,0.03038590948563069
Herwig_minus,72,MUR1.0_MUF1.0_PDF26136,pdf,4,0.63,0.84,0.6500856876373291,0.6504390239715576,1.0005435227093102,0.000543522706720978,0.000543522706720978,0.0543522706720978
Herwig_minus,72,MUR1.0_MUF1.0_PDF26136,pdf,5,0.84,1.05,0.6886215806007385,0.6888088583946228,1.00027196039038,0.0002719603944569826,0.0002719603944569826,0.02719603944569826
Herwig_minus,72,MUR1.0_MUF1.0_PDF26136,pdf,6,1.05,1.37,0.6677588224411011,0.6680237650871277,1.000396763976937,0.0003967639640904963,0.0003967639640904963,0.03967639640904963
Herwig_minus,72,MUR1.0_MUF1.0_PDF26136,pdf,7,1.37,1.52,0.6296678781509399,0.6326411366462708,1.0047219472336146,0.004721947014331818,0.004721947014331818,0.47219470143318176
Herwig_minus,72,MUR1.0_MUF1.0_PDF26136,pdf,8,1.52,1.74,0.6480627655982971,0.6483673453330994,1.0004699849319705,0.00046998492325656116,0.00046998492325656116,0.046998492325656116
Herwig_minus,72,MUR1.0_MUF1.0_PDF26136,pdf,9,1.74,1.95,0.6190352439880371,0.6189337968826294,0.9998361206306217,-0.00016387937648687512,0.00016387937648687512,-0.01638793764868751
Herwig_minus,72,MUR1.0_MUF1.0_PDF26136,pdf,10,1.95,2.18,0.6013617515563965,0.6038958430290222,1.0042139219297987,0.0042139217257499695,0.0042139217257499695,0.42139217257499695
Herwig_minus,72,MUR1.0_MUF1.0_PDF26136,pdf,11,2.18,2.5,0.6056520938873291,0.6083480715751648,1.0044513636046921,0.004451363813132048,0.004451363813132048,0.44513638131320477
Herwig_minus,73,MUR1.0_MUF1.0_PDF26137,pdf,1,0.0,0.21,0.69124835729599,0.690121054649353,0.9983691785524862,-0.0016308214981108904,0.0016308214981108904,-0.16308214981108904
Herwig_minus,73,MUR1.0_MUF1.0_PDF26137,pdf,2,0.21,0.42,0.6720393300056458,0.6719925999641418,0.9999304653174041,-6.95346825523302e-05,6.95346825523302e-05,-0.00695346825523302
Herwig_minus,73,MUR1.0_MUF1.0_PDF26137,pdf,3,0.42,0.63,0.6428124904632568,0.6428906917572021,1.0001216549073104,0.00012165490625193343,0.00012165490625193343,0.012165490625193343
Herwig_minus,73,MUR1.0_MUF1.0_PDF26137,pdf,4,0.63,0.84,0.6500856876373291,0.6502526998519897,1.000256908001263,0.00025690800976008177,0.00025690800976008177,0.025690800976008177
Herwig_minus,73,MUR1.0_MUF1.0_PDF26137,pdf,5,0.84,1.05,0.6886215806007385,0.6886227130889893,1.000001644572698,1.6445726487290813e-06,1.6445726487290813e-06,0.00016445726487290813
Herwig_minus,73,MUR1.0_MUF1.0_PDF26137,pdf,6,1.05,1.37,0.6677588224411011,0.6679618954658508,1.0003041113317042,0.0003041113377548754,0.0003041113377548754,0.030411133775487542
Herwig_minus,73,MUR1.0_MUF1.0_PDF26137,pdf,7,1.37,1.52,0.6296678781509399,0.6326402425765991,1.0047205273268627,0.004720527213066816,0.004720527213066816,0.47205272130668163
Herwig_minus,73,MUR1.0_MUF1.0_PDF26137,pdf,8,1.52,1.74,0.6480627655982971,0.6483670473098755,1.000469525064131,0.0004695250536315143,0.0004695250536315143,0.04695250536315143
Herwig_minus,73,MUR1.0_MUF1.0_PDF26137,pdf,9,1.74,1.95,0.6190352439880371,0.6189184188842773,0.9998112787520673,-0.00018872124201152474,0.00018872124201152474,-0.018872124201152474
Herwig_minus,73,MUR1.0_MUF1.0_PDF26137,pdf,10,1.95,2.18,0.6013617515563965,0.6041250228881836,1.0045950234191574,0.004595023579895496,0.004595023579895496,0.45950235798954964
Herwig_minus,73,MUR1.0_MUF1.0_PDF26137,pdf,11,2.18,2.5,0.6056520938873291,0.6088051795959473,1.0052061005657231,0.005206100642681122,0.005206100642681122,0.5206100642681122
Herwig_minus,74,MUR1.0_MUF1.0_PDF26138,pdf,1,0.0,0.21,0.69124835729599,0.6901525855064392,0.9984147929206846,-0.0015852070646360517,0.0015852070646360517,-0.15852070646360517
Herwig_minus,74,MUR1.0_MUF1.0_PDF26138,pdf,2,0.21,0.42,0.6720393300056458,0.6719780564308167,0.99990882442129,-9.117557783611119e-05,9.117557783611119e-05,-0.009117557783611119
Herwig_minus,74,MUR1.0_MUF1.0_PDF26138,pdf,3,0.42,0.63,0.6428124904632568,0.6428736448287964,1.0000951356211132,9.513561963103712e-05,9.513561963103712e-05,0.009513561963103712
Herwig_minus,74,MUR1.0_MUF1.0_PDF26138,pdf,4,0.63,0.84,0.6500856876373291,0.650239109992981,1.0002360032816742,0.00023600328131578863,0.00023600328131578863,0.023600328131578863
Herwig_minus,74,MUR1.0_MUF1.0_PDF26138,pdf,5,0.84,1.05,0.6886215806007385,0.6886283159255981,1.0000097808797304,9.780879736354109e-06,9.780879736354109e-06,0.0009780879736354109
Herwig_minus,74,MUR1.0_MUF1.0_PDF26138,pdf,6,1.05,1.37,0.6677588224411011,0.6679535508155823,1.0002916148284935,0.0002916148223448545,0.0002916148223448545,0.029161482234485447
Herwig_minus,74,MUR1.0_MUF1.0_PDF26138,pdf,7,1.37,1.52,0.6296678781509399,0.6324625611305237,1.0044383445250384,0.004438344389200211,0.004438344389200211,0.44383443892002106
Herwig_minus,74,MUR1.0_MUF1.0_PDF26138,pdf,8,1.52,1.74,0.6480627655982971,0.6483454704284668,1.000436230632551,0.00043623062083497643,0.00043623062083497643,0.043623062083497643
Herwig_minus,74,MUR1.0_MUF1.0_PDF26138,pdf,9,1.74,1.95,0.6190352439880371,0.6189196109771729,0.999813204479087,-0.0001867955143097788,0.0001867955143097788,-0.01867955143097788
Herwig_minus,74,MUR1.0_MUF1.0_PDF26138,pdf,10,1.95,2.18,0.6013617515563965,0.6038992404937744,1.0042195715487567,0.004219571594148874,0.004219571594148874,0.42195715941488743
Herwig_minus,74,MUR1.0_MUF1.0_PDF26138,pdf,11,2.18,2.5,0.6056520938873291,0.6085414886474609,1.0047707170325897,0.004770717117935419,0.004770717117935419,0.4770717117935419
Herwig_minus,75,MUR1.0_MUF1.0_PDF26139,pdf,1,0.0,0.21,0.69124835729599,0.6909422278404236,0.9995571353590424,-0.0004428646352607757,0.0004428646352607757,-0.04428646352607757
Herwig_minus,75,MUR1.0_MUF1.0_PDF26139,pdf,2,0.21,0.42,0.6720393300056458,0.6721605658531189,1.0001803999290817,0.00018039993301499635,0.00018039993301499635,0.018039993301499635
Herwig_minus,75,MUR1.0_MUF1.0_PDF26139,pdf,3,0.42,0.63,0.6428124904632568,0.6429567337036133,1.0002243939601305,0.00022439396707341075,0.00022439396707341075,0.022439396707341075
Herwig_minus,75,MUR1.0_MUF1.0_PDF26139,pdf,4,0.63,0.84,0.6500856876373291,0.6503636837005615,1.0004276298779053,0.00042762988596223295,0.00042762988596223295,0.042762988596223295
Herwig_minus,75,MUR1.0_MUF1.0_PDF26139,pdf,5,0.84,1.05,0.6886215806007385,0.6888719797134399,1.0003636236791809,0.0003636236651800573,0.0003636236651800573,0.03636236651800573
Herwig_minus,75,MUR1.0_MUF1.0_PDF26139,pdf,6,1.05,1.37,0.6677588224411011,0.6681544184684753,1.0005924235129207,0.0005924234865233302,0.0005924234865233302,0.05924234865233302
Herwig_minus,75,MUR1.0_MUF1.0_PDF26139,pdf,7,1.37,1.52,0.6296678781509399,0.6313048005104065,1.002599659941799,0.0025996598415076733,0.0025996598415076733,0.2599659841507673
Herwig_minus,75,MUR1.0_MUF1.0_PDF26139,pdf,8,1.52,1.74,0.6480627655982971,0.6486064791679382,1.0008389828863862,0.0008389828726649284,0.0008389828726649284,0.08389828726649284
Herwig_minus,75,MUR1.0_MUF1.0_PDF26139,pdf,9,1.74,1.95,0.6190352439880371,0.6192516684532166,1.0003496157404306,0.00034961572964675725,0.00034961572964675725,0.034961572964675725
Herwig_minus,75,MUR1.0_MUF1.0_PDF26139,pdf,10,1.95,2.18,0.6013617515563965,0.6029171347618103,1.0025864352054121,0.002586435293778777,0.002586435293778777,0.2586435293778777
Herwig_minus,75,MUR1.0_MUF1.0_PDF26139,pdf,11,2.18,2.5,0.6056520938873291,0.6066937446594238,1.0017198830526763,0.0017198830610141158,0.0017198830610141158,0.17198830610141158
Herwig_minus,76,MUR1.0_MUF1.0_PDF26140,pdf,1,0.0,0.21,0.69124835729599,0.6893603801727295,0.9972687426981443,-0.002731257351115346,0.002731257351115346,-0.2731257351115346
Herwig_minus,76,MUR1.0_MUF1.0_PDF26140,pdf,2,0.21,0.42,0.6720393300056458,0.6718119978904724,0.9996617279599225,-0.000338272046064958,0.000338272046064958,-0.0338272046064958
Herwig_minus,76,MUR1.0_MUF1.0_PDF26140,pdf,3,0.42,0.63,0.6428124904632568,0.6428046822547913,0.9999878530542243,-1.2146945664426312e-05,1.2146945664426312e-05,-0.0012146945664426312
Herwig_minus,76,MUR1.0_MUF1.0_PDF26140,pdf,4,0.63,0.84,0.6500856876373291,0.6500539183616638,0.9999511306335928,-4.886936585535295e-05,4.886936585535295e-05,-0.004886936585535295
Herwig_minus,76,MUR1.0_MUF1.0_PDF26140,pdf,5,0.84,1.05,0.6886215806007385,0.6882560849189758,0.9994692358008243,-0.000530764227733016,0.000530764227733016,-0.0530764227733016
Herwig_minus,76,MUR1.0_MUF1.0_PDF26140,pdf,6,1.05,1.37,0.6677588224411011,0.6676607131958008,0.999853076826538,-0.00014692317927256227,0.00014692317927256227,-0.014692317927256227
Herwig_minus,76,MUR1.0_MUF1.0_PDF26140,pdf,7,1.37,1.52,0.6296678781509399,0.6336420178413391,1.0063114855121233,0.006311485543847084,0.006311485543847084,0.6311485543847084
Herwig_minus,76,MUR1.0_MUF1.0_PDF26140,pdf,8,1.52,1.74,0.6480627655982971,0.6479088664054871,0.9997625242476815,-0.00023747574596200138,0.00023747574596200138,-0.02374757459620014
Herwig_minus,76,MUR1.0_MUF1.0_PDF26140,pdf,9,1.74,1.95,0.6190352439880371,0.6184946298599243,0.9991266827965561,-0.0008733171853236854,0.0008733171853236854,-0.08733171853236854
Herwig_minus,76,MUR1.0_MUF1.0_PDF26140,pdf,10,1.95,2.18,0.6013617515563965,0.6049380302429199,1.0059469673241899,0.005946967285126448,0.005946967285126448,0.5946967285126448
Herwig_minus,76,MUR1.0_MUF1.0_PDF26140,pdf,11,2.18,2.5,0.6056520938873291,0.6107315421104431,1.0083867426107818,0.008386742323637009,0.008386742323637009,0.8386742323637009
Herwig_minus,77,MUR1.0_MUF1.0_PDF26141,pdf,1,0.0,0.21,0.69124835729599,0.6893050074577332,0.997188637314295,-0.00281136273406446,0.00281136273406446,-0.281136273406446
Herwig_minus,77,MUR1.0_MUF1.0_PDF26141,pdf,2,0.21,0.42,0.6720393300056458,0.6718916296958923,0.9997802207353665,-0.00021977926371619105,0.00021977926371619105,-0.021977926371619105
Herwig_minus,77,MUR1.0_MUF1.0_PDF26141,pdf,3,0.42,0.63,0.6428124904632568,0.6428285241127014,1.0000249429649897,2.49429649556987e-05,2.49429649556987e-05,0.00249429649556987
Herwig_minus,77,MUR1.0_MUF1.0_PDF26141,pdf,4,0.63,0.84,0.6500856876373291,0.6499161720275879,0.999739241129339,-0.0002607588830869645,0.0002607588830869645,-0.02607588830869645
Herwig_minus,77,MUR1.0_MUF1.0_PDF26141,pdf,5,0.84,1.05,0.6886215806007385,0.6880236268043518,0.9991316656154385,-0.0008683343767188489,0.0008683343767188489,-0.0868334376718849
Herwig_minus,77,MUR1.0_MUF1.0_PDF26141,pdf,6,1.05,1.37,0.6677588224411011,0.667594850063324,0.9997544437119114,-0.00024555629352107644,0.00024555629352107644,-0.024555629352107644
Herwig_minus,77,MUR1.0_MUF1.0_PDF26141,pdf,7,1.37,1.52,0.6296678781509399,0.6341314315795898,1.0070887424681045,0.007088742684572935,0.007088742684572935,0.7088742684572935
Herwig_minus,77,MUR1.0_MUF1.0_PDF26141,pdf,8,1.52,1.74,0.6480627655982971,0.6479693651199341,0.9998558774191003,-0.0001441225758753717,0.0001441225758753717,-0.01441225758753717
Herwig_minus,77,MUR1.0_MUF1.0_PDF26141,pdf,9,1.74,1.95,0.6190352439880371,0.6184741854667664,0.999093656578168,-0.000906343397218734,0.000906343397218734,-0.0906343397218734
Herwig_minus,77,MUR1.0_MUF1.0_PDF26141,pdf,10,1.95,2.18,0.6013617515563965,0.6060970425605774,1.0078742803178375,0.007874280214309692,0.007874280214309692,0.7874280214309692
Herwig_minus,77,MUR1.0_MUF1.0_PDF26141,pdf,11,2.18,2.5,0.6056520938873291,0.6123541593551636,1.0110658669151424,0.01106586679816246,0.01106586679816246,1.106586679816246
Herwig_minus,78,MUR1.0_MUF1.0_PDF26142,pdf,1,0.0,0.21,0.69124835729599,0.6912685632705688,1.0000292311357641,2.9231136068119667e-05,2.9231136068119667e-05,0.0029231136068119667
Herwig_minus,78,MUR1.0_MUF1.0_PDF26142,pdf,2,0.21,0.42,0.6720393300056458,0.6721721887588501,1.0001976949075335,0.0001976949133677408,0.0001976949133677408,0.01976949133677408
Herwig_minus,78,MUR1.0_MUF1.0_PDF26142,pdf,3,0.42,0.63,0.6428124904632568,0.6429298520088196,1.0001825750857427,0.00018257508054375648,0.00018257508054375648,0.01825750805437565
Herwig_minus,78,MUR1.0_MUF1.0_PDF26142,pdf,4,0.63,0.84,0.6500856876373291,0.650367021560669,1.000432764370436,0.0004327643837314099,0.0004327643837314099,0.04327643837314099
Herwig_minus,78,MUR1.0_MUF1.0_PDF26142,pdf,5,0.84,1.05,0.6886215806007385,0.6888973712921143,1.0004004967302,0.0004004967340733856,0.0004004967340733856,0.04004967340733856
Herwig_minus,78,MUR1.0_MUF1.0_PDF26142,pdf,6,1.05,1.37,0.6677588224411011,0.6680325269699097,1.0004098853053083,0.00040988530963659286,0.00040988530963659286,0.040988530963659286
Herwig_minus,78,MUR1.0_MUF1.0_PDF26142,pdf,7,1.37,1.52,0.6296678781509399,0.6301800608634949,1.0008134172479293,0.0008134172530844808,0.0008134172530844808,0.08134172530844808
Herwig_minus,78,MUR1.0_MUF1.0_PDF26142,pdf,8,1.52,1.74,0.6480627655982971,0.6484532356262207,1.0006025188433147,0.0006025188486091793,0.0006025188486091793,0.060251884860917926
Herwig_minus,78,MUR1.0_MUF1.0_PDF26142,pdf,9,1.74,1.95,0.6190352439880371,0.619229257106781,1.0003134120724597,0.00031341207795776427,0.00031341207795776427,0.03134120779577643
Herwig_minus,78,MUR1.0_MUF1.0_PDF26142,pdf,10,1.95,2.18,0.6013617515563965,0.6015770435333252,1.0003580074329161,0.00035800744080916047,0.00035800744080916047,0.03580074408091605
Herwig_minus,78,MUR1.0_MUF1.0_PDF26142,pdf,11,2.18,2.5,0.6056520938873291,0.6050509810447693,0.9990074948165346,-0.0009925052290782332,0.0009925052290782332,-0.09925052290782332
Herwig_minus,79,MUR1.0_MUF1.0_PDF26143,pdf,1,0.0,0.21,0.69124835729599,0.6903298497200012,0.998671233622049,-0.0013287663459777832,0.0013287663459777832,-0.13287663459777832
Herwig_minus,79,MUR1.0_MUF1.0_PDF26143,pdf,2,0.21,0.42,0.6720393300056458,0.6720142364501953,0.9999626605849836,-3.733941412065178e-05,3.733941412065178e-05,-0.003733941412065178
Herwig_minus,79,MUR1.0_MUF1.0_PDF26143,pdf,3,0.42,0.63,0.6428124904632568,0.6429474353790283,1.000209928894932,0.0002099288976751268,0.0002099288976751268,0.02099288976751268
Herwig_minus,79,MUR1.0_MUF1.0_PDF26143,pdf,4,0.63,0.84,0.6500856876373291,0.650370717048645,1.0004384489871663,0.0004384489730000496,0.0004384489730000496,0.04384489730000496
Herwig_minus,79,MUR1.0_MUF1.0_PDF26143,pdf,5,0.84,1.05,0.6886215806007385,0.6887620687484741,1.000204013571014,0.00020401357323862612,0.00020401357323862612,0.020401357323862612
Herwig_minus,79,MUR1.0_MUF1.0_PDF26143,pdf,6,1.05,1.37,0.6677588224411011,0.6679382920265198,1.0002687640797656,0.00026876406627707183,0.00026876406627707183,0.026876406627707183
Herwig_minus,79,MUR1.0_MUF1.0_PDF26143,pdf,7,1.37,1.52,0.6296678781509399,0.6322147250175476,1.0040447463734161,0.0040447465144097805,0.0040447465144097805,0.40447465144097805
Herwig_minus,79,MUR1.0_MUF1.0_PDF26143,pdf,8,1.52,1.74,0.6480627655982971,0.6481263041496277,1.0000980438233817,9.804381988942623e-05,9.804381988942623e-05,0.009804381988942623
Herwig_minus,79,MUR1.0_MUF1.0_PDF26143,pdf,9,1.74,1.95,0.6190352439880371,0.6188398599624634,0.9996843733414676,-0.00031562664662487805,0.00031562664662487805,-0.031562664662487805
Herwig_minus,79,MUR1.0_MUF1.0_PDF26143,pdf,10,1.95,2.18,0.6013617515563965,0.6032530069351196,1.0031449545532758,0.00314495456404984,0.00314495456404984,0.314495456404984
Herwig_minus,79,MUR1.0_MUF1.0_PDF26143,pdf,11,2.18,2.5,0.6056520938873291,0.6079491376876831,1.003792678707029,0.003792678704485297,0.003792678704485297,0.3792678704485297
Herwig_minus,80,MUR1.0_MUF1.0_PDF26144,pdf,1,0.0,0.21,0.69124835729599,0.6903194785118103,0.9986562300302408,-0.0013437699526548386,0.0013437699526548386,-0.13437699526548386
Herwig_minus,80,MUR1.0_MUF1.0_PDF26144,pdf,2,0.21,0.42,0.6720393300056458,0.6720659732818604,1.0000396454121434,3.964541247114539e-05,3.964541247114539e-05,0.003964541247114539
Herwig_minus,80,MUR1.0_MUF1.0_PDF26144,pdf,3,0.42,0.63,0.6428124904632568,0.6428090929985046,0.999994714687716,-5.285312454361701e-06,5.285312454361701e-06,-0.0005285312454361701
Herwig_minus,80,MUR1.0_MUF1.0_PDF26144,pdf,4,0.63,0.84,0.6500856876373291,0.6499837636947632,0.9998432146030836,-0.00015678539057262242,0.00015678539057262242,-0.015678539057262242
Herwig_minus,80,MUR1.0_MUF1.0_PDF26144,pdf,5,0.84,1.05,0.6886215806007385,0.6882816553115845,0.9995063685212167,-0.0004936314653605223,0.0004936314653605223,-0.04936314653605223
Herwig_minus,80,MUR1.0_MUF1.0_PDF26144,pdf,6,1.05,1.37,0.6677588224411011,0.6678259968757629,1.0001005968508454,0.0001005968515528366,0.0001005968515528366,0.01005968515528366
Herwig_minus,80,MUR1.0_MUF1.0_PDF26144,pdf,7,1.37,1.52,0.6296678781509399,0.6321518421173096,1.0039448795985337,0.003944879397749901,0.003944879397749901,0.3944879397749901
Herwig_minus,80,MUR1.0_MUF1.0_PDF26144,pdf,8,1.52,1.74,0.6480627655982971,0.6485355496406555,1.0007295343405849,0.0007295343675650656,0.0007295343675650656,0.07295343675650656
Herwig_minus,80,MUR1.0_MUF1.0_PDF26144,pdf,9,1.74,1.95,0.6190352439880371,0.6190430521965027,1.0000126135119791,1.2613511898962315e-05,1.2613511898962315e-05,0.0012613511898962315
Herwig_minus,80,MUR1.0_MUF1.0_PDF26144,pdf,10,1.95,2.18,0.6013617515563965,0.6047183275222778,1.0055816252982404,0.005581625271588564,0.005581625271588564,0.5581625271588564
Herwig_minus,80,MUR1.0_MUF1.0_PDF26144,pdf,11,2.18,2.5,0.6056520938873291,0.6096448302268982,1.0065924585745953,0.006592458579689264,0.006592458579689264,0.6592458579689264
Herwig_minus,81,MUR1.0_MUF1.0_PDF26145,pdf,1,0.0,0.21,0.69124835729599,0.6909506916999817,0.9995693796695985,-0.0004306203336454928,0.0004306203336454928,-0.04306203336454928
Herwig_minus,81,MUR1.0_MUF1.0_PDF26145,pdf,2,0.21,0.42,0.6720393300056458,0.6721010804176331,1.0000918851162874,9.188511467073113e-05,9.188511467073113e-05,0.009188511467073113
Herwig_minus,81,MUR1.0_MUF1.0_PDF26145,pdf,3,0.42,0.63,0.6428124904632568,0.6429510712623596,1.0002155851063237,0.00021558511070907116,0.00021558511070907116,0.021558511070907116
Herwig_minus,81,MUR1.0_MUF1.0_PDF26145,pdf,4,0.63,0.84,0.6500856876373291,0.6505829095840454,1.0007648560123257,0.0007648559985682368,0.0007648559985682368,0.07648559985682368
Herwig_minus,81,MUR1.0_MUF1.0_PDF26145,pdf,5,0.84,1.05,0.6886215806007385,0.6892009377479553,1.0008413287697306,0.000841328757815063,0.000841328757815063,0.0841328757815063
Herwig_minus,81,MUR1.0_MUF1.0_PDF26145,pdf,6,1.05,1.37,0.6677588224411011,0.6683879494667053,1.0009421470813435,0.0009421471040695906,0.0009421471040695906,0.09421471040695906
Herwig_minus,81,MUR1.0_MUF1.0_PDF26145,pdf,7,1.37,1.52,0.6296678781509399,0.6311901807785034,1.0024176278962074,0.0024176279548555613,0.0024176279548555613,0.24176279548555613
Herwig_minus,81,MUR1.0_MUF1.0_PDF26145,pdf,8,1.52,1.74,0.6480627655982971,0.6488455533981323,1.0012078888672342,0.001207888824865222,0.001207888824865222,0.1207888824865222
Herwig_minus,81,MUR1.0_MUF1.0_PDF26145,pdf,9,1.74,1.95,0.6190352439880371,0.6194537878036499,1.0006761227566243,0.0006761227850802243,0.0006761227850802243,0.06761227850802243
Herwig_minus,81,MUR1.0_MUF1.0_PDF26145,pdf,10,1.95,2.18,0.6013617515563965,0.6021121144294739,1.0012477728607372,0.0012477728305384517,0.0012477728305384517,0.12477728305384517
Herwig_minus,81,MUR1.0_MUF1.0_PDF26145,pdf,11,2.18,2.5,0.6056520938873291,0.6049394011497498,0.9988232638097476,-0.001176736201159656,0.001176736201159656,-0.1176736201159656
Herwig_minus,82,MUR1.0_MUF1.0_PDF26146,pdf,1,0.0,0.21,0.69124835729599,0.690194308757782,0.9984751521980736,-0.0015248478157445788,0.0015248478157445788,-0.15248478157445788
Herwig_minus,82,MUR1.0_MUF1.0_PDF26146,pdf,2,0.21,0.42,0.6720393300056458,0.6719759702682495,0.9999057201943885,-9.427980694454163e-05,9.427980694454163e-05,-0.009427980694454163
Herwig_minus,82,MUR1.0_MUF1.0_PDF26146,pdf,3,0.42,0.63,0.6428124904632568,0.6429834961891174,1.0002660273849646,0.00026602737489156425,0.00026602737489156425,0.026602737489156425
Herwig_minus,82,MUR1.0_MUF1.0_PDF26146,pdf,4,0.63,0.84,0.6500856876373291,0.6502169966697693,1.000201987268659,0.00020198726269882172,0.00020198726269882172,0.020198726269882172
Herwig_minus,82,MUR1.0_MUF1.0_PDF26146,pdf,5,0.84,1.05,0.6886215806007385,0.6884409189224243,0.9997376473764348,-0.0002623526379466057,0.0002623526379466057,-0.026235263794660568
Herwig_minus,82,MUR1.0_MUF1.0_PDF26146,pdf,6,1.05,1.37,0.6677588224411011,0.6676528453826904,0.9998412944092251,-0.00015870558854658157,0.00015870558854658157,-0.015870558854658157
Herwig_minus,82,MUR1.0_MUF1.0_PDF26146,pdf,7,1.37,1.52,0.6296678781509399,0.6326315402984619,1.0047067069011444,0.00470670685172081,0.00470670685172081,0.470670685172081
Herwig_minus,82,MUR1.0_MUF1.0_PDF26146,pdf,8,1.52,1.74,0.6480627655982971,0.6466482877731323,0.9978173752601587,-0.0021826247684657574,0.0021826247684657574,-0.21826247684657574
Herwig_minus,82,MUR1.0_MUF1.0_PDF26146,pdf,9,1.74,1.95,0.6190352439880371,0.6184074282646179,0.9989858158650635,-0.001014184090308845,0.001014184090308845,-0.1014184090308845
Herwig_minus,82,MUR1.0_MUF1.0_PDF26146,pdf,10,1.95,2.18,0.6013617515563965,0.6022023558616638,1.001397834669551,0.001397834625095129,0.001397834625095129,0.1397834625095129
Herwig_minus,82,MUR1.0_MUF1.0_PDF26146,pdf,11,2.18,2.5,0.6056520938873291,0.6087190508842468,1.0050638923366593,0.005063892342150211,0.005063892342150211,0.5063892342150211
Herwig_minus,83,MUR1.0_MUF1.0_PDF26147,pdf,1,0.0,0.21,0.69124835729599,0.689865231513977,0.997999089954552,-0.002000909997150302,0.002000909997150302,-0.2000909997150302
Herwig_minus,83,MUR1.0_MUF1.0_PDF26147,pdf,2,0.21,0.42,0.6720393300056458,0.6718932390213013,0.9997826154246906,-0.00021738457144238055,0.00021738457144238055,-0.021738457144238055
Herwig_minus,83,MUR1.0_MUF1.0_PDF26147,pdf,3,0.42,0.63,0.6428124904632568,0.6427866816520691,0.9999598501715965,-4.014982914668508e-05,4.014982914668508e-05,-0.004014982914668508
Herwig_minus,83,MUR1.0_MUF1.0_PDF26147,pdf,4,0.63,0.84,0.6500856876373291,0.6501762270927429,1.0001392731098924,0.00013927310646977276,0.00013927310646977276,0.013927310646977276
Herwig_minus,83,MUR1.0_MUF1.0_PDF26147,pdf,5,0.84,1.05,0.6886215806007385,0.6886165738105774,0.9999927292575456,-7.27074257156346e-06,7.27074257156346e-06,-0.000727074257156346
Herwig_minus,83,MUR1.0_MUF1.0_PDF26147,pdf,6,1.05,1.37,0.6677588224411011,0.6680572032928467,1.0004468392505168,0.00044683925807476044,0.00044683925807476044,0.044683925807476044
Herwig_minus,83,MUR1.0_MUF1.0_PDF26147,pdf,7,1.37,1.52,0.6296678781509399,0.6326943635940552,1.0048064790155768,0.004806478973478079,0.004806478973478079,0.4806478973478079
Herwig_minus,83,MUR1.0_MUF1.0_PDF26147,pdf,8,1.52,1.74,0.6480627655982971,0.6484336853027344,1.0005723515130434,0.0005723515059798956,0.0005723515059798956,0.05723515059798956
Herwig_minus,83,MUR1.0_MUF1.0_PDF26147,pdf,9,1.74,1.95,0.6190352439880371,0.61892169713974,0.9998165745013715,-0.00018342549446970224,0.00018342549446970224,-0.018342549446970224
Herwig_minus,83,MUR1.0_MUF1.0_PDF26147,pdf,10,1.95,2.18,0.6013617515563965,0.6040158271789551,1.0044134426835254,0.004413442686200142,0.004413442686200142,0.4413442686200142
Herwig_minus,83,MUR1.0_MUF1.0_PDF26147,pdf,11,2.18,2.5,0.6056520938873291,0.6080194711685181,1.0039088072262645,0.003908807411789894,0.003908807411789894,0.3908807411789894
Herwig_minus,84,MUR1.0_MUF1.0_PDF26148,pdf,1,0.0,0.21,0.69124835729599,0.6898112893104553,0.9979210540316419,-0.00207894598133862,0.00207894598133862,-0.20789459813386202
Herwig_minus,84,MUR1.0_MUF1.0_PDF26148,pdf,2,0.21,0.42,0.6720393300056458,0.671746551990509,0.9995643439274093,-0.00043565608211793005,0.00043565608211793005,-0.043565608211793005
Herwig_minus,84,MUR1.0_MUF1.0_PDF26148,pdf,3,0.42,0.63,0.6428124904632568,0.6426559090614319,0.9997564120110484,-0.0002435879869153723,0.0002435879869153723,-0.02435879869153723
Herwig_minus,84,MUR1.0_MUF1.0_PDF26148,pdf,4,0.63,0.84,0.6500856876373291,0.6499664783477783,0.9998166252667644,-0.0001833747373893857,0.0001833747373893857,-0.01833747373893857
Herwig_minus,84,MUR1.0_MUF1.0_PDF26148,pdf,5,0.84,1.05,0.6886215806007385,0.6883630156517029,0.9996245180861016,-0.0003754819044843316,0.0003754819044843316,-0.03754819044843316
Herwig_minus,84,MUR1.0_MUF1.0_PDF26148,pdf,6,1.05,1.37,0.6677588224411011,0.6678829789161682,1.0001859301156266,0.00018593011191114783,0.00018593011191114783,0.018593011191114783
Herwig_minus,84,MUR1.0_MUF1.0_PDF26148,pdf,7,1.37,1.52,0.6296678781509399,0.632540762424469,1.0045625390356032,0.0045625390484929085,0.0045625390484929085,0.45625390484929085
Herwig_minus,84,MUR1.0_MUF1.0_PDF26148,pdf,8,1.52,1.74,0.6480627655982971,0.6484598517417908,1.0006127279093515,0.0006127278902567923,0.0006127278902567923,0.06127278902567923
Herwig_minus,84,MUR1.0_MUF1.0_PDF26148,pdf,9,1.74,1.95,0.6190352439880371,0.6190831661224365,1.0000774142261928,7.741422450635582e-05,7.741422450635582e-05,0.007741422450635582
Herwig_minus,84,MUR1.0_MUF1.0_PDF26148,pdf,10,1.95,2.18,0.6013617515563965,0.6043708920478821,1.0050038774226955,0.005003877449780703,0.005003877449780703,0.5003877449780703
Herwig_minus,84,MUR1.0_MUF1.0_PDF26148,pdf,11,2.18,2.5,0.6056520938873291,0.6103359460830688,1.007733568897082,0.007733569014817476,0.007733569014817476,0.7733569014817476
Herwig_minus,85,MUR1.0_MUF1.0_PDF26149,pdf,1,0.0,0.21,0.69124835729599,0.6901729106903076,0.9984441965115269,-0.0015558034647256136,0.0015558034647256136,-0.15558034647256136
Herwig_minus,85,MUR1.0_MUF1.0_PDF26149,pdf,2,0.21,0.42,0.6720393300056458,0.6719915270805359,0.9999288688578547,-7.113114406820387e-05,7.113114406820387e-05,-0.007113114406820387
Herwig_minus,85,MUR1.0_MUF1.0_PDF26149,pdf,3,0.42,0.63,0.6428124904632568,0.6428920030593872,1.0001236948524026,0.00012369485921226442,0.00012369485921226442,0.012369485921226442
Herwig_minus,85,MUR1.0_MUF1.0_PDF26149,pdf,4,0.63,0.84,0.6500856876373291,0.6502639651298523,1.0002742369135538,0.0002742369251791388,0.0002742369251791388,0.027423692517913878
Herwig_minus,85,MUR1.0_MUF1.0_PDF26149,pdf,5,0.84,1.05,0.6886215806007385,0.6886548399925232,1.0000482985034476,4.829850513488054e-05,4.829850513488054e-05,0.004829850513488054
Herwig_minus,85,MUR1.0_MUF1.0_PDF26149,pdf,6,1.05,1.37,0.6677588224411011,0.6679711937904358,1.0003180360067103,0.00031803600722923875,0.00031803600722923875,0.031803600722923875
Herwig_minus,85,MUR1.0_MUF1.0_PDF26149,pdf,7,1.37,1.52,0.6296678781509399,0.6324824690818787,1.0044699611153802,0.004469960927963257,0.004469960927963257,0.4469960927963257
Herwig_minus,85,MUR1.0_MUF1.0_PDF26149,pdf,8,1.52,1.74,0.6480627655982971,0.6483415961265564,1.0004302523506374,0.00043025234481319785,0.00043025234481319785,0.043025234481319785
Herwig_minus,85,MUR1.0_MUF1.0_PDF26149,pdf,9,1.74,1.95,0.6190352439880371,0.6189146041870117,0.9998051164256042,-0.0001948835706571117,0.0001948835706571117,-0.01948835706571117
Herwig_minus,85,MUR1.0_MUF1.0_PDF26149,pdf,10,1.95,2.18,0.6013617515563965,0.6038716435432434,1.0041736807842385,0.004173680674284697,0.004173680674284697,0.41736806742846966
Herwig_minus,85,MUR1.0_MUF1.0_PDF26149,pdf,11,2.18,2.5,0.6056520938873291,0.6084215641021729,1.0045727080658933,0.004572708159685135,0.004572708159685135,0.4572708159685135
Herwig_minus,86,MUR1.0_MUF1.0_PDF26150,pdf,1,0.0,0.21,0.69124835729599,0.6901049017906189,0.9983458108893828,-0.0016541890799999237,0.0016541890799999237,-0.16541890799999237
Herwig_minus,86,MUR1.0_MUF1.0_PDF26150,pdf,2,0.21,0.42,0.6720393300056458,0.671974241733551,0.9999031481206699,-9.685187978902832e-05,9.685187978902832e-05,-0.009685187978902832
Herwig_minus,86,MUR1.0_MUF1.0_PDF26150,pdf,3,0.42,0.63,0.6428124904632568,0.6428699493408203,1.0000893866849445,8.93866817932576e-05,8.93866817932576e-05,0.00893866817932576
Herwig_minus,86,MUR1.0_MUF1.0_PDF26150,pdf,4,0.63,0.84,0.6500856876373291,0.6502228379249573,1.0002109726305877,0.0002109726337948814,0.0002109726337948814,0.02109726337948814
Herwig_minus,86,MUR1.0_MUF1.0_PDF26150,pdf,5,0.84,1.05,0.6886215806007385,0.6885943412780762,0.9999604436987894,-3.955630018026568e-05,3.955630018026568e-05,-0.003955630018026568
Herwig_minus,86,MUR1.0_MUF1.0_PDF26150,pdf,6,1.05,1.37,0.6677588224411011,0.667940616607666,1.000272245248517,0.0002722452627494931,0.0002722452627494931,0.027224526274949312
Herwig_minus,86,MUR1.0_MUF1.0_PDF26150,pdf,7,1.37,1.52,0.6296678781509399,0.6325821280479431,1.0046282333879903,0.00462823361158371,0.00462823361158371,0.46282336115837097
Herwig_minus,86,MUR1.0_MUF1.0_PDF26150,pdf,8,1.52,1.74,0.6480627655982971,0.6483557820320129,1.0004521420597978,0.0004521420632954687,0.0004521420632954687,0.04521420632954687
Herwig_minus,86,MUR1.0_MUF1.0_PDF26150,pdf,9,1.74,1.95,0.6190352439880371,0.6189128160476685,0.9998022278350746,-0.0001977721694856882,0.0001977721694856882,-0.01977721694856882
Herwig_minus,86,MUR1.0_MUF1.0_PDF26150,pdf,10,1.95,2.18,0.6013617515563965,0.604080080986023,1.0045202898631167,0.004520290065556765,0.004520290065556765,0.45202900655567646
Herwig_minus,86,MUR1.0_MUF1.0_PDF26150,pdf,11,2.18,2.5,0.6056520938873291,0.6088271141052246,1.0052423169174847,0.005242316983640194,0.005242316983640194,0.5242316983640194
Herwig_minus,87,MUR1.0_MUF1.0_PDF26151,pdf,1,0.0,0.21,0.69124835729599,0.6901350021362305,0.998389355796642,-0.0016106441617012024,0.0016106441617012024,-0.16106441617012024
Herwig_minus,87,MUR1.0_MUF1.0_PDF26151,pdf,2,0.21,0.42,0.6720393300056458,0.6719819903373718,0.9999146781063045,-8.532189531251788e-05,8.532189531251788e-05,-0.008532189531251788
Herwig_minus,87,MUR1.0_MUF1.0_PDF26151,pdf,3,0.42,0.63,0.6428124904632568,0.6428811550140381,1.0001068189430042,0.00010681894491426647,0.00010681894491426647,0.010681894491426647
Herwig_minus,87,MUR1.0_MUF1.0_PDF26151,pdf,4,0.63,0.84,0.6500856876373291,0.6502425074577332,1.0002412294615715,0.0002412294561509043,0.0002412294561509043,0.02412294561509043
Herwig_minus,87,MUR1.0_MUF1.0_PDF26151,pdf,5,0.84,1.05,0.6886215806007385,0.6886207461357117,0.9999987882095909,-1.2117903906982974e-06,1.2117903906982974e-06,-0.00012117903906982974
Herwig_minus,87,MUR1.0_MUF1.0_PDF26151,pdf,6,1.05,1.37,0.6677588224411011,0.6679530143737793,1.0002908114818585,0.00029081146931275725,0.00029081146931275725,0.029081146931275725
Herwig_minus,87,MUR1.0_MUF1.0_PDF26151,pdf,7,1.37,1.52,0.6296678781509399,0.6325377225875854,1.0045577113526467,0.004557711537927389,0.004557711537927389,0.4557711537927389
Herwig_minus,87,MUR1.0_MUF1.0_PDF26151,pdf,8,1.52,1.74,0.6480627655982971,0.6483485698699951,1.0004410132580819,0.0004410132532939315,0.0004410132532939315,0.04410132532939315
Herwig_minus,87,MUR1.0_MUF1.0_PDF26151,pdf,9,1.74,1.95,0.6190352439880371,0.6189127564430237,0.9998021315487235,-0.00019786844495683908,0.00019786844495683908,-0.01978684449568391
Herwig_minus,87,MUR1.0_MUF1.0_PDF26151,pdf,10,1.95,2.18,0.6013617515563965,0.6039907932281494,1.0043718139122562,0.004371813964098692,0.004371813964098692,0.4371813964098692
Herwig_minus,87,MUR1.0_MUF1.0_PDF26151,pdf,11,2.18,2.5,0.6056520938873291,0.6086535453796387,1.0049557353513714,0.004955735523253679,0.004955735523253679,0.4955735523253679
Herwig_minus,88,MUR1.0_MUF1.0_PDF26152,pdf,1,0.0,0.21,0.69124835729599,0.6901347041130066,0.9983889246589464,-0.0016110753640532494,0.0016110753640532494,-0.16110753640532494
Herwig_minus,88,MUR1.0_MUF1.0_PDF26152,pdf,2,0.21,0.42,0.6720393300056458,0.6719821691513062,0.9999149441828961,-8.50558135425672e-05,8.50558135425672e-05,-0.00850558135425672
Herwig_minus,88,MUR1.0_MUF1.0_PDF26152,pdf,3,0.42,0.63,0.6428124904632568,0.6428812146186829,1.0001069116677812,0.00010691166971810162,0.00010691166971810162,0.010691166971810162
Herwig_minus,88,MUR1.0_MUF1.0_PDF26152,pdf,4,0.63,0.84,0.6500856876373291,0.6502423882484436,1.0002410460868383,0.00024104608746711165,0.00024104608746711165,0.024104608746711165
Herwig_minus,88,MUR1.0_MUF1.0_PDF26152,pdf,5,0.84,1.05,0.6886215806007385,0.6886208057403564,0.9999988747660488,-1.1252340073042433e-06,1.1252340073042433e-06,-0.00011252340073042433
Herwig_minus,88,MUR1.0_MUF1.0_PDF26152,pdf,6,1.05,1.37,0.6677588224411011,0.6679531335830688,1.000290990003333,0.00029098999220877886,0.00029098999220877886,0.029098999220877886
Herwig_minus,88,MUR1.0_MUF1.0_PDF26152,pdf,7,1.37,1.52,0.6296678781509399,0.6325376629829407,1.0045576166921966,0.004557616543024778,0.004557616543024778,0.45576165430247784
Herwig_minus,88,MUR1.0_MUF1.0_PDF26152,pdf,8,1.52,1.74,0.6480627655982971,0.6483486294746399,1.0004411052316498,0.00044110522139817476,0.00044110522139817476,0.044110522139817476
Herwig_minus,88,MUR1.0_MUF1.0_PDF26152,pdf,9,1.74,1.95,0.6190352439880371,0.6189128756523132,0.9998023241214256,-0.0001976758794626221,0.0001976758794626221,-0.01976758794626221
Herwig_minus,88,MUR1.0_MUF1.0_PDF26152,pdf,10,1.95,2.18,0.6013617515563965,0.6039904356002808,1.0043712192155236,0.0043712193146348,0.0043712193146348,0.43712193146348
Herwig_minus,88,MUR1.0_MUF1.0_PDF26152,pdf,11,2.18,2.5,0.6056520938873291,0.6086534857749939,1.004955636937372,0.00495563680306077,0.00495563680306077,0.495563680306077
Herwig_minus,89,MUR1.0_MUF1.0_PDF26153,pdf,1,0.0,0.21,0.69124835729599,0.6901347041130066,0.9983889246589464,-0.0016110753640532494,0.0016110753640532494,-0.16110753640532494
Herwig_minus,89,MUR1.0_MUF1.0_PDF26153,pdf,2,0.21,0.42,0.6720393300056458,0.6719822883605957,0.9999151215672905,-8.487843297189102e-05,8.487843297189102e-05,-0.008487843297189102
Herwig_minus,89,MUR1.0_MUF1.0_PDF26153,pdf,3,0.42,0.63,0.6428124904632568,0.6428810954093933,1.0001067262182275,0.00010672622011043131,0.00010672622011043131,0.010672622011043131
Herwig_minus,89,MUR1.0_MUF1.0_PDF26153,pdf,4,0.63,0.84,0.6500856876373291,0.6502423882484436,1.0002410460868383,0.00024104608746711165,0.00024104608746711165,0.024104608746711165
Herwig_minus,89,MUR1.0_MUF1.0_PDF26153,pdf,5,0.84,1.05,0.6886215806007385,0.6886207461357117,0.9999987882095909,-1.2117903906982974e-06,1.2117903906982974e-06,-0.00012117903906982974
Herwig_minus,89,MUR1.0_MUF1.0_PDF26153,pdf,6,1.05,1.37,0.6677588224411011,0.6679531931877136,1.0002910792640702,0.00029107925365678966,0.00029107925365678966,0.029107925365678966
Herwig_minus,89,MUR1.0_MUF1.0_PDF26153,pdf,7,1.37,1.52,0.6296678781509399,0.6325374245643616,1.004557238050396,0.004557237960398197,0.004557237960398197,0.4557237960398197
Herwig_minus,89,MUR1.0_MUF1.0_PDF26153,pdf,8,1.52,1.74,0.6480627655982971,0.6483486890792847,1.0004411972052176,0.0004411972186062485,0.0004411972186062485,0.04411972186062485
Herwig_minus,89,MUR1.0_MUF1.0_PDF26153,pdf,9,1.74,1.95,0.6190352439880371,0.6189130544662476,0.9998026129804786,-0.00019738702394533902,0.00019738702394533902,-0.019738702394533902
Herwig_minus,89,MUR1.0_MUF1.0_PDF26153,pdf,10,1.95,2.18,0.6013617515563965,0.6039904356002808,1.0043712192155236,0.0043712193146348,0.0043712193146348,0.43712193146348
Herwig_minus,89,MUR1.0_MUF1.0_PDF26153,pdf,11,2.18,2.5,0.6056520938873291,0.6086535453796387,1.0049557353513714,0.004955735523253679,0.004955735523253679,0.4955735523253679
Herwig_minus,90,MUR1.0_MUF1.0_PDF26154,pdf,1,0.0,0.21,0.69124835729599,0.6901352405548096,0.9983897007067986,-0.001610299339517951,0.001610299339517951,-0.1610299339517951
Herwig_minus,90,MUR1.0_MUF1.0_PDF26154,pdf,2,0.21,0.42,0.6720393300056458,0.6719825267791748,0.9999154763360792,-8.452366455458105e-05,8.452366455458105e-05,-0.008452366455458105
Herwig_minus,90,MUR1.0_MUF1.0_PDF26154,pdf,3,0.42,0.63,0.6428124904632568,0.642881453037262,1.0001072825668889,0.00010728256893344223,0.00010728256893344223,0.010728256893344223
Herwig_minus,90,MUR1.0_MUF1.0_PDF26154,pdf,4,0.63,0.84,0.6500856876373291,0.6502424478530884,1.0002411377742049,0.0002411377790849656,0.0002411377790849656,0.02411377790849656
Herwig_minus,90,MUR1.0_MUF1.0_PDF26154,pdf,5,0.84,1.05,0.6886215806007385,0.6886207461357117,0.9999987882095909,-1.2117903906982974e-06,1.2117903906982974e-06,-0.00012117903906982974
Herwig_minus,90,MUR1.0_MUF1.0_PDF26154,pdf,6,1.05,1.37,0.6677588224411011,0.6679529547691345,1.0002907222211213,0.00029072220786474645,0.00029072220786474645,0.029072220786474645
Herwig_minus,90,MUR1.0_MUF1.0_PDF26154,pdf,7,1.37,1.52,0.6296678781509399,0.6325374245643616,1.004557238050396,0.004557237960398197,0.004557237960398197,0.4557237960398197
Herwig_minus,90,MUR1.0_MUF1.0_PDF26154,pdf,8,1.52,1.74,0.6480627655982971,0.6483487486839294,1.0004412891787855,0.0004412891867104918,0.0004412891867104918,0.04412891867104918
Herwig_minus,90,MUR1.0_MUF1.0_PDF26154,pdf,9,1.74,1.95,0.6190352439880371,0.6189129948616028,0.9998025166941276,-0.0001974832994164899,0.0001974832994164899,-0.01974832994164899
Herwig_minus,90,MUR1.0_MUF1.0_PDF26154,pdf,10,1.95,2.18,0.6013617515563965,0.603990912437439,1.0043720121445001,0.004372012335807085,0.004372012335807085,0.4372012335807085
Herwig_minus,90,MUR1.0_MUF1.0_PDF26154,pdf,11,2.18,2.5,0.6056520938873291,0.608653724193573,1.0049560305933696,0.004956030752509832,0.004956030752509832,0.49560307525098324
Herwig_minus,91,MUR1.0_MUF1.0_PDF26155,pdf,1,0.0,0.21,0.69124835729599,0.6901333928108215,0.9983870276530856,-0.0016129723517224193,0.0016129723517224193,-0.16129723517224193
Herwig_minus,91,MUR1.0_MUF1.0_PDF26155,pdf,2,0.21,0.42,0.6720393300056458,0.6719822883605957,0.9999151215672905,-8.487843297189102e-05,8.487843297189102e-05,-0.008487843297189102
Herwig_minus,91,MUR1.0_MUF1.0_PDF26155,pdf,3,0.42,0.63,0.6428124904632568,0.6428810954093933,1.0001067262182275,0.00010672622011043131,0.00010672622011043131,0.010672622011043131
Herwig_minus,91,MUR1.0_MUF1.0_PDF26155,pdf,4,0.63,0.84,0.6500856876373291,0.6502413749694824,1.0002394874016056,0.00023948740272317082,0.00023948740272317082,0.02394874027231708
Herwig_minus,91,MUR1.0_MUF1.0_PDF26155,pdf,5,0.84,1.05,0.6886215806007385,0.6886217594146729,1.0000002596693733,2.5966937755583785e-07,2.5966937755583785e-07,2.5966937755583785e-05
Herwig_minus,91,MUR1.0_MUF1.0_PDF26155,pdf,6,1.05,1.37,0.6677588224411011,0.6679545640945435,1.0002931322610262,0.0002931322669610381,0.0002931322669610381,0.02931322669610381
Herwig_minus,91,MUR1.0_MUF1.0_PDF26155,pdf,7,1.37,1.52,0.6296678781509399,0.6325384974479675,1.0045589419384984,0.004558941815048456,0.004558941815048456,0.4558941815048456
Herwig_minus,91,MUR1.0_MUF1.0_PDF26155,pdf,8,1.52,1.74,0.6480627655982971,0.6483482718467712,1.0004405533902423,0.00044055338366888463,0.00044055338366888463,0.044055338366888463
Herwig_minus,91,MUR1.0_MUF1.0_PDF26155,pdf,9,1.74,1.95,0.6190352439880371,0.6189122796058655,0.9998013612579157,-0.00019863873603753746,0.00019863873603753746,-0.019863873603753746
Herwig_minus,91,MUR1.0_MUF1.0_PDF26155,pdf,10,1.95,2.18,0.6013617515563965,0.6039907932281494,1.0043718139122562,0.004371813964098692,0.004371813964098692,0.4371813964098692
Herwig_minus,91,MUR1.0_MUF1.0_PDF26155,pdf,11,2.18,2.5,0.6056520938873291,0.6086515188217163,1.0049523892753935,0.004952389281243086,0.004952389281243086,0.4952389281243086
Herwig_minus,92,MUR1.0_MUF1.0_PDF26156,pdf,1,0.0,0.21,0.69124835729599,0.6901347041130066,0.9983889246589464,-0.0016110753640532494,0.0016110753640532494,-0.16110753640532494
Herwig_minus,92,MUR1.0_MUF1.0_PDF26156,pdf,2,0.21,0.42,0.6720393300056458,0.6719827651977539,0.9999158311048679,-8.416889613727108e-05,8.416889613727108e-05,-0.008416889613727108
Herwig_minus,92,MUR1.0_MUF1.0_PDF26156,pdf,3,0.42,0.63,0.6428124904632568,0.6428804993629456,1.0001057989704583,0.00010579897207207978,0.00010579897207207978,0.010579897207207978
Herwig_minus,92,MUR1.0_MUF1.0_PDF26156,pdf,4,0.63,0.84,0.6500856876373291,0.6502419710159302,1.000240404275272,0.00024040427524596453,0.00024040427524596453,0.024040427524596453
Herwig_minus,92,MUR1.0_MUF1.0_PDF26156,pdf,5,0.84,1.05,0.6886215806007385,0.6886215806007385,1.0,0.0,0.0,0.0
Herwig_minus,92,MUR1.0_MUF1.0_PDF26156,pdf,6,1.05,1.37,0.6677588224411011,0.6679514646530151,1.0002884907026908,0.00028849070076830685,0.00028849070076830685,0.028849070076830685
Herwig_minus,92,MUR1.0_MUF1.0_PDF26156,pdf,7,1.37,1.52,0.6296678781509399,0.632536768913269,1.0045561967854446,0.004556196741759777,0.004556196741759777,0.4556196741759777
Herwig_minus,92,MUR1.0_MUF1.0_PDF26156,pdf,8,1.52,1.74,0.6480627655982971,0.6483489871025085,1.000441657073057,0.0004416570591274649,0.0004416570591274649,0.04416570591274649
Herwig_minus,92,MUR1.0_MUF1.0_PDF26156,pdf,9,1.74,1.95,0.6190352439880371,0.61891108751297,0.999799435530896,-0.00020056446373928338,0.00020056446373928338,-0.02005644637392834
Herwig_minus,92,MUR1.0_MUF1.0_PDF26156,pdf,10,1.95,2.18,0.6013617515563965,0.6039928197860718,1.0043751838604065,0.004375183954834938,0.004375183954834938,0.4375183954834938
Herwig_minus,92,MUR1.0_MUF1.0_PDF26156,pdf,11,2.18,2.5,0.6056520938873291,0.6086557507514954,1.0049593766693474,0.0049593765288591385,0.0049593765288591385,0.49593765288591385
Herwig_minus,93,MUR1.0_MUF1.0_PDF26157,pdf,1,0.0,0.21,0.69124835729599,0.6901348829269409,0.9983891833415638,-0.00161081668920815,0.00161081668920815,-0.161081668920815
Herwig_minus,93,MUR1.0_MUF1.0_PDF26157,pdf,2,0.21,0.42,0.6720393300056458,0.6719831228256226,0.9999163632580511,-8.363673987332731e-05,8.363673987332731e-05,-0.008363673987332731
Herwig_minus,93,MUR1.0_MUF1.0_PDF26157,pdf,3,0.42,0.63,0.6428124904632568,0.6428804397583008,1.0001057062456813,0.00010570624726824462,0.00010570624726824462,0.010570624726824462
Herwig_minus,93,MUR1.0_MUF1.0_PDF26157,pdf,4,0.63,0.84,0.6500856876373291,0.6502418518066406,1.0002402209005385,0.00024022090656217188,0.00024022090656217188,0.024022090656217188
Herwig_minus,93,MUR1.0_MUF1.0_PDF26157,pdf,5,0.84,1.05,0.6886215806007385,0.6886218190193176,1.0000003462258311,3.4622581779331085e-07,3.4622581779331085e-07,3.4622581779331085e-05
Herwig_minus,93,MUR1.0_MUF1.0_PDF26157,pdf,6,1.05,1.37,0.6677588224411011,0.6679515838623047,1.0002886692241653,0.00028866922366432846,0.00028866922366432846,0.028866922366432846
Herwig_minus,93,MUR1.0_MUF1.0_PDF26157,pdf,7,1.37,1.52,0.6296678781509399,0.6325374245643616,1.004557238050396,0.004557237960398197,0.004557237960398197,0.4557237960398197
Herwig_minus,93,MUR1.0_MUF1.0_PDF26157,pdf,8,1.52,1.74,0.6480627655982971,0.6483491659164429,1.0004419329937608,0.0004419329925440252,0.0004419329925440252,0.04419329925440252
Herwig_minus,93,MUR1.0_MUF1.0_PDF26157,pdf,9,1.74,1.95,0.6190352439880371,0.6189112067222595,0.9997996281035979,-0.0002003718982450664,0.0002003718982450664,-0.02003718982450664
Herwig_minus,93,MUR1.0_MUF1.0_PDF26157,pdf,10,1.95,2.18,0.6013617515563965,0.6039924025535583,1.004374490047552,0.0043744901195168495,0.0043744901195168495,0.43744901195168495
Herwig_minus,93,MUR1.0_MUF1.0_PDF26157,pdf,11,2.18,2.5,0.6056520938873291,0.6086560487747192,1.0049598687393442,0.004959868732839823,0.004959868732839823,0.4959868732839823
Herwig_minus,94,MUR1.0_MUF1.0_PDF26158,pdf,1,0.0,0.21,0.69124835729599,0.6901352405548096,0.9983897007067986,-0.001610299339517951,0.001610299339517951,-0.1610299339517951
Herwig_minus,94,MUR1.0_MUF1.0_PDF26158,pdf,2,0.21,0.42,0.6720393300056458,0.6719822883605957,0.9999151215672905,-8.487843297189102e-05,8.487843297189102e-05,-0.008487843297189102
Herwig_minus,94,MUR1.0_MUF1.0_PDF26158,pdf,3,0.42,0.63,0.6428124904632568,0.6428813338279724,1.0001070971173351,0.00010709711932577193,0.00010709711932577193,0.010709711932577193
Herwig_minus,94,MUR1.0_MUF1.0_PDF26158,pdf,4,0.63,0.84,0.6500856876373291,0.6502418518066406,1.0002402209005385,0.00024022090656217188,0.00024022090656217188,0.024022090656217188
Herwig_minus,94,MUR1.0_MUF1.0_PDF26158,pdf,5,0.84,1.05,0.6886215806007385,0.688621461391449,0.9999998268870844,-1.7311290889665543e-07,1.7311290889665543e-07,-1.7311290889665543e-05
Herwig_minus,94,MUR1.0_MUF1.0_PDF26158,pdf,6,1.05,1.37,0.6677588224411011,0.6679508090019226,1.0002875088345815,0.000287508824840188,0.000287508824840188,0.028750882484018803
Herwig_minus,94,MUR1.0_MUF1.0_PDF26158,pdf,7,1.37,1.52,0.6296678781509399,0.6325368881225586,1.004556386106345,0.004556386265903711,0.004556386265903711,0.45563862659037113
Herwig_minus,94,MUR1.0_MUF1.0_PDF26158,pdf,8,1.52,1.74,0.6480627655982971,0.648348867893219,1.0004414731259212,0.00044147312291897833,0.00044147312291897833,0.04414731229189783
Herwig_minus,94,MUR1.0_MUF1.0_PDF26158,pdf,9,1.74,1.95,0.6190352439880371,0.61891108751297,0.999799435530896,-0.00020056446373928338,0.00020056446373928338,-0.02005644637392834
Herwig_minus,94,MUR1.0_MUF1.0_PDF26158,pdf,10,1.95,2.18,0.6013617515563965,0.603992760181427,1.0043750847442843,0.0043750847689807415,0.0043750847689807415,0.43750847689807415
Herwig_minus,94,MUR1.0_MUF1.0_PDF26158,pdf,11,2.18,2.5,0.6056520938873291,0.6086559891700745,1.0049597703253448,0.004959770478308201,0.004959770478308201,0.4959770478308201
Herwig_minus,95,MUR1.0_MUF1.0_PDF26159,pdf,1,0.0,0.21,0.69124835729599,0.6901346445083618,0.9983888384314072,-0.0016111615113914013,0.0016111615113914013,-0.16111615113914013
Herwig_minus,95,MUR1.0_MUF1.0_PDF26159,pdf,2,0.21,0.42,0.6720393300056458,0.671981692314148,0.9999142346453186,-8.576535765314475e-05,8.576535765314475e-05,-0.008576535765314475
Herwig_minus,95,MUR1.0_MUF1.0_PDF26159,pdf,3,0.42,0.63,0.6428124904632568,0.6428800821304321,1.00010514989702,0.0001051498984452337,0.0001051498984452337,0.01051498984452337
Herwig_minus,95,MUR1.0_MUF1.0_PDF26159,pdf,4,0.63,0.84,0.6500856876373291,0.6502423286437988,1.0002409543994717,0.0002409543958492577,0.0002409543958492577,0.02409543958492577
Herwig_minus,95,MUR1.0_MUF1.0_PDF26159,pdf,5,0.84,1.05,0.6886215806007385,0.6886211037635803,0.9999993075483377,-6.924516355866217e-07,6.924516355866217e-07,-6.924516355866217e-05
Herwig_minus,95,MUR1.0_MUF1.0_PDF26159,pdf,6,1.05,1.37,0.6677588224411011,0.6679513454437256,1.0002883121812165,0.00028831217787228525,0.00028831217787228525,0.028831217787228525
Herwig_minus,95,MUR1.0_MUF1.0_PDF26159,pdf,7,1.37,1.52,0.6296678781509399,0.6325371265411377,1.0045567647481455,0.0045567648485302925,0.0045567648485302925,0.45567648485302925
Herwig_minus,95,MUR1.0_MUF1.0_PDF26159,pdf,8,1.52,1.74,0.6480627655982971,0.6483493447303772,1.0004422089144644,0.0004422089259605855,0.0004422089259605855,0.04422089259605855
Herwig_minus,95,MUR1.0_MUF1.0_PDF26159,pdf,9,1.74,1.95,0.6190352439880371,0.6189128160476685,0.9998022278350746,-0.0001977721694856882,0.0001977721694856882,-0.01977721694856882
Herwig_minus,95,MUR1.0_MUF1.0_PDF26159,pdf,10,1.95,2.18,0.6013617515563965,0.6039935946464539,1.0043764723699933,0.0043764724396169186,0.0043764724396169186,0.43764724396169186
Herwig_minus,95,MUR1.0_MUF1.0_PDF26159,pdf,11,2.18,2.5,0.6056520938873291,0.6086564660072327,1.0049605576373397,0.004960557445883751,0.004960557445883751,0.4960557445883751
Herwig_minus,96,MUR1.0_MUF1.0_PDF26160,pdf,1,0.0,0.21,0.69124835729599,0.6901347041130066,0.9983889246589464,-0.0016110753640532494,0.0016110753640532494,-0.16110753640532494
Herwig_minus,96,MUR1.0_MUF1.0_PDF26160,pdf,2,0.21,0.42,0.6720393300056458,0.6719818711280823,0.9999145007219101,-8.549927588319406e-05,8.549927588319406e-05,-0.008549927588319406
Herwig_minus,96,MUR1.0_MUF1.0_PDF26160,pdf,3,0.42,0.63,0.6428124904632568,0.6428816318511963,1.0001075607412195,0.0001075607433449477,0.0001075607433449477,0.01075607433449477
Herwig_minus,96,MUR1.0_MUF1.0_PDF26160,pdf,4,0.63,0.84,0.6500856876373291,0.6502425670623779,1.000241321148938,0.00024132114776875824,0.00024132114776875824,0.024132114776875824
Herwig_minus,96,MUR1.0_MUF1.0_PDF26160,pdf,5,0.84,1.05,0.6886215806007385,0.6886199116706848,0.9999975764191819,-2.423580781396595e-06,2.423580781396595e-06,-0.00024235807813965948
Herwig_minus,96,MUR1.0_MUF1.0_PDF26160,pdf,6,1.05,1.37,0.6677588224411011,0.6679527759552002,1.0002904544389097,0.0002904544526245445,0.0002904544526245445,0.02904544526245445
Herwig_minus,96,MUR1.0_MUF1.0_PDF26160,pdf,7,1.37,1.52,0.6296678781509399,0.6325377821922302,1.0045578060130969,0.004557806067168713,0.004557806067168713,0.45578060671687126
Herwig_minus,96,MUR1.0_MUF1.0_PDF26160,pdf,8,1.52,1.74,0.6480627655982971,0.64835125207901,1.0004451520686373,0.00044515207991935313,0.00044515207991935313,0.04451520799193531
Herwig_minus,96,MUR1.0_MUF1.0_PDF26160,pdf,9,1.74,1.95,0.6190352439880371,0.6189130544662476,0.9998026129804786,-0.00019738702394533902,0.00019738702394533902,-0.019738702394533902
Herwig_minus,96,MUR1.0_MUF1.0_PDF26160,pdf,10,1.95,2.18,0.6013617515563965,0.6039928793907166,1.0043752829765284,0.004375283140689135,0.004375283140689135,0.43752831406891346
Herwig_minus,96,MUR1.0_MUF1.0_PDF26160,pdf,11,2.18,2.5,0.6056520938873291,0.6086575984954834,1.0049624275033273,0.004962427541613579,0.004962427541613579,0.4962427541613579
Herwig_minus,97,MUR1.0_MUF1.0_PDF26161,pdf,1,0.0,0.21,0.69124835729599,0.6901347637176514,0.9983890108864855,-0.0016109891002997756,0.0016109891002997756,-0.16109891002997756
Herwig_minus,97,MUR1.0_MUF1.0_PDF26161,pdf,2,0.21,0.42,0.6720393300056458,0.67198246717453,0.999915387643882,-8.461235847789794e-05,8.461235847789794e-05,-0.008461235847789794
Herwig_minus,97,MUR1.0_MUF1.0_PDF26161,pdf,3,0.42,0.63,0.6428124904632568,0.642880916595459,1.0001064480438966,0.00010644804569892585,0.00010644804569892585,0.010644804569892585
Herwig_minus,97,MUR1.0_MUF1.0_PDF26161,pdf,4,0.63,0.84,0.6500856876373291,0.6502419114112854,1.0002403125879054,0.0002403125836281106,0.0002403125836281106,0.02403125836281106
Herwig_minus,97,MUR1.0_MUF1.0_PDF26161,pdf,5,0.84,1.05,0.6886215806007385,0.6886219382286072,1.0000005193387467,5.193387551116757e-07,5.193387551116757e-07,5.193387551116757e-05
Herwig_minus,97,MUR1.0_MUF1.0_PDF26161,pdf,6,1.05,1.37,0.6677588224411011,0.6679511666297913,1.0002880443990048,0.00028804439352825284,0.00028804439352825284,0.028804439352825284
Herwig_minus,97,MUR1.0_MUF1.0_PDF26161,pdf,7,1.37,1.52,0.6296678781509399,0.6325371265411377,1.0045567647481455,0.0045567648485302925,0.0045567648485302925,0.45567648485302925
Herwig_minus,97,MUR1.0_MUF1.0_PDF26161,pdf,8,1.52,1.74,0.6480627655982971,0.6483501195907593,1.0004434045708472,0.000443404569523409,0.000443404569523409,0.0443404569523409
Herwig_minus,97,MUR1.0_MUF1.0_PDF26161,pdf,9,1.74,1.95,0.6190352439880371,0.6189116835594177,0.9998003983944058,-0.00019960160716436803,0.00019960160716436803,-0.019960160716436803
Herwig_minus,97,MUR1.0_MUF1.0_PDF26161,pdf,10,1.95,2.18,0.6013617515563965,0.6039928793907166,1.0043752829765284,0.004375283140689135,0.004375283140689135,0.43752831406891346
Herwig_minus,97,MUR1.0_MUF1.0_PDF26161,pdf,11,2.18,2.5,0.6056520938873291,0.6086564064025879,1.0049604592233403,0.004960459191352129,0.004960459191352129,0.4960459191352129
Herwig_minus,98,MUR1.0_MUF1.0_PDF26162,pdf,1,0.0,0.21,0.69124835729599,0.6901348233222961,0.9983890971140246,-0.0016109028365463018,0.0016109028365463018,-0.16109028365463018
Herwig_minus,98,MUR1.0_MUF1.0_PDF26162,pdf,2,0.21,0.42,0.6720393300056458,0.671981930732727,0.9999145894141074,-8.541058923583478e-05,8.541058923583478e-05,-0.008541058923583478
Herwig_minus,98,MUR1.0_MUF1.0_PDF26162,pdf,3,0.42,0.63,0.6428124904632568,0.6428808569908142,1.0001063553191198,0.0001063553208950907,0.0001063553208950907,0.01063553208950907
Herwig_minus,98,MUR1.0_MUF1.0_PDF26162,pdf,4,0.63,0.84,0.6500856876373291,0.6502420902252197,1.0002405876500051,0.00024058764392975718,0.00024058764392975718,0.024058764392975718
Herwig_minus,98,MUR1.0_MUF1.0_PDF26162,pdf,5,0.84,1.05,0.6886215806007385,0.6886221766471863,1.000000865564578,8.655645729049866e-07,8.655645729049866e-07,8.655645729049866e-05
Herwig_minus,98,MUR1.0_MUF1.0_PDF26162,pdf,6,1.05,1.37,0.6677588224411011,0.6679517030715942,1.0002888477456398,0.00028884774656035006,0.00028884774656035006,0.028884774656035006
Herwig_minus,98,MUR1.0_MUF1.0_PDF26162,pdf,7,1.37,1.52,0.6296678781509399,0.6325375437736511,1.0045574273712963,0.004557427484542131,0.004557427484542131,0.45574274845421314
Herwig_minus,98,MUR1.0_MUF1.0_PDF26162,pdf,8,1.52,1.74,0.6480627655982971,0.6483488082885742,1.0004413811523534,0.00044138115481473505,0.00044138115481473505,0.044138115481473505
Herwig_minus,98,MUR1.0_MUF1.0_PDF26162,pdf,9,1.74,1.95,0.6190352439880371,0.6189122796058655,0.9998013612579157,-0.00019863873603753746,0.00019863873603753746,-0.019863873603753746
Herwig_minus,98,MUR1.0_MUF1.0_PDF26162,pdf,10,1.95,2.18,0.6013617515563965,0.6039925813674927,1.0043747873959181,0.004374787211418152,0.004374787211418152,0.4374787211418152
Herwig_minus,98,MUR1.0_MUF1.0_PDF26162,pdf,11,2.18,2.5,0.6056520938873291,0.6086551547050476,1.004958392529354,0.004958392586559057,0.004958392586559057,0.4958392586559057
Herwig_minus,99,MUR1.0_MUF1.0_PDF26200,pdf,1,0.0,0.21,0.69124835729599,0.6901349425315857,0.9983892695691029,-0.0016107304254546762,0.0016107304254546762,-0.16107304254546762
Herwig_minus,99,MUR1.0_MUF1.0_PDF26200,pdf,2,0.21,0.42,0.6720393300056458,0.6719819903373718,0.9999146781063045,-8.532189531251788e-05,8.532189531251788e-05,-0.008532189531251788
Herwig_minus,99,MUR1.0_MUF1.0_PDF26200,pdf,3,0.42,0.63,0.6428124904632568,0.6428810358047485,1.0001066334934505,0.00010663349530659616,0.00010663349530659616,0.010663349530659616
Herwig_minus,99,MUR1.0_MUF1.0_PDF26200,pdf,4,0.63,0.84,0.6500856876373291,0.6502425074577332,1.0002412294615715,0.0002412294561509043,0.0002412294561509043,0.02412294561509043
Herwig_minus,99,MUR1.0_MUF1.0_PDF26200,pdf,5,0.84,1.05,0.6886215806007385,0.6886206269264221,0.9999986150966753,-1.3849032711732434e-06,1.3849032711732434e-06,-0.00013849032711732434
Herwig_minus,99,MUR1.0_MUF1.0_PDF26200,pdf,6,1.05,1.37,0.6677588224411011,0.6679531931877136,1.0002910792640702,0.00029107925365678966,0.00029107925365678966,0.029107925365678966
Herwig_minus,99,MUR1.0_MUF1.0_PDF26200,pdf,7,1.37,1.52,0.6296678781509399,0.6325374841690063,1.0045573327108461,0.004557332489639521,0.004557332489639521,0.45573324896395206
Herwig_minus,99,MUR1.0_MUF1.0_PDF26200,pdf,8,1.52,1.74,0.6480627655982971,0.6483486890792847,1.0004411972052176,0.0004411972186062485,0.0004411972186062485,0.04411972186062485
Herwig_minus,99,MUR1.0_MUF1.0_PDF26200,pdf,9,1.74,1.95,0.6190352439880371,0.618912935256958,0.9998024204077766,-0.000197579589439556,0.000197579589439556,-0.0197579589439556
Herwig_minus,99,MUR1.0_MUF1.0_PDF26200,pdf,10,1.95,2.18,0.6013617515563965,0.6039904952049255,1.0043713183316456,0.0043713185004889965,0.0043713185004889965,0.43713185004889965
Herwig_minus,99,MUR1.0_MUF1.0_PDF26200,pdf,11,2.18,2.5,0.6056520938873291,0.6086534857749939,1.004955636937372,0.00495563680306077,0.00495563680306077,0.495563680306077
Herwig_minus,100,MUR1.0_MUF1.0_PDF26201,pdf,1,0.0,0.21,0.69124835729599,0.6901006102561951,0.9983396025065656,-0.0016603975091129541,0.0016603975091129541,-0.16603975091129541
Herwig_minus,100,MUR1.0_MUF1.0_PDF26201,pdf,2,0.21,0.42,0.6720393300056458,0.6719681620597839,0.9998941015165568,-0.00010589848534436896,0.00010589848534436896,-0.010589848534436896
Herwig_minus,100,MUR1.0_MUF1.0_PDF26201,pdf,3,0.42,0.63,0.6428124904632568,0.642856240272522,1.0000680599862546,6.805998418712988e-05,6.805998418712988e-05,0.0068059984187129885
Herwig_minus,100,MUR1.0_MUF1.0_PDF26201,pdf,4,0.63,0.84,0.6500856876373291,0.6502116918563843,1.00019382709303,0.00019382708705961704,0.00019382708705961704,0.019382708705961704
Herwig_minus,100,MUR1.0_MUF1.0_PDF26201,pdf,5,0.84,1.05,0.6886215806007385,0.6885907649993896,0.9999552503113219,-4.474968955037184e-05,4.474968955037184e-05,-0.004474968955037184
Herwig_minus,100,MUR1.0_MUF1.0_PDF26201,pdf,6,1.05,1.37,0.6677588224411011,0.6679540872573853,1.0002924181751285,0.0002924181753769517,0.0002924181753769517,0.02924181753769517
Herwig_minus,100,MUR1.0_MUF1.0_PDF26201,pdf,7,1.37,1.52,0.6296678781509399,0.6325523853302002,1.0045809978233775,0.004580997861921787,0.004580997861921787,0.4580997861921787
Herwig_minus,100,MUR1.0_MUF1.0_PDF26201,pdf,8,1.52,1.74,0.6480627655982971,0.6483836770057678,1.000495185689575,0.0004951856681145728,0.0004951856681145728,0.049518566811457276
Herwig_minus,100,MUR1.0_MUF1.0_PDF26201,pdf,9,1.74,1.95,0.6190352439880371,0.6189395189285278,0.9998453641203163,-0.00015463588351849467,0.00015463588351849467,-0.015463588351849467
Herwig_minus,100,MUR1.0_MUF1.0_PDF26201,pdf,10,1.95,2.18,0.6013617515563965,0.604094922542572,1.004544969777512,0.0045449696481227875,0.0045449696481227875,0.45449696481227875
Herwig_minus,100,MUR1.0_MUF1.0_PDF26201,pdf,11,2.18,2.5,0.6056520938873291,0.6088024377822876,1.0052015735217528,0.005201573483645916,0.005201573483645916,0.5201573483645916
Herwig_minus,101,MUR1.0_MUF1.0_PDF26202,pdf,1,0.0,0.21,0.69124835729599,0.6901687383651733,0.998438160583788,-0.0015618393663316965,0.0015618393663316965,-0.15618393663316965
Herwig_minus,101,MUR1.0_MUF1.0_PDF26202,pdf,2,0.21,0.42,0.6720393300056458,0.6719974279403687,0.9999376493853763,-6.235061300685629e-05,6.235061300685629e-05,-0.006235061300685629
Herwig_minus,101,MUR1.0_MUF1.0_PDF26202,pdf,3,0.42,0.63,0.6428124904632568,0.6429044008255005,1.0001429816060006,0.00014298160385806113,0.00014298160385806113,0.014298160385806113
Herwig_minus,101,MUR1.0_MUF1.0_PDF26202,pdf,4,0.63,0.84,0.6500856876373291,0.6502726078033447,1.0002875315817135,0.0002875315840356052,0.0002875315840356052,0.02875315840356052
Herwig_minus,101,MUR1.0_MUF1.0_PDF26202,pdf,5,0.84,1.05,0.6886215806007385,0.6886525750160217,1.0000450093580515,4.5009357563685626e-05,4.5009357563685626e-05,0.004500935756368563
Herwig_minus,101,MUR1.0_MUF1.0_PDF26202,pdf,6,1.05,1.37,0.6677588224411011,0.6679552793502808,1.000294203389873,0.00029420340433716774,0.00029420340433716774,0.029420340433716774
Herwig_minus,101,MUR1.0_MUF1.0_PDF26202,pdf,7,1.37,1.52,0.6296678781509399,0.6325258612632751,1.0045388739230716,0.004538874141871929,0.004538874141871929,0.4538874141871929
Herwig_minus,101,MUR1.0_MUF1.0_PDF26202,pdf,8,1.52,1.74,0.6480627655982971,0.6483155488967896,1.000390059901465,0.0003900598967447877,0.0003900598967447877,0.03900598967447877
Herwig_minus,101,MUR1.0_MUF1.0_PDF26202,pdf,9,1.74,1.95,0.6190352439880371,0.6188859939575195,0.9997588989771309,-0.00024110102094709873,0.00024110102094709873,-0.024110102094709873
Herwig_minus,101,MUR1.0_MUF1.0_PDF26202,pdf,10,1.95,2.18,0.6013617515563965,0.6038821935653687,1.0041912243378448,0.004191224463284016,0.004191224463284016,0.41912244632840157
Herwig_minus,101,MUR1.0_MUF1.0_PDF26202,pdf,11,2.18,2.5,0.6056520938873291,0.6084970235824585,1.0046973001890729,0.004697300028055906,0.004697300028055906,0.46973000280559063
Herwig_minus,102,MUR1.0_MUF1.0_PDF26203,pdf,1,0.0,0.21,0.69124835729599,0.6900880336761475,0.9983214084958097,-0.0016785914776846766,0.0016785914776846766,-0.16785914776846766
Herwig_minus,102,MUR1.0_MUF1.0_PDF26203,pdf,2,0.21,0.42,0.6720393300056458,0.6719692945480347,0.9998957866683034,-0.0001042133299051784,0.0001042133299051784,-0.01042133299051784
Herwig_minus,102,MUR1.0_MUF1.0_PDF26203,pdf,3,0.42,0.63,0.6428124904632568,0.6428355574607849,1.0000358844886654,3.5884488170268014e-05,3.5884488170268014e-05,0.0035884488170268014
Herwig_minus,102,MUR1.0_MUF1.0_PDF26203,pdf,4,0.63,0.84,0.6500856876373291,0.6501618027687073,1.000117084767171,0.0001170847681351006,0.0001170847681351006,0.01170847681351006
Herwig_minus,102,MUR1.0_MUF1.0_PDF26203,pdf,5,0.84,1.05,0.6886215806007385,0.6885167956352234,0.999847833747203,-0.00015216624888125807,0.00015216624888125807,-0.015216624888125807
Herwig_minus,102,MUR1.0_MUF1.0_PDF26203,pdf,6,1.05,1.37,0.6677588224411011,0.6679168343544006,1.0002366302143668,0.00023663022147957236,0.00023663022147957236,0.023663022147957236
Herwig_minus,102,MUR1.0_MUF1.0_PDF26203,pdf,7,1.37,1.52,0.6296678781509399,0.6325106024742126,1.0045146408478396,0.004514640662819147,0.004514640662819147,0.4514640662819147
Herwig_minus,102,MUR1.0_MUF1.0_PDF26203,pdf,8,1.52,1.74,0.6480627655982971,0.6483864784240723,1.0004995084472663,0.0004995084600523114,0.0004995084600523114,0.04995084600523114
Herwig_minus,102,MUR1.0_MUF1.0_PDF26203,pdf,9,1.74,1.95,0.6190352439880371,0.6189310550689697,0.9998316914584763,-0.00016830854292493314,0.00016830854292493314,-0.016830854292493314
Herwig_minus,102,MUR1.0_MUF1.0_PDF26203,pdf,10,1.95,2.18,0.6013617515563965,0.6041977405548096,1.0047159450880825,0.004715945105999708,0.004715945105999708,0.4715945105999708
Herwig_minus,102,MUR1.0_MUF1.0_PDF26203,pdf,11,2.18,2.5,0.6056520938873291,0.6089439988136292,1.005435306770214,0.005435306578874588,0.005435306578874588,0.5435306578874588
Herwig_minus,103,MUR1.0_MUF1.0_PDF26204,pdf,1,0.0,0.21,0.69124835729599,0.6901602149009705,0.9984258300456929,-0.0015741699608042836,0.0015741699608042836,-0.15741699608042836
Herwig_minus,103,MUR1.0_MUF1.0_PDF26204,pdf,2,0.21,0.42,0.6720393300056458,0.671990156173706,0.9999268289373193,-7.317106064874679e-05,7.317106064874679e-05,-0.007317106064874679
Herwig_minus,103,MUR1.0_MUF1.0_PDF26204,pdf,3,0.42,0.63,0.6428124904632568,0.6429038643836975,1.0001421470830083,0.00014214708062354475,0.00014214708062354475,0.014214708062354475
Herwig_minus,103,MUR1.0_MUF1.0_PDF26204,pdf,4,0.63,0.84,0.6500856876373291,0.6502856016159058,1.000307519427636,0.0003075194254051894,0.0003075194254051894,0.03075194254051894
Herwig_minus,103,MUR1.0_MUF1.0_PDF26204,pdf,5,0.84,1.05,0.6886215806007385,0.6886784434318542,1.000082574860733,8.257485751528293e-05,8.257485751528293e-05,0.008257485751528293
Herwig_minus,103,MUR1.0_MUF1.0_PDF26204,pdf,6,1.05,1.37,0.6677588224411011,0.6679744720458984,1.0003229453472573,0.0003229453577660024,0.0003229453577660024,0.03229453577660024
Herwig_minus,103,MUR1.0_MUF1.0_PDF26204,pdf,7,1.37,1.52,0.6296678781509399,0.6325545907020569,1.0045845002600322,0.004584500100463629,0.004584500100463629,0.4584500100463629
Herwig_minus,103,MUR1.0_MUF1.0_PDF26204,pdf,8,1.52,1.74,0.6480627655982971,0.6483283042907715,1.0004097422449958,0.00040974223520606756,0.00040974223520606756,0.040974223520606756
Herwig_minus,103,MUR1.0_MUF1.0_PDF26204,pdf,9,1.74,1.95,0.6190352439880371,0.6189027428627014,0.999785955441758,-0.00021404455765150487,0.00021404455765150487,-0.021404455765150487
Herwig_minus,103,MUR1.0_MUF1.0_PDF26204,pdf,10,1.95,2.18,0.6013617515563965,0.6038773655891418,1.0041831959319572,0.004183195997029543,0.004183195997029543,0.4183195997029543
Herwig_minus,103,MUR1.0_MUF1.0_PDF26204,pdf,11,2.18,2.5,0.6056520938873291,0.608494222164154,1.0046926747311034,0.0046926746144890785,0.0046926746144890785,0.46926746144890785
Herwig_minus,104,MUR1.0_MUF1.0_PDF26205,pdf,1,0.0,0.21,0.69124835729599,0.6900908946990967,0.9983255474176879,-0.0016744525637477636,0.0016744525637477636,-0.16744525637477636
Herwig_minus,104,MUR1.0_MUF1.0_PDF26205,pdf,2,0.21,0.42,0.6720393300056458,0.6719634532928467,0.9998870948329789,-0.00011290516704320908,0.00011290516704320908,-0.011290516704320908
Herwig_minus,104,MUR1.0_MUF1.0_PDF26205,pdf,3,0.42,0.63,0.6428124904632568,0.6428514122962952,1.0000605492793244,6.054927871446125e-05,6.054927871446125e-05,0.006054927871446125
Herwig_minus,104,MUR1.0_MUF1.0_PDF26205,pdf,4,0.63,0.84,0.6500856876373291,0.650179922580719,1.0001449577266228,0.0001449577248422429,0.0001449577248422429,0.01449577248422429
Herwig_minus,104,MUR1.0_MUF1.0_PDF26205,pdf,5,0.84,1.05,0.6886215806007385,0.6885498762130737,0.9998958725812772,-0.00010412741539767012,0.00010412741539767012,-0.010412741539767012
Herwig_minus,104,MUR1.0_MUF1.0_PDF26205,pdf,6,1.05,1.37,0.6677588224411011,0.6679150462150574,1.0002339523922503,0.00023395239259116352,0.00023395239259116352,0.02339523925911635
Herwig_minus,104,MUR1.0_MUF1.0_PDF26205,pdf,7,1.37,1.52,0.6296678781509399,0.6324999928474426,1.0044977912877173,0.004497791174799204,0.004497791174799204,0.4497791174799204
Herwig_minus,104,MUR1.0_MUF1.0_PDF26205,pdf,8,1.52,1.74,0.6480627655982971,0.6483312249183655,1.000414248949823,0.0004142489633522928,0.0004142489633522928,0.04142489633522928
Herwig_minus,104,MUR1.0_MUF1.0_PDF26205,pdf,9,1.74,1.95,0.6190352439880371,0.6188851594924927,0.9997575509682171,-0.0002424490376142785,0.0002424490376142785,-0.02424490376142785
Herwig_minus,104,MUR1.0_MUF1.0_PDF26205,pdf,10,1.95,2.18,0.6013617515563965,0.604015588760376,1.004413046219037,0.004413046408444643,0.004413046408444643,0.4413046408444643
Herwig_minus,104,MUR1.0_MUF1.0_PDF26205,pdf,11,2.18,2.5,0.6056520938873291,0.6086716055870056,1.0049855547931752,0.004985554609447718,0.004985554609447718,0.49855546094477177
Herwig_minus,105,MUR1.0_MUF1.0_PDF26206,pdf,1,0.0,0.21,0.69124835729599,0.6901979446411133,0.9984804120779603,-0.0015195879386737943,0.0015195879386737943,-0.15195879386737943
Herwig_minus,105,MUR1.0_MUF1.0_PDF26206,pdf,2,0.21,0.42,0.6720393300056458,0.6720075607299805,0.9999527270588985,-4.7272940719267353e-05,4.7272940719267353e-05,-0.004727294071926735
Herwig_minus,105,MUR1.0_MUF1.0_PDF26206,pdf,3,0.42,0.63,0.6428124904632568,0.6429213881492615,1.0001694081674208,0.0001694081729510799,0.0001694081729510799,0.01694081729510799
Herwig_minus,105,MUR1.0_MUF1.0_PDF26206,pdf,4,0.63,0.84,0.6500856876373291,0.6503269672393799,1.000371150460069,0.0003711504687089473,0.0003711504687089473,0.03711504687089473
Herwig_minus,105,MUR1.0_MUF1.0_PDF26206,pdf,5,0.84,1.05,0.6886215806007385,0.6887210607528687,1.0001444627280536,0.00014446272689383477,0.00014446272689383477,0.014446272689383477
Herwig_minus,105,MUR1.0_MUF1.0_PDF26206,pdf,6,1.05,1.37,0.6677588224411011,0.6680071353912354,1.0003718602312532,0.00037186022382229567,0.00037186022382229567,0.03718602238222957
Herwig_minus,105,MUR1.0_MUF1.0_PDF26206,pdf,7,1.37,1.52,0.6296678781509399,0.6325886845588684,1.004638646037504,0.004638646263629198,0.004638646263629198,0.4638646263629198
Herwig_minus,105,MUR1.0_MUF1.0_PDF26206,pdf,8,1.52,1.74,0.6480627655982971,0.6483756303787231,1.0004827692579086,0.00048276924644596875,0.00048276924644596875,0.048276924644596875
Herwig_minus,105,MUR1.0_MUF1.0_PDF26206,pdf,9,1.74,1.95,0.6190352439880371,0.6189503073692322,0.9998627919498448,-0.00013720804417971522,0.00013720804417971522,-0.013720804417971522
Herwig_minus,105,MUR1.0_MUF1.0_PDF26206,pdf,10,1.95,2.18,0.6013617515563965,0.6039572358131409,1.0043160115355307,0.004316011443734169,0.004316011443734169,0.4316011443734169
Herwig_minus,105,MUR1.0_MUF1.0_PDF26206,pdf,11,2.18,2.5,0.6056520938873291,0.6086276769638062,1.0049130236756527,0.0049130236729979515,0.0049130236729979515,0.49130236729979515
Herwig_minus,106,MUR1.0_MUF1.0_PDF26207,pdf,1,0.0,0.21,0.69124835729599,0.6901301741600037,0.9983823713659727,-0.0016176286153495312,0.0016176286153495312,-0.16176286153495312
Herwig_minus,106,MUR1.0_MUF1.0_PDF26207,pdf,2,0.21,0.42,0.6720393300056458,0.6719720363616943,0.999899866509374,-0.00010013348946813494,0.00010013348946813494,-0.010013348946813494
Herwig_minus,106,MUR1.0_MUF1.0_PDF26207,pdf,3,0.42,0.63,0.6428124904632568,0.642881453037262,1.0001072825668889,0.00010728256893344223,0.00010728256893344223,0.010728256893344223
Herwig_minus,106,MUR1.0_MUF1.0_PDF26207,pdf,4,0.63,0.84,0.6500856876373291,0.650255560874939,1.0002613089948607,0.00026130900369025767,0.00026130900369025767,0.026130900369025767
Herwig_minus,106,MUR1.0_MUF1.0_PDF26207,pdf,5,0.84,1.05,0.6886215806007385,0.6886528730392456,1.0000454421403404,4.544213879853487e-05,4.544213879853487e-05,0.004544213879853487
Herwig_minus,106,MUR1.0_MUF1.0_PDF26207,pdf,6,1.05,1.37,0.6677588224411011,0.6679688692092896,1.0003145548379588,0.0003145548398606479,0.0003145548398606479,0.03145548398606479
Herwig_minus,106,MUR1.0_MUF1.0_PDF26207,pdf,7,1.37,1.52,0.6296678781509399,0.6325258016586304,1.0045387792626217,0.004538779146969318,0.004538779146969318,0.45387791469693184
Herwig_minus,106,MUR1.0_MUF1.0_PDF26207,pdf,8,1.52,1.74,0.6480627655982971,0.6483562588691711,1.000452877848341,0.00045287783723324537,0.00045287783723324537,0.04528778372332454
Herwig_minus,106,MUR1.0_MUF1.0_PDF26207,pdf,9,1.74,1.95,0.6190352439880371,0.6189253926277161,0.9998225442551326,-0.00017745574587024748,0.00017745574587024748,-0.01774557458702475
Herwig_minus,106,MUR1.0_MUF1.0_PDF26207,pdf,10,1.95,2.18,0.6013617515563965,0.6039133071899414,1.0042429629535652,0.004242963157594204,0.004242963157594204,0.4242963157594204
Herwig_minus,106,MUR1.0_MUF1.0_PDF26207,pdf,11,2.18,2.5,0.6056520938873291,0.6085506081581116,1.0047857743744906,0.004785774275660515,0.004785774275660515,0.4785774275660515
Herwig_minus,107,MUR1.0_MUF1.0_PDF26208,pdf,1,0.0,0.21,0.69124835729599,0.6901370286941528,0.9983922875329724,-0.0016077124746516347,0.0016077124746516347,-0.16077124746516347
Herwig_minus,107,MUR1.0_MUF1.0_PDF26208,pdf,2,0.21,0.42,0.6720393300056458,0.6719915866851807,0.9999289575500518,-7.104245014488697e-05,7.104245014488697e-05,-0.007104245014488697
Herwig_minus,107,MUR1.0_MUF1.0_PDF26208,pdf,3,0.42,0.63,0.6428124904632568,0.6428797841072083,1.0001046862731353,0.00010468627442605793,0.00010468627442605793,0.010468627442605793
Herwig_minus,107,MUR1.0_MUF1.0_PDF26208,pdf,4,0.63,0.84,0.6500856876373291,0.6502274870872498,1.0002181242451837,0.00021812424529343843,0.00021812424529343843,0.021812424529343843
Herwig_minus,107,MUR1.0_MUF1.0_PDF26208,pdf,5,0.84,1.05,0.6886215806007385,0.6885921955108643,0.999957327666309,-4.267233452992514e-05,4.267233452992514e-05,-0.004267233452992514
Herwig_minus,107,MUR1.0_MUF1.0_PDF26208,pdf,6,1.05,1.37,0.6677588224411011,0.6679389476776123,1.0002697459478749,0.00026974594220519066,0.00026974594220519066,0.026974594220519066
Herwig_minus,107,MUR1.0_MUF1.0_PDF26208,pdf,7,1.37,1.52,0.6296678781509399,0.6325523257255554,1.0045809031629276,0.004580903332680464,0.004580903332680464,0.4580903332680464
Herwig_minus,107,MUR1.0_MUF1.0_PDF26208,pdf,8,1.52,1.74,0.6480627655982971,0.6483433842658997,1.0004330115576745,0.00043301156256347895,0.00043301156256347895,0.043301156256347895
Herwig_minus,107,MUR1.0_MUF1.0_PDF26208,pdf,9,1.74,1.95,0.6190352439880371,0.6189042329788208,0.9997883626005326,-0.00021163739438634366,0.00021163739438634366,-0.021163739438634366
Herwig_minus,107,MUR1.0_MUF1.0_PDF26208,pdf,10,1.95,2.18,0.6013617515563965,0.6040614247322083,1.0044892665169087,0.004489266313612461,0.004489266313612461,0.4489266313612461
Herwig_minus,107,MUR1.0_MUF1.0_PDF26208,pdf,11,2.18,2.5,0.6056520938873291,0.608747124671936,1.0051102453303542,0.005110245198011398,0.005110245198011398,0.5110245198011398
Herwig_minus,108,MUR1.0_MUF1.0_PDF26209,pdf,1,0.0,0.21,0.69124835729599,0.6901454329490662,0.9984044456159893,-0.001595554407685995,0.001595554407685995,-0.1595554407685995
Herwig_minus,108,MUR1.0_MUF1.0_PDF26209,pdf,2,0.21,0.42,0.6720393300056458,0.6719942688941956,0.9999329486989254,-6.705130363116041e-05,6.705130363116041e-05,-0.006705130363116041
Herwig_minus,108,MUR1.0_MUF1.0_PDF26209,pdf,3,0.42,0.63,0.6428124904632568,0.6428937911987305,1.0001264765957099,0.0001264765887754038,0.0001264765887754038,0.01264765887754038
Herwig_minus,108,MUR1.0_MUF1.0_PDF26209,pdf,4,0.63,0.84,0.6500856876373291,0.6502578258514404,1.000264793114792,0.00026479311054572463,0.00026479311054572463,0.026479311054572463
Herwig_minus,108,MUR1.0_MUF1.0_PDF26209,pdf,5,0.84,1.05,0.6886215806007385,0.6886309385299683,1.0000135893638733,1.3589364243671298e-05,1.3589364243671298e-05,0.0013589364243671298
Herwig_minus,108,MUR1.0_MUF1.0_PDF26209,pdf,6,1.05,1.37,0.6677588224411011,0.6679577827453613,1.000297952340836,0.0002979523269459605,0.0002979523269459605,0.029795232694596052
Herwig_minus,108,MUR1.0_MUF1.0_PDF26209,pdf,7,1.37,1.52,0.6296678781509399,0.6326100826263428,1.0046726291390993,0.004672629293054342,0.004672629293054342,0.4672629293054342
Herwig_minus,108,MUR1.0_MUF1.0_PDF26209,pdf,8,1.52,1.74,0.6480627655982971,0.6483414769172668,1.0004300684035017,0.0004300684086047113,0.0004300684086047113,0.04300684086047113
Herwig_minus,108,MUR1.0_MUF1.0_PDF26209,pdf,9,1.74,1.95,0.6190352439880371,0.6189215183258057,0.9998162856423185,-0.00018371436453890055,0.00018371436453890055,-0.018371436453890055
Herwig_minus,108,MUR1.0_MUF1.0_PDF26209,pdf,10,1.95,2.18,0.6013617515563965,0.6040976047515869,1.0045494300030051,0.004549430217593908,0.004549430217593908,0.45494302175939083
Herwig_minus,108,MUR1.0_MUF1.0_PDF26209,pdf,11,2.18,2.5,0.6056520938873291,0.6089162826538086,1.0053895442605152,0.005389544181525707,0.005389544181525707,0.5389544181525707
Herwig_minus,109,MUR1.0_MUF1.0_PDF26210,pdf,1,0.0,0.21,0.69124835729599,0.6901195049285889,0.9983669366364689,-0.0016330633079633117,0.0016330633079633117,-0.16330633079633117
Herwig_minus,109,MUR1.0_MUF1.0_PDF26210,pdf,2,0.21,0.42,0.6720393300056458,0.6719691753387451,0.999895609283909,-0.00010439071775181219,0.00010439071775181219,-0.010439071775181219
Herwig_minus,109,MUR1.0_MUF1.0_PDF26210,pdf,3,0.42,0.63,0.6428124904632568,0.6428670287132263,1.0000848431708758,8.484317368129268e-05,8.484317368129268e-05,0.008484317368129268
Herwig_minus,109,MUR1.0_MUF1.0_PDF26210,pdf,4,0.63,0.84,0.6500856876373291,0.6502240300178528,1.0002128063779199,0.00021280637884046882,0.00021280637884046882,0.021280637884046882
Herwig_minus,109,MUR1.0_MUF1.0_PDF26210,pdf,5,0.84,1.05,0.6886215806007385,0.6886109709739685,0.9999845929505131,-1.5407049431814812e-05,1.5407049431814812e-05,-0.0015407049431814812
Herwig_minus,109,MUR1.0_MUF1.0_PDF26210,pdf,6,1.05,1.37,0.6677588224411011,0.6679493188858032,1.000285277316151,0.0002852773177437484,0.0002852773177437484,0.028527731774374843
Herwig_minus,109,MUR1.0_MUF1.0_PDF26210,pdf,7,1.37,1.52,0.6296678781509399,0.6324638724327087,1.0044404270549412,0.004440426826477051,0.004440426826477051,0.4440426826477051
Herwig_minus,109,MUR1.0_MUF1.0_PDF26210,pdf,8,1.52,1.74,0.6480627655982971,0.6483579277992249,1.0004554531082421,0.0004554531187750399,0.0004554531187750399,0.04554531187750399
Herwig_minus,109,MUR1.0_MUF1.0_PDF26210,pdf,9,1.74,1.95,0.6190352439880371,0.6189028024673462,0.9997860517281089,-0.00021394826762843877,0.00021394826762843877,-0.021394826762843877
Herwig_minus,109,MUR1.0_MUF1.0_PDF26210,pdf,10,1.95,2.18,0.6013617515563965,0.6038826704025269,1.0041920172668215,0.004192017484456301,0.004192017484456301,0.4192017484456301
Herwig_minus,109,MUR1.0_MUF1.0_PDF26210,pdf,11,2.18,2.5,0.6056520938873291,0.6083822846412659,1.0045078532403202,0.0045078531838953495,0.0045078531838953495,0.45078531838953495
Herwig_minus,110,MUR1.0_MUF1.0_PDF26211,pdf,1,0.0,0.21,0.69124835729599,0.6903995275497437,0.9987720336152888,-0.0012279663933441043,0.0012279663933441043,-0.12279663933441043
Herwig_minus,110,MUR1.0_MUF1.0_PDF26211,pdf,2,0.21,0.42,0.6720393300056458,0.6720494031906128,1.0000149889813248,1.4988981092756148e-05,1.4988981092756148e-05,0.0014988981092756148
Herwig_minus,110,MUR1.0_MUF1.0_PDF26211,pdf,3,0.42,0.63,0.6428124904632568,0.6429357528686523,1.000191754838657,0.0001917548361234367,0.0001917548361234367,0.01917548361234367
Herwig_minus,110,MUR1.0_MUF1.0_PDF26211,pdf,4,0.63,0.84,0.6500856876373291,0.6503486633300781,1.0004045246615179,0.0004045246751047671,0.0004045246751047671,0.04045246751047671
Herwig_minus,110,MUR1.0_MUF1.0_PDF26211,pdf,5,0.84,1.05,0.6886215806007385,0.688780665397644,1.0002310191858448,0.00023101919214241207,0.00023101919214241207,0.023101919214241207
Herwig_minus,110,MUR1.0_MUF1.0_PDF26211,pdf,6,1.05,1.37,0.6677588224411011,0.6680464744567871,1.0004307723178174,0.00043077231384813786,0.00043077231384813786,0.043077231384813786
Herwig_minus,110,MUR1.0_MUF1.0_PDF26211,pdf,7,1.37,1.52,0.6296678781509399,0.6322067379951477,1.0040320618730993,0.004032061900943518,0.004032061900943518,0.40320619009435177
Herwig_minus,110,MUR1.0_MUF1.0_PDF26211,pdf,8,1.52,1.74,0.6480627655982971,0.6484420299530029,1.0005852278125493,0.0005852277972735465,0.0005852277972735465,0.058522779727354646
Herwig_minus,110,MUR1.0_MUF1.0_PDF26211,pdf,9,1.74,1.95,0.6190352439880371,0.6190119385719299,0.9999623520367644,-3.764796201721765e-05,3.764796201721765e-05,-0.003764796201721765
Herwig_minus,110,MUR1.0_MUF1.0_PDF26211,pdf,10,1.95,2.18,0.6013617515563965,0.6035670638084412,1.0036671974004616,0.003667197423055768,0.003667197423055768,0.3667197423055768
Herwig_minus,110,MUR1.0_MUF1.0_PDF26211,pdf,11,2.18,2.5,0.6056520938873291,0.6078308820724487,1.0035974253323146,0.0035974252969026566,0.0035974252969026566,0.35974252969026566
Herwig_minus,111,MUR1.0_MUF1.0_PDF26212,pdf,1,0.0,0.21,0.69124835729599,0.6898707151412964,0.9980070228881518,-0.001992977224290371,0.001992977224290371,-0.1992977224290371
Herwig_minus,111,MUR1.0_MUF1.0_PDF26212,pdf,2,0.21,0.42,0.6720393300056458,0.6719151139259338,0.9998151654610589,-0.00018483454186934978,0.00018483454186934978,-0.018483454186934978
Herwig_minus,111,MUR1.0_MUF1.0_PDF26212,pdf,3,0.42,0.63,0.6428124904632568,0.6428271532058716,1.0000228102951207,2.2810294467490166e-05,2.2810294467490166e-05,0.0022810294467490166
Herwig_minus,111,MUR1.0_MUF1.0_PDF26212,pdf,4,0.63,0.84,0.6500856876373291,0.6501343846321106,1.0000749085785268,7.490858115488663e-05,7.490858115488663e-05,0.007490858115488663
Herwig_minus,111,MUR1.0_MUF1.0_PDF26212,pdf,5,0.84,1.05,0.6886215806007385,0.6884625554084778,0.999769067370613,-0.0002309326227987185,0.0002309326227987185,-0.02309326227987185
Herwig_minus,111,MUR1.0_MUF1.0_PDF26212,pdf,6,1.05,1.37,0.6677588224411011,0.6678617596626282,1.0001541532931768,0.00015415329835377634,0.00015415329835377634,0.015415329835377634
Herwig_minus,111,MUR1.0_MUF1.0_PDF26212,pdf,7,1.37,1.52,0.6296678781509399,0.6328640580177307,1.0050759773170843,0.005075977183878422,0.005075977183878422,0.5075977183878422
Herwig_minus,111,MUR1.0_MUF1.0_PDF26212,pdf,8,1.52,1.74,0.6480627655982971,0.648258626461029,1.0003022251441203,0.00030222514760680497,0.00030222514760680497,0.030222514760680497
Herwig_minus,111,MUR1.0_MUF1.0_PDF26212,pdf,9,1.74,1.95,0.6190352439880371,0.618817925453186,0.9996489399643047,-0.0003510600363370031,0.0003510600363370031,-0.03510600363370031
Herwig_minus,111,MUR1.0_MUF1.0_PDF26212,pdf,10,1.95,2.18,0.6013617515563965,0.6044012904167175,1.005054426644951,0.005054426845163107,0.005054426845163107,0.5054426845163107
Herwig_minus,111,MUR1.0_MUF1.0_PDF26212,pdf,11,2.18,2.5,0.6056520938873291,0.609442412853241,1.0062582446327957,0.006258244626224041,0.006258244626224041,0.6258244626224041
Herwig_minus,112,MUR1.0_MUF1.0_PDF26213,scale,1,0.0,0.21,0.69124835729599,0.6900166869163513,0.9982181941314744,-0.0017818058840930462,0.0017818058840930462,-0.17818058840930462
Herwig_minus,112,MUR1.0_MUF1.0_PDF26213,scale,2,0.21,0.42,0.6720393300056458,0.6719657778739929,0.9998905538286692,-0.00010944616951746866,0.00010944616951746866,-0.010944616951746866
Herwig_minus,112,MUR1.0_MUF1.0_PDF26213,scale,3,0.42,0.63,0.6428124904632568,0.642858624458313,1.000071768977331,7.176897634053603e-05,7.176897634053603e-05,0.007176897634053603
Herwig_minus,112,MUR1.0_MUF1.0_PDF26213,scale,4,0.63,0.84,0.6500856876373291,0.6501665711402893,1.0001244197565005,0.0001244197628693655,0.0001244197628693655,0.012441976286936551
Herwig_minus,112,MUR1.0_MUF1.0_PDF26213,scale,5,0.84,1.05,0.6886215806007385,0.6884939670562744,0.999814682623869,-0.000185317374416627,0.000185317374416627,-0.0185317374416627
Herwig_minus,112,MUR1.0_MUF1.0_PDF26213,scale,6,1.05,1.37,0.6677588224411011,0.6678731441497803,1.0001712020939855,0.00017120208940468729,0.00017120208940468729,0.01712020894046873
Herwig_minus,112,MUR1.0_MUF1.0_PDF26213,scale,7,1.37,1.52,0.6296678781509399,0.6327148079872131,1.00483894754997,0.004838947672396898,0.004838947672396898,0.4838947672396898
Herwig_minus,112,MUR1.0_MUF1.0_PDF26213,scale,8,1.52,1.74,0.6480627655982971,0.6482687592506409,1.0003178606506633,0.00031786065665073693,0.00031786065665073693,0.03178606566507369
Herwig_minus,112,MUR1.0_MUF1.0_PDF26213,scale,9,1.74,1.95,0.6190352439880371,0.6188437938690186,0.9996907282406327,-0.00030927176703698933,0.00030927176703698933,-0.030927176703698933
Herwig_minus,112,MUR1.0_MUF1.0_PDF26213,scale,10,1.95,2.18,0.6013617515563965,0.604309618473053,1.0049019860492077,0.004901986103504896,0.004901986103504896,0.4901986103504896
Herwig_minus,112,MUR1.0_MUF1.0_PDF26213,scale,11,2.18,2.5,0.6056520938873291,0.6093111038208008,1.0060414385922232,0.006041438784450293,0.006041438784450293,0.6041438784450293
Herwig_minus,113,MUR1.0_MUF1.0_PDF26214,pdf,1,0.0,0.21,0.69124835729599,0.6902400255203247,0.9985412887205842,-0.0014587112236768007,0.0014587112236768007,-0.14587112236768007
Herwig_minus,113,MUR1.0_MUF1.0_PDF26214,pdf,2,0.21,0.42,0.6720393300056458,0.6719974875450134,0.9999377380775736,-6.22619190835394e-05,6.22619190835394e-05,-0.00622619190835394
Herwig_minus,113,MUR1.0_MUF1.0_PDF26214,pdf,3,0.42,0.63,0.6428124904632568,0.6428996920585632,1.0001356563486243,0.000135656344355084,0.000135656344355084,0.0135656344355084
Herwig_minus,113,MUR1.0_MUF1.0_PDF26214,pdf,4,0.63,0.84,0.6500856876373291,0.6503078937530518,1.000341810502751,0.00034181048977188766,0.00034181048977188766,0.034181048977188766
Herwig_minus,113,MUR1.0_MUF1.0_PDF26214,pdf,5,0.84,1.05,0.6886215806007385,0.6887365579605103,1.0001669674070792,0.0001669674093136564,0.0001669674093136564,0.01669674093136564
Herwig_minus,113,MUR1.0_MUF1.0_PDF26214,pdf,6,1.05,1.37,0.6677588224411011,0.6680276393890381,1.0004025659248563,0.000402565929107368,0.000402565929107368,0.0402565929107368
Herwig_minus,113,MUR1.0_MUF1.0_PDF26214,pdf,7,1.37,1.52,0.6296678781509399,0.6323814988136292,1.0043096063128676,0.004309606272727251,0.004309606272727251,0.4309606272727251
Herwig_minus,113,MUR1.0_MUF1.0_PDF26214,pdf,8,1.52,1.74,0.6480627655982971,0.6484220027923584,1.000554324693735,0.0005543247098103166,0.0005543247098103166,0.055432470981031656
Herwig_minus,113,MUR1.0_MUF1.0_PDF26214,pdf,9,1.74,1.95,0.6190352439880371,0.6189761161804199,0.9999044839398218,-9.551605762680992e-05,9.551605762680992e-05,-0.009551605762680992
Herwig_minus,113,MUR1.0_MUF1.0_PDF26214,pdf,10,1.95,2.18,0.6013617515563965,0.603696882724762,1.0038830723143297,0.0038830724079161882,0.0038830724079161882,0.3883072407916188
Herwig_minus,113,MUR1.0_MUF1.0_PDF26214,pdf,11,2.18,2.5,0.6056520938873291,0.6080447435379028,1.0039505347619897,0.003950534854084253,0.003950534854084253,0.39505348540842533
Herwig_minus,114,MUR1.0_MUF1.0_PDF26215,pdf,1,0.0,0.21,0.69124835729599,0.690082311630249,0.9983131306520535,-0.0016868693055585027,0.0016868693055585027,-0.16868693055585027
Herwig_minus,114,MUR1.0_MUF1.0_PDF26215,pdf,2,0.21,0.42,0.6720393300056458,0.6719790101051331,0.9999102434964451,-8.975650416687131e-05,8.975650416687131e-05,-0.008975650416687131
Herwig_minus,114,MUR1.0_MUF1.0_PDF26215,pdf,3,0.42,0.63,0.6428124904632568,0.6428733468055725,1.0000946719972286,9.467199561186135e-05,9.467199561186135e-05,0.009467199561186135
Herwig_minus,114,MUR1.0_MUF1.0_PDF26215,pdf,4,0.63,0.84,0.6500856876373291,0.6502165198326111,1.000201253769726,0.0002012537734117359,0.0002012537734117359,0.02012537734117359
Herwig_minus,114,MUR1.0_MUF1.0_PDF26215,pdf,5,0.84,1.05,0.6886215806007385,0.688572347164154,0.9999285043658644,-7.149563316488639e-05,7.149563316488639e-05,-0.0071495633164886385
Herwig_minus,114,MUR1.0_MUF1.0_PDF26215,pdf,6,1.05,1.37,0.6677588224411011,0.6679259538650513,1.0002502871071612,0.0002502871211618185,0.0002502871211618185,0.02502871211618185
Herwig_minus,114,MUR1.0_MUF1.0_PDF26215,pdf,7,1.37,1.52,0.6296678781509399,0.6326348781585693,1.0047120078863514,0.004712007939815521,0.004712007939815521,0.4712007939815521
Herwig_minus,114,MUR1.0_MUF1.0_PDF26215,pdf,8,1.52,1.74,0.6480627655982971,0.648324728012085,1.0004042238309216,0.00040422382880933583,0.00040422382880933583,0.04042238288093358
Herwig_minus,114,MUR1.0_MUF1.0_PDF26215,pdf,9,1.74,1.95,0.6190352439880371,0.6188855171203613,0.999758128686323,-0.0002418713120277971,0.0002418713120277971,-0.02418713120277971
Herwig_minus,114,MUR1.0_MUF1.0_PDF26215,pdf,10,1.95,2.18,0.6013617515563965,0.6041465401649475,1.0046308043392245,0.004630804527550936,0.004630804527550936,0.4630804527550936
Herwig_minus,114,MUR1.0_MUF1.0_PDF26215,pdf,11,2.18,2.5,0.6056520938873291,0.6089341640472412,1.0054190684603208,0.00541906850412488,0.00541906850412488,0.541906850412488
Herwig_minus,115,MUR1.0_MUF1.0_PDF26216,pdf,1,0.0,0.21,0.69124835729599,0.690191388130188,0.9984709270486564,-0.0015290729934349656,0.0015290729934349656,-0.15290729934349656
Herwig_minus,115,MUR1.0_MUF1.0_PDF26216,pdf,2,0.21,0.42,0.6720393300056458,0.6719869375228882,0.9999220395586712,-7.796043792041019e-05,7.796043792041019e-05,-0.007796043792041019
Herwig_minus,115,MUR1.0_MUF1.0_PDF26216,pdf,3,0.42,0.63,0.6428124904632568,0.6428868770599365,1.000115720521588,0.0001157205188064836,0.0001157205188064836,0.01157205188064836
Herwig_minus,115,MUR1.0_MUF1.0_PDF26216,pdf,4,0.63,0.84,0.6500856876373291,0.6502678394317627,1.000280196592384,0.0002801966038532555,0.0002801966038532555,0.02801966038532555
Herwig_minus,115,MUR1.0_MUF1.0_PDF26216,pdf,5,0.84,1.05,0.6886215806007385,0.6886755228042603,1.000078333594301,7.83335926826112e-05,7.83335926826112e-05,0.00783335926826112
Herwig_minus,115,MUR1.0_MUF1.0_PDF26216,pdf,6,1.05,1.37,0.6677588224411011,0.6679854989051819,1.0003394585836427,0.00033945858012884855,0.00033945858012884855,0.033945858012884855
Herwig_minus,115,MUR1.0_MUF1.0_PDF26216,pdf,7,1.37,1.52,0.6296678781509399,0.6324298977851868,1.0043864705983696,0.004386470653116703,0.004386470653116703,0.4386470653116703
Herwig_minus,115,MUR1.0_MUF1.0_PDF26216,pdf,8,1.52,1.74,0.6480627655982971,0.648377001285553,1.0004848846499703,0.00048488465836271644,0.00048488465836271644,0.048488465836271644
Herwig_minus,115,MUR1.0_MUF1.0_PDF26216,pdf,9,1.74,1.95,0.6190352439880371,0.6189433932304382,0.9998516227331304,-0.0001483772648498416,0.0001483772648498416,-0.01483772648498416
Herwig_minus,115,MUR1.0_MUF1.0_PDF26216,pdf,10,1.95,2.18,0.6013617515563965,0.603817880153656,1.0040842780421315,0.004084277898073196,0.004084277898073196,0.40842778980731964
Herwig_minus,115,MUR1.0_MUF1.0_PDF26216,pdf,11,2.18,2.5,0.6056520938873291,0.6083374619483948,1.0044338459128075,0.004433846101164818,0.004433846101164818,0.4433846101164818
Herwig_minus,116,MUR1.0_MUF1.0_PDF26217,pdf,1,0.0,0.21,0.69124835729599,0.6899003982543945,0.9980499642026371,-0.0019500358030200005,0.0019500358030200005,-0.19500358030200005
Herwig_minus,116,MUR1.0_MUF1.0_PDF26217,pdf,2,0.21,0.42,0.6720393300056458,0.6719006896018982,0.9997937019493391,-0.00020629804930649698,0.00020629804930649698,-0.020629804930649698
Herwig_minus,116,MUR1.0_MUF1.0_PDF26217,pdf,3,0.42,0.63,0.6428124904632568,0.6428892016410828,1.0001193367878876,0.00011933678615605459,0.00011933678615605459,0.011933678615605459
Herwig_minus,116,MUR1.0_MUF1.0_PDF26217,pdf,4,0.63,0.84,0.6500856876373291,0.6503564715385437,1.0004165357065447,0.00041653570951893926,0.00041653570951893926,0.041653570951893926
Herwig_minus,116,MUR1.0_MUF1.0_PDF26217,pdf,5,0.84,1.05,0.6886215806007385,0.6887990236282349,1.0002576785748445,0.00025767856277525425,0.00025767856277525425,0.025767856277525425
Herwig_minus,116,MUR1.0_MUF1.0_PDF26217,pdf,6,1.05,1.37,0.6677588224411011,0.6680634617805481,1.0004562116279248,0.0004562116228044033,0.0004562116228044033,0.04562116228044033
Herwig_minus,116,MUR1.0_MUF1.0_PDF26217,pdf,7,1.37,1.52,0.6296678781509399,0.6329540014266968,1.005218819936324,0.005218819715082645,0.005218819715082645,0.5218819715082645
Herwig_minus,116,MUR1.0_MUF1.0_PDF26217,pdf,8,1.52,1.74,0.6480627655982971,0.6483574509620667,1.000454717319699,0.00045471731573343277,0.00045471731573343277,0.04547173157334328
Herwig_minus,116,MUR1.0_MUF1.0_PDF26217,pdf,9,1.74,1.95,0.6190352439880371,0.6188903450965881,0.9997659278807528,-0.00023407212574966252,0.00023407212574966252,-0.023407212574966252
Herwig_minus,116,MUR1.0_MUF1.0_PDF26217,pdf,10,1.95,2.18,0.6013617515563965,0.6038371920585632,1.0041163916656821,0.004116391763091087,0.004116391763091087,0.41163917630910873
Herwig_minus,116,MUR1.0_MUF1.0_PDF26217,pdf,11,2.18,2.5,0.6056520938873291,0.6082419753074646,1.0042761866858456,0.004276186693459749,0.004276186693459749,0.4276186693459749
Herwig_minus,117,MUR1.0_MUF1.0_PDF26218,pdf,1,0.0,0.21,0.69124835729599,0.6903976202011108,0.9987692743340367,-0.0012307256693020463,0.0012307256693020463,-0.12307256693020463
Herwig_minus,117,MUR1.0_MUF1.0_PDF26218,pdf,2,0.21,0.42,0.6720393300056458,0.6720737814903259,1.000051264089975,5.126409087097272e-05,5.126409087097272e-05,0.005126409087097272
Herwig_minus,117,MUR1.0_MUF1.0_PDF26218,pdf,3,0.42,0.63,0.6428124904632568,0.6428714394569397,1.0000917048043674,9.170480188913643e-05,9.170480188913643e-05,0.009170480188913643
Herwig_minus,117,MUR1.0_MUF1.0_PDF26218,pdf,4,0.63,0.84,0.6500856876373291,0.6501111388206482,1.0000391505055457,3.915050547220744e-05,3.915050547220744e-05,0.003915050547220744
Herwig_minus,117,MUR1.0_MUF1.0_PDF26218,pdf,5,0.84,1.05,0.6886215806007385,0.6884203553199768,0.9997077853984968,-0.00029221459408290684,0.00029221459408290684,-0.029221459408290684
Herwig_minus,117,MUR1.0_MUF1.0_PDF26218,pdf,6,1.05,1.37,0.6677588224411011,0.6678293347358704,1.0001055954521296,0.00010559544898569584,0.00010559544898569584,0.010559544898569584
Herwig_minus,117,MUR1.0_MUF1.0_PDF26218,pdf,7,1.37,1.52,0.6296678781509399,0.6320664286613464,1.0038092311735036,0.003809231100603938,0.003809231100603938,0.3809231100603938
Herwig_minus,117,MUR1.0_MUF1.0_PDF26218,pdf,8,1.52,1.74,0.6480627655982971,0.6483403444290161,1.0004283209057117,0.0004283208982087672,0.0004283208982087672,0.04283208982087672
Herwig_minus,117,MUR1.0_MUF1.0_PDF26218,pdf,9,1.74,1.95,0.6190352439880371,0.6189404726028442,0.9998469047019322,-0.00015309530135709792,0.00015309530135709792,-0.015309530135709792
Herwig_minus,117,MUR1.0_MUF1.0_PDF26218,pdf,10,1.95,2.18,0.6013617515563965,0.6041690111160278,1.004668171117245,0.004668171051889658,0.004668171051889658,0.4668171051889658
Herwig_minus,117,MUR1.0_MUF1.0_PDF26218,pdf,11,2.18,2.5,0.6056520938873291,0.6091285347938538,1.0057399965122078,0.005739996675401926,0.005739996675401926,0.5739996675401926
Herwig_minus,118,MUR1.0_MUF1.0_PDF26219,pdf,1,0.0,0.21,0.69124835729599,0.6891002655029297,0.9968924457173929,-0.003107554279267788,0.003107554279267788,-0.3107554279267788
Herwig_minus,118,MUR1.0_MUF1.0_PDF26219,pdf,2,0.21,0.42,0.6720393300056458,0.6716371178627014,0.999401505053371,-0.0005984949530102313,0.0005984949530102313,-0.059849495301023126
Herwig_minus,118,MUR1.0_MUF1.0_PDF26219,pdf,3,0.42,0.63,0.6428124904632568,0.6428895592689514,1.0001198931365491,0.00011989313497906551,0.00011989313497906551,0.01198931349790655
Herwig_minus,118,MUR1.0_MUF1.0_PDF26219,pdf,4,0.63,0.84,0.6500856876373291,0.6507030129432678,1.0009496060560605,0.0009496060665696859,0.0009496060665696859,0.0949606066569686
Herwig_minus,118,MUR1.0_MUF1.0_PDF26219,pdf,5,0.84,1.05,0.6886215806007385,0.6893095970153809,1.000999121192284,0.0009991212282329798,0.0009991212282329798,0.09991212282329798
Herwig_minus,118,MUR1.0_MUF1.0_PDF26219,pdf,6,1.05,1.37,0.6677588224411011,0.6684327721595764,1.001009271155732,0.0010092711308971047,0.0010092711308971047,0.10092711308971047
Herwig_minus,118,MUR1.0_MUF1.0_PDF26219,pdf,7,1.37,1.52,0.6296678781509399,0.6344111561775208,1.007532983960544,0.007532984018325806,0.007532984018325806,0.7532984018325806
Herwig_minus,118,MUR1.0_MUF1.0_PDF26219,pdf,8,1.52,1.74,0.6480627655982971,0.6485008001327515,1.000675913750499,0.000675913761369884,0.000675913761369884,0.0675913761369884
Herwig_minus,118,MUR1.0_MUF1.0_PDF26219,pdf,9,1.74,1.95,0.6190352439880371,0.6188902854919434,0.9997658315944018,-0.0002341684012208134,0.0002341684012208134,-0.02341684012208134
Herwig_minus,118,MUR1.0_MUF1.0_PDF26219,pdf,10,1.95,2.18,0.6013617515563965,0.6037365794181824,1.0039490836516283,0.003949083853513002,0.003949083853513002,0.39490838535130024
Herwig_minus,118,MUR1.0_MUF1.0_PDF26219,pdf,11,2.18,2.5,0.6056520938873291,0.6075014472007751,1.0030534911578959,0.003053491236642003,0.003053491236642003,0.3053491236642003
Herwig_minus,119,MUR1.0_MUF1.0_PDF26220,pdf,1,0.0,0.21,0.69124835729599,0.6908613443374634,0.9994401245884468,-0.0005598753923550248,0.0005598753923550248,-0.05598753923550248
Herwig_minus,119,MUR1.0_MUF1.0_PDF26220,pdf,2,0.21,0.42,0.6720393300056458,0.672226071357727,1.000277872653792,0.0002778726629912853,0.0002778726629912853,0.027787266299128532
Herwig_minus,119,MUR1.0_MUF1.0_PDF26220,pdf,3,0.42,0.63,0.6428124904632568,0.6428722739219666,1.0000930029512443,9.300294914282858e-05,9.300294914282858e-05,0.009300294914282858
Herwig_minus,119,MUR1.0_MUF1.0_PDF26220,pdf,4,0.63,0.84,0.6500856876373291,0.6499119997024536,0.9997328230136757,-0.00026717697619460523,0.00026717697619460523,-0.026717697619460523
Herwig_minus,119,MUR1.0_MUF1.0_PDF26220,pdf,5,0.84,1.05,0.6886215806007385,0.6881266832351685,0.9992813217309595,-0.0007186782895587385,0.0007186782895587385,-0.07186782895587385
Herwig_minus,119,MUR1.0_MUF1.0_PDF26220,pdf,6,1.05,1.37,0.6677588224411011,0.6676034331321716,0.9997672972580708,-0.0002327027468709275,0.0002327027468709275,-0.02327027468709275
Herwig_minus,119,MUR1.0_MUF1.0_PDF26220,pdf,7,1.37,1.52,0.6296678781509399,0.6311563849449158,1.0023639554209862,0.002363955369219184,0.002363955369219184,0.2363955369219184
Herwig_minus,119,MUR1.0_MUF1.0_PDF26220,pdf,8,1.52,1.74,0.6480627655982971,0.6482391953468323,1.0002722417609848,0.0002722417702898383,0.0002722417702898383,0.02722417702898383
Herwig_minus,119,MUR1.0_MUF1.0_PDF26220,pdf,9,1.74,1.95,0.6190352439880371,0.6189292669296265,0.9998288028679467,-0.0001711971272015944,0.0001711971272015944,-0.01711971272015944
Herwig_minus,119,MUR1.0_MUF1.0_PDF26220,pdf,10,1.95,2.18,0.6013617515563965,0.6041878461837769,1.0046994918118188,0.004699491895735264,0.004699491895735264,0.4699491895735264
Herwig_minus,119,MUR1.0_MUF1.0_PDF26220,pdf,11,2.18,2.5,0.6056520938873291,0.6095421314239502,1.0064228912537116,0.006422891281545162,0.006422891281545162,0.6422891281545162
Herwig_minus,120,MUR1.0_MUF1.0_PDF26221,pdf,1,0.0,0.21,0.69124835729599,0.6901310682296753,0.9983836647790596,-0.001616335241124034,0.001616335241124034,-0.1616335241124034
Herwig_minus,120,MUR1.0_MUF1.0_PDF26221,pdf,2,0.21,0.42,0.6720393300056458,0.6719793081283569,0.999910686957431,-8.931304182624444e-05,8.931304182624444e-05,-0.008931304182624444
Herwig_minus,120,MUR1.0_MUF1.0_PDF26221,pdf,3,0.42,0.63,0.6428124904632568,0.6429009437561035,1.0001376035689395,0.00013760356523562223,0.00013760356523562223,0.013760356523562223
Herwig_minus,120,MUR1.0_MUF1.0_PDF26221,pdf,4,0.63,0.84,0.6500856876373291,0.6503075957298279,1.0003413520659181,0.00034135207533836365,0.00034135207533836365,0.034135207533836365
Herwig_minus,120,MUR1.0_MUF1.0_PDF26221,pdf,5,0.84,1.05,0.6886215806007385,0.6887158155441284,1.000136845759768,0.0001368457596981898,0.0001368457596981898,0.01368457596981898
Herwig_minus,120,MUR1.0_MUF1.0_PDF26221,pdf,6,1.05,1.37,0.6677588224411011,0.6680105328559875,1.0003769480932747,0.00037694809725508094,0.00037694809725508094,0.037694809725508094
Herwig_minus,120,MUR1.0_MUF1.0_PDF26221,pdf,7,1.37,1.52,0.6296678781509399,0.6326084733009338,1.0046700733069458,0.00467007327824831,0.00467007327824831,0.467007327824831
Herwig_minus,120,MUR1.0_MUF1.0_PDF26221,pdf,8,1.52,1.74,0.6480627655982971,0.6483767032623291,1.0004844247821307,0.0004844247887376696,0.0004844247887376696,0.04844247887376696
Herwig_minus,120,MUR1.0_MUF1.0_PDF26221,pdf,9,1.74,1.95,0.6190352439880371,0.6189301013946533,0.9998301508768606,-0.00016984912508632988,0.00016984912508632988,-0.016984912508632988
Herwig_minus,120,MUR1.0_MUF1.0_PDF26221,pdf,10,1.95,2.18,0.6013617515563965,0.6038761138916016,1.0041811144933936,0.004181114491075277,0.004181114491075277,0.41811144910752773
Herwig_minus,120,MUR1.0_MUF1.0_PDF26221,pdf,11,2.18,2.5,0.6056520938873291,0.6083666682243347,1.00448206877249,0.004482068587094545,0.004482068587094545,0.44820685870945454
Herwig_minus,121,MUR1.0_MUF1.0_PDF26222,pdf,1,0.0,0.21,0.69124835729599,0.6901412606239319,0.9983984096882503,-0.001601590309292078,0.001601590309292078,-0.1601590309292078
Herwig_minus,121,MUR1.0_MUF1.0_PDF26222,pdf,2,0.21,0.42,0.6720393300056458,0.671986997127533,0.9999221282508683,-7.78717512730509e-05,7.78717512730509e-05,-0.00778717512730509
Herwig_minus,121,MUR1.0_MUF1.0_PDF26222,pdf,3,0.42,0.63,0.6428124904632568,0.6428521871566772,1.0000617547014243,6.175470480229706e-05,6.175470480229706e-05,0.006175470480229706
Herwig_minus,121,MUR1.0_MUF1.0_PDF26222,pdf,4,0.63,0.84,0.6500856876373291,0.6501457095146179,1.000092329178184,9.232918091583997e-05,9.232918091583997e-05,0.009232918091583997
Herwig_minus,121,MUR1.0_MUF1.0_PDF26222,pdf,5,0.84,1.05,0.6886215806007385,0.6884909272193909,0.9998102682445217,-0.000189731756108813,0.000189731756108813,-0.0189731756108813
Herwig_minus,121,MUR1.0_MUF1.0_PDF26222,pdf,6,1.05,1.37,0.6677588224411011,0.6678725481033325,1.0001703094866132,0.0001703094894764945,0.0001703094894764945,0.01703094894764945
Herwig_minus,121,MUR1.0_MUF1.0_PDF26222,pdf,7,1.37,1.52,0.6296678781509399,0.632439911365509,1.0044023735539906,0.00440237345173955,0.00440237345173955,0.44023734517395496
Herwig_minus,121,MUR1.0_MUF1.0_PDF26222,pdf,8,1.52,1.74,0.6480627655982971,0.6483110785484314,1.0003831618838726,0.0003831618814729154,0.0003831618814729154,0.03831618814729154
Herwig_minus,121,MUR1.0_MUF1.0_PDF26222,pdf,9,1.74,1.95,0.6190352439880371,0.6188884377479553,0.9997628467175212,-0.00023715327552054077,0.00023715327552054077,-0.023715327552054077
Herwig_minus,121,MUR1.0_MUF1.0_PDF26222,pdf,10,1.95,2.18,0.6013617515563965,0.604153573513031,1.0046425000416288,0.004642500076442957,0.004642500076442957,0.4642500076442957
Herwig_minus,121,MUR1.0_MUF1.0_PDF26222,pdf,11,2.18,2.5,0.6056520938873291,0.6090583801269531,1.0056241632349705,0.005624163430184126,0.005624163430184126,0.5624163430184126
Herwig_minus,122,MUR1.0_MUF1.0_PDF26223,pdf,1,0.0,0.21,0.69124835729599,0.6905055046081543,0.9989253461798571,-0.0010746538173407316,0.0010746538173407316,-0.10746538173407316
Herwig_minus,122,MUR1.0_MUF1.0_PDF26223,pdf,2,0.21,0.42,0.6720393300056458,0.6721130609512329,1.0001097122479223,0.00010971225128741935,0.00010971225128741935,0.010971225128741935
Herwig_minus,122,MUR1.0_MUF1.0_PDF26223,pdf,3,0.42,0.63,0.6428124904632568,0.6429789066314697,1.0002588875771423,0.0002588875649962574,0.0002588875649962574,0.025888756499625742
Herwig_minus,122,MUR1.0_MUF1.0_PDF26223,pdf,4,0.63,0.84,0.6500856876373291,0.6503158211708069,1.0003540049225113,0.00035400493652559817,0.00035400493652559817,0.03540049365255982
Herwig_minus,122,MUR1.0_MUF1.0_PDF26223,pdf,5,0.84,1.05,0.6886215806007385,0.6886873245239258,1.0000954717729438,9.547177614877e-05,9.547177614877e-05,0.009547177614877
Herwig_minus,122,MUR1.0_MUF1.0_PDF26223,pdf,6,1.05,1.37,0.6677588224411011,0.6679257154464722,1.0002499300642125,0.0002499300753697753,0.0002499300753697753,0.02499300753697753
Herwig_minus,122,MUR1.0_MUF1.0_PDF26223,pdf,7,1.37,1.52,0.6296678781509399,0.6320764422416687,1.0038251341291249,0.0038251341320574284,0.0038251341320574284,0.38251341320574284
Herwig_minus,122,MUR1.0_MUF1.0_PDF26223,pdf,8,1.52,1.74,0.6480627655982971,0.6482831835746765,1.0003401182540952,0.0003401182475499809,0.0003401182475499809,0.03401182475499809
Herwig_minus,122,MUR1.0_MUF1.0_PDF26223,pdf,9,1.74,1.95,0.6190352439880371,0.6189002394676208,0.9997819114150165,-0.0002180885785492137,0.0002180885785492137,-0.02180885785492137
Herwig_minus,122,MUR1.0_MUF1.0_PDF26223,pdf,10,1.95,2.18,0.6013617515563965,0.6035727262496948,1.0036766134320583,0.003676613327115774,0.003676613327115774,0.3676613327115774
Herwig_minus,122,MUR1.0_MUF1.0_PDF26223,pdf,11,2.18,2.5,0.6056520938873291,0.6080592274665833,1.0039744493638323,0.00397444935515523,0.00397444935515523,0.39744493551552296
Herwig_minus,123,MUR1.0_MUF1.0_PDF26224,pdf,1,0.0,0.21,0.69124835729599,0.6898236274719238,0.9979389031322412,-0.002061096951365471,0.002061096951365471,-0.2061096951365471
Herwig_minus,123,MUR1.0_MUF1.0_PDF26224,pdf,2,0.21,0.42,0.6720393300056458,0.6718716025352478,0.9997504201571111,-0.00024957983987405896,0.00024957983987405896,-0.024957983987405896
Herwig_minus,123,MUR1.0_MUF1.0_PDF26224,pdf,3,0.42,0.63,0.6428124904632568,0.6428011655807495,0.9999823822923865,-1.761770727171097e-05,1.761770727171097e-05,-0.001761770727171097
Herwig_minus,123,MUR1.0_MUF1.0_PDF26224,pdf,4,0.63,0.84,0.6500856876373291,0.6501832604408264,1.0001500922191533,0.00015009222261141986,0.00015009222261141986,0.015009222261141986
Herwig_minus,123,MUR1.0_MUF1.0_PDF26224,pdf,5,0.84,1.05,0.6886215806007385,0.6885682940483093,0.9999226185267347,-7.738147542113438e-05,7.738147542113438e-05,-0.007738147542113438
Herwig_minus,123,MUR1.0_MUF1.0_PDF26224,pdf,6,1.05,1.37,0.6677588224411011,0.6679767966270447,1.0003264265160088,0.00032642652513459325,0.00032642652513459325,0.032642652513459325
Herwig_minus,123,MUR1.0_MUF1.0_PDF26224,pdf,7,1.37,1.52,0.6296678781509399,0.6329267621040344,1.0051755601106165,0.005175560247153044,0.005175560247153044,0.5175560247153044
Herwig_minus,123,MUR1.0_MUF1.0_PDF26224,pdf,8,1.52,1.74,0.6480627655982971,0.6484054923057556,1.0005288480154266,0.0005288480315357447,0.0005288480315357447,0.05288480315357447
Herwig_minus,123,MUR1.0_MUF1.0_PDF26224,pdf,9,1.74,1.95,0.6190352439880371,0.6189240217208862,0.99982032966906,-0.0001796703290892765,0.0001796703290892765,-0.01796703290892765
Herwig_minus,123,MUR1.0_MUF1.0_PDF26224,pdf,10,1.95,2.18,0.6013617515563965,0.6043350100517273,1.0049442095172094,0.004944209475070238,0.004944209475070238,0.4944209475070238
Herwig_minus,123,MUR1.0_MUF1.0_PDF26224,pdf,11,2.18,2.5,0.6056520938873291,0.6091364622116089,1.0057530855741217,0.005753085482865572,0.005753085482865572,0.5753085482865572
Herwig_minus,124,MUR1.0_MUF1.0_PDF26225,pdf,1,0.0,0.21,0.69124835729599,0.6904256343841553,0.9988098012774265,-0.0011901987018063664,0.0011901987018063664,-0.11901987018063664
Herwig_minus,124,MUR1.0_MUF1.0_PDF26225,pdf,2,0.21,0.42,0.6720393300056458,0.6721695065498352,1.0001937037586601,0.00019370375957805663,0.00019370375957805663,0.019370375957805663
Herwig_minus,124,MUR1.0_MUF1.0_PDF26225,pdf,3,0.42,0.63,0.6428124904632568,0.6430729627609253,1.0004052072751117,0.0004052072763442993,0.0004052072763442993,0.04052072763442993
Herwig_minus,124,MUR1.0_MUF1.0_PDF26225,pdf,4,0.63,0.84,0.6500856876373291,0.6504397988319397,1.0005447146450763,0.0005447146249935031,0.0005447146249935031,0.05447146249935031
Herwig_minus,124,MUR1.0_MUF1.0_PDF26225,pdf,5,0.84,1.05,0.6886215806007385,0.6887413859367371,1.0001739784801604,0.00017397847841493785,0.00017397847841493785,0.017397847841493785
Herwig_minus,124,MUR1.0_MUF1.0_PDF26225,pdf,6,1.05,1.37,0.6677588224411011,0.6679077744483948,1.0002230625823096,0.000223062583245337,0.000223062583245337,0.0223062583245337
Herwig_minus,124,MUR1.0_MUF1.0_PDF26225,pdf,7,1.37,1.52,0.6296678781509399,0.6325897574424744,1.0046403499256062,0.004640350118279457,0.004640350118279457,0.4640350118279457
Herwig_minus,124,MUR1.0_MUF1.0_PDF26225,pdf,8,1.52,1.74,0.6480627655982971,0.6482080817222595,1.0002242315585408,0.00022423155314754695,0.00022423155314754695,0.022423155314754695
Herwig_minus,124,MUR1.0_MUF1.0_PDF26225,pdf,9,1.74,1.95,0.6190352439880371,0.6187794208526611,0.9995867389815677,-0.0004132610047236085,0.0004132610047236085,-0.04132610047236085
Herwig_minus,124,MUR1.0_MUF1.0_PDF26225,pdf,10,1.95,2.18,0.6013617515563965,0.6038333177566528,1.0041099491177476,0.004109949339181185,0.004109949339181185,0.4109949339181185
Herwig_minus,124,MUR1.0_MUF1.0_PDF26225,pdf,11,2.18,2.5,0.6056520938873291,0.6082848906517029,1.004347044765379,0.004347044974565506,0.004347044974565506,0.4347044974565506
Herwig_minus,125,MUR1.0_MUF1.0_PDF26226,pdf,1,0.0,0.21,0.69124835729599,0.6896827816963196,0.9977351474572835,-0.00226485263556242,0.00226485263556242,-0.226485263556242
Herwig_minus,125,MUR1.0_MUF1.0_PDF26226,pdf,2,0.21,0.42,0.6720393300056458,0.6716936230659485,0.9994855852563058,-0.0005144147435203195,0.0005144147435203195,-0.051441474352031946
Herwig_minus,125,MUR1.0_MUF1.0_PDF26226,pdf,3,0.42,0.63,0.6428124904632568,0.6425852179527283,0.999646440425629,-0.00035355956060811877,0.00035355956060811877,-0.03535595606081188
Herwig_minus,125,MUR1.0_MUF1.0_PDF26226,pdf,4,0.63,0.84,0.6500856876373291,0.649917483329773,0.9997412582514046,-0.0002587417548056692,0.0002587417548056692,-0.02587417548056692
Herwig_minus,125,MUR1.0_MUF1.0_PDF26226,pdf,5,0.84,1.05,0.6886215806007385,0.6884086728096008,0.9996908203327698,-0.00030917965341359377,0.00030917965341359377,-0.030917965341359377
Herwig_minus,125,MUR1.0_MUF1.0_PDF26226,pdf,6,1.05,1.37,0.6677588224411011,0.6679855585098267,1.00033954784438,0.00033954784157685935,0.00033954784157685935,0.033954784157685935
Herwig_minus,125,MUR1.0_MUF1.0_PDF26226,pdf,7,1.37,1.52,0.6296678781509399,0.6324179768562317,1.0043675385083444,0.00436753872781992,0.00436753872781992,0.43675387278199196
Herwig_minus,125,MUR1.0_MUF1.0_PDF26226,pdf,8,1.52,1.74,0.6480627655982971,0.6485164165496826,1.000700010825289,0.0007000108016654849,0.0007000108016654849,0.07000108016654849
Herwig_minus,125,MUR1.0_MUF1.0_PDF26226,pdf,9,1.74,1.95,0.6190352439880371,0.6190661191940308,1.0000498763298107,4.987632928532548e-05,4.987632928532548e-05,0.004987632928532548
Herwig_minus,125,MUR1.0_MUF1.0_PDF26226,pdf,10,1.95,2.18,0.6013617515563965,0.6041642427444458,1.0046602418274793,0.004660241771489382,0.004660241771489382,0.4660241771489382
Herwig_minus,125,MUR1.0_MUF1.0_PDF26226,pdf,11,2.18,2.5,0.6056520938873291,0.6091253161430359,1.005734682156243,0.005734682083129883,0.005734682083129883,0.5734682083129883
Herwig_minus,126,MUR1.0_MUF1.0_PDF26227,pdf,1,0.0,0.21,0.69124835729599,0.6900972723960876,0.9983347737643744,-0.0016652261838316917,0.0016652261838316917,-0.16652261838316917
Herwig_minus,126,MUR1.0_MUF1.0_PDF26227,pdf,2,0.21,0.42,0.6720393300056458,0.6719783544540405,0.999909267882276,-9.073211549548432e-05,9.073211549548432e-05,-0.009073211549548432
Herwig_minus,126,MUR1.0_MUF1.0_PDF26227,pdf,3,0.42,0.63,0.6428124904632568,0.642902135848999,1.0001394580644778,0.0001394580613123253,0.0001394580613123253,0.01394580613123253
Herwig_minus,126,MUR1.0_MUF1.0_PDF26227,pdf,4,0.63,0.84,0.6500856876373291,0.6503015756607056,1.0003320916418896,0.0003320916439406574,0.0003320916439406574,0.03320916439406574
Herwig_minus,126,MUR1.0_MUF1.0_PDF26227,pdf,5,0.84,1.05,0.6886215806007385,0.6886923909187317,1.0001028290718559,0.00010282907169312239,0.00010282907169312239,0.010282907169312239
Herwig_minus,126,MUR1.0_MUF1.0_PDF26227,pdf,6,1.05,1.37,0.6677588224411011,0.6679933071136475,1.0003511517402184,0.0003511517425067723,0.0003511517425067723,0.03511517425067723
Herwig_minus,126,MUR1.0_MUF1.0_PDF26227,pdf,7,1.37,1.52,0.6296678781509399,0.6326994895935059,1.0048146198142875,0.004814619664102793,0.004814619664102793,0.4814619664102793
Herwig_minus,126,MUR1.0_MUF1.0_PDF26227,pdf,8,1.52,1.74,0.6480627655982971,0.6483578681945801,1.0004553611346743,0.0004553611215669662,0.0004553611215669662,0.04553611215669662
Herwig_minus,126,MUR1.0_MUF1.0_PDF26227,pdf,9,1.74,1.95,0.6190352439880371,0.6189128160476685,0.9998022278350746,-0.0001977721694856882,0.0001977721694856882,-0.01977721694856882
Herwig_minus,126,MUR1.0_MUF1.0_PDF26227,pdf,10,1.95,2.18,0.6013617515563965,0.6039938926696777,1.0043769679506036,0.004376967903226614,0.004376967903226614,0.4376967903226614
Herwig_minus,126,MUR1.0_MUF1.0_PDF26227,pdf,11,2.18,2.5,0.6056520938873291,0.6086032390594482,1.0048726739359184,0.004872674122452736,0.004872674122452736,0.4872674122452736
Herwig_minus,127,MUR1.0_MUF1.0_PDF26228,pdf,1,0.0,0.21,0.69124835729599,0.6902005076408386,0.9984841198621428,-0.0015158801106736064,0.0015158801106736064,-0.15158801106736064
Herwig_minus,127,MUR1.0_MUF1.0_PDF26228,pdf,2,0.21,0.42,0.6720393300056458,0.6720025539398193,0.9999452769143345,-5.472308475873433e-05,5.472308475873433e-05,-0.005472308475873433
Herwig_minus,127,MUR1.0_MUF1.0_PDF26228,pdf,3,0.42,0.63,0.6428124904632568,0.6428826451301575,1.000109137062427,0.0001091370650101453,0.0001091370650101453,0.01091370650101453
Herwig_minus,127,MUR1.0_MUF1.0_PDF26228,pdf,4,0.63,0.84,0.6500856876373291,0.6502252221107483,1.0002146401252523,0.00021464012388605624,0.00021464012388605624,0.021464012388605624
Herwig_minus,127,MUR1.0_MUF1.0_PDF26228,pdf,5,0.84,1.05,0.6886215806007385,0.6885957717895508,0.9999625210537764,-3.747894515981898e-05,3.747894515981898e-05,-0.0037478945159818977
Herwig_minus,127,MUR1.0_MUF1.0_PDF26228,pdf,6,1.05,1.37,0.6677588224411011,0.6679351925849915,1.0002641225214302,0.00026412252918817103,0.00026412252918817103,0.026412252918817103
Herwig_minus,127,MUR1.0_MUF1.0_PDF26228,pdf,7,1.37,1.52,0.6296678781509399,0.6324330568313599,1.0043914876022262,0.004391487687826157,0.004391487687826157,0.43914876878261566
Herwig_minus,127,MUR1.0_MUF1.0_PDF26228,pdf,8,1.52,1.74,0.6480627655982971,0.6483500599861145,1.0004433125972794,0.00044331260141916573,0.00044331260141916573,0.04433126014191657
Herwig_minus,127,MUR1.0_MUF1.0_PDF26228,pdf,9,1.74,1.95,0.6190352439880371,0.6189256906509399,0.9998230256868875,-0.0001769743103068322,0.0001769743103068322,-0.01769743103068322
Herwig_minus,127,MUR1.0_MUF1.0_PDF26228,pdf,10,1.95,2.18,0.6013617515563965,0.6039990782737732,1.0043855910532238,0.004385591018944979,0.004385591018944979,0.43855910189449787
Herwig_minus,127,MUR1.0_MUF1.0_PDF26228,pdf,11,2.18,2.5,0.6056520938873291,0.608721137046814,1.0050673368266367,0.005067336838692427,0.005067336838692427,0.5067336838692427
Herwig_minus,128,MUR1.0_MUF1.0_PDF26229,pdf,1,0.0,0.21,0.69124835729599,0.6904441714286804,0.9988366180420951,-0.0011633819667622447,0.0011633819667622447,-0.11633819667622447
Herwig_minus,128,MUR1.0_MUF1.0_PDF26229,pdf,2,0.21,0.42,0.6720393300056458,0.6721378564834595,1.0001466082019528,0.00014660820306744426,0.00014660820306744426,0.014660820306744426
Herwig_minus,128,MUR1.0_MUF1.0_PDF26229,pdf,3,0.42,0.63,0.6428124904632568,0.6430367231369019,1.0003488306107484,0.0003488306247163564,0.0003488306247163564,0.03488306247163564
Herwig_minus,128,MUR1.0_MUF1.0_PDF26229,pdf,4,0.63,0.84,0.6500856876373291,0.6504629850387573,1.0005803810306908,0.0005803810199722648,0.0005803810199722648,0.05803810199722648
Herwig_minus,128,MUR1.0_MUF1.0_PDF26229,pdf,5,0.84,1.05,0.6886215806007385,0.6888367533683777,1.0003124688126264,0.00031246882281266153,0.00031246882281266153,0.031246882281266153
Herwig_minus,128,MUR1.0_MUF1.0_PDF26229,pdf,6,1.05,1.37,0.6677588224411011,0.6680364012718201,1.0004156872532275,0.0004156872455496341,0.0004156872455496341,0.04156872455496341
Herwig_minus,128,MUR1.0_MUF1.0_PDF26229,pdf,7,1.37,1.52,0.6296678781509399,0.632502555847168,1.0045018616870727,0.004501861520111561,0.004501861520111561,0.4501861520111561
Herwig_minus,128,MUR1.0_MUF1.0_PDF26229,pdf,8,1.52,1.74,0.6480627655982971,0.6483872532844543,1.000500704103649,0.000500704103615135,0.000500704103615135,0.050070410361513495
Herwig_minus,128,MUR1.0_MUF1.0_PDF26229,pdf,9,1.74,1.95,0.6190352439880371,0.6189529895782471,0.9998671248356392,-0.0001328751677647233,0.0001328751677647233,-0.01328751677647233
Herwig_minus,128,MUR1.0_MUF1.0_PDF26229,pdf,10,1.95,2.18,0.6013617515563965,0.6038093566894531,1.0040701044366755,0.004070104565471411,0.004070104565471411,0.4070104565471411
Herwig_minus,128,MUR1.0_MUF1.0_PDF26229,pdf,11,2.18,2.5,0.6056520938873291,0.6081051230430603,1.0040502281433332,0.004050228279083967,0.004050228279083967,0.4050228279083967
Herwig_minus,129,MUR1.0_MUF1.0_PDF26230,pdf,1,0.0,0.21,0.69124835729599,0.689691424369812,0.997747650450457,-0.002252349629998207,0.002252349629998207,-0.2252349629998207
Herwig_minus,129,MUR1.0_MUF1.0_PDF26230,pdf,2,0.21,0.42,0.6720393300056458,0.6717621684074402,0.9995875812830728,-0.00041241871076636016,0.00041241871076636016,-0.041241871076636016
Herwig_minus,129,MUR1.0_MUF1.0_PDF26230,pdf,3,0.42,0.63,0.6428124904632568,0.642662525177002,0.9997667044612857,-0.00023329553368967026,0.00023329553368967026,-0.023329553368967026
Herwig_minus,129,MUR1.0_MUF1.0_PDF26230,pdf,4,0.63,0.84,0.6500856876373291,0.649929404258728,0.9997595957247282,-0.00024040427524596453,0.00024040427524596453,-0.024040427524596453
Herwig_minus,129,MUR1.0_MUF1.0_PDF26230,pdf,5,0.84,1.05,0.6886215806007385,0.6883189082145691,0.9995604663073362,-0.0004395337018650025,0.0004395337018650025,-0.04395337018650025
Herwig_minus,129,MUR1.0_MUF1.0_PDF26230,pdf,6,1.05,1.37,0.6677588224411011,0.6678332686424255,1.000111486660786,0.0001114866608986631,0.0001114866608986631,0.01114866608986631
Herwig_minus,129,MUR1.0_MUF1.0_PDF26230,pdf,7,1.37,1.52,0.6296678781509399,0.6325892806053162,1.0046395926420053,0.004639592487365007,0.004639592487365007,0.46395924873650074
Herwig_minus,129,MUR1.0_MUF1.0_PDF26230,pdf,8,1.52,1.74,0.6480627655982971,0.6482845544815063,1.000342233646157,0.00034223365946672857,0.00034223365946672857,0.03422336594667286
Herwig_minus,129,MUR1.0_MUF1.0_PDF26230,pdf,9,1.74,1.95,0.6190352439880371,0.6188488602638245,0.9996989125804665,-0.00030108742066659033,0.00030108742066659033,-0.030108742066659033
Herwig_minus,129,MUR1.0_MUF1.0_PDF26230,pdf,10,1.95,2.18,0.6013617515563965,0.6042315363883972,1.004772143929296,0.00477214390411973,0.00477214390411973,0.477214390411973
Herwig_minus,129,MUR1.0_MUF1.0_PDF26230,pdf,11,2.18,2.5,0.6056520938873291,0.6094184517860413,1.0062186822050563,0.0062186820432543755,0.0062186820432543755,0.6218682043254375
Herwig_minus,130,MUR1.0_MUF1.0_PDF26231,pdf,1,0.0,0.21,0.69124835729599,0.6894421577453613,0.9973870468818268,-0.0026129530742764473,0.0026129530742764473,-0.26129530742764473
Herwig_minus,130,MUR1.0_MUF1.0_PDF26231,pdf,2,0.21,0.42,0.6720393300056458,0.6716510653495789,0.9994222590275131,-0.0005777409533038735,0.0005777409533038735,-0.057774095330387354
Herwig_minus,130,MUR1.0_MUF1.0_PDF26231,pdf,3,0.42,0.63,0.6428124904632568,0.6425780057907104,0.9996352207276225,-0.00036477926187217236,0.00036477926187217236,-0.036477926187217236
Herwig_minus,130,MUR1.0_MUF1.0_PDF26231,pdf,4,0.63,0.84,0.6500856876373291,0.6498462557792664,0.9996316918482963,-0.00036830815952271223,0.00036830815952271223,-0.03683081595227122
Herwig_minus,130,MUR1.0_MUF1.0_PDF26231,pdf,5,0.84,1.05,0.6886215806007385,0.6882578730583191,0.999471832494558,-0.0005281675257720053,0.0005281675257720053,-0.05281675257720053
Herwig_minus,130,MUR1.0_MUF1.0_PDF26231,pdf,6,1.05,1.37,0.6677588224411011,0.6678275465965271,1.0001029176300131,0.00010291762737324461,0.00010291762737324461,0.010291762737324461
Herwig_minus,130,MUR1.0_MUF1.0_PDF26231,pdf,7,1.37,1.52,0.6296678781509399,0.632761538028717,1.0049131613428683,0.004913161508738995,0.004913161508738995,0.49131615087389946
Herwig_minus,130,MUR1.0_MUF1.0_PDF26231,pdf,8,1.52,1.74,0.6480627655982971,0.6482815146446228,1.000337542994194,0.0003375429951120168,0.0003375429951120168,0.03375429951120168
Herwig_minus,130,MUR1.0_MUF1.0_PDF26231,pdf,9,1.74,1.95,0.6190352439880371,0.6188152432441711,0.9996446070785103,-0.00035539292730391026,0.00035539292730391026,-0.035539292730391026
Herwig_minus,130,MUR1.0_MUF1.0_PDF26231,pdf,10,1.95,2.18,0.6013617515563965,0.6042672991752625,1.004831613602538,0.004831613507121801,0.004831613507121801,0.48316135071218014
Herwig_minus,130,MUR1.0_MUF1.0_PDF26231,pdf,11,2.18,2.5,0.6056520938873291,0.609508216381073,1.0063668936880803,0.006366893649101257,0.006366893649101257,0.6366893649101257
Herwig_minus,131,MUR1.0_MUF1.0_PDF26232,pdf,1,0.0,0.21,0.69124835729599,0.6907274723052979,0.999246457535567,-0.0007535424665547907,0.0007535424665547907,-0.07535424665547907
Herwig_minus,131,MUR1.0_MUF1.0_PDF26232,pdf,2,0.21,0.42,0.6720393300056458,0.6722665429115295,1.0003380946556832,0.0003380946582183242,0.0003380946582183242,0.03380946582183242
Herwig_minus,131,MUR1.0_MUF1.0_PDF26232,pdf,3,0.42,0.63,0.6428124904632568,0.6431424617767334,1.0005133243649929,0.0005133243394084275,0.0005133243394084275,0.05133243394084275
Herwig_minus,131,MUR1.0_MUF1.0_PDF26232,pdf,4,0.63,0.84,0.6500856876373291,0.6505732536315918,1.0007500026589335,0.00075000268407166,0.00075000268407166,0.075000268407166
Herwig_minus,131,MUR1.0_MUF1.0_PDF26232,pdf,5,0.84,1.05,0.6886215806007385,0.6889215707778931,1.0004356386520632,0.00043563864892348647,0.00043563864892348647,0.04356386489234865
Herwig_minus,131,MUR1.0_MUF1.0_PDF26232,pdf,6,1.05,1.37,0.6677588224411011,0.6680470705032349,1.0004316649251896,0.0004316649283282459,0.0004316649283282459,0.04316649283282459
Herwig_minus,131,MUR1.0_MUF1.0_PDF26232,pdf,7,1.37,1.52,0.6296678781509399,0.6323263645172119,1.0042220453965014,0.004222045186907053,0.004222045186907053,0.4222045186907053
Herwig_minus,131,MUR1.0_MUF1.0_PDF26232,pdf,8,1.52,1.74,0.6480627655982971,0.648378849029541,1.000487735830575,0.0004877358442172408,0.0004877358442172408,0.04877358442172408
Herwig_minus,131,MUR1.0_MUF1.0_PDF26232,pdf,9,1.74,1.95,0.6190352439880371,0.6189829111099243,0.9999154605838342,-8.453941700281575e-05,8.453941700281575e-05,-0.008453941700281575
Herwig_minus,131,MUR1.0_MUF1.0_PDF26232,pdf,10,1.95,2.18,0.6013617515563965,0.6037172675132751,1.0039169700280777,0.0039169699884951115,0.0039169699884951115,0.39169699884951115
Herwig_minus,131,MUR1.0_MUF1.0_PDF26232,pdf,11,2.18,2.5,0.6056520938873291,0.6079174280166626,1.0037403224593737,0.003740322543308139,0.003740322543308139,0.3740322543308139
Herwig_minus,132,MUR1.0_MUF1.0_PDF26233,pdf,1,0.0,0.21,0.69124835729599,0.6901518702507019,0.998413758190215,-0.0015862417640164495,0.0015862417640164495,-0.15862417640164495
Herwig_minus,132,MUR1.0_MUF1.0_PDF26233,pdf,2,0.21,0.42,0.6720393300056458,0.6719725728034973,0.9999006647391487,-9.93352587101981e-05,9.93352587101981e-05,-0.00993352587101981
Herwig_minus,132,MUR1.0_MUF1.0_PDF26233,pdf,3,0.42,0.63,0.6428124904632568,0.6428557634353638,1.000067318188039,6.731818575644866e-05,6.731818575644866e-05,0.006731818575644866
Herwig_minus,132,MUR1.0_MUF1.0_PDF26233,pdf,4,0.63,0.84,0.6500856876373291,0.6501906514167786,1.000161461452614,0.00016146145935636014,0.00016146145935636014,0.016146145935636014
Herwig_minus,132,MUR1.0_MUF1.0_PDF26233,pdf,5,0.84,1.05,0.6886215806007385,0.688569962978363,0.9999250421075528,-7.495789031963795e-05,7.495789031963795e-05,-0.007495789031963795
Herwig_minus,132,MUR1.0_MUF1.0_PDF26233,pdf,6,1.05,1.37,0.6677588224411011,0.6679295301437378,1.0002556427513944,0.0002556427498348057,0.0002556427498348057,0.025564274983480573
Herwig_minus,132,MUR1.0_MUF1.0_PDF26233,pdf,7,1.37,1.52,0.6296678781509399,0.6324253082275391,1.0043791817437098,0.004379181656986475,0.004379181656986475,0.4379181656986475
Herwig_minus,132,MUR1.0_MUF1.0_PDF26233,pdf,8,1.52,1.74,0.6480627655982971,0.6483465433120728,1.000437886156773,0.0004378861631266773,0.0004378861631266773,0.04378861631266773
Herwig_minus,132,MUR1.0_MUF1.0_PDF26233,pdf,9,1.74,1.95,0.6190352439880371,0.6189147233963013,0.9998053089983061,-0.00019469100516289473,0.00019469100516289473,-0.019469100516289473
Herwig_minus,132,MUR1.0_MUF1.0_PDF26233,pdf,10,1.95,2.18,0.6013617515563965,0.6039755344390869,1.0043464401850062,0.004346440080553293,0.004346440080553293,0.4346440080553293
Herwig_minus,132,MUR1.0_MUF1.0_PDF26233,pdf,11,2.18,2.5,0.6056520938873291,0.6087016463279724,1.0050351554488486,0.005035155452787876,0.005035155452787876,0.5035155452787876
Herwig_minus,133,MUR1.0_MUF1.0_PDF26234,pdf,1,0.0,0.21,0.69124835729599,0.6901053190231323,0.9983464144821567,-0.001653585466556251,0.001653585466556251,-0.1653585466556251
Herwig_minus,133,MUR1.0_MUF1.0_PDF26234,pdf,2,0.21,0.42,0.6720393300056458,0.6719937324523926,0.9999321504691506,-6.784953438909724e-05,6.784953438909724e-05,-0.006784953438909724
Herwig_minus,133,MUR1.0_MUF1.0_PDF26234,pdf,3,0.42,0.63,0.6428124904632568,0.6429123878479004,1.000155406726107,0.00015540672757197171,0.00015540672757197171,0.015540672757197171
Herwig_minus,133,MUR1.0_MUF1.0_PDF26234,pdf,4,0.63,0.84,0.6500856876373291,0.6503094434738159,1.0003441943742832,0.0003441943845245987,0.0003441943845245987,0.03441943845245987
Herwig_minus,133,MUR1.0_MUF1.0_PDF26234,pdf,5,0.84,1.05,0.6886215806007385,0.6886908411979675,1.0001005786039534,0.00010057860345114022,0.00010057860345114022,0.010057860345114022
Herwig_minus,133,MUR1.0_MUF1.0_PDF26234,pdf,6,1.05,1.37,0.6677588224411011,0.6679843068122864,1.0003376733688985,0.00033767338027246296,0.00033767338027246296,0.033767338027246296
Herwig_minus,133,MUR1.0_MUF1.0_PDF26234,pdf,7,1.37,1.52,0.6296678781509399,0.6326993703842163,1.0048144304933873,0.004814430605620146,0.004814430605620146,0.4814430605620146
Herwig_minus,133,MUR1.0_MUF1.0_PDF26234,pdf,8,1.52,1.74,0.6480627655982971,0.6483535170555115,1.0004486470642175,0.0004486470716074109,0.0004486470716074109,0.04486470716074109
Herwig_minus,133,MUR1.0_MUF1.0_PDF26234,pdf,9,1.74,1.95,0.6190352439880371,0.6189085841178894,0.9997953915041545,-0.00020460849918890744,0.00020460849918890744,-0.020460849918890744
Herwig_minus,133,MUR1.0_MUF1.0_PDF26234,pdf,10,1.95,2.18,0.6013617515563965,0.6040158271789551,1.0044134426835254,0.004413442686200142,0.004413442686200142,0.4413442686200142
Herwig_minus,133,MUR1.0_MUF1.0_PDF26234,pdf,11,2.18,2.5,0.6056520938873291,0.6085917949676514,1.0048537784480427,0.0048537785187363625,0.0048537785187363625,0.48537785187363625
Herwig_minus,134,MUR1.0_MUF1.0_PDF26235,pdf,1,0.0,0.21,0.69124835729599,0.6900790333747864,0.9983083881374015,-0.0016916118329390883,0.0016916118329390883,-0.16916118329390883
Herwig_minus,134,MUR1.0_MUF1.0_PDF26235,pdf,2,0.21,0.42,0.6720393300056458,0.6719474196434021,0.9998632366319351,-0.00013676336675416678,0.00013676336675416678,-0.013676336675416678
Herwig_minus,134,MUR1.0_MUF1.0_PDF26235,pdf,3,0.42,0.63,0.6428124904632568,0.6428399682044983,1.000042746122157,4.274612365406938e-05,4.274612365406938e-05,0.004274612365406938
Herwig_minus,134,MUR1.0_MUF1.0_PDF26235,pdf,4,0.63,0.84,0.6500856876373291,0.650180995464325,1.0001466080992218,0.00014660810120403767,0.00014660810120403767,0.014660810120403767
Herwig_minus,134,MUR1.0_MUF1.0_PDF26235,pdf,5,0.84,1.05,0.6886215806007385,0.6885619759559631,0.9999134435422088,-8.655645797261968e-05,8.655645797261968e-05,-0.008655645797261968
Herwig_minus,134,MUR1.0_MUF1.0_PDF26235,pdf,6,1.05,1.37,0.6677588224411011,0.6679345369338989,1.0002631406533207,0.0002631406532600522,0.0002631406532600522,0.02631406532600522
Herwig_minus,134,MUR1.0_MUF1.0_PDF26235,pdf,7,1.37,1.52,0.6296678781509399,0.6325125098228455,1.0045176699822436,0.004517669789493084,0.004517669789493084,0.4517669789493084
Herwig_minus,134,MUR1.0_MUF1.0_PDF26235,pdf,8,1.52,1.74,0.6480627655982971,0.6483454704284668,1.000436230632551,0.00043623062083497643,0.00043623062083497643,0.043623062083497643
Herwig_minus,134,MUR1.0_MUF1.0_PDF26235,pdf,9,1.74,1.95,0.6190352439880371,0.618909478187561,0.9997968357994194,-0.0002031642070505768,0.0002031642070505768,-0.02031642070505768
Herwig_minus,134,MUR1.0_MUF1.0_PDF26235,pdf,10,1.95,2.18,0.6013617515563965,0.6040356159210205,1.0044463492360525,0.004446349106729031,0.004446349106729031,0.44463491067290306
Herwig_minus,134,MUR1.0_MUF1.0_PDF26235,pdf,11,2.18,2.5,0.6056520938873291,0.6088000535964966,1.0051976369617788,0.005197636783123016,0.005197636783123016,0.5197636783123016
Herwig_minus,135,MUR1.0_MUF1.0_PDF26236,pdf,1,0.0,0.21,0.69124835729599,0.6903187036514282,0.9986551090722322,-0.0013448909157887101,0.0013448909157887101,-0.134489091578871
Herwig_minus,135,MUR1.0_MUF1.0_PDF26236,pdf,2,0.21,0.42,0.6720393300056458,0.6720886826515198,1.000073437139272,7.343714241869748e-05,7.343714241869748e-05,0.007343714241869748
Herwig_minus,135,MUR1.0_MUF1.0_PDF26236,pdf,3,0.42,0.63,0.6428124904632568,0.6430078148841858,1.0003038590939455,0.0003038590948563069,0.0003038590948563069,0.03038590948563069
Herwig_minus,135,MUR1.0_MUF1.0_PDF26236,pdf,4,0.63,0.84,0.6500856876373291,0.6504390239715576,1.0005435227093102,0.000543522706720978,0.000543522706720978,0.0543522706720978
Herwig_minus,135,MUR1.0_MUF1.0_PDF26236,pdf,5,0.84,1.05,0.6886215806007385,0.6888088583946228,1.00027196039038,0.0002719603944569826,0.0002719603944569826,0.02719603944569826
Herwig_minus,135,MUR1.0_MUF1.0_PDF26236,pdf,6,1.05,1.37,0.6677588224411011,0.6680237650871277,1.000396763976937,0.0003967639640904963,0.0003967639640904963,0.03967639640904963
Herwig_minus,135,MUR1.0_MUF1.0_PDF26236,pdf,7,1.37,1.52,0.6296678781509399,0.6326411366462708,1.0047219472336146,0.004721947014331818,0.004721947014331818,0.47219470143318176
Herwig_minus,135,MUR1.0_MUF1.0_PDF26236,pdf,8,1.52,1.74,0.6480627655982971,0.6483673453330994,1.0004699849319705,0.00046998492325656116,0.00046998492325656116,0.046998492325656116
Herwig_minus,135,MUR1.0_MUF1.0_PDF26236,pdf,9,1.74,1.95,0.6190352439880371,0.6189337968826294,0.9998361206306217,-0.00016387937648687512,0.00016387937648687512,-0.01638793764868751
Herwig_minus,135,MUR1.0_MUF1.0_PDF26236,pdf,10,1.95,2.18,0.6013617515563965,0.6038958430290222,1.0042139219297987,0.0042139217257499695,0.0042139217257499695,0.42139217257499695
Herwig_minus,135,MUR1.0_MUF1.0_PDF26236,pdf,11,2.18,2.5,0.6056520938873291,0.6083480715751648,1.0044513636046921,0.004451363813132048,0.004451363813132048,0.44513638131320477
Herwig_minus,136,MUR1.0_MUF1.0_PDF26237,pdf,1,0.0,0.21,0.69124835729599,0.690121054649353,0.9983691785524862,-0.0016308214981108904,0.0016308214981108904,-0.16308214981108904
Herwig_minus,136,MUR1.0_MUF1.0_PDF26237,pdf,2,0.21,0.42,0.6720393300056458,0.6719925999641418,0.9999304653174041,-6.95346825523302e-05,6.95346825523302e-05,-0.00695346825523302
Herwig_minus,136,MUR1.0_MUF1.0_PDF26237,pdf,3,0.42,0.63,0.6428124904632568,0.6428906917572021,1.0001216549073104,0.00012165490625193343,0.00012165490625193343,0.012165490625193343
Herwig_minus,136,MUR1.0_MUF1.0_PDF26237,pdf,4,0.63,0.84,0.6500856876373291,0.6502526998519897,1.000256908001263,0.00025690800976008177,0.00025690800976008177,0.025690800976008177
Herwig_minus,136,MUR1.0_MUF1.0_PDF26237,pdf,5,0.84,1.05,0.6886215806007385,0.6886227130889893,1.000001644572698,1.6445726487290813e-06,1.6445726487290813e-06,0.00016445726487290813
Herwig_minus,136,MUR1.0_MUF1.0_PDF26237,pdf,6,1.05,1.37,0.6677588224411011,0.6679618954658508,1.0003041113317042,0.0003041113377548754,0.0003041113377548754,0.030411133775487542
Herwig_minus,136,MUR1.0_MUF1.0_PDF26237,pdf,7,1.37,1.52,0.6296678781509399,0.6326402425765991,1.0047205273268627,0.004720527213066816,0.004720527213066816,0.47205272130668163
Herwig_minus,136,MUR1.0_MUF1.0_PDF26237,pdf,8,1.52,1.74,0.6480627655982971,0.6483670473098755,1.000469525064131,0.0004695250536315143,0.0004695250536315143,0.04695250536315143
Herwig_minus,136,MUR1.0_MUF1.0_PDF26237,pdf,9,1.74,1.95,0.6190352439880371,0.6189184188842773,0.9998112787520673,-0.00018872124201152474,0.00018872124201152474,-0.018872124201152474
Herwig_minus,136,MUR1.0_MUF1.0_PDF26237,pdf,10,1.95,2.18,0.6013617515563965,0.6041250228881836,1.0045950234191574,0.004595023579895496,0.004595023579895496,0.45950235798954964
Herwig_minus,136,MUR1.0_MUF1.0_PDF26237,pdf,11,2.18,2.5,0.6056520938873291,0.6088051795959473,1.0052061005657231,0.005206100642681122,0.005206100642681122,0.5206100642681122
Herwig_minus,137,MUR1.0_MUF1.0_PDF26238,pdf,1,0.0,0.21,0.69124835729599,0.6901525855064392,0.9984147929206846,-0.0015852070646360517,0.0015852070646360517,-0.15852070646360517
Herwig_minus,137,MUR1.0_MUF1.0_PDF26238,pdf,2,0.21,0.42,0.6720393300056458,0.6719780564308167,0.99990882442129,-9.117557783611119e-05,9.117557783611119e-05,-0.009117557783611119
Herwig_minus,137,MUR1.0_MUF1.0_PDF26238,pdf,3,0.42,0.63,0.6428124904632568,0.6428736448287964,1.0000951356211132,9.513561963103712e-05,9.513561963103712e-05,0.009513561963103712
Herwig_minus,137,MUR1.0_MUF1.0_PDF26238,pdf,4,0.63,0.84,0.6500856876373291,0.650239109992981,1.0002360032816742,0.00023600328131578863,0.00023600328131578863,0.023600328131578863
Herwig_minus,137,MUR1.0_MUF1.0_PDF26238,pdf,5,0.84,1.05,0.6886215806007385,0.6886283159255981,1.0000097808797304,9.780879736354109e-06,9.780879736354109e-06,0.0009780879736354109
Herwig_minus,137,MUR1.0_MUF1.0_PDF26238,pdf,6,1.05,1.37,0.6677588224411011,0.6679535508155823,1.0002916148284935,0.0002916148223448545,0.0002916148223448545,0.029161482234485447
Herwig_minus,137,MUR1.0_MUF1.0_PDF26238,pdf,7,1.37,1.52,0.6296678781509399,0.6324625611305237,1.0044383445250384,0.004438344389200211,0.004438344389200211,0.44383443892002106
Herwig_minus,137,MUR1.0_MUF1.0_PDF26238,pdf,8,1.52,1.74,0.6480627655982971,0.6483454704284668,1.000436230632551,0.00043623062083497643,0.00043623062083497643,0.043623062083497643
Herwig_minus,137,MUR1.0_MUF1.0_PDF26238,pdf,9,1.74,1.95,0.6190352439880371,0.6189196109771729,0.999813204479087,-0.0001867955143097788,0.0001867955143097788,-0.01867955143097788
Herwig_minus,137,MUR1.0_MUF1.0_PDF26238,pdf,10,1.95,2.18,0.6013617515563965,0.6038992404937744,1.0042195715487567,0.004219571594148874,0.004219571594148874,0.42195715941488743
Herwig_minus,137,MUR1.0_MUF1.0_PDF26238,pdf,11,2.18,2.5,0.6056520938873291,0.6085414886474609,1.0047707170325897,0.004770717117935419,0.004770717117935419,0.4770717117935419
Herwig_minus,138,MUR1.0_MUF1.0_PDF26239,pdf,1,0.0,0.21,0.69124835729599,0.6909422278404236,0.9995571353590424,-0.0004428646352607757,0.0004428646352607757,-0.04428646352607757
Herwig_minus,138,MUR1.0_MUF1.0_PDF26239,pdf,2,0.21,0.42,0.6720393300056458,0.6721605658531189,1.0001803999290817,0.00018039993301499635,0.00018039993301499635,0.018039993301499635
Herwig_minus,138,MUR1.0_MUF1.0_PDF26239,pdf,3,0.42,0.63,0.6428124904632568,0.6429567337036133,1.0002243939601305,0.00022439396707341075,0.00022439396707341075,0.022439396707341075
Herwig_minus,138,MUR1.0_MUF1.0_PDF26239,pdf,4,0.63,0.84,0.6500856876373291,0.6503636837005615,1.0004276298779053,0.00042762988596223295,0.00042762988596223295,0.042762988596223295
Herwig_minus,138,MUR1.0_MUF1.0_PDF26239,pdf,5,0.84,1.05,0.6886215806007385,0.6888719797134399,1.0003636236791809,0.0003636236651800573,0.0003636236651800573,0.03636236651800573
Herwig_minus,138,MUR1.0_MUF1.0_PDF26239,pdf,6,1.05,1.37,0.6677588224411011,0.6681544184684753,1.0005924235129207,0.0005924234865233302,0.0005924234865233302,0.05924234865233302
Herwig_minus,138,MUR1.0_MUF1.0_PDF26239,pdf,7,1.37,1.52,0.6296678781509399,0.6313048005104065,1.002599659941799,0.0025996598415076733,0.0025996598415076733,0.2599659841507673
Herwig_minus,138,MUR1.0_MUF1.0_PDF26239,pdf,8,1.52,1.74,0.6480627655982971,0.6486064791679382,1.0008389828863862,0.0008389828726649284,0.0008389828726649284,0.08389828726649284
Herwig_minus,138,MUR1.0_MUF1.0_PDF26239,pdf,9,1.74,1.95,0.6190352439880371,0.6192516684532166,1.0003496157404306,0.00034961572964675725,0.00034961572964675725,0.034961572964675725
Herwig_minus,138,MUR1.0_MUF1.0_PDF26239,pdf,10,1.95,2.18,0.6013617515563965,0.6029171347618103,1.0025864352054121,0.002586435293778777,0.002586435293778777,0.2586435293778777
Herwig_minus,138,MUR1.0_MUF1.0_PDF26239,pdf,11,2.18,2.5,0.6056520938873291,0.6066937446594238,1.0017198830526763,0.0017198830610141158,0.0017198830610141158,0.17198830610141158
Herwig_minus,139,MUR1.0_MUF1.0_PDF26240,pdf,1,0.0,0.21,0.69124835729599,0.6893603801727295,0.9972687426981443,-0.002731257351115346,0.002731257351115346,-0.2731257351115346
Herwig_minus,139,MUR1.0_MUF1.0_PDF26240,pdf,2,0.21,0.42,0.6720393300056458,0.6718119978904724,0.9996617279599225,-0.000338272046064958,0.000338272046064958,-0.0338272046064958
Herwig_minus,139,MUR1.0_MUF1.0_PDF26240,pdf,3,0.42,0.63,0.6428124904632568,0.6428046822547913,0.9999878530542243,-1.2146945664426312e-05,1.2146945664426312e-05,-0.0012146945664426312
Herwig_minus,139,MUR1.0_MUF1.0_PDF26240,pdf,4,0.63,0.84,0.6500856876373291,0.6500539183616638,0.9999511306335928,-4.886936585535295e-05,4.886936585535295e-05,-0.004886936585535295
Herwig_minus,139,MUR1.0_MUF1.0_PDF26240,pdf,5,0.84,1.05,0.6886215806007385,0.6882560849189758,0.9994692358008243,-0.000530764227733016,0.000530764227733016,-0.0530764227733016
Herwig_minus,139,MUR1.0_MUF1.0_PDF26240,pdf,6,1.05,1.37,0.6677588224411011,0.6676607131958008,0.999853076826538,-0.00014692317927256227,0.00014692317927256227,-0.014692317927256227
Herwig_minus,139,MUR1.0_MUF1.0_PDF26240,pdf,7,1.37,1.52,0.6296678781509399,0.6336420178413391,1.0063114855121233,0.006311485543847084,0.006311485543847084,0.6311485543847084
Herwig_minus,139,MUR1.0_MUF1.0_PDF26240,pdf,8,1.52,1.74,0.6480627655982971,0.6479088664054871,0.9997625242476815,-0.00023747574596200138,0.00023747574596200138,-0.02374757459620014
Herwig_minus,139,MUR1.0_MUF1.0_PDF26240,pdf,9,1.74,1.95,0.6190352439880371,0.6184946298599243,0.9991266827965561,-0.0008733171853236854,0.0008733171853236854,-0.08733171853236854
Herwig_minus,139,MUR1.0_MUF1.0_PDF26240,pdf,10,1.95,2.18,0.6013617515563965,0.6049380302429199,1.0059469673241899,0.005946967285126448,0.005946967285126448,0.5946967285126448
Herwig_minus,139,MUR1.0_MUF1.0_PDF26240,pdf,11,2.18,2.5,0.6056520938873291,0.6107315421104431,1.0083867426107818,0.008386742323637009,0.008386742323637009,0.8386742323637009
Herwig_minus,140,MUR1.0_MUF1.0_PDF26241,pdf,1,0.0,0.21,0.69124835729599,0.6893050074577332,0.997188637314295,-0.00281136273406446,0.00281136273406446,-0.281136273406446
Herwig_minus,140,MUR1.0_MUF1.0_PDF26241,pdf,2,0.21,0.42,0.6720393300056458,0.6718916296958923,0.9997802207353665,-0.00021977926371619105,0.00021977926371619105,-0.021977926371619105
Herwig_minus,140,MUR1.0_MUF1.0_PDF26241,pdf,3,0.42,0.63,0.6428124904632568,0.6428285241127014,1.0000249429649897,2.49429649556987e-05,2.49429649556987e-05,0.00249429649556987
Herwig_minus,140,MUR1.0_MUF1.0_PDF26241,pdf,4,0.63,0.84,0.6500856876373291,0.6499161720275879,0.999739241129339,-0.0002607588830869645,0.0002607588830869645,-0.02607588830869645
Herwig_minus,140,MUR1.0_MUF1.0_PDF26241,pdf,5,0.84,1.05,0.6886215806007385,0.6880236268043518,0.9991316656154385,-0.0008683343767188489,0.0008683343767188489,-0.0868334376718849
Herwig_minus,140,MUR1.0_MUF1.0_PDF26241,pdf,6,1.05,1.37,0.6677588224411011,0.667594850063324,0.9997544437119114,-0.00024555629352107644,0.00024555629352107644,-0.024555629352107644
Herwig_minus,140,MUR1.0_MUF1.0_PDF26241,pdf,7,1.37,1.52,0.6296678781509399,0.6341314315795898,1.0070887424681045,0.007088742684572935,0.007088742684572935,0.7088742684572935
Herwig_minus,140,MUR1.0_MUF1.0_PDF26241,pdf,8,1.52,1.74,0.6480627655982971,0.6479693651199341,0.9998558774191003,-0.0001441225758753717,0.0001441225758753717,-0.01441225758753717
Herwig_minus,140,MUR1.0_MUF1.0_PDF26241,pdf,9,1.74,1.95,0.6190352439880371,0.6184741854667664,0.999093656578168,-0.000906343397218734,0.000906343397218734,-0.0906343397218734
Herwig_minus,140,MUR1.0_MUF1.0_PDF26241,pdf,10,1.95,2.18,0.6013617515563965,0.6060970425605774,1.0078742803178375,0.007874280214309692,0.007874280214309692,0.7874280214309692
Herwig_minus,140,MUR1.0_MUF1.0_PDF26241,pdf,11,2.18,2.5,0.6056520938873291,0.6123541593551636,1.0110658669151424,0.01106586679816246,0.01106586679816246,1.106586679816246
Herwig_minus,141,MUR1.0_MUF1.0_PDF26242,pdf,1,0.0,0.21,0.69124835729599,0.6912685632705688,1.0000292311357641,2.9231136068119667e-05,2.9231136068119667e-05,0.0029231136068119667
Herwig_minus,141,MUR1.0_MUF1.0_PDF26242,pdf,2,0.21,0.42,0.6720393300056458,0.6721721887588501,1.0001976949075335,0.0001976949133677408,0.0001976949133677408,0.01976949133677408
Herwig_minus,141,MUR1.0_MUF1.0_PDF26242,pdf,3,0.42,0.63,0.6428124904632568,0.6429298520088196,1.0001825750857427,0.00018257508054375648,0.00018257508054375648,0.01825750805437565
Herwig_minus,141,MUR1.0_MUF1.0_PDF26242,pdf,4,0.63,0.84,0.6500856876373291,0.650367021560669,1.000432764370436,0.0004327643837314099,0.0004327643837314099,0.04327643837314099
Herwig_minus,141,MUR1.0_MUF1.0_PDF26242,pdf,5,0.84,1.05,0.6886215806007385,0.6888973712921143,1.0004004967302,0.0004004967340733856,0.0004004967340733856,0.04004967340733856
Herwig_minus,141,MUR1.0_MUF1.0_PDF26242,pdf,6,1.05,1.37,0.6677588224411011,0.6680325269699097,1.0004098853053083,0.00040988530963659286,0.00040988530963659286,0.040988530963659286
Herwig_minus,141,MUR1.0_MUF1.0_PDF26242,pdf,7,1.37,1.52,0.6296678781509399,0.6301800608634949,1.0008134172479293,0.0008134172530844808,0.0008134172530844808,0.08134172530844808
Herwig_minus,141,MUR1.0_MUF1.0_PDF26242,pdf,8,1.52,1.74,0.6480627655982971,0.6484532356262207,1.0006025188433147,0.0006025188486091793,0.0006025188486091793,0.060251884860917926
Herwig_minus,141,MUR1.0_MUF1.0_PDF26242,pdf,9,1.74,1.95,0.6190352439880371,0.619229257106781,1.0003134120724597,0.00031341207795776427,0.00031341207795776427,0.03134120779577643
Herwig_minus,141,MUR1.0_MUF1.0_PDF26242,pdf,10,1.95,2.18,0.6013617515563965,0.6015770435333252,1.0003580074329161,0.00035800744080916047,0.00035800744080916047,0.03580074408091605
Herwig_minus,141,MUR1.0_MUF1.0_PDF26242,pdf,11,2.18,2.5,0.6056520938873291,0.6050509810447693,0.9990074948165346,-0.0009925052290782332,0.0009925052290782332,-0.09925052290782332
Herwig_minus,142,MUR1.0_MUF1.0_PDF26243,pdf,1,0.0,0.21,0.69124835729599,0.6903298497200012,0.998671233622049,-0.0013287663459777832,0.0013287663459777832,-0.13287663459777832
Herwig_minus,142,MUR1.0_MUF1.0_PDF26243,pdf,2,0.21,0.42,0.6720393300056458,0.6720142364501953,0.9999626605849836,-3.733941412065178e-05,3.733941412065178e-05,-0.003733941412065178
Herwig_minus,142,MUR1.0_MUF1.0_PDF26243,pdf,3,0.42,0.63,0.6428124904632568,0.6429474353790283,1.000209928894932,0.0002099288976751268,0.0002099288976751268,0.02099288976751268
Herwig_minus,142,MUR1.0_MUF1.0_PDF26243,pdf,4,0.63,0.84,0.6500856876373291,0.650370717048645,1.0004384489871663,0.0004384489730000496,0.0004384489730000496,0.04384489730000496
Herwig_minus,142,MUR1.0_MUF1.0_PDF26243,pdf,5,0.84,1.05,0.6886215806007385,0.6887620687484741,1.000204013571014,0.00020401357323862612,0.00020401357323862612,0.020401357323862612
Herwig_minus,142,MUR1.0_MUF1.0_PDF26243,pdf,6,1.05,1.37,0.6677588224411011,0.6679382920265198,1.0002687640797656,0.00026876406627707183,0.00026876406627707183,0.026876406627707183
Herwig_minus,142,MUR1.0_MUF1.0_PDF26243,pdf,7,1.37,1.52,0.6296678781509399,0.6322147250175476,1.0040447463734161,0.0040447465144097805,0.0040447465144097805,0.40447465144097805
Herwig_minus,142,MUR1.0_MUF1.0_PDF26243,pdf,8,1.52,1.74,0.6480627655982971,0.6481263041496277,1.0000980438233817,9.804381988942623e-05,9.804381988942623e-05,0.009804381988942623
Herwig_minus,142,MUR1.0_MUF1.0_PDF26243,pdf,9,1.74,1.95,0.6190352439880371,0.6188398599624634,0.9996843733414676,-0.00031562664662487805,0.00031562664662487805,-0.031562664662487805
Herwig_minus,142,MUR1.0_MUF1.0_PDF26243,pdf,10,1.95,2.18,0.6013617515563965,0.6032530069351196,1.0031449545532758,0.00314495456404984,0.00314495456404984,0.314495456404984
Herwig_minus,142,MUR1.0_MUF1.0_PDF26243,pdf,11,2.18,2.5,0.6056520938873291,0.6079491376876831,1.003792678707029,0.003792678704485297,0.003792678704485297,0.3792678704485297
Herwig_minus,143,MUR1.0_MUF1.0_PDF26244,pdf,1,0.0,0.21,0.69124835729599,0.6903194785118103,0.9986562300302408,-0.0013437699526548386,0.0013437699526548386,-0.13437699526548386
Herwig_minus,143,MUR1.0_MUF1.0_PDF26244,pdf,2,0.21,0.42,0.6720393300056458,0.6720659732818604,1.0000396454121434,3.964541247114539e-05,3.964541247114539e-05,0.003964541247114539
Herwig_minus,143,MUR1.0_MUF1.0_PDF26244,pdf,3,0.42,0.63,0.6428124904632568,0.6428090929985046,0.999994714687716,-5.285312454361701e-06,5.285312454361701e-06,-0.0005285312454361701
Herwig_minus,143,MUR1.0_MUF1.0_PDF26244,pdf,4,0.63,0.84,0.6500856876373291,0.6499837636947632,0.9998432146030836,-0.00015678539057262242,0.00015678539057262242,-0.015678539057262242
Herwig_minus,143,MUR1.0_MUF1.0_PDF26244,pdf,5,0.84,1.05,0.6886215806007385,0.6882816553115845,0.9995063685212167,-0.0004936314653605223,0.0004936314653605223,-0.04936314653605223
Herwig_minus,143,MUR1.0_MUF1.0_PDF26244,pdf,6,1.05,1.37,0.6677588224411011,0.6678259968757629,1.0001005968508454,0.0001005968515528366,0.0001005968515528366,0.01005968515528366
Herwig_minus,143,MUR1.0_MUF1.0_PDF26244,pdf,7,1.37,1.52,0.6296678781509399,0.6321518421173096,1.0039448795985337,0.003944879397749901,0.003944879397749901,0.3944879397749901
Herwig_minus,143,MUR1.0_MUF1.0_PDF26244,pdf,8,1.52,1.74,0.6480627655982971,0.6485355496406555,1.0007295343405849,0.0007295343675650656,0.0007295343675650656,0.07295343675650656
Herwig_minus,143,MUR1.0_MUF1.0_PDF26244,pdf,9,1.74,1.95,0.6190352439880371,0.6190430521965027,1.0000126135119791,1.2613511898962315e-05,1.2613511898962315e-05,0.0012613511898962315
Herwig_minus,143,MUR1.0_MUF1.0_PDF26244,pdf,10,1.95,2.18,0.6013617515563965,0.6047183275222778,1.0055816252982404,0.005581625271588564,0.005581625271588564,0.5581625271588564
Herwig_minus,143,MUR1.0_MUF1.0_PDF26244,pdf,11,2.18,2.5,0.6056520938873291,0.6096448302268982,1.0065924585745953,0.006592458579689264,0.006592458579689264,0.6592458579689264
Herwig_minus,144,MUR1.0_MUF1.0_PDF26245,pdf,1,0.0,0.21,0.69124835729599,0.6909506916999817,0.9995693796695985,-0.0004306203336454928,0.0004306203336454928,-0.04306203336454928
Herwig_minus,144,MUR1.0_MUF1.0_PDF26245,pdf,2,0.21,0.42,0.6720393300056458,0.6721010804176331,1.0000918851162874,9.188511467073113e-05,9.188511467073113e-05,0.009188511467073113
Herwig_minus,144,MUR1.0_MUF1.0_PDF26245,pdf,3,0.42,0.63,0.6428124904632568,0.6429510712623596,1.0002155851063237,0.00021558511070907116,0.00021558511070907116,0.021558511070907116
Herwig_minus,144,MUR1.0_MUF1.0_PDF26245,pdf,4,0.63,0.84,0.6500856876373291,0.6505829095840454,1.0007648560123257,0.0007648559985682368,0.0007648559985682368,0.07648559985682368
Herwig_minus,144,MUR1.0_MUF1.0_PDF26245,pdf,5,0.84,1.05,0.6886215806007385,0.6892009377479553,1.0008413287697306,0.000841328757815063,0.000841328757815063,0.0841328757815063
Herwig_minus,144,MUR1.0_MUF1.0_PDF26245,pdf,6,1.05,1.37,0.6677588224411011,0.6683879494667053,1.0009421470813435,0.0009421471040695906,0.0009421471040695906,0.09421471040695906
Herwig_minus,144,MUR1.0_MUF1.0_PDF26245,pdf,7,1.37,1.52,0.6296678781509399,0.6311901807785034,1.0024176278962074,0.0024176279548555613,0.0024176279548555613,0.24176279548555613
Herwig_minus,144,MUR1.0_MUF1.0_PDF26245,pdf,8,1.52,1.74,0.6480627655982971,0.6488455533981323,1.0012078888672342,0.001207888824865222,0.001207888824865222,0.1207888824865222
Herwig_minus,144,MUR1.0_MUF1.0_PDF26245,pdf,9,1.74,1.95,0.6190352439880371,0.6194537878036499,1.0006761227566243,0.0006761227850802243,0.0006761227850802243,0.06761227850802243
Herwig_minus,144,MUR1.0_MUF1.0_PDF26245,pdf,10,1.95,2.18,0.6013617515563965,0.6021121144294739,1.0012477728607372,0.0012477728305384517,0.0012477728305384517,0.12477728305384517
Herwig_minus,144,MUR1.0_MUF1.0_PDF26245,pdf,11,2.18,2.5,0.6056520938873291,0.6049394011497498,0.9988232638097476,-0.001176736201159656,0.001176736201159656,-0.1176736201159656
Herwig_minus,145,MUR1.0_MUF1.0_PDF26246,pdf,1,0.0,0.21,0.69124835729599,0.690194308757782,0.9984751521980736,-0.0015248478157445788,0.0015248478157445788,-0.15248478157445788
Herwig_minus,145,MUR1.0_MUF1.0_PDF26246,pdf,2,0.21,0.42,0.6720393300056458,0.6719759702682495,0.9999057201943885,-9.427980694454163e-05,9.427980694454163e-05,-0.009427980694454163
Herwig_minus,145,MUR1.0_MUF1.0_PDF26246,pdf,3,0.42,0.63,0.6428124904632568,0.6429834961891174,1.0002660273849646,0.00026602737489156425,0.00026602737489156425,0.026602737489156425
Herwig_minus,145,MUR1.0_MUF1.0_PDF26246,pdf,4,0.63,0.84,0.6500856876373291,0.6502169966697693,1.000201987268659,0.00020198726269882172,0.00020198726269882172,0.020198726269882172
Herwig_minus,145,MUR1.0_MUF1.0_PDF26246,pdf,5,0.84,1.05,0.6886215806007385,0.6884409189224243,0.9997376473764348,-0.0002623526379466057,0.0002623526379466057,-0.026235263794660568
Herwig_minus,145,MUR1.0_MUF1.0_PDF26246,pdf,6,1.05,1.37,0.6677588224411011,0.6676528453826904,0.9998412944092251,-0.00015870558854658157,0.00015870558854658157,-0.015870558854658157
Herwig_minus,145,MUR1.0_MUF1.0_PDF26246,pdf,7,1.37,1.52,0.6296678781509399,0.6326315402984619,1.0047067069011444,0.00470670685172081,0.00470670685172081,0.470670685172081
Herwig_minus,145,MUR1.0_MUF1.0_PDF26246,pdf,8,1.52,1.74,0.6480627655982971,0.6466482877731323,0.9978173752601587,-0.0021826247684657574,0.0021826247684657574,-0.21826247684657574
Herwig_minus,145,MUR1.0_MUF1.0_PDF26246,pdf,9,1.74,1.95,0.6190352439880371,0.6184074282646179,0.9989858158650635,-0.001014184090308845,0.001014184090308845,-0.1014184090308845
Herwig_minus,145,MUR1.0_MUF1.0_PDF26246,pdf,10,1.95,2.18,0.6013617515563965,0.6022023558616638,1.001397834669551,0.001397834625095129,0.001397834625095129,0.1397834625095129
Herwig_minus,145,MUR1.0_MUF1.0_PDF26246,pdf,11,2.18,2.5,0.6056520938873291,0.6087190508842468,1.0050638923366593,0.005063892342150211,0.005063892342150211,0.5063892342150211
Herwig_minus,146,MUR1.0_MUF1.0_PDF26247,pdf,1,0.0,0.21,0.69124835729599,0.689865231513977,0.997999089954552,-0.002000909997150302,0.002000909997150302,-0.2000909997150302
Herwig_minus,146,MUR1.0_MUF1.0_PDF26247,pdf,2,0.21,0.42,0.6720393300056458,0.6718932390213013,0.9997826154246906,-0.00021738457144238055,0.00021738457144238055,-0.021738457144238055
Herwig_minus,146,MUR1.0_MUF1.0_PDF26247,pdf,3,0.42,0.63,0.6428124904632568,0.6427866816520691,0.9999598501715965,-4.014982914668508e-05,4.014982914668508e-05,-0.004014982914668508
Herwig_minus,146,MUR1.0_MUF1.0_PDF26247,pdf,4,0.63,0.84,0.6500856876373291,0.6501762270927429,1.0001392731098924,0.00013927310646977276,0.00013927310646977276,0.013927310646977276
Herwig_minus,146,MUR1.0_MUF1.0_PDF26247,pdf,5,0.84,1.05,0.6886215806007385,0.6886165738105774,0.9999927292575456,-7.27074257156346e-06,7.27074257156346e-06,-0.000727074257156346
Herwig_minus,146,MUR1.0_MUF1.0_PDF26247,pdf,6,1.05,1.37,0.6677588224411011,0.6680572032928467,1.0004468392505168,0.00044683925807476044,0.00044683925807476044,0.044683925807476044
Herwig_minus,146,MUR1.0_MUF1.0_PDF26247,pdf,7,1.37,1.52,0.6296678781509399,0.6326943635940552,1.0048064790155768,0.004806478973478079,0.004806478973478079,0.4806478973478079
Herwig_minus,146,MUR1.0_MUF1.0_PDF26247,pdf,8,1.52,1.74,0.6480627655982971,0.6484336853027344,1.0005723515130434,0.0005723515059798956,0.0005723515059798956,0.05723515059798956
Herwig_minus,146,MUR1.0_MUF1.0_PDF26247,pdf,9,1.74,1.95,0.6190352439880371,0.61892169713974,0.9998165745013715,-0.00018342549446970224,0.00018342549446970224,-0.018342549446970224
Herwig_minus,146,MUR1.0_MUF1.0_PDF26247,pdf,10,1.95,2.18,0.6013617515563965,0.6040158271789551,1.0044134426835254,0.004413442686200142,0.004413442686200142,0.4413442686200142
Herwig_minus,146,MUR1.0_MUF1.0_PDF26247,pdf,11,2.18,2.5,0.6056520938873291,0.6080194711685181,1.0039088072262645,0.003908807411789894,0.003908807411789894,0.3908807411789894
Herwig_minus,147,MUR1.0_MUF1.0_PDF26248,pdf,1,0.0,0.21,0.69124835729599,0.6898112893104553,0.9979210540316419,-0.00207894598133862,0.00207894598133862,-0.20789459813386202
Herwig_minus,147,MUR1.0_MUF1.0_PDF26248,pdf,2,0.21,0.42,0.6720393300056458,0.671746551990509,0.9995643439274093,-0.00043565608211793005,0.00043565608211793005,-0.043565608211793005
Herwig_minus,147,MUR1.0_MUF1.0_PDF26248,pdf,3,0.42,0.63,0.6428124904632568,0.6426559090614319,0.9997564120110484,-0.0002435879869153723,0.0002435879869153723,-0.02435879869153723
Herwig_minus,147,MUR1.0_MUF1.0_PDF26248,pdf,4,0.63,0.84,0.6500856876373291,0.6499664783477783,0.9998166252667644,-0.0001833747373893857,0.0001833747373893857,-0.01833747373893857
Herwig_minus,147,MUR1.0_MUF1.0_PDF26248,pdf,5,0.84,1.05,0.6886215806007385,0.6883630156517029,0.9996245180861016,-0.0003754819044843316,0.0003754819044843316,-0.03754819044843316
Herwig_minus,147,MUR1.0_MUF1.0_PDF26248,pdf,6,1.05,1.37,0.6677588224411011,0.6678829789161682,1.0001859301156266,0.00018593011191114783,0.00018593011191114783,0.018593011191114783
Herwig_minus,147,MUR1.0_MUF1.0_PDF26248,pdf,7,1.37,1.52,0.6296678781509399,0.632540762424469,1.0045625390356032,0.0045625390484929085,0.0045625390484929085,0.45625390484929085
Herwig_minus,147,MUR1.0_MUF1.0_PDF26248,pdf,8,1.52,1.74,0.6480627655982971,0.6484598517417908,1.0006127279093515,0.0006127278902567923,0.0006127278902567923,0.06127278902567923
Herwig_minus,147,MUR1.0_MUF1.0_PDF26248,pdf,9,1.74,1.95,0.6190352439880371,0.6190831661224365,1.0000774142261928,7.741422450635582e-05,7.741422450635582e-05,0.007741422450635582
Herwig_minus,147,MUR1.0_MUF1.0_PDF26248,pdf,10,1.95,2.18,0.6013617515563965,0.6043708920478821,1.0050038774226955,0.005003877449780703,0.005003877449780703,0.5003877449780703
Herwig_minus,147,MUR1.0_MUF1.0_PDF26248,pdf,11,2.18,2.5,0.6056520938873291,0.6103359460830688,1.007733568897082,0.007733569014817476,0.007733569014817476,0.7733569014817476
Herwig_minus,148,MUR1.0_MUF1.0_PDF26249,pdf,1,0.0,0.21,0.69124835729599,0.6901729106903076,0.9984441965115269,-0.0015558034647256136,0.0015558034647256136,-0.15558034647256136
Herwig_minus,148,MUR1.0_MUF1.0_PDF26249,pdf,2,0.21,0.42,0.6720393300056458,0.6719915270805359,0.9999288688578547,-7.113114406820387e-05,7.113114406820387e-05,-0.007113114406820387
Herwig_minus,148,MUR1.0_MUF1.0_PDF26249,pdf,3,0.42,0.63,0.6428124904632568,0.6428920030593872,1.0001236948524026,0.00012369485921226442,0.00012369485921226442,0.012369485921226442
Herwig_minus,148,MUR1.0_MUF1.0_PDF26249,pdf,4,0.63,0.84,0.6500856876373291,0.6502639651298523,1.0002742369135538,0.0002742369251791388,0.0002742369251791388,0.027423692517913878
Herwig_minus,148,MUR1.0_MUF1.0_PDF26249,pdf,5,0.84,1.05,0.6886215806007385,0.6886548399925232,1.0000482985034476,4.829850513488054e-05,4.829850513488054e-05,0.004829850513488054
Herwig_minus,148,MUR1.0_MUF1.0_PDF26249,pdf,6,1.05,1.37,0.6677588224411011,0.6679711937904358,1.0003180360067103,0.00031803600722923875,0.00031803600722923875,0.031803600722923875
Herwig_minus,148,MUR1.0_MUF1.0_PDF26249,pdf,7,1.37,1.52,0.6296678781509399,0.6324824690818787,1.0044699611153802,0.004469960927963257,0.004469960927963257,0.4469960927963257
Herwig_minus,148,MUR1.0_MUF1.0_PDF26249,pdf,8,1.52,1.74,0.6480627655982971,0.6483415961265564,1.0004302523506374,0.00043025234481319785,0.00043025234481319785,0.043025234481319785
Herwig_minus,148,MUR1.0_MUF1.0_PDF26249,pdf,9,1.74,1.95,0.6190352439880371,0.6189146041870117,0.9998051164256042,-0.0001948835706571117,0.0001948835706571117,-0.01948835706571117
Herwig_minus,148,MUR1.0_MUF1.0_PDF26249,pdf,10,1.95,2.18,0.6013617515563965,0.6038716435432434,1.0041736807842385,0.004173680674284697,0.004173680674284697,0.41736806742846966
Herwig_minus,148,MUR1.0_MUF1.0_PDF26249,pdf,11,2.18,2.5,0.6056520938873291,0.6084215641021729,1.0045727080658933,0.004572708159685135,0.004572708159685135,0.4572708159685135
Herwig_minus,149,MUR1.0_MUF1.0_PDF26250,pdf,1,0.0,0.21,0.69124835729599,0.6901049017906189,0.9983458108893828,-0.0016541890799999237,0.0016541890799999237,-0.16541890799999237
Herwig_minus,149,MUR1.0_MUF1.0_PDF26250,pdf,2,0.21,0.42,0.6720393300056458,0.671974241733551,0.9999031481206699,-9.685187978902832e-05,9.685187978902832e-05,-0.009685187978902832
Herwig_minus,149,MUR1.0_MUF1.0_PDF26250,pdf,3,0.42,0.63,0.6428124904632568,0.6428699493408203,1.0000893866849445,8.93866817932576e-05,8.93866817932576e-05,0.00893866817932576
Herwig_minus,149,MUR1.0_MUF1.0_PDF26250,pdf,4,0.63,0.84,0.6500856876373291,0.6502228379249573,1.0002109726305877,0.0002109726337948814,0.0002109726337948814,0.02109726337948814
Herwig_minus,149,MUR1.0_MUF1.0_PDF26250,pdf,5,0.84,1.05,0.6886215806007385,0.6885943412780762,0.9999604436987894,-3.955630018026568e-05,3.955630018026568e-05,-0.003955630018026568
Herwig_minus,149,MUR1.0_MUF1.0_PDF26250,pdf,6,1.05,1.37,0.6677588224411011,0.667940616607666,1.000272245248517,0.0002722452627494931,0.0002722452627494931,0.027224526274949312
Herwig_minus,149,MUR1.0_MUF1.0_PDF26250,pdf,7,1.37,1.52,0.6296678781509399,0.6325821280479431,1.0046282333879903,0.00462823361158371,0.00462823361158371,0.46282336115837097
Herwig_minus,149,MUR1.0_MUF1.0_PDF26250,pdf,8,1.52,1.74,0.6480627655982971,0.6483557820320129,1.0004521420597978,0.0004521420632954687,0.0004521420632954687,0.04521420632954687
Herwig_minus,149,MUR1.0_MUF1.0_PDF26250,pdf,9,1.74,1.95,0.6190352439880371,0.6189128160476685,0.9998022278350746,-0.0001977721694856882,0.0001977721694856882,-0.01977721694856882
Herwig_minus,149,MUR1.0_MUF1.0_PDF26250,pdf,10,1.95,2.18,0.6013617515563965,0.604080080986023,1.0045202898631167,0.004520290065556765,0.004520290065556765,0.45202900655567646
Herwig_minus,149,MUR1.0_MUF1.0_PDF26250,pdf,11,2.18,2.5,0.6056520938873291,0.6088271141052246,1.0052423169174847,0.005242316983640194,0.005242316983640194,0.5242316983640194
Herwig_minus,150,MUR1.0_MUF1.0_PDF26251,pdf,1,0.0,0.21,0.69124835729599,0.6901350021362305,0.998389355796642,-0.0016106441617012024,0.0016106441617012024,-0.16106441617012024
Herwig_minus,150,MUR1.0_MUF1.0_PDF26251,pdf,2,0.21,0.42,0.6720393300056458,0.6719819903373718,0.9999146781063045,-8.532189531251788e-05,8.532189531251788e-05,-0.008532189531251788
Herwig_minus,150,MUR1.0_MUF1.0_PDF26251,pdf,3,0.42,0.63,0.6428124904632568,0.6428811550140381,1.0001068189430042,0.00010681894491426647,0.00010681894491426647,0.010681894491426647
Herwig_minus,150,MUR1.0_MUF1.0_PDF26251,pdf,4,0.63,0.84,0.6500856876373291,0.6502425074577332,1.0002412294615715,0.0002412294561509043,0.0002412294561509043,0.02412294561509043
Herwig_minus,150,MUR1.0_MUF1.0_PDF26251,pdf,5,0.84,1.05,0.6886215806007385,0.6886207461357117,0.9999987882095909,-1.2117903906982974e-06,1.2117903906982974e-06,-0.00012117903906982974
Herwig_minus,150,MUR1.0_MUF1.0_PDF26251,pdf,6,1.05,1.37,0.6677588224411011,0.6679530143737793,1.0002908114818585,0.00029081146931275725,0.00029081146931275725,0.029081146931275725
Herwig_minus,150,MUR1.0_MUF1.0_PDF26251,pdf,7,1.37,1.52,0.6296678781509399,0.6325377225875854,1.0045577113526467,0.004557711537927389,0.004557711537927389,0.4557711537927389
Herwig_minus,150,MUR1.0_MUF1.0_PDF26251,pdf,8,1.52,1.74,0.6480627655982971,0.6483485698699951,1.0004410132580819,0.0004410132532939315,0.0004410132532939315,0.04410132532939315
Herwig_minus,150,MUR1.0_MUF1.0_PDF26251,pdf,9,1.74,1.95,0.6190352439880371,0.6189127564430237,0.9998021315487235,-0.00019786844495683908,0.00019786844495683908,-0.01978684449568391
Herwig_minus,150,MUR1.0_MUF1.0_PDF26251,pdf,10,1.95,2.18,0.6013617515563965,0.6039907932281494,1.0043718139122562,0.004371813964098692,0.004371813964098692,0.4371813964098692
Herwig_minus,150,MUR1.0_MUF1.0_PDF26251,pdf,11,2.18,2.5,0.6056520938873291,0.6086535453796387,1.0049557353513714,0.004955735523253679,0.004955735523253679,0.4955735523253679
Herwig_minus,151,MUR1.0_MUF1.0_PDF26252,pdf,1,0.0,0.21,0.69124835729599,0.6901347041130066,0.9983889246589464,-0.0016110753640532494,0.0016110753640532494,-0.16110753640532494
Herwig_minus,151,MUR1.0_MUF1.0_PDF26252,pdf,2,0.21,0.42,0.6720393300056458,0.6719821691513062,0.9999149441828961,-8.50558135425672e-05,8.50558135425672e-05,-0.00850558135425672
Herwig_minus,151,MUR1.0_MUF1.0_PDF26252,pdf,3,0.42,0.63,0.6428124904632568,0.6428812146186829,1.0001069116677812,0.00010691166971810162,0.00010691166971810162,0.010691166971810162
Herwig_minus,151,MUR1.0_MUF1.0_PDF26252,pdf,4,0.63,0.84,0.6500856876373291,0.6502423882484436,1.0002410460868383,0.00024104608746711165,0.00024104608746711165,0.024104608746711165
Herwig_minus,151,MUR1.0_MUF1.0_PDF26252,pdf,5,0.84,1.05,0.6886215806007385,0.6886208057403564,0.9999988747660488,-1.1252340073042433e-06,1.1252340073042433e-06,-0.00011252340073042433
Herwig_minus,151,MUR1.0_MUF1.0_PDF26252,pdf,6,1.05,1.37,0.6677588224411011,0.6679531335830688,1.000290990003333,0.00029098999220877886,0.00029098999220877886,0.029098999220877886
Herwig_minus,151,MUR1.0_MUF1.0_PDF26252,pdf,7,1.37,1.52,0.6296678781509399,0.6325376629829407,1.0045576166921966,0.004557616543024778,0.004557616543024778,0.45576165430247784
Herwig_minus,151,MUR1.0_MUF1.0_PDF26252,pdf,8,1.52,1.74,0.6480627655982971,0.6483486294746399,1.0004411052316498,0.00044110522139817476,0.00044110522139817476,0.044110522139817476
Herwig_minus,151,MUR1.0_MUF1.0_PDF26252,pdf,9,1.74,1.95,0.6190352439880371,0.6189128756523132,0.9998023241214256,-0.0001976758794626221,0.0001976758794626221,-0.01976758794626221
Herwig_minus,151,MUR1.0_MUF1.0_PDF26252,pdf,10,1.95,2.18,0.6013617515563965,0.6039904356002808,1.0043712192155236,0.0043712193146348,0.0043712193146348,0.43712193146348
Herwig_minus,151,MUR1.0_MUF1.0_PDF26252,pdf,11,2.18,2.5,0.6056520938873291,0.6086534857749939,1.004955636937372,0.00495563680306077,0.00495563680306077,0.495563680306077
Herwig_minus,152,MUR1.0_MUF1.0_PDF26253,pdf,1,0.0,0.21,0.69124835729599,0.6901347041130066,0.9983889246589464,-0.0016110753640532494,0.0016110753640532494,-0.16110753640532494
Herwig_minus,152,MUR1.0_MUF1.0_PDF26253,pdf,2,0.21,0.42,0.6720393300056458,0.6719822883605957,0.9999151215672905,-8.487843297189102e-05,8.487843297189102e-05,-0.008487843297189102
Herwig_minus,152,MUR1.0_MUF1.0_PDF26253,pdf,3,0.42,0.63,0.6428124904632568,0.6428810954093933,1.0001067262182275,0.00010672622011043131,0.00010672622011043131,0.010672622011043131
Herwig_minus,152,MUR1.0_MUF1.0_PDF26253,pdf,4,0.63,0.84,0.6500856876373291,0.6502423882484436,1.0002410460868383,0.00024104608746711165,0.00024104608746711165,0.024104608746711165
Herwig_minus,152,MUR1.0_MUF1.0_PDF26253,pdf,5,0.84,1.05,0.6886215806007385,0.6886207461357117,0.9999987882095909,-1.2117903906982974e-06,1.2117903906982974e-06,-0.00012117903906982974
Herwig_minus,152,MUR1.0_MUF1.0_PDF26253,pdf,6,1.05,1.37,0.6677588224411011,0.6679531931877136,1.0002910792640702,0.00029107925365678966,0.00029107925365678966,0.029107925365678966
Herwig_minus,152,MUR1.0_MUF1.0_PDF26253,pdf,7,1.37,1.52,0.6296678781509399,0.6325374245643616,1.004557238050396,0.004557237960398197,0.004557237960398197,0.4557237960398197
Herwig_minus,152,MUR1.0_MUF1.0_PDF26253,pdf,8,1.52,1.74,0.6480627655982971,0.6483486890792847,1.0004411972052176,0.0004411972186062485,0.0004411972186062485,0.04411972186062485
Herwig_minus,152,MUR1.0_MUF1.0_PDF26253,pdf,9,1.74,1.95,0.6190352439880371,0.6189130544662476,0.9998026129804786,-0.00019738702394533902,0.00019738702394533902,-0.019738702394533902
Herwig_minus,152,MUR1.0_MUF1.0_PDF26253,pdf,10,1.95,2.18,0.6013617515563965,0.6039904356002808,1.0043712192155236,0.0043712193146348,0.0043712193146348,0.43712193146348
Herwig_minus,152,MUR1.0_MUF1.0_PDF26253,pdf,11,2.18,2.5,0.6056520938873291,0.6086535453796387,1.0049557353513714,0.004955735523253679,0.004955735523253679,0.4955735523253679
Herwig_minus,153,MUR1.0_MUF1.0_PDF26254,pdf,1,0.0,0.21,0.69124835729599,0.6901352405548096,0.9983897007067986,-0.001610299339517951,0.001610299339517951,-0.1610299339517951
Herwig_minus,153,MUR1.0_MUF1.0_PDF26254,pdf,2,0.21,0.42,0.6720393300056458,0.6719825267791748,0.9999154763360792,-8.452366455458105e-05,8.452366455458105e-05,-0.008452366455458105
Herwig_minus,153,MUR1.0_MUF1.0_PDF26254,pdf,3,0.42,0.63,0.6428124904632568,0.642881453037262,1.0001072825668889,0.00010728256893344223,0.00010728256893344223,0.010728256893344223
Herwig_minus,153,MUR1.0_MUF1.0_PDF26254,pdf,4,0.63,0.84,0.6500856876373291,0.6502424478530884,1.0002411377742049,0.0002411377790849656,0.0002411377790849656,0.02411377790849656
Herwig_minus,153,MUR1.0_MUF1.0_PDF26254,pdf,5,0.84,1.05,0.6886215806007385,0.6886207461357117,0.9999987882095909,-1.2117903906982974e-06,1.2117903906982974e-06,-0.00012117903906982974
Herwig_minus,153,MUR1.0_MUF1.0_PDF26254,pdf,6,1.05,1.37,0.6677588224411011,0.6679529547691345,1.0002907222211213,0.00029072220786474645,0.00029072220786474645,0.029072220786474645
Herwig_minus,153,MUR1.0_MUF1.0_PDF26254,pdf,7,1.37,1.52,0.6296678781509399,0.6325374245643616,1.004557238050396,0.004557237960398197,0.004557237960398197,0.4557237960398197
Herwig_minus,153,MUR1.0_MUF1.0_PDF26254,pdf,8,1.52,1.74,0.6480627655982971,0.6483487486839294,1.0004412891787855,0.0004412891867104918,0.0004412891867104918,0.04412891867104918
Herwig_minus,153,MUR1.0_MUF1.0_PDF26254,pdf,9,1.74,1.95,0.6190352439880371,0.6189129948616028,0.9998025166941276,-0.0001974832994164899,0.0001974832994164899,-0.01974832994164899
Herwig_minus,153,MUR1.0_MUF1.0_PDF26254,pdf,10,1.95,2.18,0.6013617515563965,0.603990912437439,1.0043720121445001,0.004372012335807085,0.004372012335807085,0.4372012335807085
Herwig_minus,153,MUR1.0_MUF1.0_PDF26254,pdf,11,2.18,2.5,0.6056520938873291,0.608653724193573,1.0049560305933696,0.004956030752509832,0.004956030752509832,0.49560307525098324
Herwig_minus,154,MUR1.0_MUF1.0_PDF26255,pdf,1,0.0,0.21,0.69124835729599,0.6901333928108215,0.9983870276530856,-0.0016129723517224193,0.0016129723517224193,-0.16129723517224193
Herwig_minus,154,MUR1.0_MUF1.0_PDF26255,pdf,2,0.21,0.42,0.6720393300056458,0.6719822883605957,0.9999151215672905,-8.487843297189102e-05,8.487843297189102e-05,-0.008487843297189102
Herwig_minus,154,MUR1.0_MUF1.0_PDF26255,pdf,3,0.42,0.63,0.6428124904632568,0.6428810954093933,1.0001067262182275,0.00010672622011043131,0.00010672622011043131,0.010672622011043131
Herwig_minus,154,MUR1.0_MUF1.0_PDF26255,pdf,4,0.63,0.84,0.6500856876373291,0.6502413749694824,1.0002394874016056,0.00023948740272317082,0.00023948740272317082,0.02394874027231708
Herwig_minus,154,MUR1.0_MUF1.0_PDF26255,pdf,5,0.84,1.05,0.6886215806007385,0.6886217594146729,1.0000002596693733,2.5966937755583785e-07,2.5966937755583785e-07,2.5966937755583785e-05
Herwig_minus,154,MUR1.0_MUF1.0_PDF26255,pdf,6,1.05,1.37,0.6677588224411011,0.6679545640945435,1.0002931322610262,0.0002931322669610381,0.0002931322669610381,0.02931322669610381
Herwig_minus,154,MUR1.0_MUF1.0_PDF26255,pdf,7,1.37,1.52,0.6296678781509399,0.6325384974479675,1.0045589419384984,0.004558941815048456,0.004558941815048456,0.4558941815048456
Herwig_minus,154,MUR1.0_MUF1.0_PDF26255,pdf,8,1.52,1.74,0.6480627655982971,0.6483482718467712,1.0004405533902423,0.00044055338366888463,0.00044055338366888463,0.044055338366888463
Herwig_minus,154,MUR1.0_MUF1.0_PDF26255,pdf,9,1.74,1.95,0.6190352439880371,0.6189122796058655,0.9998013612579157,-0.00019863873603753746,0.00019863873603753746,-0.019863873603753746
Herwig_minus,154,MUR1.0_MUF1.0_PDF26255,pdf,10,1.95,2.18,0.6013617515563965,0.6039907932281494,1.0043718139122562,0.004371813964098692,0.004371813964098692,0.4371813964098692
Herwig_minus,154,MUR1.0_MUF1.0_PDF26255,pdf,11,2.18,2.5,0.6056520938873291,0.6086515188217163,1.0049523892753935,0.004952389281243086,0.004952389281243086,0.4952389281243086
Herwig_minus,155,MUR1.0_MUF1.0_PDF26256,pdf,1,0.0,0.21,0.69124835729599,0.6901347041130066,0.9983889246589464,-0.0016110753640532494,0.0016110753640532494,-0.16110753640532494
Herwig_minus,155,MUR1.0_MUF1.0_PDF26256,pdf,2,0.21,0.42,0.6720393300056458,0.6719827651977539,0.9999158311048679,-8.416889613727108e-05,8.416889613727108e-05,-0.008416889613727108
Herwig_minus,155,MUR1.0_MUF1.0_PDF26256,pdf,3,0.42,0.63,0.6428124904632568,0.6428804993629456,1.0001057989704583,0.00010579897207207978,0.00010579897207207978,0.010579897207207978
Herwig_minus,155,MUR1.0_MUF1.0_PDF26256,pdf,4,0.63,0.84,0.6500856876373291,0.6502419710159302,1.000240404275272,0.00024040427524596453,0.00024040427524596453,0.024040427524596453
Herwig_minus,155,MUR1.0_MUF1.0_PDF26256,pdf,5,0.84,1.05,0.6886215806007385,0.6886215806007385,1.0,0.0,0.0,0.0
Herwig_minus,155,MUR1.0_MUF1.0_PDF26256,pdf,6,1.05,1.37,0.6677588224411011,0.6679514646530151,1.0002884907026908,0.00028849070076830685,0.00028849070076830685,0.028849070076830685
Herwig_minus,155,MUR1.0_MUF1.0_PDF26256,pdf,7,1.37,1.52,0.6296678781509399,0.632536768913269,1.0045561967854446,0.004556196741759777,0.004556196741759777,0.4556196741759777
Herwig_minus,155,MUR1.0_MUF1.0_PDF26256,pdf,8,1.52,1.74,0.6480627655982971,0.6483489871025085,1.000441657073057,0.0004416570591274649,0.0004416570591274649,0.04416570591274649
Herwig_minus,155,MUR1.0_MUF1.0_PDF26256,pdf,9,1.74,1.95,0.6190352439880371,0.61891108751297,0.999799435530896,-0.00020056446373928338,0.00020056446373928338,-0.02005644637392834
Herwig_minus,155,MUR1.0_MUF1.0_PDF26256,pdf,10,1.95,2.18,0.6013617515563965,0.6039928197860718,1.0043751838604065,0.004375183954834938,0.004375183954834938,0.4375183954834938
Herwig_minus,155,MUR1.0_MUF1.0_PDF26256,pdf,11,2.18,2.5,0.6056520938873291,0.6086557507514954,1.0049593766693474,0.0049593765288591385,0.0049593765288591385,0.49593765288591385
Herwig_minus,156,MUR1.0_MUF1.0_PDF26257,pdf,1,0.0,0.21,0.69124835729599,0.6901348829269409,0.9983891833415638,-0.00161081668920815,0.00161081668920815,-0.161081668920815
Herwig_minus,156,MUR1.0_MUF1.0_PDF26257,pdf,2,0.21,0.42,0.6720393300056458,0.6719831228256226,0.9999163632580511,-8.363673987332731e-05,8.363673987332731e-05,-0.008363673987332731
Herwig_minus,156,MUR1.0_MUF1.0_PDF26257,pdf,3,0.42,0.63,0.6428124904632568,0.6428804397583008,1.0001057062456813,0.00010570624726824462,0.00010570624726824462,0.010570624726824462
Herwig_minus,156,MUR1.0_MUF1.0_PDF26257,pdf,4,0.63,0.84,0.6500856876373291,0.6502418518066406,1.0002402209005385,0.00024022090656217188,0.00024022090656217188,0.024022090656217188
Herwig_minus,156,MUR1.0_MUF1.0_PDF26257,pdf,5,0.84,1.05,0.6886215806007385,0.6886218190193176,1.0000003462258311,3.4622581779331085e-07,3.4622581779331085e-07,3.4622581779331085e-05
Herwig_minus,156,MUR1.0_MUF1.0_PDF26257,pdf,6,1.05,1.37,0.6677588224411011,0.6679515838623047,1.0002886692241653,0.00028866922366432846,0.00028866922366432846,0.028866922366432846
Herwig_minus,156,MUR1.0_MUF1.0_PDF26257,pdf,7,1.37,1.52,0.6296678781509399,0.6325374245643616,1.004557238050396,0.004557237960398197,0.004557237960398197,0.4557237960398197
Herwig_minus,156,MUR1.0_MUF1.0_PDF26257,pdf,8,1.52,1.74,0.6480627655982971,0.6483491659164429,1.0004419329937608,0.0004419329925440252,0.0004419329925440252,0.04419329925440252
Herwig_minus,156,MUR1.0_MUF1.0_PDF26257,pdf,9,1.74,1.95,0.6190352439880371,0.6189112067222595,0.9997996281035979,-0.0002003718982450664,0.0002003718982450664,-0.02003718982450664
Herwig_minus,156,MUR1.0_MUF1.0_PDF26257,pdf,10,1.95,2.18,0.6013617515563965,0.6039924025535583,1.004374490047552,0.0043744901195168495,0.0043744901195168495,0.43744901195168495
Herwig_minus,156,MUR1.0_MUF1.0_PDF26257,pdf,11,2.18,2.5,0.6056520938873291,0.6086560487747192,1.0049598687393442,0.004959868732839823,0.004959868732839823,0.4959868732839823
Herwig_minus,157,MUR1.0_MUF1.0_PDF26258,pdf,1,0.0,0.21,0.69124835729599,0.6901352405548096,0.9983897007067986,-0.001610299339517951,0.001610299339517951,-0.1610299339517951
Herwig_minus,157,MUR1.0_MUF1.0_PDF26258,pdf,2,0.21,0.42,0.6720393300056458,0.6719822883605957,0.9999151215672905,-8.487843297189102e-05,8.487843297189102e-05,-0.008487843297189102
Herwig_minus,157,MUR1.0_MUF1.0_PDF26258,pdf,3,0.42,0.63,0.6428124904632568,0.6428813338279724,1.0001070971173351,0.00010709711932577193,0.00010709711932577193,0.010709711932577193
Herwig_minus,157,MUR1.0_MUF1.0_PDF26258,pdf,4,0.63,0.84,0.6500856876373291,0.6502418518066406,1.0002402209005385,0.00024022090656217188,0.00024022090656217188,0.024022090656217188
Herwig_minus,157,MUR1.0_MUF1.0_PDF26258,pdf,5,0.84,1.05,0.6886215806007385,0.688621461391449,0.9999998268870844,-1.7311290889665543e-07,1.7311290889665543e-07,-1.7311290889665543e-05
Herwig_minus,157,MUR1.0_MUF1.0_PDF26258,pdf,6,1.05,1.37,0.6677588224411011,0.6679508090019226,1.0002875088345815,0.000287508824840188,0.000287508824840188,0.028750882484018803
Herwig_minus,157,MUR1.0_MUF1.0_PDF26258,pdf,7,1.37,1.52,0.6296678781509399,0.6325368881225586,1.004556386106345,0.004556386265903711,0.004556386265903711,0.45563862659037113
Herwig_minus,157,MUR1.0_MUF1.0_PDF26258,pdf,8,1.52,1.74,0.6480627655982971,0.648348867893219,1.0004414731259212,0.00044147312291897833,0.00044147312291897833,0.04414731229189783
Herwig_minus,157,MUR1.0_MUF1.0_PDF26258,pdf,9,1.74,1.95,0.6190352439880371,0.61891108751297,0.999799435530896,-0.00020056446373928338,0.00020056446373928338,-0.02005644637392834
Herwig_minus,157,MUR1.0_MUF1.0_PDF26258,pdf,10,1.95,2.18,0.6013617515563965,0.603992760181427,1.0043750847442843,0.0043750847689807415,0.0043750847689807415,0.43750847689807415
Herwig_minus,157,MUR1.0_MUF1.0_PDF26258,pdf,11,2.18,2.5,0.6056520938873291,0.6086559891700745,1.0049597703253448,0.004959770478308201,0.004959770478308201,0.4959770478308201
Herwig_minus,158,MUR1.0_MUF1.0_PDF26259,pdf,1,0.0,0.21,0.69124835729599,0.6901346445083618,0.9983888384314072,-0.0016111615113914013,0.0016111615113914013,-0.16111615113914013
Herwig_minus,158,MUR1.0_MUF1.0_PDF26259,pdf,2,0.21,0.42,0.6720393300056458,0.671981692314148,0.9999142346453186,-8.576535765314475e-05,8.576535765314475e-05,-0.008576535765314475
Herwig_minus,158,MUR1.0_MUF1.0_PDF26259,pdf,3,0.42,0.63,0.6428124904632568,0.6428800821304321,1.00010514989702,0.0001051498984452337,0.0001051498984452337,0.01051498984452337
Herwig_minus,158,MUR1.0_MUF1.0_PDF26259,pdf,4,0.63,0.84,0.6500856876373291,0.6502423286437988,1.0002409543994717,0.0002409543958492577,0.0002409543958492577,0.02409543958492577
Herwig_minus,158,MUR1.0_MUF1.0_PDF26259,pdf,5,0.84,1.05,0.6886215806007385,0.6886211037635803,0.9999993075483377,-6.924516355866217e-07,6.924516355866217e-07,-6.924516355866217e-05
Herwig_minus,158,MUR1.0_MUF1.0_PDF26259,pdf,6,1.05,1.37,0.6677588224411011,0.6679513454437256,1.0002883121812165,0.00028831217787228525,0.00028831217787228525,0.028831217787228525
Herwig_minus,158,MUR1.0_MUF1.0_PDF26259,pdf,7,1.37,1.52,0.6296678781509399,0.6325371265411377,1.0045567647481455,0.0045567648485302925,0.0045567648485302925,0.45567648485302925
Herwig_minus,158,MUR1.0_MUF1.0_PDF26259,pdf,8,1.52,1.74,0.6480627655982971,0.6483493447303772,1.0004422089144644,0.0004422089259605855,0.0004422089259605855,0.04422089259605855
Herwig_minus,158,MUR1.0_MUF1.0_PDF26259,pdf,9,1.74,1.95,0.6190352439880371,0.6189128160476685,0.9998022278350746,-0.0001977721694856882,0.0001977721694856882,-0.01977721694856882
Herwig_minus,158,MUR1.0_MUF1.0_PDF26259,pdf,10,1.95,2.18,0.6013617515563965,0.6039935946464539,1.0043764723699933,0.0043764724396169186,0.0043764724396169186,0.43764724396169186
Herwig_minus,158,MUR1.0_MUF1.0_PDF26259,pdf,11,2.18,2.5,0.6056520938873291,0.6086564660072327,1.0049605576373397,0.004960557445883751,0.004960557445883751,0.4960557445883751
Herwig_minus,159,MUR1.0_MUF1.0_PDF26260,pdf,1,0.0,0.21,0.69124835729599,0.6901347041130066,0.9983889246589464,-0.0016110753640532494,0.0016110753640532494,-0.16110753640532494
Herwig_minus,159,MUR1.0_MUF1.0_PDF26260,pdf,2,0.21,0.42,0.6720393300056458,0.6719818711280823,0.9999145007219101,-8.549927588319406e-05,8.549927588319406e-05,-0.008549927588319406
Herwig_minus,159,MUR1.0_MUF1.0_PDF26260,pdf,3,0.42,0.63,0.6428124904632568,0.6428816318511963,1.0001075607412195,0.0001075607433449477,0.0001075607433449477,0.01075607433449477
Herwig_minus,159,MUR1.0_MUF1.0_PDF26260,pdf,4,0.63,0.84,0.6500856876373291,0.6502425670623779,1.000241321148938,0.00024132114776875824,0.00024132114776875824,0.024132114776875824
Herwig_minus,159,MUR1.0_MUF1.0_PDF26260,pdf,5,0.84,1.05,0.6886215806007385,0.6886199116706848,0.9999975764191819,-2.423580781396595e-06,2.423580781396595e-06,-0.00024235807813965948
Herwig_minus,159,MUR1.0_MUF1.0_PDF26260,pdf,6,1.05,1.37,0.6677588224411011,0.6679527759552002,1.0002904544389097,0.0002904544526245445,0.0002904544526245445,0.02904544526245445
Herwig_minus,159,MUR1.0_MUF1.0_PDF26260,pdf,7,1.37,1.52,0.6296678781509399,0.6325377821922302,1.0045578060130969,0.004557806067168713,0.004557806067168713,0.45578060671687126
Herwig_minus,159,MUR1.0_MUF1.0_PDF26260,pdf,8,1.52,1.74,0.6480627655982971,0.64835125207901,1.0004451520686373,0.00044515207991935313,0.00044515207991935313,0.04451520799193531
Herwig_minus,159,MUR1.0_MUF1.0_PDF26260,pdf,9,1.74,1.95,0.6190352439880371,0.6189130544662476,0.9998026129804786,-0.00019738702394533902,0.00019738702394533902,-0.019738702394533902
Herwig_minus,159,MUR1.0_MUF1.0_PDF26260,pdf,10,1.95,2.18,0.6013617515563965,0.6039928793907166,1.0043752829765284,0.004375283140689135,0.004375283140689135,0.43752831406891346
Herwig_minus,159,MUR1.0_MUF1.0_PDF26260,pdf,11,2.18,2.5,0.6056520938873291,0.6086575984954834,1.0049624275033273,0.004962427541613579,0.004962427541613579,0.4962427541613579
Herwig_minus,160,MUR1.0_MUF1.0_PDF26261,pdf,1,0.0,0.21,0.69124835729599,0.6901347637176514,0.9983890108864855,-0.0016109891002997756,0.0016109891002997756,-0.16109891002997756
Herwig_minus,160,MUR1.0_MUF1.0_PDF26261,pdf,2,0.21,0.42,0.6720393300056458,0.67198246717453,0.999915387643882,-8.461235847789794e-05,8.461235847789794e-05,-0.008461235847789794
Herwig_minus,160,MUR1.0_MUF1.0_PDF26261,pdf,3,0.42,0.63,0.6428124904632568,0.642880916595459,1.0001064480438966,0.00010644804569892585,0.00010644804569892585,0.010644804569892585
Herwig_minus,160,MUR1.0_MUF1.0_PDF26261,pdf,4,0.63,0.84,0.6500856876373291,0.6502419114112854,1.0002403125879054,0.0002403125836281106,0.0002403125836281106,0.02403125836281106
Herwig_minus,160,MUR1.0_MUF1.0_PDF26261,pdf,5,0.84,1.05,0.6886215806007385,0.6886219382286072,1.0000005193387467,5.193387551116757e-07,5.193387551116757e-07,5.193387551116757e-05
Herwig_minus,160,MUR1.0_MUF1.0_PDF26261,pdf,6,1.05,1.37,0.6677588224411011,0.6679511666297913,1.0002880443990048,0.00028804439352825284,0.00028804439352825284,0.028804439352825284
Herwig_minus,160,MUR1.0_MUF1.0_PDF26261,pdf,7,1.37,1.52,0.6296678781509399,0.6325371265411377,1.0045567647481455,0.0045567648485302925,0.0045567648485302925,0.45567648485302925
Herwig_minus,160,MUR1.0_MUF1.0_PDF26261,pdf,8,1.52,1.74,0.6480627655982971,0.6483501195907593,1.0004434045708472,0.000443404569523409,0.000443404569523409,0.0443404569523409
Herwig_minus,160,MUR1.0_MUF1.0_PDF26261,pdf,9,1.74,1.95,0.6190352439880371,0.6189116835594177,0.9998003983944058,-0.00019960160716436803,0.00019960160716436803,-0.019960160716436803
Herwig_minus,160,MUR1.0_MUF1.0_PDF26261,pdf,10,1.95,2.18,0.6013617515563965,0.6039928793907166,1.0043752829765284,0.004375283140689135,0.004375283140689135,0.43752831406891346
Herwig_minus,160,MUR1.0_MUF1.0_PDF26261,pdf,11,2.18,2.5,0.6056520938873291,0.6086564064025879,1.0049604592233403,0.004960459191352129,0.004960459191352129,0.4960459191352129
Herwig_minus,161,MUR1.0_MUF1.0_PDF26262,pdf,1,0.0,0.21,0.69124835729599,0.6901348233222961,0.9983890971140246,-0.0016109028365463018,0.0016109028365463018,-0.16109028365463018
Herwig_minus,161,MUR1.0_MUF1.0_PDF26262,pdf,2,0.21,0.42,0.6720393300056458,0.671981930732727,0.9999145894141074,-8.541058923583478e-05,8.541058923583478e-05,-0.008541058923583478
Herwig_minus,161,MUR1.0_MUF1.0_PDF26262,pdf,3,0.42,0.63,0.6428124904632568,0.6428808569908142,1.0001063553191198,0.0001063553208950907,0.0001063553208950907,0.01063553208950907
Herwig_minus,161,MUR1.0_MUF1.0_PDF26262,pdf,4,0.63,0.84,0.6500856876373291,0.6502420902252197,1.0002405876500051,0.00024058764392975718,0.00024058764392975718,0.024058764392975718
Herwig_minus,161,MUR1.0_MUF1.0_PDF26262,pdf,5,0.84,1.05,0.6886215806007385,0.6886221766471863,1.000000865564578,8.655645729049866e-07,8.655645729049866e-07,8.655645729049866e-05
Herwig_minus,161,MUR1.0_MUF1.0_PDF26262,pdf,6,1.05,1.37,0.6677588224411011,0.6679517030715942,1.0002888477456398,0.00028884774656035006,0.00028884774656035006,0.028884774656035006
Herwig_minus,161,MUR1.0_MUF1.0_PDF26262,pdf,7,1.37,1.52,0.6296678781509399,0.6325375437736511,1.0045574273712963,0.004557427484542131,0.004557427484542131,0.45574274845421314
Herwig_minus,161,MUR1.0_MUF1.0_PDF26262,pdf,8,1.52,1.74,0.6480627655982971,0.6483488082885742,1.0004413811523534,0.00044138115481473505,0.00044138115481473505,0.044138115481473505
Herwig_minus,161,MUR1.0_MUF1.0_PDF26262,pdf,9,1.74,1.95,0.6190352439880371,0.6189122796058655,0.9998013612579157,-0.00019863873603753746,0.00019863873603753746,-0.019863873603753746
Herwig_minus,161,MUR1.0_MUF1.0_PDF26262,pdf,10,1.95,2.18,0.6013617515563965,0.6039925813674927,1.0043747873959181,0.004374787211418152,0.004374787211418152,0.4374787211418152
Herwig_minus,161,MUR1.0_MUF1.0_PDF26262,pdf,11,2.18,2.5,0.6056520938873291,0.6086551547050476,1.004958392529354,0.004958392586559057,0.004958392586559057,0.4958392586559057
Herwig_minus,162,MUR1.0_MUF1.0_PDF26400,pdf,1,0.0,0.21,0.69124835729599,0.690826952457428,0.9993903712983703,-0.0006096286815591156,0.0006096286815591156,-0.060962868155911565
Herwig_minus,162,MUR1.0_MUF1.0_PDF26400,pdf,2,0.21,0.42,0.6720393300056458,0.6721364259719849,1.0001444795892203,0.00014447959256358445,0.00014447959256358445,0.014447959256358445
Herwig_minus,162,MUR1.0_MUF1.0_PDF26400,pdf,3,0.42,0.63,0.6428124904632568,0.642651379108429,0.9997493649280029,-0.00025063505745492876,0.00025063505745492876,-0.025063505745492876
Herwig_minus,162,MUR1.0_MUF1.0_PDF26400,pdf,4,0.63,0.84,0.6500856876373291,0.6496550440788269,0.9993375587761864,-0.0006624412490054965,0.0006624412490054965,-0.06624412490054965
Herwig_minus,162,MUR1.0_MUF1.0_PDF26400,pdf,5,0.84,1.05,0.6886215806007385,0.6879225373268127,0.9989848658630246,-0.0010151341557502747,0.0010151341557502747,-0.10151341557502747
Herwig_minus,162,MUR1.0_MUF1.0_PDF26400,pdf,6,1.05,1.37,0.6677588224411011,0.667609453201294,0.9997763125925299,-0.00022368741338141263,0.00022368741338141263,-0.022368741338141263
Herwig_minus,162,MUR1.0_MUF1.0_PDF26400,pdf,7,1.37,1.52,0.6296678781509399,0.6303377151489258,1.0010637941385114,0.0010637941304594278,0.0010637941304594278,0.10637941304594278
Herwig_minus,162,MUR1.0_MUF1.0_PDF26400,pdf,8,1.52,1.74,0.6480627655982971,0.6483497023582458,1.000442760755872,0.0004427607636898756,0.0004427607636898756,0.04427607636898756
Herwig_minus,162,MUR1.0_MUF1.0_PDF26400,pdf,9,1.74,1.95,0.6190352439880371,0.6191057562828064,1.0001139067532165,0.00011390675354050472,0.00011390675354050472,0.011390675354050472
Herwig_minus,162,MUR1.0_MUF1.0_PDF26400,pdf,10,1.95,2.18,0.6013617515563965,0.6032903790473938,1.0032071003618135,0.003207100322470069,0.003207100322470069,0.3207100322470069
Herwig_minus,162,MUR1.0_MUF1.0_PDF26400,pdf,11,2.18,2.5,0.6056520938873291,0.6091426014900208,1.0057632222160549,0.005763221997767687,0.005763221997767687,0.5763221997767687
Herwig_minus,163,MUR1.0_MUF1.0_PDF26401,pdf,1,0.0,0.21,0.69124835729599,0.6907928586006165,0.9993410491459895,-0.0006589508266188204,0.0006589508266188204,-0.06589508266188204
Herwig_minus,163,MUR1.0_MUF1.0_PDF26401,pdf,2,0.21,0.42,0.6720393300056458,0.6721210479736328,1.0001215970023456,0.00012159700418123975,0.00012159700418123975,0.012159700418123975
Herwig_minus,163,MUR1.0_MUF1.0_PDF26401,pdf,3,0.42,0.63,0.6428124904632568,0.6426247954368591,0.9997080096774995,-0.00029199031996540725,0.00029199031996540725,-0.029199031996540725
Herwig_minus,163,MUR1.0_MUF1.0_PDF26401,pdf,4,0.63,0.84,0.6500856876373291,0.6496245265007019,0.999290614844478,-0.0007093851454555988,0.0007093851454555988,-0.07093851454555988
Herwig_minus,163,MUR1.0_MUF1.0_PDF26401,pdf,5,0.84,1.05,0.6886215806007385,0.6878888607025146,0.9989359614643726,-0.0010640384862199426,0.0010640384862199426,-0.10640384862199426
Herwig_minus,163,MUR1.0_MUF1.0_PDF26401,pdf,6,1.05,1.37,0.6677588224411011,0.6676113605499268,0.999779168936121,-0.00022083106159698218,0.00022083106159698218,-0.022083106159698218
Herwig_minus,163,MUR1.0_MUF1.0_PDF26401,pdf,7,1.37,1.52,0.6296678781509399,0.6303569674491882,1.0010943694639018,0.001094369450584054,0.001094369450584054,0.1094369450584054
Herwig_minus,163,MUR1.0_MUF1.0_PDF26401,pdf,8,1.52,1.74,0.6480627655982971,0.6483970284461975,1.0005157877687847,0.0005157877458259463,0.0005157877458259463,0.05157877458259463
Herwig_minus,163,MUR1.0_MUF1.0_PDF26401,pdf,9,1.74,1.95,0.6190352439880371,0.6191418170928955,1.000172159995563,0.000172159998328425,0.000172159998328425,0.0172159998328425
Herwig_minus,163,MUR1.0_MUF1.0_PDF26401,pdf,10,1.95,2.18,0.6013617515563965,0.6034284830093384,1.0034367524166492,0.003436752362176776,0.003436752362176776,0.3436752362176776
Herwig_minus,163,MUR1.0_MUF1.0_PDF26401,pdf,11,2.18,2.5,0.6056520938873291,0.6093473434448242,1.0061012743038291,0.006101274397224188,0.006101274397224188,0.6101274397224188
Herwig_minus,164,MUR1.0_MUF1.0_PDF26402,pdf,1,0.0,0.21,0.69124835729599,0.6908668875694275,0.9994481437495856,-0.0005518562393262982,0.0005518562393262982,-0.055185623932629824
Herwig_minus,164,MUR1.0_MUF1.0_PDF26402,pdf,2,0.21,0.42,0.6720393300056458,0.6721514463424683,1.0001668300229118,0.00016683002468198538,0.00016683002468198538,0.016683002468198538
Herwig_minus,164,MUR1.0_MUF1.0_PDF26402,pdf,3,0.42,0.63,0.6428124904632568,0.6426795125007629,0.9997931310227061,-0.00020686897914856672,0.00020686897914856672,-0.020686897914856672
Herwig_minus,164,MUR1.0_MUF1.0_PDF26402,pdf,4,0.63,0.84,0.6500856876373291,0.6496923565864563,0.9993949550676892,-0.0006050449446775019,0.0006050449446775019,-0.06050449446775019
Herwig_minus,164,MUR1.0_MUF1.0_PDF26402,pdf,5,0.84,1.05,0.6886215806007385,0.6879627704620361,0.9990432914720336,-0.0009567085071466863,0.0009567085071466863,-0.09567085071466863
Herwig_minus,164,MUR1.0_MUF1.0_PDF26402,pdf,6,1.05,1.37,0.6677588224411011,0.6676062345504761,0.9997714925127201,-0.00022850748791825026,0.00022850748791825026,-0.022850748791825026
Herwig_minus,164,MUR1.0_MUF1.0_PDF26402,pdf,7,1.37,1.52,0.6296678781509399,0.6303139328956604,1.0010260246189113,0.0010260245762765408,0.0010260245762765408,0.10260245762765408
Herwig_minus,164,MUR1.0_MUF1.0_PDF26402,pdf,8,1.52,1.74,0.6480627655982971,0.6482940316200256,1.0003568574434532,0.0003568574320524931,0.0003568574320524931,0.03568574320524931
Herwig_minus,164,MUR1.0_MUF1.0_PDF26402,pdf,9,1.74,1.95,0.6190352439880371,0.6190621256828308,1.0000434251442947,4.342514512245543e-05,4.342514512245543e-05,0.004342514512245543
Herwig_minus,164,MUR1.0_MUF1.0_PDF26402,pdf,10,1.95,2.18,0.6013617515563965,0.6031287908554077,1.0029383965548822,0.002938396530225873,0.002938396530225873,0.2938396530225873
Herwig_minus,164,MUR1.0_MUF1.0_PDF26402,pdf,11,2.18,2.5,0.6056520938873291,0.6089037656784058,1.0053688773206513,0.005368877202272415,0.005368877202272415,0.5368877202272415
Herwig_minus,165,MUR1.0_MUF1.0_PDF26403,pdf,1,0.0,0.21,0.69124835729599,0.6908208727836609,0.9993815760893793,-0.0006184239173308015,0.0006184239173308015,-0.06184239173308015
Herwig_minus,165,MUR1.0_MUF1.0_PDF26403,pdf,2,0.21,0.42,0.6720393300056458,0.6721335649490356,1.0001402223637552,0.00014022235700394958,0.00014022235700394958,0.014022235700394958
Herwig_minus,165,MUR1.0_MUF1.0_PDF26403,pdf,3,0.42,0.63,0.6428124904632568,0.6426483988761902,0.9997447286891572,-0.00025527129764668643,0.00025527129764668643,-0.025527129764668643
Herwig_minus,165,MUR1.0_MUF1.0_PDF26403,pdf,4,0.63,0.84,0.6500856876373291,0.6496490240097046,0.999328298352158,-0.0006717016221955419,0.0006717016221955419,-0.06717016221955419
Herwig_minus,165,MUR1.0_MUF1.0_PDF26403,pdf,5,0.84,1.05,0.6886215806007385,0.6879161596298218,0.9989756043220409,-0.0010243956930935383,0.0010243956930935383,-0.10243956930935383
Herwig_minus,165,MUR1.0_MUF1.0_PDF26403,pdf,6,1.05,1.37,0.6677588224411011,0.6676057577133179,0.9997707784268224,-0.00022922157950233668,0.00022922157950233668,-0.022922157950233668
Herwig_minus,165,MUR1.0_MUF1.0_PDF26403,pdf,7,1.37,1.52,0.6296678781509399,0.6303383708000183,1.0010648354034628,0.001064835349097848,0.001064835349097848,0.1064835349097848
Herwig_minus,165,MUR1.0_MUF1.0_PDF26403,pdf,8,1.52,1.74,0.6480627655982971,0.6483410596847534,1.0004294245885264,0.0004294246027711779,0.0004294246027711779,0.04294246027711779
Herwig_minus,165,MUR1.0_MUF1.0_PDF26403,pdf,9,1.74,1.95,0.6190352439880371,0.619098961353302,1.0001029301092041,0.00010293010564055294,0.00010293010564055294,0.010293010564055294
Herwig_minus,165,MUR1.0_MUF1.0_PDF26403,pdf,10,1.95,2.18,0.6013617515563965,0.6032775044441223,1.0031856912794463,0.003185691311955452,0.003185691311955452,0.3185691311955452
Herwig_minus,165,MUR1.0_MUF1.0_PDF26403,pdf,11,2.18,2.5,0.6056520938873291,0.6091296076774597,1.0057417679641962,0.005741768050938845,0.005741768050938845,0.5741768050938845
Herwig_minus,166,MUR1.0_MUF1.0_PDF26404,pdf,1,0.0,0.21,0.69124835729599,0.6908355951309204,0.9994028742915437,-0.0005971257342025638,0.0005971257342025638,-0.059712573420256376
Herwig_minus,166,MUR1.0_MUF1.0_PDF26404,pdf,2,0.21,0.42,0.6720393300056458,0.6721399426460266,1.0001497124288545,0.0001497124321758747,0.0001497124321758747,0.014971243217587471
Herwig_minus,166,MUR1.0_MUF1.0_PDF26404,pdf,3,0.42,0.63,0.6428124904632568,0.6426530480384827,0.9997519612217565,-0.0002480387920513749,0.0002480387920513749,-0.02480387920513749
Herwig_minus,166,MUR1.0_MUF1.0_PDF26404,pdf,4,0.63,0.84,0.6500856876373291,0.6496651768684387,0.9993531456285114,-0.0006468543433584273,0.0006468543433584273,-0.06468543433584273
Herwig_minus,166,MUR1.0_MUF1.0_PDF26404,pdf,5,0.84,1.05,0.6886215806007385,0.6879305243492126,0.9989964644283686,-0.0010035355808213353,0.0010035355808213353,-0.10035355808213353
Herwig_minus,166,MUR1.0_MUF1.0_PDF26404,pdf,6,1.05,1.37,0.6677588224411011,0.6676125526428223,0.9997809541508653,-0.00021904584718868136,0.00021904584718868136,-0.021904584718868136
Herwig_minus,166,MUR1.0_MUF1.0_PDF26404,pdf,7,1.37,1.52,0.6296678781509399,0.6303380727767944,1.001064362101212,0.0010643621208146214,0.0010643621208146214,0.10643621208146214
Herwig_minus,166,MUR1.0_MUF1.0_PDF26404,pdf,8,1.52,1.74,0.6480627655982971,0.648359477519989,1.0004578444210075,0.00045784443500451744,0.00045784443500451744,0.045784443500451744
Herwig_minus,166,MUR1.0_MUF1.0_PDF26404,pdf,9,1.74,1.95,0.6190352439880371,0.6191132664680481,1.0001260388334408,0.00012603883806150407,0.00012603883806150407,0.012603883806150407
Herwig_minus,166,MUR1.0_MUF1.0_PDF26404,pdf,10,1.95,2.18,0.6013617515563965,0.6033048629760742,1.0032311855794764,0.0032311854884028435,0.0032311854884028435,0.32311854884028435
Herwig_minus,166,MUR1.0_MUF1.0_PDF26404,pdf,11,2.18,2.5,0.6056520938873291,0.6091603636741638,1.005792549587862,0.005792549811303616,0.005792549811303616,0.5792549811303616
Herwig_minus,167,MUR1.0_MUF1.0_PDF26405,pdf,1,0.0,0.21,0.69124835729599,0.690852165222168,0.9994268455474211,-0.0005731544806621969,0.0005731544806621969,-0.05731544806621969
Herwig_minus,167,MUR1.0_MUF1.0_PDF26405,pdf,2,0.21,0.42,0.6720393300056458,0.6721408367156982,1.0001510428118123,0.0001510428119217977,0.0001510428119217977,0.01510428119217977
Herwig_minus,167,MUR1.0_MUF1.0_PDF26405,pdf,3,0.42,0.63,0.6428124904632568,0.6426753401756287,0.9997866402883221,-0.00021335971541702747,0.00021335971541702747,-0.021335971541702747
Herwig_minus,167,MUR1.0_MUF1.0_PDF26405,pdf,4,0.63,0.84,0.6500856876373291,0.6497036814689636,0.9994123756673465,-0.0005876243230886757,0.0005876243230886757,-0.058762432308867574
Herwig_minus,167,MUR1.0_MUF1.0_PDF26405,pdf,5,0.84,1.05,0.6886215806007385,0.6879872679710388,0.9990788661761858,-0.0009211338474415243,0.0009211338474415243,-0.09211338474415243
Herwig_minus,167,MUR1.0_MUF1.0_PDF26405,pdf,6,1.05,1.37,0.6677588224411011,0.6676343679428101,0.9998136235806874,-0.00018637641915120184,0.00018637641915120184,-0.018637641915120184
Herwig_minus,167,MUR1.0_MUF1.0_PDF26405,pdf,7,1.37,1.52,0.6296678781509399,0.630357563495636,1.001095316068403,0.0010953160235658288,0.0010953160235658288,0.10953160235658288
Herwig_minus,167,MUR1.0_MUF1.0_PDF26405,pdf,8,1.52,1.74,0.6480627655982971,0.6483293771743774,1.000411397769218,0.0004113977774977684,0.0004113977774977684,0.04113977774977684
Herwig_minus,167,MUR1.0_MUF1.0_PDF26405,pdf,9,1.74,1.95,0.6190352439880371,0.6190975904464722,1.0001007155231314,0.00010071552242152393,0.00010071552242152393,0.010071552242152393
Herwig_minus,167,MUR1.0_MUF1.0_PDF26405,pdf,10,1.95,2.18,0.6013617515563965,0.6031650900840759,1.0029987582732227,0.002998758340254426,0.002998758340254426,0.2998758340254426
Herwig_minus,167,MUR1.0_MUF1.0_PDF26405,pdf,11,2.18,2.5,0.6056520938873291,0.6089661121368408,1.0054718183639735,0.005471818149089813,0.005471818149089813,0.5471818149089813
Herwig_minus,168,MUR1.0_MUF1.0_PDF26406,pdf,1,0.0,0.21,0.69124835729599,0.6907764673233032,0.9993173365727295,-0.0006826634053140879,0.0006826634053140879,-0.06826634053140879
Herwig_minus,168,MUR1.0_MUF1.0_PDF26406,pdf,2,0.21,0.42,0.6720393300056458,0.6721237301826477,1.0001255881512192,0.00012558815069496632,0.00012558815069496632,0.012558815069496632
Herwig_minus,168,MUR1.0_MUF1.0_PDF26406,pdf,3,0.42,0.63,0.6428124904632568,0.6426001787185669,0.9996697143446343,-0.0003302856639493257,0.0003302856639493257,-0.03302856639493257
Herwig_minus,168,MUR1.0_MUF1.0_PDF26406,pdf,4,0.63,0.84,0.6500856876373291,0.6495583057403564,0.9991887501801657,-0.0008112498326227069,0.0008112498326227069,-0.08112498326227069
Herwig_minus,168,MUR1.0_MUF1.0_PDF26406,pdf,5,0.84,1.05,0.6886215806007385,0.6877912282943726,0.9987941819865105,-0.0012058180291205645,0.0012058180291205645,-0.12058180291205645
Herwig_minus,168,MUR1.0_MUF1.0_PDF26406,pdf,6,1.05,1.37,0.6677588224411011,0.6675553321838379,0.9996952638431353,-0.00030473616789095104,0.00030473616789095104,-0.030473616789095104
Herwig_minus,168,MUR1.0_MUF1.0_PDF26406,pdf,7,1.37,1.52,0.6296678781509399,0.6302977204322815,1.001000276976477,0.0010002769995480776,0.0010002769995480776,0.10002769995480776
Herwig_minus,168,MUR1.0_MUF1.0_PDF26406,pdf,8,1.52,1.74,0.6480627655982971,0.6483907103538513,1.0005060385705873,0.0005060385446995497,0.0005060385446995497,0.05060385446995497
Herwig_minus,168,MUR1.0_MUF1.0_PDF26406,pdf,9,1.74,1.95,0.6190352439880371,0.6191232204437256,1.0001421186540556,0.00014211866073310375,0.00014211866073310375,0.014211866073310375
Herwig_minus,168,MUR1.0_MUF1.0_PDF26406,pdf,10,1.95,2.18,0.6013617515563965,0.6035440564155579,1.0036289385773427,0.003628938691690564,0.003628938691690564,0.3628938691690564
Herwig_minus,168,MUR1.0_MUF1.0_PDF26406,pdf,11,2.18,2.5,0.6056520938873291,0.6095019578933716,1.0063565602181483,0.006356560159474611,0.006356560159474611,0.6356560159474611
Herwig_minus,169,MUR1.0_MUF1.0_PDF26407,pdf,1,0.0,0.21,0.69124835729599,0.6907904744148254,0.9993376000444244,-0.0006623999797739089,0.0006623999797739089,-0.06623999797739089
Herwig_minus,169,MUR1.0_MUF1.0_PDF26407,pdf,2,0.21,0.42,0.6720393300056458,0.6721094250679016,1.0001043020238938,0.0001043020238284953,0.0001043020238284953,0.01043020238284953
Herwig_minus,169,MUR1.0_MUF1.0_PDF26407,pdf,3,0.42,0.63,0.6428124904632568,0.642636239528656,0.9997258128346669,-0.00027418715762905777,0.00027418715762905777,-0.027418715762905777
Herwig_minus,169,MUR1.0_MUF1.0_PDF26407,pdf,4,0.63,0.84,0.6500856876373291,0.6496468782424927,0.9993249976069597,-0.0006750024040229619,0.0006750024040229619,-0.06750024040229619
Herwig_minus,169,MUR1.0_MUF1.0_PDF26407,pdf,5,0.84,1.05,0.6886215806007385,0.6879327297210693,0.9989996670173069,-0.0010003329953178763,0.0010003329953178763,-0.10003329953178763
Herwig_minus,169,MUR1.0_MUF1.0_PDF26407,pdf,6,1.05,1.37,0.6677588224411011,0.6676097512245178,0.999776758896216,-0.00022324110614135861,0.00022324110614135861,-0.02232411061413586
Herwig_minus,169,MUR1.0_MUF1.0_PDF26407,pdf,7,1.37,1.52,0.6296678781509399,0.6303171515464783,1.001031136283218,0.0010311362566426396,0.0010311362566426396,0.10311362566426396
Herwig_minus,169,MUR1.0_MUF1.0_PDF26407,pdf,8,1.52,1.74,0.6480627655982971,0.6483317017555237,1.000414984738366,0.00041498473729006946,0.00041498473729006946,0.041498473729006946
Herwig_minus,169,MUR1.0_MUF1.0_PDF26407,pdf,9,1.74,1.95,0.6190352439880371,0.6190887093544006,1.0000863688568344,8.636885468149558e-05,8.636885468149558e-05,0.008636885468149558
Herwig_minus,169,MUR1.0_MUF1.0_PDF26407,pdf,10,1.95,2.18,0.6013617515563965,0.603177011013031,1.0030185814976367,0.0030185815412551165,0.0030185815412551165,0.30185815412551165
Herwig_minus,169,MUR1.0_MUF1.0_PDF26407,pdf,11,2.18,2.5,0.6056520938873291,0.608977735042572,1.0054910090938471,0.00549100898206234,0.00549100898206234,0.549100898206234
Herwig_minus,170,MUR1.0_MUF1.0_PDF26408,pdf,1,0.0,0.21,0.69124835729599,0.6908652186393738,0.99944572937849,-0.000554270634893328,0.000554270634893328,-0.055427063489332795
Herwig_minus,170,MUR1.0_MUF1.0_PDF26408,pdf,2,0.21,0.42,0.6720393300056458,0.6721636652946472,1.0001850119233355,0.00018501192971598357,0.00018501192971598357,0.018501192971598357
Herwig_minus,170,MUR1.0_MUF1.0_PDF26408,pdf,3,0.42,0.63,0.6428124904632568,0.6426623463630676,0.999766426286955,-0.00023357370810117573,0.00023357370810117573,-0.023357370810117573
Herwig_minus,170,MUR1.0_MUF1.0_PDF26408,pdf,4,0.63,0.84,0.6500856876373291,0.6496643424034119,0.9993518620053787,-0.000648137996904552,0.000648137996904552,-0.0648137996904552
Herwig_minus,170,MUR1.0_MUF1.0_PDF26408,pdf,5,0.84,1.05,0.6886215806007385,0.6879134178161621,0.9989716227249825,-0.0010283773299306631,0.0010283773299306631,-0.10283773299306631
Herwig_minus,170,MUR1.0_MUF1.0_PDF26408,pdf,6,1.05,1.37,0.6677588224411011,0.667605996131897,0.9997711354697713,-0.00022886453371029347,0.00022886453371029347,-0.022886453371029347
Herwig_minus,170,MUR1.0_MUF1.0_PDF26408,pdf,7,1.37,1.52,0.6296678781509399,0.6303593516349792,1.001098155881907,0.001098155858926475,0.001098155858926475,0.1098155858926475
Herwig_minus,170,MUR1.0_MUF1.0_PDF26408,pdf,8,1.52,1.74,0.6480627655982971,0.6483685970306396,1.0004719163768963,0.00047191636986099184,0.00047191636986099184,0.047191636986099184
Herwig_minus,170,MUR1.0_MUF1.0_PDF26408,pdf,9,1.74,1.95,0.6190352439880371,0.6191226840019226,1.0001412520768966,0.00014125207962933928,0.00014125207962933928,0.014125207962933928
Herwig_minus,170,MUR1.0_MUF1.0_PDF26408,pdf,10,1.95,2.18,0.6013617515563965,0.6034092903137207,1.0034048370253428,0.0034048371016979218,0.0034048371016979218,0.3404837101697922
Herwig_minus,170,MUR1.0_MUF1.0_PDF26408,pdf,11,2.18,2.5,0.6056520938873291,0.6093182563781738,1.0060532482721454,0.006053248420357704,0.006053248420357704,0.6053248420357704
Herwig_minus,171,MUR1.0_MUF1.0_PDF26409,pdf,1,0.0,0.21,0.69124835729599,0.6908129453659058,0.9993701078266755,-0.0006298921653069556,0.0006298921653069556,-0.06298921653069556
Herwig_minus,171,MUR1.0_MUF1.0_PDF26409,pdf,2,0.21,0.42,0.6720393300056458,0.6721168756484985,1.0001153885485425,0.00011538854596437886,0.00011538854596437886,0.011538854596437886
Herwig_minus,171,MUR1.0_MUF1.0_PDF26409,pdf,3,0.42,0.63,0.6428124904632568,0.6426231265068054,0.999705413383746,-0.00029458661447279155,0.00029458661447279155,-0.029458661447279155
Herwig_minus,171,MUR1.0_MUF1.0_PDF26409,pdf,4,0.63,0.84,0.6500856876373291,0.6496294140815735,0.9992981332085407,-0.0007018668111413717,0.0007018668111413717,-0.07018668111413717
Herwig_minus,171,MUR1.0_MUF1.0_PDF26409,pdf,5,0.84,1.05,0.6886215806007385,0.6879112720489502,0.998968506692502,-0.0010314933024346828,0.0010314933024346828,-0.10314933024346828
Herwig_minus,171,MUR1.0_MUF1.0_PDF26409,pdf,6,1.05,1.37,0.6677588224411011,0.667617678642273,0.9997886305742661,-0.00021136942086741328,0.00021136942086741328,-0.021136942086741328
Herwig_minus,171,MUR1.0_MUF1.0_PDF26409,pdf,7,1.37,1.52,0.6296678781509399,0.6302359700202942,1.000902208750147,0.0009022087324410677,0.0009022087324410677,0.09022087324410677
Herwig_minus,171,MUR1.0_MUF1.0_PDF26409,pdf,8,1.52,1.74,0.6480627655982971,0.6483874320983887,1.0005009800243527,0.0005009800079278648,0.0005009800079278648,0.05009800079278648
Herwig_minus,171,MUR1.0_MUF1.0_PDF26409,pdf,9,1.74,1.95,0.6190352439880371,0.6191226243972778,1.0001411557905455,0.00014115578960627317,0.00014115578960627317,0.014115578960627317
Herwig_minus,171,MUR1.0_MUF1.0_PDF26409,pdf,10,1.95,2.18,0.6013617515563965,0.603184163570404,1.003030475432285,0.0030304754618555307,0.0030304754618555307,0.3030475461855531
Herwig_minus,171,MUR1.0_MUF1.0_PDF26409,pdf,11,2.18,2.5,0.6056520938873291,0.6088352203369141,1.0052557012213965,0.005255701020359993,0.005255701020359993,0.5255701020359993
Herwig_minus,172,MUR1.0_MUF1.0_PDF26410,pdf,1,0.0,0.21,0.69124835729599,0.6908380389213562,0.999406409620648,-0.0005935903755016625,0.0005935903755016625,-0.05935903755016625
Herwig_minus,172,MUR1.0_MUF1.0_PDF26410,pdf,2,0.21,0.42,0.6720393300056458,0.6721515655517578,1.0001670074073061,0.00016700741252861917,0.00016700741252861917,0.016700741252861917
Herwig_minus,172,MUR1.0_MUF1.0_PDF26410,pdf,3,0.42,0.63,0.6428124904632568,0.6426704525947571,0.9997790368566152,-0.00022096314933151007,0.00022096314933151007,-0.022096314933151007
Herwig_minus,172,MUR1.0_MUF1.0_PDF26410,pdf,4,0.63,0.84,0.6500856876373291,0.6496779918670654,0.9993728584123343,-0.0006271415622904897,0.0006271415622904897,-0.06271415622904897
Herwig_minus,172,MUR1.0_MUF1.0_PDF26410,pdf,5,0.84,1.05,0.6886215806007385,0.6879321336746216,0.998998801452729,-0.0010011985432356596,0.0010011985432356596,-0.10011985432356596
Herwig_minus,172,MUR1.0_MUF1.0_PDF26410,pdf,6,1.05,1.37,0.6677588224411011,0.6676012277603149,0.9997639946107937,-0.00023600539134349674,0.00023600539134349674,-0.023600539134349674
Herwig_minus,172,MUR1.0_MUF1.0_PDF26410,pdf,7,1.37,1.52,0.6296678781509399,0.6304215788841248,1.001196981391838,0.0011969814077019691,0.0011969814077019691,0.11969814077019691
Herwig_minus,172,MUR1.0_MUF1.0_PDF26410,pdf,8,1.52,1.74,0.6480627655982971,0.6483189463615417,1.0003953023948353,0.0003953023988287896,0.0003953023988287896,0.03953023988287896
Herwig_minus,172,MUR1.0_MUF1.0_PDF26410,pdf,9,1.74,1.95,0.6190352439880371,0.6190934777259827,1.0000940717649134,9.407176548847929e-05,9.407176548847929e-05,0.009407176548847929
Herwig_minus,172,MUR1.0_MUF1.0_PDF26410,pdf,10,1.95,2.18,0.6013617515563965,0.603382408618927,1.0033601356542894,0.0033601357135921717,0.0033601357135921717,0.33601357135921717
Herwig_minus,172,MUR1.0_MUF1.0_PDF26410,pdf,11,2.18,2.5,0.6056520938873291,0.6094003915786743,1.0061888627632525,0.006188862957060337,0.006188862957060337,0.6188862957060337
Herwig_minus,173,MUR1.0_MUF1.0_PDF26411,pdf,1,0.0,0.21,0.69124835729599,0.6905695199966431,0.9990179545568797,-0.000982045428827405,0.000982045428827405,-0.0982045428827405
Herwig_minus,173,MUR1.0_MUF1.0_PDF26411,pdf,2,0.21,0.42,0.6720393300056458,0.6720722913742065,1.0000490467850454,4.904678644379601e-05,4.904678644379601e-05,0.004904678644379601
Herwig_minus,173,MUR1.0_MUF1.0_PDF26411,pdf,3,0.42,0.63,0.6428124904632568,0.6425885558128357,0.9996516330131361,-0.00034836700069718063,0.00034836700069718063,-0.03483670006971806
Herwig_minus,173,MUR1.0_MUF1.0_PDF26411,pdf,4,0.63,0.84,0.6500856876373291,0.6495327353477478,0.9991494162998866,-0.0008505837176926434,0.0008505837176926434,-0.08505837176926434
Herwig_minus,173,MUR1.0_MUF1.0_PDF26411,pdf,5,0.84,1.05,0.6886215806007385,0.6877520680427551,0.9987373143937417,-0.001262685633264482,0.001262685633264482,-0.1262685633264482
Herwig_minus,173,MUR1.0_MUF1.0_PDF26411,pdf,6,1.05,1.37,0.6677588224411011,0.6675172448158264,0.9996382262320526,-0.0003617737675085664,0.0003617737675085664,-0.03617737675085664
Herwig_minus,173,MUR1.0_MUF1.0_PDF26411,pdf,7,1.37,1.52,0.6296678781509399,0.6306366920471191,1.0015386109563413,0.0015386109007522464,0.0015386109007522464,0.15386109007522464
Herwig_minus,173,MUR1.0_MUF1.0_PDF26411,pdf,8,1.52,1.74,0.6480627655982971,0.6483047008514404,1.0003733207121073,0.0003733207122422755,0.0003733207122422755,0.03733207122422755
Herwig_minus,173,MUR1.0_MUF1.0_PDF26411,pdf,9,1.74,1.95,0.6190352439880371,0.6190274953842163,0.9999874827743718,-1.2517225513875019e-05,1.2517225513875019e-05,-0.0012517225513875019
Herwig_minus,173,MUR1.0_MUF1.0_PDF26411,pdf,10,1.95,2.18,0.6013617515563965,0.6037668585777283,1.0039994346416397,0.003999434411525726,0.003999434411525726,0.39994344115257263
Herwig_minus,173,MUR1.0_MUF1.0_PDF26411,pdf,11,2.18,2.5,0.6056520938873291,0.6099279522895813,1.0070599250715175,0.007059925235807896,0.007059925235807896,0.7059925235807896
Herwig_minus,174,MUR1.0_MUF1.0_PDF26412,pdf,1,0.0,0.21,0.69124835729599,0.6910638809204102,0.9997331257664012,-0.0002668742381501943,0.0002668742381501943,-0.02668742381501943
Herwig_minus,174,MUR1.0_MUF1.0_PDF26412,pdf,2,0.21,0.42,0.6720393300056458,0.6721959710121155,1.0002330830942119,0.00023308309027925134,0.00023308309027925134,0.023308309027925134
Herwig_minus,174,MUR1.0_MUF1.0_PDF26412,pdf,3,0.42,0.63,0.6428124904632568,0.6427088379859924,0.9998387516129474,-0.0001612483902135864,0.0001612483902135864,-0.01612483902135864
Herwig_minus,174,MUR1.0_MUF1.0_PDF26412,pdf,4,0.63,0.84,0.6500856876373291,0.6497717499732971,0.999517082640024,-0.00048291735583916306,0.00048291735583916306,-0.048291735583916306
Herwig_minus,174,MUR1.0_MUF1.0_PDF26412,pdf,5,0.84,1.05,0.6886215806007385,0.6880812048912048,0.9992152791536648,-0.0007847208180464804,0.0007847208180464804,-0.07847208180464804
Herwig_minus,174,MUR1.0_MUF1.0_PDF26412,pdf,6,1.05,1.37,0.6677588224411011,0.6676943302154541,0.9999034198823293,-9.658011549618095e-05,9.658011549618095e-05,-0.009658011549618095
Herwig_minus,174,MUR1.0_MUF1.0_PDF26412,pdf,7,1.37,1.52,0.6296678781509399,0.6300554871559143,1.0006155769071667,0.0006155769224278629,0.0006155769224278629,0.06155769224278629
Herwig_minus,174,MUR1.0_MUF1.0_PDF26412,pdf,8,1.52,1.74,0.6480627655982971,0.6483914852142334,1.00050723422697,0.0005072342464700341,0.0005072342464700341,0.05072342464700341
Herwig_minus,174,MUR1.0_MUF1.0_PDF26412,pdf,9,1.74,1.95,0.6190352439880371,0.619178831577301,1.0002319538195255,0.00023195381800178438,0.00023195381800178438,0.02319538180017844
Herwig_minus,174,MUR1.0_MUF1.0_PDF26412,pdf,10,1.95,2.18,0.6013617515563965,0.6028355360031128,1.0024507452342986,0.0024507453199476004,0.0024507453199476004,0.24507453199476004
Herwig_minus,174,MUR1.0_MUF1.0_PDF26412,pdf,11,2.18,2.5,0.6056520938873291,0.6083893179893494,1.0045194660922439,0.004519466310739517,0.004519466310739517,0.4519466310739517
Herwig_minus,175,MUR1.0_MUF1.0_PDF26413,pdf,1,0.0,0.21,0.69124835729599,0.6908533573150635,0.9994285700982036,-0.0005714299040846527,0.0005714299040846527,-0.057142990408465266
Herwig_minus,175,MUR1.0_MUF1.0_PDF26413,pdf,2,0.21,0.42,0.6720393300056458,0.6721438765525818,1.0001555661138688,0.00015556611469946802,0.00015556611469946802,0.015556611469946802
Herwig_minus,175,MUR1.0_MUF1.0_PDF26413,pdf,3,0.42,0.63,0.6428124904632568,0.6426559090614319,0.9997564120110484,-0.0002435879869153723,0.0002435879869153723,-0.02435879869153723
Herwig_minus,175,MUR1.0_MUF1.0_PDF26413,pdf,4,0.63,0.84,0.6500856876373291,0.6496698260307312,0.9993602972431076,-0.0006397027755156159,0.0006397027755156159,-0.0639702775515616
Herwig_minus,175,MUR1.0_MUF1.0_PDF26413,pdf,5,0.84,1.05,0.6886215806007385,0.6879416704177856,0.9990126504859755,-0.0009873495437204838,0.0009873495437204838,-0.09873495437204838
Herwig_minus,175,MUR1.0_MUF1.0_PDF26413,pdf,6,1.05,1.37,0.6677588224411011,0.6676236391067505,0.999797556647988,-0.0002024433488259092,0.0002024433488259092,-0.02024433488259092
Herwig_minus,175,MUR1.0_MUF1.0_PDF26413,pdf,7,1.37,1.52,0.6296678781509399,0.6303046345710754,1.0010112575886916,0.0010112576419487596,0.0010112576419487596,0.10112576419487596
Herwig_minus,175,MUR1.0_MUF1.0_PDF26413,pdf,8,1.52,1.74,0.6480627655982971,0.6483681201934814,1.000471180588353,0.00047118059592321515,0.00047118059592321515,0.047118059592321515
Herwig_minus,175,MUR1.0_MUF1.0_PDF26413,pdf,9,1.74,1.95,0.6190352439880371,0.6191226840019226,1.0001412520768966,0.00014125207962933928,0.00014125207962933928,0.014125207962933928
Herwig_minus,175,MUR1.0_MUF1.0_PDF26413,pdf,10,1.95,2.18,0.6013617515563965,0.6032447218894958,1.003131177412308,0.003131177509203553,0.003131177509203553,0.3131177509203553
Herwig_minus,175,MUR1.0_MUF1.0_PDF26413,pdf,11,2.18,2.5,0.6056520938873291,0.6090397238731384,1.0055933596531734,0.005593359470367432,0.005593359470367432,0.5593359470367432
Herwig_minus,176,MUR1.0_MUF1.0_PDF26414,pdf,1,0.0,0.21,0.69124835729599,0.6908028721809387,0.9993555353725629,-0.0006444646278396249,0.0006444646278396249,-0.06444646278396249
Herwig_minus,176,MUR1.0_MUF1.0_PDF26414,pdf,2,0.21,0.42,0.6720393300056458,0.6721290349960327,1.0001334817567689,0.00013348174979910254,0.00013348174979910254,0.013348174979910254
Herwig_minus,176,MUR1.0_MUF1.0_PDF26414,pdf,3,0.42,0.63,0.6428124904632568,0.6426466107368469,0.9997419469458498,-0.00025805304176174104,0.00025805304176174104,-0.025805304176174104
Herwig_minus,176,MUR1.0_MUF1.0_PDF26414,pdf,4,0.63,0.84,0.6500856876373291,0.649644136428833,0.9993207799880953,-0.0006792200147174299,0.0006792200147174299,-0.06792200147174299
Herwig_minus,176,MUR1.0_MUF1.0_PDF26414,pdf,5,0.84,1.05,0.6886215806007385,0.6879056692123413,0.9989603703854697,-0.0010396295692771673,0.0010396295692771673,-0.10396295692771673
Herwig_minus,176,MUR1.0_MUF1.0_PDF26414,pdf,6,1.05,1.37,0.6677588224411011,0.667596161365509,0.9997564074481301,-0.00024359255621675402,0.00024359255621675402,-0.024359255621675402
Herwig_minus,176,MUR1.0_MUF1.0_PDF26414,pdf,7,1.37,1.52,0.6296678781509399,0.6303659081459045,1.0011085685314207,0.0011085685109719634,0.0011085685109719634,0.11085685109719634
Herwig_minus,176,MUR1.0_MUF1.0_PDF26414,pdf,8,1.52,1.74,0.6480627655982971,0.6483368873596191,1.0004229864387733,0.000422986428020522,0.000422986428020522,0.0422986428020522
Herwig_minus,176,MUR1.0_MUF1.0_PDF26414,pdf,9,1.74,1.95,0.6190352439880371,0.619091272354126,1.000090509169927,9.050917287822813e-05,9.050917287822813e-05,0.009050917287822813
Herwig_minus,176,MUR1.0_MUF1.0_PDF26414,pdf,10,1.95,2.18,0.6013617515563965,0.6033317446708679,1.00327588695053,0.0032758868765085936,0.0032758868765085936,0.32758868765085936
Herwig_minus,176,MUR1.0_MUF1.0_PDF26414,pdf,11,2.18,2.5,0.6056520938873291,0.6092327833175659,1.0059121225970746,0.005912122782319784,0.005912122782319784,0.5912122782319784
Herwig_minus,177,MUR1.0_MUF1.0_PDF26415,pdf,1,0.0,0.21,0.69124835729599,0.6907607913017273,0.9992946587299391,-0.0007053412846289575,0.0007053412846289575,-0.07053412846289575
Herwig_minus,177,MUR1.0_MUF1.0_PDF26415,pdf,2,0.21,0.42,0.6720393300056458,0.6721460223197937,1.0001587590329677,0.00015875903773121536,0.00015875903773121536,0.015875903773121536
Herwig_minus,177,MUR1.0_MUF1.0_PDF26415,pdf,3,0.42,0.63,0.6428124904632568,0.6426265835762024,0.9997107914208069,-0.00028920857585035264,0.00028920857585035264,-0.028920857585035264
Herwig_minus,177,MUR1.0_MUF1.0_PDF26415,pdf,4,0.63,0.84,0.6500856876373291,0.6495382189750671,0.9991578515376155,-0.0008421484380960464,0.0008421484380960464,-0.08421484380960464
Herwig_minus,177,MUR1.0_MUF1.0_PDF26415,pdf,5,0.84,1.05,0.6886215806007385,0.6877263188362122,0.9986999220039758,-0.0013000780018046498,0.0013000780018046498,-0.13000780018046498
Herwig_minus,177,MUR1.0_MUF1.0_PDF26415,pdf,6,1.05,1.37,0.6677588224411011,0.6674819588661194,0.9995853838756191,-0.00041461613727733493,0.00041461613727733493,-0.04146161372773349
Herwig_minus,177,MUR1.0_MUF1.0_PDF26415,pdf,7,1.37,1.52,0.6296678781509399,0.6304377317428589,1.001222634373822,0.001222634338773787,0.001222634338773787,0.1222634338773787
Herwig_minus,177,MUR1.0_MUF1.0_PDF26415,pdf,8,1.52,1.74,0.6480627655982971,0.6482831239700317,1.0003400262805273,0.0003400262794457376,0.0003400262794457376,0.03400262794457376
Herwig_minus,177,MUR1.0_MUF1.0_PDF26415,pdf,9,1.74,1.95,0.6190352439880371,0.6190409660339355,1.0000092434896946,9.243489330401644e-06,9.243489330401644e-06,0.0009243489330401644
Herwig_minus,177,MUR1.0_MUF1.0_PDF26415,pdf,10,1.95,2.18,0.6013617515563965,0.603792130947113,1.0040414598773972,0.0040414598770439625,0.0040414598770439625,0.40414598770439625
Herwig_minus,177,MUR1.0_MUF1.0_PDF26415,pdf,11,2.18,2.5,0.6056520938873291,0.6101135015487671,1.0073662878515004,0.007366287987679243,0.007366287987679243,0.7366287987679243
Herwig_minus,178,MUR1.0_MUF1.0_PDF26416,pdf,1,0.0,0.21,0.69124835729599,0.6908880472183228,0.9994787545259758,-0.0005212454707361758,0.0005212454707361758,-0.05212454707361758
Herwig_minus,178,MUR1.0_MUF1.0_PDF26416,pdf,2,0.21,0.42,0.6720393300056458,0.6721235513687134,1.0001253220746276,0.00012532206892501563,0.00012532206892501563,0.012532206892501563
Herwig_minus,178,MUR1.0_MUF1.0_PDF26416,pdf,3,0.42,0.63,0.6428124904632568,0.6426724195480347,0.9997820967742533,-0.00021790323080495,0.00021790323080495,-0.021790323080495
Herwig_minus,178,MUR1.0_MUF1.0_PDF26416,pdf,4,0.63,0.84,0.6500856876373291,0.6497639417648315,0.9995050715949971,-0.0004949283902533352,0.0004949283902533352,-0.049492839025333524
Herwig_minus,178,MUR1.0_MUF1.0_PDF26416,pdf,5,0.84,1.05,0.6886215806007385,0.6881034970283508,0.9992476512688787,-0.0007523487438447773,0.0007523487438447773,-0.07523487438447773
Herwig_minus,178,MUR1.0_MUF1.0_PDF26416,pdf,6,1.05,1.37,0.6677588224411011,0.6677270531654358,0.9999524240270624,-4.757597343996167e-05,4.757597343996167e-05,-0.004757597343996167
Herwig_minus,178,MUR1.0_MUF1.0_PDF26416,pdf,7,1.37,1.52,0.6296678781509399,0.6302434206008911,1.0009140413064126,0.0009140413021668792,0.0009140413021668792,0.09140413021668792
Herwig_minus,178,MUR1.0_MUF1.0_PDF26416,pdf,8,1.52,1.74,0.6480627655982971,0.6484114527702332,1.0005380453722166,0.0005380453658290207,0.0005380453658290207,0.053804536582902074
Herwig_minus,178,MUR1.0_MUF1.0_PDF26416,pdf,9,1.74,1.95,0.6190352439880371,0.6191650032997131,1.0002096153860967,0.00020961539121344686,0.00020961539121344686,0.020961539121344686
Herwig_minus,178,MUR1.0_MUF1.0_PDF26416,pdf,10,1.95,2.18,0.6013617515563965,0.6028226613998413,1.0024293361519316,0.0024293360766023397,0.0024293360766023397,0.24293360766023397
Herwig_minus,178,MUR1.0_MUF1.0_PDF26416,pdf,11,2.18,2.5,0.6056520938873291,0.6082276701927185,1.004252567326001,0.004252567421644926,0.004252567421644926,0.4252567421644926
Herwig_minus,179,MUR1.0_MUF1.0_PDF26417,pdf,1,0.0,0.21,0.69124835729599,0.6899259090423584,0.9980868695893836,-0.0019131303997710347,0.0019131303997710347,-0.19131303997710347
Herwig_minus,179,MUR1.0_MUF1.0_PDF26417,pdf,2,0.21,0.42,0.6720393300056458,0.6718376278877258,0.9996998656047136,-0.00030013438663445413,0.00030013438663445413,-0.030013438663445413
Herwig_minus,179,MUR1.0_MUF1.0_PDF26417,pdf,3,0.42,0.63,0.6428124904632568,0.6426698565483093,0.999778109608846,-0.0002218903973698616,0.0002218903973698616,-0.02218903973698616
Herwig_minus,179,MUR1.0_MUF1.0_PDF26417,pdf,4,0.63,0.84,0.6500856876373291,0.650074303150177,0.999982487712976,-1.751228774082847e-05,1.751228774082847e-05,-0.001751228774082847
Herwig_minus,179,MUR1.0_MUF1.0_PDF26417,pdf,5,0.84,1.05,0.6886215806007385,0.6885412335395813,0.9998833218948975,-0.00011667810758808628,0.00011667810758808628,-0.011667810758808628
Herwig_minus,179,MUR1.0_MUF1.0_PDF26417,pdf,6,1.05,1.37,0.6677588224411011,0.6680421233177185,1.0004242562840004,0.0004242562863510102,0.0004242562863510102,0.04242562863510102
Herwig_minus,179,MUR1.0_MUF1.0_PDF26417,pdf,7,1.37,1.52,0.6296678781509399,0.6320652961730957,1.0038074326249513,0.0038074327167123556,0.0038074327167123556,0.38074327167123556
Herwig_minus,179,MUR1.0_MUF1.0_PDF26417,pdf,8,1.52,1.74,0.6480627655982971,0.6484498977661133,1.0005973683235123,0.0005973683437332511,0.0005973683437332511,0.05973683437332511
Herwig_minus,179,MUR1.0_MUF1.0_PDF26417,pdf,9,1.74,1.95,0.6190352439880371,0.6190379858016968,1.0000044291721453,4.42917234977358e-06,4.42917234977358e-06,0.000442917234977358
Herwig_minus,179,MUR1.0_MUF1.0_PDF26417,pdf,10,1.95,2.18,0.6013617515563965,0.6029894948005676,1.002706762177605,0.002706762170419097,0.002706762170419097,0.2706762170419097
Herwig_minus,179,MUR1.0_MUF1.0_PDF26417,pdf,11,2.18,2.5,0.6056520938873291,0.6077440977096558,1.003454134549258,0.0034541345667093992,0.0034541345667093992,0.3454134566709399
Herwig_minus,180,MUR1.0_MUF1.0_PDF26418,pdf,1,0.0,0.21,0.69124835729599,0.6914379596710205,1.0002742898019639,0.00027428980683907866,0.00027428980683907866,0.027428980683907866
Herwig_minus,180,MUR1.0_MUF1.0_PDF26418,pdf,2,0.21,0.42,0.6720393300056458,0.6723382472991943,1.0004447913689012,0.00044479136704467237,0.00044479136704467237,0.04447913670446724
Herwig_minus,180,MUR1.0_MUF1.0_PDF26418,pdf,3,0.42,0.63,0.6428124904632568,0.6426351070404053,0.9997240510639055,-0.0002759489289019257,0.0002759489289019257,-0.02759489289019257
Herwig_minus,180,MUR1.0_MUF1.0_PDF26418,pdf,4,0.63,0.84,0.6500856876373291,0.649370014667511,0.9988991097890201,-0.001100890222005546,0.001100890222005546,-0.11008902220055461
Herwig_minus,180,MUR1.0_MUF1.0_PDF26418,pdf,5,0.84,1.05,0.6886215806007385,0.6874936819076538,0.9983620921492168,-0.0016379078151658177,0.0016379078151658177,-0.16379078151658177
Herwig_minus,180,MUR1.0_MUF1.0_PDF26418,pdf,6,1.05,1.37,0.6677588224411011,0.6673005223274231,0.9993136741915253,-0.0006863258313387632,0.0006863258313387632,-0.06863258313387632
Herwig_minus,180,MUR1.0_MUF1.0_PDF26418,pdf,7,1.37,1.52,0.6296678781509399,0.6291091442108154,0.9991126529405228,-0.0008873470360413194,0.0008873470360413194,-0.08873470360413194
Herwig_minus,180,MUR1.0_MUF1.0_PDF26418,pdf,8,1.52,1.74,0.6480627655982971,0.6482729315757751,1.0003242988004164,0.00032429880229756236,0.00032429880229756236,0.032429880229756236
Herwig_minus,180,MUR1.0_MUF1.0_PDF26418,pdf,9,1.74,1.95,0.6190352439880371,0.6191484332084656,1.0001828477805226,0.00018284778343513608,0.00018284778343513608,0.018284778343513608
Herwig_minus,180,MUR1.0_MUF1.0_PDF26418,pdf,10,1.95,2.18,0.6013617515563965,0.6034998893737793,1.003555493530889,0.0035554934293031693,0.0035554934293031693,0.3555493429303169
Herwig_minus,180,MUR1.0_MUF1.0_PDF26418,pdf,11,2.18,2.5,0.6056520938873291,0.610158383846283,1.0074403935930125,0.007440393790602684,0.007440393790602684,0.7440393790602684
Herwig_minus,181,MUR1.0_MUF1.0_PDF26419,pdf,1,0.0,0.21,0.69124835729599,0.6914354562759399,1.0002706682453204,0.00027066824259236455,0.00027066824259236455,0.027066824259236455
Herwig_minus,181,MUR1.0_MUF1.0_PDF26419,pdf,2,0.21,0.42,0.6720393300056458,0.6723569631576538,1.0004726407188183,0.000472640705993399,0.000472640705993399,0.0472640705993399
Herwig_minus,181,MUR1.0_MUF1.0_PDF26419,pdf,3,0.42,0.63,0.6428124904632568,0.6426452994346619,0.9997399070007578,-0.0002600929874461144,0.0002600929874461144,-0.026009298744611442
Herwig_minus,181,MUR1.0_MUF1.0_PDF26419,pdf,4,0.63,0.84,0.6500856876373291,0.6493262648582458,0.9988318112619226,-0.0011681887554004788,0.0011681887554004788,-0.11681887554004788
Herwig_minus,181,MUR1.0_MUF1.0_PDF26419,pdf,5,0.84,1.05,0.6886215806007385,0.6874194741249084,0.9982543293592667,-0.0017456706846132874,0.0017456706846132874,-0.17456706846132874
Herwig_minus,181,MUR1.0_MUF1.0_PDF26419,pdf,6,1.05,1.37,0.6677588224411011,0.6672242879867554,0.9991995097086226,-0.0008004902629181743,0.0008004902629181743,-0.08004902629181743
Herwig_minus,181,MUR1.0_MUF1.0_PDF26419,pdf,7,1.37,1.52,0.6296678781509399,0.6290961503982544,0.9990920169623954,-0.0009079830488190055,0.0009079830488190055,-0.09079830488190055
Herwig_minus,181,MUR1.0_MUF1.0_PDF26419,pdf,8,1.52,1.74,0.6480627655982971,0.6481921076774597,1.0001995826423435,0.00019958264601882547,0.00019958264601882547,0.019958264601882547
Herwig_minus,181,MUR1.0_MUF1.0_PDF26419,pdf,9,1.74,1.95,0.6190352439880371,0.61906898021698,1.0000544980746582,5.449807576951571e-05,5.449807576951571e-05,0.005449807576951571
Herwig_minus,181,MUR1.0_MUF1.0_PDF26419,pdf,10,1.95,2.18,0.6013617515563965,0.6035701036453247,1.0036722523226873,0.003672252409160137,0.003672252409160137,0.3672252409160137
Herwig_minus,181,MUR1.0_MUF1.0_PDF26419,pdf,11,2.18,2.5,0.6056520938873291,0.6102632284164429,1.0076135038178726,0.007613503839820623,0.007613503839820623,0.7613503839820623
Herwig_minus,182,MUR1.0_MUF1.0_PDF26420,pdf,1,0.0,0.21,0.69124835729599,0.6899547576904297,0.9981286037183212,-0.0018713963218033314,0.0018713963218033314,-0.18713963218033314
Herwig_minus,182,MUR1.0_MUF1.0_PDF26420,pdf,2,0.21,0.42,0.6720393300056458,0.6718171834945679,0.9996694441810778,-0.0003305558057036251,0.0003305558057036251,-0.03305558057036251
Herwig_minus,182,MUR1.0_MUF1.0_PDF26420,pdf,3,0.42,0.63,0.6428124904632568,0.642656683921814,0.9997576174331482,-0.00024238256446551532,0.00024238256446551532,-0.02423825644655153
Herwig_minus,182,MUR1.0_MUF1.0_PDF26420,pdf,4,0.63,0.84,0.6500856876373291,0.650122880935669,1.0000572129167695,5.72129174543079e-05,5.72129174543079e-05,0.00572129174543079
Herwig_minus,182,MUR1.0_MUF1.0_PDF26420,pdf,5,0.84,1.05,0.6886215806007385,0.688632071018219,1.0000152339365713,1.5233936210279353e-05,1.5233936210279353e-05,0.0015233936210279353
Herwig_minus,182,MUR1.0_MUF1.0_PDF26420,pdf,6,1.05,1.37,0.6677588224411011,0.6681422591209412,1.000574214322528,0.0005742143257521093,0.0005742143257521093,0.05742143257521093
Herwig_minus,182,MUR1.0_MUF1.0_PDF26420,pdf,7,1.37,1.52,0.6296678781509399,0.632046103477478,1.0037769519600108,0.003776951925829053,0.003776951925829053,0.3776951925829053
Herwig_minus,182,MUR1.0_MUF1.0_PDF26420,pdf,8,1.52,1.74,0.6480627655982971,0.6485705375671387,1.0007835228249424,0.0007835228461772203,0.0007835228461772203,0.07835228461772203
Herwig_minus,182,MUR1.0_MUF1.0_PDF26420,pdf,9,1.74,1.95,0.6190352439880371,0.61915522813797,1.000193824424535,0.00019382442405913025,0.00019382442405913025,0.019382442405913025
Herwig_minus,182,MUR1.0_MUF1.0_PDF26420,pdf,10,1.95,2.18,0.6013617515563965,0.6029233932495117,1.0025968423982294,0.002596842357888818,0.002596842357888818,0.2596842357888818
Herwig_minus,182,MUR1.0_MUF1.0_PDF26420,pdf,11,2.18,2.5,0.6056520938873291,0.6076623797416687,1.0033192089561462,0.003319208975881338,0.003319208975881338,0.3319208975881338
Herwig_minus,183,MUR1.0_MUF1.0_PDF26421,pdf,1,0.0,0.21,0.69124835729599,0.6912370920181274,0.999983702995105,-1.629700454941485e-05,1.629700454941485e-05,-0.001629700454941485
Herwig_minus,183,MUR1.0_MUF1.0_PDF26421,pdf,2,0.21,0.42,0.6720393300056458,0.6722893714904785,1.0003720637672064,0.00037206377601251006,0.00037206377601251006,0.037206377601251006
Herwig_minus,183,MUR1.0_MUF1.0_PDF26421,pdf,3,0.42,0.63,0.6428124904632568,0.6426957249641418,0.9998183521620265,-0.00018164783250540495,0.00018164783250540495,-0.018164783250540495
Herwig_minus,183,MUR1.0_MUF1.0_PDF26421,pdf,4,0.63,0.84,0.6500856876373291,0.6495618224143982,0.9991941597347961,-0.0008058402454480529,0.0008058402454480529,-0.08058402454480529
Herwig_minus,183,MUR1.0_MUF1.0_PDF26421,pdf,5,0.84,1.05,0.6886215806007385,0.687749445438385,0.9987335059095989,-0.0012664940441027284,0.0012664940441027284,-0.12664940441027284
Herwig_minus,183,MUR1.0_MUF1.0_PDF26421,pdf,6,1.05,1.37,0.6677588224411011,0.6674463748931885,0.9995320952154996,-0.00046790478518232703,0.00046790478518232703,-0.0467904785182327
Herwig_minus,183,MUR1.0_MUF1.0_PDF26421,pdf,7,1.37,1.52,0.6296678781509399,0.6296452283859253,0.9999640290289523,-3.59709702024702e-05,3.59709702024702e-05,-0.00359709702024702
Herwig_minus,183,MUR1.0_MUF1.0_PDF26421,pdf,8,1.52,1.74,0.6480627655982971,0.6482614874839783,1.0003066398753795,0.00030663987854495645,0.00030663987854495645,0.030663987854495645
Herwig_minus,183,MUR1.0_MUF1.0_PDF26421,pdf,9,1.74,1.95,0.6190352439880371,0.6190807819366455,1.0000735627721533,7.356276910286397e-05,7.356276910286397e-05,0.007356276910286397
Herwig_minus,183,MUR1.0_MUF1.0_PDF26421,pdf,10,1.95,2.18,0.6013617515563965,0.6032123565673828,1.003077357358024,0.0030773573089390993,0.0030773573089390993,0.30773573089390993
Herwig_minus,183,MUR1.0_MUF1.0_PDF26421,pdf,11,2.18,2.5,0.6056520938873291,0.6092367768287659,1.0059187163350312,0.005918716546148062,0.005918716546148062,0.5918716546148062
Herwig_minus,184,MUR1.0_MUF1.0_PDF26422,pdf,1,0.0,0.21,0.69124835729599,0.6901225447654724,0.9983713342409644,-0.0016286657191812992,0.0016286657191812992,-0.16286657191812992
Herwig_minus,184,MUR1.0_MUF1.0_PDF26422,pdf,2,0.21,0.42,0.6720393300056458,0.6718725562095642,0.9997518392322662,-0.0002481607662048191,0.0002481607662048191,-0.02481607662048191
Herwig_minus,184,MUR1.0_MUF1.0_PDF26422,pdf,3,0.42,0.63,0.6428124904632568,0.6425735354423523,0.999628266369354,-0.0003717336221598089,0.0003717336221598089,-0.03717336221598089
Herwig_minus,184,MUR1.0_MUF1.0_PDF26422,pdf,4,0.63,0.84,0.6500856876373291,0.6498135924339294,0.9995814471713897,-0.00041855283780023456,0.00041855283780023456,-0.041855283780023456
Herwig_minus,184,MUR1.0_MUF1.0_PDF26422,pdf,5,0.84,1.05,0.6886215806007385,0.6882135272026062,0.9994074344899613,-0.0005925655132159591,0.0005925655132159591,-0.05925655132159591
Herwig_minus,184,MUR1.0_MUF1.0_PDF26422,pdf,6,1.05,1.37,0.6677588224411011,0.6678807735443115,1.0001826274683494,0.0001826274674385786,0.0001826274674385786,0.01826274674385786
Herwig_minus,184,MUR1.0_MUF1.0_PDF26422,pdf,7,1.37,1.52,0.6296678781509399,0.6314941644668579,1.002900396191848,0.002900396240875125,0.002900396240875125,0.2900396240875125
Herwig_minus,184,MUR1.0_MUF1.0_PDF26422,pdf,8,1.52,1.74,0.6480627655982971,0.6484924554824829,1.000663037450993,0.0006630374700762331,0.0006630374700762331,0.06630374700762331
Herwig_minus,184,MUR1.0_MUF1.0_PDF26422,pdf,9,1.74,1.95,0.6190352439880371,0.6191433668136597,1.0001746634406887,0.00017466343706473708,0.00017466343706473708,0.017466343706473708
Herwig_minus,184,MUR1.0_MUF1.0_PDF26422,pdf,10,1.95,2.18,0.6013617515563965,0.603426456451416,1.003433382468499,0.00343338237144053,0.00343338237144053,0.343338237144053
Herwig_minus,184,MUR1.0_MUF1.0_PDF26422,pdf,11,2.18,2.5,0.6056520938873291,0.6089986562728882,1.0055255524076199,0.005525552202016115,0.005525552202016115,0.5525552202016115
Herwig_minus,185,MUR1.0_MUF1.0_PDF26423,pdf,1,0.0,0.21,0.69124835729599,0.6906996965408325,0.9992062755023337,-0.0007937244954518974,0.0007937244954518974,-0.07937244954518974
Herwig_minus,185,MUR1.0_MUF1.0_PDF26423,pdf,2,0.21,0.42,0.6720393300056458,0.6720457077026367,1.000009490065099,9.490065167483408e-06,9.490065167483408e-06,0.0009490065167483408
Herwig_minus,185,MUR1.0_MUF1.0_PDF26423,pdf,3,0.42,0.63,0.6428124904632568,0.6426225900650024,0.9997045788607537,-0.00029542113770730793,0.00029542113770730793,-0.029542113770730793
Herwig_minus,185,MUR1.0_MUF1.0_PDF26423,pdf,4,0.63,0.84,0.6500856876373291,0.6497290134429932,0.9994513427981591,-0.000548657204490155,0.000548657204490155,-0.0548657204490155
Herwig_minus,185,MUR1.0_MUF1.0_PDF26423,pdf,5,0.84,1.05,0.6886215806007385,0.6880897283554077,0.999227656727129,-0.0007723432499915361,0.0007723432499915361,-0.07723432499915361
Herwig_minus,185,MUR1.0_MUF1.0_PDF26423,pdf,6,1.05,1.37,0.6677588224411011,0.6677475571632385,0.9999831297206656,-1.6870279068825766e-05,1.6870279068825766e-05,-0.0016870279068825766
Herwig_minus,185,MUR1.0_MUF1.0_PDF26423,pdf,7,1.37,1.52,0.6296678781509399,0.6304779052734375,1.0012864355172066,0.001286435523070395,0.001286435523070395,0.1286435523070395
Herwig_minus,185,MUR1.0_MUF1.0_PDF26423,pdf,8,1.52,1.74,0.6480627655982971,0.6484299898147583,1.0005666491518335,0.0005666491342708468,0.0005666491342708468,0.056664913427084684
Herwig_minus,185,MUR1.0_MUF1.0_PDF26423,pdf,9,1.74,1.95,0.6190352439880371,0.6191834807395935,1.0002394641549024,0.0002394641487626359,0.0002394641487626359,0.02394641487626359
Herwig_minus,185,MUR1.0_MUF1.0_PDF26423,pdf,10,1.95,2.18,0.6013617515563965,0.6030510067939758,1.002809050015581,0.002809050027281046,0.002809050027281046,0.2809050027281046
Herwig_minus,185,MUR1.0_MUF1.0_PDF26423,pdf,11,2.18,2.5,0.6056520938873291,0.6087269186973572,1.0050768829845738,0.005076882895082235,0.005076882895082235,0.5076882895082235
Herwig_minus,186,MUR1.0_MUF1.0_PDF26424,pdf,1,0.0,0.21,0.69124835729599,0.691003143787384,0.9996452599040305,-0.00035474009928293526,0.00035474009928293526,-0.035474009928293526
Herwig_minus,186,MUR1.0_MUF1.0_PDF26424,pdf,2,0.21,0.42,0.6720393300056458,0.6722587943077087,1.0003265646700485,0.00032656468101777136,0.00032656468101777136,0.032656468101777136
Herwig_minus,186,MUR1.0_MUF1.0_PDF26424,pdf,3,0.42,0.63,0.6428124904632568,0.6426902413368225,0.9998098214825505,-0.00019017851445823908,0.00019017851445823908,-0.019017851445823908
Herwig_minus,186,MUR1.0_MUF1.0_PDF26424,pdf,4,0.63,0.84,0.6500856876373291,0.6495550274848938,0.9991837073750017,-0.0008162926533259451,0.0008162926533259451,-0.08162926533259451
Herwig_minus,186,MUR1.0_MUF1.0_PDF26424,pdf,5,0.84,1.05,0.6886215806007385,0.6876937747001648,0.9986526621780218,-0.0013473378494381905,0.0013473378494381905,-0.13473378494381905
Herwig_minus,186,MUR1.0_MUF1.0_PDF26424,pdf,6,1.05,1.37,0.6677588224411011,0.6674129366874695,0.9994820199419199,-0.0005179800791665912,0.0005179800791665912,-0.05179800791665912
Herwig_minus,186,MUR1.0_MUF1.0_PDF26424,pdf,7,1.37,1.52,0.6296678781509399,0.6301341652870178,1.0007405287013325,0.0007405286887660623,0.0007405286887660623,0.07405286887660623
Herwig_minus,186,MUR1.0_MUF1.0_PDF26424,pdf,8,1.52,1.74,0.6480627655982971,0.6482312679290771,1.000260009276454,0.00026000928482972085,0.00026000928482972085,0.026000928482972085
Herwig_minus,186,MUR1.0_MUF1.0_PDF26424,pdf,9,1.74,1.95,0.6190352439880371,0.6189882159233093,0.9999240300690719,-7.596993236802518e-05,7.596993236802518e-05,-0.007596993236802518
Herwig_minus,186,MUR1.0_MUF1.0_PDF26424,pdf,10,1.95,2.18,0.6013617515563965,0.6035971641540527,1.0037172510421069,0.0037172511219978333,0.0037172511219978333,0.3717251121997833
Herwig_minus,186,MUR1.0_MUF1.0_PDF26424,pdf,11,2.18,2.5,0.6056520938873291,0.6096775531768799,1.0066464878602395,0.006646487861871719,0.006646487861871719,0.6646487861871719
Herwig_minus,187,MUR1.0_MUF1.0_PDF26425,pdf,1,0.0,0.21,0.69124835729599,0.6907926201820374,0.999340704235833,-0.0006592957652173936,0.0006592957652173936,-0.06592957652173936
Herwig_minus,187,MUR1.0_MUF1.0_PDF26425,pdf,2,0.21,0.42,0.6720393300056458,0.672142505645752,1.0001535261933336,0.0001535261981189251,0.0001535261981189251,0.01535261981189251
Herwig_minus,187,MUR1.0_MUF1.0_PDF26425,pdf,3,0.42,0.63,0.6428124904632568,0.642657995223999,0.9997596573782404,-0.00024034261878114194,0.00024034261878114194,-0.024034261878114194
Herwig_minus,187,MUR1.0_MUF1.0_PDF26425,pdf,4,0.63,0.84,0.6500856876373291,0.6496638059616089,0.9993510368190792,-0.0006489632069133222,0.0006489632069133222,-0.06489632069133222
Herwig_minus,187,MUR1.0_MUF1.0_PDF26425,pdf,5,0.84,1.05,0.6886215806007385,0.6879103183746338,0.9989671217891773,-0.001032878179103136,0.001032878179103136,-0.1032878179103136
Herwig_minus,187,MUR1.0_MUF1.0_PDF26425,pdf,6,1.05,1.37,0.6677588224411011,0.6676047444343567,0.9997692609942896,-0.0002307390095666051,0.0002307390095666051,-0.02307390095666051
Herwig_minus,187,MUR1.0_MUF1.0_PDF26425,pdf,7,1.37,1.52,0.6296678781509399,0.6304609179496765,1.0012594572889209,0.0012594573199748993,0.0012594573199748993,0.12594573199748993
Herwig_minus,187,MUR1.0_MUF1.0_PDF26425,pdf,8,1.52,1.74,0.6480627655982971,0.6483672261238098,1.0004698009848345,0.0004698009870480746,0.0004698009870480746,0.04698009870480746
Herwig_minus,187,MUR1.0_MUF1.0_PDF26425,pdf,9,1.74,1.95,0.6190352439880371,0.6190969944000244,1.0000997526596216,9.975265857065096e-05,9.975265857065096e-05,0.009975265857065096
Herwig_minus,187,MUR1.0_MUF1.0_PDF26425,pdf,10,1.95,2.18,0.6013617515563965,0.6034303307533264,1.0034398250164334,0.003439825028181076,0.003439825028181076,0.3439825028181076
Herwig_minus,187,MUR1.0_MUF1.0_PDF26425,pdf,11,2.18,2.5,0.6056520938873291,0.6092512011528015,1.0059425325228744,0.005942532327026129,0.005942532327026129,0.5942532327026129
Herwig_minus,188,MUR1.0_MUF1.0_PDF26426,pdf,1,0.0,0.21,0.69124835729599,0.6909060478210449,0.9995047952427921,-0.0004952047602273524,0.0004952047602273524,-0.04952047602273524
Herwig_minus,188,MUR1.0_MUF1.0_PDF26426,pdf,2,0.21,0.42,0.6720393300056458,0.6721227765083313,1.000124169076064,0.00012416907702572644,0.00012416907702572644,0.012416907702572644
Herwig_minus,188,MUR1.0_MUF1.0_PDF26426,pdf,3,0.42,0.63,0.6428124904632568,0.6426382660865784,0.999728965477082,-0.00027103451429866254,0.00027103451429866254,-0.027103451429866254
Herwig_minus,188,MUR1.0_MUF1.0_PDF26426,pdf,4,0.63,0.84,0.6500856876373291,0.6496441960334778,0.9993208716754619,-0.0006791283376514912,0.0006791283376514912,-0.06791283376514912
Herwig_minus,188,MUR1.0_MUF1.0_PDF26426,pdf,5,0.84,1.05,0.6886215806007385,0.6879492998123169,0.9990237297125728,-0.0009762702975422144,0.0009762702975422144,-0.09762702975422144
Herwig_minus,188,MUR1.0_MUF1.0_PDF26426,pdf,6,1.05,1.37,0.6677588224411011,0.6676167845726013,0.9997872916632078,-0.00021270834258757532,0.00021270834258757532,-0.02127083425875753
Herwig_minus,188,MUR1.0_MUF1.0_PDF26426,pdf,7,1.37,1.52,0.6296678781509399,0.6300756931304932,1.0006476667997593,0.0006476668058894575,0.0006476668058894575,0.06476668058894575
Herwig_minus,188,MUR1.0_MUF1.0_PDF26426,pdf,8,1.52,1.74,0.6480627655982971,0.648318886756897,1.0003952104212674,0.0003952104307245463,0.0003952104307245463,0.03952104307245463
Herwig_minus,188,MUR1.0_MUF1.0_PDF26426,pdf,9,1.74,1.95,0.6190352439880371,0.6191248297691345,1.000144718385532,0.00014471838949248195,0.00014471838949248195,0.014471838949248195
Herwig_minus,188,MUR1.0_MUF1.0_PDF26426,pdf,10,1.95,2.18,0.6013617515563965,0.6029959917068481,1.0027175658349106,0.00271756574511528,0.00271756574511528,0.271756574511528
Herwig_minus,188,MUR1.0_MUF1.0_PDF26426,pdf,11,2.18,2.5,0.6056520938873291,0.6089128255844116,1.0053838362485528,0.005383836105465889,0.005383836105465889,0.5383836105465889
Herwig_minus,189,MUR1.0_MUF1.0_PDF26427,pdf,1,0.0,0.21,0.69124835729599,0.6910966634750366,0.9997805509129212,-0.0002194490807596594,0.0002194490807596594,-0.02194490807596594
Herwig_minus,189,MUR1.0_MUF1.0_PDF26427,pdf,2,0.21,0.42,0.6720393300056458,0.672296941280365,1.0003833276762493,0.0003833276859950274,0.0003833276859950274,0.03833276859950274
Herwig_minus,189,MUR1.0_MUF1.0_PDF26427,pdf,3,0.42,0.63,0.6428124904632568,0.6428304314613342,1.0000279101578509,2.7910158678423613e-05,2.7910158678423613e-05,0.0027910158678423613
Herwig_minus,189,MUR1.0_MUF1.0_PDF26427,pdf,4,0.63,0.84,0.6500856876373291,0.649927020072937,0.9997559282300634,-0.00024407176533713937,0.00024407176533713937,-0.024407176533713937
Herwig_minus,189,MUR1.0_MUF1.0_PDF26427,pdf,5,0.84,1.05,0.6886215806007385,0.6881808638572693,0.9993600015510917,-0.0006399984704330564,0.0006399984704330564,-0.06399984704330564
Herwig_minus,189,MUR1.0_MUF1.0_PDF26427,pdf,6,1.05,1.37,0.6677588224411011,0.6677209734916687,0.9999433194318661,-5.668056837748736e-05,5.668056837748736e-05,-0.005668056837748736
Herwig_minus,189,MUR1.0_MUF1.0_PDF26427,pdf,7,1.37,1.52,0.6296678781509399,0.6304857730865479,1.0012989306966233,0.0012989307288080454,0.0012989307288080454,0.12989307288080454
Herwig_minus,189,MUR1.0_MUF1.0_PDF26427,pdf,8,1.52,1.74,0.6480627655982971,0.6484062075614929,1.0005299516982413,0.0005299517069943249,0.0005299517069943249,0.05299517069943249
Herwig_minus,189,MUR1.0_MUF1.0_PDF26427,pdf,9,1.74,1.95,0.6190352439880371,0.6191385388374329,1.000166864246259,0.0001668642507866025,0.0001668642507866025,0.01668642507866025
Herwig_minus,189,MUR1.0_MUF1.0_PDF26427,pdf,10,1.95,2.18,0.6013617515563965,0.6032201051712036,1.0030902424538932,0.003090242389589548,0.003090242389589548,0.3090242389589548
Herwig_minus,189,MUR1.0_MUF1.0_PDF26427,pdf,11,2.18,2.5,0.6056520938873291,0.6085394024848938,1.0047672725426122,0.004767272621393204,0.004767272621393204,0.4767272621393204
Herwig_minus,190,MUR1.0_MUF1.0_PDF26428,pdf,1,0.0,0.21,0.69124835729599,0.6906837224960327,0.9991831665218475,-0.0008168334607034922,0.0008168334607034922,-0.08168334607034922
Herwig_minus,190,MUR1.0_MUF1.0_PDF26428,pdf,2,0.21,0.42,0.6720393300056458,0.6720474362373352,1.0000120621388175,1.2062138921464793e-05,1.2062138921464793e-05,0.0012062138921464793
Herwig_minus,190,MUR1.0_MUF1.0_PDF26428,pdf,3,0.42,0.63,0.6428124904632568,0.6425509452819824,0.9995931236789037,-0.0004068763228133321,0.0004068763228133321,-0.04068763228133321
Herwig_minus,190,MUR1.0_MUF1.0_PDF26428,pdf,4,0.63,0.84,0.6500856876373291,0.6495117545127869,0.9991171423468371,-0.0008828576537780464,0.0008828576537780464,-0.08828576537780464
Herwig_minus,190,MUR1.0_MUF1.0_PDF26428,pdf,5,0.84,1.05,0.6886215806007385,0.6877803802490234,0.9987784287111925,-0.0012215712340548635,0.0012215712340548635,-0.12215712340548635
Herwig_minus,190,MUR1.0_MUF1.0_PDF26428,pdf,6,1.05,1.37,0.6677588224411011,0.6675487160682678,0.999685355901304,-0.0003146441013086587,0.0003146441013086587,-0.03146441013086587
Herwig_minus,190,MUR1.0_MUF1.0_PDF26428,pdf,7,1.37,1.52,0.6296678781509399,0.6302669048309326,1.0009513375237622,0.0009513375116512179,0.0009513375116512179,0.0951337511651218
Herwig_minus,190,MUR1.0_MUF1.0_PDF26428,pdf,8,1.52,1.74,0.6480627655982971,0.6483157873153687,1.0003904277957367,0.00039042779826559126,0.00039042779826559126,0.039042779826559126
Herwig_minus,190,MUR1.0_MUF1.0_PDF26428,pdf,9,1.74,1.95,0.6190352439880371,0.61909419298172,1.0000952272011252,9.522720210952684e-05,9.522720210952684e-05,0.009522720210952684
Herwig_minus,190,MUR1.0_MUF1.0_PDF26428,pdf,10,1.95,2.18,0.6013617515563965,0.6033499836921692,1.0033062164838833,0.003306216560304165,0.003306216560304165,0.3306216560304165
Herwig_minus,190,MUR1.0_MUF1.0_PDF26428,pdf,11,2.18,2.5,0.6056520938873291,0.6096128821372986,1.0065397086709427,0.006539708469063044,0.006539708469063044,0.6539708469063044
Herwig_minus,191,MUR1.0_MUF1.0_PDF26429,pdf,1,0.0,0.21,0.69124835729599,0.6915110349655151,1.0003800047649338,0.00038000475615262985,0.00038000475615262985,0.038000475615262985
Herwig_minus,191,MUR1.0_MUF1.0_PDF26429,pdf,2,0.21,0.42,0.6720393300056458,0.6724724769592285,1.0006445261969699,0.0006445262115448713,0.0006445262115448713,0.06445262115448713
Herwig_minus,191,MUR1.0_MUF1.0_PDF26429,pdf,3,0.42,0.63,0.6428124904632568,0.642959475517273,1.0002286592998686,0.00022865929349791259,0.00022865929349791259,0.02286592934979126
Herwig_minus,191,MUR1.0_MUF1.0_PDF26429,pdf,4,0.63,0.84,0.6500856876373291,0.6500420570373535,0.9999328848476358,-6.711515015922487e-05,6.711515015922487e-05,-0.006711515015922487
Herwig_minus,191,MUR1.0_MUF1.0_PDF26429,pdf,5,0.84,1.05,0.6886215806007385,0.688266932964325,0.9994849890761422,-0.0005150109063833952,0.0005150109063833952,-0.05150109063833952
Herwig_minus,191,MUR1.0_MUF1.0_PDF26429,pdf,6,1.05,1.37,0.6677588224411011,0.6677058339118958,0.9999206472046126,-7.935279427329078e-05,7.935279427329078e-05,-0.007935279427329078
Herwig_minus,191,MUR1.0_MUF1.0_PDF26429,pdf,7,1.37,1.52,0.6296678781509399,0.6300841569900513,1.0006611085836772,0.0006611085846088827,0.0006611085846088827,0.06611085846088827
Herwig_minus,191,MUR1.0_MUF1.0_PDF26429,pdf,8,1.52,1.74,0.6480627655982971,0.6483919620513916,1.0005079700155133,0.0005079699913039804,0.0005079699913039804,0.050796999130398035
Herwig_minus,191,MUR1.0_MUF1.0_PDF26429,pdf,9,1.74,1.95,0.6190352439880371,0.6191584467887878,1.0001990238874883,0.00019902388157788664,0.00019902388157788664,0.019902388157788664
Herwig_minus,191,MUR1.0_MUF1.0_PDF26429,pdf,10,1.95,2.18,0.6013617515563965,0.6029680371284485,1.0026710803736598,0.002671080408617854,0.002671080408617854,0.2671080408617854
Herwig_minus,191,MUR1.0_MUF1.0_PDF26429,pdf,11,2.18,2.5,0.6056520938873291,0.6079968810081482,1.00387150832051,0.0038715084083378315,0.0038715084083378315,0.38715084083378315
Herwig_minus,192,MUR1.0_MUF1.0_PDF26430,pdf,1,0.0,0.21,0.69124835729599,0.6901644468307495,0.9984319522009709,-0.001568047795444727,0.001568047795444727,-0.1568047795444727
Herwig_minus,192,MUR1.0_MUF1.0_PDF26430,pdf,2,0.21,0.42,0.6720393300056458,0.6718120574951172,0.9996618166521196,-0.00033818333758972585,0.00033818333758972585,-0.033818333758972585
Herwig_minus,192,MUR1.0_MUF1.0_PDF26430,pdf,3,0.42,0.63,0.6428124904632568,0.6423583626747131,0.9992935299246963,-0.0007064700475893915,0.0007064700475893915,-0.07064700475893915
Herwig_minus,192,MUR1.0_MUF1.0_PDF26430,pdf,4,0.63,0.84,0.6500856876373291,0.6492874622344971,0.9987721227862544,-0.0012278772192075849,0.0012278772192075849,-0.12278772192075849
Herwig_minus,192,MUR1.0_MUF1.0_PDF26430,pdf,5,0.84,1.05,0.6886215806007385,0.6875905394554138,0.9985027463931275,-0.0014972536591812968,0.0014972536591812968,-0.14972536591812968
Herwig_minus,192,MUR1.0_MUF1.0_PDF26430,pdf,6,1.05,1.37,0.6677588224411011,0.6675047278404236,0.9996194814772367,-0.00038051852607168257,0.00038051852607168257,-0.03805185260716826
Herwig_minus,192,MUR1.0_MUF1.0_PDF26430,pdf,7,1.37,1.52,0.6296678781509399,0.6306008696556091,1.0014817200258157,0.0014817200135439634,0.0014817200135439634,0.14817200135439634
Herwig_minus,192,MUR1.0_MUF1.0_PDF26430,pdf,8,1.52,1.74,0.6480627655982971,0.6482760310173035,1.0003290814259471,0.0003290814347565174,0.0003290814347565174,0.03290814347565174
Herwig_minus,192,MUR1.0_MUF1.0_PDF26430,pdf,9,1.74,1.95,0.6190352439880371,0.6190444231033325,1.0000148280980519,1.482809784647543e-05,1.482809784647543e-05,0.001482809784647543
Herwig_minus,192,MUR1.0_MUF1.0_PDF26430,pdf,10,1.95,2.18,0.6013617515563965,0.6035795211791992,1.0036879126699743,0.0036879125982522964,0.0036879125982522964,0.36879125982522964
Herwig_minus,192,MUR1.0_MUF1.0_PDF26430,pdf,11,2.18,2.5,0.6056520938873291,0.6103531122207642,1.0077619121288957,0.007761911954730749,0.007761911954730749,0.7761911954730749
Herwig_minus,193,MUR1.0_MUF1.0_PDF26431,pdf,1,0.0,0.21,0.69124835729599,0.6910128593444824,0.9996593149929082,-0.0003406850155442953,0.0003406850155442953,-0.03406850155442953
Herwig_minus,193,MUR1.0_MUF1.0_PDF26431,pdf,2,0.21,0.42,0.6720393300056458,0.6722277402877808,1.0002803560353133,0.0002803560346364975,0.0002803560346364975,0.02803560346364975
Herwig_minus,193,MUR1.0_MUF1.0_PDF26431,pdf,3,0.42,0.63,0.6428124904632568,0.6427316665649414,0.9998742652025053,-0.00012573479034472257,0.00012573479034472257,-0.012573479034472257
Herwig_minus,193,MUR1.0_MUF1.0_PDF26431,pdf,4,0.63,0.84,0.6500856876373291,0.6497476696968079,0.9994800409439104,-0.0005199590814299881,0.0005199590814299881,-0.051995908142998815
Herwig_minus,193,MUR1.0_MUF1.0_PDF26431,pdf,5,0.84,1.05,0.6886215806007385,0.6880013346672058,0.9990992935002245,-0.0009007065091282129,0.0009007065091282129,-0.09007065091282129
Herwig_minus,193,MUR1.0_MUF1.0_PDF26431,pdf,6,1.05,1.37,0.6677588224411011,0.667626678943634,0.9998021089455861,-0.00019789105863310397,0.00019789105863310397,-0.019789105863310397
Herwig_minus,193,MUR1.0_MUF1.0_PDF26431,pdf,7,1.37,1.52,0.6296678781509399,0.63025963306427,1.0009397889488467,0.0009397889371030033,0.0009397889371030033,0.09397889371030033
Herwig_minus,193,MUR1.0_MUF1.0_PDF26431,pdf,8,1.52,1.74,0.6480627655982971,0.6483654379844666,1.0004670417777977,0.0004670417692977935,0.0004670417692977935,0.04670417692977935
Herwig_minus,193,MUR1.0_MUF1.0_PDF26431,pdf,9,1.74,1.95,0.6190352439880371,0.6191220283508301,1.0001401929270357,0.00014019293303135782,0.00014019293303135782,0.014019293303135782
Herwig_minus,193,MUR1.0_MUF1.0_PDF26431,pdf,10,1.95,2.18,0.6013617515563965,0.6032613515853882,1.0031588308103654,0.0031588308047503233,0.0031588308047503233,0.31588308047503233
Herwig_minus,193,MUR1.0_MUF1.0_PDF26431,pdf,11,2.18,2.5,0.6056520938873291,0.6089180707931519,1.005392496680496,0.005392496474087238,0.005392496474087238,0.5392496474087238
Herwig_minus,194,MUR1.0_MUF1.0_PDF26432,pdf,1,0.0,0.21,0.69124835729599,0.6905990839004517,0.9990607234162868,-0.0009392765932716429,0.0009392765932716429,-0.09392765932716429
Herwig_minus,194,MUR1.0_MUF1.0_PDF26432,pdf,2,0.21,0.42,0.6720393300056458,0.6720218062400818,0.9999739244940266,-2.6075505957123823e-05,2.6075505957123823e-05,-0.0026075505957123823
Herwig_minus,194,MUR1.0_MUF1.0_PDF26432,pdf,3,0.42,0.63,0.6428124904632568,0.6425520777702332,0.9995948854496651,-0.00040511455154046416,0.00040511455154046416,-0.040511455154046416
Herwig_minus,194,MUR1.0_MUF1.0_PDF26432,pdf,4,0.63,0.84,0.6500856876373291,0.6495435833930969,0.9991661034006111,-0.0008338965708389878,0.0008338965708389878,-0.08338965708389878
Herwig_minus,194,MUR1.0_MUF1.0_PDF26432,pdf,5,0.84,1.05,0.6886215806007385,0.6878278851509094,0.9988474142080521,-0.0011525858426466584,0.0011525858426466584,-0.11525858426466584
Herwig_minus,194,MUR1.0_MUF1.0_PDF26432,pdf,6,1.05,1.37,0.6677588224411011,0.6675835847854614,0.999737573432577,-0.0002624265616759658,0.0002624265616759658,-0.02624265616759658
Herwig_minus,194,MUR1.0_MUF1.0_PDF26432,pdf,7,1.37,1.52,0.6296678781509399,0.6304325461387634,1.0012143989146611,0.001214398886077106,0.001214398886077106,0.1214398886077106
Herwig_minus,194,MUR1.0_MUF1.0_PDF26432,pdf,8,1.52,1.74,0.6480627655982971,0.6483253240585327,1.0004051435666006,0.0004051435680594295,0.0004051435680594295,0.04051435680594295
Herwig_minus,194,MUR1.0_MUF1.0_PDF26432,pdf,9,1.74,1.95,0.6190352439880371,0.6190817356109619,1.0000751033537691,7.510335126426071e-05,7.510335126426071e-05,0.007510335126426071
Herwig_minus,194,MUR1.0_MUF1.0_PDF26432,pdf,10,1.95,2.18,0.6013617515563965,0.6033267974853516,1.0032676603123982,0.0032676602713763714,0.0032676602713763714,0.32676602713763714
Herwig_minus,194,MUR1.0_MUF1.0_PDF26432,pdf,11,2.18,2.5,0.6056520938873291,0.609443724155426,1.0062604097407815,0.006260409951210022,0.006260409951210022,0.6260409951210022
Herwig_minus,195,MUR1.0_MUF1.0_PDF26433,pdf,1,0.0,0.21,0.69124835729599,0.690831184387207,0.9993964934536483,-0.0006035065744072199,0.0006035065744072199,-0.06035065744072199
Herwig_minus,195,MUR1.0_MUF1.0_PDF26433,pdf,2,0.21,0.42,0.6720393300056458,0.672135055065155,1.0001424396686849,0.0001424396614311263,0.0001424396614311263,0.01424396614311263
Herwig_minus,195,MUR1.0_MUF1.0_PDF26433,pdf,3,0.42,0.63,0.6428124904632568,0.6426588296890259,0.9997609555251171,-0.0002390444715274498,0.0002390444715274498,-0.02390444715274498
Herwig_minus,195,MUR1.0_MUF1.0_PDF26433,pdf,4,0.63,0.84,0.6500856876373291,0.6496837139129639,0.9993816603995296,-0.0006183395744301379,0.0006183395744301379,-0.06183395744301379
Herwig_minus,195,MUR1.0_MUF1.0_PDF26433,pdf,5,0.84,1.05,0.6886215806007385,0.6879571676254272,0.9990351551650013,-0.0009648448321968317,0.0009648448321968317,-0.09648448321968317
Herwig_minus,195,MUR1.0_MUF1.0_PDF26433,pdf,6,1.05,1.37,0.6677588224411011,0.6676343083381653,0.9998135343199501,-0.00018646568059921265,0.00018646568059921265,-0.018646568059921265
Herwig_minus,195,MUR1.0_MUF1.0_PDF26433,pdf,7,1.37,1.52,0.6296678781509399,0.630372166633606,1.001118507878684,0.0011185079347342253,0.0011185079347342253,0.11185079347342253
Herwig_minus,195,MUR1.0_MUF1.0_PDF26433,pdf,8,1.52,1.74,0.6480627655982971,0.6483671069145203,1.0004696170376988,0.00046961705083958805,0.00046961705083958805,0.046961705083958805
Herwig_minus,195,MUR1.0_MUF1.0_PDF26433,pdf,9,1.74,1.95,0.6190352439880371,0.6191146969795227,1.0001283497058644,0.00012834971130359918,0.00012834971130359918,0.012834971130359918
Herwig_minus,195,MUR1.0_MUF1.0_PDF26433,pdf,10,1.95,2.18,0.6013617515563965,0.6032525897026062,1.0031442607404213,0.0031442607287317514,0.0031442607287317514,0.31442607287317514
Herwig_minus,195,MUR1.0_MUF1.0_PDF26433,pdf,11,2.18,2.5,0.6056520938873291,0.6090314388275146,1.0055796801072634,0.0055796802043914795,0.0055796802043914795,0.557968020439148
Herwig_minus,196,MUR1.0_MUF1.0_PDF26434,pdf,1,0.0,0.21,0.69124835729599,0.6908323168754578,0.9993981317768917,-0.0006018682033754885,0.0006018682033754885,-0.06018682033754885
Herwig_minus,196,MUR1.0_MUF1.0_PDF26434,pdf,2,0.21,0.42,0.6720393300056458,0.6721393465995789,1.0001488255068827,0.00014882550749462098,0.00014882550749462098,0.014882550749462098
Herwig_minus,196,MUR1.0_MUF1.0_PDF26434,pdf,3,0.42,0.63,0.6428124904632568,0.6426427364349365,0.9997359198353505,-0.000264080154011026,0.000264080154011026,-0.026408015401102602
Herwig_minus,196,MUR1.0_MUF1.0_PDF26434,pdf,4,0.63,0.84,0.6500856876373291,0.6496245861053467,0.9992907065318447,-0.0007092934683896601,0.0007092934683896601,-0.07092934683896601
Herwig_minus,196,MUR1.0_MUF1.0_PDF26434,pdf,5,0.84,1.05,0.6886215806007385,0.6878767013549805,0.9989183039469831,-0.0010816960129886866,0.0010816960129886866,-0.10816960129886866
Herwig_minus,196,MUR1.0_MUF1.0_PDF26434,pdf,6,1.05,1.37,0.6677588224411011,0.6675701141357422,0.9997174005059656,-0.0002825995034072548,0.0002825995034072548,-0.02825995034072548
Herwig_minus,196,MUR1.0_MUF1.0_PDF26434,pdf,7,1.37,1.52,0.6296678781509399,0.6302940249443054,1.0009944080285693,0.0009944080375134945,0.0009944080375134945,0.09944080375134945
Herwig_minus,196,MUR1.0_MUF1.0_PDF26434,pdf,8,1.52,1.74,0.6480627655982971,0.6483250260353088,1.0004046836987612,0.0004046836984343827,0.0004046836984343827,0.04046836984343827
Herwig_minus,196,MUR1.0_MUF1.0_PDF26434,pdf,9,1.74,1.95,0.6190352439880371,0.6190943717956543,1.000095516060178,9.551605762680992e-05,9.551605762680992e-05,0.009551605762680992
Herwig_minus,196,MUR1.0_MUF1.0_PDF26434,pdf,10,1.95,2.18,0.6013617515563965,0.6033629775047302,1.0033278237984946,0.0033278237096965313,0.0033278237096965313,0.33278237096965313
Herwig_minus,196,MUR1.0_MUF1.0_PDF26434,pdf,11,2.18,2.5,0.6056520938873291,0.6093564629554749,1.00611633164573,0.006116331554949284,0.006116331554949284,0.6116331554949284
Herwig_minus,197,MUR1.0_MUF1.0_PDF26435,pdf,1,0.0,0.21,0.69124835729599,0.6907551884651184,0.999286553341261,-0.0007134466432034969,0.0007134466432034969,-0.0713446643203497
Herwig_minus,197,MUR1.0_MUF1.0_PDF26435,pdf,2,0.21,0.42,0.6720393300056458,0.6721193790435791,1.0001191136208243,0.00011911361798411235,0.00011911361798411235,0.011911361798411235
Herwig_minus,197,MUR1.0_MUF1.0_PDF26435,pdf,3,0.42,0.63,0.6428124904632568,0.6426547169685364,0.9997545575155101,-0.0002454424975439906,0.0002454424975439906,-0.02454424975439906
Herwig_minus,197,MUR1.0_MUF1.0_PDF26435,pdf,4,0.63,0.84,0.6500856876373291,0.6496850848197937,0.9993837692089618,-0.0006162307690829039,0.0006162307690829039,-0.061623076908290386
Herwig_minus,197,MUR1.0_MUF1.0_PDF26435,pdf,5,0.84,1.05,0.6886215806007385,0.687959611415863,0.9990387039797707,-0.0009612960275262594,0.0009612960275262594,-0.09612960275262594
Herwig_minus,197,MUR1.0_MUF1.0_PDF26435,pdf,6,1.05,1.37,0.6677588224411011,0.6676331162452698,0.9998117491052058,-0.00018825089500751346,0.00018825089500751346,-0.018825089500751346
Herwig_minus,197,MUR1.0_MUF1.0_PDF26435,pdf,7,1.37,1.52,0.6296678781509399,0.6304855346679688,1.0012985520548228,0.0012985520297661424,0.0012985520297661424,0.12985520297661424
Herwig_minus,197,MUR1.0_MUF1.0_PDF26435,pdf,8,1.52,1.74,0.6480627655982971,0.6483662128448486,1.0004682374341802,0.0004682374419644475,0.0004682374419644475,0.04682374419644475
Herwig_minus,197,MUR1.0_MUF1.0_PDF26435,pdf,9,1.74,1.95,0.6190352439880371,0.6191017627716064,1.0001074555677005,0.00010745556937763467,0.00010745556937763467,0.010745556937763467
Herwig_minus,197,MUR1.0_MUF1.0_PDF26435,pdf,10,1.95,2.18,0.6013617515563965,0.6033395528793335,1.0032888711625212,0.003288871143013239,0.003288871143013239,0.3288871143013239
Herwig_minus,197,MUR1.0_MUF1.0_PDF26435,pdf,11,2.18,2.5,0.6056520938873291,0.6091002821922302,1.005693348276515,0.005693348124623299,0.005693348124623299,0.5693348124623299
Herwig_minus,198,MUR1.0_MUF1.0_PDF26436,pdf,1,0.0,0.21,0.69124835729599,0.6908824443817139,0.9994706491372978,-0.0005293508875183761,0.0005293508875183761,-0.05293508875183761
Herwig_minus,198,MUR1.0_MUF1.0_PDF26436,pdf,2,0.21,0.42,0.6720393300056458,0.6721478700637817,1.0001615084910804,0.00016150849114637822,0.00016150849114637822,0.016150849114637822
Herwig_minus,198,MUR1.0_MUF1.0_PDF26436,pdf,3,0.42,0.63,0.6428124904632568,0.6426465511322021,0.999741854221073,-0.0002581457665655762,0.0002581457665655762,-0.02581457665655762
Herwig_minus,198,MUR1.0_MUF1.0_PDF26436,pdf,4,0.63,0.84,0.6500856876373291,0.6496307849884033,0.999300242017973,-0.0006997580057941377,0.0006997580057941377,-0.06997580057941377
Herwig_minus,198,MUR1.0_MUF1.0_PDF26436,pdf,5,0.84,1.05,0.6886215806007385,0.6878902912139893,0.9989380388193595,-0.0010619611712172627,0.0010619611712172627,-0.10619611712172627
Herwig_minus,198,MUR1.0_MUF1.0_PDF26436,pdf,6,1.05,1.37,0.6677588224411011,0.6675847768783569,0.9997393586473213,-0.0002606413618195802,0.0002606413618195802,-0.02606413618195802
Herwig_minus,198,MUR1.0_MUF1.0_PDF26436,pdf,7,1.37,1.52,0.6296678781509399,0.6302178502082825,1.0008734319733088,0.0008734319708310068,0.0008734319708310068,0.08734319708310068
Herwig_minus,198,MUR1.0_MUF1.0_PDF26436,pdf,8,1.52,1.74,0.6480627655982971,0.6483364701271057,1.000422342623798,0.0004223426221869886,0.0004223426221869886,0.04223426221869886
Herwig_minus,198,MUR1.0_MUF1.0_PDF26436,pdf,9,1.74,1.95,0.6190352439880371,0.6191073656082153,1.000116506484693,0.00011650648229988292,0.00011650648229988292,0.011650648229988292
Herwig_minus,198,MUR1.0_MUF1.0_PDF26436,pdf,10,1.95,2.18,0.6013617515563965,0.6032546162605286,1.0031476306885716,0.0031476307194679976,0.0031476307194679976,0.31476307194679976
Herwig_minus,198,MUR1.0_MUF1.0_PDF26436,pdf,11,2.18,2.5,0.6056520938873291,0.6091833710670471,1.0058305373916117,0.005830537527799606,0.005830537527799606,0.5830537527799606
Herwig_minus,199,MUR1.0_MUF1.0_PDF26437,pdf,1,0.0,0.21,0.69124835729599,0.6909505128860474,0.9995691209869811,-0.00043087900849059224,0.00043087900849059224,-0.043087900849059224
Herwig_minus,199,MUR1.0_MUF1.0_PDF26437,pdf,2,0.21,0.42,0.6720393300056458,0.6721956133842468,1.0002325509410286,0.0002325509412912652,0.0002325509412912652,0.02325509412912652
Herwig_minus,199,MUR1.0_MUF1.0_PDF26437,pdf,3,0.42,0.63,0.6428124904632568,0.6427120566368103,0.9998437587509008,-0.0001562412508064881,0.0001562412508064881,-0.01562412508064881
Herwig_minus,199,MUR1.0_MUF1.0_PDF26437,pdf,4,0.63,0.84,0.6500856876373291,0.649749755859375,0.9994832500017421,-0.0005167499766685069,0.0005167499766685069,-0.051674997666850686
Herwig_minus,199,MUR1.0_MUF1.0_PDF26437,pdf,5,0.84,1.05,0.6886215806007385,0.6880180835723877,0.9991236158648639,-0.000876384146977216,0.000876384146977216,-0.0876384146977216
Herwig_minus,199,MUR1.0_MUF1.0_PDF26437,pdf,6,1.05,1.37,0.6677588224411011,0.6676510572433472,0.9998386165871086,-0.0001613834174349904,0.0001613834174349904,-0.01613834174349904
Herwig_minus,199,MUR1.0_MUF1.0_PDF26437,pdf,7,1.37,1.52,0.6296678781509399,0.6303143501281738,1.0010266872420621,0.0010266872122883797,0.0010266872122883797,0.10266872122883797
Herwig_minus,199,MUR1.0_MUF1.0_PDF26437,pdf,8,1.52,1.74,0.6480627655982971,0.6483698487281799,1.0004738478218222,0.0004738478164654225,0.0004738478164654225,0.04738478164654225
Herwig_minus,199,MUR1.0_MUF1.0_PDF26437,pdf,9,1.74,1.95,0.6190352439880371,0.6191290616989136,1.0001515547164521,0.00015155471919570118,0.00015155471919570118,0.015155471919570118
Herwig_minus,199,MUR1.0_MUF1.0_PDF26437,pdf,10,1.95,2.18,0.6013617515563965,0.6032000184059143,1.0030568403207556,0.0030568402726203203,0.0030568402726203203,0.30568402726203203
Herwig_minus,199,MUR1.0_MUF1.0_PDF26437,pdf,11,2.18,2.5,0.6056520938873291,0.6088536381721497,1.0052861111471962,0.005286111030727625,0.005286111030727625,0.5286111030727625
Herwig_minus,200,MUR1.0_MUF1.0_PDF26438,pdf,1,0.0,0.21,0.69124835729599,0.690731406211853,0.9992521485531494,-0.0007478514453396201,0.0007478514453396201,-0.07478514453396201
Herwig_minus,200,MUR1.0_MUF1.0_PDF26438,pdf,2,0.21,0.42,0.6720393300056458,0.6720916032791138,1.0000777830569345,7.778305734973401e-05,7.778305734973401e-05,0.007778305734973401
Herwig_minus,200,MUR1.0_MUF1.0_PDF26438,pdf,3,0.42,0.63,0.6428124904632568,0.6426045298576355,0.9996764832533489,-0.00032351675326935947,0.00032351675326935947,-0.03235167532693595
Herwig_minus,200,MUR1.0_MUF1.0_PDF26438,pdf,4,0.63,0.84,0.6500856876373291,0.6495859622955322,0.9992312931182763,-0.00076870690099895,0.00076870690099895,-0.076870690099895
Herwig_minus,200,MUR1.0_MUF1.0_PDF26438,pdf,5,0.84,1.05,0.6886215806007385,0.6878488659858704,0.9988778820811947,-0.0011221179738640785,0.0011221179738640785,-0.11221179738640785
Herwig_minus,200,MUR1.0_MUF1.0_PDF26438,pdf,6,1.05,1.37,0.6677588224411011,0.6675785779953003,0.9997300755306506,-0.00026992446510121226,0.00026992446510121226,-0.026992446510121226
Herwig_minus,200,MUR1.0_MUF1.0_PDF26438,pdf,7,1.37,1.52,0.6296678781509399,0.6303622722625732,1.001102794243963,0.0011027941945940256,0.0011027941945940256,0.11027941945940256
Herwig_minus,200,MUR1.0_MUF1.0_PDF26438,pdf,8,1.52,1.74,0.6480627655982971,0.6483368873596191,1.0004229864387733,0.000422986428020522,0.000422986428020522,0.0422986428020522
Herwig_minus,200,MUR1.0_MUF1.0_PDF26438,pdf,9,1.74,1.95,0.6190352439880371,0.6190914511680603,1.00009079802898,9.079802839551121e-05,9.079802839551121e-05,0.009079802839551121
Herwig_minus,200,MUR1.0_MUF1.0_PDF26438,pdf,10,1.95,2.18,0.6013617515563965,0.6033700704574585,1.003339618617021,0.0033396186772733927,0.0033396186772733927,0.33396186772733927
Herwig_minus,200,MUR1.0_MUF1.0_PDF26438,pdf,11,2.18,2.5,0.6056520938873291,0.6093946695327759,1.0061794150193146,0.00617941515520215,0.00617941515520215,0.617941515520215
Herwig_minus,201,MUR1.0_MUF1.0_PDF26439,pdf,1,0.0,0.21,0.69124835729599,0.6895889043807983,0.9975993390831581,-0.002400660887360573,0.002400660887360573,-0.24006608873605728
Herwig_minus,201,MUR1.0_MUF1.0_PDF26439,pdf,2,0.21,0.42,0.6720393300056458,0.6718952655792236,0.999785630959395,-0.000214369036257267,0.000214369036257267,-0.0214369036257267
Herwig_minus,201,MUR1.0_MUF1.0_PDF26439,pdf,3,0.42,0.63,0.6428124904632568,0.6425216197967529,0.9995475030886624,-0.0004524968971963972,0.0004524968971963972,-0.04524968971963972
Herwig_minus,201,MUR1.0_MUF1.0_PDF26439,pdf,4,0.63,0.84,0.6500856876373291,0.6493116617202759,0.9988093478571012,-0.0011906521394848824,0.0011906521394848824,-0.11906521394848824
Herwig_minus,201,MUR1.0_MUF1.0_PDF26439,pdf,5,0.84,1.05,0.6886215806007385,0.6873328685760498,0.9981285628260961,-0.0018714371835812926,0.0018714371835812926,-0.18714371835812926
Herwig_minus,201,MUR1.0_MUF1.0_PDF26439,pdf,6,1.05,1.37,0.6677588224411011,0.6671890020370483,0.9991466673521892,-0.0008533326326869428,0.0008533326326869428,-0.08533326326869428
Herwig_minus,201,MUR1.0_MUF1.0_PDF26439,pdf,7,1.37,1.52,0.6296678781509399,0.632260799407959,1.0041179189013631,0.004117919132113457,0.004117919132113457,0.4117919132113457
Herwig_minus,201,MUR1.0_MUF1.0_PDF26439,pdf,8,1.52,1.74,0.6480627655982971,0.6479548215866089,0.9998334358685326,-0.00016656413208693266,0.00016656413208693266,-0.016656413208693266
Herwig_minus,201,MUR1.0_MUF1.0_PDF26439,pdf,9,1.74,1.95,0.6190352439880371,0.6185440421104431,0.9992065041815237,-0.0007934957975521684,0.0007934957975521684,-0.07934957975521684
Herwig_minus,201,MUR1.0_MUF1.0_PDF26439,pdf,10,1.95,2.18,0.6013617515563965,0.6054664254188538,1.0068256317463389,0.006825631950050592,0.006825631950050592,0.6825631950050592
Herwig_minus,201,MUR1.0_MUF1.0_PDF26439,pdf,11,2.18,2.5,0.6056520938873291,0.6128109097480774,1.011820013392177,0.011820013634860516,0.011820013634860516,1.1820013634860516
Herwig_minus,202,MUR1.0_MUF1.0_PDF26440,pdf,1,0.0,0.21,0.69124835729599,0.6917646527290344,1.0007469029439202,0.0007469029515050352,0.0007469029515050352,0.07469029515050352
Herwig_minus,202,MUR1.0_MUF1.0_PDF26440,pdf,2,0.21,0.42,0.6720393300056458,0.6723120808601379,1.0004058554943354,0.00040585550596006215,0.00040585550596006215,0.040585550596006215
Herwig_minus,202,MUR1.0_MUF1.0_PDF26440,pdf,3,0.42,0.63,0.6428124904632568,0.642753005027771,0.9999074606726404,-9.253932512365282e-05,9.253932512365282e-05,-0.009253932512365282
Herwig_minus,202,MUR1.0_MUF1.0_PDF26440,pdf,4,0.63,0.84,0.6500856876373291,0.6498546004295349,0.9996445280796228,-0.00035547191509976983,0.00035547191509976983,-0.03554719150997698
Herwig_minus,202,MUR1.0_MUF1.0_PDF26440,pdf,5,0.84,1.05,0.6886215806007385,0.6882565021514893,0.9994698416960288,-0.0005301582859829068,0.0005301582859829068,-0.05301582859829068
Herwig_minus,202,MUR1.0_MUF1.0_PDF26440,pdf,6,1.05,1.37,0.6677588224411011,0.6678082346916199,1.0000739971511543,7.399715104838833e-05,7.399715104838833e-05,0.007399715104838833
Herwig_minus,202,MUR1.0_MUF1.0_PDF26440,pdf,7,1.37,1.52,0.6296678781509399,0.6287426352500916,0.9985305858327005,-0.0014694142155349255,0.0014694142155349255,-0.14694142155349255
Herwig_minus,202,MUR1.0_MUF1.0_PDF26440,pdf,8,1.52,1.74,0.6480627655982971,0.6483976244926453,1.0005167075044636,0.00051670748507604,0.00051670748507604,0.051670748507604
Herwig_minus,202,MUR1.0_MUF1.0_PDF26440,pdf,9,1.74,1.95,0.6190352439880371,0.6193888187408447,1.0005711706340494,0.0005711706471629441,0.0005711706471629441,0.05711706471629441
Herwig_minus,202,MUR1.0_MUF1.0_PDF26440,pdf,10,1.95,2.18,0.6013617515563965,0.601317286491394,0.9999260593729359,-7.394062413368374e-05,7.394062413368374e-05,-0.007394062413368374
Herwig_minus,202,MUR1.0_MUF1.0_PDF26440,pdf,11,2.18,2.5,0.6056520938873291,0.6063205599784851,1.0011037130027332,0.0011037130607292056,0.0011037130607292056,0.11037130607292056
Herwig_minus,203,MUR1.0_MUF1.0_PDF26441,pdf,1,0.0,0.21,0.69124835729599,0.6903538107872009,0.9987058970927781,-0.0012941028689965606,0.0012941028689965606,-0.12941028689965606
Herwig_minus,203,MUR1.0_MUF1.0_PDF26441,pdf,2,0.21,0.42,0.6720393300056458,0.6722596287727356,1.0003278063608092,0.00032780636684037745,0.00032780636684037745,0.032780636684037745
Herwig_minus,203,MUR1.0_MUF1.0_PDF26441,pdf,3,0.42,0.63,0.6428124904632568,0.6426816582679749,0.9997964691146749,-0.0002035308862105012,0.0002035308862105012,-0.02035308862105012
Herwig_minus,203,MUR1.0_MUF1.0_PDF26441,pdf,4,0.63,0.84,0.6500856876373291,0.6493163108825684,0.9988164994716974,-0.00118350051343441,0.00118350051343441,-0.11835005134344101
Herwig_minus,203,MUR1.0_MUF1.0_PDF26441,pdf,5,0.84,1.05,0.6886215806007385,0.6873060464859009,0.99808961242009,-0.0019103875383734703,0.0019103875383734703,-0.19103875383734703
Herwig_minus,203,MUR1.0_MUF1.0_PDF26441,pdf,6,1.05,1.37,0.6677588224411011,0.6672684550285339,0.9992656519149017,-0.0007343480829149485,0.0007343480829149485,-0.07343480829149485
Herwig_minus,203,MUR1.0_MUF1.0_PDF26441,pdf,7,1.37,1.52,0.6296678781509399,0.6317182183265686,1.0032562248238701,0.0032562247943133116,0.0032562247943133116,0.32562247943133116
Herwig_minus,203,MUR1.0_MUF1.0_PDF26441,pdf,8,1.52,1.74,0.6480627655982971,0.64837247133255,1.0004778946588098,0.0004778946458827704,0.0004778946458827704,0.04778946458827704
Herwig_minus,203,MUR1.0_MUF1.0_PDF26441,pdf,9,1.74,1.95,0.6190352439880371,0.6188344955444336,0.9996757075698789,-0.00032429242855869234,0.00032429242855869234,-0.032429242855869234
Herwig_minus,203,MUR1.0_MUF1.0_PDF26441,pdf,10,1.95,2.18,0.6013617515563965,0.6061655282974243,1.0079881647420958,0.007988165132701397,0.007988165132701397,0.7988165132701397
Herwig_minus,203,MUR1.0_MUF1.0_PDF26441,pdf,11,2.18,2.5,0.6056520938873291,0.6127219796180725,1.0116731797051437,0.01167317945510149,0.01167317945510149,1.167317945510149
Herwig_minus,204,MUR1.0_MUF1.0_PDF26442,pdf,1,0.0,0.21,0.69124835729599,0.6911765336990356,0.9998960958153517,-0.00010390418174210936,0.00010390418174210936,-0.010390418174210936
Herwig_minus,204,MUR1.0_MUF1.0_PDF26442,pdf,2,0.21,0.42,0.6720393300056458,0.6721216440200806,1.0001224839243175,0.00012248392158653587,0.00012248392158653587,0.012248392158653587
Herwig_minus,204,MUR1.0_MUF1.0_PDF26442,pdf,3,0.42,0.63,0.6428124904632568,0.6426221132278442,0.9997038370625384,-0.00029616293613798916,0.00029616293613798916,-0.029616293613798916
Herwig_minus,204,MUR1.0_MUF1.0_PDF26442,pdf,4,0.63,0.84,0.6500856876373291,0.6496928930282593,0.9993957802539887,-0.0006042197346687317,0.0006042197346687317,-0.06042197346687317
Herwig_minus,204,MUR1.0_MUF1.0_PDF26442,pdf,5,0.84,1.05,0.6886215806007385,0.6880291700363159,0.9991397153660131,-0.0008602846064604819,0.0008602846064604819,-0.08602846064604819
Herwig_minus,204,MUR1.0_MUF1.0_PDF26442,pdf,6,1.05,1.37,0.6677588224411011,0.6676158308982849,0.9997858634914123,-0.00021413651120383292,0.00021413651120383292,-0.021413651120383292
Herwig_minus,204,MUR1.0_MUF1.0_PDF26442,pdf,7,1.37,1.52,0.6296678781509399,0.6293390989303589,0.9994778529571072,-0.0005221470491960645,0.0005221470491960645,-0.05221470491960645
Herwig_minus,204,MUR1.0_MUF1.0_PDF26442,pdf,8,1.52,1.74,0.6480627655982971,0.6482088565826416,1.0002254272149236,0.0002254272112622857,0.0002254272112622857,0.02254272112622857
Herwig_minus,204,MUR1.0_MUF1.0_PDF26442,pdf,9,1.74,1.95,0.6190352439880371,0.6191650629043579,1.0002097116724478,0.00020971166668459773,0.00020971166668459773,0.020971166668459773
Herwig_minus,204,MUR1.0_MUF1.0_PDF26442,pdf,10,1.95,2.18,0.6013617515563965,0.6018948554992676,1.0008864945957925,0.0008864945848472416,0.0008864945848472416,0.08864945848472416
Herwig_minus,204,MUR1.0_MUF1.0_PDF26442,pdf,11,2.18,2.5,0.6056520938873291,0.6078134775161743,1.0035686884445039,0.0035686884075403214,0.0035686884075403214,0.35686884075403214
Herwig_minus,205,MUR1.0_MUF1.0_PDF26443,pdf,1,0.0,0.21,0.69124835729599,0.6908870339393616,0.9994772886578106,-0.0005227113142609596,0.0005227113142609596,-0.05227113142609596
Herwig_minus,205,MUR1.0_MUF1.0_PDF26443,pdf,2,0.21,0.42,0.6720393300056458,0.6721567511558533,1.0001747236284617,0.0001747236237861216,0.0001747236237861216,0.01747236237861216
Herwig_minus,205,MUR1.0_MUF1.0_PDF26443,pdf,3,0.42,0.63,0.6428124904632568,0.6427137851715088,0.9998464477694313,-0.00015355223149526864,0.00015355223149526864,-0.015355223149526864
Herwig_minus,205,MUR1.0_MUF1.0_PDF26443,pdf,4,0.63,0.84,0.6500856876373291,0.649804413318634,0.9995673273169305,-0.00043267267756164074,0.00043267267756164074,-0.043267267756164074
Herwig_minus,205,MUR1.0_MUF1.0_PDF26443,pdf,5,0.84,1.05,0.6886215806007385,0.6880965828895569,0.9992376107197749,-0.0007623892743140459,0.0007623892743140459,-0.07623892743140459
Herwig_minus,205,MUR1.0_MUF1.0_PDF26443,pdf,6,1.05,1.37,0.6677588224411011,0.6676657199859619,0.9998605747284643,-0.0001394252758473158,0.0001394252758473158,-0.013942527584731579
Herwig_minus,205,MUR1.0_MUF1.0_PDF26443,pdf,7,1.37,1.52,0.6296678781509399,0.6303090453147888,1.001018262462001,0.001018262468278408,0.001018262468278408,0.1018262468278408
Herwig_minus,205,MUR1.0_MUF1.0_PDF26443,pdf,8,1.52,1.74,0.6480627655982971,0.6482740044593811,1.0003259543246386,0.00032595431548543274,0.00032595431548543274,0.032595431548543274
Herwig_minus,205,MUR1.0_MUF1.0_PDF26443,pdf,9,1.74,1.95,0.6190352439880371,0.6190534234046936,1.0000293673370508,2.936733653768897e-05,2.936733653768897e-05,0.002936733653768897
Herwig_minus,205,MUR1.0_MUF1.0_PDF26443,pdf,10,1.95,2.18,0.6013617515563965,0.6028512716293335,1.002476911890525,0.0024769119918346405,0.0024769119918346405,0.24769119918346405
Herwig_minus,205,MUR1.0_MUF1.0_PDF26443,pdf,11,2.18,2.5,0.6056520938873291,0.608259916305542,1.0043058092996506,0.004305809270590544,0.004305809270590544,0.4305809270590544
Herwig_minus,206,MUR1.0_MUF1.0_PDF26444,pdf,1,0.0,0.21,0.69124835729599,0.6908179521560669,0.999377350939962,-0.0006226490368135273,0.0006226490368135273,-0.062264903681352735
Herwig_minus,206,MUR1.0_MUF1.0_PDF26444,pdf,2,0.21,0.42,0.6720393300056458,0.6720818877220154,1.0000633262287928,6.332623161142692e-05,6.332623161142692e-05,0.006332623161142692
Herwig_minus,206,MUR1.0_MUF1.0_PDF26444,pdf,3,0.42,0.63,0.6428124904632568,0.6423720121383667,0.9993147638986095,-0.0006852361257188022,0.0006852361257188022,-0.06852361257188022
Herwig_minus,206,MUR1.0_MUF1.0_PDF26444,pdf,4,0.63,0.84,0.6500856876373291,0.6490212082862854,0.9983625553195726,-0.0016374447150155902,0.0016374447150155902,-0.16374447150155902
Herwig_minus,206,MUR1.0_MUF1.0_PDF26444,pdf,5,0.84,1.05,0.6886215806007385,0.6871693730354309,0.9978911384623748,-0.0021088614594191313,0.0021088614594191313,-0.21088614594191313
Herwig_minus,206,MUR1.0_MUF1.0_PDF26444,pdf,6,1.05,1.37,0.6677588224411011,0.6673097610473633,0.9993275096057942,-0.0006724903942085803,0.0006724903942085803,-0.06724903942085803
Herwig_minus,206,MUR1.0_MUF1.0_PDF26444,pdf,7,1.37,1.52,0.6296678781509399,0.6297748684883118,1.0001699155079755,0.0001699155109236017,0.0001699155109236017,0.01699155109236017
Herwig_minus,206,MUR1.0_MUF1.0_PDF26444,pdf,8,1.52,1.74,0.6480627655982971,0.6485550999641418,1.0007597016708563,0.0007597016519866884,0.0007597016519866884,0.07597016519866884
Herwig_minus,206,MUR1.0_MUF1.0_PDF26444,pdf,9,1.74,1.95,0.6190352439880371,0.6193172335624695,1.0004555307265153,0.000455530738690868,0.000455530738690868,0.0455530738690868
Herwig_minus,206,MUR1.0_MUF1.0_PDF26444,pdf,10,1.95,2.18,0.6013617515563965,0.6045714020729065,1.0053373040573383,0.0053373039700090885,0.0053373039700090885,0.5337303970009089
Herwig_minus,206,MUR1.0_MUF1.0_PDF26444,pdf,11,2.18,2.5,0.6056520938873291,0.6121124625205994,1.0106667981477697,0.010666797868907452,0.010666797868907452,1.0666797868907452
Herwig_minus,207,MUR1.0_MUF1.0_PDF26445,pdf,1,0.0,0.21,0.69124835729599,0.6907785534858704,0.999320354536599,-0.0006796454545110464,0.0006796454545110464,-0.06796454545110464
Herwig_minus,207,MUR1.0_MUF1.0_PDF26445,pdf,2,0.21,0.42,0.6720393300056458,0.672118067741394,1.0001171623924863,0.00011716239532688633,0.00011716239532688633,0.011716239532688633
Herwig_minus,207,MUR1.0_MUF1.0_PDF26445,pdf,3,0.42,0.63,0.6428124904632568,0.6426118612289429,0.9996878884009093,-0.0003121116023976356,0.0003121116023976356,-0.031211160239763558
Herwig_minus,207,MUR1.0_MUF1.0_PDF26445,pdf,4,0.63,0.84,0.6500856876373291,0.6495684385299683,0.9992043370324907,-0.0007956629851832986,0.0007956629851832986,-0.07956629851832986
Herwig_minus,207,MUR1.0_MUF1.0_PDF26445,pdf,5,0.84,1.05,0.6886215806007385,0.687812089920044,0.9988244767467375,-0.0011755232699215412,0.0011755232699215412,-0.11755232699215412
Herwig_minus,207,MUR1.0_MUF1.0_PDF26445,pdf,6,1.05,1.37,0.6677588224411011,0.6675562262535095,0.9996966027541936,-0.000303397246170789,0.000303397246170789,-0.0303397246170789
Herwig_minus,207,MUR1.0_MUF1.0_PDF26445,pdf,7,1.37,1.52,0.6296678781509399,0.6303591132164001,1.0010977772401064,0.0010977772762998939,0.0010977772762998939,0.10977772762998939
Herwig_minus,207,MUR1.0_MUF1.0_PDF26445,pdf,8,1.52,1.74,0.6480627655982971,0.6483573317527771,1.0004545333725632,0.0004545333795249462,0.0004545333795249462,0.04545333795249462
Herwig_minus,207,MUR1.0_MUF1.0_PDF26445,pdf,9,1.74,1.95,0.6190352439880371,0.619112491607666,1.000124787110878,0.0001247871114173904,0.0001247871114173904,0.01247871114173904
Herwig_minus,207,MUR1.0_MUF1.0_PDF26445,pdf,10,1.95,2.18,0.6013617515563965,0.6035295724868774,1.0036048533596797,0.003604853292927146,0.003604853292927146,0.3604853292927146
Herwig_minus,207,MUR1.0_MUF1.0_PDF26445,pdf,11,2.18,2.5,0.6056520938873291,0.6097373366355896,1.0067451971015897,0.006745196878910065,0.006745196878910065,0.6745196878910065
Herwig_minus,208,MUR1.0_MUF1.0_PDF26446,pdf,1,0.0,0.21,0.69124835729599,0.6909286975860596,0.9995375617076605,-0.0004624383000191301,0.0004624383000191301,-0.04624383000191301
Herwig_minus,208,MUR1.0_MUF1.0_PDF26446,pdf,2,0.21,0.42,0.6720393300056458,0.6721475124359131,1.0001609763378974,0.00016097634215839207,0.00016097634215839207,0.016097634215839207
Herwig_minus,208,MUR1.0_MUF1.0_PDF26446,pdf,3,0.42,0.63,0.6428124904632568,0.6426960825920105,0.999818908510688,-0.00018109148368239403,0.00018109148368239403,-0.018109148368239403
Herwig_minus,208,MUR1.0_MUF1.0_PDF26446,pdf,4,0.63,0.84,0.6500856876373291,0.6498284339904785,0.9996042773256776,-0.0003957226872444153,0.0003957226872444153,-0.03957226872444153
Herwig_minus,208,MUR1.0_MUF1.0_PDF26446,pdf,5,0.84,1.05,0.6886215806007385,0.6881676912307739,0.9993408725739199,-0.0006591274286620319,0.0006591274286620319,-0.06591274286620319
Herwig_minus,208,MUR1.0_MUF1.0_PDF26446,pdf,6,1.05,1.37,0.6677588224411011,0.6677488684654236,0.9999850934568845,-1.4906542673998047e-05,1.4906542673998047e-05,-0.0014906542673998047
Herwig_minus,208,MUR1.0_MUF1.0_PDF26446,pdf,7,1.37,1.52,0.6296678781509399,0.6301361322402954,1.0007436524961866,0.0007436525193043053,0.0007436525193043053,0.07436525193043053
Herwig_minus,208,MUR1.0_MUF1.0_PDF26446,pdf,8,1.52,1.74,0.6480627655982971,0.6483810544013977,1.0004911388525874,0.0004911388386972249,0.0004911388386972249,0.049113883869722486
Herwig_minus,208,MUR1.0_MUF1.0_PDF26446,pdf,9,1.74,1.95,0.6190352439880371,0.6191415190696716,1.0001716785638082,0.0001716785627650097,0.0001716785627650097,0.01716785627650097
Herwig_minus,208,MUR1.0_MUF1.0_PDF26446,pdf,10,1.95,2.18,0.6013617515563965,0.6026610732078552,1.0021606323450003,0.002160632284358144,0.002160632284358144,0.21606322843581438
Herwig_minus,208,MUR1.0_MUF1.0_PDF26446,pdf,11,2.18,2.5,0.6056520938873291,0.6075799465179443,1.0031831023950424,0.0031831024680286646,0.0031831024680286646,0.31831024680286646
Herwig_minus,209,MUR1.0_MUF1.0_PDF26447,pdf,1,0.0,0.21,0.69124835729599,0.6905477046966553,0.9989863952775592,-0.0010136046912521124,0.0010136046912521124,-0.10136046912521124
Herwig_minus,209,MUR1.0_MUF1.0_PDF26447,pdf,2,0.21,0.42,0.6720393300056458,0.6719930768013,0.9999311748549816,-6.882514571771026e-05,6.882514571771026e-05,-0.006882514571771026
Herwig_minus,209,MUR1.0_MUF1.0_PDF26447,pdf,3,0.42,0.63,0.6428124904632568,0.6426072716712952,0.999680748593087,-0.0003192514122929424,0.0003192514122929424,-0.03192514122929424
Herwig_minus,209,MUR1.0_MUF1.0_PDF26447,pdf,4,0.63,0.84,0.6500856876373291,0.6495603919029236,0.9991919592379973,-0.0008080407860688865,0.0008080407860688865,-0.08080407860688865
Herwig_minus,209,MUR1.0_MUF1.0_PDF26447,pdf,5,0.84,1.05,0.6886215806007385,0.6877570748329163,0.9987445851361961,-0.0012554149143397808,0.0012554149143397808,-0.12554149143397808
Herwig_minus,209,MUR1.0_MUF1.0_PDF26447,pdf,6,1.05,1.37,0.6677588224411011,0.6674149036407471,0.999484965546248,-0.0005150344804860651,0.0005150344804860651,-0.051503448048606515
Herwig_minus,209,MUR1.0_MUF1.0_PDF26447,pdf,7,1.37,1.52,0.6296678781509399,0.6306710839271545,1.0015932300360637,0.0015932300593703985,0.0015932300593703985,0.15932300593703985
Herwig_minus,209,MUR1.0_MUF1.0_PDF26447,pdf,8,1.52,1.74,0.6480627655982971,0.6477981805801392,0.9995917293320907,-0.00040827065822668374,0.00040827065822668374,-0.040827065822668374
Herwig_minus,209,MUR1.0_MUF1.0_PDF26447,pdf,9,1.74,1.95,0.6190352439880371,0.6188293099403381,0.999667330657343,-0.00033266935497522354,0.00033266935497522354,-0.033266935497522354
Herwig_minus,209,MUR1.0_MUF1.0_PDF26447,pdf,10,1.95,2.18,0.6013617515563965,0.6031045317649841,1.0028980562931997,0.0028980562929064035,0.0028980562929064035,0.28980562929064035
Herwig_minus,209,MUR1.0_MUF1.0_PDF26447,pdf,11,2.18,2.5,0.6056520938873291,0.6106737852096558,1.0082913794454096,0.008291379548609257,0.008291379548609257,0.8291379548609257
Herwig_minus,210,MUR1.0_MUF1.0_PDF26448,pdf,1,0.0,0.21,0.69124835729599,0.6908283233642578,0.9993923545317702,-0.0006076454883441329,0.0006076454883441329,-0.06076454883441329
Herwig_minus,210,MUR1.0_MUF1.0_PDF26448,pdf,2,0.21,0.42,0.6720393300056458,0.6721232533454895,1.0001248786136416,0.00012487861386034638,0.00012487861386034638,0.012487861386034638
Herwig_minus,210,MUR1.0_MUF1.0_PDF26448,pdf,3,0.42,0.63,0.6428124904632568,0.6425728797912598,0.9996272463968079,-0.00037275359500199556,0.00037275359500199556,-0.037275359500199556
Herwig_minus,210,MUR1.0_MUF1.0_PDF26448,pdf,4,0.63,0.84,0.6500856876373291,0.6496132612228394,0.9992732859321873,-0.0007267140899784863,0.0007267140899784863,-0.07267140899784863
Herwig_minus,210,MUR1.0_MUF1.0_PDF26448,pdf,5,0.84,1.05,0.6886215806007385,0.6879541277885437,0.9990307407856539,-0.0009692592429928482,0.0009692592429928482,-0.09692592429928482
Herwig_minus,210,MUR1.0_MUF1.0_PDF26448,pdf,6,1.05,1.37,0.6677588224411011,0.6677669286727905,1.0000121394602617,1.213946052303072e-05,1.213946052303072e-05,0.001213946052303072
Herwig_minus,210,MUR1.0_MUF1.0_PDF26448,pdf,7,1.37,1.52,0.6296678781509399,0.6301500797271729,1.000765803041516,0.0007658030372112989,0.0007658030372112989,0.0765803037211299
Herwig_minus,210,MUR1.0_MUF1.0_PDF26448,pdf,8,1.52,1.74,0.6480627655982971,0.6487500667572021,1.001060547211458,0.0010605471907183528,0.0010605471907183528,0.10605471907183528
Herwig_minus,210,MUR1.0_MUF1.0_PDF26448,pdf,9,1.74,1.95,0.6190352439880371,0.6193667054176331,1.0005354483978337,0.0005354483728297055,0.0005354483728297055,0.05354483728297055
Herwig_minus,210,MUR1.0_MUF1.0_PDF26448,pdf,10,1.95,2.18,0.6013617515563965,0.6034866571426392,1.0035334897517894,0.0035334897693246603,0.0035334897693246603,0.35334897693246603
Herwig_minus,210,MUR1.0_MUF1.0_PDF26448,pdf,11,2.18,2.5,0.6056520938873291,0.6083284020423889,1.004418886984906,0.004418887197971344,0.004418887197971344,0.4418887197971344
Herwig_minus,211,MUR1.0_MUF1.0_PDF26449,pdf,1,0.0,0.21,0.69124835729599,0.6914268732070923,1.000258251479686,0.00025825147167779505,0.00025825147167779505,0.025825147167779505
Herwig_minus,211,MUR1.0_MUF1.0_PDF26449,pdf,2,0.21,0.42,0.6720393300056458,0.6721680760383606,1.0001915751459274,0.00019157514907419682,0.00019157514907419682,0.01915751490741968
Herwig_minus,211,MUR1.0_MUF1.0_PDF26449,pdf,3,0.42,0.63,0.6428124904632568,0.6427153944969177,0.999848951338408,-0.0001510486617917195,0.0001510486617917195,-0.01510486617917195
Herwig_minus,211,MUR1.0_MUF1.0_PDF26449,pdf,4,0.63,0.84,0.6500856876373291,0.6500024795532227,0.9998720044362015,-0.00012799556134268641,0.00012799556134268641,-0.012799556134268641
Herwig_minus,211,MUR1.0_MUF1.0_PDF26449,pdf,5,0.84,1.05,0.6886215806007385,0.6884617805480957,0.9997679421366618,-0.0002320578641956672,0.0002320578641956672,-0.02320578641956672
Herwig_minus,211,MUR1.0_MUF1.0_PDF26449,pdf,6,1.05,1.37,0.6677588224411011,0.6679503917694092,1.000286884009421,0.00028688402380794287,0.00028688402380794287,0.028688402380794287
Herwig_minus,211,MUR1.0_MUF1.0_PDF26449,pdf,7,1.37,1.52,0.6296678781509399,0.6293252110481262,0.999455797072228,-0.0005442029214464128,0.0005442029214464128,-0.05442029214464128
Herwig_minus,211,MUR1.0_MUF1.0_PDF26449,pdf,8,1.52,1.74,0.6480627655982971,0.6485450863838196,1.000744250111449,0.0007442501373589039,0.0007442501373589039,0.07442501373589039
Herwig_minus,211,MUR1.0_MUF1.0_PDF26449,pdf,9,1.74,1.95,0.6190352439880371,0.6194860339164734,1.0007282136725077,0.0007282136939466,0.0007282136939466,0.07282136939466
Herwig_minus,211,MUR1.0_MUF1.0_PDF26449,pdf,10,1.95,2.18,0.6013617515563965,0.6012933850288391,0.9998863138079859,-0.00011368619016138837,0.00011368619016138837,-0.011368619016138837
Herwig_minus,211,MUR1.0_MUF1.0_PDF26449,pdf,11,2.18,2.5,0.6056520938873291,0.6064351797103882,1.001292963123487,0.0012929631629958749,0.0012929631629958749,0.1292963162995875
Herwig_minus,212,MUR1.0_MUF1.0_PDF26450,pdf,1,0.0,0.21,0.69124835729599,0.6907689571380615,0.9993064719027995,-0.0006935280980542302,0.0006935280980542302,-0.06935280980542302
Herwig_minus,212,MUR1.0_MUF1.0_PDF26450,pdf,2,0.21,0.42,0.6720393300056458,0.6721144318580627,1.0001117521684577,0.00011175216786796227,0.00011175216786796227,0.011175216786796227
Herwig_minus,212,MUR1.0_MUF1.0_PDF26450,pdf,3,0.42,0.63,0.6428124904632568,0.6427006125450134,0.9998259555937334,-0.00017404441314283758,0.00017404441314283758,-0.01740444131428376
Herwig_minus,212,MUR1.0_MUF1.0_PDF26450,pdf,4,0.63,0.84,0.6500856876373291,0.6494660973548889,0.9990469098240079,-0.0009530902025289834,0.0009530902025289834,-0.09530902025289834
Herwig_minus,212,MUR1.0_MUF1.0_PDF26450,pdf,5,0.84,1.05,0.6886215806007385,0.6875141859054565,0.998391867570697,-0.0016081323847174644,0.0016081323847174644,-0.16081323847174644
Herwig_minus,212,MUR1.0_MUF1.0_PDF26450,pdf,6,1.05,1.37,0.6677588224411011,0.6671692728996277,0.9991171220481697,-0.0008828779682517052,0.0008828779682517052,-0.08828779682517052
Herwig_minus,212,MUR1.0_MUF1.0_PDF26450,pdf,7,1.37,1.52,0.6296678781509399,0.6304997205734253,1.0013210812419526,0.001321081188507378,0.001321081188507378,0.1321081188507378
Herwig_minus,212,MUR1.0_MUF1.0_PDF26450,pdf,8,1.52,1.74,0.6480627655982971,0.6463046669960022,0.9972871476412137,-0.002712852321565151,0.002712852321565151,-0.2712852321565151
Herwig_minus,212,MUR1.0_MUF1.0_PDF26450,pdf,9,1.74,1.95,0.6190352439880371,0.6185078620910645,0.9991480583664751,-0.0008519416442140937,0.0008519416442140937,-0.08519416442140937
Herwig_minus,212,MUR1.0_MUF1.0_PDF26450,pdf,10,1.95,2.18,0.6013617515563965,0.6015346646308899,1.0002875358701246,0.00028753586229868233,0.00028753586229868233,0.028753586229868233
Herwig_minus,212,MUR1.0_MUF1.0_PDF26450,pdf,11,2.18,2.5,0.6056520938873291,0.6096125841140747,1.0065392166009457,0.006539216730743647,0.006539216730743647,0.6539216730743647
Herwig_minus,213,MUR1.0_MUF1.0_PDF26451,pdf,1,0.0,0.21,0.69124835729599,0.6908268928527832,0.9993902850708312,-0.0006097149453125894,0.0006097149453125894,-0.06097149453125894
Herwig_minus,213,MUR1.0_MUF1.0_PDF26451,pdf,2,0.21,0.42,0.6720393300056458,0.6721364259719849,1.0001444795892203,0.00014447959256358445,0.00014447959256358445,0.014447959256358445
Herwig_minus,213,MUR1.0_MUF1.0_PDF26451,pdf,3,0.42,0.63,0.6428124904632568,0.6426512598991394,0.9997491794784491,-0.00025082050706259906,0.00025082050706259906,-0.025082050706259906
Herwig_minus,213,MUR1.0_MUF1.0_PDF26451,pdf,4,0.63,0.84,0.6500856876373291,0.6496549844741821,0.9993374670888198,-0.0006625329260714352,0.0006625329260714352,-0.06625329260714352
Herwig_minus,213,MUR1.0_MUF1.0_PDF26451,pdf,5,0.84,1.05,0.6886215806007385,0.6879225969314575,0.9989849524194824,-0.0010150475427508354,0.0010150475427508354,-0.10150475427508354
Herwig_minus,213,MUR1.0_MUF1.0_PDF26451,pdf,6,1.05,1.37,0.6677588224411011,0.6676092743873596,0.9997760448103182,-0.0002239551831735298,0.0002239551831735298,-0.02239551831735298
Herwig_minus,213,MUR1.0_MUF1.0_PDF26451,pdf,7,1.37,1.52,0.6296678781509399,0.630337655544281,1.0010636994780613,0.0010636994848027825,0.0010636994848027825,0.10636994848027825
Herwig_minus,213,MUR1.0_MUF1.0_PDF26451,pdf,8,1.52,1.74,0.6480627655982971,0.6483497023582458,1.000442760755872,0.0004427607636898756,0.0004427607636898756,0.04427607636898756
Herwig_minus,213,MUR1.0_MUF1.0_PDF26451,pdf,9,1.74,1.95,0.6190352439880371,0.6191057562828064,1.0001139067532165,0.00011390675354050472,0.00011390675354050472,0.011390675354050472
Herwig_minus,213,MUR1.0_MUF1.0_PDF26451,pdf,10,1.95,2.18,0.6013617515563965,0.603290319442749,1.0032070012456915,0.0032070011366158724,0.0032070011366158724,0.32070011366158724
Herwig_minus,213,MUR1.0_MUF1.0_PDF26451,pdf,11,2.18,2.5,0.6056520938873291,0.6091427206993103,1.0057634190440536,0.005763418972492218,0.005763418972492218,0.5763418972492218
Herwig_minus,214,MUR1.0_MUF1.0_PDF26452,pdf,1,0.0,0.21,0.69124835729599,0.6908268928527832,0.9993902850708312,-0.0006097149453125894,0.0006097149453125894,-0.06097149453125894
Herwig_minus,214,MUR1.0_MUF1.0_PDF26452,pdf,2,0.21,0.42,0.6720393300056458,0.6721364259719849,1.0001444795892203,0.00014447959256358445,0.00014447959256358445,0.014447959256358445
Herwig_minus,214,MUR1.0_MUF1.0_PDF26452,pdf,3,0.42,0.63,0.6428124904632568,0.6426513195037842,0.999749272203226,-0.0002507277822587639,0.0002507277822587639,-0.02507277822587639
Herwig_minus,214,MUR1.0_MUF1.0_PDF26452,pdf,4,0.63,0.84,0.6500856876373291,0.6496543884277344,0.9993365502151536,-0.0006634498131461442,0.0006634498131461442,-0.06634498131461442
Herwig_minus,214,MUR1.0_MUF1.0_PDF26452,pdf,5,0.84,1.05,0.6886215806007385,0.6879222989082336,0.9989845196371934,-0.001015480374917388,0.001015480374917388,-0.1015480374917388
Herwig_minus,214,MUR1.0_MUF1.0_PDF26452,pdf,6,1.05,1.37,0.6677588224411011,0.6676082015037537,0.9997744381170484,-0.00022556188923772424,0.00022556188923772424,-0.022556188923772424
Herwig_minus,214,MUR1.0_MUF1.0_PDF26452,pdf,7,1.37,1.52,0.6296678781509399,0.6303369402885437,1.0010625635526598,0.0010625635040923953,0.0010625635040923953,0.10625635040923953
Herwig_minus,214,MUR1.0_MUF1.0_PDF26452,pdf,8,1.52,1.74,0.6480627655982971,0.6483497619628906,1.0004428527294398,0.0004428527317941189,0.0004428527317941189,0.04428527317941189
Herwig_minus,214,MUR1.0_MUF1.0_PDF26452,pdf,9,1.74,1.95,0.6190352439880371,0.6191064715385437,1.0001150621894284,0.00011506219016155228,0.00011506219016155228,0.011506219016155228
Herwig_minus,214,MUR1.0_MUF1.0_PDF26452,pdf,10,1.95,2.18,0.6013617515563965,0.6032915711402893,1.0032090826842548,0.003209082642570138,0.003209082642570138,0.3209082642570138
Herwig_minus,214,MUR1.0_MUF1.0_PDF26452,pdf,11,2.18,2.5,0.6056520938873291,0.6091436147689819,1.005764895254044,0.0057648951187729836,0.0057648951187729836,0.5764895118772984
Herwig_minus,215,MUR1.0_MUF1.0_PDF26453,scale,1,0.0,0.21,0.69124835729599,0.6908267736434937,0.999390112615753,-0.0006098873564042151,0.0006098873564042151,-0.06098873564042151
Herwig_minus,215,MUR1.0_MUF1.0_PDF26453,scale,2,0.21,0.42,0.6720393300056458,0.6721363067626953,1.000144302204826,0.00014430220471695065,0.00014430220471695065,0.014430220471695065
Herwig_minus,215,MUR1.0_MUF1.0_PDF26453,scale,3,0.42,0.63,0.6428124904632568,0.6426513195037842,0.999749272203226,-0.0002507277822587639,0.0002507277822587639,-0.02507277822587639
Herwig_minus,215,MUR1.0_MUF1.0_PDF26453,scale,4,0.63,0.84,0.6500856876373291,0.6496545076370239,0.9993367335898868,-0.0006632664008066058,0.0006632664008066058,-0.06632664008066058
Herwig_minus,215,MUR1.0_MUF1.0_PDF26453,scale,5,0.84,1.05,0.6886215806007385,0.6879233121871948,0.9989859910969758,-0.0010140088852494955,0.0010140088852494955,-0.10140088852494955
Herwig_minus,215,MUR1.0_MUF1.0_PDF26453,scale,6,1.05,1.37,0.6677588224411011,0.6676079034805298,0.9997739918133622,-0.00022600818192586303,0.00022600818192586303,-0.022600818192586303
Herwig_minus,215,MUR1.0_MUF1.0_PDF26453,scale,7,1.37,1.52,0.6296678781509399,0.6303371787071228,1.0010629421944601,0.0010629422031342983,0.0010629422031342983,0.10629422031342983
Herwig_minus,215,MUR1.0_MUF1.0_PDF26453,scale,8,1.52,1.74,0.6480627655982971,0.6483500599861145,1.0004433125972794,0.00044331260141916573,0.00044331260141916573,0.04433126014191657
Herwig_minus,215,MUR1.0_MUF1.0_PDF26453,scale,9,1.74,1.95,0.6190352439880371,0.6191063523292542,1.0001148696167264,0.00011486961739137769,0.00011486961739137769,0.011486961739137769
Herwig_minus,215,MUR1.0_MUF1.0_PDF26453,scale,10,1.95,2.18,0.6013617515563965,0.6032914519309998,1.0032088844520108,0.0032088845036923885,0.0032088845036923885,0.32088845036923885
Herwig_minus,215,MUR1.0_MUF1.0_PDF26453,scale,11,2.18,2.5,0.6056520938873291,0.609143853187561,1.0057652889100412,0.005765289068222046,0.005765289068222046,0.5765289068222046
Herwig_minus,216,MUR1.0_MUF1.0_PDF26454,pdf,1,0.0,0.21,0.69124835729599,0.6908265352249146,0.9993897677055964,-0.0006102322950027883,0.0006102322950027883,-0.06102322950027883
Herwig_minus,216,MUR1.0_MUF1.0_PDF26454,pdf,2,0.21,0.42,0.6720393300056458,0.6721361875534058,1.0001441248204315,0.00014412481687031686,0.00014412481687031686,0.014412481687031686
Herwig_minus,216,MUR1.0_MUF1.0_PDF26454,pdf,3,0.42,0.63,0.6428124904632568,0.6426512002944946,0.9997490867536721,-0.0002509132318664342,0.0002509132318664342,-0.02509132318664342
Herwig_minus,216,MUR1.0_MUF1.0_PDF26454,pdf,4,0.63,0.84,0.6500856876373291,0.6496549844741821,0.9993374670888198,-0.0006625329260714352,0.0006625329260714352,-0.06625329260714352
Herwig_minus,216,MUR1.0_MUF1.0_PDF26454,pdf,5,0.84,1.05,0.6886215806007385,0.6879224181175232,0.998984692750109,-0.0010153072653338313,0.0010153072653338313,-0.10153072653338313
Herwig_minus,216,MUR1.0_MUF1.0_PDF26454,pdf,6,1.05,1.37,0.6677588224411011,0.6676093935966492,0.9997762233317927,-0.00022377667482942343,0.00022377667482942343,-0.022377667482942343
Herwig_minus,216,MUR1.0_MUF1.0_PDF26454,pdf,7,1.37,1.52,0.6296678781509399,0.6303378939628601,1.0010640781198616,0.0010640780674293637,0.0010640780674293637,0.10640780674293637
Herwig_minus,216,MUR1.0_MUF1.0_PDF26454,pdf,8,1.52,1.74,0.6480627655982971,0.6483498811721802,1.0004430366765755,0.00044303666800260544,0.00044303666800260544,0.044303666800260544
Herwig_minus,216,MUR1.0_MUF1.0_PDF26454,pdf,9,1.74,1.95,0.6190352439880371,0.6191058158874512,1.0001140030395674,0.00011400303628761321,0.00011400303628761321,0.011400303628761321
Herwig_minus,216,MUR1.0_MUF1.0_PDF26454,pdf,10,1.95,2.18,0.6013617515563965,0.603290319442749,1.0032070012456915,0.0032070011366158724,0.0032070011366158724,0.32070011366158724
Herwig_minus,216,MUR1.0_MUF1.0_PDF26454,pdf,11,2.18,2.5,0.6056520938873291,0.6091428995132446,1.0057637142860516,0.005763714201748371,0.005763714201748371,0.5763714201748371
Herwig_minus,217,MUR1.0_MUF1.0_PDF26455,pdf,1,0.0,0.21,0.69124835729599,0.6908272504806519,0.9993908024360659,-0.0006091975374147296,0.0006091975374147296,-0.06091975374147296
Herwig_minus,217,MUR1.0_MUF1.0_PDF26455,pdf,2,0.21,0.42,0.6720393300056458,0.6721357703208923,1.0001435039750513,0.00014350397395901382,0.00014350397395901382,0.014350397395901382
Herwig_minus,217,MUR1.0_MUF1.0_PDF26455,pdf,3,0.42,0.63,0.6428124904632568,0.642650306224823,0.9997476958820185,-0.0002523041039239615,0.0002523041039239615,-0.025230410392396152
Herwig_minus,217,MUR1.0_MUF1.0_PDF26455,pdf,4,0.63,0.84,0.6500856876373291,0.649655282497406,0.9993379255256528,-0.0006620744825340807,0.0006620744825340807,-0.06620744825340807
Herwig_minus,217,MUR1.0_MUF1.0_PDF26455,pdf,5,0.84,1.05,0.6886215806007385,0.6879230737686157,0.9989856448711447,-0.0010143551044166088,0.0010143551044166088,-0.10143551044166088
Herwig_minus,217,MUR1.0_MUF1.0_PDF26455,pdf,6,1.05,1.37,0.6677588224411011,0.667609453201294,0.9997763125925299,-0.00022368741338141263,0.00022368741338141263,-0.022368741338141263
Herwig_minus,217,MUR1.0_MUF1.0_PDF26455,pdf,7,1.37,1.52,0.6296678781509399,0.6303372383117676,1.0010630368549103,0.0010630368487909436,0.0010630368487909436,0.10630368487909436
Herwig_minus,217,MUR1.0_MUF1.0_PDF26455,pdf,8,1.52,1.74,0.6480627655982971,0.6483487486839294,1.0004412891787855,0.0004412891867104918,0.0004412891867104918,0.04412891867104918
Herwig_minus,217,MUR1.0_MUF1.0_PDF26455,pdf,9,1.74,1.95,0.6190352439880371,0.6191043257713318,1.000111595880793,0.00011159588029840961,0.00011159588029840961,0.011159588029840961
Herwig_minus,217,MUR1.0_MUF1.0_PDF26455,pdf,10,1.95,2.18,0.6013617515563965,0.6032914519309998,1.0032088844520108,0.0032088845036923885,0.0032088845036923885,0.32088845036923885
Herwig_minus,217,MUR1.0_MUF1.0_PDF26455,pdf,11,2.18,2.5,0.6056520938873291,0.6091431379318237,1.0057641079420492,0.0057641081511974335,0.0057641081511974335,0.5764108151197433
Herwig_minus,218,MUR1.0_MUF1.0_PDF26456,pdf,1,0.0,0.21,0.69124835729599,0.6908279657363892,0.9993918371665355,-0.0006081628380343318,0.0006081628380343318,-0.06081628380343318
Herwig_minus,218,MUR1.0_MUF1.0_PDF26456,pdf,2,0.21,0.42,0.6720393300056458,0.6721369028091431,1.0001451891267978,0.00014518912939820439,0.00014518912939820439,0.014518912939820439
Herwig_minus,218,MUR1.0_MUF1.0_PDF26456,pdf,3,0.42,0.63,0.6428124904632568,0.6426498293876648,0.9997469540838032,-0.00025304590235464275,0.00025304590235464275,-0.025304590235464275
Herwig_minus,218,MUR1.0_MUF1.0_PDF26456,pdf,4,0.63,0.84,0.6500856876373291,0.6496570110321045,0.9993405844592848,-0.0006594155565835536,0.0006594155565835536,-0.06594155565835536
Herwig_minus,218,MUR1.0_MUF1.0_PDF26456,pdf,5,0.84,1.05,0.6886215806007385,0.6879228949546814,0.9989853852017714,-0.0010146148269996047,0.0010146148269996047,-0.10146148269996047
Herwig_minus,218,MUR1.0_MUF1.0_PDF26456,pdf,6,1.05,1.37,0.6677588224411011,0.6676077842712402,0.9997738132918877,-0.00022618670482188463,0.00022618670482188463,-0.022618670482188463
Herwig_minus,218,MUR1.0_MUF1.0_PDF26456,pdf,7,1.37,1.52,0.6296678781509399,0.6303371787071228,1.0010629421944601,0.0010629422031342983,0.0010629422031342983,0.10629422031342983
Herwig_minus,218,MUR1.0_MUF1.0_PDF26456,pdf,8,1.52,1.74,0.6480627655982971,0.6483502388000488,1.000443588517983,0.00044358850573189557,0.00044358850573189557,0.04435885057318956
Herwig_minus,218,MUR1.0_MUF1.0_PDF26456,pdf,9,1.74,1.95,0.6190352439880371,0.6191065907478333,1.0001152547621304,0.00011525476293172687,0.00011525476293172687,0.011525476293172687
Herwig_minus,218,MUR1.0_MUF1.0_PDF26456,pdf,10,1.95,2.18,0.6013617515563965,0.6032916903495789,1.003209280916499,0.003209281014278531,0.003209281014278531,0.3209281014278531
Herwig_minus,218,MUR1.0_MUF1.0_PDF26456,pdf,11,2.18,2.5,0.6056520938873291,0.6091464757919312,1.0057696191260128,0.0057696192525327206,0.0057696192525327206,0.5769619252532721
Herwig_minus,219,MUR1.0_MUF1.0_PDF26457,pdf,1,0.0,0.21,0.69124835729599,0.6908270716667175,0.9993905437534486,-0.00060945627046749,0.00060945627046749,-0.060945627046748996
Herwig_minus,219,MUR1.0_MUF1.0_PDF26457,pdf,2,0.21,0.42,0.6720393300056458,0.6721362471580505,1.0001442135126288,0.00014421351079363376,0.00014421351079363376,0.014421351079363376
Herwig_minus,219,MUR1.0_MUF1.0_PDF26457,pdf,3,0.42,0.63,0.6428124904632568,0.642651379108429,0.9997493649280029,-0.00025063505745492876,0.00025063505745492876,-0.025063505745492876
Herwig_minus,219,MUR1.0_MUF1.0_PDF26457,pdf,4,0.63,0.84,0.6500856876373291,0.6496546864509583,0.9993370086519867,-0.0006629913696087897,0.0006629913696087897,-0.06629913696087897
Herwig_minus,219,MUR1.0_MUF1.0_PDF26457,pdf,5,0.84,1.05,0.6886215806007385,0.687923014163971,0.9989855583146869,-0.001014441717416048,0.001014441717416048,-0.1014441717416048
Herwig_minus,219,MUR1.0_MUF1.0_PDF26457,pdf,6,1.05,1.37,0.6677588224411011,0.6676080226898193,0.9997741703348366,-0.00022582965902984142,0.00022582965902984142,-0.022582965902984142
Herwig_minus,219,MUR1.0_MUF1.0_PDF26457,pdf,7,1.37,1.52,0.6296678781509399,0.630337119102478,1.00106284753401,0.001062847557477653,0.001062847557477653,0.1062847557477653
Herwig_minus,219,MUR1.0_MUF1.0_PDF26457,pdf,8,1.52,1.74,0.6480627655982971,0.6483501195907593,1.0004434045708472,0.000443404569523409,0.000443404569523409,0.0443404569523409
Herwig_minus,219,MUR1.0_MUF1.0_PDF26457,pdf,9,1.74,1.95,0.6190352439880371,0.6191062331199646,1.0001146770440243,0.0001146770446212031,0.0001146770446212031,0.01146770446212031
Herwig_minus,219,MUR1.0_MUF1.0_PDF26457,pdf,10,1.95,2.18,0.6013617515563965,0.6032915115356445,1.0032089835681328,0.0032089834567159414,0.0032089834567159414,0.32089834567159414
Herwig_minus,219,MUR1.0_MUF1.0_PDF26457,pdf,11,2.18,2.5,0.6056520938873291,0.6091437935829163,1.005765190496042,0.005765190348029137,0.005765190348029137,0.5765190348029137
Herwig_minus,220,MUR1.0_MUF1.0_PDF26458,pdf,1,0.0,0.21,0.69124835729599,0.690826952457428,0.9993903712983703,-0.0006096286815591156,0.0006096286815591156,-0.060962868155911565
Herwig_minus,220,MUR1.0_MUF1.0_PDF26458,pdf,2,0.21,0.42,0.6720393300056458,0.6721364855766296,1.0001445682814174,0.00014456828648690134,0.00014456828648690134,0.014456828648690134
Herwig_minus,220,MUR1.0_MUF1.0_PDF26458,pdf,3,0.42,0.63,0.6428124904632568,0.6426512598991394,0.9997491794784491,-0.00025082050706259906,0.00025082050706259906,-0.025082050706259906
Herwig_minus,220,MUR1.0_MUF1.0_PDF26458,pdf,4,0.63,0.84,0.6500856876373291,0.6496551036834717,0.9993376504635529,-0.0006623495137318969,0.0006623495137318969,-0.06623495137318969
Herwig_minus,220,MUR1.0_MUF1.0_PDF26458,pdf,5,0.84,1.05,0.6886215806007385,0.6879225969314575,0.9989849524194824,-0.0010150475427508354,0.0010150475427508354,-0.10150475427508354
Herwig_minus,220,MUR1.0_MUF1.0_PDF26458,pdf,6,1.05,1.37,0.6677588224411011,0.6676095128059387,0.9997764018532671,-0.00022359815193340182,0.00022359815193340182,-0.022359815193340182
Herwig_minus,220,MUR1.0_MUF1.0_PDF26458,pdf,7,1.37,1.52,0.6296678781509399,0.6303379535675049,1.0010641727803118,0.0010641728295013309,0.0010641728295013309,0.10641728295013309
Herwig_minus,220,MUR1.0_MUF1.0_PDF26458,pdf,8,1.52,1.74,0.6480627655982971,0.6483497023582458,1.000442760755872,0.0004427607636898756,0.0004427607636898756,0.04427607636898756
Herwig_minus,220,MUR1.0_MUF1.0_PDF26458,pdf,9,1.74,1.95,0.6190352439880371,0.619105875492096,1.0001140993259185,0.00011409932631067932,0.00011409932631067932,0.011409932631067932
Herwig_minus,220,MUR1.0_MUF1.0_PDF26458,pdf,10,1.95,2.18,0.6013617515563965,0.6032903790473938,1.0032071003618135,0.003207100322470069,0.003207100322470069,0.3207100322470069
Herwig_minus,220,MUR1.0_MUF1.0_PDF26458,pdf,11,2.18,2.5,0.6056520938873291,0.6091426610946655,1.0057633206300542,0.005763320717960596,0.005763320717960596,0.5763320717960596
Herwig_minus,221,MUR1.0_MUF1.0_PDF26459,pdf,1,0.0,0.21,0.69124835729599,0.6908270120620728,0.9993904575259094,-0.0006095424760133028,0.0006095424760133028,-0.06095424760133028
Herwig_minus,221,MUR1.0_MUF1.0_PDF26459,pdf,2,0.21,0.42,0.6720393300056458,0.6721367239952087,1.0001449230502062,0.0001449230476282537,0.0001449230476282537,0.01449230476282537
Herwig_minus,221,MUR1.0_MUF1.0_PDF26459,pdf,3,0.42,0.63,0.6428124904632568,0.642650306224823,0.9997476958820185,-0.0002523041039239615,0.0002523041039239615,-0.025230410392396152
Herwig_minus,221,MUR1.0_MUF1.0_PDF26459,pdf,4,0.63,0.84,0.6500856876373291,0.649655282497406,0.9993379255256528,-0.0006620744825340807,0.0006620744825340807,-0.06620744825340807
Herwig_minus,221,MUR1.0_MUF1.0_PDF26459,pdf,5,0.84,1.05,0.6886215806007385,0.6879234910011292,0.9989862507663493,-0.0010137492790818214,0.0010137492790818214,-0.10137492790818214
Herwig_minus,221,MUR1.0_MUF1.0_PDF26459,pdf,6,1.05,1.37,0.6677588224411011,0.6676084995269775,0.9997748844207344,-0.00022511558199767023,0.00022511558199767023,-0.022511558199767023
Herwig_minus,221,MUR1.0_MUF1.0_PDF26459,pdf,7,1.37,1.52,0.6296678781509399,0.6303389072418213,1.0010656873475139,0.0010656873928382993,0.0010656873928382993,0.10656873928382993
Herwig_minus,221,MUR1.0_MUF1.0_PDF26459,pdf,8,1.52,1.74,0.6480627655982971,0.6483492255210876,1.0004420249673287,0.00044202496064826846,0.00044202496064826846,0.044202496064826846
Herwig_minus,221,MUR1.0_MUF1.0_PDF26459,pdf,9,1.74,1.95,0.6190352439880371,0.6191049814224243,1.0001126550306538,0.00011265503417234868,0.00011265503417234868,0.011265503417234868
Herwig_minus,221,MUR1.0_MUF1.0_PDF26459,pdf,10,1.95,2.18,0.6013617515563965,0.6032905578613281,1.0032073977101796,0.003207397647202015,0.003207397647202015,0.3207397647202015
Herwig_minus,221,MUR1.0_MUF1.0_PDF26459,pdf,11,2.18,2.5,0.6056520938873291,0.6091424822807312,1.0057630253880563,0.005763025488704443,0.005763025488704443,0.5763025488704443
Herwig_minus,222,MUR1.0_MUF1.0_PDF26460,pdf,1,0.0,0.21,0.69124835729599,0.6908271908760071,0.9993907162085268,-0.0006092838011682034,0.0006092838011682034,-0.060928380116820335
Herwig_minus,222,MUR1.0_MUF1.0_PDF26460,pdf,2,0.21,0.42,0.6720393300056458,0.6721364855766296,1.0001445682814174,0.00014456828648690134,0.00014456828648690134,0.014456828648690134
Herwig_minus,222,MUR1.0_MUF1.0_PDF26460,pdf,3,0.42,0.63,0.6428124904632568,0.6426517963409424,0.9997500140014414,-0.00024998601293191314,0.00024998601293191314,-0.024998601293191314
Herwig_minus,222,MUR1.0_MUF1.0_PDF26460,pdf,4,0.63,0.84,0.6500856876373291,0.6496552228927612,0.9993378338382862,-0.0006621661596000195,0.0006621661596000195,-0.06621661596000195
Herwig_minus,222,MUR1.0_MUF1.0_PDF26460,pdf,5,0.84,1.05,0.6886215806007385,0.687922477722168,0.9989847793065668,-0.001015220652334392,0.001015220652334392,-0.10152206523343921
Herwig_minus,222,MUR1.0_MUF1.0_PDF26460,pdf,6,1.05,1.37,0.6677588224411011,0.6676085591316223,0.9997749736814716,-0.00022502632054965943,0.00022502632054965943,-0.022502632054965943
Herwig_minus,222,MUR1.0_MUF1.0_PDF26460,pdf,7,1.37,1.52,0.6296678781509399,0.630336344242096,1.0010616169481585,0.0010616169311106205,0.0010616169311106205,0.10616169311106205
Herwig_minus,222,MUR1.0_MUF1.0_PDF26460,pdf,8,1.52,1.74,0.6480627655982971,0.6483508944511414,1.0004446002272298,0.00044460021308623254,0.00044460021308623254,0.044460021308623254
Herwig_minus,222,MUR1.0_MUF1.0_PDF26460,pdf,9,1.74,1.95,0.6190352439880371,0.6191064715385437,1.0001150621894284,0.00011506219016155228,0.00011506219016155228,0.011506219016155228
Herwig_minus,222,MUR1.0_MUF1.0_PDF26460,pdf,10,1.95,2.18,0.6013617515563965,0.6032912135124207,1.0032084879875225,0.003208487993106246,0.003208487993106246,0.3208487993106246
Herwig_minus,222,MUR1.0_MUF1.0_PDF26460,pdf,11,2.18,2.5,0.6056520938873291,0.6091439127922058,1.0057653873240406,0.005765387322753668,0.005765387322753668,0.5765387322753668
Herwig_minus,223,MUR1.0_MUF1.0_PDF26461,pdf,1,0.0,0.21,0.69124835729599,0.6908266544342041,0.9993899401606746,-0.0006100598257035017,0.0006100598257035017,-0.06100598257035017
Herwig_minus,223,MUR1.0_MUF1.0_PDF26461,pdf,2,0.21,0.42,0.6720393300056458,0.6721364855766296,1.0001445682814174,0.00014456828648690134,0.00014456828648690134,0.014456828648690134
Herwig_minus,223,MUR1.0_MUF1.0_PDF26461,pdf,3,0.42,0.63,0.6428124904632568,0.6426512598991394,0.9997491794784491,-0.00025082050706259906,0.00025082050706259906,-0.025082050706259906
Herwig_minus,223,MUR1.0_MUF1.0_PDF26461,pdf,4,0.63,0.84,0.6500856876373291,0.6496546864509583,0.9993370086519867,-0.0006629913696087897,0.0006629913696087897,-0.06629913696087897
Herwig_minus,223,MUR1.0_MUF1.0_PDF26461,pdf,5,0.84,1.05,0.6886215806007385,0.6879230737686157,0.9989856448711447,-0.0010143551044166088,0.0010143551044166088,-0.10143551044166088
Herwig_minus,223,MUR1.0_MUF1.0_PDF26461,pdf,6,1.05,1.37,0.6677588224411011,0.6676086783409119,0.9997751522029461,-0.00022484779765363783,0.00022484779765363783,-0.022484779765363783
Herwig_minus,223,MUR1.0_MUF1.0_PDF26461,pdf,7,1.37,1.52,0.6296678781509399,0.6303371787071228,1.0010629421944601,0.0010629422031342983,0.0010629422031342983,0.10629422031342983
Herwig_minus,223,MUR1.0_MUF1.0_PDF26461,pdf,8,1.52,1.74,0.6480627655982971,0.6483502388000488,1.000443588517983,0.00044358850573189557,0.00044358850573189557,0.04435885057318956
Herwig_minus,223,MUR1.0_MUF1.0_PDF26461,pdf,9,1.74,1.95,0.6190352439880371,0.6191067099571228,1.0001154473348324,0.00011544733570190147,0.00011544733570190147,0.011544733570190147
Herwig_minus,223,MUR1.0_MUF1.0_PDF26461,pdf,10,1.95,2.18,0.6013617515563965,0.6032916307449341,1.003209181800377,0.0032091818284243345,0.0032091818284243345,0.32091818284243345
Herwig_minus,223,MUR1.0_MUF1.0_PDF26461,pdf,11,2.18,2.5,0.6056520938873291,0.6091434359550476,1.005764600012046,0.0057645998895168304,0.0057645998895168304,0.576459988951683
Herwig_minus,224,MUR1.0_MUF1.0_PDF26462,pdf,1,0.0,0.21,0.69124835729599,0.6908263564109802,0.9993895090229791,-0.0006104909698478878,0.0006104909698478878,-0.061049096984788775
Herwig_minus,224,MUR1.0_MUF1.0_PDF26462,pdf,2,0.21,0.42,0.6720393300056458,0.6721365451812744,1.0001446569736148,0.00014465698041021824,0.00014465698041021824,0.014465698041021824
Herwig_minus,224,MUR1.0_MUF1.0_PDF26462,pdf,3,0.42,0.63,0.6428124904632568,0.6426510810852051,0.9997489013041183,-0.0002510986814741045,0.0002510986814741045,-0.025109868147410452
Herwig_minus,224,MUR1.0_MUF1.0_PDF26462,pdf,4,0.63,0.84,0.6500856876373291,0.649655818939209,0.9993387507119524,-0.0006612492725253105,0.0006612492725253105,-0.06612492725253105
Herwig_minus,224,MUR1.0_MUF1.0_PDF26462,pdf,5,0.84,1.05,0.6886215806007385,0.6879239678382874,0.9989869432180115,-0.001013056724332273,0.001013056724332273,-0.1013056724332273
Herwig_minus,224,MUR1.0_MUF1.0_PDF26462,pdf,6,1.05,1.37,0.6677588224411011,0.6676090359687805,0.9997756877673694,-0.000224312228965573,0.000224312228965573,-0.0224312228965573
Herwig_minus,224,MUR1.0_MUF1.0_PDF26462,pdf,7,1.37,1.52,0.6296678781509399,0.6303390860557556,1.0010659713288643,0.0010659713298082352,0.0010659713298082352,0.10659713298082352
Herwig_minus,224,MUR1.0_MUF1.0_PDF26462,pdf,8,1.52,1.74,0.6480627655982971,0.6483484506607056,1.000440829310946,0.00044082931708544493,0.00044082931708544493,0.04408293170854449
Herwig_minus,224,MUR1.0_MUF1.0_PDF26462,pdf,9,1.74,1.95,0.6190352439880371,0.6191051602363586,1.0001129438897067,0.00011294388968963176,0.00011294388968963176,0.011294388968963176
Herwig_minus,224,MUR1.0_MUF1.0_PDF26462,pdf,10,1.95,2.18,0.6013617515563965,0.6032900214195251,1.0032065056650812,0.003206505673006177,0.003206505673006177,0.3206505673006177
Herwig_minus,224,MUR1.0_MUF1.0_PDF26462,pdf,11,2.18,2.5,0.6056520938873291,0.6091428399085999,1.0057636158720524,0.005763615947216749,0.005763615947216749,0.5763615947216749
Herwig_minus,225,MUR1.0_MUF1.0_PDF26500,pdf,1,0.0,0.21,0.69124835729599,0.690826952457428,0.9993903712983703,-0.0006096286815591156,0.0006096286815591156,-0.060962868155911565
Herwig_minus,225,MUR1.0_MUF1.0_PDF26500,pdf,2,0.21,0.42,0.6720393300056458,0.6721364259719849,1.0001444795892203,0.00014447959256358445,0.00014447959256358445,0.014447959256358445
Herwig_minus,225,MUR1.0_MUF1.0_PDF26500,pdf,3,0.42,0.63,0.6428124904632568,0.642651379108429,0.9997493649280029,-0.00025063505745492876,0.00025063505745492876,-0.025063505745492876
Herwig_minus,225,MUR1.0_MUF1.0_PDF26500,pdf,4,0.63,0.84,0.6500856876373291,0.6496550440788269,0.9993375587761864,-0.0006624412490054965,0.0006624412490054965,-0.06624412490054965
Herwig_minus,225,MUR1.0_MUF1.0_PDF26500,pdf,5,0.84,1.05,0.6886215806007385,0.6879225373268127,0.9989848658630246,-0.0010151341557502747,0.0010151341557502747,-0.10151341557502747
Herwig_minus,225,MUR1.0_MUF1.0_PDF26500,pdf,6,1.05,1.37,0.6677588224411011,0.667609453201294,0.9997763125925299,-0.00022368741338141263,0.00022368741338141263,-0.022368741338141263
Herwig_minus,225,MUR1.0_MUF1.0_PDF26500,pdf,7,1.37,1.52,0.6296678781509399,0.6303377151489258,1.0010637941385114,0.0010637941304594278,0.0010637941304594278,0.10637941304594278
Herwig_minus,225,MUR1.0_MUF1.0_PDF26500,pdf,8,1.52,1.74,0.6480627655982971,0.6483497023582458,1.000442760755872,0.0004427607636898756,0.0004427607636898756,0.04427607636898756
Herwig_minus,225,MUR1.0_MUF1.0_PDF26500,pdf,9,1.74,1.95,0.6190352439880371,0.6191057562828064,1.0001139067532165,0.00011390675354050472,0.00011390675354050472,0.011390675354050472
Herwig_minus,225,MUR1.0_MUF1.0_PDF26500,pdf,10,1.95,2.18,0.6013617515563965,0.6032903790473938,1.0032071003618135,0.003207100322470069,0.003207100322470069,0.3207100322470069
Herwig_minus,225,MUR1.0_MUF1.0_PDF26500,pdf,11,2.18,2.5,0.6056520938873291,0.6091426014900208,1.0057632222160549,0.005763221997767687,0.005763221997767687,0.5763221997767687
Herwig_minus,226,MUR1.0_MUF1.0_PDF26501,scale,1,0.0,0.21,0.69124835729599,0.6907928586006165,0.9993410491459895,-0.0006589508266188204,0.0006589508266188204,-0.06589508266188204
Herwig_minus,226,MUR1.0_MUF1.0_PDF26501,scale,2,0.21,0.42,0.6720393300056458,0.6721210479736328,1.0001215970023456,0.00012159700418123975,0.00012159700418123975,0.012159700418123975
Herwig_minus,226,MUR1.0_MUF1.0_PDF26501,scale,3,0.42,0.63,0.6428124904632568,0.6426247954368591,0.9997080096774995,-0.00029199031996540725,0.00029199031996540725,-0.029199031996540725
Herwig_minus,226,MUR1.0_MUF1.0_PDF26501,scale,4,0.63,0.84,0.6500856876373291,0.6496245265007019,0.999290614844478,-0.0007093851454555988,0.0007093851454555988,-0.07093851454555988
Herwig_minus,226,MUR1.0_MUF1.0_PDF26501,scale,5,0.84,1.05,0.6886215806007385,0.6878888607025146,0.9989359614643726,-0.0010640384862199426,0.0010640384862199426,-0.10640384862199426
Herwig_minus,226,MUR1.0_MUF1.0_PDF26501,scale,6,1.05,1.37,0.6677588224411011,0.6676113605499268,0.999779168936121,-0.00022083106159698218,0.00022083106159698218,-0.022083106159698218
Herwig_minus,226,MUR1.0_MUF1.0_PDF26501,scale,7,1.37,1.52,0.6296678781509399,0.6303569674491882,1.0010943694639018,0.001094369450584054,0.001094369450584054,0.1094369450584054
Herwig_minus,226,MUR1.0_MUF1.0_PDF26501,scale,8,1.52,1.74,0.6480627655982971,0.6483970284461975,1.0005157877687847,0.0005157877458259463,0.0005157877458259463,0.05157877458259463
Herwig_minus,226,MUR1.0_MUF1.0_PDF26501,scale,9,1.74,1.95,0.6190352439880371,0.6191418170928955,1.000172159995563,0.000172159998328425,0.000172159998328425,0.0172159998328425
Herwig_minus,226,MUR1.0_MUF1.0_PDF26501,scale,10,1.95,2.18,0.6013617515563965,0.6034284830093384,1.0034367524166492,0.003436752362176776,0.003436752362176776,0.3436752362176776
Herwig_minus,226,MUR1.0_MUF1.0_PDF26501,scale,11,2.18,2.5,0.6056520938873291,0.6093473434448242,1.0061012743038291,0.006101274397224188,0.006101274397224188,0.6101274397224188
Herwig_minus,227,MUR1.0_MUF1.0_PDF26502,pdf,1,0.0,0.21,0.69124835729599,0.6908668875694275,0.9994481437495856,-0.0005518562393262982,0.0005518562393262982,-0.055185623932629824
Herwig_minus,227,MUR1.0_MUF1.0_PDF26502,pdf,2,0.21,0.42,0.6720393300056458,0.6721514463424683,1.0001668300229118,0.00016683002468198538,0.00016683002468198538,0.016683002468198538
Herwig_minus,227,MUR1.0_MUF1.0_PDF26502,pdf,3,0.42,0.63,0.6428124904632568,0.6426795125007629,0.9997931310227061,-0.00020686897914856672,0.00020686897914856672,-0.020686897914856672
Herwig_minus,227,MUR1.0_MUF1.0_PDF26502,pdf,4,0.63,0.84,0.6500856876373291,0.6496923565864563,0.9993949550676892,-0.0006050449446775019,0.0006050449446775019,-0.06050449446775019
Herwig_minus,227,MUR1.0_MUF1.0_PDF26502,pdf,5,0.84,1.05,0.6886215806007385,0.6879627704620361,0.9990432914720336,-0.0009567085071466863,0.0009567085071466863,-0.09567085071466863
Herwig_minus,227,MUR1.0_MUF1.0_PDF26502,pdf,6,1.05,1.37,0.6677588224411011,0.6676062345504761,0.9997714925127201,-0.00022850748791825026,0.00022850748791825026,-0.022850748791825026
Herwig_minus,227,MUR1.0_MUF1.0_PDF26502,pdf,7,1.37,1.52,0.6296678781509399,0.6303139328956604,1.0010260246189113,0.0010260245762765408,0.0010260245762765408,0.10260245762765408
Herwig_minus,227,MUR1.0_MUF1.0_PDF26502,pdf,8,1.52,1.74,0.6480627655982971,0.6482940316200256,1.0003568574434532,0.0003568574320524931,0.0003568574320524931,0.03568574320524931
Herwig_minus,227,MUR1.0_MUF1.0_PDF26502,pdf,9,1.74,1.95,0.6190352439880371,0.6190621256828308,1.0000434251442947,4.342514512245543e-05,4.342514512245543e-05,0.004342514512245543
Herwig_minus,227,MUR1.0_MUF1.0_PDF26502,pdf,10,1.95,2.18,0.6013617515563965,0.6031287908554077,1.0029383965548822,0.002938396530225873,0.002938396530225873,0.2938396530225873
Herwig_minus,227,MUR1.0_MUF1.0_PDF26502,pdf,11,2.18,2.5,0.6056520938873291,0.6089037656784058,1.0053688773206513,0.005368877202272415,0.005368877202272415,0.5368877202272415
Herwig_minus,228,MUR1.0_MUF1.0_PDF26503,pdf,1,0.0,0.21,0.69124835729599,0.6908208727836609,0.9993815760893793,-0.0006184239173308015,0.0006184239173308015,-0.06184239173308015
Herwig_minus,228,MUR1.0_MUF1.0_PDF26503,pdf,2,0.21,0.42,0.6720393300056458,0.6721335649490356,1.0001402223637552,0.00014022235700394958,0.00014022235700394958,0.014022235700394958
Herwig_minus,228,MUR1.0_MUF1.0_PDF26503,pdf,3,0.42,0.63,0.6428124904632568,0.6426483988761902,0.9997447286891572,-0.00025527129764668643,0.00025527129764668643,-0.025527129764668643
Herwig_minus,228,MUR1.0_MUF1.0_PDF26503,pdf,4,0.63,0.84,0.6500856876373291,0.6496490240097046,0.999328298352158,-0.0006717016221955419,0.0006717016221955419,-0.06717016221955419
Herwig_minus,228,MUR1.0_MUF1.0_PDF26503,pdf,5,0.84,1.05,0.6886215806007385,0.6879161596298218,0.9989756043220409,-0.0010243956930935383,0.0010243956930935383,-0.10243956930935383
Herwig_minus,228,MUR1.0_MUF1.0_PDF26503,pdf,6,1.05,1.37,0.6677588224411011,0.6676057577133179,0.9997707784268224,-0.00022922157950233668,0.00022922157950233668,-0.022922157950233668
Herwig_minus,228,MUR1.0_MUF1.0_PDF26503,pdf,7,1.37,1.52,0.6296678781509399,0.6303383708000183,1.0010648354034628,0.001064835349097848,0.001064835349097848,0.1064835349097848
Herwig_minus,228,MUR1.0_MUF1.0_PDF26503,pdf,8,1.52,1.74,0.6480627655982971,0.6483410596847534,1.0004294245885264,0.0004294246027711779,0.0004294246027711779,0.04294246027711779
Herwig_minus,228,MUR1.0_MUF1.0_PDF26503,pdf,9,1.74,1.95,0.6190352439880371,0.619098961353302,1.0001029301092041,0.00010293010564055294,0.00010293010564055294,0.010293010564055294
Herwig_minus,228,MUR1.0_MUF1.0_PDF26503,pdf,10,1.95,2.18,0.6013617515563965,0.6032775044441223,1.0031856912794463,0.003185691311955452,0.003185691311955452,0.3185691311955452
Herwig_minus,228,MUR1.0_MUF1.0_PDF26503,pdf,11,2.18,2.5,0.6056520938873291,0.6091296076774597,1.0057417679641962,0.005741768050938845,0.005741768050938845,0.5741768050938845
Herwig_minus,229,MUR1.0_MUF1.0_PDF26504,pdf,1,0.0,0.21,0.69124835729599,0.6908355951309204,0.9994028742915437,-0.0005971257342025638,0.0005971257342025638,-0.059712573420256376
Herwig_minus,229,MUR1.0_MUF1.0_PDF26504,pdf,2,0.21,0.42,0.6720393300056458,0.6721399426460266,1.0001497124288545,0.0001497124321758747,0.0001497124321758747,0.014971243217587471
Herwig_minus,229,MUR1.0_MUF1.0_PDF26504,pdf,3,0.42,0.63,0.6428124904632568,0.6426530480384827,0.9997519612217565,-0.0002480387920513749,0.0002480387920513749,-0.02480387920513749
Herwig_minus,229,MUR1.0_MUF1.0_PDF26504,pdf,4,0.63,0.84,0.6500856876373291,0.6496651768684387,0.9993531456285114,-0.0006468543433584273,0.0006468543433584273,-0.06468543433584273
Herwig_minus,229,MUR1.0_MUF1.0_PDF26504,pdf,5,0.84,1.05,0.6886215806007385,0.6879305243492126,0.9989964644283686,-0.0010035355808213353,0.0010035355808213353,-0.10035355808213353
Herwig_minus,229,MUR1.0_MUF1.0_PDF26504,pdf,6,1.05,1.37,0.6677588224411011,0.6676125526428223,0.9997809541508653,-0.00021904584718868136,0.00021904584718868136,-0.021904584718868136
Herwig_minus,229,MUR1.0_MUF1.0_PDF26504,pdf,7,1.37,1.52,0.6296678781509399,0.6303380727767944,1.001064362101212,0.0010643621208146214,0.0010643621208146214,0.10643621208146214
Herwig_minus,229,MUR1.0_MUF1.0_PDF26504,pdf,8,1.52,1.74,0.6480627655982971,0.648359477519989,1.0004578444210075,0.00045784443500451744,0.00045784443500451744,0.045784443500451744
Herwig_minus,229,MUR1.0_MUF1.0_PDF26504,pdf,9,1.74,1.95,0.6190352439880371,0.6191132664680481,1.0001260388334408,0.00012603883806150407,0.00012603883806150407,0.012603883806150407
Herwig_minus,229,MUR1.0_MUF1.0_PDF26504,pdf,10,1.95,2.18,0.6013617515563965,0.6033048629760742,1.0032311855794764,0.0032311854884028435,0.0032311854884028435,0.32311854884028435
Herwig_minus,229,MUR1.0_MUF1.0_PDF26504,pdf,11,2.18,2.5,0.6056520938873291,0.6091603636741638,1.005792549587862,0.005792549811303616,0.005792549811303616,0.5792549811303616
Herwig_minus,230,MUR1.0_MUF1.0_PDF26505,pdf,1,0.0,0.21,0.69124835729599,0.690852165222168,0.9994268455474211,-0.0005731544806621969,0.0005731544806621969,-0.05731544806621969
Herwig_minus,230,MUR1.0_MUF1.0_PDF26505,pdf,2,0.21,0.42,0.6720393300056458,0.6721408367156982,1.0001510428118123,0.0001510428119217977,0.0001510428119217977,0.01510428119217977
Herwig_minus,230,MUR1.0_MUF1.0_PDF26505,pdf,3,0.42,0.63,0.6428124904632568,0.6426753401756287,0.9997866402883221,-0.00021335971541702747,0.00021335971541702747,-0.021335971541702747
Herwig_minus,230,MUR1.0_MUF1.0_PDF26505,pdf,4,0.63,0.84,0.6500856876373291,0.6497036814689636,0.9994123756673465,-0.0005876243230886757,0.0005876243230886757,-0.058762432308867574
Herwig_minus,230,MUR1.0_MUF1.0_PDF26505,pdf,5,0.84,1.05,0.6886215806007385,0.6879872679710388,0.9990788661761858,-0.0009211338474415243,0.0009211338474415243,-0.09211338474415243
Herwig_minus,230,MUR1.0_MUF1.0_PDF26505,pdf,6,1.05,1.37,0.6677588224411011,0.6676343679428101,0.9998136235806874,-0.00018637641915120184,0.00018637641915120184,-0.018637641915120184
Herwig_minus,230,MUR1.0_MUF1.0_PDF26505,pdf,7,1.37,1.52,0.6296678781509399,0.630357563495636,1.001095316068403,0.0010953160235658288,0.0010953160235658288,0.10953160235658288
Herwig_minus,230,MUR1.0_MUF1.0_PDF26505,pdf,8,1.52,1.74,0.6480627655982971,0.6483293771743774,1.000411397769218,0.0004113977774977684,0.0004113977774977684,0.04113977774977684
Herwig_minus,230,MUR1.0_MUF1.0_PDF26505,pdf,9,1.74,1.95,0.6190352439880371,0.6190975904464722,1.0001007155231314,0.00010071552242152393,0.00010071552242152393,0.010071552242152393
Herwig_minus,230,MUR1.0_MUF1.0_PDF26505,pdf,10,1.95,2.18,0.6013617515563965,0.6031650900840759,1.0029987582732227,0.002998758340254426,0.002998758340254426,0.2998758340254426
Herwig_minus,230,MUR1.0_MUF1.0_PDF26505,pdf,11,2.18,2.5,0.6056520938873291,0.6089661121368408,1.0054718183639735,0.005471818149089813,0.005471818149089813,0.5471818149089813
Herwig_minus,231,MUR1.0_MUF1.0_PDF26506,pdf,1,0.0,0.21,0.69124835729599,0.6907764673233032,0.9993173365727295,-0.0006826634053140879,0.0006826634053140879,-0.06826634053140879
Herwig_minus,231,MUR1.0_MUF1.0_PDF26506,pdf,2,0.21,0.42,0.6720393300056458,0.6721237301826477,1.0001255881512192,0.00012558815069496632,0.00012558815069496632,0.012558815069496632
Herwig_minus,231,MUR1.0_MUF1.0_PDF26506,pdf,3,0.42,0.63,0.6428124904632568,0.6426001787185669,0.9996697143446343,-0.0003302856639493257,0.0003302856639493257,-0.03302856639493257
Herwig_minus,231,MUR1.0_MUF1.0_PDF26506,pdf,4,0.63,0.84,0.6500856876373291,0.6495583057403564,0.9991887501801657,-0.0008112498326227069,0.0008112498326227069,-0.08112498326227069
Herwig_minus,231,MUR1.0_MUF1.0_PDF26506,pdf,5,0.84,1.05,0.6886215806007385,0.6877912282943726,0.9987941819865105,-0.0012058180291205645,0.0012058180291205645,-0.12058180291205645
Herwig_minus,231,MUR1.0_MUF1.0_PDF26506,pdf,6,1.05,1.37,0.6677588224411011,0.6675553321838379,0.9996952638431353,-0.00030473616789095104,0.00030473616789095104,-0.030473616789095104
Herwig_minus,231,MUR1.0_MUF1.0_PDF26506,pdf,7,1.37,1.52,0.6296678781509399,0.6302977204322815,1.001000276976477,0.0010002769995480776,0.0010002769995480776,0.10002769995480776
Herwig_minus,231,MUR1.0_MUF1.0_PDF26506,pdf,8,1.52,1.74,0.6480627655982971,0.6483907103538513,1.0005060385705873,0.0005060385446995497,0.0005060385446995497,0.05060385446995497
Herwig_minus,231,MUR1.0_MUF1.0_PDF26506,pdf,9,1.74,1.95,0.6190352439880371,0.6191232204437256,1.0001421186540556,0.00014211866073310375,0.00014211866073310375,0.014211866073310375
Herwig_minus,231,MUR1.0_MUF1.0_PDF26506,pdf,10,1.95,2.18,0.6013617515563965,0.6035440564155579,1.0036289385773427,0.003628938691690564,0.003628938691690564,0.3628938691690564
Herwig_minus,231,MUR1.0_MUF1.0_PDF26506,pdf,11,2.18,2.5,0.6056520938873291,0.6095019578933716,1.0063565602181483,0.006356560159474611,0.006356560159474611,0.6356560159474611
Herwig_minus,232,MUR1.0_MUF1.0_PDF26507,pdf,1,0.0,0.21,0.69124835729599,0.6907904744148254,0.9993376000444244,-0.0006623999797739089,0.0006623999797739089,-0.06623999797739089
Herwig_minus,232,MUR1.0_MUF1.0_PDF26507,pdf,2,0.21,0.42,0.6720393300056458,0.6721094250679016,1.0001043020238938,0.0001043020238284953,0.0001043020238284953,0.01043020238284953
Herwig_minus,232,MUR1.0_MUF1.0_PDF26507,pdf,3,0.42,0.63,0.6428124904632568,0.642636239528656,0.9997258128346669,-0.00027418715762905777,0.00027418715762905777,-0.027418715762905777
Herwig_minus,232,MUR1.0_MUF1.0_PDF26507,pdf,4,0.63,0.84,0.6500856876373291,0.6496468782424927,0.9993249976069597,-0.0006750024040229619,0.0006750024040229619,-0.06750024040229619
Herwig_minus,232,MUR1.0_MUF1.0_PDF26507,pdf,5,0.84,1.05,0.6886215806007385,0.6879327297210693,0.9989996670173069,-0.0010003329953178763,0.0010003329953178763,-0.10003329953178763
Herwig_minus,232,MUR1.0_MUF1.0_PDF26507,pdf,6,1.05,1.37,0.6677588224411011,0.6676097512245178,0.999776758896216,-0.00022324110614135861,0.00022324110614135861,-0.02232411061413586
Herwig_minus,232,MUR1.0_MUF1.0_PDF26507,pdf,7,1.37,1.52,0.6296678781509399,0.6303171515464783,1.001031136283218,0.0010311362566426396,0.0010311362566426396,0.10311362566426396
Herwig_minus,232,MUR1.0_MUF1.0_PDF26507,pdf,8,1.52,1.74,0.6480627655982971,0.6483317017555237,1.000414984738366,0.00041498473729006946,0.00041498473729006946,0.041498473729006946
Herwig_minus,232,MUR1.0_MUF1.0_PDF26507,pdf,9,1.74,1.95,0.6190352439880371,0.6190887093544006,1.0000863688568344,8.636885468149558e-05,8.636885468149558e-05,0.008636885468149558
Herwig_minus,232,MUR1.0_MUF1.0_PDF26507,pdf,10,1.95,2.18,0.6013617515563965,0.603177011013031,1.0030185814976367,0.0030185815412551165,0.0030185815412551165,0.30185815412551165
Herwig_minus,232,MUR1.0_MUF1.0_PDF26507,pdf,11,2.18,2.5,0.6056520938873291,0.608977735042572,1.0054910090938471,0.00549100898206234,0.00549100898206234,0.549100898206234
Herwig_minus,233,MUR1.0_MUF1.0_PDF26508,pdf,1,0.0,0.21,0.69124835729599,0.6908652186393738,0.99944572937849,-0.000554270634893328,0.000554270634893328,-0.055427063489332795
Herwig_minus,233,MUR1.0_MUF1.0_PDF26508,pdf,2,0.21,0.42,0.6720393300056458,0.6721636652946472,1.0001850119233355,0.00018501192971598357,0.00018501192971598357,0.018501192971598357
Herwig_minus,233,MUR1.0_MUF1.0_PDF26508,pdf,3,0.42,0.63,0.6428124904632568,0.6426623463630676,0.999766426286955,-0.00023357370810117573,0.00023357370810117573,-0.023357370810117573
Herwig_minus,233,MUR1.0_MUF1.0_PDF26508,pdf,4,0.63,0.84,0.6500856876373291,0.6496643424034119,0.9993518620053787,-0.000648137996904552,0.000648137996904552,-0.0648137996904552
Herwig_minus,233,MUR1.0_MUF1.0_PDF26508,pdf,5,0.84,1.05,0.6886215806007385,0.6879134178161621,0.9989716227249825,-0.0010283773299306631,0.0010283773299306631,-0.10283773299306631
Herwig_minus,233,MUR1.0_MUF1.0_PDF26508,pdf,6,1.05,1.37,0.6677588224411011,0.667605996131897,0.9997711354697713,-0.00022886453371029347,0.00022886453371029347,-0.022886453371029347
Herwig_minus,233,MUR1.0_MUF1.0_PDF26508,pdf,7,1.37,1.52,0.6296678781509399,0.6303593516349792,1.001098155881907,0.001098155858926475,0.001098155858926475,0.1098155858926475
Herwig_minus,233,MUR1.0_MUF1.0_PDF26508,pdf,8,1.52,1.74,0.6480627655982971,0.6483685970306396,1.0004719163768963,0.00047191636986099184,0.00047191636986099184,0.047191636986099184
Herwig_minus,233,MUR1.0_MUF1.0_PDF26508,pdf,9,1.74,1.95,0.6190352439880371,0.6191226840019226,1.0001412520768966,0.00014125207962933928,0.00014125207962933928,0.014125207962933928
Herwig_minus,233,MUR1.0_MUF1.0_PDF26508,pdf,10,1.95,2.18,0.6013617515563965,0.6034092903137207,1.0034048370253428,0.0034048371016979218,0.0034048371016979218,0.3404837101697922
Herwig_minus,233,MUR1.0_MUF1.0_PDF26508,pdf,11,2.18,2.5,0.6056520938873291,0.6093182563781738,1.0060532482721454,0.006053248420357704,0.006053248420357704,0.6053248420357704
Herwig_minus,234,MUR1.0_MUF1.0_PDF26509,pdf,1,0.0,0.21,0.69124835729599,0.6908129453659058,0.9993701078266755,-0.0006298921653069556,0.0006298921653069556,-0.06298921653069556
Herwig_minus,234,MUR1.0_MUF1.0_PDF26509,pdf,2,0.21,0.42,0.6720393300056458,0.6721168756484985,1.0001153885485425,0.00011538854596437886,0.00011538854596437886,0.011538854596437886
Herwig_minus,234,MUR1.0_MUF1.0_PDF26509,pdf,3,0.42,0.63,0.6428124904632568,0.6426231265068054,0.999705413383746,-0.00029458661447279155,0.00029458661447279155,-0.029458661447279155
Herwig_minus,234,MUR1.0_MUF1.0_PDF26509,pdf,4,0.63,0.84,0.6500856876373291,0.6496294140815735,0.9992981332085407,-0.0007018668111413717,0.0007018668111413717,-0.07018668111413717
Herwig_minus,234,MUR1.0_MUF1.0_PDF26509,pdf,5,0.84,1.05,0.6886215806007385,0.6879112720489502,0.998968506692502,-0.0010314933024346828,0.0010314933024346828,-0.10314933024346828
Herwig_minus,234,MUR1.0_MUF1.0_PDF26509,pdf,6,1.05,1.37,0.6677588224411011,0.667617678642273,0.9997886305742661,-0.00021136942086741328,0.00021136942086741328,-0.021136942086741328
Herwig_minus,234,MUR1.0_MUF1.0_PDF26509,pdf,7,1.37,1.52,0.6296678781509399,0.6302359700202942,1.000902208750147,0.0009022087324410677,0.0009022087324410677,0.09022087324410677
Herwig_minus,234,MUR1.0_MUF1.0_PDF26509,pdf,8,1.52,1.74,0.6480627655982971,0.6483874320983887,1.0005009800243527,0.0005009800079278648,0.0005009800079278648,0.05009800079278648
Herwig_minus,234,MUR1.0_MUF1.0_PDF26509,pdf,9,1.74,1.95,0.6190352439880371,0.6191226243972778,1.0001411557905455,0.00014115578960627317,0.00014115578960627317,0.014115578960627317
Herwig_minus,234,MUR1.0_MUF1.0_PDF26509,pdf,10,1.95,2.18,0.6013617515563965,0.603184163570404,1.003030475432285,0.0030304754618555307,0.0030304754618555307,0.3030475461855531
Herwig_minus,234,MUR1.0_MUF1.0_PDF26509,pdf,11,2.18,2.5,0.6056520938873291,0.6088352203369141,1.0052557012213965,0.005255701020359993,0.005255701020359993,0.5255701020359993
Herwig_minus,235,MUR1.0_MUF1.0_PDF26510,pdf,1,0.0,0.21,0.69124835729599,0.6908380389213562,0.999406409620648,-0.0005935903755016625,0.0005935903755016625,-0.05935903755016625
Herwig_minus,235,MUR1.0_MUF1.0_PDF26510,pdf,2,0.21,0.42,0.6720393300056458,0.6721515655517578,1.0001670074073061,0.00016700741252861917,0.00016700741252861917,0.016700741252861917
Herwig_minus,235,MUR1.0_MUF1.0_PDF26510,pdf,3,0.42,0.63,0.6428124904632568,0.6426704525947571,0.9997790368566152,-0.00022096314933151007,0.00022096314933151007,-0.022096314933151007
Herwig_minus,235,MUR1.0_MUF1.0_PDF26510,pdf,4,0.63,0.84,0.6500856876373291,0.6496779918670654,0.9993728584123343,-0.0006271415622904897,0.0006271415622904897,-0.06271415622904897
Herwig_minus,235,MUR1.0_MUF1.0_PDF26510,pdf,5,0.84,1.05,0.6886215806007385,0.6879321336746216,0.998998801452729,-0.0010011985432356596,0.0010011985432356596,-0.10011985432356596
Herwig_minus,235,MUR1.0_MUF1.0_PDF26510,pdf,6,1.05,1.37,0.6677588224411011,0.6676012277603149,0.9997639946107937,-0.00023600539134349674,0.00023600539134349674,-0.023600539134349674
Herwig_minus,235,MUR1.0_MUF1.0_PDF26510,pdf,7,1.37,1.52,0.6296678781509399,0.6304215788841248,1.001196981391838,0.0011969814077019691,0.0011969814077019691,0.11969814077019691
Herwig_minus,235,MUR1.0_MUF1.0_PDF26510,pdf,8,1.52,1.74,0.6480627655982971,0.6483189463615417,1.0003953023948353,0.0003953023988287896,0.0003953023988287896,0.03953023988287896
Herwig_minus,235,MUR1.0_MUF1.0_PDF26510,pdf,9,1.74,1.95,0.6190352439880371,0.6190934777259827,1.0000940717649134,9.407176548847929e-05,9.407176548847929e-05,0.009407176548847929
Herwig_minus,235,MUR1.0_MUF1.0_PDF26510,pdf,10,1.95,2.18,0.6013617515563965,0.603382408618927,1.0033601356542894,0.0033601357135921717,0.0033601357135921717,0.33601357135921717
Herwig_minus,235,MUR1.0_MUF1.0_PDF26510,pdf,11,2.18,2.5,0.6056520938873291,0.6094003915786743,1.0061888627632525,0.006188862957060337,0.006188862957060337,0.6188862957060337
Herwig_minus,236,MUR1.0_MUF1.0_PDF26511,pdf,1,0.0,0.21,0.69124835729599,0.6905695199966431,0.9990179545568797,-0.000982045428827405,0.000982045428827405,-0.0982045428827405
Herwig_minus,236,MUR1.0_MUF1.0_PDF26511,pdf,2,0.21,0.42,0.6720393300056458,0.6720722913742065,1.0000490467850454,4.904678644379601e-05,4.904678644379601e-05,0.004904678644379601
Herwig_minus,236,MUR1.0_MUF1.0_PDF26511,pdf,3,0.42,0.63,0.6428124904632568,0.6425885558128357,0.9996516330131361,-0.00034836700069718063,0.00034836700069718063,-0.03483670006971806
Herwig_minus,236,MUR1.0_MUF1.0_PDF26511,pdf,4,0.63,0.84,0.6500856876373291,0.6495327353477478,0.9991494162998866,-0.0008505837176926434,0.0008505837176926434,-0.08505837176926434
Herwig_minus,236,MUR1.0_MUF1.0_PDF26511,pdf,5,0.84,1.05,0.6886215806007385,0.6877520680427551,0.9987373143937417,-0.001262685633264482,0.001262685633264482,-0.1262685633264482
Herwig_minus,236,MUR1.0_MUF1.0_PDF26511,pdf,6,1.05,1.37,0.6677588224411011,0.6675172448158264,0.9996382262320526,-0.0003617737675085664,0.0003617737675085664,-0.03617737675085664
Herwig_minus,236,MUR1.0_MUF1.0_PDF26511,pdf,7,1.37,1.52,0.6296678781509399,0.6306366920471191,1.0015386109563413,0.0015386109007522464,0.0015386109007522464,0.15386109007522464
Herwig_minus,236,MUR1.0_MUF1.0_PDF26511,pdf,8,1.52,1.74,0.6480627655982971,0.6483047008514404,1.0003733207121073,0.0003733207122422755,0.0003733207122422755,0.03733207122422755
Herwig_minus,236,MUR1.0_MUF1.0_PDF26511,pdf,9,1.74,1.95,0.6190352439880371,0.6190274953842163,0.9999874827743718,-1.2517225513875019e-05,1.2517225513875019e-05,-0.0012517225513875019
Herwig_minus,236,MUR1.0_MUF1.0_PDF26511,pdf,10,1.95,2.18,0.6013617515563965,0.6037668585777283,1.0039994346416397,0.003999434411525726,0.003999434411525726,0.39994344115257263
Herwig_minus,236,MUR1.0_MUF1.0_PDF26511,pdf,11,2.18,2.5,0.6056520938873291,0.6099279522895813,1.0070599250715175,0.007059925235807896,0.007059925235807896,0.7059925235807896
Herwig_minus,237,MUR1.0_MUF1.0_PDF26512,scale,1,0.0,0.21,0.69124835729599,0.6910638809204102,0.9997331257664012,-0.0002668742381501943,0.0002668742381501943,-0.02668742381501943
Herwig_minus,237,MUR1.0_MUF1.0_PDF26512,scale,2,0.21,0.42,0.6720393300056458,0.6721959710121155,1.0002330830942119,0.00023308309027925134,0.00023308309027925134,0.023308309027925134
Herwig_minus,237,MUR1.0_MUF1.0_PDF26512,scale,3,0.42,0.63,0.6428124904632568,0.6427088379859924,0.9998387516129474,-0.0001612483902135864,0.0001612483902135864,-0.01612483902135864
Herwig_minus,237,MUR1.0_MUF1.0_PDF26512,scale,4,0.63,0.84,0.6500856876373291,0.6497717499732971,0.999517082640024,-0.00048291735583916306,0.00048291735583916306,-0.048291735583916306
Herwig_minus,237,MUR1.0_MUF1.0_PDF26512,scale,5,0.84,1.05,0.6886215806007385,0.6880812048912048,0.9992152791536648,-0.0007847208180464804,0.0007847208180464804,-0.07847208180464804
Herwig_minus,237,MUR1.0_MUF1.0_PDF26512,scale,6,1.05,1.37,0.6677588224411011,0.6676943302154541,0.9999034198823293,-9.658011549618095e-05,9.658011549618095e-05,-0.009658011549618095
Herwig_minus,237,MUR1.0_MUF1.0_PDF26512,scale,7,1.37,1.52,0.6296678781509399,0.6300554871559143,1.0006155769071667,0.0006155769224278629,0.0006155769224278629,0.06155769224278629
Herwig_minus,237,MUR1.0_MUF1.0_PDF26512,scale,8,1.52,1.74,0.6480627655982971,0.6483914852142334,1.00050723422697,0.0005072342464700341,0.0005072342464700341,0.05072342464700341
Herwig_minus,237,MUR1.0_MUF1.0_PDF26512,scale,9,1.74,1.95,0.6190352439880371,0.619178831577301,1.0002319538195255,0.00023195381800178438,0.00023195381800178438,0.02319538180017844
Herwig_minus,237,MUR1.0_MUF1.0_PDF26512,scale,10,1.95,2.18,0.6013617515563965,0.6028355360031128,1.0024507452342986,0.0024507453199476004,0.0024507453199476004,0.24507453199476004
Herwig_minus,237,MUR1.0_MUF1.0_PDF26512,scale,11,2.18,2.5,0.6056520938873291,0.6083893179893494,1.0045194660922439,0.004519466310739517,0.004519466310739517,0.4519466310739517
Herwig_minus,238,MUR1.0_MUF1.0_PDF26513,pdf,1,0.0,0.21,0.69124835729599,0.6908533573150635,0.9994285700982036,-0.0005714299040846527,0.0005714299040846527,-0.057142990408465266
Herwig_minus,238,MUR1.0_MUF1.0_PDF26513,pdf,2,0.21,0.42,0.6720393300056458,0.6721438765525818,1.0001555661138688,0.00015556611469946802,0.00015556611469946802,0.015556611469946802
Herwig_minus,238,MUR1.0_MUF1.0_PDF26513,pdf,3,0.42,0.63,0.6428124904632568,0.6426559090614319,0.9997564120110484,-0.0002435879869153723,0.0002435879869153723,-0.02435879869153723
Herwig_minus,238,MUR1.0_MUF1.0_PDF26513,pdf,4,0.63,0.84,0.6500856876373291,0.6496698260307312,0.9993602972431076,-0.0006397027755156159,0.0006397027755156159,-0.0639702775515616
Herwig_minus,238,MUR1.0_MUF1.0_PDF26513,pdf,5,0.84,1.05,0.6886215806007385,0.6879416704177856,0.9990126504859755,-0.0009873495437204838,0.0009873495437204838,-0.09873495437204838
Herwig_minus,238,MUR1.0_MUF1.0_PDF26513,pdf,6,1.05,1.37,0.6677588224411011,0.6676236391067505,0.999797556647988,-0.0002024433488259092,0.0002024433488259092,-0.02024433488259092
Herwig_minus,238,MUR1.0_MUF1.0_PDF26513,pdf,7,1.37,1.52,0.6296678781509399,0.6303046345710754,1.0010112575886916,0.0010112576419487596,0.0010112576419487596,0.10112576419487596
Herwig_minus,238,MUR1.0_MUF1.0_PDF26513,pdf,8,1.52,1.74,0.6480627655982971,0.6483681201934814,1.000471180588353,0.00047118059592321515,0.00047118059592321515,0.047118059592321515
Herwig_minus,238,MUR1.0_MUF1.0_PDF26513,pdf,9,1.74,1.95,0.6190352439880371,0.6191226840019226,1.0001412520768966,0.00014125207962933928,0.00014125207962933928,0.014125207962933928
Herwig_minus,238,MUR1.0_MUF1.0_PDF26513,pdf,10,1.95,2.18,0.6013617515563965,0.6032447218894958,1.003131177412308,0.003131177509203553,0.003131177509203553,0.3131177509203553
Herwig_minus,238,MUR1.0_MUF1.0_PDF26513,pdf,11,2.18,2.5,0.6056520938873291,0.6090397238731384,1.0055933596531734,0.005593359470367432,0.005593359470367432,0.5593359470367432
Herwig_minus,239,MUR1.0_MUF1.0_PDF26514,pdf,1,0.0,0.21,0.69124835729599,0.6908028721809387,0.9993555353725629,-0.0006444646278396249,0.0006444646278396249,-0.06444646278396249
Herwig_minus,239,MUR1.0_MUF1.0_PDF26514,pdf,2,0.21,0.42,0.6720393300056458,0.6721290349960327,1.0001334817567689,0.00013348174979910254,0.00013348174979910254,0.013348174979910254
Herwig_minus,239,MUR1.0_MUF1.0_PDF26514,pdf,3,0.42,0.63,0.6428124904632568,0.6426466107368469,0.9997419469458498,-0.00025805304176174104,0.00025805304176174104,-0.025805304176174104
Herwig_minus,239,MUR1.0_MUF1.0_PDF26514,pdf,4,0.63,0.84,0.6500856876373291,0.649644136428833,0.9993207799880953,-0.0006792200147174299,0.0006792200147174299,-0.06792200147174299
Herwig_minus,239,MUR1.0_MUF1.0_PDF26514,pdf,5,0.84,1.05,0.6886215806007385,0.6879056692123413,0.9989603703854697,-0.0010396295692771673,0.0010396295692771673,-0.10396295692771673
Herwig_minus,239,MUR1.0_MUF1.0_PDF26514,pdf,6,1.05,1.37,0.6677588224411011,0.667596161365509,0.9997564074481301,-0.00024359255621675402,0.00024359255621675402,-0.024359255621675402
Herwig_minus,239,MUR1.0_MUF1.0_PDF26514,pdf,7,1.37,1.52,0.6296678781509399,0.6303659081459045,1.0011085685314207,0.0011085685109719634,0.0011085685109719634,0.11085685109719634
Herwig_minus,239,MUR1.0_MUF1.0_PDF26514,pdf,8,1.52,1.74,0.6480627655982971,0.6483368873596191,1.0004229864387733,0.000422986428020522,0.000422986428020522,0.0422986428020522
Herwig_minus,239,MUR1.0_MUF1.0_PDF26514,pdf,9,1.74,1.95,0.6190352439880371,0.619091272354126,1.000090509169927,9.050917287822813e-05,9.050917287822813e-05,0.009050917287822813
Herwig_minus,239,MUR1.0_MUF1.0_PDF26514,pdf,10,1.95,2.18,0.6013617515563965,0.6033317446708679,1.00327588695053,0.0032758868765085936,0.0032758868765085936,0.32758868765085936
Herwig_minus,239,MUR1.0_MUF1.0_PDF26514,pdf,11,2.18,2.5,0.6056520938873291,0.6092327833175659,1.0059121225970746,0.005912122782319784,0.005912122782319784,0.5912122782319784
Herwig_minus,240,MUR1.0_MUF1.0_PDF26515,pdf,1,0.0,0.21,0.69124835729599,0.6907607913017273,0.9992946587299391,-0.0007053412846289575,0.0007053412846289575,-0.07053412846289575
Herwig_minus,240,MUR1.0_MUF1.0_PDF26515,pdf,2,0.21,0.42,0.6720393300056458,0.6721460223197937,1.0001587590329677,0.00015875903773121536,0.00015875903773121536,0.015875903773121536
Herwig_minus,240,MUR1.0_MUF1.0_PDF26515,pdf,3,0.42,0.63,0.6428124904632568,0.6426265835762024,0.9997107914208069,-0.00028920857585035264,0.00028920857585035264,-0.028920857585035264
Herwig_minus,240,MUR1.0_MUF1.0_PDF26515,pdf,4,0.63,0.84,0.6500856876373291,0.6495382189750671,0.9991578515376155,-0.0008421484380960464,0.0008421484380960464,-0.08421484380960464
Herwig_minus,240,MUR1.0_MUF1.0_PDF26515,pdf,5,0.84,1.05,0.6886215806007385,0.6877263188362122,0.9986999220039758,-0.0013000780018046498,0.0013000780018046498,-0.13000780018046498
Herwig_minus,240,MUR1.0_MUF1.0_PDF26515,pdf,6,1.05,1.37,0.6677588224411011,0.6674819588661194,0.9995853838756191,-0.00041461613727733493,0.00041461613727733493,-0.04146161372773349
Herwig_minus,240,MUR1.0_MUF1.0_PDF26515,pdf,7,1.37,1.52,0.6296678781509399,0.6304377317428589,1.001222634373822,0.001222634338773787,0.001222634338773787,0.1222634338773787
Herwig_minus,240,MUR1.0_MUF1.0_PDF26515,pdf,8,1.52,1.74,0.6480627655982971,0.6482831239700317,1.0003400262805273,0.0003400262794457376,0.0003400262794457376,0.03400262794457376
Herwig_minus,240,MUR1.0_MUF1.0_PDF26515,pdf,9,1.74,1.95,0.6190352439880371,0.6190409660339355,1.0000092434896946,9.243489330401644e-06,9.243489330401644e-06,0.0009243489330401644
Herwig_minus,240,MUR1.0_MUF1.0_PDF26515,pdf,10,1.95,2.18,0.6013617515563965,0.603792130947113,1.0040414598773972,0.0040414598770439625,0.0040414598770439625,0.40414598770439625
Herwig_minus,240,MUR1.0_MUF1.0_PDF26515,pdf,11,2.18,2.5,0.6056520938873291,0.6101135015487671,1.0073662878515004,0.007366287987679243,0.007366287987679243,0.7366287987679243
Herwig_minus,241,MUR1.0_MUF1.0_PDF26516,pdf,1,0.0,0.21,0.69124835729599,0.6908880472183228,0.9994787545259758,-0.0005212454707361758,0.0005212454707361758,-0.05212454707361758
Herwig_minus,241,MUR1.0_MUF1.0_PDF26516,pdf,2,0.21,0.42,0.6720393300056458,0.6721235513687134,1.0001253220746276,0.00012532206892501563,0.00012532206892501563,0.012532206892501563
Herwig_minus,241,MUR1.0_MUF1.0_PDF26516,pdf,3,0.42,0.63,0.6428124904632568,0.6426724195480347,0.9997820967742533,-0.00021790323080495,0.00021790323080495,-0.021790323080495
Herwig_minus,241,MUR1.0_MUF1.0_PDF26516,pdf,4,0.63,0.84,0.6500856876373291,0.6497639417648315,0.9995050715949971,-0.0004949283902533352,0.0004949283902533352,-0.049492839025333524
Herwig_minus,241,MUR1.0_MUF1.0_PDF26516,pdf,5,0.84,1.05,0.6886215806007385,0.6881034970283508,0.9992476512688787,-0.0007523487438447773,0.0007523487438447773,-0.07523487438447773
Herwig_minus,241,MUR1.0_MUF1.0_PDF26516,pdf,6,1.05,1.37,0.6677588224411011,0.6677270531654358,0.9999524240270624,-4.757597343996167e-05,4.757597343996167e-05,-0.004757597343996167
Herwig_minus,241,MUR1.0_MUF1.0_PDF26516,pdf,7,1.37,1.52,0.6296678781509399,0.6302434206008911,1.0009140413064126,0.0009140413021668792,0.0009140413021668792,0.09140413021668792
Herwig_minus,241,MUR1.0_MUF1.0_PDF26516,pdf,8,1.52,1.74,0.6480627655982971,0.6484114527702332,1.0005380453722166,0.0005380453658290207,0.0005380453658290207,0.053804536582902074
Herwig_minus,241,MUR1.0_MUF1.0_PDF26516,pdf,9,1.74,1.95,0.6190352439880371,0.6191650032997131,1.0002096153860967,0.00020961539121344686,0.00020961539121344686,0.020961539121344686
Herwig_minus,241,MUR1.0_MUF1.0_PDF26516,pdf,10,1.95,2.18,0.6013617515563965,0.6028226613998413,1.0024293361519316,0.0024293360766023397,0.0024293360766023397,0.24293360766023397
Herwig_minus,241,MUR1.0_MUF1.0_PDF26516,pdf,11,2.18,2.5,0.6056520938873291,0.6082276701927185,1.004252567326001,0.004252567421644926,0.004252567421644926,0.4252567421644926
Herwig_minus,242,MUR1.0_MUF1.0_PDF26517,pdf,1,0.0,0.21,0.69124835729599,0.6899259090423584,0.9980868695893836,-0.0019131303997710347,0.0019131303997710347,-0.19131303997710347
Herwig_minus,242,MUR1.0_MUF1.0_PDF26517,pdf,2,0.21,0.42,0.6720393300056458,0.6718376278877258,0.9996998656047136,-0.00030013438663445413,0.00030013438663445413,-0.030013438663445413
Herwig_minus,242,MUR1.0_MUF1.0_PDF26517,pdf,3,0.42,0.63,0.6428124904632568,0.6426698565483093,0.999778109608846,-0.0002218903973698616,0.0002218903973698616,-0.02218903973698616
Herwig_minus,242,MUR1.0_MUF1.0_PDF26517,pdf,4,0.63,0.84,0.6500856876373291,0.650074303150177,0.999982487712976,-1.751228774082847e-05,1.751228774082847e-05,-0.001751228774082847
Herwig_minus,242,MUR1.0_MUF1.0_PDF26517,pdf,5,0.84,1.05,0.6886215806007385,0.6885412335395813,0.9998833218948975,-0.00011667810758808628,0.00011667810758808628,-0.011667810758808628
Herwig_minus,242,MUR1.0_MUF1.0_PDF26517,pdf,6,1.05,1.37,0.6677588224411011,0.6680421233177185,1.0004242562840004,0.0004242562863510102,0.0004242562863510102,0.04242562863510102
Herwig_minus,242,MUR1.0_MUF1.0_PDF26517,pdf,7,1.37,1.52,0.6296678781509399,0.6320652961730957,1.0038074326249513,0.0038074327167123556,0.0038074327167123556,0.38074327167123556
Herwig_minus,242,MUR1.0_MUF1.0_PDF26517,pdf,8,1.52,1.74,0.6480627655982971,0.6484498977661133,1.0005973683235123,0.0005973683437332511,0.0005973683437332511,0.05973683437332511
Herwig_minus,242,MUR1.0_MUF1.0_PDF26517,pdf,9,1.74,1.95,0.6190352439880371,0.6190379858016968,1.0000044291721453,4.42917234977358e-06,4.42917234977358e-06,0.000442917234977358
Herwig_minus,242,MUR1.0_MUF1.0_PDF26517,pdf,10,1.95,2.18,0.6013617515563965,0.6029894948005676,1.002706762177605,0.002706762170419097,0.002706762170419097,0.2706762170419097
Herwig_minus,242,MUR1.0_MUF1.0_PDF26517,pdf,11,2.18,2.5,0.6056520938873291,0.6077440977096558,1.003454134549258,0.0034541345667093992,0.0034541345667093992,0.3454134566709399
Herwig_minus,243,MUR1.0_MUF1.0_PDF26518,pdf,1,0.0,0.21,0.69124835729599,0.6914379596710205,1.0002742898019639,0.00027428980683907866,0.00027428980683907866,0.027428980683907866
Herwig_minus,243,MUR1.0_MUF1.0_PDF26518,pdf,2,0.21,0.42,0.6720393300056458,0.6723382472991943,1.0004447913689012,0.00044479136704467237,0.00044479136704467237,0.04447913670446724
Herwig_minus,243,MUR1.0_MUF1.0_PDF26518,pdf,3,0.42,0.63,0.6428124904632568,0.6426351070404053,0.9997240510639055,-0.0002759489289019257,0.0002759489289019257,-0.02759489289019257
Herwig_minus,243,MUR1.0_MUF1.0_PDF26518,pdf,4,0.63,0.84,0.6500856876373291,0.649370014667511,0.9988991097890201,-0.001100890222005546,0.001100890222005546,-0.11008902220055461
Herwig_minus,243,MUR1.0_MUF1.0_PDF26518,pdf,5,0.84,1.05,0.6886215806007385,0.6874936819076538,0.9983620921492168,-0.0016379078151658177,0.0016379078151658177,-0.16379078151658177
Herwig_minus,243,MUR1.0_MUF1.0_PDF26518,pdf,6,1.05,1.37,0.6677588224411011,0.6673005223274231,0.9993136741915253,-0.0006863258313387632,0.0006863258313387632,-0.06863258313387632
Herwig_minus,243,MUR1.0_MUF1.0_PDF26518,pdf,7,1.37,1.52,0.6296678781509399,0.6291091442108154,0.9991126529405228,-0.0008873470360413194,0.0008873470360413194,-0.08873470360413194
Herwig_minus,243,MUR1.0_MUF1.0_PDF26518,pdf,8,1.52,1.74,0.6480627655982971,0.6482729315757751,1.0003242988004164,0.00032429880229756236,0.00032429880229756236,0.032429880229756236
Herwig_minus,243,MUR1.0_MUF1.0_PDF26518,pdf,9,1.74,1.95,0.6190352439880371,0.6191484332084656,1.0001828477805226,0.00018284778343513608,0.00018284778343513608,0.018284778343513608
Herwig_minus,243,MUR1.0_MUF1.0_PDF26518,pdf,10,1.95,2.18,0.6013617515563965,0.6034998893737793,1.003555493530889,0.0035554934293031693,0.0035554934293031693,0.3555493429303169
Herwig_minus,243,MUR1.0_MUF1.0_PDF26518,pdf,11,2.18,2.5,0.6056520938873291,0.610158383846283,1.0074403935930125,0.007440393790602684,0.007440393790602684,0.7440393790602684
Herwig_minus,244,MUR1.0_MUF1.0_PDF26519,pdf,1,0.0,0.21,0.69124835729599,0.6914354562759399,1.0002706682453204,0.00027066824259236455,0.00027066824259236455,0.027066824259236455
Herwig_minus,244,MUR1.0_MUF1.0_PDF26519,pdf,2,0.21,0.42,0.6720393300056458,0.6723569631576538,1.0004726407188183,0.000472640705993399,0.000472640705993399,0.0472640705993399
Herwig_minus,244,MUR1.0_MUF1.0_PDF26519,pdf,3,0.42,0.63,0.6428124904632568,0.6426452994346619,0.9997399070007578,-0.0002600929874461144,0.0002600929874461144,-0.026009298744611442
Herwig_minus,244,MUR1.0_MUF1.0_PDF26519,pdf,4,0.63,0.84,0.6500856876373291,0.6493262648582458,0.9988318112619226,-0.0011681887554004788,0.0011681887554004788,-0.11681887554004788
Herwig_minus,244,MUR1.0_MUF1.0_PDF26519,pdf,5,0.84,1.05,0.6886215806007385,0.6874194741249084,0.9982543293592667,-0.0017456706846132874,0.0017456706846132874,-0.17456706846132874
Herwig_minus,244,MUR1.0_MUF1.0_PDF26519,pdf,6,1.05,1.37,0.6677588224411011,0.6672242879867554,0.9991995097086226,-0.0008004902629181743,0.0008004902629181743,-0.08004902629181743
Herwig_minus,244,MUR1.0_MUF1.0_PDF26519,pdf,7,1.37,1.52,0.6296678781509399,0.6290961503982544,0.9990920169623954,-0.0009079830488190055,0.0009079830488190055,-0.09079830488190055
Herwig_minus,244,MUR1.0_MUF1.0_PDF26519,pdf,8,1.52,1.74,0.6480627655982971,0.6481921076774597,1.0001995826423435,0.00019958264601882547,0.00019958264601882547,0.019958264601882547
Herwig_minus,244,MUR1.0_MUF1.0_PDF26519,pdf,9,1.74,1.95,0.6190352439880371,0.61906898021698,1.0000544980746582,5.449807576951571e-05,5.449807576951571e-05,0.005449807576951571
Herwig_minus,244,MUR1.0_MUF1.0_PDF26519,pdf,10,1.95,2.18,0.6013617515563965,0.6035701036453247,1.0036722523226873,0.003672252409160137,0.003672252409160137,0.3672252409160137
Herwig_minus,244,MUR1.0_MUF1.0_PDF26519,pdf,11,2.18,2.5,0.6056520938873291,0.6102632284164429,1.0076135038178726,0.007613503839820623,0.007613503839820623,0.7613503839820623
Herwig_minus,245,MUR1.0_MUF1.0_PDF26520,pdf,1,0.0,0.21,0.69124835729599,0.6899547576904297,0.9981286037183212,-0.0018713963218033314,0.0018713963218033314,-0.18713963218033314
Herwig_minus,245,MUR1.0_MUF1.0_PDF26520,pdf,2,0.21,0.42,0.6720393300056458,0.6718171834945679,0.9996694441810778,-0.0003305558057036251,0.0003305558057036251,-0.03305558057036251
Herwig_minus,245,MUR1.0_MUF1.0_PDF26520,pdf,3,0.42,0.63,0.6428124904632568,0.642656683921814,0.9997576174331482,-0.00024238256446551532,0.00024238256446551532,-0.02423825644655153
Herwig_minus,245,MUR1.0_MUF1.0_PDF26520,pdf,4,0.63,0.84,0.6500856876373291,0.650122880935669,1.0000572129167695,5.72129174543079e-05,5.72129174543079e-05,0.00572129174543079
Herwig_minus,245,MUR1.0_MUF1.0_PDF26520,pdf,5,0.84,1.05,0.6886215806007385,0.688632071018219,1.0000152339365713,1.5233936210279353e-05,1.5233936210279353e-05,0.0015233936210279353
Herwig_minus,245,MUR1.0_MUF1.0_PDF26520,pdf,6,1.05,1.37,0.6677588224411011,0.6681422591209412,1.000574214322528,0.0005742143257521093,0.0005742143257521093,0.05742143257521093
Herwig_minus,245,MUR1.0_MUF1.0_PDF26520,pdf,7,1.37,1.52,0.6296678781509399,0.632046103477478,1.0037769519600108,0.003776951925829053,0.003776951925829053,0.3776951925829053
Herwig_minus,245,MUR1.0_MUF1.0_PDF26520,pdf,8,1.52,1.74,0.6480627655982971,0.6485705375671387,1.0007835228249424,0.0007835228461772203,0.0007835228461772203,0.07835228461772203
Herwig_minus,245,MUR1.0_MUF1.0_PDF26520,pdf,9,1.74,1.95,0.6190352439880371,0.61915522813797,1.000193824424535,0.00019382442405913025,0.00019382442405913025,0.019382442405913025
Herwig_minus,245,MUR1.0_MUF1.0_PDF26520,pdf,10,1.95,2.18,0.6013617515563965,0.6029233932495117,1.0025968423982294,0.002596842357888818,0.002596842357888818,0.2596842357888818
Herwig_minus,245,MUR1.0_MUF1.0_PDF26520,pdf,11,2.18,2.5,0.6056520938873291,0.6076623797416687,1.0033192089561462,0.003319208975881338,0.003319208975881338,0.3319208975881338
Herwig_minus,246,MUR1.0_MUF1.0_PDF26521,pdf,1,0.0,0.21,0.69124835729599,0.6912370920181274,0.999983702995105,-1.629700454941485e-05,1.629700454941485e-05,-0.001629700454941485
Herwig_minus,246,MUR1.0_MUF1.0_PDF26521,pdf,2,0.21,0.42,0.6720393300056458,0.6722893714904785,1.0003720637672064,0.00037206377601251006,0.00037206377601251006,0.037206377601251006
Herwig_minus,246,MUR1.0_MUF1.0_PDF26521,pdf,3,0.42,0.63,0.6428124904632568,0.6426957249641418,0.9998183521620265,-0.00018164783250540495,0.00018164783250540495,-0.018164783250540495
Herwig_minus,246,MUR1.0_MUF1.0_PDF26521,pdf,4,0.63,0.84,0.6500856876373291,0.6495618224143982,0.9991941597347961,-0.0008058402454480529,0.0008058402454480529,-0.08058402454480529
Herwig_minus,246,MUR1.0_MUF1.0_PDF26521,pdf,5,0.84,1.05,0.6886215806007385,0.687749445438385,0.9987335059095989,-0.0012664940441027284,0.0012664940441027284,-0.12664940441027284
Herwig_minus,246,MUR1.0_MUF1.0_PDF26521,pdf,6,1.05,1.37,0.6677588224411011,0.6674463748931885,0.9995320952154996,-0.00046790478518232703,0.00046790478518232703,-0.0467904785182327
Herwig_minus,246,MUR1.0_MUF1.0_PDF26521,pdf,7,1.37,1.52,0.6296678781509399,0.6296452283859253,0.9999640290289523,-3.59709702024702e-05,3.59709702024702e-05,-0.00359709702024702
Herwig_minus,246,MUR1.0_MUF1.0_PDF26521,pdf,8,1.52,1.74,0.6480627655982971,0.6482614874839783,1.0003066398753795,0.00030663987854495645,0.00030663987854495645,0.030663987854495645
Herwig_minus,246,MUR1.0_MUF1.0_PDF26521,pdf,9,1.74,1.95,0.6190352439880371,0.6190807819366455,1.0000735627721533,7.356276910286397e-05,7.356276910286397e-05,0.007356276910286397
Herwig_minus,246,MUR1.0_MUF1.0_PDF26521,pdf,10,1.95,2.18,0.6013617515563965,0.6032123565673828,1.003077357358024,0.0030773573089390993,0.0030773573089390993,0.30773573089390993
Herwig_minus,246,MUR1.0_MUF1.0_PDF26521,pdf,11,2.18,2.5,0.6056520938873291,0.6092367768287659,1.0059187163350312,0.005918716546148062,0.005918716546148062,0.5918716546148062
Herwig_minus,247,MUR1.0_MUF1.0_PDF26522,pdf,1,0.0,0.21,0.69124835729599,0.6901225447654724,0.9983713342409644,-0.0016286657191812992,0.0016286657191812992,-0.16286657191812992
Herwig_minus,247,MUR1.0_MUF1.0_PDF26522,pdf,2,0.21,0.42,0.6720393300056458,0.6718725562095642,0.9997518392322662,-0.0002481607662048191,0.0002481607662048191,-0.02481607662048191
Herwig_minus,247,MUR1.0_MUF1.0_PDF26522,pdf,3,0.42,0.63,0.6428124904632568,0.6425735354423523,0.999628266369354,-0.0003717336221598089,0.0003717336221598089,-0.03717336221598089
Herwig_minus,247,MUR1.0_MUF1.0_PDF26522,pdf,4,0.63,0.84,0.6500856876373291,0.6498135924339294,0.9995814471713897,-0.00041855283780023456,0.00041855283780023456,-0.041855283780023456
Herwig_minus,247,MUR1.0_MUF1.0_PDF26522,pdf,5,0.84,1.05,0.6886215806007385,0.6882135272026062,0.9994074344899613,-0.0005925655132159591,0.0005925655132159591,-0.05925655132159591
Herwig_minus,247,MUR1.0_MUF1.0_PDF26522,pdf,6,1.05,1.37,0.6677588224411011,0.6678807735443115,1.0001826274683494,0.0001826274674385786,0.0001826274674385786,0.01826274674385786
Herwig_minus,247,MUR1.0_MUF1.0_PDF26522,pdf,7,1.37,1.52,0.6296678781509399,0.6314941644668579,1.002900396191848,0.002900396240875125,0.002900396240875125,0.2900396240875125
Herwig_minus,247,MUR1.0_MUF1.0_PDF26522,pdf,8,1.52,1.74,0.6480627655982971,0.6484924554824829,1.000663037450993,0.0006630374700762331,0.0006630374700762331,0.06630374700762331
Herwig_minus,247,MUR1.0_MUF1.0_PDF26522,pdf,9,1.74,1.95,0.6190352439880371,0.6191433668136597,1.0001746634406887,0.00017466343706473708,0.00017466343706473708,0.017466343706473708
Herwig_minus,247,MUR1.0_MUF1.0_PDF26522,pdf,10,1.95,2.18,0.6013617515563965,0.603426456451416,1.003433382468499,0.00343338237144053,0.00343338237144053,0.343338237144053
Herwig_minus,247,MUR1.0_MUF1.0_PDF26522,pdf,11,2.18,2.5,0.6056520938873291,0.6089986562728882,1.0055255524076199,0.005525552202016115,0.005525552202016115,0.5525552202016115
Herwig_minus,248,MUR1.0_MUF1.0_PDF26523,scale,1,0.0,0.21,0.69124835729599,0.6906996965408325,0.9992062755023337,-0.0007937244954518974,0.0007937244954518974,-0.07937244954518974
Herwig_minus,248,MUR1.0_MUF1.0_PDF26523,scale,2,0.21,0.42,0.6720393300056458,0.6720457077026367,1.000009490065099,9.490065167483408e-06,9.490065167483408e-06,0.0009490065167483408
Herwig_minus,248,MUR1.0_MUF1.0_PDF26523,scale,3,0.42,0.63,0.6428124904632568,0.6426225900650024,0.9997045788607537,-0.00029542113770730793,0.00029542113770730793,-0.029542113770730793
Herwig_minus,248,MUR1.0_MUF1.0_PDF26523,scale,4,0.63,0.84,0.6500856876373291,0.6497290134429932,0.9994513427981591,-0.000548657204490155,0.000548657204490155,-0.0548657204490155
Herwig_minus,248,MUR1.0_MUF1.0_PDF26523,scale,5,0.84,1.05,0.6886215806007385,0.6880897283554077,0.999227656727129,-0.0007723432499915361,0.0007723432499915361,-0.07723432499915361
Herwig_minus,248,MUR1.0_MUF1.0_PDF26523,scale,6,1.05,1.37,0.6677588224411011,0.6677475571632385,0.9999831297206656,-1.6870279068825766e-05,1.6870279068825766e-05,-0.0016870279068825766
Herwig_minus,248,MUR1.0_MUF1.0_PDF26523,scale,7,1.37,1.52,0.6296678781509399,0.6304779052734375,1.0012864355172066,0.001286435523070395,0.001286435523070395,0.1286435523070395
Herwig_minus,248,MUR1.0_MUF1.0_PDF26523,scale,8,1.52,1.74,0.6480627655982971,0.6484299898147583,1.0005666491518335,0.0005666491342708468,0.0005666491342708468,0.056664913427084684
Herwig_minus,248,MUR1.0_MUF1.0_PDF26523,scale,9,1.74,1.95,0.6190352439880371,0.6191834807395935,1.0002394641549024,0.0002394641487626359,0.0002394641487626359,0.02394641487626359
Herwig_minus,248,MUR1.0_MUF1.0_PDF26523,scale,10,1.95,2.18,0.6013617515563965,0.6030510067939758,1.002809050015581,0.002809050027281046,0.002809050027281046,0.2809050027281046
Herwig_minus,248,MUR1.0_MUF1.0_PDF26523,scale,11,2.18,2.5,0.6056520938873291,0.6087269186973572,1.0050768829845738,0.005076882895082235,0.005076882895082235,0.5076882895082235
Herwig_minus,249,MUR1.0_MUF1.0_PDF26524,pdf,1,0.0,0.21,0.69124835729599,0.691003143787384,0.9996452599040305,-0.00035474009928293526,0.00035474009928293526,-0.035474009928293526
Herwig_minus,249,MUR1.0_MUF1.0_PDF26524,pdf,2,0.21,0.42,0.6720393300056458,0.6722587943077087,1.0003265646700485,0.00032656468101777136,0.00032656468101777136,0.032656468101777136
Herwig_minus,249,MUR1.0_MUF1.0_PDF26524,pdf,3,0.42,0.63,0.6428124904632568,0.6426902413368225,0.9998098214825505,-0.00019017851445823908,0.00019017851445823908,-0.019017851445823908
Herwig_minus,249,MUR1.0_MUF1.0_PDF26524,pdf,4,0.63,0.84,0.6500856876373291,0.6495550274848938,0.9991837073750017,-0.0008162926533259451,0.0008162926533259451,-0.08162926533259451
Herwig_minus,249,MUR1.0_MUF1.0_PDF26524,pdf,5,0.84,1.05,0.6886215806007385,0.6876937747001648,0.9986526621780218,-0.0013473378494381905,0.0013473378494381905,-0.13473378494381905
Herwig_minus,249,MUR1.0_MUF1.0_PDF26524,pdf,6,1.05,1.37,0.6677588224411011,0.6674129366874695,0.9994820199419199,-0.0005179800791665912,0.0005179800791665912,-0.05179800791665912
Herwig_minus,249,MUR1.0_MUF1.0_PDF26524,pdf,7,1.37,1.52,0.6296678781509399,0.6301341652870178,1.0007405287013325,0.0007405286887660623,0.0007405286887660623,0.07405286887660623
Herwig_minus,249,MUR1.0_MUF1.0_PDF26524,pdf,8,1.52,1.74,0.6480627655982971,0.6482312679290771,1.000260009276454,0.00026000928482972085,0.00026000928482972085,0.026000928482972085
Herwig_minus,249,MUR1.0_MUF1.0_PDF26524,pdf,9,1.74,1.95,0.6190352439880371,0.6189882159233093,0.9999240300690719,-7.596993236802518e-05,7.596993236802518e-05,-0.007596993236802518
Herwig_minus,249,MUR1.0_MUF1.0_PDF26524,pdf,10,1.95,2.18,0.6013617515563965,0.6035971641540527,1.0037172510421069,0.0037172511219978333,0.0037172511219978333,0.3717251121997833
Herwig_minus,249,MUR1.0_MUF1.0_PDF26524,pdf,11,2.18,2.5,0.6056520938873291,0.6096775531768799,1.0066464878602395,0.006646487861871719,0.006646487861871719,0.6646487861871719
Herwig_minus,250,MUR1.0_MUF1.0_PDF26525,pdf,1,0.0,0.21,0.69124835729599,0.6907926201820374,0.999340704235833,-0.0006592957652173936,0.0006592957652173936,-0.06592957652173936
Herwig_minus,250,MUR1.0_MUF1.0_PDF26525,pdf,2,0.21,0.42,0.6720393300056458,0.672142505645752,1.0001535261933336,0.0001535261981189251,0.0001535261981189251,0.01535261981189251
Herwig_minus,250,MUR1.0_MUF1.0_PDF26525,pdf,3,0.42,0.63,0.6428124904632568,0.642657995223999,0.9997596573782404,-0.00024034261878114194,0.00024034261878114194,-0.024034261878114194
Herwig_minus,250,MUR1.0_MUF1.0_PDF26525,pdf,4,0.63,0.84,0.6500856876373291,0.6496638059616089,0.9993510368190792,-0.0006489632069133222,0.0006489632069133222,-0.06489632069133222
Herwig_minus,250,MUR1.0_MUF1.0_PDF26525,pdf,5,0.84,1.05,0.6886215806007385,0.6879103183746338,0.9989671217891773,-0.001032878179103136,0.001032878179103136,-0.1032878179103136
Herwig_minus,250,MUR1.0_MUF1.0_PDF26525,pdf,6,1.05,1.37,0.6677588224411011,0.6676047444343567,0.9997692609942896,-0.0002307390095666051,0.0002307390095666051,-0.02307390095666051
Herwig_minus,250,MUR1.0_MUF1.0_PDF26525,pdf,7,1.37,1.52,0.6296678781509399,0.6304609179496765,1.0012594572889209,0.0012594573199748993,0.0012594573199748993,0.12594573199748993
Herwig_minus,250,MUR1.0_MUF1.0_PDF26525,pdf,8,1.52,1.74,0.6480627655982971,0.6483672261238098,1.0004698009848345,0.0004698009870480746,0.0004698009870480746,0.04698009870480746
Herwig_minus,250,MUR1.0_MUF1.0_PDF26525,pdf,9,1.74,1.95,0.6190352439880371,0.6190969944000244,1.0000997526596216,9.975265857065096e-05,9.975265857065096e-05,0.009975265857065096
Herwig_minus,250,MUR1.0_MUF1.0_PDF26525,pdf,10,1.95,2.18,0.6013617515563965,0.6034303307533264,1.0034398250164334,0.003439825028181076,0.003439825028181076,0.3439825028181076
Herwig_minus,250,MUR1.0_MUF1.0_PDF26525,pdf,11,2.18,2.5,0.6056520938873291,0.6092512011528015,1.0059425325228744,0.005942532327026129,0.005942532327026129,0.5942532327026129
Herwig_minus,251,MUR1.0_MUF1.0_PDF26526,pdf,1,0.0,0.21,0.69124835729599,0.6909060478210449,0.9995047952427921,-0.0004952047602273524,0.0004952047602273524,-0.04952047602273524
Herwig_minus,251,MUR1.0_MUF1.0_PDF26526,pdf,2,0.21,0.42,0.6720393300056458,0.6721227765083313,1.000124169076064,0.00012416907702572644,0.00012416907702572644,0.012416907702572644
Herwig_minus,251,MUR1.0_MUF1.0_PDF26526,pdf,3,0.42,0.63,0.6428124904632568,0.6426382660865784,0.999728965477082,-0.00027103451429866254,0.00027103451429866254,-0.027103451429866254
Herwig_minus,251,MUR1.0_MUF1.0_PDF26526,pdf,4,0.63,0.84,0.6500856876373291,0.6496441960334778,0.9993208716754619,-0.0006791283376514912,0.0006791283376514912,-0.06791283376514912
Herwig_minus,251,MUR1.0_MUF1.0_PDF26526,pdf,5,0.84,1.05,0.6886215806007385,0.6879492998123169,0.9990237297125728,-0.0009762702975422144,0.0009762702975422144,-0.09762702975422144
Herwig_minus,251,MUR1.0_MUF1.0_PDF26526,pdf,6,1.05,1.37,0.6677588224411011,0.6676167845726013,0.9997872916632078,-0.00021270834258757532,0.00021270834258757532,-0.02127083425875753
Herwig_minus,251,MUR1.0_MUF1.0_PDF26526,pdf,7,1.37,1.52,0.6296678781509399,0.6300756931304932,1.0006476667997593,0.0006476668058894575,0.0006476668058894575,0.06476668058894575
Herwig_minus,251,MUR1.0_MUF1.0_PDF26526,pdf,8,1.52,1.74,0.6480627655982971,0.648318886756897,1.0003952104212674,0.0003952104307245463,0.0003952104307245463,0.03952104307245463
Herwig_minus,251,MUR1.0_MUF1.0_PDF26526,pdf,9,1.74,1.95,0.6190352439880371,0.6191248297691345,1.000144718385532,0.00014471838949248195,0.00014471838949248195,0.014471838949248195
Herwig_minus,251,MUR1.0_MUF1.0_PDF26526,pdf,10,1.95,2.18,0.6013617515563965,0.6029959917068481,1.0027175658349106,0.00271756574511528,0.00271756574511528,0.271756574511528
Herwig_minus,251,MUR1.0_MUF1.0_PDF26526,pdf,11,2.18,2.5,0.6056520938873291,0.6089128255844116,1.0053838362485528,0.005383836105465889,0.005383836105465889,0.5383836105465889
Herwig_minus,252,MUR1.0_MUF1.0_PDF26527,pdf,1,0.0,0.21,0.69124835729599,0.6910966634750366,0.9997805509129212,-0.0002194490807596594,0.0002194490807596594,-0.02194490807596594
Herwig_minus,252,MUR1.0_MUF1.0_PDF26527,pdf,2,0.21,0.42,0.6720393300056458,0.672296941280365,1.0003833276762493,0.0003833276859950274,0.0003833276859950274,0.03833276859950274
Herwig_minus,252,MUR1.0_MUF1.0_PDF26527,pdf,3,0.42,0.63,0.6428124904632568,0.6428304314613342,1.0000279101578509,2.7910158678423613e-05,2.7910158678423613e-05,0.0027910158678423613
Herwig_minus,252,MUR1.0_MUF1.0_PDF26527,pdf,4,0.63,0.84,0.6500856876373291,0.649927020072937,0.9997559282300634,-0.00024407176533713937,0.00024407176533713937,-0.024407176533713937
Herwig_minus,252,MUR1.0_MUF1.0_PDF26527,pdf,5,0.84,1.05,0.6886215806007385,0.6881808638572693,0.9993600015510917,-0.0006399984704330564,0.0006399984704330564,-0.06399984704330564
Herwig_minus,252,MUR1.0_MUF1.0_PDF26527,pdf,6,1.05,1.37,0.6677588224411011,0.6677209734916687,0.9999433194318661,-5.668056837748736e-05,5.668056837748736e-05,-0.005668056837748736
Herwig_minus,252,MUR1.0_MUF1.0_PDF26527,pdf,7,1.37,1.52,0.6296678781509399,0.6304857730865479,1.0012989306966233,0.0012989307288080454,0.0012989307288080454,0.12989307288080454
Herwig_minus,252,MUR1.0_MUF1.0_PDF26527,pdf,8,1.52,1.74,0.6480627655982971,0.6484062075614929,1.0005299516982413,0.0005299517069943249,0.0005299517069943249,0.05299517069943249
Herwig_minus,252,MUR1.0_MUF1.0_PDF26527,pdf,9,1.74,1.95,0.6190352439880371,0.6191385388374329,1.000166864246259,0.0001668642507866025,0.0001668642507866025,0.01668642507866025
Herwig_minus,252,MUR1.0_MUF1.0_PDF26527,pdf,10,1.95,2.18,0.6013617515563965,0.6032201051712036,1.0030902424538932,0.003090242389589548,0.003090242389589548,0.3090242389589548
Herwig_minus,252,MUR1.0_MUF1.0_PDF26527,pdf,11,2.18,2.5,0.6056520938873291,0.6085394024848938,1.0047672725426122,0.004767272621393204,0.004767272621393204,0.4767272621393204
Herwig_minus,253,MUR1.0_MUF1.0_PDF26528,pdf,1,0.0,0.21,0.69124835729599,0.6906837224960327,0.9991831665218475,-0.0008168334607034922,0.0008168334607034922,-0.08168334607034922
Herwig_minus,253,MUR1.0_MUF1.0_PDF26528,pdf,2,0.21,0.42,0.6720393300056458,0.6720474362373352,1.0000120621388175,1.2062138921464793e-05,1.2062138921464793e-05,0.0012062138921464793
Herwig_minus,253,MUR1.0_MUF1.0_PDF26528,pdf,3,0.42,0.63,0.6428124904632568,0.6425509452819824,0.9995931236789037,-0.0004068763228133321,0.0004068763228133321,-0.04068763228133321
Herwig_minus,253,MUR1.0_MUF1.0_PDF26528,pdf,4,0.63,0.84,0.6500856876373291,0.6495117545127869,0.9991171423468371,-0.0008828576537780464,0.0008828576537780464,-0.08828576537780464
Herwig_minus,253,MUR1.0_MUF1.0_PDF26528,pdf,5,0.84,1.05,0.6886215806007385,0.6877803802490234,0.9987784287111925,-0.0012215712340548635,0.0012215712340548635,-0.12215712340548635
Herwig_minus,253,MUR1.0_MUF1.0_PDF26528,pdf,6,1.05,1.37,0.6677588224411011,0.6675487160682678,0.999685355901304,-0.0003146441013086587,0.0003146441013086587,-0.03146441013086587
Herwig_minus,253,MUR1.0_MUF1.0_PDF26528,pdf,7,1.37,1.52,0.6296678781509399,0.6302669048309326,1.0009513375237622,0.0009513375116512179,0.0009513375116512179,0.0951337511651218
Herwig_minus,253,MUR1.0_MUF1.0_PDF26528,pdf,8,1.52,1.74,0.6480627655982971,0.6483157873153687,1.0003904277957367,0.00039042779826559126,0.00039042779826559126,0.039042779826559126
Herwig_minus,253,MUR1.0_MUF1.0_PDF26528,pdf,9,1.74,1.95,0.6190352439880371,0.61909419298172,1.0000952272011252,9.522720210952684e-05,9.522720210952684e-05,0.009522720210952684
Herwig_minus,253,MUR1.0_MUF1.0_PDF26528,pdf,10,1.95,2.18,0.6013617515563965,0.6033499836921692,1.0033062164838833,0.003306216560304165,0.003306216560304165,0.3306216560304165
Herwig_minus,253,MUR1.0_MUF1.0_PDF26528,pdf,11,2.18,2.5,0.6056520938873291,0.6096128821372986,1.0065397086709427,0.006539708469063044,0.006539708469063044,0.6539708469063044
Herwig_minus,254,MUR1.0_MUF1.0_PDF26529,pdf,1,0.0,0.21,0.69124835729599,0.6915110349655151,1.0003800047649338,0.00038000475615262985,0.00038000475615262985,0.038000475615262985
Herwig_minus,254,MUR1.0_MUF1.0_PDF26529,pdf,2,0.21,0.42,0.6720393300056458,0.6724724769592285,1.0006445261969699,0.0006445262115448713,0.0006445262115448713,0.06445262115448713
Herwig_minus,254,MUR1.0_MUF1.0_PDF26529,pdf,3,0.42,0.63,0.6428124904632568,0.642959475517273,1.0002286592998686,0.00022865929349791259,0.00022865929349791259,0.02286592934979126
Herwig_minus,254,MUR1.0_MUF1.0_PDF26529,pdf,4,0.63,0.84,0.6500856876373291,0.6500420570373535,0.9999328848476358,-6.711515015922487e-05,6.711515015922487e-05,-0.006711515015922487
Herwig_minus,254,MUR1.0_MUF1.0_PDF26529,pdf,5,0.84,1.05,0.6886215806007385,0.688266932964325,0.9994849890761422,-0.0005150109063833952,0.0005150109063833952,-0.05150109063833952
Herwig_minus,254,MUR1.0_MUF1.0_PDF26529,pdf,6,1.05,1.37,0.6677588224411011,0.6677058339118958,0.9999206472046126,-7.935279427329078e-05,7.935279427329078e-05,-0.007935279427329078
Herwig_minus,254,MUR1.0_MUF1.0_PDF26529,pdf,7,1.37,1.52,0.6296678781509399,0.6300841569900513,1.0006611085836772,0.0006611085846088827,0.0006611085846088827,0.06611085846088827
Herwig_minus,254,MUR1.0_MUF1.0_PDF26529,pdf,8,1.52,1.74,0.6480627655982971,0.6483919620513916,1.0005079700155133,0.0005079699913039804,0.0005079699913039804,0.050796999130398035
Herwig_minus,254,MUR1.0_MUF1.0_PDF26529,pdf,9,1.74,1.95,0.6190352439880371,0.6191584467887878,1.0001990238874883,0.00019902388157788664,0.00019902388157788664,0.019902388157788664
Herwig_minus,254,MUR1.0_MUF1.0_PDF26529,pdf,10,1.95,2.18,0.6013617515563965,0.6029680371284485,1.0026710803736598,0.002671080408617854,0.002671080408617854,0.2671080408617854
Herwig_minus,254,MUR1.0_MUF1.0_PDF26529,pdf,11,2.18,2.5,0.6056520938873291,0.6079968810081482,1.00387150832051,0.0038715084083378315,0.0038715084083378315,0.38715084083378315
Herwig_minus,255,MUR1.0_MUF1.0_PDF26530,pdf,1,0.0,0.21,0.69124835729599,0.6901644468307495,0.9984319522009709,-0.001568047795444727,0.001568047795444727,-0.1568047795444727
Herwig_minus,255,MUR1.0_MUF1.0_PDF26530,pdf,2,0.21,0.42,0.6720393300056458,0.6718120574951172,0.9996618166521196,-0.00033818333758972585,0.00033818333758972585,-0.033818333758972585
Herwig_minus,255,MUR1.0_MUF1.0_PDF26530,pdf,3,0.42,0.63,0.6428124904632568,0.6423583626747131,0.9992935299246963,-0.0007064700475893915,0.0007064700475893915,-0.07064700475893915
Herwig_minus,255,MUR1.0_MUF1.0_PDF26530,pdf,4,0.63,0.84,0.6500856876373291,0.6492874622344971,0.9987721227862544,-0.0012278772192075849,0.0012278772192075849,-0.12278772192075849
Herwig_minus,255,MUR1.0_MUF1.0_PDF26530,pdf,5,0.84,1.05,0.6886215806007385,0.6875905394554138,0.9985027463931275,-0.0014972536591812968,0.0014972536591812968,-0.14972536591812968
Herwig_minus,255,MUR1.0_MUF1.0_PDF26530,pdf,6,1.05,1.37,0.6677588224411011,0.6675047278404236,0.9996194814772367,-0.00038051852607168257,0.00038051852607168257,-0.03805185260716826
Herwig_minus,255,MUR1.0_MUF1.0_PDF26530,pdf,7,1.37,1.52,0.6296678781509399,0.6306008696556091,1.0014817200258157,0.0014817200135439634,0.0014817200135439634,0.14817200135439634
Herwig_minus,255,MUR1.0_MUF1.0_PDF26530,pdf,8,1.52,1.74,0.6480627655982971,0.6482760310173035,1.0003290814259471,0.0003290814347565174,0.0003290814347565174,0.03290814347565174
Herwig_minus,255,MUR1.0_MUF1.0_PDF26530,pdf,9,1.74,1.95,0.6190352439880371,0.6190444231033325,1.0000148280980519,1.482809784647543e-05,1.482809784647543e-05,0.001482809784647543
Herwig_minus,255,MUR1.0_MUF1.0_PDF26530,pdf,10,1.95,2.18,0.6013617515563965,0.6035795211791992,1.0036879126699743,0.0036879125982522964,0.0036879125982522964,0.36879125982522964
Herwig_minus,255,MUR1.0_MUF1.0_PDF26530,pdf,11,2.18,2.5,0.6056520938873291,0.6103531122207642,1.0077619121288957,0.007761911954730749,0.007761911954730749,0.7761911954730749
Herwig_minus,256,MUR1.0_MUF1.0_PDF26531,pdf,1,0.0,0.21,0.69124835729599,0.6910128593444824,0.9996593149929082,-0.0003406850155442953,0.0003406850155442953,-0.03406850155442953
Herwig_minus,256,MUR1.0_MUF1.0_PDF26531,pdf,2,0.21,0.42,0.6720393300056458,0.6722277402877808,1.0002803560353133,0.0002803560346364975,0.0002803560346364975,0.02803560346364975
Herwig_minus,256,MUR1.0_MUF1.0_PDF26531,pdf,3,0.42,0.63,0.6428124904632568,0.6427316665649414,0.9998742652025053,-0.00012573479034472257,0.00012573479034472257,-0.012573479034472257
Herwig_minus,256,MUR1.0_MUF1.0_PDF26531,pdf,4,0.63,0.84,0.6500856876373291,0.6497476696968079,0.9994800409439104,-0.0005199590814299881,0.0005199590814299881,-0.051995908142998815
Herwig_minus,256,MUR1.0_MUF1.0_PDF26531,pdf,5,0.84,1.05,0.6886215806007385,0.6880013346672058,0.9990992935002245,-0.0009007065091282129,0.0009007065091282129,-0.09007065091282129
Herwig_minus,256,MUR1.0_MUF1.0_PDF26531,pdf,6,1.05,1.37,0.6677588224411011,0.667626678943634,0.9998021089455861,-0.00019789105863310397,0.00019789105863310397,-0.019789105863310397
Herwig_minus,256,MUR1.0_MUF1.0_PDF26531,pdf,7,1.37,1.52,0.6296678781509399,0.63025963306427,1.0009397889488467,0.0009397889371030033,0.0009397889371030033,0.09397889371030033
Herwig_minus,256,MUR1.0_MUF1.0_PDF26531,pdf,8,1.52,1.74,0.6480627655982971,0.6483654379844666,1.0004670417777977,0.0004670417692977935,0.0004670417692977935,0.04670417692977935
Herwig_minus,256,MUR1.0_MUF1.0_PDF26531,pdf,9,1.74,1.95,0.6190352439880371,0.6191220283508301,1.0001401929270357,0.00014019293303135782,0.00014019293303135782,0.014019293303135782
Herwig_minus,256,MUR1.0_MUF1.0_PDF26531,pdf,10,1.95,2.18,0.6013617515563965,0.6032613515853882,1.0031588308103654,0.0031588308047503233,0.0031588308047503233,0.31588308047503233
Herwig_minus,256,MUR1.0_MUF1.0_PDF26531,pdf,11,2.18,2.5,0.6056520938873291,0.6089180707931519,1.005392496680496,0.005392496474087238,0.005392496474087238,0.5392496474087238
Herwig_minus,257,MUR1.0_MUF1.0_PDF26532,pdf,1,0.0,0.21,0.69124835729599,0.6905990839004517,0.9990607234162868,-0.0009392765932716429,0.0009392765932716429,-0.09392765932716429
Herwig_minus,257,MUR1.0_MUF1.0_PDF26532,pdf,2,0.21,0.42,0.6720393300056458,0.6720218062400818,0.9999739244940266,-2.6075505957123823e-05,2.6075505957123823e-05,-0.0026075505957123823
Herwig_minus,257,MUR1.0_MUF1.0_PDF26532,pdf,3,0.42,0.63,0.6428124904632568,0.6425520777702332,0.9995948854496651,-0.00040511455154046416,0.00040511455154046416,-0.040511455154046416
Herwig_minus,257,MUR1.0_MUF1.0_PDF26532,pdf,4,0.63,0.84,0.6500856876373291,0.6495435833930969,0.9991661034006111,-0.0008338965708389878,0.0008338965708389878,-0.08338965708389878
Herwig_minus,257,MUR1.0_MUF1.0_PDF26532,pdf,5,0.84,1.05,0.6886215806007385,0.6878278851509094,0.9988474142080521,-0.0011525858426466584,0.0011525858426466584,-0.11525858426466584
Herwig_minus,257,MUR1.0_MUF1.0_PDF26532,pdf,6,1.05,1.37,0.6677588224411011,0.6675835847854614,0.999737573432577,-0.0002624265616759658,0.0002624265616759658,-0.02624265616759658
Herwig_minus,257,MUR1.0_MUF1.0_PDF26532,pdf,7,1.37,1.52,0.6296678781509399,0.6304325461387634,1.0012143989146611,0.001214398886077106,0.001214398886077106,0.1214398886077106
Herwig_minus,257,MUR1.0_MUF1.0_PDF26532,pdf,8,1.52,1.74,0.6480627655982971,0.6483253240585327,1.0004051435666006,0.0004051435680594295,0.0004051435680594295,0.04051435680594295
Herwig_minus,257,MUR1.0_MUF1.0_PDF26532,pdf,9,1.74,1.95,0.6190352439880371,0.6190817356109619,1.0000751033537691,7.510335126426071e-05,7.510335126426071e-05,0.007510335126426071
Herwig_minus,257,MUR1.0_MUF1.0_PDF26532,pdf,10,1.95,2.18,0.6013617515563965,0.6033267974853516,1.0032676603123982,0.0032676602713763714,0.0032676602713763714,0.32676602713763714
Herwig_minus,257,MUR1.0_MUF1.0_PDF26532,pdf,11,2.18,2.5,0.6056520938873291,0.609443724155426,1.0062604097407815,0.006260409951210022,0.006260409951210022,0.6260409951210022
Herwig_minus,258,MUR1.0_MUF1.0_PDF26533,pdf,1,0.0,0.21,0.69124835729599,0.690831184387207,0.9993964934536483,-0.0006035065744072199,0.0006035065744072199,-0.06035065744072199
Herwig_minus,258,MUR1.0_MUF1.0_PDF26533,pdf,2,0.21,0.42,0.6720393300056458,0.672135055065155,1.0001424396686849,0.0001424396614311263,0.0001424396614311263,0.01424396614311263
Herwig_minus,258,MUR1.0_MUF1.0_PDF26533,pdf,3,0.42,0.63,0.6428124904632568,0.6426588296890259,0.9997609555251171,-0.0002390444715274498,0.0002390444715274498,-0.02390444715274498
Herwig_minus,258,MUR1.0_MUF1.0_PDF26533,pdf,4,0.63,0.84,0.6500856876373291,0.6496837139129639,0.9993816603995296,-0.0006183395744301379,0.0006183395744301379,-0.06183395744301379
Herwig_minus,258,MUR1.0_MUF1.0_PDF26533,pdf,5,0.84,1.05,0.6886215806007385,0.6879571676254272,0.9990351551650013,-0.0009648448321968317,0.0009648448321968317,-0.09648448321968317
Herwig_minus,258,MUR1.0_MUF1.0_PDF26533,pdf,6,1.05,1.37,0.6677588224411011,0.6676343083381653,0.9998135343199501,-0.00018646568059921265,0.00018646568059921265,-0.018646568059921265
Herwig_minus,258,MUR1.0_MUF1.0_PDF26533,pdf,7,1.37,1.52,0.6296678781509399,0.630372166633606,1.001118507878684,0.0011185079347342253,0.0011185079347342253,0.11185079347342253
Herwig_minus,258,MUR1.0_MUF1.0_PDF26533,pdf,8,1.52,1.74,0.6480627655982971,0.6483671069145203,1.0004696170376988,0.00046961705083958805,0.00046961705083958805,0.046961705083958805
Herwig_minus,258,MUR1.0_MUF1.0_PDF26533,pdf,9,1.74,1.95,0.6190352439880371,0.6191146969795227,1.0001283497058644,0.00012834971130359918,0.00012834971130359918,0.012834971130359918
Herwig_minus,258,MUR1.0_MUF1.0_PDF26533,pdf,10,1.95,2.18,0.6013617515563965,0.6032525897026062,1.0031442607404213,0.0031442607287317514,0.0031442607287317514,0.31442607287317514
Herwig_minus,258,MUR1.0_MUF1.0_PDF26533,pdf,11,2.18,2.5,0.6056520938873291,0.6090314388275146,1.0055796801072634,0.0055796802043914795,0.0055796802043914795,0.557968020439148
Herwig_minus,259,MUR1.0_MUF1.0_PDF26534,scale,1,0.0,0.21,0.69124835729599,0.6908323168754578,0.9993981317768917,-0.0006018682033754885,0.0006018682033754885,-0.06018682033754885
Herwig_minus,259,MUR1.0_MUF1.0_PDF26534,scale,2,0.21,0.42,0.6720393300056458,0.6721393465995789,1.0001488255068827,0.00014882550749462098,0.00014882550749462098,0.014882550749462098
Herwig_minus,259,MUR1.0_MUF1.0_PDF26534,scale,3,0.42,0.63,0.6428124904632568,0.6426427364349365,0.9997359198353505,-0.000264080154011026,0.000264080154011026,-0.026408015401102602
Herwig_minus,259,MUR1.0_MUF1.0_PDF26534,scale,4,0.63,0.84,0.6500856876373291,0.6496245861053467,0.9992907065318447,-0.0007092934683896601,0.0007092934683896601,-0.07092934683896601
Herwig_minus,259,MUR1.0_MUF1.0_PDF26534,scale,5,0.84,1.05,0.6886215806007385,0.6878767013549805,0.9989183039469831,-0.0010816960129886866,0.0010816960129886866,-0.10816960129886866
Herwig_minus,259,MUR1.0_MUF1.0_PDF26534,scale,6,1.05,1.37,0.6677588224411011,0.6675701141357422,0.9997174005059656,-0.0002825995034072548,0.0002825995034072548,-0.02825995034072548
Herwig_minus,259,MUR1.0_MUF1.0_PDF26534,scale,7,1.37,1.52,0.6296678781509399,0.6302940249443054,1.0009944080285693,0.0009944080375134945,0.0009944080375134945,0.09944080375134945
Herwig_minus,259,MUR1.0_MUF1.0_PDF26534,scale,8,1.52,1.74,0.6480627655982971,0.6483250260353088,1.0004046836987612,0.0004046836984343827,0.0004046836984343827,0.04046836984343827
Herwig_minus,259,MUR1.0_MUF1.0_PDF26534,scale,9,1.74,1.95,0.6190352439880371,0.6190943717956543,1.000095516060178,9.551605762680992e-05,9.551605762680992e-05,0.009551605762680992
Herwig_minus,259,MUR1.0_MUF1.0_PDF26534,scale,10,1.95,2.18,0.6013617515563965,0.6033629775047302,1.0033278237984946,0.0033278237096965313,0.0033278237096965313,0.33278237096965313
Herwig_minus,259,MUR1.0_MUF1.0_PDF26534,scale,11,2.18,2.5,0.6056520938873291,0.6093564629554749,1.00611633164573,0.006116331554949284,0.006116331554949284,0.6116331554949284
Herwig_minus,260,MUR1.0_MUF1.0_PDF26535,pdf,1,0.0,0.21,0.69124835729599,0.6907551884651184,0.999286553341261,-0.0007134466432034969,0.0007134466432034969,-0.0713446643203497
Herwig_minus,260,MUR1.0_MUF1.0_PDF26535,pdf,2,0.21,0.42,0.6720393300056458,0.6721193790435791,1.0001191136208243,0.00011911361798411235,0.00011911361798411235,0.011911361798411235
Herwig_minus,260,MUR1.0_MUF1.0_PDF26535,pdf,3,0.42,0.63,0.6428124904632568,0.6426547169685364,0.9997545575155101,-0.0002454424975439906,0.0002454424975439906,-0.02454424975439906
Herwig_minus,260,MUR1.0_MUF1.0_PDF26535,pdf,4,0.63,0.84,0.6500856876373291,0.6496850848197937,0.9993837692089618,-0.0006162307690829039,0.0006162307690829039,-0.061623076908290386
Herwig_minus,260,MUR1.0_MUF1.0_PDF26535,pdf,5,0.84,1.05,0.6886215806007385,0.687959611415863,0.9990387039797707,-0.0009612960275262594,0.0009612960275262594,-0.09612960275262594
Herwig_minus,260,MUR1.0_MUF1.0_PDF26535,pdf,6,1.05,1.37,0.6677588224411011,0.6676331162452698,0.9998117491052058,-0.00018825089500751346,0.00018825089500751346,-0.018825089500751346
Herwig_minus,260,MUR1.0_MUF1.0_PDF26535,pdf,7,1.37,1.52,0.6296678781509399,0.6304855346679688,1.0012985520548228,0.0012985520297661424,0.0012985520297661424,0.12985520297661424
Herwig_minus,260,MUR1.0_MUF1.0_PDF26535,pdf,8,1.52,1.74,0.6480627655982971,0.6483662128448486,1.0004682374341802,0.0004682374419644475,0.0004682374419644475,0.04682374419644475
Herwig_minus,260,MUR1.0_MUF1.0_PDF26535,pdf,9,1.74,1.95,0.6190352439880371,0.6191017627716064,1.0001074555677005,0.00010745556937763467,0.00010745556937763467,0.010745556937763467
Herwig_minus,260,MUR1.0_MUF1.0_PDF26535,pdf,10,1.95,2.18,0.6013617515563965,0.6033395528793335,1.0032888711625212,0.003288871143013239,0.003288871143013239,0.3288871143013239
Herwig_minus,260,MUR1.0_MUF1.0_PDF26535,pdf,11,2.18,2.5,0.6056520938873291,0.6091002821922302,1.005693348276515,0.005693348124623299,0.005693348124623299,0.5693348124623299
Herwig_minus,261,MUR1.0_MUF1.0_PDF26536,pdf,1,0.0,0.21,0.69124835729599,0.6908824443817139,0.9994706491372978,-0.0005293508875183761,0.0005293508875183761,-0.05293508875183761
Herwig_minus,261,MUR1.0_MUF1.0_PDF26536,pdf,2,0.21,0.42,0.6720393300056458,0.6721478700637817,1.0001615084910804,0.00016150849114637822,0.00016150849114637822,0.016150849114637822
Herwig_minus,261,MUR1.0_MUF1.0_PDF26536,pdf,3,0.42,0.63,0.6428124904632568,0.6426465511322021,0.999741854221073,-0.0002581457665655762,0.0002581457665655762,-0.02581457665655762
Herwig_minus,261,MUR1.0_MUF1.0_PDF26536,pdf,4,0.63,0.84,0.6500856876373291,0.6496307849884033,0.999300242017973,-0.0006997580057941377,0.0006997580057941377,-0.06997580057941377
Herwig_minus,261,MUR1.0_MUF1.0_PDF26536,pdf,5,0.84,1.05,0.6886215806007385,0.6878902912139893,0.9989380388193595,-0.0010619611712172627,0.0010619611712172627,-0.10619611712172627
Herwig_minus,261,MUR1.0_MUF1.0_PDF26536,pdf,6,1.05,1.37,0.6677588224411011,0.6675847768783569,0.9997393586473213,-0.0002606413618195802,0.0002606413618195802,-0.02606413618195802
Herwig_minus,261,MUR1.0_MUF1.0_PDF26536,pdf,7,1.37,1.52,0.6296678781509399,0.6302178502082825,1.0008734319733088,0.0008734319708310068,0.0008734319708310068,0.08734319708310068
Herwig_minus,261,MUR1.0_MUF1.0_PDF26536,pdf,8,1.52,1.74,0.6480627655982971,0.6483364701271057,1.000422342623798,0.0004223426221869886,0.0004223426221869886,0.04223426221869886
Herwig_minus,261,MUR1.0_MUF1.0_PDF26536,pdf,9,1.74,1.95,0.6190352439880371,0.6191073656082153,1.000116506484693,0.00011650648229988292,0.00011650648229988292,0.011650648229988292
Herwig_minus,261,MUR1.0_MUF1.0_PDF26536,pdf,10,1.95,2.18,0.6013617515563965,0.6032546162605286,1.0031476306885716,0.0031476307194679976,0.0031476307194679976,0.31476307194679976
Herwig_minus,261,MUR1.0_MUF1.0_PDF26536,pdf,11,2.18,2.5,0.6056520938873291,0.6091833710670471,1.0058305373916117,0.005830537527799606,0.005830537527799606,0.5830537527799606
Herwig_minus,262,MUR1.0_MUF1.0_PDF26537,pdf,1,0.0,0.21,0.69124835729599,0.6909505128860474,0.9995691209869811,-0.00043087900849059224,0.00043087900849059224,-0.043087900849059224
Herwig_minus,262,MUR1.0_MUF1.0_PDF26537,pdf,2,0.21,0.42,0.6720393300056458,0.6721956133842468,1.0002325509410286,0.0002325509412912652,0.0002325509412912652,0.02325509412912652
Herwig_minus,262,MUR1.0_MUF1.0_PDF26537,pdf,3,0.42,0.63,0.6428124904632568,0.6427120566368103,0.9998437587509008,-0.0001562412508064881,0.0001562412508064881,-0.01562412508064881
Herwig_minus,262,MUR1.0_MUF1.0_PDF26537,pdf,4,0.63,0.84,0.6500856876373291,0.649749755859375,0.9994832500017421,-0.0005167499766685069,0.0005167499766685069,-0.051674997666850686
Herwig_minus,262,MUR1.0_MUF1.0_PDF26537,pdf,5,0.84,1.05,0.6886215806007385,0.6880180835723877,0.9991236158648639,-0.000876384146977216,0.000876384146977216,-0.0876384146977216
Herwig_minus,262,MUR1.0_MUF1.0_PDF26537,pdf,6,1.05,1.37,0.6677588224411011,0.6676510572433472,0.9998386165871086,-0.0001613834174349904,0.0001613834174349904,-0.01613834174349904
Herwig_minus,262,MUR1.0_MUF1.0_PDF26537,pdf,7,1.37,1.52,0.6296678781509399,0.6303143501281738,1.0010266872420621,0.0010266872122883797,0.0010266872122883797,0.10266872122883797
Herwig_minus,262,MUR1.0_MUF1.0_PDF26537,pdf,8,1.52,1.74,0.6480627655982971,0.6483698487281799,1.0004738478218222,0.0004738478164654225,0.0004738478164654225,0.04738478164654225
Herwig_minus,262,MUR1.0_MUF1.0_PDF26537,pdf,9,1.74,1.95,0.6190352439880371,0.6191290616989136,1.0001515547164521,0.00015155471919570118,0.00015155471919570118,0.015155471919570118
Herwig_minus,262,MUR1.0_MUF1.0_PDF26537,pdf,10,1.95,2.18,0.6013617515563965,0.6032000184059143,1.0030568403207556,0.0030568402726203203,0.0030568402726203203,0.30568402726203203
Herwig_minus,262,MUR1.0_MUF1.0_PDF26537,pdf,11,2.18,2.5,0.6056520938873291,0.6088536381721497,1.0052861111471962,0.005286111030727625,0.005286111030727625,0.5286111030727625
Herwig_minus,263,MUR1.0_MUF1.0_PDF26538,pdf,1,0.0,0.21,0.69124835729599,0.690731406211853,0.9992521485531494,-0.0007478514453396201,0.0007478514453396201,-0.07478514453396201
Herwig_minus,263,MUR1.0_MUF1.0_PDF26538,pdf,2,0.21,0.42,0.6720393300056458,0.6720916032791138,1.0000777830569345,7.778305734973401e-05,7.778305734973401e-05,0.007778305734973401
Herwig_minus,263,MUR1.0_MUF1.0_PDF26538,pdf,3,0.42,0.63,0.6428124904632568,0.6426045298576355,0.9996764832533489,-0.00032351675326935947,0.00032351675326935947,-0.03235167532693595
Herwig_minus,263,MUR1.0_MUF1.0_PDF26538,pdf,4,0.63,0.84,0.6500856876373291,0.6495859622955322,0.9992312931182763,-0.00076870690099895,0.00076870690099895,-0.076870690099895
Herwig_minus,263,MUR1.0_MUF1.0_PDF26538,pdf,5,0.84,1.05,0.6886215806007385,0.6878488659858704,0.9988778820811947,-0.0011221179738640785,0.0011221179738640785,-0.11221179738640785
Herwig_minus,263,MUR1.0_MUF1.0_PDF26538,pdf,6,1.05,1.37,0.6677588224411011,0.6675785779953003,0.9997300755306506,-0.00026992446510121226,0.00026992446510121226,-0.026992446510121226
Herwig_minus,263,MUR1.0_MUF1.0_PDF26538,pdf,7,1.37,1.52,0.6296678781509399,0.6303622722625732,1.001102794243963,0.0011027941945940256,0.0011027941945940256,0.11027941945940256
Herwig_minus,263,MUR1.0_MUF1.0_PDF26538,pdf,8,1.52,1.74,0.6480627655982971,0.6483368873596191,1.0004229864387733,0.000422986428020522,0.000422986428020522,0.0422986428020522
Herwig_minus,263,MUR1.0_MUF1.0_PDF26538,pdf,9,1.74,1.95,0.6190352439880371,0.6190914511680603,1.00009079802898,9.079802839551121e-05,9.079802839551121e-05,0.009079802839551121
Herwig_minus,263,MUR1.0_MUF1.0_PDF26538,pdf,10,1.95,2.18,0.6013617515563965,0.6033700704574585,1.003339618617021,0.0033396186772733927,0.0033396186772733927,0.33396186772733927
Herwig_minus,263,MUR1.0_MUF1.0_PDF26538,pdf,11,2.18,2.5,0.6056520938873291,0.6093946695327759,1.0061794150193146,0.00617941515520215,0.00617941515520215,0.617941515520215
Herwig_minus,264,MUR1.0_MUF1.0_PDF26539,pdf,1,0.0,0.21,0.69124835729599,0.6895889043807983,0.9975993390831581,-0.002400660887360573,0.002400660887360573,-0.24006608873605728
Herwig_minus,264,MUR1.0_MUF1.0_PDF26539,pdf,2,0.21,0.42,0.6720393300056458,0.6718952655792236,0.999785630959395,-0.000214369036257267,0.000214369036257267,-0.0214369036257267
Herwig_minus,264,MUR1.0_MUF1.0_PDF26539,pdf,3,0.42,0.63,0.6428124904632568,0.6425216197967529,0.9995475030886624,-0.0004524968971963972,0.0004524968971963972,-0.04524968971963972
Herwig_minus,264,MUR1.0_MUF1.0_PDF26539,pdf,4,0.63,0.84,0.6500856876373291,0.6493116617202759,0.9988093478571012,-0.0011906521394848824,0.0011906521394848824,-0.11906521394848824
Herwig_minus,264,MUR1.0_MUF1.0_PDF26539,pdf,5,0.84,1.05,0.6886215806007385,0.6873328685760498,0.9981285628260961,-0.0018714371835812926,0.0018714371835812926,-0.18714371835812926
Herwig_minus,264,MUR1.0_MUF1.0_PDF26539,pdf,6,1.05,1.37,0.6677588224411011,0.6671890020370483,0.9991466673521892,-0.0008533326326869428,0.0008533326326869428,-0.08533326326869428
Herwig_minus,264,MUR1.0_MUF1.0_PDF26539,pdf,7,1.37,1.52,0.6296678781509399,0.632260799407959,1.0041179189013631,0.004117919132113457,0.004117919132113457,0.4117919132113457
Herwig_minus,264,MUR1.0_MUF1.0_PDF26539,pdf,8,1.52,1.74,0.6480627655982971,0.6479548215866089,0.9998334358685326,-0.00016656413208693266,0.00016656413208693266,-0.016656413208693266
Herwig_minus,264,MUR1.0_MUF1.0_PDF26539,pdf,9,1.74,1.95,0.6190352439880371,0.6185440421104431,0.9992065041815237,-0.0007934957975521684,0.0007934957975521684,-0.07934957975521684
Herwig_minus,264,MUR1.0_MUF1.0_PDF26539,pdf,10,1.95,2.18,0.6013617515563965,0.6054664254188538,1.0068256317463389,0.006825631950050592,0.006825631950050592,0.6825631950050592
Herwig_minus,264,MUR1.0_MUF1.0_PDF26539,pdf,11,2.18,2.5,0.6056520938873291,0.6128109097480774,1.011820013392177,0.011820013634860516,0.011820013634860516,1.1820013634860516
Herwig_minus,265,MUR1.0_MUF1.0_PDF26540,pdf,1,0.0,0.21,0.69124835729599,0.6917646527290344,1.0007469029439202,0.0007469029515050352,0.0007469029515050352,0.07469029515050352
Herwig_minus,265,MUR1.0_MUF1.0_PDF26540,pdf,2,0.21,0.42,0.6720393300056458,0.6723120808601379,1.0004058554943354,0.00040585550596006215,0.00040585550596006215,0.040585550596006215
Herwig_minus,265,MUR1.0_MUF1.0_PDF26540,pdf,3,0.42,0.63,0.6428124904632568,0.642753005027771,0.9999074606726404,-9.253932512365282e-05,9.253932512365282e-05,-0.009253932512365282
Herwig_minus,265,MUR1.0_MUF1.0_PDF26540,pdf,4,0.63,0.84,0.6500856876373291,0.6498546004295349,0.9996445280796228,-0.00035547191509976983,0.00035547191509976983,-0.03554719150997698
Herwig_minus,265,MUR1.0_MUF1.0_PDF26540,pdf,5,0.84,1.05,0.6886215806007385,0.6882565021514893,0.9994698416960288,-0.0005301582859829068,0.0005301582859829068,-0.05301582859829068
Herwig_minus,265,MUR1.0_MUF1.0_PDF26540,pdf,6,1.05,1.37,0.6677588224411011,0.6678082346916199,1.0000739971511543,7.399715104838833e-05,7.399715104838833e-05,0.007399715104838833
Herwig_minus,265,MUR1.0_MUF1.0_PDF26540,pdf,7,1.37,1.52,0.6296678781509399,0.6287426352500916,0.9985305858327005,-0.0014694142155349255,0.0014694142155349255,-0.14694142155349255
Herwig_minus,265,MUR1.0_MUF1.0_PDF26540,pdf,8,1.52,1.74,0.6480627655982971,0.6483976244926453,1.0005167075044636,0.00051670748507604,0.00051670748507604,0.051670748507604
Herwig_minus,265,MUR1.0_MUF1.0_PDF26540,pdf,9,1.74,1.95,0.6190352439880371,0.6193888187408447,1.0005711706340494,0.0005711706471629441,0.0005711706471629441,0.05711706471629441
Herwig_minus,265,MUR1.0_MUF1.0_PDF26540,pdf,10,1.95,2.18,0.6013617515563965,0.601317286491394,0.9999260593729359,-7.394062413368374e-05,7.394062413368374e-05,-0.007394062413368374
Herwig_minus,265,MUR1.0_MUF1.0_PDF26540,pdf,11,2.18,2.5,0.6056520938873291,0.6063205599784851,1.0011037130027332,0.0011037130607292056,0.0011037130607292056,0.11037130607292056
Herwig_minus,266,MUR1.0_MUF1.0_PDF26541,pdf,1,0.0,0.21,0.69124835729599,0.6903538107872009,0.9987058970927781,-0.0012941028689965606,0.0012941028689965606,-0.12941028689965606
Herwig_minus,266,MUR1.0_MUF1.0_PDF26541,pdf,2,0.21,0.42,0.6720393300056458,0.6722596287727356,1.0003278063608092,0.00032780636684037745,0.00032780636684037745,0.032780636684037745
Herwig_minus,266,MUR1.0_MUF1.0_PDF26541,pdf,3,0.42,0.63,0.6428124904632568,0.6426816582679749,0.9997964691146749,-0.0002035308862105012,0.0002035308862105012,-0.02035308862105012
Herwig_minus,266,MUR1.0_MUF1.0_PDF26541,pdf,4,0.63,0.84,0.6500856876373291,0.6493163108825684,0.9988164994716974,-0.00118350051343441,0.00118350051343441,-0.11835005134344101
Herwig_minus,266,MUR1.0_MUF1.0_PDF26541,pdf,5,0.84,1.05,0.6886215806007385,0.6873060464859009,0.99808961242009,-0.0019103875383734703,0.0019103875383734703,-0.19103875383734703
Herwig_minus,266,MUR1.0_MUF1.0_PDF26541,pdf,6,1.05,1.37,0.6677588224411011,0.6672684550285339,0.9992656519149017,-0.0007343480829149485,0.0007343480829149485,-0.07343480829149485
Herwig_minus,266,MUR1.0_MUF1.0_PDF26541,pdf,7,1.37,1.52,0.6296678781509399,0.6317182183265686,1.0032562248238701,0.0032562247943133116,0.0032562247943133116,0.32562247943133116
Herwig_minus,266,MUR1.0_MUF1.0_PDF26541,pdf,8,1.52,1.74,0.6480627655982971,0.64837247133255,1.0004778946588098,0.0004778946458827704,0.0004778946458827704,0.04778946458827704
Herwig_minus,266,MUR1.0_MUF1.0_PDF26541,pdf,9,1.74,1.95,0.6190352439880371,0.6188344955444336,0.9996757075698789,-0.00032429242855869234,0.00032429242855869234,-0.032429242855869234
Herwig_minus,266,MUR1.0_MUF1.0_PDF26541,pdf,10,1.95,2.18,0.6013617515563965,0.6061655282974243,1.0079881647420958,0.007988165132701397,0.007988165132701397,0.7988165132701397
Herwig_minus,266,MUR1.0_MUF1.0_PDF26541,pdf,11,2.18,2.5,0.6056520938873291,0.6127219796180725,1.0116731797051437,0.01167317945510149,0.01167317945510149,1.167317945510149
Herwig_minus,267,MUR1.0_MUF1.0_PDF26542,pdf,1,0.0,0.21,0.69124835729599,0.6911765336990356,0.9998960958153517,-0.00010390418174210936,0.00010390418174210936,-0.010390418174210936
Herwig_minus,267,MUR1.0_MUF1.0_PDF26542,pdf,2,0.21,0.42,0.6720393300056458,0.6721216440200806,1.0001224839243175,0.00012248392158653587,0.00012248392158653587,0.012248392158653587
Herwig_minus,267,MUR1.0_MUF1.0_PDF26542,pdf,3,0.42,0.63,0.6428124904632568,0.6426221132278442,0.9997038370625384,-0.00029616293613798916,0.00029616293613798916,-0.029616293613798916
Herwig_minus,267,MUR1.0_MUF1.0_PDF26542,pdf,4,0.63,0.84,0.6500856876373291,0.6496928930282593,0.9993957802539887,-0.0006042197346687317,0.0006042197346687317,-0.06042197346687317
Herwig_minus,267,MUR1.0_MUF1.0_PDF26542,pdf,5,0.84,1.05,0.6886215806007385,0.6880291700363159,0.9991397153660131,-0.0008602846064604819,0.0008602846064604819,-0.08602846064604819
Herwig_minus,267,MUR1.0_MUF1.0_PDF26542,pdf,6,1.05,1.37,0.6677588224411011,0.6676158308982849,0.9997858634914123,-0.00021413651120383292,0.00021413651120383292,-0.021413651120383292
Herwig_minus,267,MUR1.0_MUF1.0_PDF26542,pdf,7,1.37,1.52,0.6296678781509399,0.6293390989303589,0.9994778529571072,-0.0005221470491960645,0.0005221470491960645,-0.05221470491960645
Herwig_minus,267,MUR1.0_MUF1.0_PDF26542,pdf,8,1.52,1.74,0.6480627655982971,0.6482088565826416,1.0002254272149236,0.0002254272112622857,0.0002254272112622857,0.02254272112622857
Herwig_minus,267,MUR1.0_MUF1.0_PDF26542,pdf,9,1.74,1.95,0.6190352439880371,0.6191650629043579,1.0002097116724478,0.00020971166668459773,0.00020971166668459773,0.020971166668459773
Herwig_minus,267,MUR1.0_MUF1.0_PDF26542,pdf,10,1.95,2.18,0.6013617515563965,0.6018948554992676,1.0008864945957925,0.0008864945848472416,0.0008864945848472416,0.08864945848472416
Herwig_minus,267,MUR1.0_MUF1.0_PDF26542,pdf,11,2.18,2.5,0.6056520938873291,0.6078134775161743,1.0035686884445039,0.0035686884075403214,0.0035686884075403214,0.35686884075403214
Herwig_minus,268,MUR1.0_MUF1.0_PDF26543,pdf,1,0.0,0.21,0.69124835729599,0.6908870339393616,0.9994772886578106,-0.0005227113142609596,0.0005227113142609596,-0.05227113142609596
Herwig_minus,268,MUR1.0_MUF1.0_PDF26543,pdf,2,0.21,0.42,0.6720393300056458,0.6721567511558533,1.0001747236284617,0.0001747236237861216,0.0001747236237861216,0.01747236237861216
Herwig_minus,268,MUR1.0_MUF1.0_PDF26543,pdf,3,0.42,0.63,0.6428124904632568,0.6427137851715088,0.9998464477694313,-0.00015355223149526864,0.00015355223149526864,-0.015355223149526864
Herwig_minus,268,MUR1.0_MUF1.0_PDF26543,pdf,4,0.63,0.84,0.6500856876373291,0.649804413318634,0.9995673273169305,-0.00043267267756164074,0.00043267267756164074,-0.043267267756164074
Herwig_minus,268,MUR1.0_MUF1.0_PDF26543,pdf,5,0.84,1.05,0.6886215806007385,0.6880965828895569,0.9992376107197749,-0.0007623892743140459,0.0007623892743140459,-0.07623892743140459
Herwig_minus,268,MUR1.0_MUF1.0_PDF26543,pdf,6,1.05,1.37,0.6677588224411011,0.6676657199859619,0.9998605747284643,-0.0001394252758473158,0.0001394252758473158,-0.013942527584731579
Herwig_minus,268,MUR1.0_MUF1.0_PDF26543,pdf,7,1.37,1.52,0.6296678781509399,0.6303090453147888,1.001018262462001,0.001018262468278408,0.001018262468278408,0.1018262468278408
Herwig_minus,268,MUR1.0_MUF1.0_PDF26543,pdf,8,1.52,1.74,0.6480627655982971,0.6482740044593811,1.0003259543246386,0.00032595431548543274,0.00032595431548543274,0.032595431548543274
Herwig_minus,268,MUR1.0_MUF1.0_PDF26543,pdf,9,1.74,1.95,0.6190352439880371,0.6190534234046936,1.0000293673370508,2.936733653768897e-05,2.936733653768897e-05,0.002936733653768897
Herwig_minus,268,MUR1.0_MUF1.0_PDF26543,pdf,10,1.95,2.18,0.6013617515563965,0.6028512716293335,1.002476911890525,0.0024769119918346405,0.0024769119918346405,0.24769119918346405
Herwig_minus,268,MUR1.0_MUF1.0_PDF26543,pdf,11,2.18,2.5,0.6056520938873291,0.608259916305542,1.0043058092996506,0.004305809270590544,0.004305809270590544,0.4305809270590544
Herwig_minus,269,MUR1.0_MUF1.0_PDF26544,pdf,1,0.0,0.21,0.69124835729599,0.6908179521560669,0.999377350939962,-0.0006226490368135273,0.0006226490368135273,-0.062264903681352735
Herwig_minus,269,MUR1.0_MUF1.0_PDF26544,pdf,2,0.21,0.42,0.6720393300056458,0.6720818877220154,1.0000633262287928,6.332623161142692e-05,6.332623161142692e-05,0.006332623161142692
Herwig_minus,269,MUR1.0_MUF1.0_PDF26544,pdf,3,0.42,0.63,0.6428124904632568,0.6423720121383667,0.9993147638986095,-0.0006852361257188022,0.0006852361257188022,-0.06852361257188022
Herwig_minus,269,MUR1.0_MUF1.0_PDF26544,pdf,4,0.63,0.84,0.6500856876373291,0.6490212082862854,0.9983625553195726,-0.0016374447150155902,0.0016374447150155902,-0.16374447150155902
Herwig_minus,269,MUR1.0_MUF1.0_PDF26544,pdf,5,0.84,1.05,0.6886215806007385,0.6871693730354309,0.9978911384623748,-0.0021088614594191313,0.0021088614594191313,-0.21088614594191313
Herwig_minus,269,MUR1.0_MUF1.0_PDF26544,pdf,6,1.05,1.37,0.6677588224411011,0.6673097610473633,0.9993275096057942,-0.0006724903942085803,0.0006724903942085803,-0.06724903942085803
Herwig_minus,269,MUR1.0_MUF1.0_PDF26544,pdf,7,1.37,1.52,0.6296678781509399,0.6297748684883118,1.0001699155079755,0.0001699155109236017,0.0001699155109236017,0.01699155109236017
Herwig_minus,269,MUR1.0_MUF1.0_PDF26544,pdf,8,1.52,1.74,0.6480627655982971,0.6485550999641418,1.0007597016708563,0.0007597016519866884,0.0007597016519866884,0.07597016519866884
Herwig_minus,269,MUR1.0_MUF1.0_PDF26544,pdf,9,1.74,1.95,0.6190352439880371,0.6193172335624695,1.0004555307265153,0.000455530738690868,0.000455530738690868,0.0455530738690868
Herwig_minus,269,MUR1.0_MUF1.0_PDF26544,pdf,10,1.95,2.18,0.6013617515563965,0.6045714020729065,1.0053373040573383,0.0053373039700090885,0.0053373039700090885,0.5337303970009089
Herwig_minus,269,MUR1.0_MUF1.0_PDF26544,pdf,11,2.18,2.5,0.6056520938873291,0.6121124625205994,1.0106667981477697,0.010666797868907452,0.010666797868907452,1.0666797868907452
Herwig_minus,270,MUR1.0_MUF1.0_PDF26545,scale,1,0.0,0.21,0.69124835729599,0.6907785534858704,0.999320354536599,-0.0006796454545110464,0.0006796454545110464,-0.06796454545110464
Herwig_minus,270,MUR1.0_MUF1.0_PDF26545,scale,2,0.21,0.42,0.6720393300056458,0.672118067741394,1.0001171623924863,0.00011716239532688633,0.00011716239532688633,0.011716239532688633
Herwig_minus,270,MUR1.0_MUF1.0_PDF26545,scale,3,0.42,0.63,0.6428124904632568,0.6426118612289429,0.9996878884009093,-0.0003121116023976356,0.0003121116023976356,-0.031211160239763558
Herwig_minus,270,MUR1.0_MUF1.0_PDF26545,scale,4,0.63,0.84,0.6500856876373291,0.6495684385299683,0.9992043370324907,-0.0007956629851832986,0.0007956629851832986,-0.07956629851832986
Herwig_minus,270,MUR1.0_MUF1.0_PDF26545,scale,5,0.84,1.05,0.6886215806007385,0.687812089920044,0.9988244767467375,-0.0011755232699215412,0.0011755232699215412,-0.11755232699215412
Herwig_minus,270,MUR1.0_MUF1.0_PDF26545,scale,6,1.05,1.37,0.6677588224411011,0.6675562262535095,0.9996966027541936,-0.000303397246170789,0.000303397246170789,-0.0303397246170789
Herwig_minus,270,MUR1.0_MUF1.0_PDF26545,scale,7,1.37,1.52,0.6296678781509399,0.6303591132164001,1.0010977772401064,0.0010977772762998939,0.0010977772762998939,0.10977772762998939
Herwig_minus,270,MUR1.0_MUF1.0_PDF26545,scale,8,1.52,1.74,0.6480627655982971,0.6483573317527771,1.0004545333725632,0.0004545333795249462,0.0004545333795249462,0.04545333795249462
Herwig_minus,270,MUR1.0_MUF1.0_PDF26545,scale,9,1.74,1.95,0.6190352439880371,0.619112491607666,1.000124787110878,0.0001247871114173904,0.0001247871114173904,0.01247871114173904
Herwig_minus,270,MUR1.0_MUF1.0_PDF26545,scale,10,1.95,2.18,0.6013617515563965,0.6035295724868774,1.0036048533596797,0.003604853292927146,0.003604853292927146,0.3604853292927146
Herwig_minus,270,MUR1.0_MUF1.0_PDF26545,scale,11,2.18,2.5,0.6056520938873291,0.6097373366355896,1.0067451971015897,0.006745196878910065,0.006745196878910065,0.6745196878910065
Herwig_minus,271,MUR1.0_MUF1.0_PDF26546,pdf,1,0.0,0.21,0.69124835729599,0.6909286975860596,0.9995375617076605,-0.0004624383000191301,0.0004624383000191301,-0.04624383000191301
Herwig_minus,271,MUR1.0_MUF1.0_PDF26546,pdf,2,0.21,0.42,0.6720393300056458,0.6721475124359131,1.0001609763378974,0.00016097634215839207,0.00016097634215839207,0.016097634215839207
Herwig_minus,271,MUR1.0_MUF1.0_PDF26546,pdf,3,0.42,0.63,0.6428124904632568,0.6426960825920105,0.999818908510688,-0.00018109148368239403,0.00018109148368239403,-0.018109148368239403
Herwig_minus,271,MUR1.0_MUF1.0_PDF26546,pdf,4,0.63,0.84,0.6500856876373291,0.6498284339904785,0.9996042773256776,-0.0003957226872444153,0.0003957226872444153,-0.03957226872444153
Herwig_minus,271,MUR1.0_MUF1.0_PDF26546,pdf,5,0.84,1.05,0.6886215806007385,0.6881676912307739,0.9993408725739199,-0.0006591274286620319,0.0006591274286620319,-0.06591274286620319
Herwig_minus,271,MUR1.0_MUF1.0_PDF26546,pdf,6,1.05,1.37,0.6677588224411011,0.6677488684654236,0.9999850934568845,-1.4906542673998047e-05,1.4906542673998047e-05,-0.0014906542673998047
Herwig_minus,271,MUR1.0_MUF1.0_PDF26546,pdf,7,1.37,1.52,0.6296678781509399,0.6301361322402954,1.0007436524961866,0.0007436525193043053,0.0007436525193043053,0.07436525193043053
Herwig_minus,271,MUR1.0_MUF1.0_PDF26546,pdf,8,1.52,1.74,0.6480627655982971,0.6483810544013977,1.0004911388525874,0.0004911388386972249,0.0004911388386972249,0.049113883869722486
Herwig_minus,271,MUR1.0_MUF1.0_PDF26546,pdf,9,1.74,1.95,0.6190352439880371,0.6191415190696716,1.0001716785638082,0.0001716785627650097,0.0001716785627650097,0.01716785627650097
Herwig_minus,271,MUR1.0_MUF1.0_PDF26546,pdf,10,1.95,2.18,0.6013617515563965,0.6026610732078552,1.0021606323450003,0.002160632284358144,0.002160632284358144,0.21606322843581438
Herwig_minus,271,MUR1.0_MUF1.0_PDF26546,pdf,11,2.18,2.5,0.6056520938873291,0.6075799465179443,1.0031831023950424,0.0031831024680286646,0.0031831024680286646,0.31831024680286646
Herwig_minus,272,MUR1.0_MUF1.0_PDF26547,pdf,1,0.0,0.21,0.69124835729599,0.6905477046966553,0.9989863952775592,-0.0010136046912521124,0.0010136046912521124,-0.10136046912521124
Herwig_minus,272,MUR1.0_MUF1.0_PDF26547,pdf,2,0.21,0.42,0.6720393300056458,0.6719930768013,0.9999311748549816,-6.882514571771026e-05,6.882514571771026e-05,-0.006882514571771026
Herwig_minus,272,MUR1.0_MUF1.0_PDF26547,pdf,3,0.42,0.63,0.6428124904632568,0.6426072716712952,0.999680748593087,-0.0003192514122929424,0.0003192514122929424,-0.03192514122929424
Herwig_minus,272,MUR1.0_MUF1.0_PDF26547,pdf,4,0.63,0.84,0.6500856876373291,0.6495603919029236,0.9991919592379973,-0.0008080407860688865,0.0008080407860688865,-0.08080407860688865
Herwig_minus,272,MUR1.0_MUF1.0_PDF26547,pdf,5,0.84,1.05,0.6886215806007385,0.6877570748329163,0.9987445851361961,-0.0012554149143397808,0.0012554149143397808,-0.12554149143397808
Herwig_minus,272,MUR1.0_MUF1.0_PDF26547,pdf,6,1.05,1.37,0.6677588224411011,0.6674149036407471,0.999484965546248,-0.0005150344804860651,0.0005150344804860651,-0.051503448048606515
Herwig_minus,272,MUR1.0_MUF1.0_PDF26547,pdf,7,1.37,1.52,0.6296678781509399,0.6306710839271545,1.0015932300360637,0.0015932300593703985,0.0015932300593703985,0.15932300593703985
Herwig_minus,272,MUR1.0_MUF1.0_PDF26547,pdf,8,1.52,1.74,0.6480627655982971,0.6477981805801392,0.9995917293320907,-0.00040827065822668374,0.00040827065822668374,-0.040827065822668374
Herwig_minus,272,MUR1.0_MUF1.0_PDF26547,pdf,9,1.74,1.95,0.6190352439880371,0.6188293099403381,0.999667330657343,-0.00033266935497522354,0.00033266935497522354,-0.033266935497522354
Herwig_minus,272,MUR1.0_MUF1.0_PDF26547,pdf,10,1.95,2.18,0.6013617515563965,0.6031045317649841,1.0028980562931997,0.0028980562929064035,0.0028980562929064035,0.28980562929064035
Herwig_minus,272,MUR1.0_MUF1.0_PDF26547,pdf,11,2.18,2.5,0.6056520938873291,0.6106737852096558,1.0082913794454096,0.008291379548609257,0.008291379548609257,0.8291379548609257
Herwig_minus,273,MUR1.0_MUF1.0_PDF26548,pdf,1,0.0,0.21,0.69124835729599,0.6908283233642578,0.9993923545317702,-0.0006076454883441329,0.0006076454883441329,-0.06076454883441329
Herwig_minus,273,MUR1.0_MUF1.0_PDF26548,pdf,2,0.21,0.42,0.6720393300056458,0.6721232533454895,1.0001248786136416,0.00012487861386034638,0.00012487861386034638,0.012487861386034638
Herwig_minus,273,MUR1.0_MUF1.0_PDF26548,pdf,3,0.42,0.63,0.6428124904632568,0.6425728797912598,0.9996272463968079,-0.00037275359500199556,0.00037275359500199556,-0.037275359500199556
Herwig_minus,273,MUR1.0_MUF1.0_PDF26548,pdf,4,0.63,0.84,0.6500856876373291,0.6496132612228394,0.9992732859321873,-0.0007267140899784863,0.0007267140899784863,-0.07267140899784863
Herwig_minus,273,MUR1.0_MUF1.0_PDF26548,pdf,5,0.84,1.05,0.6886215806007385,0.6879541277885437,0.9990307407856539,-0.0009692592429928482,0.0009692592429928482,-0.09692592429928482
Herwig_minus,273,MUR1.0_MUF1.0_PDF26548,pdf,6,1.05,1.37,0.6677588224411011,0.6677669286727905,1.0000121394602617,1.213946052303072e-05,1.213946052303072e-05,0.001213946052303072
Herwig_minus,273,MUR1.0_MUF1.0_PDF26548,pdf,7,1.37,1.52,0.6296678781509399,0.6301500797271729,1.000765803041516,0.0007658030372112989,0.0007658030372112989,0.0765803037211299
Herwig_minus,273,MUR1.0_MUF1.0_PDF26548,pdf,8,1.52,1.74,0.6480627655982971,0.6487500667572021,1.001060547211458,0.0010605471907183528,0.0010605471907183528,0.10605471907183528
Herwig_minus,273,MUR1.0_MUF1.0_PDF26548,pdf,9,1.74,1.95,0.6190352439880371,0.6193667054176331,1.0005354483978337,0.0005354483728297055,0.0005354483728297055,0.05354483728297055
Herwig_minus,273,MUR1.0_MUF1.0_PDF26548,pdf,10,1.95,2.18,0.6013617515563965,0.6034866571426392,1.0035334897517894,0.0035334897693246603,0.0035334897693246603,0.35334897693246603
Herwig_minus,273,MUR1.0_MUF1.0_PDF26548,pdf,11,2.18,2.5,0.6056520938873291,0.6083284020423889,1.004418886984906,0.004418887197971344,0.004418887197971344,0.4418887197971344
Herwig_minus,274,MUR1.0_MUF1.0_PDF26549,pdf,1,0.0,0.21,0.69124835729599,0.6914268732070923,1.000258251479686,0.00025825147167779505,0.00025825147167779505,0.025825147167779505
Herwig_minus,274,MUR1.0_MUF1.0_PDF26549,pdf,2,0.21,0.42,0.6720393300056458,0.6721680760383606,1.0001915751459274,0.00019157514907419682,0.00019157514907419682,0.01915751490741968
Herwig_minus,274,MUR1.0_MUF1.0_PDF26549,pdf,3,0.42,0.63,0.6428124904632568,0.6427153944969177,0.999848951338408,-0.0001510486617917195,0.0001510486617917195,-0.01510486617917195
Herwig_minus,274,MUR1.0_MUF1.0_PDF26549,pdf,4,0.63,0.84,0.6500856876373291,0.6500024795532227,0.9998720044362015,-0.00012799556134268641,0.00012799556134268641,-0.012799556134268641
Herwig_minus,274,MUR1.0_MUF1.0_PDF26549,pdf,5,0.84,1.05,0.6886215806007385,0.6884617805480957,0.9997679421366618,-0.0002320578641956672,0.0002320578641956672,-0.02320578641956672
Herwig_minus,274,MUR1.0_MUF1.0_PDF26549,pdf,6,1.05,1.37,0.6677588224411011,0.6679503917694092,1.000286884009421,0.00028688402380794287,0.00028688402380794287,0.028688402380794287
Herwig_minus,274,MUR1.0_MUF1.0_PDF26549,pdf,7,1.37,1.52,0.6296678781509399,0.6293252110481262,0.999455797072228,-0.0005442029214464128,0.0005442029214464128,-0.05442029214464128
Herwig_minus,274,MUR1.0_MUF1.0_PDF26549,pdf,8,1.52,1.74,0.6480627655982971,0.6485450863838196,1.000744250111449,0.0007442501373589039,0.0007442501373589039,0.07442501373589039
Herwig_minus,274,MUR1.0_MUF1.0_PDF26549,pdf,9,1.74,1.95,0.6190352439880371,0.6194860339164734,1.0007282136725077,0.0007282136939466,0.0007282136939466,0.07282136939466
Herwig_minus,274,MUR1.0_MUF1.0_PDF26549,pdf,10,1.95,2.18,0.6013617515563965,0.6012933850288391,0.9998863138079859,-0.00011368619016138837,0.00011368619016138837,-0.011368619016138837
Herwig_minus,274,MUR1.0_MUF1.0_PDF26549,pdf,11,2.18,2.5,0.6056520938873291,0.6064351797103882,1.001292963123487,0.0012929631629958749,0.0012929631629958749,0.1292963162995875
Herwig_minus,275,MUR1.0_MUF1.0_PDF26550,pdf,1,0.0,0.21,0.69124835729599,0.6907689571380615,0.9993064719027995,-0.0006935280980542302,0.0006935280980542302,-0.06935280980542302
Herwig_minus,275,MUR1.0_MUF1.0_PDF26550,pdf,2,0.21,0.42,0.6720393300056458,0.6721144318580627,1.0001117521684577,0.00011175216786796227,0.00011175216786796227,0.011175216786796227
Herwig_minus,275,MUR1.0_MUF1.0_PDF26550,pdf,3,0.42,0.63,0.6428124904632568,0.6427006125450134,0.9998259555937334,-0.00017404441314283758,0.00017404441314283758,-0.01740444131428376
Herwig_minus,275,MUR1.0_MUF1.0_PDF26550,pdf,4,0.63,0.84,0.6500856876373291,0.6494660973548889,0.9990469098240079,-0.0009530902025289834,0.0009530902025289834,-0.09530902025289834
Herwig_minus,275,MUR1.0_MUF1.0_PDF26550,pdf,5,0.84,1.05,0.6886215806007385,0.6875141859054565,0.998391867570697,-0.0016081323847174644,0.0016081323847174644,-0.16081323847174644
Herwig_minus,275,MUR1.0_MUF1.0_PDF26550,pdf,6,1.05,1.37,0.6677588224411011,0.6671692728996277,0.9991171220481697,-0.0008828779682517052,0.0008828779682517052,-0.08828779682517052
Herwig_minus,275,MUR1.0_MUF1.0_PDF26550,pdf,7,1.37,1.52,0.6296678781509399,0.6304997205734253,1.0013210812419526,0.001321081188507378,0.001321081188507378,0.1321081188507378
Herwig_minus,275,MUR1.0_MUF1.0_PDF26550,pdf,8,1.52,1.74,0.6480627655982971,0.6463046669960022,0.9972871476412137,-0.002712852321565151,0.002712852321565151,-0.2712852321565151
Herwig_minus,275,MUR1.0_MUF1.0_PDF26550,pdf,9,1.74,1.95,0.6190352439880371,0.6185078620910645,0.9991480583664751,-0.0008519416442140937,0.0008519416442140937,-0.08519416442140937
Herwig_minus,275,MUR1.0_MUF1.0_PDF26550,pdf,10,1.95,2.18,0.6013617515563965,0.6015346646308899,1.0002875358701246,0.00028753586229868233,0.00028753586229868233,0.028753586229868233
Herwig_minus,275,MUR1.0_MUF1.0_PDF26550,pdf,11,2.18,2.5,0.6056520938873291,0.6096125841140747,1.0065392166009457,0.006539216730743647,0.006539216730743647,0.6539216730743647
Herwig_minus,276,MUR1.0_MUF1.0_PDF26551,pdf,1,0.0,0.21,0.69124835729599,0.6908268928527832,0.9993902850708312,-0.0006097149453125894,0.0006097149453125894,-0.06097149453125894
Herwig_minus,276,MUR1.0_MUF1.0_PDF26551,pdf,2,0.21,0.42,0.6720393300056458,0.6721364259719849,1.0001444795892203,0.00014447959256358445,0.00014447959256358445,0.014447959256358445
Herwig_minus,276,MUR1.0_MUF1.0_PDF26551,pdf,3,0.42,0.63,0.6428124904632568,0.6426512598991394,0.9997491794784491,-0.00025082050706259906,0.00025082050706259906,-0.025082050706259906
Herwig_minus,276,MUR1.0_MUF1.0_PDF26551,pdf,4,0.63,0.84,0.6500856876373291,0.6496549844741821,0.9993374670888198,-0.0006625329260714352,0.0006625329260714352,-0.06625329260714352
Herwig_minus,276,MUR1.0_MUF1.0_PDF26551,pdf,5,0.84,1.05,0.6886215806007385,0.6879225969314575,0.9989849524194824,-0.0010150475427508354,0.0010150475427508354,-0.10150475427508354
Herwig_minus,276,MUR1.0_MUF1.0_PDF26551,pdf,6,1.05,1.37,0.6677588224411011,0.6676092743873596,0.9997760448103182,-0.0002239551831735298,0.0002239551831735298,-0.02239551831735298
Herwig_minus,276,MUR1.0_MUF1.0_PDF26551,pdf,7,1.37,1.52,0.6296678781509399,0.630337655544281,1.0010636994780613,0.0010636994848027825,0.0010636994848027825,0.10636994848027825
Herwig_minus,276,MUR1.0_MUF1.0_PDF26551,pdf,8,1.52,1.74,0.6480627655982971,0.6483497023582458,1.000442760755872,0.0004427607636898756,0.0004427607636898756,0.04427607636898756
Herwig_minus,276,MUR1.0_MUF1.0_PDF26551,pdf,9,1.74,1.95,0.6190352439880371,0.6191057562828064,1.0001139067532165,0.00011390675354050472,0.00011390675354050472,0.011390675354050472
Herwig_minus,276,MUR1.0_MUF1.0_PDF26551,pdf,10,1.95,2.18,0.6013617515563965,0.603290319442749,1.0032070012456915,0.0032070011366158724,0.0032070011366158724,0.32070011366158724
Herwig_minus,276,MUR1.0_MUF1.0_PDF26551,pdf,11,2.18,2.5,0.6056520938873291,0.6091427206993103,1.0057634190440536,0.005763418972492218,0.005763418972492218,0.5763418972492218
Herwig_minus,277,MUR1.0_MUF1.0_PDF26552,pdf,1,0.0,0.21,0.69124835729599,0.6908268928527832,0.9993902850708312,-0.0006097149453125894,0.0006097149453125894,-0.06097149453125894
Herwig_minus,277,MUR1.0_MUF1.0_PDF26552,pdf,2,0.21,0.42,0.6720393300056458,0.6721364259719849,1.0001444795892203,0.00014447959256358445,0.00014447959256358445,0.014447959256358445
Herwig_minus,277,MUR1.0_MUF1.0_PDF26552,pdf,3,0.42,0.63,0.6428124904632568,0.6426513195037842,0.999749272203226,-0.0002507277822587639,0.0002507277822587639,-0.02507277822587639
Herwig_minus,277,MUR1.0_MUF1.0_PDF26552,pdf,4,0.63,0.84,0.6500856876373291,0.6496543884277344,0.9993365502151536,-0.0006634498131461442,0.0006634498131461442,-0.06634498131461442
Herwig_minus,277,MUR1.0_MUF1.0_PDF26552,pdf,5,0.84,1.05,0.6886215806007385,0.6879222989082336,0.9989845196371934,-0.001015480374917388,0.001015480374917388,-0.1015480374917388
Herwig_minus,277,MUR1.0_MUF1.0_PDF26552,pdf,6,1.05,1.37,0.6677588224411011,0.6676082015037537,0.9997744381170484,-0.00022556188923772424,0.00022556188923772424,-0.022556188923772424
Herwig_minus,277,MUR1.0_MUF1.0_PDF26552,pdf,7,1.37,1.52,0.6296678781509399,0.6303369402885437,1.0010625635526598,0.0010625635040923953,0.0010625635040923953,0.10625635040923953
Herwig_minus,277,MUR1.0_MUF1.0_PDF26552,pdf,8,1.52,1.74,0.6480627655982971,0.6483497619628906,1.0004428527294398,0.0004428527317941189,0.0004428527317941189,0.04428527317941189
Herwig_minus,277,MUR1.0_MUF1.0_PDF26552,pdf,9,1.74,1.95,0.6190352439880371,0.6191064715385437,1.0001150621894284,0.00011506219016155228,0.00011506219016155228,0.011506219016155228
Herwig_minus,277,MUR1.0_MUF1.0_PDF26552,pdf,10,1.95,2.18,0.6013617515563965,0.6032915711402893,1.0032090826842548,0.003209082642570138,0.003209082642570138,0.3209082642570138
Herwig_minus,277,MUR1.0_MUF1.0_PDF26552,pdf,11,2.18,2.5,0.6056520938873291,0.6091436147689819,1.005764895254044,0.0057648951187729836,0.0057648951187729836,0.5764895118772984
Herwig_minus,278,MUR1.0_MUF1.0_PDF26553,pdf,1,0.0,0.21,0.69124835729599,0.6908267736434937,0.999390112615753,-0.0006098873564042151,0.0006098873564042151,-0.06098873564042151
Herwig_minus,278,MUR1.0_MUF1.0_PDF26553,pdf,2,0.21,0.42,0.6720393300056458,0.6721363067626953,1.000144302204826,0.00014430220471695065,0.00014430220471695065,0.014430220471695065
Herwig_minus,278,MUR1.0_MUF1.0_PDF26553,pdf,3,0.42,0.63,0.6428124904632568,0.6426513195037842,0.999749272203226,-0.0002507277822587639,0.0002507277822587639,-0.02507277822587639
Herwig_minus,278,MUR1.0_MUF1.0_PDF26553,pdf,4,0.63,0.84,0.6500856876373291,0.6496545076370239,0.9993367335898868,-0.0006632664008066058,0.0006632664008066058,-0.06632664008066058
Herwig_minus,278,MUR1.0_MUF1.0_PDF26553,pdf,5,0.84,1.05,0.6886215806007385,0.6879233121871948,0.9989859910969758,-0.0010140088852494955,0.0010140088852494955,-0.10140088852494955
Herwig_minus,278,MUR1.0_MUF1.0_PDF26553,pdf,6,1.05,1.37,0.6677588224411011,0.6676079034805298,0.9997739918133622,-0.00022600818192586303,0.00022600818192586303,-0.022600818192586303
Herwig_minus,278,MUR1.0_MUF1.0_PDF26553,pdf,7,1.37,1.52,0.6296678781509399,0.6303371787071228,1.0010629421944601,0.0010629422031342983,0.0010629422031342983,0.10629422031342983
Herwig_minus,278,MUR1.0_MUF1.0_PDF26553,pdf,8,1.52,1.74,0.6480627655982971,0.6483500599861145,1.0004433125972794,0.00044331260141916573,0.00044331260141916573,0.04433126014191657
Herwig_minus,278,MUR1.0_MUF1.0_PDF26553,pdf,9,1.74,1.95,0.6190352439880371,0.6191063523292542,1.0001148696167264,0.00011486961739137769,0.00011486961739137769,0.011486961739137769
Herwig_minus,278,MUR1.0_MUF1.0_PDF26553,pdf,10,1.95,2.18,0.6013617515563965,0.6032914519309998,1.0032088844520108,0.0032088845036923885,0.0032088845036923885,0.32088845036923885
Herwig_minus,278,MUR1.0_MUF1.0_PDF26553,pdf,11,2.18,2.5,0.6056520938873291,0.609143853187561,1.0057652889100412,0.005765289068222046,0.005765289068222046,0.5765289068222046
Herwig_minus,279,MUR1.0_MUF1.0_PDF26554,pdf,1,0.0,0.21,0.69124835729599,0.6908265352249146,0.9993897677055964,-0.0006102322950027883,0.0006102322950027883,-0.06102322950027883
Herwig_minus,279,MUR1.0_MUF1.0_PDF26554,pdf,2,0.21,0.42,0.6720393300056458,0.6721361875534058,1.0001441248204315,0.00014412481687031686,0.00014412481687031686,0.014412481687031686
Herwig_minus,279,MUR1.0_MUF1.0_PDF26554,pdf,3,0.42,0.63,0.6428124904632568,0.6426512002944946,0.9997490867536721,-0.0002509132318664342,0.0002509132318664342,-0.02509132318664342
Herwig_minus,279,MUR1.0_MUF1.0_PDF26554,pdf,4,0.63,0.84,0.6500856876373291,0.6496549844741821,0.9993374670888198,-0.0006625329260714352,0.0006625329260714352,-0.06625329260714352
Herwig_minus,279,MUR1.0_MUF1.0_PDF26554,pdf,5,0.84,1.05,0.6886215806007385,0.6879224181175232,0.998984692750109,-0.0010153072653338313,0.0010153072653338313,-0.10153072653338313
Herwig_minus,279,MUR1.0_MUF1.0_PDF26554,pdf,6,1.05,1.37,0.6677588224411011,0.6676093935966492,0.9997762233317927,-0.00022377667482942343,0.00022377667482942343,-0.022377667482942343
Herwig_minus,279,MUR1.0_MUF1.0_PDF26554,pdf,7,1.37,1.52,0.6296678781509399,0.6303378939628601,1.0010640781198616,0.0010640780674293637,0.0010640780674293637,0.10640780674293637
Herwig_minus,279,MUR1.0_MUF1.0_PDF26554,pdf,8,1.52,1.74,0.6480627655982971,0.6483498811721802,1.0004430366765755,0.00044303666800260544,0.00044303666800260544,0.044303666800260544
Herwig_minus,279,MUR1.0_MUF1.0_PDF26554,pdf,9,1.74,1.95,0.6190352439880371,0.6191058158874512,1.0001140030395674,0.00011400303628761321,0.00011400303628761321,0.011400303628761321
Herwig_minus,279,MUR1.0_MUF1.0_PDF26554,pdf,10,1.95,2.18,0.6013617515563965,0.603290319442749,1.0032070012456915,0.0032070011366158724,0.0032070011366158724,0.32070011366158724
Herwig_minus,279,MUR1.0_MUF1.0_PDF26554,pdf,11,2.18,2.5,0.6056520938873291,0.6091428995132446,1.0057637142860516,0.005763714201748371,0.005763714201748371,0.5763714201748371
Herwig_minus,280,MUR1.0_MUF1.0_PDF26555,pdf,1,0.0,0.21,0.69124835729599,0.6908272504806519,0.9993908024360659,-0.0006091975374147296,0.0006091975374147296,-0.06091975374147296
Herwig_minus,280,MUR1.0_MUF1.0_PDF26555,pdf,2,0.21,0.42,0.6720393300056458,0.6721357703208923,1.0001435039750513,0.00014350397395901382,0.00014350397395901382,0.014350397395901382
Herwig_minus,280,MUR1.0_MUF1.0_PDF26555,pdf,3,0.42,0.63,0.6428124904632568,0.642650306224823,0.9997476958820185,-0.0002523041039239615,0.0002523041039239615,-0.025230410392396152
Herwig_minus,280,MUR1.0_MUF1.0_PDF26555,pdf,4,0.63,0.84,0.6500856876373291,0.649655282497406,0.9993379255256528,-0.0006620744825340807,0.0006620744825340807,-0.06620744825340807
Herwig_minus,280,MUR1.0_MUF1.0_PDF26555,pdf,5,0.84,1.05,0.6886215806007385,0.6879230737686157,0.9989856448711447,-0.0010143551044166088,0.0010143551044166088,-0.10143551044166088
Herwig_minus,280,MUR1.0_MUF1.0_PDF26555,pdf,6,1.05,1.37,0.6677588224411011,0.667609453201294,0.9997763125925299,-0.00022368741338141263,0.00022368741338141263,-0.022368741338141263
Herwig_minus,280,MUR1.0_MUF1.0_PDF26555,pdf,7,1.37,1.52,0.6296678781509399,0.6303372383117676,1.0010630368549103,0.0010630368487909436,0.0010630368487909436,0.10630368487909436
Herwig_minus,280,MUR1.0_MUF1.0_PDF26555,pdf,8,1.52,1.74,0.6480627655982971,0.6483487486839294,1.0004412891787855,0.0004412891867104918,0.0004412891867104918,0.04412891867104918
Herwig_minus,280,MUR1.0_MUF1.0_PDF26555,pdf,9,1.74,1.95,0.6190352439880371,0.6191043257713318,1.000111595880793,0.00011159588029840961,0.00011159588029840961,0.011159588029840961
Herwig_minus,280,MUR1.0_MUF1.0_PDF26555,pdf,10,1.95,2.18,0.6013617515563965,0.6032914519309998,1.0032088844520108,0.0032088845036923885,0.0032088845036923885,0.32088845036923885
Herwig_minus,280,MUR1.0_MUF1.0_PDF26555,pdf,11,2.18,2.5,0.6056520938873291,0.6091431379318237,1.0057641079420492,0.0057641081511974335,0.0057641081511974335,0.5764108151197433
Herwig_minus,282,MUR1.0_MUF1.0_PDF26557,pdf,1,0.0,0.21,0.69124835729599,0.6908270716667175,0.9993905437534486,-0.00060945627046749,0.00060945627046749,-0.060945627046748996
Herwig_minus,282,MUR1.0_MUF1.0_PDF26557,pdf,2,0.21,0.42,0.6720393300056458,0.6721362471580505,1.0001442135126288,0.00014421351079363376,0.00014421351079363376,0.014421351079363376
Herwig_minus,282,MUR1.0_MUF1.0_PDF26557,pdf,3,0.42,0.63,0.6428124904632568,0.642651379108429,0.9997493649280029,-0.00025063505745492876,0.00025063505745492876,-0.025063505745492876
Herwig_minus,282,MUR1.0_MUF1.0_PDF26557,pdf,4,0.63,0.84,0.6500856876373291,0.6496546864509583,0.9993370086519867,-0.0006629913696087897,0.0006629913696087897,-0.06629913696087897
Herwig_minus,282,MUR1.0_MUF1.0_PDF26557,pdf,5,0.84,1.05,0.6886215806007385,0.687923014163971,0.9989855583146869,-0.001014441717416048,0.001014441717416048,-0.1014441717416048
Herwig_minus,282,MUR1.0_MUF1.0_PDF26557,pdf,6,1.05,1.37,0.6677588224411011,0.6676080226898193,0.9997741703348366,-0.00022582965902984142,0.00022582965902984142,-0.022582965902984142
Herwig_minus,282,MUR1.0_MUF1.0_PDF26557,pdf,7,1.37,1.52,0.6296678781509399,0.630337119102478,1.00106284753401,0.001062847557477653,0.001062847557477653,0.1062847557477653
Herwig_minus,282,MUR1.0_MUF1.0_PDF26557,pdf,8,1.52,1.74,0.6480627655982971,0.6483501195907593,1.0004434045708472,0.000443404569523409,0.000443404569523409,0.0443404569523409
Herwig_minus,282,MUR1.0_MUF1.0_PDF26557,pdf,9,1.74,1.95,0.6190352439880371,0.6191062331199646,1.0001146770440243,0.0001146770446212031,0.0001146770446212031,0.01146770446212031
Herwig_minus,282,MUR1.0_MUF1.0_PDF26557,pdf,10,1.95,2.18,0.6013617515563965,0.6032915115356445,1.0032089835681328,0.0032089834567159414,0.0032089834567159414,0.32089834567159414
Herwig_minus,282,MUR1.0_MUF1.0_PDF26557,pdf,11,2.18,2.5,0.6056520938873291,0.6091437935829163,1.005765190496042,0.005765190348029137,0.005765190348029137,0.5765190348029137
Herwig_minus,283,MUR1.0_MUF1.0_PDF26558,pdf,1,0.0,0.21,0.69124835729599,0.690826952457428,0.9993903712983703,-0.0006096286815591156,0.0006096286815591156,-0.060962868155911565
Herwig_minus,283,MUR1.0_MUF1.0_PDF26558,pdf,2,0.21,0.42,0.6720393300056458,0.6721364855766296,1.0001445682814174,0.00014456828648690134,0.00014456828648690134,0.014456828648690134
Herwig_minus,283,MUR1.0_MUF1.0_PDF26558,pdf,3,0.42,0.63,0.6428124904632568,0.6426512598991394,0.9997491794784491,-0.00025082050706259906,0.00025082050706259906,-0.025082050706259906
Herwig_minus,283,MUR1.0_MUF1.0_PDF26558,pdf,4,0.63,0.84,0.6500856876373291,0.6496551036834717,0.9993376504635529,-0.0006623495137318969,0.0006623495137318969,-0.06623495137318969
Herwig_minus,283,MUR1.0_MUF1.0_PDF26558,pdf,5,0.84,1.05,0.6886215806007385,0.6879225969314575,0.9989849524194824,-0.0010150475427508354,0.0010150475427508354,-0.10150475427508354
Herwig_minus,283,MUR1.0_MUF1.0_PDF26558,pdf,6,1.05,1.37,0.6677588224411011,0.6676095128059387,0.9997764018532671,-0.00022359815193340182,0.00022359815193340182,-0.022359815193340182
Herwig_minus,283,MUR1.0_MUF1.0_PDF26558,pdf,7,1.37,1.52,0.6296678781509399,0.6303379535675049,1.0010641727803118,0.0010641728295013309,0.0010641728295013309,0.10641728295013309
Herwig_minus,283,MUR1.0_MUF1.0_PDF26558,pdf,8,1.52,1.74,0.6480627655982971,0.6483497023582458,1.000442760755872,0.0004427607636898756,0.0004427607636898756,0.04427607636898756
Herwig_minus,283,MUR1.0_MUF1.0_PDF26558,pdf,9,1.74,1.95,0.6190352439880371,0.619105875492096,1.0001140993259185,0.00011409932631067932,0.00011409932631067932,0.011409932631067932
Herwig_minus,283,MUR1.0_MUF1.0_PDF26558,pdf,10,1.95,2.18,0.6013617515563965,0.6032903790473938,1.0032071003618135,0.003207100322470069,0.003207100322470069,0.3207100322470069
Herwig_minus,283,MUR1.0_MUF1.0_PDF26558,pdf,11,2.18,2.5,0.6056520938873291,0.6091426610946655,1.0057633206300542,0.005763320717960596,0.005763320717960596,0.5763320717960596
Herwig_minus,284,MUR1.0_MUF1.0_PDF26559,pdf,1,0.0,0.21,0.69124835729599,0.6908270120620728,0.9993904575259094,-0.0006095424760133028,0.0006095424760133028,-0.06095424760133028
Herwig_minus,284,MUR1.0_MUF1.0_PDF26559,pdf,2,0.21,0.42,0.6720393300056458,0.6721367239952087,1.0001449230502062,0.0001449230476282537,0.0001449230476282537,0.01449230476282537
Herwig_minus,284,MUR1.0_MUF1.0_PDF26559,pdf,3,0.42,0.63,0.6428124904632568,0.642650306224823,0.9997476958820185,-0.0002523041039239615,0.0002523041039239615,-0.025230410392396152
Herwig_minus,284,MUR1.0_MUF1.0_PDF26559,pdf,4,0.63,0.84,0.6500856876373291,0.649655282497406,0.9993379255256528,-0.0006620744825340807,0.0006620744825340807,-0.06620744825340807
Herwig_minus,284,MUR1.0_MUF1.0_PDF26559,pdf,5,0.84,1.05,0.6886215806007385,0.6879234910011292,0.9989862507663493,-0.0010137492790818214,0.0010137492790818214,-0.10137492790818214
Herwig_minus,284,MUR1.0_MUF1.0_PDF26559,pdf,6,1.05,1.37,0.6677588224411011,0.6676084995269775,0.9997748844207344,-0.00022511558199767023,0.00022511558199767023,-0.022511558199767023
Herwig_minus,284,MUR1.0_MUF1.0_PDF26559,pdf,7,1.37,1.52,0.6296678781509399,0.6303389072418213,1.0010656873475139,0.0010656873928382993,0.0010656873928382993,0.10656873928382993
Herwig_minus,284,MUR1.0_MUF1.0_PDF26559,pdf,8,1.52,1.74,0.6480627655982971,0.6483492255210876,1.0004420249673287,0.00044202496064826846,0.00044202496064826846,0.044202496064826846
Herwig_minus,284,MUR1.0_MUF1.0_PDF26559,pdf,9,1.74,1.95,0.6190352439880371,0.6191049814224243,1.0001126550306538,0.00011265503417234868,0.00011265503417234868,0.011265503417234868
Herwig_minus,284,MUR1.0_MUF1.0_PDF26559,pdf,10,1.95,2.18,0.6013617515563965,0.6032905578613281,1.0032073977101796,0.003207397647202015,0.003207397647202015,0.3207397647202015
Herwig_minus,284,MUR1.0_MUF1.0_PDF26559,pdf,11,2.18,2.5,0.6056520938873291,0.6091424822807312,1.0057630253880563,0.005763025488704443,0.005763025488704443,0.5763025488704443
Herwig_minus,285,MUR1.0_MUF1.0_PDF26560,pdf,1,0.0,0.21,0.69124835729599,0.6908271908760071,0.9993907162085268,-0.0006092838011682034,0.0006092838011682034,-0.060928380116820335
Herwig_minus,285,MUR1.0_MUF1.0_PDF26560,pdf,2,0.21,0.42,0.6720393300056458,0.6721364855766296,1.0001445682814174,0.00014456828648690134,0.00014456828648690134,0.014456828648690134
Herwig_minus,285,MUR1.0_MUF1.0_PDF26560,pdf,3,0.42,0.63,0.6428124904632568,0.6426517963409424,0.9997500140014414,-0.00024998601293191314,0.00024998601293191314,-0.024998601293191314
Herwig_minus,285,MUR1.0_MUF1.0_PDF26560,pdf,4,0.63,0.84,0.6500856876373291,0.6496552228927612,0.9993378338382862,-0.0006621661596000195,0.0006621661596000195,-0.06621661596000195
Herwig_minus,285,MUR1.0_MUF1.0_PDF26560,pdf,5,0.84,1.05,0.6886215806007385,0.687922477722168,0.9989847793065668,-0.001015220652334392,0.001015220652334392,-0.10152206523343921
Herwig_minus,285,MUR1.0_MUF1.0_PDF26560,pdf,6,1.05,1.37,0.6677588224411011,0.6676085591316223,0.9997749736814716,-0.00022502632054965943,0.00022502632054965943,-0.022502632054965943
Herwig_minus,285,MUR1.0_MUF1.0_PDF26560,pdf,7,1.37,1.52,0.6296678781509399,0.630336344242096,1.0010616169481585,0.0010616169311106205,0.0010616169311106205,0.10616169311106205
Herwig_minus,285,MUR1.0_MUF1.0_PDF26560,pdf,8,1.52,1.74,0.6480627655982971,0.6483508944511414,1.0004446002272298,0.00044460021308623254,0.00044460021308623254,0.044460021308623254
Herwig_minus,285,MUR1.0_MUF1.0_PDF26560,pdf,9,1.74,1.95,0.6190352439880371,0.6191064715385437,1.0001150621894284,0.00011506219016155228,0.00011506219016155228,0.011506219016155228
Herwig_minus,285,MUR1.0_MUF1.0_PDF26560,pdf,10,1.95,2.18,0.6013617515563965,0.6032912135124207,1.0032084879875225,0.003208487993106246,0.003208487993106246,0.3208487993106246
Herwig_minus,285,MUR1.0_MUF1.0_PDF26560,pdf,11,2.18,2.5,0.6056520938873291,0.6091439127922058,1.0057653873240406,0.005765387322753668,0.005765387322753668,0.5765387322753668
Herwig_minus,286,MUR1.0_MUF1.0_PDF26561,pdf,1,0.0,0.21,0.69124835729599,0.6908266544342041,0.9993899401606746,-0.0006100598257035017,0.0006100598257035017,-0.06100598257035017
Herwig_minus,286,MUR1.0_MUF1.0_PDF26561,pdf,2,0.21,0.42,0.6720393300056458,0.6721364855766296,1.0001445682814174,0.00014456828648690134,0.00014456828648690134,0.014456828648690134
Herwig_minus,286,MUR1.0_MUF1.0_PDF26561,pdf,3,0.42,0.63,0.6428124904632568,0.6426512598991394,0.9997491794784491,-0.00025082050706259906,0.00025082050706259906,-0.025082050706259906
Herwig_minus,286,MUR1.0_MUF1.0_PDF26561,pdf,4,0.63,0.84,0.6500856876373291,0.6496546864509583,0.9993370086519867,-0.0006629913696087897,0.0006629913696087897,-0.06629913696087897
Herwig_minus,286,MUR1.0_MUF1.0_PDF26561,pdf,5,0.84,1.05,0.6886215806007385,0.6879230737686157,0.9989856448711447,-0.0010143551044166088,0.0010143551044166088,-0.10143551044166088
Herwig_minus,286,MUR1.0_MUF1.0_PDF26561,pdf,6,1.05,1.37,0.6677588224411011,0.6676086783409119,0.9997751522029461,-0.00022484779765363783,0.00022484779765363783,-0.022484779765363783
Herwig_minus,286,MUR1.0_MUF1.0_PDF26561,pdf,7,1.37,1.52,0.6296678781509399,0.6303371787071228,1.0010629421944601,0.0010629422031342983,0.0010629422031342983,0.10629422031342983
Herwig_minus,286,MUR1.0_MUF1.0_PDF26561,pdf,8,1.52,1.74,0.6480627655982971,0.6483502388000488,1.000443588517983,0.00044358850573189557,0.00044358850573189557,0.04435885057318956
Herwig_minus,286,MUR1.0_MUF1.0_PDF26561,pdf,9,1.74,1.95,0.6190352439880371,0.6191067099571228,1.0001154473348324,0.00011544733570190147,0.00011544733570190147,0.011544733570190147
Herwig_minus,286,MUR1.0_MUF1.0_PDF26561,pdf,10,1.95,2.18,0.6013617515563965,0.6032916307449341,1.003209181800377,0.0032091818284243345,0.0032091818284243345,0.32091818284243345
Herwig_minus,286,MUR1.0_MUF1.0_PDF26561,pdf,11,2.18,2.5,0.6056520938873291,0.6091434359550476,1.005764600012046,0.0057645998895168304,0.0057645998895168304,0.576459988951683
Herwig_minus,287,MUR1.0_MUF1.0_PDF26562,pdf,1,0.0,0.21,0.69124835729599,0.6908263564109802,0.9993895090229791,-0.0006104909698478878,0.0006104909698478878,-0.061049096984788775
Herwig_minus,287,MUR1.0_MUF1.0_PDF26562,pdf,2,0.21,0.42,0.6720393300056458,0.6721365451812744,1.0001446569736148,0.00014465698041021824,0.00014465698041021824,0.014465698041021824
Herwig_minus,287,MUR1.0_MUF1.0_PDF26562,pdf,3,0.42,0.63,0.6428124904632568,0.6426510810852051,0.9997489013041183,-0.0002510986814741045,0.0002510986814741045,-0.025109868147410452
Herwig_minus,287,MUR1.0_MUF1.0_PDF26562,pdf,4,0.63,0.84,0.6500856876373291,0.649655818939209,0.9993387507119524,-0.0006612492725253105,0.0006612492725253105,-0.06612492725253105
Herwig_minus,287,MUR1.0_MUF1.0_PDF26562,pdf,5,0.84,1.05,0.6886215806007385,0.6879239678382874,0.9989869432180115,-0.001013056724332273,0.001013056724332273,-0.1013056724332273
Herwig_minus,287,MUR1.0_MUF1.0_PDF26562,pdf,6,1.05,1.37,0.6677588224411011,0.6676090359687805,0.9997756877673694,-0.000224312228965573,0.000224312228965573,-0.0224312228965573
Herwig_minus,287,MUR1.0_MUF1.0_PDF26562,pdf,7,1.37,1.52,0.6296678781509399,0.6303390860557556,1.0010659713288643,0.0010659713298082352,0.0010659713298082352,0.10659713298082352
Herwig_minus,287,MUR1.0_MUF1.0_PDF26562,pdf,8,1.52,1.74,0.6480627655982971,0.6483484506607056,1.000440829310946,0.00044082931708544493,0.00044082931708544493,0.04408293170854449
Herwig_minus,287,MUR1.0_MUF1.0_PDF26562,pdf,9,1.74,1.95,0.6190352439880371,0.6191051602363586,1.0001129438897067,0.00011294388968963176,0.00011294388968963176,0.011294388968963176
Herwig_minus,287,MUR1.0_MUF1.0_PDF26562,pdf,10,1.95,2.18,0.6013617515563965,0.6032900214195251,1.0032065056650812,0.003206505673006177,0.003206505673006177,0.3206505673006177
Herwig_minus,287,MUR1.0_MUF1.0_PDF26562,pdf,11,2.18,2.5,0.6056520938873291,0.6091428399085999,1.0057636158720524,0.005763615947216749,0.005763615947216749,0.5763615947216749
