pair_label,weight_index,weight_name,category,bin,bin_low_edge,bin_up_edge,C_nominal_weight0,C_weight,C_weight_over_C_nominal,signed_relative_shift,absolute_relative_shift,signed_relative_shift_percent
Pythia_minus,1,MUR0.5_MUF0.5_PDF13300,scale,1,0.0,0.21,0.7786144614219666,0.77544105052948,0.9959242846752537,-0.004075715318322182,0.004075715318322182,-0.40757153183221817
Pythia_minus,1,MUR0.5_MUF0.5_PDF13300,scale,2,0.21,0.42,0.7478157877922058,0.744546115398407,0.9956277034435821,-0.004372296389192343,0.004372296389192343,-0.4372296389192343
Pythia_minus,1,MUR0.5_MUF0.5_PDF13300,scale,3,0.42,0.63,0.7352385520935059,0.732485294342041,0.996255286473179,-0.003744713496416807,0.003744713496416807,-0.3744713496416807
Pythia_minus,1,MUR0.5_MUF0.5_PDF13300,scale,4,0.63,0.84,0.7513492107391357,0.748597264289856,0.9963373270245768,-0.003662673057988286,0.003662673057988286,-0.3662673057988286
Pythia_minus,1,MUR0.5_MUF0.5_PDF13300,scale,5,0.84,1.05,0.7593017220497131,0.7562936544418335,0.9960383764180603,-0.0039616236463189125,0.0039616236463189125,-0.39616236463189125
Pythia_minus,1,MUR0.5_MUF0.5_PDF13300,scale,6,1.05,1.37,0.7337679862976074,0.7311745882034302,0.9964656428972013,-0.003534357063472271,0.003534357063472271,-0.3534357063472271
Pythia_minus,1,MUR0.5_MUF0.5_PDF13300,scale,7,1.37,1.52,0.7370075583457947,0.7357838153839111,0.9983395788170338,-0.001660421141423285,0.001660421141423285,-0.1660421141423285
Pythia_minus,1,MUR0.5_MUF0.5_PDF13300,scale,8,1.52,1.74,0.7175648808479309,0.7151840329170227,0.9966820450743147,-0.0033179549500346184,0.0033179549500346184,-0.33179549500346184
Pythia_minus,1,MUR0.5_MUF0.5_PDF13300,scale,9,1.74,1.95,0.6435351371765137,0.6421289443969727,0.9978148935492308,-0.002185106510296464,0.002185106510296464,-0.2185106510296464
Pythia_minus,1,MUR0.5_MUF0.5_PDF13300,scale,10,1.95,2.18,0.7551155686378479,0.7526815533638,0.9967766321141562,-0.003223367966711521,0.003223367966711521,-0.3223367966711521
Pythia_minus,1,MUR0.5_MUF0.5_PDF13300,scale,11,2.18,2.5,0.7272884249687195,0.7269955277442932,0.9995972750089638,-0.00040272498154081404,0.00040272498154081404,-0.040272498154081404
Pythia_minus,2,MUR1.0_MUF1.0_PDF13301,pdf,1,0.0,0.21,0.7786144614219666,0.7785948514938354,0.9999748143283965,-2.518567089282442e-05,2.518567089282442e-05,-0.002518567089282442
Pythia_minus,2,MUR1.0_MUF1.0_PDF13301,pdf,2,0.21,0.42,0.7478157877922058,0.7477983832359314,0.9999767261449163,-2.327385482203681e-05,2.327385482203681e-05,-0.002327385482203681
Pythia_minus,2,MUR1.0_MUF1.0_PDF13301,pdf,3,0.42,0.63,0.7352385520935059,0.7352210283279419,0.9999761658777085,-2.383412174822297e-05,2.383412174822297e-05,-0.002383412174822297
Pythia_minus,2,MUR1.0_MUF1.0_PDF13301,pdf,4,0.63,0.84,0.7513492107391357,0.7513251900672913,0.9999680299499871,-3.197004843968898e-05,3.197004843968898e-05,-0.003197004843968898
Pythia_minus,2,MUR1.0_MUF1.0_PDF13301,pdf,5,0.84,1.05,0.7593017220497131,0.7592818140983582,0.9999737812377124,-2.621876228658948e-05,2.621876228658948e-05,-0.002621876228658948
Pythia_minus,2,MUR1.0_MUF1.0_PDF13301,pdf,6,1.05,1.37,0.7337679862976074,0.7337686419487,1.0000008935400628,8.935400614973332e-07,8.935400614973332e-07,8.935400614973332e-05
Pythia_minus,2,MUR1.0_MUF1.0_PDF13301,pdf,7,1.37,1.52,0.7370075583457947,0.7369861602783203,0.9999709662849017,-2.9033715691184625e-05,2.9033715691184625e-05,-0.0029033715691184625
Pythia_minus,2,MUR1.0_MUF1.0_PDF13301,pdf,8,1.52,1.74,0.7175648808479309,0.7175403833389282,0.999965860217443,-3.413978265598416e-05,3.413978265598416e-05,-0.0034139782655984163
Pythia_minus,2,MUR1.0_MUF1.0_PDF13301,pdf,9,1.74,1.95,0.6435351371765137,0.6435163021087646,0.9999707318735824,-2.9268127036630176e-05,2.9268127036630176e-05,-0.0029268127036630176
Pythia_minus,2,MUR1.0_MUF1.0_PDF13301,pdf,10,1.95,2.18,0.7551155686378479,0.7550917267799377,0.999968426213284,-3.157378523610532e-05,3.157378523610532e-05,-0.0031573785236105323
Pythia_minus,2,MUR1.0_MUF1.0_PDF13301,pdf,11,2.18,2.5,0.7272884249687195,0.7272714376449585,0.9999766429339753,-2.335706631129142e-05,2.335706631129142e-05,-0.002335706631129142
Pythia_minus,3,MUR1.0_MUF1.0_PDF26460,pdf,1,0.0,0.21,0.7786144614219666,0.7786605954170227,1.0000592513976325,5.925139703322202e-05,5.925139703322202e-05,0.005925139703322202
Pythia_minus,3,MUR1.0_MUF1.0_PDF26460,pdf,2,0.21,0.42,0.7478157877922058,0.7474792003631592,0.9995499059600756,-0.00045009402674622834,0.00045009402674622834,-0.045009402674622834
Pythia_minus,3,MUR1.0_MUF1.0_PDF26460,pdf,3,0.42,0.63,0.7352385520935059,0.7350290417671204,0.9997150444222641,-0.00028495557489804924,0.00028495557489804924,-0.028495557489804924
Pythia_minus,3,MUR1.0_MUF1.0_PDF26460,pdf,4,0.63,0.84,0.7513492107391357,0.750907838344574,0.9994125602472816,-0.0005874397465959191,0.0005874397465959191,-0.05874397465959191
Pythia_minus,3,MUR1.0_MUF1.0_PDF26460,pdf,5,0.84,1.05,0.7593017220497131,0.7583670616149902,0.9987690526603841,-0.0012309473240748048,0.0012309473240748048,-0.12309473240748048
Pythia_minus,3,MUR1.0_MUF1.0_PDF26460,pdf,6,1.05,1.37,0.7337679862976074,0.7330136895179749,0.9989720227732495,-0.001027977210469544,0.001027977210469544,-0.1027977210469544
Pythia_minus,3,MUR1.0_MUF1.0_PDF26460,pdf,7,1.37,1.52,0.7370075583457947,0.737246036529541,1.0003235763067093,0.00032357629970647395,0.00032357629970647395,0.032357629970647395
Pythia_minus,3,MUR1.0_MUF1.0_PDF26460,pdf,8,1.52,1.74,0.7175648808479309,0.7178749442100525,1.0004321049850644,0.0004321049782447517,0.0004321049782447517,0.04321049782447517
Pythia_minus,3,MUR1.0_MUF1.0_PDF26460,pdf,9,1.74,1.95,0.6435351371765137,0.6436935663223267,1.000246185696259,0.00024618569295853376,0.00024618569295853376,0.024618569295853376
Pythia_minus,3,MUR1.0_MUF1.0_PDF26460,pdf,10,1.95,2.18,0.7551155686378479,0.7562178373336792,1.0014597350943508,0.0014597350964322686,0.0014597350964322686,0.14597350964322686
Pythia_minus,3,MUR1.0_MUF1.0_PDF26460,pdf,11,2.18,2.5,0.7272884249687195,0.7304245829582214,1.0043121241612456,0.004312124103307724,0.004312124103307724,0.4312124103307724
Pythia_minus,4,MUR1.0_MUF1.0_PDF26461,pdf,1,0.0,0.21,0.7786144614219666,0.7786598801612854,1.0000583327713126,5.833277100464329e-05,5.833277100464329e-05,0.005833277100464329
Pythia_minus,4,MUR1.0_MUF1.0_PDF26461,pdf,2,0.21,0.42,0.7478157877922058,0.7474789023399353,0.9995495074351598,-0.00045049257460050285,0.00045049257460050285,-0.045049257460050285
Pythia_minus,4,MUR1.0_MUF1.0_PDF26461,pdf,3,0.42,0.63,0.7352385520935059,0.7350291609764099,0.9997152065591505,-0.00028479343745857477,0.00028479343745857477,-0.028479343745857477
Pythia_minus,4,MUR1.0_MUF1.0_PDF26461,pdf,4,0.63,0.84,0.7513492107391357,0.7509065866470337,0.9994108943141544,-0.0005891057080589235,0.0005891057080589235,-0.05891057080589235
Pythia_minus,4,MUR1.0_MUF1.0_PDF26461,pdf,5,0.84,1.05,0.7593017220497131,0.7583674192428589,0.9987695236561138,-0.001230476307682693,0.001230476307682693,-0.1230476307682693
Pythia_minus,4,MUR1.0_MUF1.0_PDF26461,pdf,6,1.05,1.37,0.7337679862976074,0.7330138087272644,0.998972185235079,-0.0010278148110955954,0.0010278148110955954,-0.10278148110955954
Pythia_minus,4,MUR1.0_MUF1.0_PDF26461,pdf,7,1.37,1.52,0.7370075583457947,0.7372465133666992,1.0003242232975749,0.0003242233069613576,0.0003242233069613576,0.03242233069613576
Pythia_minus,4,MUR1.0_MUF1.0_PDF26461,pdf,8,1.52,1.74,0.7175648808479309,0.7178753018379211,1.0004326033760507,0.00043260338134132326,0.00043260338134132326,0.043260338134132326
Pythia_minus,4,MUR1.0_MUF1.0_PDF26461,pdf,9,1.74,1.95,0.6435351371765137,0.6436941623687744,1.0002471119027914,0.00024711189325898886,0.00024711189325898886,0.024711189325898886
Pythia_minus,4,MUR1.0_MUF1.0_PDF26461,pdf,10,1.95,2.18,0.7551155686378479,0.7562181353569031,1.0014601297666847,0.001460129744373262,0.001460129744373262,0.1460129744373262
Pythia_minus,4,MUR1.0_MUF1.0_PDF26461,pdf,11,2.18,2.5,0.7272884249687195,0.7304255366325378,1.0043134354351277,0.004313435405492783,0.004313435405492783,0.43134354054927826
Pythia_minus,5,MUR1.0_MUF1.0_PDF26462,pdf,1,0.0,0.21,0.7786144614219666,0.778660237789154,1.0000587920844726,5.8792084018932655e-05,5.8792084018932655e-05,0.0058792084018932655
Pythia_minus,5,MUR1.0_MUF1.0_PDF26462,pdf,2,0.21,0.42,0.7478157877922058,0.7474772334098816,0.9995472756956312,-0.0004527243145275861,0.0004527243145275861,-0.04527243145275861
Pythia_minus,5,MUR1.0_MUF1.0_PDF26462,pdf,3,0.42,0.63,0.7352385520935059,0.7350271344184875,0.9997124502320828,-0.00028754977392964065,0.00028754977392964065,-0.028754977392964065
Pythia_minus,5,MUR1.0_MUF1.0_PDF26462,pdf,4,0.63,0.84,0.7513492107391357,0.7509070634841919,0.9994115289553457,-0.000588471069931984,0.000588471069931984,-0.058847106993198395
Pythia_minus,5,MUR1.0_MUF1.0_PDF26462,pdf,5,0.84,1.05,0.7593017220497131,0.7583684325218201,0.9987708581440147,-0.0012291418388485909,0.0012291418388485909,-0.12291418388485909
Pythia_minus,5,MUR1.0_MUF1.0_PDF26462,pdf,6,1.05,1.37,0.7337679862976074,0.7330155968666077,0.9989746221625229,-0.0010253778891637921,0.0010253778891637921,-0.10253778891637921
Pythia_minus,5,MUR1.0_MUF1.0_PDF26462,pdf,7,1.37,1.52,0.7370075583457947,0.7372470498085022,1.000324951162299,0.00032495116465725005,0.00032495116465725005,0.032495116465725005
Pythia_minus,5,MUR1.0_MUF1.0_PDF26462,pdf,8,1.52,1.74,0.7175648808479309,0.7178752422332764,1.0004325203108864,0.00043252031900919974,0.00043252031900919974,0.043252031900919974
Pythia_minus,5,MUR1.0_MUF1.0_PDF26462,pdf,9,1.74,1.95,0.6435351371765137,0.6436941027641296,1.000247019282138,0.00024701928487047553,0.00024701928487047553,0.024701928487047553
Pythia_minus,5,MUR1.0_MUF1.0_PDF26462,pdf,10,1.95,2.18,0.7551155686378479,0.7562170624732971,1.0014587089462825,0.0014587088953703642,0.0014587088953703642,0.14587088953703642
Pythia_minus,5,MUR1.0_MUF1.0_PDF26462,pdf,11,2.18,2.5,0.7272884249687195,0.7304264903068542,1.0043147467090099,0.004314746707677841,0.004314746707677841,0.4314746707677841
Pythia_minus,6,MUR1.0_MUF1.0_PDF26500,pdf,1,0.0,0.21,0.7786144614219666,0.778660774230957,1.0000594810542125,5.9481055359356105e-05,5.9481055359356105e-05,0.0059481055359356105
Pythia_minus,6,MUR1.0_MUF1.0_PDF26500,pdf,2,0.21,0.42,0.7478157877922058,0.747477650642395,0.9995478336305134,-0.00045216636499390006,0.00045216636499390006,-0.045216636499390006
Pythia_minus,6,MUR1.0_MUF1.0_PDF26500,pdf,3,0.42,0.63,0.7352385520935059,0.7350274920463562,0.9997129366427417,-0.00028706336161121726,0.00028706336161121726,-0.028706336161121726
Pythia_minus,6,MUR1.0_MUF1.0_PDF26500,pdf,4,0.63,0.84,0.7513492107391357,0.7509065866470337,0.9994108943141544,-0.0005891057080589235,0.0005891057080589235,-0.05891057080589235
Pythia_minus,6,MUR1.0_MUF1.0_PDF26500,pdf,5,0.84,1.05,0.7593017220497131,0.758367657661438,0.9987698376532669,-0.0012301623355597258,0.0012301623355597258,-0.12301623355597258
Pythia_minus,6,MUR1.0_MUF1.0_PDF26500,pdf,6,1.05,1.37,0.7337679862976074,0.7330145239830017,0.9989731600060566,-0.0010268399491906166,0.0010268399491906166,-0.10268399491906166
Pythia_minus,6,MUR1.0_MUF1.0_PDF26500,pdf,7,1.37,1.52,0.7370075583457947,0.7372464537620544,1.0003241424237168,0.00032414242741651833,0.00032414242741651833,0.03241424274165183
Pythia_minus,6,MUR1.0_MUF1.0_PDF26500,pdf,8,1.52,1.74,0.7175648808479309,0.7178744673728943,1.0004314404637495,0.0004314404504839331,0.0004314404504839331,0.04314404504839331
Pythia_minus,6,MUR1.0_MUF1.0_PDF26500,pdf,9,1.74,1.95,0.6435351371765137,0.6436934471130371,1.0002460004549527,0.00024600044707767665,0.00024600044707767665,0.024600044707767665
Pythia_minus,6,MUR1.0_MUF1.0_PDF26500,pdf,10,1.95,2.18,0.7551155686378479,0.7562162280082703,1.0014576038637475,0.001457603881135583,0.001457603881135583,0.1457603881135583
Pythia_minus,6,MUR1.0_MUF1.0_PDF26500,pdf,11,2.18,2.5,0.7272884249687195,0.7304245829582214,1.0043121241612456,0.004312124103307724,0.004312124103307724,0.4312124103307724
Pythia_minus,7,MUR1.0_MUF1.0_PDF26501,pdf,1,0.0,0.21,0.7786144614219666,0.7786411643028259,1.000034295382609,3.429538264754228e-05,3.429538264754228e-05,0.0034295382647542283
Pythia_minus,7,MUR1.0_MUF1.0_PDF26501,pdf,2,0.21,0.42,0.7478157877922058,0.7474417686462402,0.9994998512306489,-0.0005001487443223596,0.0005001487443223596,-0.050014874432235956
Pythia_minus,7,MUR1.0_MUF1.0_PDF26501,pdf,3,0.42,0.63,0.7352385520935059,0.7350027561187744,0.999679293238827,-0.0003207067493349314,0.0003207067493349314,-0.03207067493349314
Pythia_minus,7,MUR1.0_MUF1.0_PDF26501,pdf,4,0.63,0.84,0.7513492107391357,0.7508808374404907,0.9993766236898229,-0.0006233762833289802,0.0006233762833289802,-0.06233762833289802
Pythia_minus,7,MUR1.0_MUF1.0_PDF26501,pdf,5,0.84,1.05,0.7593017220497131,0.7583175897598267,0.9987038982511065,-0.001296101720072329,0.001296101720072329,-0.1296101720072329
Pythia_minus,7,MUR1.0_MUF1.0_PDF26501,pdf,6,1.05,1.37,0.7337679862976074,0.7329826354980469,0.9989297014666404,-0.0010702984873205423,0.0010702984873205423,-0.10702984873205423
Pythia_minus,7,MUR1.0_MUF1.0_PDF26501,pdf,7,1.37,1.52,0.7370075583457947,0.7372713685035706,1.0003579476964497,0.0003579476906452328,0.0003579476906452328,0.03579476906452328
Pythia_minus,7,MUR1.0_MUF1.0_PDF26501,pdf,8,1.52,1.74,0.7175648808479309,0.7179281711578369,1.000506282176849,0.0005062822019681334,0.0005062822019681334,0.050628220196813345
Pythia_minus,7,MUR1.0_MUF1.0_PDF26501,pdf,9,1.74,1.95,0.6435351371765137,0.6437163352966309,1.0002815667857892,0.0002815667830873281,0.0002815667830873281,0.028156678308732808
Pythia_minus,7,MUR1.0_MUF1.0_PDF26501,pdf,10,1.95,2.18,0.7551155686378479,0.7563063502311707,1.0015769527775342,0.0015769527526572347,0.0015769527526572347,0.15769527526572347
Pythia_minus,7,MUR1.0_MUF1.0_PDF26501,pdf,11,2.18,2.5,0.7272884249687195,0.7306053042411804,1.0045606105619014,0.004560610745102167,0.004560610745102167,0.4560610745102167
Pythia_minus,8,MUR1.0_MUF1.0_PDF26502,pdf,1,0.0,0.21,0.7786144614219666,0.7786840796470642,1.000089412961802,8.941296255216002e-05,8.941296255216002e-05,0.008941296255216002
Pythia_minus,8,MUR1.0_MUF1.0_PDF26502,pdf,2,0.21,0.42,0.7478157877922058,0.7475212812423706,0.999606177678189,-0.0003938223235309124,0.0003938223235309124,-0.03938223235309124
Pythia_minus,8,MUR1.0_MUF1.0_PDF26502,pdf,3,0.42,0.63,0.7352385520935059,0.7350601553916931,0.9997573621495979,-0.00024263784871436656,0.00024263784871436656,-0.024263784871436656
Pythia_minus,8,MUR1.0_MUF1.0_PDF26502,pdf,4,0.63,0.84,0.7513492107391357,0.7509385347366333,0.999453415273973,-0.000546584720723331,0.000546584720723331,-0.0546584720723331
Pythia_minus,8,MUR1.0_MUF1.0_PDF26502,pdf,5,0.84,1.05,0.7593017220497131,0.7584232091903687,0.9988429989899497,-0.0011570010101422668,0.0011570010101422668,-0.11570010101422668
Pythia_minus,8,MUR1.0_MUF1.0_PDF26502,pdf,6,1.05,1.37,0.7337679862976074,0.7330519556999207,0.9990241730205488,-0.0009758269879966974,0.0009758269879966974,-0.09758269879966974
Pythia_minus,8,MUR1.0_MUF1.0_PDF26502,pdf,7,1.37,1.52,0.7370075583457947,0.7372148036956787,1.0002811984050057,0.0002811984159052372,0.0002811984159052372,0.02811984159052372
Pythia_minus,8,MUR1.0_MUF1.0_PDF26502,pdf,8,1.52,1.74,0.7175648808479309,0.71781325340271,1.0003461325399392,0.0003461325541138649,0.0003461325541138649,0.03461325541138649
Pythia_minus,8,MUR1.0_MUF1.0_PDF26502,pdf,9,1.74,1.95,0.6435351371765137,0.6436686515808105,1.000207470263213,0.00020747026428580284,0.00020747026428580284,0.020747026428580284
Pythia_minus,8,MUR1.0_MUF1.0_PDF26502,pdf,10,1.95,2.18,0.7551155686378479,0.7561097145080566,1.0013165479715933,0.0013165479758754373,0.0013165479758754373,0.13165479758754373
Pythia_minus,8,MUR1.0_MUF1.0_PDF26502,pdf,11,2.18,2.5,0.7272884249687195,0.730211079120636,1.0040185627208933,0.004018562845885754,0.004018562845885754,0.40185628458857536
Pythia_minus,9,MUR1.0_MUF1.0_PDF26503,pdf,1,0.0,0.21,0.7786144614219666,0.7786514163017273,1.0000474623598608,4.74623593618162e-05,4.74623593618162e-05,0.00474623593618162
Pythia_minus,9,MUR1.0_MUF1.0_PDF26503,pdf,2,0.21,0.42,0.7478157877922058,0.747470498085022,0.9995382690325337,-0.00046173096052370965,0.00046173096052370965,-0.046173096052370965
Pythia_minus,9,MUR1.0_MUF1.0_PDF26503,pdf,3,0.42,0.63,0.7352385520935059,0.735018789768219,0.9997011006500393,-0.0002988993364851922,0.0002988993364851922,-0.029889933648519218
Pythia_minus,9,MUR1.0_MUF1.0_PDF26503,pdf,4,0.63,0.84,0.7513492107391357,0.7509002089500427,0.9994024059882204,-0.0005975940148346126,0.0005975940148346126,-0.05975940148346126
Pythia_minus,9,MUR1.0_MUF1.0_PDF26503,pdf,5,0.84,1.05,0.7593017220497131,0.7583572864532471,0.9987561787771051,-0.0012438212288543582,0.0012438212288543582,-0.12438212288543582
Pythia_minus,9,MUR1.0_MUF1.0_PDF26503,pdf,6,1.05,1.37,0.7337679862976074,0.7330086827278137,0.9989651993764065,-0.001034800661727786,0.001034800661727786,-0.1034800661727786
Pythia_minus,9,MUR1.0_MUF1.0_PDF26503,pdf,7,1.37,1.52,0.7370075583457947,0.7372416257858276,1.0003175916412015,0.00031759164994582534,0.00031759164994582534,0.031759164994582534
Pythia_minus,9,MUR1.0_MUF1.0_PDF26503,pdf,8,1.52,1.74,0.7175648808479309,0.7178670763969421,1.0004211403833674,0.0004211403720546514,0.0004211403720546514,0.04211403720546514
Pythia_minus,9,MUR1.0_MUF1.0_PDF26503,pdf,9,1.74,1.95,0.6435351371765137,0.6436843276023865,1.0002318294950099,0.00023182950098998845,0.00023182950098998845,0.023182950098998845
Pythia_minus,9,MUR1.0_MUF1.0_PDF26503,pdf,10,1.95,2.18,0.7551155686378479,0.7561995983123779,1.001435581147513,0.0014355811290442944,0.0014355811290442944,0.14355811290442944
Pythia_minus,9,MUR1.0_MUF1.0_PDF26503,pdf,11,2.18,2.5,0.7272884249687195,0.7304096817970276,1.004291635506838,0.004291635472327471,0.004291635472327471,0.4291635472327471
Pythia_minus,10,MUR1.0_MUF1.0_PDF26504,pdf,1,0.0,0.21,0.7786144614219666,0.7786693572998047,1.000070504570051,7.050456770230085e-05,7.050456770230085e-05,0.007050456770230085
Pythia_minus,10,MUR1.0_MUF1.0_PDF26504,pdf,2,0.21,0.42,0.7478157877922058,0.747488260269165,0.9995620211175165,-0.00043797888793051243,0.00043797888793051243,-0.04379788879305124
Pythia_minus,10,MUR1.0_MUF1.0_PDF26504,pdf,3,0.42,0.63,0.7352385520935059,0.7350386381149292,0.9997280964416142,-0.0002719035546761006,0.0002719035546761006,-0.02719035546761006
Pythia_minus,10,MUR1.0_MUF1.0_PDF26504,pdf,4,0.63,0.84,0.7513492107391357,0.7509196996688843,0.9994283469469157,-0.0005716530722565949,0.0005716530722565949,-0.05716530722565949
Pythia_minus,10,MUR1.0_MUF1.0_PDF26504,pdf,5,0.84,1.05,0.7593017220497131,0.7583779692649841,0.9987834180301405,-0.0012165820226073265,0.0012165820226073265,-0.12165820226073265
Pythia_minus,10,MUR1.0_MUF1.0_PDF26504,pdf,6,1.05,1.37,0.7337679862976074,0.733023464679718,0.998985344643276,-0.0010146553395316005,0.0010146553395316005,-0.10146553395316005
Pythia_minus,10,MUR1.0_MUF1.0_PDF26504,pdf,7,1.37,1.52,0.7370075583457947,0.7372515797615051,1.000331097575523,0.0003310975735075772,0.0003310975735075772,0.03310975735075772
Pythia_minus,10,MUR1.0_MUF1.0_PDF26504,pdf,8,1.52,1.74,0.7175648808479309,0.7178859114646912,1.000447388975309,0.0004473889712244272,0.0004473889712244272,0.04473889712244272
Pythia_minus,10,MUR1.0_MUF1.0_PDF26504,pdf,9,1.74,1.95,0.6435351371765137,0.6437053084373474,1.0002644319649434,0.000264431961113587,0.000264431961113587,0.026443196111358702
Pythia_minus,10,MUR1.0_MUF1.0_PDF26504,pdf,10,1.95,2.18,0.7551155686378479,0.7562352418899536,1.0014827839586535,0.0014827839331701398,0.0014827839331701398,0.14827839331701398
Pythia_minus,10,MUR1.0_MUF1.0_PDF26504,pdf,11,2.18,2.5,0.7272884249687195,0.7304420471191406,1.0043361368642114,0.004336136858910322,0.004336136858910322,0.4336136858910322
Pythia_minus,11,MUR1.0_MUF1.0_PDF26505,pdf,1,0.0,0.21,0.7786144614219666,0.7786474227905273,1.000042333362908,4.233336221659556e-05,4.233336221659556e-05,0.004233336221659556
Pythia_minus,11,MUR1.0_MUF1.0_PDF26505,pdf,2,0.21,0.42,0.7478157877922058,0.7474911212921143,0.9995658469567084,-0.0004341530438978225,0.0004341530438978225,-0.04341530438978225
Pythia_minus,11,MUR1.0_MUF1.0_PDF26505,pdf,3,0.42,0.63,0.7352385520935059,0.7350336909294128,0.9997213677608312,-0.0002786322438623756,0.0002786322438623756,-0.02786322438623756
Pythia_minus,11,MUR1.0_MUF1.0_PDF26505,pdf,4,0.63,0.84,0.7513492107391357,0.7509350776672363,0.9994488141253359,-0.0005511858616955578,0.0005511858616955578,-0.05511858616955578
Pythia_minus,11,MUR1.0_MUF1.0_PDF26505,pdf,5,0.84,1.05,0.7593017220497131,0.7584465146064758,0.9988736922116696,-0.00112630776129663,0.00112630776129663,-0.11263077612966299
Pythia_minus,11,MUR1.0_MUF1.0_PDF26505,pdf,6,1.05,1.37,0.7337679862976074,0.7330960035324097,0.9990842026665835,-0.0009157973108813167,0.0009157973108813167,-0.09157973108813167
Pythia_minus,11,MUR1.0_MUF1.0_PDF26505,pdf,7,1.37,1.52,0.7370075583457947,0.7372381091117859,1.000312820083567,0.00031282007694244385,0.00031282007694244385,0.031282007694244385
Pythia_minus,11,MUR1.0_MUF1.0_PDF26505,pdf,8,1.52,1.74,0.7175648808479309,0.7178824543952942,1.0004425711957754,0.00044257118133828044,0.00044257118133828044,0.044257118133828044
Pythia_minus,11,MUR1.0_MUF1.0_PDF26505,pdf,9,1.74,1.95,0.6435351371765137,0.6437184810638428,1.0002849011293051,0.0002849011216312647,0.0002849011216312647,0.02849011216312647
Pythia_minus,11,MUR1.0_MUF1.0_PDF26505,pdf,10,1.95,2.18,0.7551155686378479,0.7562161684036255,1.0014575249292805,0.0014575249515473843,0.0014575249515473843,0.14575249515473843
Pythia_minus,11,MUR1.0_MUF1.0_PDF26505,pdf,11,2.18,2.5,0.7272884249687195,0.7302950620651245,1.0041340367771348,0.004134036600589752,0.004134036600589752,0.4134036600589752
Pythia_minus,12,MUR1.0_MUF1.0_PDF26506,pdf,1,0.0,0.21,0.7786144614219666,0.7786837220191956,1.0000889536486421,8.895364589989185e-05,8.895364589989185e-05,0.008895364589989185
Pythia_minus,12,MUR1.0_MUF1.0_PDF26506,pdf,2,0.21,0.42,0.7478157877922058,0.7474512457847595,0.9995125243229719,-0.00048747568507678807,0.00048747568507678807,-0.04874756850767881
Pythia_minus,12,MUR1.0_MUF1.0_PDF26506,pdf,3,0.42,0.63,0.7352385520935059,0.7350165247917175,0.9996980200491988,-0.000301979947835207,0.000301979947835207,-0.0301979947835207
Pythia_minus,12,MUR1.0_MUF1.0_PDF26506,pdf,4,0.63,0.84,0.7513492107391357,0.7508500218391418,0.9993356100028337,-0.0006643899832852185,0.0006643899832852185,-0.06643899832852185
Pythia_minus,12,MUR1.0_MUF1.0_PDF26506,pdf,5,0.84,1.05,0.7593017220497131,0.7582083344459534,0.9985600090556779,-0.0014399909414350986,0.0014399909414350986,-0.14399909414350986
Pythia_minus,12,MUR1.0_MUF1.0_PDF26506,pdf,6,1.05,1.37,0.7337679862976074,0.732851505279541,0.9987509934540879,-0.0012490066001191735,0.0012490066001191735,-0.12490066001191735
Pythia_minus,12,MUR1.0_MUF1.0_PDF26506,pdf,7,1.37,1.52,0.7370075583457947,0.737260639667511,1.0003433904019714,0.00034339039120823145,0.00034339039120823145,0.034339039120823145
Pythia_minus,12,MUR1.0_MUF1.0_PDF26506,pdf,8,1.52,1.74,0.7175648808479309,0.7178636789321899,1.0004164056689981,0.00041640567360445857,0.00041640567360445857,0.04164056736044586
Pythia_minus,12,MUR1.0_MUF1.0_PDF26506,pdf,9,1.74,1.95,0.6435351371765137,0.6436461806297302,1.0001725522769491,0.00017255227430723608,0.00017255227430723608,0.017255227430723608
Pythia_minus,12,MUR1.0_MUF1.0_PDF26506,pdf,10,1.95,2.18,0.7551155686378479,0.7562184929847717,1.0014606033734854,0.001460603321902454,0.001460603321902454,0.1460603321902454
Pythia_minus,12,MUR1.0_MUF1.0_PDF26506,pdf,11,2.18,2.5,0.7272884249687195,0.7306844592094421,1.0046694462941146,0.004669446498155594,0.004669446498155594,0.4669446498155594
Pythia_minus,13,MUR1.0_MUF1.0_PDF13302,pdf,1,0.0,0.21,0.7786144614219666,0.7785937786102295,0.9999734363889167,-2.6563611754681915e-05,2.6563611754681915e-05,-0.0026563611754681915
Pythia_minus,13,MUR1.0_MUF1.0_PDF13302,pdf,2,0.21,0.42,0.7478157877922058,0.7477943301200867,0.9999713062060611,-2.8693793865386397e-05,2.8693793865386397e-05,-0.0028693793865386397
Pythia_minus,13,MUR1.0_MUF1.0_PDF13302,pdf,3,0.42,0.63,0.7352385520935059,0.7352160215377808,0.9999693561284825,-3.064387055928819e-05,3.064387055928819e-05,-0.003064387055928819
Pythia_minus,13,MUR1.0_MUF1.0_PDF13302,pdf,4,0.63,0.84,0.7513492107391357,0.7513264417648315,0.9999696958831144,-3.0304116080515087e-05,3.0304116080515087e-05,-0.0030304116080515087
Pythia_minus,13,MUR1.0_MUF1.0_PDF13302,pdf,5,0.84,1.05,0.7593017220497131,0.7592741250991821,0.9999636548295235,-3.6345169064588845e-05,3.6345169064588845e-05,-0.0036345169064588845
Pythia_minus,13,MUR1.0_MUF1.0_PDF13302,pdf,6,1.05,1.37,0.7337679862976074,0.7337368130683899,0.9999575162315614,-4.248376717441715e-05,4.248376717441715e-05,-0.004248376717441715
Pythia_minus,13,MUR1.0_MUF1.0_PDF13302,pdf,7,1.37,1.52,0.7370075583457947,0.7369906902313232,0.9999771126981258,-2.288730138388928e-05,2.288730138388928e-05,-0.002288730138388928
Pythia_minus,13,MUR1.0_MUF1.0_PDF13302,pdf,8,1.52,1.74,0.7175648808479309,0.7175424098968506,0.9999686844330317,-3.131556877633557e-05,3.131556877633557e-05,-0.0031315568776335567
Pythia_minus,13,MUR1.0_MUF1.0_PDF13302,pdf,9,1.74,1.95,0.6435351371765137,0.6435174345970154,0.9999724916659937,-2.7508334824233316e-05,2.7508334824233316e-05,-0.0027508334824233316
Pythia_minus,13,MUR1.0_MUF1.0_PDF13302,pdf,10,1.95,2.18,0.7551155686378479,0.7550912499427795,0.9999677947375496,-3.2205261959461495e-05,3.2205261959461495e-05,-0.0032205261959461495
Pythia_minus,13,MUR1.0_MUF1.0_PDF13302,pdf,11,2.18,2.5,0.7272884249687195,0.7272666096687317,0.9999700046099472,-2.999538992298767e-05,2.999538992298767e-05,-0.002999538992298767
Pythia_minus,14,MUR1.0_MUF1.0_PDF26507,pdf,1,0.0,0.21,0.7786144614219666,0.7785717248916626,0.9999451120773869,-5.4887921578483656e-05,5.4887921578483656e-05,-0.005488792157848366
Pythia_minus,14,MUR1.0_MUF1.0_PDF26507,pdf,2,0.21,0.42,0.7478157877922058,0.747417688369751,0.9994676504174509,-0.0005323495715856552,0.0005323495715856552,-0.05323495715856552
Pythia_minus,14,MUR1.0_MUF1.0_PDF26507,pdf,3,0.42,0.63,0.7352385520935059,0.7349724769592285,0.9996381104696976,-0.00036188954254612327,0.00036188954254612327,-0.03618895425461233
Pythia_minus,14,MUR1.0_MUF1.0_PDF26507,pdf,4,0.63,0.84,0.7513492107391357,0.7508683800697327,0.9993600436886996,-0.000639956328086555,0.000639956328086555,-0.0639956328086555
Pythia_minus,14,MUR1.0_MUF1.0_PDF26507,pdf,5,0.84,1.05,0.7593017220497131,0.7583698630332947,0.9987727421269335,-0.0012272578896954656,0.0012272578896954656,-0.12272578896954656
Pythia_minus,14,MUR1.0_MUF1.0_PDF26507,pdf,6,1.05,1.37,0.7337679862976074,0.7330296635627747,0.9989937926584149,-0.0010062073124572635,0.0010062073124572635,-0.10062073124572635
Pythia_minus,14,MUR1.0_MUF1.0_PDF26507,pdf,7,1.37,1.52,0.7370075583457947,0.7372168302536011,1.000283948116185,0.00028394811670295894,0.00028394811670295894,0.028394811670295894
Pythia_minus,14,MUR1.0_MUF1.0_PDF26507,pdf,8,1.52,1.74,0.7175648808479309,0.7178220748901367,1.0003584261842662,0.00035842618672177196,0.00035842618672177196,0.035842618672177196
Pythia_minus,14,MUR1.0_MUF1.0_PDF26507,pdf,9,1.74,1.95,0.6435351371765137,0.643680989742279,1.0002266427384296,0.0002266427327413112,0.0002266427327413112,0.02266427327413112
Pythia_minus,14,MUR1.0_MUF1.0_PDF26507,pdf,10,1.95,2.18,0.7551155686378479,0.7561500072479248,1.0013699076711435,0.0013699076371267438,0.0013699076371267438,0.13699076371267438
Pythia_minus,14,MUR1.0_MUF1.0_PDF26507,pdf,11,2.18,2.5,0.7272884249687195,0.7302830815315247,1.004117563898991,0.004117563832551241,0.004117563832551241,0.4117563832551241
Pythia_minus,15,MUR1.0_MUF1.0_PDF26508,pdf,1,0.0,0.21,0.7786144614219666,0.778751015663147,1.0001753810749046,0.00017538107931613922,0.00017538107931613922,0.017538107931613922
Pythia_minus,15,MUR1.0_MUF1.0_PDF26508,pdf,2,0.21,0.42,0.7478157877922058,0.7475388050079346,0.9996296109432391,-0.00037038905429653823,0.00037038905429653823,-0.03703890542965382
Pythia_minus,15,MUR1.0_MUF1.0_PDF26508,pdf,3,0.42,0.63,0.7352385520935059,0.73508620262146,0.9997927890592623,-0.00020721093460451812,0.00020721093460451812,-0.02072109346045181
Pythia_minus,15,MUR1.0_MUF1.0_PDF26508,pdf,4,0.63,0.84,0.7513492107391357,0.7509474754333496,0.9994653147963103,-0.000534685212187469,0.000534685212187469,-0.0534685212187469
Pythia_minus,15,MUR1.0_MUF1.0_PDF26508,pdf,5,0.84,1.05,0.7593017220497131,0.7583647966384888,0.9987660696874292,-0.0012339303502812982,0.0012339303502812982,-0.12339303502812982
Pythia_minus,15,MUR1.0_MUF1.0_PDF26508,pdf,6,1.05,1.37,0.7337679862976074,0.7329989075660706,0.9989518775063799,-0.0010481225326657295,0.0010481225326657295,-0.10481225326657295
Pythia_minus,15,MUR1.0_MUF1.0_PDF26508,pdf,7,1.37,1.52,0.7370075583457947,0.737274706363678,1.0003624766325097,0.0003624766250140965,0.0003624766250140965,0.03624766250140965
Pythia_minus,15,MUR1.0_MUF1.0_PDF26508,pdf,8,1.52,1.74,0.7175648808479309,0.7179290056228638,1.00050744508915,0.0005074450746178627,0.0005074450746178627,0.05074450746178627
Pythia_minus,15,MUR1.0_MUF1.0_PDF26508,pdf,9,1.74,1.95,0.6435351371765137,0.6437070369720459,1.000267117963887,0.000267117953626439,0.000267117953626439,0.026711795362643898
Pythia_minus,15,MUR1.0_MUF1.0_PDF26508,pdf,10,1.95,2.18,0.7551155686378479,0.756286084651947,1.0015501150588255,0.001550115062855184,0.001550115062855184,0.1550115062855184
Pythia_minus,15,MUR1.0_MUF1.0_PDF26508,pdf,11,2.18,2.5,0.7272884249687195,0.7305753827095032,1.0045194693438508,0.004519469570368528,0.004519469570368528,0.45194695703685284
Pythia_minus,16,MUR1.0_MUF1.0_PDF26509,pdf,1,0.0,0.21,0.7786144614219666,0.7786455750465393,1.000039960244915,3.996024315711111e-05,3.996024315711111e-05,0.003996024315711111
Pythia_minus,16,MUR1.0_MUF1.0_PDF26509,pdf,2,0.21,0.42,0.7478157877922058,0.7474694848060608,0.99953691404782,-0.0004630859475582838,0.0004630859475582838,-0.04630859475582838
Pythia_minus,16,MUR1.0_MUF1.0_PDF26509,pdf,3,0.42,0.63,0.7352385520935059,0.7350348830223083,0.9997229891296946,-0.000277010869467631,0.000277010869467631,-0.027701086946763098
Pythia_minus,16,MUR1.0_MUF1.0_PDF26509,pdf,4,0.63,0.84,0.7513492107391357,0.7508987188339233,0.9994004227344976,-0.0005995772662572563,0.0005995772662572563,-0.05995772662572563
Pythia_minus,16,MUR1.0_MUF1.0_PDF26509,pdf,5,0.84,1.05,0.7593017220497131,0.7583693861961365,0.9987721141326272,-0.0012278858339414,0.0012278858339414,-0.12278858339414
Pythia_minus,16,MUR1.0_MUF1.0_PDF26509,pdf,6,1.05,1.37,0.7337679862976074,0.7330318093299866,0.9989967169713476,-0.0010032830759882927,0.0010032830759882927,-0.10032830759882927
Pythia_minus,16,MUR1.0_MUF1.0_PDF26509,pdf,7,1.37,1.52,0.7370075583457947,0.7372767925262451,1.0003653072175471,0.0003653072053566575,0.0003653072053566575,0.03653072053566575
Pythia_minus,16,MUR1.0_MUF1.0_PDF26509,pdf,8,1.52,1.74,0.7175648808479309,0.7178213000297546,1.0003573463371294,0.00035734634730033576,0.00035734634730033576,0.035734634730033576
Pythia_minus,16,MUR1.0_MUF1.0_PDF26509,pdf,9,1.74,1.95,0.6435351371765137,0.6437309384346008,1.0003042588458282,0.00030425883596763015,0.00030425883596763015,0.030425883596763015
Pythia_minus,16,MUR1.0_MUF1.0_PDF26509,pdf,10,1.95,2.18,0.7551155686378479,0.7560724020004272,1.0012671349953828,0.0012671350268647075,0.0012671350268647075,0.12671350268647075
Pythia_minus,16,MUR1.0_MUF1.0_PDF26509,pdf,11,2.18,2.5,0.7272884249687195,0.7302117943763733,1.0040195461763048,0.004019546322524548,0.004019546322524548,0.40195463225245476
Pythia_minus,17,MUR1.0_MUF1.0_PDF26510,pdf,1,0.0,0.21,0.7786144614219666,0.7786697149276733,1.000070963883211,7.096388435456902e-05,7.096388435456902e-05,0.007096388435456902
Pythia_minus,17,MUR1.0_MUF1.0_PDF26510,pdf,2,0.21,0.42,0.7478157877922058,0.7474836707115173,0.9995558838338129,-0.00044411615817807615,0.00044411615817807615,-0.044411615817807615
Pythia_minus,17,MUR1.0_MUF1.0_PDF26510,pdf,3,0.42,0.63,0.7352385520935059,0.7350217700004578,0.9997051540721976,-0.00029484592960216105,0.00029484592960216105,-0.029484592960216105
Pythia_minus,17,MUR1.0_MUF1.0_PDF26510,pdf,4,0.63,0.84,0.7513492107391357,0.7509138584136963,0.9994205725923221,-0.0005794274038635194,0.0005794274038635194,-0.05794274038635194
Pythia_minus,17,MUR1.0_MUF1.0_PDF26510,pdf,5,0.84,1.05,0.7593017220497131,0.7583641409873962,0.998765206195258,-0.0012347938027232885,0.0012347938027232885,-0.12347938027232885
Pythia_minus,17,MUR1.0_MUF1.0_PDF26510,pdf,6,1.05,1.37,0.7337679862976074,0.7329988479614258,0.998951796275465,-0.001048203674145043,0.001048203674145043,-0.10482036741450429
Pythia_minus,17,MUR1.0_MUF1.0_PDF26510,pdf,7,1.37,1.52,0.7370075583457947,0.73721843957901,1.0002861317103569,0.00028613171889446676,0.00028613171889446676,0.028613171889446676
Pythia_minus,17,MUR1.0_MUF1.0_PDF26510,pdf,8,1.52,1.74,0.7175648808479309,0.7179202437400818,1.0004952345099873,0.0004952345043420792,0.0004952345043420792,0.049523450434207916
Pythia_minus,17,MUR1.0_MUF1.0_PDF26510,pdf,9,1.74,1.95,0.6435351371765137,0.6436647176742554,1.0002013573001005,0.0002013572957366705,0.0002013572957366705,0.02013572957366705
Pythia_minus,17,MUR1.0_MUF1.0_PDF26510,pdf,10,1.95,2.18,0.7551155686378479,0.7563406825065613,1.0016224190304053,0.0016224189894273877,0.0016224189894273877,0.16224189894273877
Pythia_minus,17,MUR1.0_MUF1.0_PDF26510,pdf,11,2.18,2.5,0.7272884249687195,0.7306056022644043,1.0045610203349895,0.004561020527034998,0.004561020527034998,0.4561020527034998
Pythia_minus,18,MUR1.0_MUF1.0_PDF26511,pdf,1,0.0,0.21,0.7786144614219666,0.7783284187316895,0.9996326260242396,-0.000367373984772712,0.000367373984772712,-0.0367373984772712
Pythia_minus,18,MUR1.0_MUF1.0_PDF26511,pdf,2,0.21,0.42,0.7478157877922058,0.7471170425415039,0.9990656184823741,-0.0009343815036118031,0.0009343815036118031,-0.0934381503611803
Pythia_minus,18,MUR1.0_MUF1.0_PDF26511,pdf,3,0.42,0.63,0.7352385520935059,0.7346878051757812,0.9992509275851267,-0.000749072409234941,0.000749072409234941,-0.0749072409234941
Pythia_minus,18,MUR1.0_MUF1.0_PDF26511,pdf,4,0.63,0.84,0.7513492107391357,0.7506402134895325,0.9990563678786515,-0.000943632097914815,0.000943632097914815,-0.0943632097914815
Pythia_minus,18,MUR1.0_MUF1.0_PDF26511,pdf,5,0.84,1.05,0.7593017220497131,0.7580757737159729,0.9983854266385294,-0.001614573411643505,0.001614573411643505,-0.1614573411643505
Pythia_minus,18,MUR1.0_MUF1.0_PDF26511,pdf,6,1.05,1.37,0.7337679862976074,0.7327843308448792,0.9986594462131122,-0.0013405537465587258,0.0013405537465587258,-0.13405537465587258
Pythia_minus,18,MUR1.0_MUF1.0_PDF26511,pdf,7,1.37,1.52,0.7370075583457947,0.7371010780334473,1.000126891083536,0.0001268910855287686,0.0001268910855287686,0.01268910855287686
Pythia_minus,18,MUR1.0_MUF1.0_PDF26511,pdf,8,1.52,1.74,0.7175648808479309,0.7179098129272461,1.0004806981062222,0.00048069810145534575,0.00048069810145534575,0.048069810145534575
Pythia_minus,18,MUR1.0_MUF1.0_PDF26511,pdf,9,1.74,1.95,0.6435351371765137,0.6436135172843933,1.0001217961589846,0.00012179616169305518,0.00012179616169305518,0.012179616169305518
Pythia_minus,18,MUR1.0_MUF1.0_PDF26511,pdf,10,1.95,2.18,0.7551155686378479,0.7566952109336853,1.0020919212388733,0.002091921167448163,0.002091921167448163,0.2091921167448163
Pythia_minus,18,MUR1.0_MUF1.0_PDF26511,pdf,11,2.18,2.5,0.7272884249687195,0.7311391830444336,1.0052946780720176,0.005294678267091513,0.005294678267091513,0.5294678267091513
Pythia_minus,19,MUR1.0_MUF1.0_PDF26512,pdf,1,0.0,0.21,0.7786144614219666,0.7789702415466309,1.000456940041949,0.00045694003347307444,0.00045694003347307444,0.045694003347307444
Pythia_minus,19,MUR1.0_MUF1.0_PDF26512,pdf,2,0.21,0.42,0.7478157877922058,0.7478137612342834,0.9999972900305725,-2.7099695216747932e-06,2.7099695216747932e-06,-0.0002709969521674793
Pythia_minus,19,MUR1.0_MUF1.0_PDF26512,pdf,3,0.42,0.63,0.7352385520935059,0.7353458404541016,1.0001459231977026,0.00014592320076189935,0.00014592320076189935,0.014592320076189935
Pythia_minus,19,MUR1.0_MUF1.0_PDF26512,pdf,4,0.63,0.84,0.7513492107391357,0.7511597275733948,0.999747809456598,-0.00025219054077751935,0.00025219054077751935,-0.025219054077751935
Pythia_minus,19,MUR1.0_MUF1.0_PDF26512,pdf,5,0.84,1.05,0.7593017220497131,0.7586395144462585,0.9991278729071403,-0.0008721270714886487,0.0008721270714886487,-0.08721270714886487
Pythia_minus,19,MUR1.0_MUF1.0_PDF26512,pdf,6,1.05,1.37,0.7337679862976074,0.7332292199134827,0.9992657537611538,-0.0007342462195083499,0.0007342462195083499,-0.07342462195083499
Pythia_minus,19,MUR1.0_MUF1.0_PDF26512,pdf,7,1.37,1.52,0.7370075583457947,0.737381100654602,1.0005068364694194,0.0005068364553153515,0.0005068364553153515,0.05068364553153515
Pythia_minus,19,MUR1.0_MUF1.0_PDF26512,pdf,8,1.52,1.74,0.7175648808479309,0.7178393602371216,1.0003825150819343,0.00038251507794484496,0.00038251507794484496,0.038251507794484496
Pythia_minus,19,MUR1.0_MUF1.0_PDF26512,pdf,9,1.74,1.95,0.6435351371765137,0.6437689661979675,1.0003633508225827,0.0003633508167695254,0.0003633508167695254,0.03633508167695254
Pythia_minus,19,MUR1.0_MUF1.0_PDF26512,pdf,10,1.95,2.18,0.7551155686378479,0.7557557821273804,1.0008478351077934,0.0008478350937366486,0.0008478350937366486,0.08478350937366486
Pythia_minus,19,MUR1.0_MUF1.0_PDF26512,pdf,11,2.18,2.5,0.7272884249687195,0.7297385931015015,1.0033689084669364,0.003368908539414406,0.003368908539414406,0.3368908539414406
Pythia_minus,20,MUR1.0_MUF1.0_PDF26513,pdf,1,0.0,0.21,0.7786144614219666,0.7786970138549805,1.0001060247877533,0.00010602478869259357,0.00010602478869259357,0.010602478869259357
Pythia_minus,20,MUR1.0_MUF1.0_PDF26513,pdf,2,0.21,0.42,0.7478157877922058,0.7475183606147766,0.9996022721340141,-0.00039772785385139287,0.00039772785385139287,-0.039772785385139287
Pythia_minus,20,MUR1.0_MUF1.0_PDF26513,pdf,3,0.42,0.63,0.7352385520935059,0.7350683808326721,0.999768549594755,-0.00023145040904637426,0.00023145040904637426,-0.023145040904637426
Pythia_minus,20,MUR1.0_MUF1.0_PDF26513,pdf,4,0.63,0.84,0.7513492107391357,0.7509387731552124,0.9994537325945687,-0.0005462674307636917,0.0005462674307636917,-0.054626743076369166
Pythia_minus,20,MUR1.0_MUF1.0_PDF26513,pdf,5,0.84,1.05,0.7593017220497131,0.7584041953086853,0.9988179577169863,-0.001182042295113206,0.001182042295113206,-0.11820422951132059
Pythia_minus,20,MUR1.0_MUF1.0_PDF26513,pdf,6,1.05,1.37,0.7337679862976074,0.7330472469329834,0.9990177557782799,-0.0009822442661970854,0.0009822442661970854,-0.09822442661970854
Pythia_minus,20,MUR1.0_MUF1.0_PDF26513,pdf,7,1.37,1.52,0.7370075583457947,0.7372733950614929,1.000360697407629,0.000360697420546785,0.000360697420546785,0.0360697420546785
Pythia_minus,20,MUR1.0_MUF1.0_PDF26513,pdf,8,1.52,1.74,0.7175648808479309,0.7178832292556763,1.0004436510429122,0.0004436510498635471,0.0004436510498635471,0.04436510498635471
Pythia_minus,20,MUR1.0_MUF1.0_PDF26513,pdf,9,1.74,1.95,0.6435351371765137,0.6437196731567383,1.0002867535423694,0.00028675355133600533,0.00028675355133600533,0.028675355133600533
Pythia_minus,20,MUR1.0_MUF1.0_PDF26513,pdf,10,1.95,2.18,0.7551155686378479,0.7561742067337036,1.0014019550646605,0.0014019550289958715,0.0014019550289958715,0.14019550289958715
Pythia_minus,20,MUR1.0_MUF1.0_PDF26513,pdf,11,2.18,2.5,0.7272884249687195,0.7303495407104492,1.0042089432976489,0.0042089433409273624,0.0042089433409273624,0.42089433409273624
Pythia_minus,21,MUR1.0_MUF1.0_PDF26514,pdf,1,0.0,0.21,0.7786144614219666,0.778627336025238,1.000016535273758,1.6535273971385323e-05,1.6535273971385323e-05,0.0016535273971385323
Pythia_minus,21,MUR1.0_MUF1.0_PDF26514,pdf,2,0.21,0.42,0.7478157877922058,0.7474462389945984,0.9995058291043862,-0.0004941708757542074,0.0004941708757542074,-0.04941708757542074
Pythia_minus,21,MUR1.0_MUF1.0_PDF26514,pdf,3,0.42,0.63,0.7352385520935059,0.7349952459335327,0.9996690786149878,-0.0003309213789179921,0.0003309213789179921,-0.03309213789179921
Pythia_minus,21,MUR1.0_MUF1.0_PDF26514,pdf,4,0.63,0.84,0.7513492107391357,0.7508803009986877,0.9993759097184827,-0.0006240902584977448,0.0006240902584977448,-0.06240902584977448
Pythia_minus,21,MUR1.0_MUF1.0_PDF26514,pdf,5,0.84,1.05,0.7593017220497131,0.7583358287811279,0.998727919033322,-0.0012720809318125248,0.0012720809318125248,-0.12720809318125248
Pythia_minus,21,MUR1.0_MUF1.0_PDF26514,pdf,6,1.05,1.37,0.7337679862976074,0.7329872846603394,0.9989360374779945,-0.0010639624670147896,0.0010639624670147896,-0.10639624670147896
Pythia_minus,21,MUR1.0_MUF1.0_PDF26514,pdf,7,1.37,1.52,0.7370075583457947,0.7372215390205383,1.0002903371509837,0.00029033716418780386,0.00029033716418780386,0.029033716418780386
Pythia_minus,21,MUR1.0_MUF1.0_PDF26514,pdf,8,1.52,1.74,0.7175648808479309,0.7178707718849182,1.0004262904235584,0.00042629041126929224,0.00042629041126929224,0.042629041126929224
Pythia_minus,21,MUR1.0_MUF1.0_PDF26514,pdf,9,1.74,1.95,0.6435351371765137,0.643671989440918,1.0002126570197933,0.00021265701798256487,0.00021265701798256487,0.021265701798256487
Pythia_minus,21,MUR1.0_MUF1.0_PDF26514,pdf,10,1.95,2.18,0.7551155686378479,0.756255030632019,1.0015089902016279,0.001508990186266601,0.001508990186266601,0.1508990186266601
Pythia_minus,21,MUR1.0_MUF1.0_PDF26514,pdf,11,2.18,2.5,0.7272884249687195,0.730490505695343,1.004402765968345,0.00440276600420475,0.00440276600420475,0.440276600420475
Pythia_minus,22,MUR1.0_MUF1.0_PDF26515,pdf,1,0.0,0.21,0.7786144614219666,0.7786778211593628,1.0000813749815032,8.137497934512794e-05,8.137497934512794e-05,0.008137497934512794
Pythia_minus,22,MUR1.0_MUF1.0_PDF26515,pdf,2,0.21,0.42,0.7478157877922058,0.7474196553230286,0.9994702806818953,-0.0005297193420119584,0.0005297193420119584,-0.052971934201195836
Pythia_minus,22,MUR1.0_MUF1.0_PDF26515,pdf,3,0.42,0.63,0.7352385520935059,0.7349650859832764,0.9996280579827448,-0.0003719420055858791,0.0003719420055858791,-0.03719420055858791
Pythia_minus,22,MUR1.0_MUF1.0_PDF26515,pdf,4,0.63,0.84,0.7513492107391357,0.7508039474487305,0.9992742877977221,-0.0007257122197188437,0.0007257122197188437,-0.07257122197188437
Pythia_minus,22,MUR1.0_MUF1.0_PDF26515,pdf,5,0.84,1.05,0.7593017220497131,0.7580949664115906,0.9984107034093576,-0.00158929661847651,0.00158929661847651,-0.158929661847651
Pythia_minus,22,MUR1.0_MUF1.0_PDF26515,pdf,6,1.05,1.37,0.7337679862976074,0.732696533203125,0.9985397930756169,-0.0014602069277316332,0.0014602069277316332,-0.14602069277316332
Pythia_minus,22,MUR1.0_MUF1.0_PDF26515,pdf,7,1.37,1.52,0.7370075583457947,0.7371443510055542,1.0001856055045983,0.00018560550233814865,0.00018560550233814865,0.018560550233814865
Pythia_minus,22,MUR1.0_MUF1.0_PDF26515,pdf,8,1.52,1.74,0.7175648808479309,0.717859148979187,1.0004100927165058,0.00041009270353242755,0.00041009270353242755,0.041009270353242755
Pythia_minus,22,MUR1.0_MUF1.0_PDF26515,pdf,9,1.74,1.95,0.6435351371765137,0.6434901356697083,0.9999300714068188,-6.992859562160447e-05,6.992859562160447e-05,-0.006992859562160447
Pythia_minus,22,MUR1.0_MUF1.0_PDF26515,pdf,10,1.95,2.18,0.7551155686378479,0.75640469789505,1.001707194647738,0.0017071946058422327,0.0017071946058422327,0.17071946058422327
Pythia_minus,22,MUR1.0_MUF1.0_PDF26515,pdf,11,2.18,2.5,0.7272884249687195,0.7310779094696045,1.0052104287250936,0.00521042849868536,0.00521042849868536,0.521042849868536
Pythia_minus,23,MUR1.0_MUF1.0_PDF26516,pdf,1,0.0,0.21,0.7786144614219666,0.7786422967910767,1.0000357498742822,3.5749875678448007e-05,3.5749875678448007e-05,0.0035749875678448007
Pythia_minus,23,MUR1.0_MUF1.0_PDF26516,pdf,2,0.21,0.42,0.7478157877922058,0.7475305199623108,0.9996185319505794,-0.0003814680385403335,0.0003814680385403335,-0.03814680385403335
Pythia_minus,23,MUR1.0_MUF1.0_PDF26516,pdf,3,0.42,0.63,0.7352385520935059,0.7350855469703674,0.9997918973063875,-0.00020810269052162766,0.00020810269052162766,-0.020810269052162766
Pythia_minus,23,MUR1.0_MUF1.0_PDF26516,pdf,4,0.63,0.84,0.7513492107391357,0.7510040402412415,0.999540599107631,-0.0004594008787535131,0.0004594008787535131,-0.04594008787535131
Pythia_minus,23,MUR1.0_MUF1.0_PDF26516,pdf,5,0.84,1.05,0.7593017220497131,0.7586158514022827,0.9990967086896907,-0.0009032913367263973,0.0009032913367263973,-0.09032913367263973
Pythia_minus,23,MUR1.0_MUF1.0_PDF26516,pdf,6,1.05,1.37,0.7337679862976074,0.7333076596260071,0.9993726536450261,-0.0006273463368415833,0.0006273463368415833,-0.06273463368415833
Pythia_minus,23,MUR1.0_MUF1.0_PDF26516,pdf,7,1.37,1.52,0.7370075583457947,0.7373378276824951,1.000448122048357,0.00044812203850597143,0.00044812203850597143,0.04481220385059714
Pythia_minus,23,MUR1.0_MUF1.0_PDF26516,pdf,8,1.52,1.74,0.7175648808479309,0.7178905010223389,1.0004537849929656,0.00045378500362858176,0.00045378500362858176,0.045378500362858176
Pythia_minus,23,MUR1.0_MUF1.0_PDF26516,pdf,9,1.74,1.95,0.6435351371765137,0.6438823342323303,1.0005395153050072,0.0005395152838900685,0.0005395152838900685,0.05395152838900685
Pythia_minus,23,MUR1.0_MUF1.0_PDF26516,pdf,10,1.95,2.18,0.7551155686378479,0.7560404539108276,1.0012248261211831,0.0012248260900378227,0.0012248260900378227,0.12248260900378227
Pythia_minus,23,MUR1.0_MUF1.0_PDF26516,pdf,11,2.18,2.5,0.7272884249687195,0.7298098206520081,1.0034668442350048,0.0034668443258851767,0.0034668443258851767,0.34668443258851767
Pythia_minus,24,MUR1.0_MUF1.0_PDF13303,pdf,1,0.0,0.21,0.7786144614219666,0.778588056564331,0.9999660873783576,-3.391261998331174e-05,3.391261998331174e-05,-0.0033912619983311743
Pythia_minus,24,MUR1.0_MUF1.0_PDF13303,pdf,2,0.21,0.42,0.7478157877922058,0.7477900981903076,0.9999656471522566,-3.4352848160779104e-05,3.4352848160779104e-05,-0.0034352848160779104
Pythia_minus,24,MUR1.0_MUF1.0_PDF13303,pdf,3,0.42,0.63,0.7352385520935059,0.7352148294448853,0.9999677347596191,-3.2265241316054016e-05,3.2265241316054016e-05,-0.0032265241316054016
Pythia_minus,24,MUR1.0_MUF1.0_PDF13303,pdf,4,0.63,0.84,0.7513492107391357,0.7513221502304077,0.9999639841123924,-3.601588832680136e-05,3.601588832680136e-05,-0.003601588832680136
Pythia_minus,24,MUR1.0_MUF1.0_PDF13303,pdf,5,0.84,1.05,0.7593017220497131,0.7592744827270508,0.9999641258252532,-3.587417450034991e-05,3.587417450034991e-05,-0.003587417450034991
Pythia_minus,24,MUR1.0_MUF1.0_PDF13303,pdf,6,1.05,1.37,0.7337679862976074,0.7337369322776794,0.999957678693391,-4.232130595482886e-05,4.232130595482886e-05,-0.004232130595482886
Pythia_minus,24,MUR1.0_MUF1.0_PDF13303,pdf,7,1.37,1.52,0.7370075583457947,0.7369900345802307,0.9999762230856855,-2.3776914531481452e-05,2.3776914531481452e-05,-0.0023776914531481452
Pythia_minus,24,MUR1.0_MUF1.0_PDF13303,pdf,8,1.52,1.74,0.7175648808479309,0.7175387740135193,0.999963617458005,-3.63825420208741e-05,3.63825420208741e-05,-0.00363825420208741
Pythia_minus,24,MUR1.0_MUF1.0_PDF13303,pdf,9,1.74,1.95,0.6435351371765137,0.6435158252716064,0.9999699909083567,-3.000909237016458e-05,3.000909237016458e-05,-0.003000909237016458
Pythia_minus,24,MUR1.0_MUF1.0_PDF13303,pdf,10,1.95,2.18,0.7551155686378479,0.7550874352455139,0.9999627429316751,-3.725706847035326e-05,3.725706847035326e-05,-0.003725706847035326
Pythia_minus,24,MUR1.0_MUF1.0_PDF13303,pdf,11,2.18,2.5,0.7272884249687195,0.7272668480873108,0.9999703324284178,-2.9667571652680635e-05,2.9667571652680635e-05,-0.0029667571652680635
Pythia_minus,25,MUR1.0_MUF1.0_PDF26517,pdf,1,0.0,0.21,0.7786144614219666,0.776686429977417,0.9975237662025588,-0.0024762337561696768,0.0024762337561696768,-0.24762337561696768
Pythia_minus,25,MUR1.0_MUF1.0_PDF26517,pdf,2,0.21,0.42,0.7478157877922058,0.745843768119812,0.997362960632035,-0.00263703940436244,0.00263703940436244,-0.263703940436244
Pythia_minus,25,MUR1.0_MUF1.0_PDF26517,pdf,3,0.42,0.63,0.7352385520935059,0.7334849834442139,0.9976149664019944,-0.0023850335273891687,0.0023850335273891687,-0.23850335273891687
Pythia_minus,25,MUR1.0_MUF1.0_PDF26517,pdf,4,0.63,0.84,0.7513492107391357,0.7502410411834717,0.9985250938713652,-0.0014749061083421111,0.0014749061083421111,-0.1474906108342111
Pythia_minus,25,MUR1.0_MUF1.0_PDF26517,pdf,5,0.84,1.05,0.7593017220497131,0.7588021159172058,0.999342018965585,-0.0006579810287803411,0.0006579810287803411,-0.06579810287803411
Pythia_minus,25,MUR1.0_MUF1.0_PDF26517,pdf,6,1.05,1.37,0.7337679862976074,0.7341482639312744,1.000518253236402,0.0005182532477192581,0.0005182532477192581,0.05182532477192581
Pythia_minus,25,MUR1.0_MUF1.0_PDF26517,pdf,7,1.37,1.52,0.7370075583457947,0.7370869517326355,1.0001077239791394,0.0001077239794540219,0.0001077239794540219,0.01077239794540219
Pythia_minus,25,MUR1.0_MUF1.0_PDF26517,pdf,8,1.52,1.74,0.7175648808479309,0.7186589241027832,1.0015246610920527,0.0015246610855683684,0.0015246610855683684,0.15246610855683684
Pythia_minus,25,MUR1.0_MUF1.0_PDF26517,pdf,9,1.74,1.95,0.6435351371765137,0.6447973251342773,1.0019613349525893,0.001961334841325879,0.001961334841325879,0.1961334841325879
Pythia_minus,25,MUR1.0_MUF1.0_PDF26517,pdf,10,1.95,2.18,0.7551155686378479,0.7587003707885742,1.0047473556361617,0.004747355822473764,0.004747355822473764,0.47473558224737644
Pythia_minus,25,MUR1.0_MUF1.0_PDF26517,pdf,11,2.18,2.5,0.7272884249687195,0.7308805584907532,1.0049390769861188,0.004939076956361532,0.004939076956361532,0.4939076956361532
Pythia_minus,26,MUR1.0_MUF1.0_PDF26518,pdf,1,0.0,0.21,0.7786144614219666,0.7799968123435974,1.0017753984675628,0.0017753985011950135,0.0017753985011950135,0.17753985011950135
Pythia_minus,26,MUR1.0_MUF1.0_PDF26518,pdf,2,0.21,0.42,0.7478157877922058,0.7485890984535217,1.0010340924515635,0.0010340925073251128,0.0010340925073251128,0.10340925073251128
Pythia_minus,26,MUR1.0_MUF1.0_PDF26518,pdf,3,0.42,0.63,0.7352385520935059,0.7360805869102478,1.001145253896636,0.0011452538892626762,0.0011452538892626762,0.11452538892626762
Pythia_minus,26,MUR1.0_MUF1.0_PDF26518,pdf,4,0.63,0.84,0.7513492107391357,0.751364529132843,1.0000203878482712,2.0387848053360358e-05,2.0387848053360358e-05,0.002038784805336036
Pythia_minus,26,MUR1.0_MUF1.0_PDF26518,pdf,5,0.84,1.05,0.7593017220497131,0.7580645680427551,0.9983706687723316,-0.0016293312655761838,0.0016293312655761838,-0.16293312655761838
Pythia_minus,26,MUR1.0_MUF1.0_PDF26518,pdf,6,1.05,1.37,0.7337679862976074,0.7322202920913696,0.9978907580663923,-0.0021092419046908617,0.0021092419046908617,-0.21092419046908617
Pythia_minus,26,MUR1.0_MUF1.0_PDF26518,pdf,7,1.37,1.52,0.7370075583457947,0.7373518943786621,1.000467208278895,0.0004672082723118365,0.0004672082723118365,0.04672082723118365
Pythia_minus,26,MUR1.0_MUF1.0_PDF26518,pdf,8,1.52,1.74,0.7175648808479309,0.7173042297363281,0.9996367560362002,-0.00036324397660791874,0.00036324397660791874,-0.036324397660791874
Pythia_minus,26,MUR1.0_MUF1.0_PDF26518,pdf,9,1.74,1.95,0.6435351371765137,0.6428924798965454,0.9990013641169806,-0.0009986358927562833,0.0009986358927562833,-0.09986358927562833
Pythia_minus,26,MUR1.0_MUF1.0_PDF26518,pdf,10,1.95,2.18,0.7551155686378479,0.7543938755989075,0.9990442614761045,-0.0009557385346852243,0.0009557385346852243,-0.09557385346852243
Pythia_minus,26,MUR1.0_MUF1.0_PDF26518,pdf,11,2.18,2.5,0.7272884249687195,0.7300718426704407,1.0038271167341084,0.003827116684988141,0.003827116684988141,0.3827116684988141
Pythia_minus,27,MUR1.0_MUF1.0_PDF26519,pdf,1,0.0,0.21,0.7786144614219666,0.7800146341323853,1.0017982875733666,0.0017982876161113381,0.0017982876161113381,0.1798287616111338
Pythia_minus,27,MUR1.0_MUF1.0_PDF26519,pdf,2,0.21,0.42,0.7478157877922058,0.7485821843147278,1.0010248466735165,0.0010248466860502958,0.0010248466860502958,0.10248466860502958
Pythia_minus,27,MUR1.0_MUF1.0_PDF26519,pdf,3,0.42,0.63,0.7352385520935059,0.7360742092132568,1.0011365795732168,0.0011365795508027077,0.0011365795508027077,0.11365795508027077
Pythia_minus,27,MUR1.0_MUF1.0_PDF26519,pdf,4,0.63,0.84,0.7513492107391357,0.7513263821601868,0.9999696165529655,-3.0383447665371932e-05,3.0383447665371932e-05,-0.003038344766537193
Pythia_minus,27,MUR1.0_MUF1.0_PDF26519,pdf,5,0.84,1.05,0.7593017220497131,0.7579665184020996,0.9982415374431007,-0.0017584625165909529,0.0017584625165909529,-0.1758462516590953
Pythia_minus,27,MUR1.0_MUF1.0_PDF26519,pdf,6,1.05,1.37,0.7337679862976074,0.7320823073387146,0.9977027084986383,-0.0022972915321588516,0.0022972915321588516,-0.22972915321588516
Pythia_minus,27,MUR1.0_MUF1.0_PDF26519,pdf,7,1.37,1.52,0.7370075583457947,0.73726487159729,1.0003491324459044,0.0003491324314381927,0.0003491324314381927,0.03491324314381927
Pythia_minus,27,MUR1.0_MUF1.0_PDF26519,pdf,8,1.52,1.74,0.7175648808479309,0.7172005772590637,0.9994923057153567,-0.0005076942616142333,0.0005076942616142333,-0.050769426161423326
Pythia_minus,27,MUR1.0_MUF1.0_PDF26519,pdf,9,1.74,1.95,0.6435351371765137,0.6427711844444275,0.9988128810876776,-0.0011871189344674349,0.0011871189344674349,-0.11871189344674349
Pythia_minus,27,MUR1.0_MUF1.0_PDF26519,pdf,10,1.95,2.18,0.7551155686378479,0.7543441653251648,0.9989784301308016,-0.0010215698275715113,0.0010215698275715113,-0.10215698275715113
Pythia_minus,27,MUR1.0_MUF1.0_PDF26519,pdf,11,2.18,2.5,0.7272884249687195,0.7300909161567688,1.0038533422117502,0.0038533422630280256,0.0038533422630280256,0.38533422630280256
Pythia_minus,28,MUR1.0_MUF1.0_PDF26520,pdf,1,0.0,0.21,0.7786144614219666,0.7767155766487122,0.9975612002250941,-0.002438799710944295,0.002438799710944295,-0.2438799710944295
Pythia_minus,28,MUR1.0_MUF1.0_PDF26520,pdf,2,0.21,0.42,0.7478157877922058,0.7458981275558472,0.9974356515766801,-0.0025643485132604837,0.0025643485132604837,-0.2564348513260484
Pythia_minus,28,MUR1.0_MUF1.0_PDF26520,pdf,3,0.42,0.63,0.7352385520935059,0.733540415763855,0.9976903600541408,-0.0023096399381756783,0.0023096399381756783,-0.23096399381756783
Pythia_minus,28,MUR1.0_MUF1.0_PDF26520,pdf,4,0.63,0.84,0.7513492107391357,0.7503165006637573,0.9986255258398921,-0.0013744741445407271,0.0013744741445407271,-0.1374474144540727
Pythia_minus,28,MUR1.0_MUF1.0_PDF26520,pdf,5,0.84,1.05,0.7593017220497131,0.7589301466941833,0.9995106354368238,-0.0004893645527772605,0.0004893645527772605,-0.048936455277726054
Pythia_minus,28,MUR1.0_MUF1.0_PDF26520,pdf,6,1.05,1.37,0.7337679862976074,0.734309196472168,1.0007375767063529,0.0007375766872428358,0.0007375766872428358,0.07375766872428358
Pythia_minus,28,MUR1.0_MUF1.0_PDF26520,pdf,7,1.37,1.52,0.7370075583457947,0.7372226715087891,1.0002918737542899,0.00029187375912442803,0.00029187375912442803,0.029187375912442803
Pythia_minus,28,MUR1.0_MUF1.0_PDF26520,pdf,8,1.52,1.74,0.7175648808479309,0.7188002467155457,1.0017216085967793,0.0017216085689142346,0.0017216085689142346,0.17216085689142346
Pythia_minus,28,MUR1.0_MUF1.0_PDF26520,pdf,9,1.74,1.95,0.6435351371765137,0.6449440717697144,1.0021893670008173,0.002189367078244686,0.002189367078244686,0.2189367078244686
Pythia_minus,28,MUR1.0_MUF1.0_PDF26520,pdf,10,1.95,2.18,0.7551155686378479,0.7587404847145081,1.0048004785323115,0.004800478462129831,0.004800478462129831,0.48004784621298313
Pythia_minus,28,MUR1.0_MUF1.0_PDF26520,pdf,11,2.18,2.5,0.7272884249687195,0.7308804988861084,1.0049389950315013,0.004938994999974966,0.004938994999974966,0.4938994999974966
Pythia_minus,29,MUR1.0_MUF1.0_PDF26521,pdf,1,0.0,0.21,0.7786144614219666,0.7794595956802368,1.0010854335491366,0.0010854335268959403,0.0010854335268959403,0.10854335268959403
Pythia_minus,29,MUR1.0_MUF1.0_PDF26521,pdf,2,0.21,0.42,0.7478157877922058,0.7481631636619568,1.000464520641877,0.00046452064998447895,0.00046452064998447895,0.046452064998447895
Pythia_minus,29,MUR1.0_MUF1.0_PDF26521,pdf,3,0.42,0.63,0.7352385520935059,0.7356748580932617,1.0005934210039906,0.0005934209912084043,0.0005934209912084043,0.05934209912084043
Pythia_minus,29,MUR1.0_MUF1.0_PDF26521,pdf,4,0.63,0.84,0.7513492107391357,0.7512186169624329,0.9998261876437264,-0.00017381235375069082,0.00017381235375069082,-0.017381235375069082
Pythia_minus,29,MUR1.0_MUF1.0_PDF26521,pdf,5,0.84,1.05,0.7593017220497131,0.7582979202270508,0.9986779934859721,-0.0013220064574852586,0.0013220064574852586,-0.13220064574852586
Pythia_minus,29,MUR1.0_MUF1.0_PDF26521,pdf,6,1.05,1.37,0.7337679862976074,0.7326583862304688,0.9984878052901471,-0.0015121947508305311,0.0015121947508305311,-0.1512194750830531
Pythia_minus,29,MUR1.0_MUF1.0_PDF26521,pdf,7,1.37,1.52,0.7370075583457947,0.7372827529907227,1.0003733946033684,0.0003733946068678051,0.0003733946068678051,0.03733946068678051
Pythia_minus,29,MUR1.0_MUF1.0_PDF26521,pdf,8,1.52,1.74,0.7175648808479309,0.7175113558769226,0.9999254074823937,-7.459252083208412e-05,7.459252083208412e-05,-0.007459252083208412
Pythia_minus,29,MUR1.0_MUF1.0_PDF26521,pdf,9,1.74,1.95,0.6435351371765137,0.6432889103889465,0.9996173840815477,-0.00038261592271737754,0.00038261592271737754,-0.038261592271737754
Pythia_minus,29,MUR1.0_MUF1.0_PDF26521,pdf,10,1.95,2.18,0.7551155686378479,0.755151093006134,1.000047044942207,4.70449413114693e-05,4.70449413114693e-05,0.00470449413114693
Pythia_minus,29,MUR1.0_MUF1.0_PDF26521,pdf,11,2.18,2.5,0.7272884249687195,0.7299243211746216,1.003624279055473,0.0036242790520191193,0.0036242790520191193,0.3624279052019119
Pythia_minus,30,MUR1.0_MUF1.0_PDF26522,pdf,1,0.0,0.21,0.7786144614219666,0.7772830724716187,0.9982900536577288,-0.001709946314804256,0.001709946314804256,-0.1709946314804256
Pythia_minus,30,MUR1.0_MUF1.0_PDF26522,pdf,2,0.21,0.42,0.7478157877922058,0.746303141117096,0.9979772469372763,-0.0020227530039846897,0.0020227530039846897,-0.20227530039846897
Pythia_minus,30,MUR1.0_MUF1.0_PDF26522,pdf,3,0.42,0.63,0.7352385520935059,0.7339246273040771,0.9982129272388024,-0.0017870727460831404,0.0017870727460831404,-0.17870727460831404
Pythia_minus,30,MUR1.0_MUF1.0_PDF26522,pdf,4,0.63,0.84,0.7513492107391357,0.750379204750061,0.998708981156551,-0.0012910187942907214,0.0012910187942907214,-0.12910187942907214
Pythia_minus,30,MUR1.0_MUF1.0_PDF26522,pdf,5,0.84,1.05,0.7593017220497131,0.7584814429283142,0.9989196927946052,-0.0010803071781992912,0.0010803071781992912,-0.10803071781992912
Pythia_minus,30,MUR1.0_MUF1.0_PDF26522,pdf,6,1.05,1.37,0.7337679862976074,0.7336050271987915,0.9997779146789462,-0.00022208532027434558,0.00022208532027434558,-0.022208532027434558
Pythia_minus,30,MUR1.0_MUF1.0_PDF26522,pdf,7,1.37,1.52,0.7370075583457947,0.7371777296066284,1.0002308948651975,0.0002308948605787009,0.0002308948605787009,0.02308948605787009
Pythia_minus,30,MUR1.0_MUF1.0_PDF26522,pdf,8,1.52,1.74,0.7175648808479309,0.718477725982666,1.001272142992361,0.0012721429811790586,0.0012721429811790586,0.12721429811790586
Pythia_minus,30,MUR1.0_MUF1.0_PDF26522,pdf,9,1.74,1.95,0.6435351371765137,0.6443555355072021,1.0012748306709218,0.001274830661714077,0.001274830661714077,0.1274830661714077
Pythia_minus,30,MUR1.0_MUF1.0_PDF26522,pdf,10,1.95,2.18,0.7551155686378479,0.7579680681228638,1.0037775667771776,0.003777566831558943,0.003777566831558943,0.3777566831558943
Pythia_minus,30,MUR1.0_MUF1.0_PDF26522,pdf,11,2.18,2.5,0.7272884249687195,0.7312456369400024,1.0054410490191057,0.005441049113869667,0.005441049113869667,0.5441049113869667
Pythia_minus,31,MUR1.0_MUF1.0_PDF26523,pdf,1,0.0,0.21,0.7786144614219666,0.7783370018005371,0.9996436495400782,-0.00035635047242976725,0.00035635047242976725,-0.035635047242976725
Pythia_minus,31,MUR1.0_MUF1.0_PDF26523,pdf,2,0.21,0.42,0.7478157877922058,0.7472466230392456,0.9992388971157715,-0.0007611028850078583,0.0007611028850078583,-0.07611028850078583
Pythia_minus,31,MUR1.0_MUF1.0_PDF26523,pdf,3,0.42,0.63,0.7352385520935059,0.7348238825798035,0.9994360068408795,-0.0005639931769110262,0.0005639931769110262,-0.056399317691102624
Pythia_minus,31,MUR1.0_MUF1.0_PDF26523,pdf,4,0.63,0.84,0.7513492107391357,0.7508575320243835,0.999345605601597,-0.0006543943891301751,0.0006543943891301751,-0.06543943891301751
Pythia_minus,31,MUR1.0_MUF1.0_PDF26523,pdf,5,0.84,1.05,0.7593017220497131,0.7585269212722778,0.9989795877515677,-0.0010204121936112642,0.0010204121936112642,-0.10204121936112642
Pythia_minus,31,MUR1.0_MUF1.0_PDF26523,pdf,6,1.05,1.37,0.7337679862976074,0.7332943677902222,0.9993545391510265,-0.0006454608519561589,0.0006454608519561589,-0.06454608519561589
Pythia_minus,31,MUR1.0_MUF1.0_PDF26523,pdf,7,1.37,1.52,0.7370075583457947,0.7373064756393433,1.000405582398937,0.00040558239561505616,0.00040558239561505616,0.040558239561505616
Pythia_minus,31,MUR1.0_MUF1.0_PDF26523,pdf,8,1.52,1.74,0.7175648808479309,0.7180275321006775,1.0006447518058574,0.0006447518244385719,0.0006447518244385719,0.06447518244385719
Pythia_minus,31,MUR1.0_MUF1.0_PDF26523,pdf,9,1.74,1.95,0.6435351371765137,0.6439023613929749,1.0005706358444892,0.0005706358351744711,0.0005706358351744711,0.057063583517447114
Pythia_minus,31,MUR1.0_MUF1.0_PDF26523,pdf,10,1.95,2.18,0.7551155686378479,0.7564144730567932,1.0017201399002915,0.001720139873214066,0.001720139873214066,0.1720139873214066
Pythia_minus,31,MUR1.0_MUF1.0_PDF26523,pdf,11,2.18,2.5,0.7272884249687195,0.7302429676055908,1.0040624084413257,0.004062408581376076,0.004062408581376076,0.4062408581376076
Pythia_minus,32,MUR1.0_MUF1.0_PDF26524,pdf,1,0.0,0.21,0.7786144614219666,0.7791012525558472,1.0006252017628745,0.0006252017337828875,0.0006252017337828875,0.06252017337828875
Pythia_minus,32,MUR1.0_MUF1.0_PDF26524,pdf,2,0.21,0.42,0.7478157877922058,0.7477944493293762,0.9999714656160275,-2.853438309102785e-05,2.853438309102785e-05,-0.002853438309102785
Pythia_minus,32,MUR1.0_MUF1.0_PDF26524,pdf,3,0.42,0.63,0.7352385520935059,0.7353068590164185,1.0000929044358706,9.290443267673254e-05,9.290443267673254e-05,0.009290443267673254
Pythia_minus,32,MUR1.0_MUF1.0_PDF26524,pdf,4,0.63,0.84,0.7513492107391357,0.7509731650352478,0.9994995060904929,-0.0005004939157515764,0.0005004939157515764,-0.05004939157515764
Pythia_minus,32,MUR1.0_MUF1.0_PDF26524,pdf,5,0.84,1.05,0.7593017220497131,0.7581478357315063,0.9984803322780674,-0.0015196676831692457,0.0015196676831692457,-0.15196676831692457
Pythia_minus,32,MUR1.0_MUF1.0_PDF26524,pdf,6,1.05,1.37,0.7337679862976074,0.7326244115829468,0.998441503668713,-0.0015584963839501143,0.0015584963839501143,-0.15584963839501143
Pythia_minus,32,MUR1.0_MUF1.0_PDF26524,pdf,7,1.37,1.52,0.7370075583457947,0.7371537089347839,1.0001983027003376,0.000198302703211084,0.000198302703211084,0.0198302703211084
Pythia_minus,32,MUR1.0_MUF1.0_PDF26524,pdf,8,1.52,1.74,0.7175648808479309,0.7176507711410522,1.0001196969018604,0.00011969690240221098,0.00011969690240221098,0.011969690240221098
Pythia_minus,32,MUR1.0_MUF1.0_PDF26524,pdf,9,1.74,1.95,0.6435351371765137,0.6433995366096497,0.9997892880139242,-0.0002107119798893109,0.0002107119798893109,-0.02107119798893109
Pythia_minus,32,MUR1.0_MUF1.0_PDF26524,pdf,10,1.95,2.18,0.7551155686378479,0.7559218406677246,1.0010677465322708,0.001067746547050774,0.001067746547050774,0.10677465470507741
Pythia_minus,32,MUR1.0_MUF1.0_PDF26524,pdf,11,2.18,2.5,0.7272884249687195,0.730640172958374,1.0046085540132152,0.00460855383425951,0.00460855383425951,0.460855383425951
Pythia_minus,33,MUR1.0_MUF1.0_PDF26525,pdf,1,0.0,0.21,0.7786144614219666,0.7786197066307068,1.0000067365930125,6.736593149980763e-06,6.736593149980763e-06,0.0006736593149980763
Pythia_minus,33,MUR1.0_MUF1.0_PDF26525,pdf,2,0.21,0.42,0.7478157877922058,0.7474239468574524,0.999476019440683,-0.0005239805323071778,0.0005239805323071778,-0.05239805323071778
Pythia_minus,33,MUR1.0_MUF1.0_PDF26525,pdf,3,0.42,0.63,0.7352385520935059,0.7349720597267151,0.9996375429905954,-0.00036245700903236866,0.00036245700903236866,-0.036245700903236866
Pythia_minus,33,MUR1.0_MUF1.0_PDF26525,pdf,4,0.63,0.84,0.7513492107391357,0.7508702874183655,0.9993625822534649,-0.0006374177755787969,0.0006374177755787969,-0.06374177755787969
Pythia_minus,33,MUR1.0_MUF1.0_PDF26525,pdf,5,0.84,1.05,0.7593017220497131,0.7583402395248413,0.9987337279806553,-0.0012662720400840044,0.0012662720400840044,-0.12662720400840044
Pythia_minus,33,MUR1.0_MUF1.0_PDF26525,pdf,6,1.05,1.37,0.7337679862976074,0.733017086982727,0.9989766529353928,-0.0010233470238745213,0.0010233470238745213,-0.10233470238745213
Pythia_minus,33,MUR1.0_MUF1.0_PDF26525,pdf,7,1.37,1.52,0.7370075583457947,0.7372353076934814,1.000309019012231,0.0003090190002694726,0.0003090190002694726,0.03090190002694726
Pythia_minus,33,MUR1.0_MUF1.0_PDF26525,pdf,8,1.52,1.74,0.7175648808479309,0.7179408669471741,1.0005239750568602,0.0005239750607870519,0.0005239750607870519,0.05239750607870519
Pythia_minus,33,MUR1.0_MUF1.0_PDF26525,pdf,9,1.74,1.95,0.6435351371765137,0.643754243850708,1.0003404735212371,0.00034047351800836623,0.00034047351800836623,0.03404735180083662
Pythia_minus,33,MUR1.0_MUF1.0_PDF26525,pdf,10,1.95,2.18,0.7551155686378479,0.7564483284950256,1.0017649746774284,0.0017649746732786298,0.0017649746732786298,0.17649746732786298
Pythia_minus,33,MUR1.0_MUF1.0_PDF26525,pdf,11,2.18,2.5,0.7272884249687195,0.7306451201438904,1.0046153562464786,0.0046153562143445015,0.0046153562143445015,0.46153562143445015
Pythia_minus,34,MUR1.0_MUF1.0_PDF26526,pdf,1,0.0,0.21,0.7786144614219666,0.7787494659423828,1.0001733907178783,0.0001733907120069489,0.0001733907120069489,0.01733907120069489
Pythia_minus,34,MUR1.0_MUF1.0_PDF26526,pdf,2,0.21,0.42,0.7478157877922058,0.7476010322570801,0.9997128229456619,-0.00028717704117298126,0.00028717704117298126,-0.028717704117298126
Pythia_minus,34,MUR1.0_MUF1.0_PDF26526,pdf,3,0.42,0.63,0.7352385520935059,0.735150933265686,0.9998808293885428,-0.00011917061056010425,0.00011917061056010425,-0.011917061056010425
Pythia_minus,34,MUR1.0_MUF1.0_PDF26526,pdf,4,0.63,0.84,0.7513492107391357,0.750991702079773,0.9995241777668056,-0.0004758222203236073,0.0004758222203236073,-0.04758222203236073
Pythia_minus,34,MUR1.0_MUF1.0_PDF26526,pdf,5,0.84,1.05,0.7593017220497131,0.758425772190094,0.998846374459346,-0.0011536255478858948,0.0011536255478858948,-0.11536255478858948
Pythia_minus,34,MUR1.0_MUF1.0_PDF26526,pdf,6,1.05,1.37,0.7337679862976074,0.7330142855644226,0.9989728350823974,-0.0010271648643538356,0.0010271648643538356,-0.10271648643538356
Pythia_minus,34,MUR1.0_MUF1.0_PDF26526,pdf,7,1.37,1.52,0.7370075583457947,0.7372661828994751,1.0003509116707852,0.0003509116650093347,0.0003509116650093347,0.03509116650093347
Pythia_minus,34,MUR1.0_MUF1.0_PDF26526,pdf,8,1.52,1.74,0.7175648808479309,0.7177403569221497,1.0002445438439118,0.0002445438294671476,0.0002445438294671476,0.02445438294671476
Pythia_minus,34,MUR1.0_MUF1.0_PDF26526,pdf,9,1.74,1.95,0.6435351371765137,0.6435699462890625,1.0000540904614805,5.4090462072053924e-05,5.4090462072053924e-05,0.005409046207205392
Pythia_minus,34,MUR1.0_MUF1.0_PDF26526,pdf,10,1.95,2.18,0.7551155686378479,0.7557302117347717,1.0008139722215403,0.0008139722049236298,0.0008139722049236298,0.08139722049236298
Pythia_minus,34,MUR1.0_MUF1.0_PDF26526,pdf,11,2.18,2.5,0.7272884249687195,0.7299598455429077,1.003673124007581,0.0036731238942593336,0.0036731238942593336,0.36731238942593336
Pythia_minus,35,MUR1.0_MUF1.0_PDF13304,pdf,1,0.0,0.21,0.7786144614219666,0.7785899043083191,0.9999684604963507,-3.15395045618061e-05,3.15395045618061e-05,-0.0031539504561806098
Pythia_minus,35,MUR1.0_MUF1.0_PDF13304,pdf,2,0.21,0.42,0.7478157877922058,0.7477928400039673,0.999969313581482,-3.0686416721437126e-05,3.0686416721437126e-05,-0.0030686416721437126
Pythia_minus,35,MUR1.0_MUF1.0_PDF13304,pdf,3,0.42,0.63,0.7352385520935059,0.7352169156074524,0.99997057215513,-2.9427845220197923e-05,2.9427845220197923e-05,-0.0029427845220197923
Pythia_minus,35,MUR1.0_MUF1.0_PDF13304,pdf,4,0.63,0.84,0.7513492107391357,0.7513214349746704,0.9999630321506054,-3.696784915518947e-05,3.696784915518947e-05,-0.003696784915518947
Pythia_minus,35,MUR1.0_MUF1.0_PDF13304,pdf,5,0.84,1.05,0.7593017220497131,0.759272038936615,0.9999609073544334,-3.9092647057259455e-05,3.9092647057259455e-05,-0.0039092647057259455
Pythia_minus,35,MUR1.0_MUF1.0_PDF13304,pdf,6,1.05,1.37,0.7337679862976074,0.7337340712547302,0.9999537796094807,-4.622038977686316e-05,4.622038977686316e-05,-0.004622038977686316
Pythia_minus,35,MUR1.0_MUF1.0_PDF13304,pdf,7,1.37,1.52,0.7370075583457947,0.7369914650917053,0.9999781640582825,-2.1835941879544407e-05,2.1835941879544407e-05,-0.0021835941879544407
Pythia_minus,35,MUR1.0_MUF1.0_PDF13304,pdf,8,1.52,1.74,0.7175648808479309,0.7175387144088745,0.9999635343928406,-3.646560799097642e-05,3.646560799097642e-05,-0.0036465607990976423
Pythia_minus,35,MUR1.0_MUF1.0_PDF13304,pdf,9,1.74,1.95,0.6435351371765137,0.6435138583183289,0.9999669344268004,-3.306557482574135e-05,3.306557482574135e-05,-0.003306557482574135
Pythia_minus,35,MUR1.0_MUF1.0_PDF13304,pdf,10,1.95,2.18,0.7551155686378479,0.7550839781761169,0.9999581647326012,-4.18352683482226e-05,4.18352683482226e-05,-0.00418352683482226
Pythia_minus,35,MUR1.0_MUF1.0_PDF13304,pdf,11,2.18,2.5,0.7272884249687195,0.7272661924362183,0.9999694309276238,-3.056907371501438e-05,3.056907371501438e-05,-0.0030569073715014383
Pythia_minus,36,MUR1.0_MUF1.0_PDF26527,pdf,1,0.0,0.21,0.7786144614219666,0.7789735198020935,1.0004611504125818,0.0004611504264175892,0.0004611504264175892,0.04611504264175892
Pythia_minus,36,MUR1.0_MUF1.0_PDF26527,pdf,2,0.21,0.42,0.7478157877922058,0.7477802634239197,0.9999524958300345,-4.75041706522461e-05,4.75041706522461e-05,-0.00475041706522461
Pythia_minus,36,MUR1.0_MUF1.0_PDF26527,pdf,3,0.42,0.63,0.7352385520935059,0.7353017330169678,1.0000859325497582,8.593255188316107e-05,8.593255188316107e-05,0.008593255188316107
Pythia_minus,36,MUR1.0_MUF1.0_PDF26527,pdf,4,0.63,0.84,0.7513492107391357,0.7511953711509705,0.9997952488856494,-0.00020475110795814544,0.00020475110795814544,-0.020475110795814544
Pythia_minus,36,MUR1.0_MUF1.0_PDF26527,pdf,5,0.84,1.05,0.7593017220497131,0.7587325572967529,0.999250410296155,-0.000749589700717479,0.000749589700717479,-0.0749589700717479
Pythia_minus,36,MUR1.0_MUF1.0_PDF26527,pdf,6,1.05,1.37,0.7337679862976074,0.7333671450614929,0.9994537220979931,-0.0005462779081426561,0.0005462779081426561,-0.05462779081426561
Pythia_minus,36,MUR1.0_MUF1.0_PDF26527,pdf,7,1.37,1.52,0.7370075583457947,0.7373301982879639,1.0004377701945057,0.0004377701843623072,0.0004377701843623072,0.04377701843623072
Pythia_minus,36,MUR1.0_MUF1.0_PDF26527,pdf,8,1.52,1.74,0.7175648808479309,0.7181161642074585,1.0007682697052789,0.000768269703257829,0.000768269703257829,0.0768269703257829
Pythia_minus,36,MUR1.0_MUF1.0_PDF26527,pdf,9,1.74,1.95,0.6435351371765137,0.6439663767814636,1.0006701104260476,0.0006701103993691504,0.0006701103993691504,0.06701103993691504
Pythia_minus,36,MUR1.0_MUF1.0_PDF26527,pdf,10,1.95,2.18,0.7551155686378479,0.7566236257553101,1.0019971209442582,0.001997120911255479,0.001997120911255479,0.19971209112554789
Pythia_minus,36,MUR1.0_MUF1.0_PDF26527,pdf,11,2.18,2.5,0.7272884249687195,0.7302860617637634,1.0041216616298725,0.004121661651879549,0.004121661651879549,0.4121661651879549
Pythia_minus,37,MUR1.0_MUF1.0_PDF26528,pdf,1,0.0,0.21,0.7786144614219666,0.7784997820854187,0.9998527135800452,-0.00014728642418049276,0.00014728642418049276,-0.014728642418049276
Pythia_minus,37,MUR1.0_MUF1.0_PDF26528,pdf,2,0.21,0.42,0.7478157877922058,0.7473269701004028,0.9993463394330759,-0.000653660565149039,0.000653660565149039,-0.0653660565149039
Pythia_minus,37,MUR1.0_MUF1.0_PDF26528,pdf,3,0.42,0.63,0.7352385520935059,0.7348857522010803,0.999520155884888,-0.0004798441077582538,0.0004798441077582538,-0.04798441077582538
Pythia_minus,37,MUR1.0_MUF1.0_PDF26528,pdf,4,0.63,0.84,0.7513492107391357,0.7507579922676086,0.9992131242529083,-0.0007868757238611579,0.0007868757238611579,-0.07868757238611579
Pythia_minus,37,MUR1.0_MUF1.0_PDF26528,pdf,5,0.84,1.05,0.7593017220497131,0.7581624388694763,0.9984995646036975,-0.0015004354063421488,0.0015004354063421488,-0.15004354063421488
Pythia_minus,37,MUR1.0_MUF1.0_PDF26528,pdf,6,1.05,1.37,0.7337679862976074,0.7328120470046997,0.9986972185884926,-0.001302781398408115,0.001302781398408115,-0.1302781398408115
Pythia_minus,37,MUR1.0_MUF1.0_PDF26528,pdf,7,1.37,1.52,0.7370075583457947,0.7372074723243713,1.0002712509204457,0.0002712509303819388,0.0002712509303819388,0.02712509303819388
Pythia_minus,37,MUR1.0_MUF1.0_PDF26528,pdf,8,1.52,1.74,0.7175648808479309,0.7177578806877136,1.0002689650022374,0.0002689649991225451,0.0002689649991225451,0.026896499912254512
Pythia_minus,37,MUR1.0_MUF1.0_PDF26528,pdf,9,1.74,1.95,0.6435351371765137,0.64353346824646,0.9999974066217099,-2.5933782126230653e-06,2.5933782126230653e-06,-0.00025933782126230653
Pythia_minus,37,MUR1.0_MUF1.0_PDF26528,pdf,10,1.95,2.18,0.7551155686378479,0.7559899091720581,1.001157889693345,0.0011578897247090936,0.0011578897247090936,0.11578897247090936
Pythia_minus,37,MUR1.0_MUF1.0_PDF26528,pdf,11,2.18,2.5,0.7272884249687195,0.7305718660354614,1.0045146340214106,0.004514634143561125,0.004514634143561125,0.4514634143561125
Pythia_minus,38,MUR1.0_MUF1.0_PDF26529,pdf,1,0.0,0.21,0.7786144614219666,0.7796257734298706,1.001298861064123,0.0012988611124455929,0.0012988611124455929,0.1298861112445593
Pythia_minus,38,MUR1.0_MUF1.0_PDF26529,pdf,2,0.21,0.42,0.7478157877922058,0.7483866214752197,1.000763334623757,0.0007633346249349415,0.0007633346249349415,0.07633346249349415
Pythia_minus,38,MUR1.0_MUF1.0_PDF26529,pdf,3,0.42,0.63,0.7352385520935059,0.7358681559562683,1.0008563259651846,0.0008563259616494179,0.0008563259616494179,0.08563259616494179
Pythia_minus,38,MUR1.0_MUF1.0_PDF26529,pdf,4,0.63,0.84,0.7513492107391357,0.751567542552948,1.000290586335477,0.00029058632208034396,0.00029058632208034396,0.029058632208034396
Pythia_minus,38,MUR1.0_MUF1.0_PDF26529,pdf,5,0.84,1.05,0.7593017220497131,0.7589638233184814,0.9995549875347055,-0.0004450124688446522,0.0004450124688446522,-0.04450124688446522
Pythia_minus,38,MUR1.0_MUF1.0_PDF26529,pdf,6,1.05,1.37,0.7337679862976074,0.7334158420562744,0.9995200877553819,-0.000479912239825353,0.000479912239825353,-0.0479912239825353
Pythia_minus,38,MUR1.0_MUF1.0_PDF26529,pdf,7,1.37,1.52,0.7370075583457947,0.7374104261398315,1.0005466264076601,0.000546626397408545,0.000546626397408545,0.0546626397408545
Pythia_minus,38,MUR1.0_MUF1.0_PDF26529,pdf,8,1.52,1.74,0.7175648808479309,0.7180034518241882,1.000611193479451,0.0006111934781074524,0.0006111934781074524,0.06111934781074524
Pythia_minus,38,MUR1.0_MUF1.0_PDF26529,pdf,9,1.74,1.95,0.6435351371765137,0.6438888907432556,1.0005497035768613,0.0005497036036103964,0.0005497036036103964,0.05497036036103964
Pythia_minus,38,MUR1.0_MUF1.0_PDF26529,pdf,10,1.95,2.18,0.7551155686378479,0.7561008334159851,1.0013047867360416,0.0013047867687419057,0.0013047867687419057,0.13047867687419057
Pythia_minus,38,MUR1.0_MUF1.0_PDF26529,pdf,11,2.18,2.5,0.7272884249687195,0.7296816110610962,1.0032905598524817,0.0032905598636716604,0.0032905598636716604,0.32905598636716604
Pythia_minus,39,MUR1.0_MUF1.0_PDF26530,pdf,1,0.0,0.21,0.7786144614219666,0.7777270674705505,0.998860290945797,-0.0011397090274840593,0.0011397090274840593,-0.11397090274840593
Pythia_minus,39,MUR1.0_MUF1.0_PDF26530,pdf,2,0.21,0.42,0.7478157877922058,0.7466088533401489,0.9983860537959219,-0.0016139461658895016,0.0016139461658895016,-0.16139461658895016
Pythia_minus,39,MUR1.0_MUF1.0_PDF26530,pdf,3,0.42,0.63,0.7352385520935059,0.7342125177383423,0.9986044878193043,-0.0013955121394246817,0.0013955121394246817,-0.13955121394246817
Pythia_minus,39,MUR1.0_MUF1.0_PDF26530,pdf,4,0.63,0.84,0.7513492107391357,0.7502689957618713,0.9985622997112066,-0.00143770023714751,0.00143770023714751,-0.143770023714751
Pythia_minus,39,MUR1.0_MUF1.0_PDF26530,pdf,5,0.84,1.05,0.7593017220497131,0.7577841281890869,0.998001329620945,-0.0019986703991889954,0.0019986703991889954,-0.19986703991889954
Pythia_minus,39,MUR1.0_MUF1.0_PDF26530,pdf,6,1.05,1.37,0.7337679862976074,0.7326102256774902,0.9984221707109915,-0.0015778292436152697,0.0015778292436152697,-0.15778292436152697
Pythia_minus,39,MUR1.0_MUF1.0_PDF26530,pdf,7,1.37,1.52,0.7370075583457947,0.7370824217796326,1.0001015775659152,0.00010157756332773715,0.00010157756332773715,0.010157756332773715
Pythia_minus,39,MUR1.0_MUF1.0_PDF26530,pdf,8,1.52,1.74,0.7175648808479309,0.7177441120147705,1.0002497769492673,0.0002497769601177424,0.0002497769601177424,0.024977696011774242
Pythia_minus,39,MUR1.0_MUF1.0_PDF26530,pdf,9,1.74,1.95,0.6435351371765137,0.6434798240661621,0.9999140480338117,-8.595196413807571e-05,8.595196413807571e-05,-0.008595196413807571
Pythia_minus,39,MUR1.0_MUF1.0_PDF26530,pdf,10,1.95,2.18,0.7551155686378479,0.7562847137451172,1.0015482995660894,0.001548299565911293,0.001548299565911293,0.1548299565911293
Pythia_minus,39,MUR1.0_MUF1.0_PDF26530,pdf,11,2.18,2.5,0.7272884249687195,0.7311721444129944,1.0053399989755674,0.005339998751878738,0.005339998751878738,0.5339998751878738
Pythia_minus,40,MUR1.0_MUF1.0_PDF26531,pdf,1,0.0,0.21,0.7786144614219666,0.7789334654808044,1.0004097073386684,0.00040970733971334994,0.00040970733971334994,0.040970733971334994
Pythia_minus,40,MUR1.0_MUF1.0_PDF26531,pdf,2,0.21,0.42,0.7478157877922058,0.7477255463600159,0.9998793266554904,-0.00012067334318999201,0.00012067334318999201,-0.012067334318999201
Pythia_minus,40,MUR1.0_MUF1.0_PDF26531,pdf,3,0.42,0.63,0.7352385520935059,0.7352606654167175,1.0000300763924153,3.0076393159106374e-05,3.0076393159106374e-05,0.0030076393159106374
Pythia_minus,40,MUR1.0_MUF1.0_PDF26531,pdf,4,0.63,0.84,0.7513492107391357,0.7510872483253479,0.9996513439955169,-0.000348656001733616,0.000348656001733616,-0.0348656001733616
Pythia_minus,40,MUR1.0_MUF1.0_PDF26531,pdf,5,0.84,1.05,0.7593017220497131,0.7585083842277527,0.9989551744729106,-0.001044825534336269,0.001044825534336269,-0.10448255343362689
Pythia_minus,40,MUR1.0_MUF1.0_PDF26531,pdf,6,1.05,1.37,0.7337679862976074,0.7330945730209351,0.9990822531246284,-0.0009177468600682914,0.0009177468600682914,-0.09177468600682914
Pythia_minus,40,MUR1.0_MUF1.0_PDF26531,pdf,7,1.37,1.52,0.7370075583457947,0.7372860908508301,1.0003779235394283,0.0003779235412366688,0.0003779235412366688,0.03779235412366688
Pythia_minus,40,MUR1.0_MUF1.0_PDF26531,pdf,8,1.52,1.74,0.7175648808479309,0.7179141044616699,1.000486678798057,0.00048667879309505224,0.00048667879309505224,0.048667879309505224
Pythia_minus,40,MUR1.0_MUF1.0_PDF26531,pdf,9,1.74,1.95,0.6435351371765137,0.6437265872955322,1.0002974975381431,0.0002974975504912436,0.0002974975504912436,0.02974975504912436
Pythia_minus,40,MUR1.0_MUF1.0_PDF26531,pdf,10,1.95,2.18,0.7551155686378479,0.7562007904052734,1.0014371598368488,0.0014371598372235894,0.0014371598372235894,0.14371598372235894
Pythia_minus,40,MUR1.0_MUF1.0_PDF26531,pdf,11,2.18,2.5,0.7272884249687195,0.7302735447883606,1.00410445116017,0.004104451276361942,0.004104451276361942,0.41044512763619423
Pythia_minus,41,MUR1.0_MUF1.0_PDF26532,pdf,1,0.0,0.21,0.7786144614219666,0.7783254981040955,0.9996288749667668,-0.0003711250319611281,0.0003711250319611281,-0.03711250319611281
Pythia_minus,41,MUR1.0_MUF1.0_PDF26532,pdf,2,0.21,0.42,0.7478157877922058,0.7471752762794495,0.9991434902509249,-0.0008565097232349217,0.0008565097232349217,-0.08565097232349217
Pythia_minus,41,MUR1.0_MUF1.0_PDF26532,pdf,3,0.42,0.63,0.7352385520935059,0.7347410917282104,0.999323402773319,-0.00067659723572433,0.00067659723572433,-0.067659723572433
Pythia_minus,41,MUR1.0_MUF1.0_PDF26532,pdf,4,0.63,0.84,0.7513492107391357,0.7506871223449707,0.9991188007058479,-0.0008811993175186217,0.0008811993175186217,-0.08811993175186217
Pythia_minus,41,MUR1.0_MUF1.0_PDF26532,pdf,5,0.84,1.05,0.7593017220497131,0.7581927180290222,0.9985394422421469,-0.0014605578035116196,0.0014605578035116196,-0.14605578035116196
Pythia_minus,41,MUR1.0_MUF1.0_PDF26532,pdf,6,1.05,1.37,0.7337679862976074,0.7329093813896179,0.9988298686723555,-0.001170131377875805,0.001170131377875805,-0.11701313778758049
Pythia_minus,41,MUR1.0_MUF1.0_PDF26532,pdf,7,1.37,1.52,0.7370075583457947,0.7371909022331238,1.0002487679878624,0.0002487679885234684,0.0002487679885234684,0.024876798852346838
Pythia_minus,41,MUR1.0_MUF1.0_PDF26532,pdf,8,1.52,1.74,0.7175648808479309,0.7178235054016113,1.0003604197482112,0.0003604197409003973,0.0003604197409003973,0.03604197409003973
Pythia_minus,41,MUR1.0_MUF1.0_PDF26532,pdf,9,1.74,1.95,0.6435351371765137,0.6436492204666138,1.0001772759302634,0.00017727592785377055,0.00017727592785377055,0.017727592785377055
Pythia_minus,41,MUR1.0_MUF1.0_PDF26532,pdf,10,1.95,2.18,0.7551155686378479,0.7562320828437805,1.0014786004319136,0.001478600432164967,0.001478600432164967,0.1478600432164967
Pythia_minus,41,MUR1.0_MUF1.0_PDF26532,pdf,11,2.18,2.5,0.7272884249687195,0.7306250333786011,1.0045877375403371,0.004587737377732992,0.004587737377732992,0.4587737377732992
Pythia_minus,42,MUR1.0_MUF1.0_PDF26533,pdf,1,0.0,0.21,0.7786144614219666,0.778645396232605,1.000039730588335,3.973058846895583e-05,3.973058846895583e-05,0.003973058846895583
Pythia_minus,42,MUR1.0_MUF1.0_PDF26533,pdf,2,0.21,0.42,0.7478157877922058,0.7474732995033264,0.9995420151667425,-0.0004579848318826407,0.0004579848318826407,-0.04579848318826407
Pythia_minus,42,MUR1.0_MUF1.0_PDF26533,pdf,3,0.42,0.63,0.7352385520935059,0.7350226044654846,0.9997062890304019,-0.0002937109675258398,0.0002937109675258398,-0.02937109675258398
Pythia_minus,42,MUR1.0_MUF1.0_PDF26533,pdf,4,0.63,0.84,0.7513492107391357,0.750918447971344,0.9994266810137885,-0.0005733189755119383,0.0005733189755119383,-0.05733189755119383
Pythia_minus,42,MUR1.0_MUF1.0_PDF26533,pdf,5,0.84,1.05,0.7593017220497131,0.7584092617034912,0.9988246301564907,-0.0011753698345273733,0.0011753698345273733,-0.11753698345273733
Pythia_minus,42,MUR1.0_MUF1.0_PDF26533,pdf,6,1.05,1.37,0.7337679862976074,0.733076274394989,0.9990573152337858,-0.0009426847682334483,0.0009426847682334483,-0.09426847682334483
Pythia_minus,42,MUR1.0_MUF1.0_PDF26533,pdf,7,1.37,1.52,0.7370075583457947,0.737263560295105,1.0003473532210239,0.0003473532269708812,0.0003473532269708812,0.03473532269708812
Pythia_minus,42,MUR1.0_MUF1.0_PDF26533,pdf,8,1.52,1.74,0.7175648808479309,0.7179093360900879,1.0004800335849073,0.00048003357369452715,0.00048003357369452715,0.048003357369452715
Pythia_minus,42,MUR1.0_MUF1.0_PDF26533,pdf,9,1.74,1.95,0.6435351371765137,0.6437556743621826,1.0003426964169144,0.00034269641037099063,0.00034269641037099063,0.03426964103709906
Pythia_minus,42,MUR1.0_MUF1.0_PDF26533,pdf,10,1.95,2.18,0.7551155686378479,0.7562764883041382,1.0015374066096723,0.0015374065842479467,0.0015374065842479467,0.15374065842479467
Pythia_minus,42,MUR1.0_MUF1.0_PDF26533,pdf,11,2.18,2.5,0.7272884249687195,0.7304061651229858,1.0042868001843979,0.004286800045520067,0.004286800045520067,0.4286800045520067
Pythia_minus,43,MUR1.0_MUF1.0_PDF26534,pdf,1,0.0,0.21,0.7786144614219666,0.7786927819252014,1.0001005895820274,0.00010058958287118003,0.00010058958287118003,0.010058958287118003
Pythia_minus,43,MUR1.0_MUF1.0_PDF26534,pdf,2,0.21,0.42,0.7478157877922058,0.7475003004074097,0.9995781215241155,-0.0004218784742988646,0.0004218784742988646,-0.04218784742988646
Pythia_minus,43,MUR1.0_MUF1.0_PDF26534,pdf,3,0.42,0.63,0.7352385520935059,0.7350470423698425,0.9997395270921009,-0.0002604729088488966,0.0002604729088488966,-0.026047290884889662
Pythia_minus,43,MUR1.0_MUF1.0_PDF26534,pdf,4,0.63,0.84,0.7513492107391357,0.7509028911590576,0.9994059758449216,-0.0005940241389907897,0.0005940241389907897,-0.059402413899078965
Pythia_minus,43,MUR1.0_MUF1.0_PDF26534,pdf,5,0.84,1.05,0.7593017220497131,0.7583128213882446,0.9986976183080436,-0.001302381744608283,0.001302381744608283,-0.1302381744608283
Pythia_minus,43,MUR1.0_MUF1.0_PDF26534,pdf,6,1.05,1.37,0.7337679862976074,0.7329267263412476,0.9988535068685612,-0.001146493130363524,0.001146493130363524,-0.1146493130363524
Pythia_minus,43,MUR1.0_MUF1.0_PDF26534,pdf,7,1.37,1.52,0.7370075583457947,0.7372216582298279,1.0002904988987003,0.00029049889417365193,0.00029049889417365193,0.029049889417365193
Pythia_minus,43,MUR1.0_MUF1.0_PDF26534,pdf,8,1.52,1.74,0.7175648808479309,0.7178352475166321,1.0003767835855926,0.000376783573301509,0.000376783573301509,0.0376783573301509
Pythia_minus,43,MUR1.0_MUF1.0_PDF26534,pdf,9,1.74,1.95,0.6435351371765137,0.6436057090759277,1.0001096628534125,0.00010966285481117666,0.00010966285481117666,0.010966285481117666
Pythia_minus,43,MUR1.0_MUF1.0_PDF26534,pdf,10,1.95,2.18,0.7551155686378479,0.7561525106430054,1.0013732229187486,0.0013732229126617312,0.0013732229126617312,0.13732229126617312
Pythia_minus,43,MUR1.0_MUF1.0_PDF26534,pdf,11,2.18,2.5,0.7272884249687195,0.7304908037185669,1.0044031757414331,0.004403175786137581,0.004403175786137581,0.4403175786137581
Pythia_minus,44,MUR1.0_MUF1.0_PDF26535,pdf,1,0.0,0.21,0.7786144614219666,0.7785114049911499,0.9998676412577433,-0.00013235874939709902,0.00013235874939709902,-0.013235874939709902
Pythia_minus,44,MUR1.0_MUF1.0_PDF26535,pdf,2,0.21,0.42,0.7478157877922058,0.7473481893539429,0.9993747144070823,-0.0006252856110222638,0.0006252856110222638,-0.06252856110222638
Pythia_minus,44,MUR1.0_MUF1.0_PDF26535,pdf,3,0.42,0.63,0.7352385520935059,0.7349082231521606,0.9995507186879624,-0.00044928130228072405,0.00044928130228072405,-0.044928130228072405
Pythia_minus,44,MUR1.0_MUF1.0_PDF26535,pdf,4,0.63,0.84,0.7513492107391357,0.7508566379547119,0.9993444156493633,-0.0006555843283422291,0.0006555843283422291,-0.06555843283422291
Pythia_minus,44,MUR1.0_MUF1.0_PDF26535,pdf,5,0.84,1.05,0.7593017220497131,0.7583855986595154,0.9987934659390411,-0.001206534099765122,0.001206534099765122,-0.1206534099765122
Pythia_minus,44,MUR1.0_MUF1.0_PDF26535,pdf,6,1.05,1.37,0.7337679862976074,0.7330833673477173,0.9990669817126466,-0.0009330182801932096,0.0009330182801932096,-0.09330182801932096
Pythia_minus,44,MUR1.0_MUF1.0_PDF26535,pdf,7,1.37,1.52,0.7370075583457947,0.7372247576713562,1.0002947043393273,0.00029470433946698904,0.00029470433946698904,0.029470433946698904
Pythia_minus,44,MUR1.0_MUF1.0_PDF26535,pdf,8,1.52,1.74,0.7175648808479309,0.717953085899353,1.0005410034155564,0.0005410034209489822,0.0005410034209489822,0.054100342094898224
Pythia_minus,44,MUR1.0_MUF1.0_PDF26535,pdf,9,1.74,1.95,0.6435351371765137,0.6437740325927734,1.0003712235781062,0.0003712235775310546,0.0003712235775310546,0.03712235775310546
Pythia_minus,44,MUR1.0_MUF1.0_PDF26535,pdf,10,1.95,2.18,0.7551155686378479,0.7564743757247925,1.0017994690394156,0.0017994689987972379,0.0017994689987972379,0.1799468998797238
Pythia_minus,44,MUR1.0_MUF1.0_PDF26535,pdf,11,2.18,2.5,0.7272884249687195,0.7305264472961426,1.0044521846027763,0.004452184773981571,0.004452184773981571,0.4452184773981571
Pythia_minus,45,MUR1.0_MUF1.0_PDF26536,pdf,1,0.0,0.21,0.7786144614219666,0.7787720561027527,1.0002024039991477,0.0002024040004471317,0.0002024040004471317,0.02024040004471317
Pythia_minus,45,MUR1.0_MUF1.0_PDF26536,pdf,2,0.21,0.42,0.7478157877922058,0.7475778460502625,0.9996818177072112,-0.0003181822830811143,0.0003181822830811143,-0.03181822830811143
Pythia_minus,45,MUR1.0_MUF1.0_PDF26536,pdf,3,0.42,0.63,0.7352385520935059,0.7351199984550476,0.9998387548665386,-0.00016124513058457524,0.00016124513058457524,-0.016124513058457524
Pythia_minus,45,MUR1.0_MUF1.0_PDF26536,pdf,4,0.63,0.84,0.7513492107391357,0.7509467005729675,0.9994642835043744,-0.0005357164773158729,0.0005357164773158729,-0.05357164773158729
Pythia_minus,45,MUR1.0_MUF1.0_PDF26536,pdf,5,0.84,1.05,0.7593017220497131,0.7583499550819397,0.9987465233646459,-0.0012534765992313623,0.0012534765992313623,-0.12534765992313623
Pythia_minus,45,MUR1.0_MUF1.0_PDF26536,pdf,6,1.05,1.37,0.7337679862976074,0.7329563498497009,0.9988938786332151,-0.0011061213444918394,0.0011061213444918394,-0.11061213444918394
Pythia_minus,45,MUR1.0_MUF1.0_PDF26536,pdf,7,1.37,1.52,0.7370075583457947,0.7372592687606812,1.0003415303032326,0.0003415303071960807,0.0003415303071960807,0.03415303071960807
Pythia_minus,45,MUR1.0_MUF1.0_PDF26536,pdf,8,1.52,1.74,0.7175648808479309,0.7178120017051697,1.0003443881714873,0.00034438815782777965,0.00034438815782777965,0.034438815782777965
Pythia_minus,45,MUR1.0_MUF1.0_PDF26536,pdf,9,1.74,1.95,0.6435351371765137,0.6436285972595215,1.0001452291842492,0.00014522919082082808,0.00014522919082082808,0.014522919082082808
Pythia_minus,45,MUR1.0_MUF1.0_PDF26536,pdf,10,1.95,2.18,0.7551155686378479,0.7560099363327026,1.0011844116741866,0.0011844116961583495,0.0011844116961583495,0.11844116961583495
Pythia_minus,45,MUR1.0_MUF1.0_PDF26536,pdf,11,2.18,2.5,0.7272884249687195,0.7303475141525269,1.0042061568406495,0.004206156823784113,0.004206156823784113,0.4206156823784113
Pythia_minus,46,MUR1.0_MUF1.0_PDF13305,pdf,1,0.0,0.21,0.7786144614219666,0.77858966588974,0.9999681542875773,-3.184571323799901e-05,3.184571323799901e-05,-0.0031845713237999007
Pythia_minus,46,MUR1.0_MUF1.0_PDF13305,pdf,2,0.21,0.42,0.7478157877922058,0.7477902770042419,0.9999658862672061,-3.411373108974658e-05,3.411373108974658e-05,-0.003411373108974658
Pythia_minus,46,MUR1.0_MUF1.0_PDF13305,pdf,3,0.42,0.63,0.7352385520935059,0.7352163195610046,0.9999697614706983,-3.0238528779591434e-05,3.0238528779591434e-05,-0.0030238528779591434
Pythia_minus,46,MUR1.0_MUF1.0_PDF13305,pdf,4,0.63,0.84,0.7513492107391357,0.7513241171836853,0.9999666020073066,-3.339799150126055e-05,3.339799150126055e-05,-0.003339799150126055
Pythia_minus,46,MUR1.0_MUF1.0_PDF13305,pdf,5,0.84,1.05,0.7593017220497131,0.7592719793319702,0.9999608288551451,-3.917114372598007e-05,3.917114372598007e-05,-0.003917114372598007
Pythia_minus,46,MUR1.0_MUF1.0_PDF13305,pdf,6,1.05,1.37,0.7337679862976074,0.7337343692779541,0.9999541857640547,-4.581423490890302e-05,4.581423490890302e-05,-0.004581423490890302
Pythia_minus,46,MUR1.0_MUF1.0_PDF13305,pdf,7,1.37,1.52,0.7370075583457947,0.7369905114173889,0.9999768700765511,-2.3129923647502437e-05,2.3129923647502437e-05,-0.0023129923647502437
Pythia_minus,46,MUR1.0_MUF1.0_PDF13305,pdf,8,1.52,1.74,0.7175648808479309,0.7175371646881104,0.9999613746985669,-3.862530138576403e-05,3.862530138576403e-05,-0.0038625301385764033
Pythia_minus,46,MUR1.0_MUF1.0_PDF13305,pdf,9,1.74,1.95,0.6435351371765137,0.6435123085975647,0.9999645262898167,-3.547370943124406e-05,3.547370943124406e-05,-0.003547370943124406
Pythia_minus,46,MUR1.0_MUF1.0_PDF13305,pdf,10,1.95,2.18,0.7551155686378479,0.7550802230834961,0.9999531918611935,-4.680813799495809e-05,4.680813799495809e-05,-0.004680813799495809
Pythia_minus,46,MUR1.0_MUF1.0_PDF13305,pdf,11,2.18,2.5,0.7272884249687195,0.7272641658782959,0.9999666444706244,-3.3355529012624174e-05,3.3355529012624174e-05,-0.0033355529012624174
Pythia_minus,47,MUR1.0_MUF1.0_PDF26537,pdf,1,0.0,0.21,0.7786144614219666,0.7788146138191223,1.000257062265181,0.00025706226006150246,0.00025706226006150246,0.025706226006150246
Pythia_minus,47,MUR1.0_MUF1.0_PDF26537,pdf,2,0.21,0.42,0.7478157877922058,0.7476332783699036,0.9997559433415533,-0.00024405666044913232,0.00024405666044913232,-0.024405666044913232
Pythia_minus,47,MUR1.0_MUF1.0_PDF26537,pdf,3,0.42,0.63,0.7352385520935059,0.7351725101470947,0.9999101761649697,-8.982383587863296e-05,8.982383587863296e-05,-0.008982383587863296
Pythia_minus,47,MUR1.0_MUF1.0_PDF26537,pdf,4,0.63,0.84,0.7513492107391357,0.7510368227958679,0.9995842306895345,-0.0004157693183515221,0.0004157693183515221,-0.04157693183515221
Pythia_minus,47,MUR1.0_MUF1.0_PDF26537,pdf,5,0.84,1.05,0.7593017220497131,0.7585118412971497,0.9989597274316312,-0.0010402725310996175,0.0010402725310996175,-0.10402725310996175
Pythia_minus,47,MUR1.0_MUF1.0_PDF26537,pdf,6,1.05,1.37,0.7337679862976074,0.7331388592720032,0.9991426076943222,-0.0008573923259973526,0.0008573923259973526,-0.08573923259973526
Pythia_minus,47,MUR1.0_MUF1.0_PDF26537,pdf,7,1.37,1.52,0.7370075583457947,0.7372917532920837,1.0003856065559584,0.00038560654502362013,0.00038560654502362013,0.03856065450236201
Pythia_minus,47,MUR1.0_MUF1.0_PDF26537,pdf,8,1.52,1.74,0.7175648808479309,0.7179325222969055,1.000512345933848,0.000512345926836133,0.000512345926836133,0.0512345926836133
Pythia_minus,47,MUR1.0_MUF1.0_PDF26537,pdf,9,1.74,1.95,0.6435351371765137,0.6437662243843079,1.0003590902725343,0.0003590902779251337,0.0003590902779251337,0.03590902779251337
Pythia_minus,47,MUR1.0_MUF1.0_PDF26537,pdf,10,1.95,2.18,0.7551155686378479,0.7562288641929626,1.001474337970707,0.0014743380015715957,0.0014743380015715957,0.14743380015715957
Pythia_minus,47,MUR1.0_MUF1.0_PDF26537,pdf,11,2.18,2.5,0.7272884249687195,0.7302515506744385,1.0040742099062645,0.004074209835380316,0.004074209835380316,0.4074209835380316
Pythia_minus,48,MUR1.0_MUF1.0_PDF26538,pdf,1,0.0,0.21,0.7786144614219666,0.7785411477088928,0.9999058408022119,-9.415920067112893e-05,9.415920067112893e-05,-0.009415920067112893
Pythia_minus,48,MUR1.0_MUF1.0_PDF26538,pdf,2,0.21,0.42,0.7478157877922058,0.7473597526550293,0.999390177173816,-0.0006098228041082621,0.0006098228041082621,-0.060982280410826206
Pythia_minus,48,MUR1.0_MUF1.0_PDF26538,pdf,3,0.42,0.63,0.7352385520935059,0.7349146008491516,0.9995593930113814,-0.00044060699292458594,0.00044060699292458594,-0.044060699292458594
Pythia_minus,48,MUR1.0_MUF1.0_PDF26538,pdf,4,0.63,0.84,0.7513492107391357,0.7508059144020081,0.9992769056926363,-0.0007230943301692605,0.0007230943301692605,-0.07230943301692605
Pythia_minus,48,MUR1.0_MUF1.0_PDF26538,pdf,5,0.84,1.05,0.7593017220497131,0.7582544088363647,0.9986206890055231,-0.0013793109683319926,0.0013793109683319926,-0.13793109683319926
Pythia_minus,48,MUR1.0_MUF1.0_PDF26538,pdf,6,1.05,1.37,0.7337679862976074,0.7329179048538208,0.9988414846931714,-0.0011585153406485915,0.0011585153406485915,-0.11585153406485915
Pythia_minus,48,MUR1.0_MUF1.0_PDF26538,pdf,7,1.37,1.52,0.7370075583457947,0.7372105717658997,1.0002754563610727,0.00027545634657144547,0.00027545634657144547,0.027545634657144547
Pythia_minus,48,MUR1.0_MUF1.0_PDF26538,pdf,8,1.52,1.74,0.7175648808479309,0.7178406715393066,1.0003843425155505,0.00038434250745922327,0.00038434250745922327,0.03843425074592233
Pythia_minus,48,MUR1.0_MUF1.0_PDF26538,pdf,9,1.74,1.95,0.6435351371765137,0.6436412334442139,1.000164864762732,0.00016486475942656398,0.00016486475942656398,0.016486475942656398
Pythia_minus,48,MUR1.0_MUF1.0_PDF26538,pdf,10,1.95,2.18,0.7551155686378479,0.7562230229377747,1.0014666023929615,0.0014666024362668395,0.0014666024362668395,0.14666024362668395
Pythia_minus,48,MUR1.0_MUF1.0_PDF26538,pdf,11,2.18,2.5,0.7272884249687195,0.7305849194526672,1.0045325820826718,0.004532582126557827,0.004532582126557827,0.4532582126557827
Pythia_minus,49,MUR1.0_MUF1.0_PDF26539,pdf,1,0.0,0.21,0.7786144614219666,0.7768181562423706,0.9976929465498041,-0.0023070534225553274,0.0023070534225553274,-0.23070534225553274
Pythia_minus,49,MUR1.0_MUF1.0_PDF26539,pdf,2,0.21,0.42,0.7478157877922058,0.7455875277519226,0.9970203089094151,-0.0029796911403536797,0.0029796911403536797,-0.29796911403536797
Pythia_minus,49,MUR1.0_MUF1.0_PDF26539,pdf,3,0.42,0.63,0.7352385520935059,0.7332152128219604,0.9972480506282155,-0.0027519494760781527,0.0027519494760781527,-0.27519494760781527
Pythia_minus,49,MUR1.0_MUF1.0_PDF26539,pdf,4,0.63,0.84,0.7513492107391357,0.7496399283409119,0.9977250493195535,-0.002274950733408332,0.002274950733408332,-0.2274950733408332
Pythia_minus,49,MUR1.0_MUF1.0_PDF26539,pdf,5,0.84,1.05,0.7593017220497131,0.7571820616722107,0.997208408309966,-0.002791591687127948,0.002791591687127948,-0.2791591687127948
Pythia_minus,49,MUR1.0_MUF1.0_PDF26539,pdf,6,1.05,1.37,0.7337679862976074,0.7321085333824158,0.9977384501011487,-0.0022615499328821898,0.0022615499328821898,-0.22615499328821898
Pythia_minus,49,MUR1.0_MUF1.0_PDF26539,pdf,7,1.37,1.52,0.7370075583457947,0.7363108396530151,0.999054665471351,-0.000945334555581212,0.000945334555581212,-0.0945334555581212
Pythia_minus,49,MUR1.0_MUF1.0_PDF26539,pdf,8,1.52,1.74,0.7175648808479309,0.7181165814399719,1.0007688511614297,0.0007688511395826936,0.0007688511395826936,0.07688511395826936
Pythia_minus,49,MUR1.0_MUF1.0_PDF26539,pdf,9,1.74,1.95,0.6435351371765137,0.6432713270187378,0.9995900609888477,-0.00040993900620378554,0.00040993900620378554,-0.040993900620378554
Pythia_minus,49,MUR1.0_MUF1.0_PDF26539,pdf,10,1.95,2.18,0.7551155686378479,0.7590460181236267,1.005205096609078,0.005205096676945686,0.005205096676945686,0.5205096676945686
Pythia_minus,49,MUR1.0_MUF1.0_PDF26539,pdf,11,2.18,2.5,0.7272884249687195,0.7338027954101562,1.008957066024689,0.008957065641880035,0.008957065641880035,0.8957065641880035
Pythia_minus,50,MUR1.0_MUF1.0_PDF26540,pdf,1,0.0,0.21,0.7786144614219666,0.7800387144088745,1.0018292146594694,0.0018292146269232035,0.0018292146269232035,0.18292146269232035
Pythia_minus,50,MUR1.0_MUF1.0_PDF26540,pdf,2,0.21,0.42,0.7478157877922058,0.7489041686058044,1.001455412992566,0.0014554129447788,0.0014554129447788,0.14554129447788
Pythia_minus,50,MUR1.0_MUF1.0_PDF26540,pdf,3,0.42,0.63,0.7352385520935059,0.7363793849945068,1.0015516500022374,0.0015516499988734722,0.0015516499988734722,0.15516499988734722
Pythia_minus,50,MUR1.0_MUF1.0_PDF26540,pdf,4,0.63,0.84,0.7513492107391357,0.7518628835678101,1.0006836672233528,0.0006836671964265406,0.0006836671964265406,0.06836671964265406
Pythia_minus,50,MUR1.0_MUF1.0_PDF26540,pdf,5,0.84,1.05,0.7593017220497131,0.7591142654418945,0.9997531197383399,-0.0002468802558723837,0.0002468802558723837,-0.02468802558723837
Pythia_minus,50,MUR1.0_MUF1.0_PDF26540,pdf,6,1.05,1.37,0.7337679862976074,0.7334307432174683,0.999540395484081,-0.00045960451825521886,0.00045960451825521886,-0.045960451825521886
Pythia_minus,50,MUR1.0_MUF1.0_PDF26540,pdf,7,1.37,1.52,0.7370075583457947,0.737871527671814,1.001172266574794,0.0011722665512934327,0.0011722665512934327,0.11722665512934327
Pythia_minus,50,MUR1.0_MUF1.0_PDF26540,pdf,8,1.52,1.74,0.7175648808479309,0.7174056768417358,0.9997781329459617,-0.0002218670560978353,0.0002218670560978353,-0.02218670560978353
Pythia_minus,50,MUR1.0_MUF1.0_PDF26540,pdf,9,1.74,1.95,0.6435351371765137,0.6436085104942322,1.000114016024114,0.00011401602387195453,0.00011401602387195453,0.011401602387195453
Pythia_minus,50,MUR1.0_MUF1.0_PDF26540,pdf,10,1.95,2.18,0.7551155686378479,0.7530505657196045,0.9972653153980543,-0.002734684618189931,0.002734684618189931,-0.2734684618189931
Pythia_minus,50,MUR1.0_MUF1.0_PDF26540,pdf,11,2.18,2.5,0.7272884249687195,0.7269766330718994,0.999571295395175,-0.00042870460310950875,0.00042870460310950875,-0.042870460310950875
Pythia_minus,51,MUR1.0_MUF1.0_PDF26541,pdf,1,0.0,0.21,0.7786144614219666,0.7783024907112122,0.9995993258201439,-0.0004006741801276803,0.0004006741801276803,-0.04006741801276803
Pythia_minus,51,MUR1.0_MUF1.0_PDF26541,pdf,2,0.21,0.42,0.7478157877922058,0.7467175722122192,0.9985314356852122,-0.001468564267270267,0.001468564267270267,-0.1468564267270267
Pythia_minus,51,MUR1.0_MUF1.0_PDF26541,pdf,3,0.42,0.63,0.7352385520935059,0.7343400716781616,0.998777974287684,-0.0012220257194712758,0.0012220257194712758,-0.12220257194712758
Pythia_minus,51,MUR1.0_MUF1.0_PDF26541,pdf,4,0.63,0.84,0.7513492107391357,0.7502241730690002,0.9985026434392221,-0.0014973565703257918,0.0014973565703257918,-0.14973565703257918
Pythia_minus,51,MUR1.0_MUF1.0_PDF26541,pdf,5,0.84,1.05,0.7593017220497131,0.7573620080947876,0.9974453976613021,-0.0025546022225171328,0.0025546022225171328,-0.2554602222517133
Pythia_minus,51,MUR1.0_MUF1.0_PDF26541,pdf,6,1.05,1.37,0.7337679862976074,0.73212730884552,0.9977640378393097,-0.002235962077975273,0.002235962077975273,-0.2235962077975273
Pythia_minus,51,MUR1.0_MUF1.0_PDF26541,pdf,7,1.37,1.52,0.7370075583457947,0.736600399017334,0.9994475506745486,-0.0005524493171833456,0.0005524493171833456,-0.055244931718334556
Pythia_minus,51,MUR1.0_MUF1.0_PDF26541,pdf,8,1.52,1.74,0.7175648808479309,0.7184851169586182,1.0012824430727432,0.0012824430596083403,0.0012824430596083403,0.12824430596083403
Pythia_minus,51,MUR1.0_MUF1.0_PDF26541,pdf,9,1.74,1.95,0.6435351371765137,0.6435903310775757,1.000085766724882,8.576672553317621e-05,8.576672553317621e-05,0.008576672553317621
Pythia_minus,51,MUR1.0_MUF1.0_PDF26541,pdf,10,1.95,2.18,0.7551155686378479,0.7596410512924194,1.0059930993910442,0.005993099417537451,0.005993099417537451,0.5993099417537451
Pythia_minus,51,MUR1.0_MUF1.0_PDF26541,pdf,11,2.18,2.5,0.7272884249687195,0.7345209121704102,1.0099444552579009,0.009944455698132515,0.009944455698132515,0.9944455698132515
Pythia_minus,52,MUR1.0_MUF1.0_PDF26542,pdf,1,0.0,0.21,0.7786144614219666,0.7791303396224976,1.0006625592332166,0.0006625592359341681,0.0006625592359341681,0.06625592359341681
Pythia_minus,52,MUR1.0_MUF1.0_PDF26542,pdf,2,0.21,0.42,0.7478157877922058,0.7480833530426025,1.000357795669421,0.0003577956813387573,0.0003577956813387573,0.03577956813387573
Pythia_minus,52,MUR1.0_MUF1.0_PDF26542,pdf,3,0.42,0.63,0.7352385520935059,0.7355774641036987,1.0004609551678538,0.00046095516881905496,0.00046095516881905496,0.046095516881905496
Pythia_minus,52,MUR1.0_MUF1.0_PDF26542,pdf,4,0.63,0.84,0.7513492107391357,0.7512983679771423,0.9999323313829752,-6.766861770302057e-05,6.766861770302057e-05,-0.006766861770302057
Pythia_minus,52,MUR1.0_MUF1.0_PDF26542,pdf,5,0.84,1.05,0.7593017220497131,0.7586573958396912,0.9991514226936261,-0.0008485772996209562,0.0008485772996209562,-0.08485772996209562
Pythia_minus,52,MUR1.0_MUF1.0_PDF26542,pdf,6,1.05,1.37,0.7337679862976074,0.7330793142318726,0.9990614580104404,-0.000938542012590915,0.000938542012590915,-0.0938542012590915
Pythia_minus,52,MUR1.0_MUF1.0_PDF26542,pdf,7,1.37,1.52,0.7370075583457947,0.7374953031539917,1.000661790781755,0.0006617907783947885,0.0006617907783947885,0.06617907783947885
Pythia_minus,52,MUR1.0_MUF1.0_PDF26542,pdf,8,1.52,1.74,0.7175648808479309,0.7172897458076477,0.9996165712012577,-0.0003834287927020341,0.0003834287927020341,-0.03834287927020341
Pythia_minus,52,MUR1.0_MUF1.0_PDF26542,pdf,9,1.74,1.95,0.6435351371765137,0.6433486938476562,0.9997102825967275,-0.0002897173981182277,0.0002897173981182277,-0.028971739811822772
Pythia_minus,52,MUR1.0_MUF1.0_PDF26542,pdf,10,1.95,2.18,0.7551155686378479,0.7538026571273804,0.9982613105000128,-0.0017386894905939698,0.0017386894905939698,-0.17386894905939698
Pythia_minus,52,MUR1.0_MUF1.0_PDF26542,pdf,11,2.18,2.5,0.7272884249687195,0.728177011013031,1.0012217794396352,0.00122177938465029,0.00122177938465029,0.122177938465029
Pythia_minus,53,MUR1.0_MUF1.0_PDF26543,pdf,1,0.0,0.21,0.7786144614219666,0.7785911560058594,0.9999700680924104,-2.993190719280392e-05,2.993190719280392e-05,-0.002993190719280392
Pythia_minus,53,MUR1.0_MUF1.0_PDF26543,pdf,2,0.21,0.42,0.7478157877922058,0.7474735379219055,0.9995423339866751,-0.0004576659994199872,0.0004576659994199872,-0.04576659994199872
Pythia_minus,53,MUR1.0_MUF1.0_PDF26543,pdf,3,0.42,0.63,0.7352385520935059,0.735055685043335,0.9997512820163602,-0.0002487179881427437,0.0002487179881427437,-0.02487179881427437
Pythia_minus,53,MUR1.0_MUF1.0_PDF26543,pdf,4,0.63,0.84,0.7513492107391357,0.7510455846786499,0.9995958922214251,-0.00040410779183730483,0.00040410779183730483,-0.04041077918373048
Pythia_minus,53,MUR1.0_MUF1.0_PDF26543,pdf,5,0.84,1.05,0.7593017220497131,0.7585979104042053,0.9990730804039165,-0.0009269195725210011,0.0009269195725210011,-0.09269195725210011
Pythia_minus,53,MUR1.0_MUF1.0_PDF26543,pdf,6,1.05,1.37,0.7337679862976074,0.7332313060760498,0.9992685968431717,-0.0007314031827263534,0.0007314031827263534,-0.07314031827263534
Pythia_minus,53,MUR1.0_MUF1.0_PDF26543,pdf,7,1.37,1.52,0.7370075583457947,0.737267017364502,1.0003520439048001,0.000352043891325593,0.000352043891325593,0.0352043891325593
Pythia_minus,53,MUR1.0_MUF1.0_PDF26543,pdf,8,1.52,1.74,0.7175648808479309,0.717807948589325,1.00033873974031,0.0003387397446203977,0.0003387397446203977,0.03387397446203977
Pythia_minus,53,MUR1.0_MUF1.0_PDF26543,pdf,9,1.74,1.95,0.6435351371765137,0.6437274217605591,1.000298794227288,0.00029879421344958246,0.00029879421344958246,0.029879421344958246
Pythia_minus,53,MUR1.0_MUF1.0_PDF26543,pdf,10,1.95,2.18,0.7551155686378479,0.7558735609054565,1.0010038096141707,0.001003809622488916,0.001003809622488916,0.10038096224889159
Pythia_minus,53,MUR1.0_MUF1.0_PDF26543,pdf,11,2.18,2.5,0.7272884249687195,0.7295293807983398,1.0030812477590534,0.003081247676163912,0.003081247676163912,0.3081247676163912
Pythia_minus,54,MUR1.0_MUF1.0_PDF26544,pdf,1,0.0,0.21,0.7786144614219666,0.7793092727661133,1.0008923689175742,0.0008923689019866288,0.0008923689019866288,0.08923689019866288
Pythia_minus,54,MUR1.0_MUF1.0_PDF26544,pdf,2,0.21,0.42,0.7478157877922058,0.7478469610214233,1.0000416857061944,4.168570740148425e-05,4.168570740148425e-05,0.004168570740148425
Pythia_minus,54,MUR1.0_MUF1.0_PDF26544,pdf,3,0.42,0.63,0.7352385520935059,0.7353164553642273,1.0001059564552206,0.00010595645289868116,0.00010595645289868116,0.010595645289868116
Pythia_minus,54,MUR1.0_MUF1.0_PDF26544,pdf,4,0.63,0.84,0.7513492107391357,0.7506614327430725,0.9990846094116654,-0.0009153906139545143,0.0009153906139545143,-0.09153906139545143
Pythia_minus,54,MUR1.0_MUF1.0_PDF26544,pdf,5,0.84,1.05,0.7593017220497131,0.7574783563613892,0.9975986282720368,-0.002401371719315648,0.002401371719315648,-0.2401371719315648
Pythia_minus,54,MUR1.0_MUF1.0_PDF26544,pdf,6,1.05,1.37,0.7337679862976074,0.7319806218147278,0.9975641285579953,-0.00243587139993906,0.00243587139993906,-0.24358713999390602
Pythia_minus,54,MUR1.0_MUF1.0_PDF26544,pdf,7,1.37,1.52,0.7370075583457947,0.7373195290565491,1.0004232937738855,0.0004232937644701451,0.0004232937644701451,0.04232937644701451
Pythia_minus,54,MUR1.0_MUF1.0_PDF26544,pdf,8,1.52,1.74,0.7175648808479309,0.7177758812904358,1.0002940506818778,0.0002940506674349308,0.0002940506674349308,0.02940506674349308
Pythia_minus,54,MUR1.0_MUF1.0_PDF26544,pdf,9,1.74,1.95,0.6435351371765137,0.6432203650474548,0.9995108703303446,-0.0004891296848654747,0.0004891296848654747,-0.04891296848654747
Pythia_minus,54,MUR1.0_MUF1.0_PDF26544,pdf,10,1.95,2.18,0.7551155686378479,0.7560110688209534,1.0011859114290556,0.001185911474749446,0.001185911474749446,0.11859114747494459
Pythia_minus,54,MUR1.0_MUF1.0_PDF26544,pdf,11,2.18,2.5,0.7272884249687195,0.732549250125885,1.007233478461302,0.007233478594571352,0.007233478594571352,0.7233478594571352
Pythia_minus,55,MUR1.0_MUF1.0_PDF26545,pdf,1,0.0,0.21,0.7786144614219666,0.7786760926246643,1.0000791549678967,7.915496826171875e-05,7.915496826171875e-05,0.007915496826171875
Pythia_minus,55,MUR1.0_MUF1.0_PDF26545,pdf,2,0.21,0.42,0.7478157877922058,0.7474652528762817,0.9995312549940154,-0.00046874501276761293,0.00046874501276761293,-0.04687450127676129
Pythia_minus,55,MUR1.0_MUF1.0_PDF26545,pdf,3,0.42,0.63,0.7352385520935059,0.7349919676780701,0.9996646198506136,-0.00033538014395162463,0.00033538014395162463,-0.03353801439516246
Pythia_minus,55,MUR1.0_MUF1.0_PDF26545,pdf,4,0.63,0.84,0.7513492107391357,0.7508186101913452,0.9992938030143552,-0.0007061969954520464,0.0007061969954520464,-0.07061969954520464
Pythia_minus,55,MUR1.0_MUF1.0_PDF26545,pdf,5,0.84,1.05,0.7593017220497131,0.7582147121429443,0.9985684084795245,-0.0014315915759652853,0.0014315915759652853,-0.14315915759652853
Pythia_minus,55,MUR1.0_MUF1.0_PDF26545,pdf,6,1.05,1.37,0.7337679862976074,0.7328590154647827,0.9987612285493523,-0.0012387714814394712,0.0012387714814394712,-0.12387714814394712
Pythia_minus,55,MUR1.0_MUF1.0_PDF26545,pdf,7,1.37,1.52,0.7370075583457947,0.7372172474861145,1.0002845142331924,0.0002845142444130033,0.0002845142444130033,0.028451424441300333
Pythia_minus,55,MUR1.0_MUF1.0_PDF26545,pdf,8,1.52,1.74,0.7175648808479309,0.7178794741630554,1.0004384179375567,0.0004384179483167827,0.0004384179483167827,0.04384179483167827
Pythia_minus,55,MUR1.0_MUF1.0_PDF26545,pdf,9,1.74,1.95,0.6435351371765137,0.6436241269111633,1.0001382826352576,0.00013828263035975397,0.00013828263035975397,0.013828263035975397
Pythia_minus,55,MUR1.0_MUF1.0_PDF26545,pdf,10,1.95,2.18,0.7551155686378479,0.756334125995636,1.0016137362390585,0.0016137362690642476,0.0016137362690642476,0.16137362690642476
Pythia_minus,55,MUR1.0_MUF1.0_PDF26545,pdf,11,2.18,2.5,0.7272884249687195,0.7309153079986572,1.0049868565281974,0.00498685659840703,0.00498685659840703,0.498685659840703
Pythia_minus,56,MUR1.0_MUF1.0_PDF26546,pdf,1,0.0,0.21,0.7786144614219666,0.7786153554916382,1.0000011482828999,1.1482828767839237e-06,1.1482828767839237e-06,0.00011482828767839237
Pythia_minus,56,MUR1.0_MUF1.0_PDF26546,pdf,2,0.21,0.42,0.7478157877922058,0.7474962472915649,0.9995727015852603,-0.0004272984224371612,0.0004272984224371612,-0.04272984224371612
Pythia_minus,56,MUR1.0_MUF1.0_PDF26546,pdf,3,0.42,0.63,0.7352385520935059,0.7351367473602295,0.9998615350990688,-0.0001384649076499045,0.0001384649076499045,-0.013846490764990449
Pythia_minus,56,MUR1.0_MUF1.0_PDF26546,pdf,4,0.63,0.84,0.7513492107391357,0.7511471509933472,0.9997310707951769,-0.00026892920141108334,0.00026892920141108334,-0.026892920141108334
Pythia_minus,56,MUR1.0_MUF1.0_PDF26546,pdf,5,0.84,1.05,0.7593017220497131,0.7587175965309143,0.9992307069747952,-0.0007692930521443486,0.0007692930521443486,-0.07692930521443486
Pythia_minus,56,MUR1.0_MUF1.0_PDF26546,pdf,6,1.05,1.37,0.7337679862976074,0.7333759665489197,0.999465744273383,-0.0005342556978575885,0.0005342556978575885,-0.05342556978575885
Pythia_minus,56,MUR1.0_MUF1.0_PDF26546,pdf,7,1.37,1.52,0.7370075583457947,0.737388014793396,1.000516217836972,0.0005162178422324359,0.0005162178422324359,0.051621784223243594
Pythia_minus,56,MUR1.0_MUF1.0_PDF26546,pdf,8,1.52,1.74,0.7175648808479309,0.7178381681442261,1.0003808537786467,0.0003808537730947137,0.0003808537730947137,0.03808537730947137
Pythia_minus,56,MUR1.0_MUF1.0_PDF26546,pdf,9,1.74,1.95,0.6435351371765137,0.643852174282074,1.000492649254478,0.0004926492692902684,0.0004926492692902684,0.04926492692902684
Pythia_minus,56,MUR1.0_MUF1.0_PDF26546,pdf,10,1.95,2.18,0.7551155686378479,0.7556602954864502,1.0007213820919953,0.0007213820936158299,0.0007213820936158299,0.072138209361583
Pythia_minus,56,MUR1.0_MUF1.0_PDF26546,pdf,11,2.18,2.5,0.7272884249687195,0.7289674282073975,1.0023085796240332,0.0023085796274244785,0.0023085796274244785,0.23085796274244785
Pythia_minus,57,MUR1.0_MUF1.0_PDF13306,pdf,1,0.0,0.21,0.7786144614219666,0.7785916328430176,0.9999706805099571,-2.93194898404181e-05,2.93194898404181e-05,-0.00293194898404181
Pythia_minus,57,MUR1.0_MUF1.0_PDF13306,pdf,2,0.21,0.42,0.7478157877922058,0.7477918863296509,0.9999680383017514,-3.1961699278326705e-05,3.1961699278326705e-05,-0.0031961699278326705
Pythia_minus,57,MUR1.0_MUF1.0_PDF13306,pdf,3,0.42,0.63,0.7352385520935059,0.7352179884910583,0.999972031387107,-2.7968613721895963e-05,2.7968613721895963e-05,-0.0027968613721895963
Pythia_minus,57,MUR1.0_MUF1.0_PDF13306,pdf,4,0.63,0.84,0.7513492107391357,0.7513241171836853,0.9999666020073066,-3.339799150126055e-05,3.339799150126055e-05,-0.003339799150126055
Pythia_minus,57,MUR1.0_MUF1.0_PDF13306,pdf,5,0.84,1.05,0.7593017220497131,0.7592705488204956,0.9999589448722264,-4.105512925889343e-05,4.105512925889343e-05,-0.004105512925889343
Pythia_minus,57,MUR1.0_MUF1.0_PDF13306,pdf,6,1.05,1.37,0.7337679862976074,0.7337344288825989,0.9999542669949696,-4.5733006118098274e-05,4.5733006118098274e-05,-0.004573300611809827
Pythia_minus,57,MUR1.0_MUF1.0_PDF13306,pdf,7,1.37,1.52,0.7370075583457947,0.7369915843009949,0.999978325805999,-2.1674193703802302e-05,2.1674193703802302e-05,-0.0021674193703802302
Pythia_minus,57,MUR1.0_MUF1.0_PDF13306,pdf,8,1.52,1.74,0.7175648808479309,0.7175360918045044,0.9999598795256082,-4.0120474295690656e-05,4.0120474295690656e-05,-0.004012047429569066
Pythia_minus,57,MUR1.0_MUF1.0_PDF13306,pdf,9,1.74,1.95,0.6435351371765137,0.6435116529464722,0.9999635074626313,-3.6492536310106516e-05,3.6492536310106516e-05,-0.0036492536310106516
Pythia_minus,57,MUR1.0_MUF1.0_PDF13306,pdf,10,1.95,2.18,0.7551155686378479,0.7550766468048096,0.999948455793186,-5.154420796316117e-05,5.154420796316117e-05,-0.005154420796316117
Pythia_minus,57,MUR1.0_MUF1.0_PDF13306,pdf,11,2.18,2.5,0.7272884249687195,0.7272627949714661,0.9999647595144189,-3.5240485885879025e-05,3.5240485885879025e-05,-0.0035240485885879025
Pythia_minus,58,MUR1.0_MUF1.0_PDF26547,pdf,1,0.0,0.21,0.7786144614219666,0.7781845927238464,0.9994479055817496,-0.0005520944250747561,0.0005520944250747561,-0.055209442507475615
Pythia_minus,58,MUR1.0_MUF1.0_PDF26547,pdf,2,0.21,0.42,0.7478157877922058,0.7471413612365723,0.9990981381155047,-0.0009018618729896843,0.0009018618729896843,-0.09018618729896843
Pythia_minus,58,MUR1.0_MUF1.0_PDF26547,pdf,3,0.42,0.63,0.7352385520935059,0.7345526814460754,0.9990671454244646,-0.000932854600250721,0.000932854600250721,-0.0932854600250721
Pythia_minus,58,MUR1.0_MUF1.0_PDF26547,pdf,4,0.63,0.84,0.7513492107391357,0.7505931854248047,0.9989937763911573,-0.0010062236106023192,0.0010062236106023192,-0.10062236106023192
Pythia_minus,58,MUR1.0_MUF1.0_PDF26547,pdf,5,0.84,1.05,0.7593017220497131,0.7580118179321289,0.9983011969021983,-0.0016988030401989818,0.0016988030401989818,-0.16988030401989818
Pythia_minus,58,MUR1.0_MUF1.0_PDF26547,pdf,6,1.05,1.37,0.7337679862976074,0.7325918674468994,0.9983971515892341,-0.0016028484096750617,0.0016028484096750617,-0.16028484096750617
Pythia_minus,58,MUR1.0_MUF1.0_PDF26547,pdf,7,1.37,1.52,0.7370075583457947,0.7370077967643738,1.0000003234954329,3.234954419895075e-07,3.234954419895075e-07,3.234954419895075e-05
Pythia_minus,58,MUR1.0_MUF1.0_PDF26547,pdf,8,1.52,1.74,0.7175648808479309,0.717581570148468,1.0000232582460242,2.3258246073964983e-05,2.3258246073964983e-05,0.0023258246073964983
Pythia_minus,58,MUR1.0_MUF1.0_PDF26547,pdf,9,1.74,1.95,0.6435351371765137,0.6430625319480896,0.9992656108406176,-0.0007343891775235534,0.0007343891775235534,-0.07343891775235534
Pythia_minus,58,MUR1.0_MUF1.0_PDF26547,pdf,10,1.95,2.18,0.7551155686378479,0.7555020451545715,1.0005118110826676,0.0005118110566399992,0.0005118110566399992,0.051181105663999915
Pythia_minus,58,MUR1.0_MUF1.0_PDF26547,pdf,11,2.18,2.5,0.7272884249687195,0.7306503057479858,1.0046224862982123,0.004622486419975758,0.004622486419975758,0.46224864199757576
Pythia_minus,59,MUR1.0_MUF1.0_PDF26548,pdf,1,0.0,0.21,0.7786144614219666,0.7787245512008667,1.0001413919010689,0.00014139189443085343,0.00014139189443085343,0.014139189443085343
Pythia_minus,59,MUR1.0_MUF1.0_PDF26548,pdf,2,0.21,0.42,0.7478157877922058,0.7474520206451416,0.9995135604877531,-0.000486439501401037,0.000486439501401037,-0.0486439501401037
Pythia_minus,59,MUR1.0_MUF1.0_PDF26548,pdf,3,0.42,0.63,0.7352385520935059,0.735130786895752,0.9998534282547521,-0.0001465717505197972,0.0001465717505197972,-0.01465717505197972
Pythia_minus,59,MUR1.0_MUF1.0_PDF26548,pdf,4,0.63,0.84,0.7513492107391357,0.750983715057373,0.9995135475268508,-0.0004864524817094207,0.0004864524817094207,-0.04864524817094207
Pythia_minus,59,MUR1.0_MUF1.0_PDF26548,pdf,5,0.84,1.05,0.7593017220497131,0.7584594488143921,0.9988907265572277,-0.0011092734057456255,0.0011092734057456255,-0.11092734057456255
Pythia_minus,59,MUR1.0_MUF1.0_PDF26548,pdf,6,1.05,1.37,0.7337679862976074,0.7332359552383423,0.9992749328545258,-0.0007250671624206007,0.0007250671624206007,-0.07250671624206007
Pythia_minus,59,MUR1.0_MUF1.0_PDF26548,pdf,7,1.37,1.52,0.7370075583457947,0.7374904155731201,1.0006551591253816,0.0006551591213792562,0.0006551591213792562,0.06551591213792562
Pythia_minus,59,MUR1.0_MUF1.0_PDF26548,pdf,8,1.52,1.74,0.7175648808479309,0.7181455492973328,1.0008092208313144,0.0008092208299785852,0.0008092208299785852,0.08092208299785852
Pythia_minus,59,MUR1.0_MUF1.0_PDF26548,pdf,9,1.74,1.95,0.6435351371765137,0.6441398859024048,1.0009397291475715,0.0009397291578352451,0.0009397291578352451,0.09397291578352451
Pythia_minus,59,MUR1.0_MUF1.0_PDF26548,pdf,10,1.95,2.18,0.7551155686378479,0.7565966248512268,1.0019613636308022,0.001961363712325692,0.001961363712325692,0.19613637123256922
Pythia_minus,59,MUR1.0_MUF1.0_PDF26548,pdf,11,2.18,2.5,0.7272884249687195,0.7303277850151062,1.0041790298622137,0.004179029725492001,0.004179029725492001,0.41790297254920006
Pythia_minus,60,MUR1.0_MUF1.0_PDF26549,pdf,1,0.0,0.21,0.7786144614219666,0.7793962359428406,1.0010040585676334,0.001004058518446982,0.001004058518446982,0.10040585184469819
Pythia_minus,60,MUR1.0_MUF1.0_PDF26549,pdf,2,0.21,0.42,0.7478157877922058,0.7484316229820251,1.0008235118860456,0.0008235118584707379,0.0008235118584707379,0.0823511858470738
Pythia_minus,60,MUR1.0_MUF1.0_PDF26549,pdf,3,0.42,0.63,0.7352385520935059,0.735869288444519,1.000857866265605,0.00085786625277251,0.00085786625277251,0.085786625277251
Pythia_minus,60,MUR1.0_MUF1.0_PDF26549,pdf,4,0.63,0.84,0.7513492107391357,0.7516169548034668,1.000356351028928,0.00035635102540254593,0.00035635102540254593,0.03563510254025459
Pythia_minus,60,MUR1.0_MUF1.0_PDF26549,pdf,5,0.84,1.05,0.7593017220497131,0.7592675089836121,0.9999549414085237,-4.5058590330882e-05,4.5058590330882e-05,-0.0045058590330882
Pythia_minus,60,MUR1.0_MUF1.0_PDF26549,pdf,6,1.05,1.37,0.7337679862976074,0.7338264584541321,1.0000796875274154,7.968752470333129e-05,7.968752470333129e-05,0.00796875247033313
Pythia_minus,60,MUR1.0_MUF1.0_PDF26549,pdf,7,1.37,1.52,0.7370075583457947,0.7379007935523987,1.0012119756391764,0.0012119755847379565,0.0012119755847379565,0.12119755847379565
Pythia_minus,60,MUR1.0_MUF1.0_PDF26549,pdf,8,1.52,1.74,0.7175648808479309,0.7177320122718811,1.0002329147208997,0.00023291472462005913,0.00023291472462005913,0.023291472462005913
Pythia_minus,60,MUR1.0_MUF1.0_PDF26549,pdf,9,1.74,1.95,0.6435351371765137,0.6440293192863464,1.000767917835848,0.000767917837947607,0.000767917837947607,0.0767917837947607
Pythia_minus,60,MUR1.0_MUF1.0_PDF26549,pdf,10,1.95,2.18,0.7551155686378479,0.7539722919464111,0.9984859579924976,-0.001514042029157281,0.001514042029157281,-0.1514042029157281
Pythia_minus,60,MUR1.0_MUF1.0_PDF26549,pdf,11,2.18,2.5,0.7272884249687195,0.7276212573051453,1.0004576345848486,0.0004576345963869244,0.0004576345963869244,0.04576345963869244
Pythia_minus,61,MUR1.0_MUF1.0_PDF26550,pdf,1,0.0,0.21,0.7786144614219666,0.7784770727157593,0.9998235471943889,-0.00017645279876887798,0.00017645279876887798,-0.0176452798768878
Pythia_minus,61,MUR1.0_MUF1.0_PDF26550,pdf,2,0.21,0.42,0.7478157877922058,0.7472520470619202,0.9992461502692395,-0.0007538497447967529,0.0007538497447967529,-0.07538497447967529
Pythia_minus,61,MUR1.0_MUF1.0_PDF26550,pdf,3,0.42,0.63,0.7352385520935059,0.7346286773681641,0.999170507689504,-0.0008294922881759703,0.0008294922881759703,-0.08294922881759703
Pythia_minus,61,MUR1.0_MUF1.0_PDF26550,pdf,4,0.63,0.84,0.7513492107391357,0.750826358795166,0.9993041159337143,-0.0006958840531297028,0.0006958840531297028,-0.06958840531297028
Pythia_minus,61,MUR1.0_MUF1.0_PDF26550,pdf,5,0.84,1.05,0.7593017220497131,0.7576535940170288,0.9978294161795982,-0.0021705839317291975,0.0021705839317291975,-0.21705839317291975
Pythia_minus,61,MUR1.0_MUF1.0_PDF26550,pdf,6,1.05,1.37,0.7337679862976074,0.7321046590805054,0.9977331700916869,-0.0022668298333883286,0.0022668298333883286,-0.22668298333883286
Pythia_minus,61,MUR1.0_MUF1.0_PDF26550,pdf,7,1.37,1.52,0.7370075583457947,0.7372933626174927,1.0003877901501301,0.00038779014721512794,0.00038779014721512794,0.038779014721512794
Pythia_minus,61,MUR1.0_MUF1.0_PDF26550,pdf,8,1.52,1.74,0.7175648808479309,0.717168390750885,0.9994474505265958,-0.0005525494925677776,0.0005525494925677776,-0.05525494925677776
Pythia_minus,61,MUR1.0_MUF1.0_PDF26550,pdf,9,1.74,1.95,0.6435351371765137,0.6421114802360535,0.9977877556978374,-0.0022122443187981844,0.0022122443187981844,-0.22122443187981844
Pythia_minus,61,MUR1.0_MUF1.0_PDF26550,pdf,10,1.95,2.18,0.7551155686378479,0.7522559762001038,0.9962130400212744,-0.003786959918215871,0.003786959918215871,-0.3786959918215871
Pythia_minus,61,MUR1.0_MUF1.0_PDF26550,pdf,11,2.18,2.5,0.7272884249687195,0.729024350643158,1.0023868462838703,0.0023868463467806578,0.0023868463467806578,0.23868463467806578
Pythia_minus,62,MUR1.0_MUF1.0_PDF26551,pdf,1,0.0,0.21,0.7786144614219666,0.7786606550216675,1.0000593279498258,5.932795102125965e-05,5.932795102125965e-05,0.005932795102125965
Pythia_minus,62,MUR1.0_MUF1.0_PDF26551,pdf,2,0.21,0.42,0.7478157877922058,0.7474775910377502,0.9995477539255302,-0.00045224608038552105,0.00045224608038552105,-0.045224608038552105
Pythia_minus,62,MUR1.0_MUF1.0_PDF26551,pdf,3,0.42,0.63,0.7352385520935059,0.7350274324417114,0.9997128555742986,-0.00028714441577903926,0.00028714441577903926,-0.028714441577903926
Pythia_minus,62,MUR1.0_MUF1.0_PDF26551,pdf,4,0.63,0.84,0.7513492107391357,0.7509065270423889,0.9994108149840054,-0.0005891849868930876,0.0005891849868930876,-0.05891849868930876
Pythia_minus,62,MUR1.0_MUF1.0_PDF26551,pdf,5,0.84,1.05,0.7593017220497131,0.758367657661438,0.9987698376532669,-0.0012301623355597258,0.0012301623355597258,-0.12301623355597258
Pythia_minus,62,MUR1.0_MUF1.0_PDF26551,pdf,6,1.05,1.37,0.7337679862976074,0.7330145239830017,0.9989731600060566,-0.0010268399491906166,0.0010268399491906166,-0.10268399491906166
Pythia_minus,62,MUR1.0_MUF1.0_PDF26551,pdf,7,1.37,1.52,0.7370075583457947,0.7372464537620544,1.0003241424237168,0.00032414242741651833,0.00032414242741651833,0.03241424274165183
Pythia_minus,62,MUR1.0_MUF1.0_PDF26551,pdf,8,1.52,1.74,0.7175648808479309,0.7178743481636047,1.0004312743334207,0.00043127432581968606,0.00043127432581968606,0.043127432581968606
Pythia_minus,62,MUR1.0_MUF1.0_PDF26551,pdf,9,1.74,1.95,0.6435351371765137,0.6436933875083923,1.0002459078342993,0.00024590783868916333,0.00024590783868916333,0.024590783868916333
Pythia_minus,62,MUR1.0_MUF1.0_PDF26551,pdf,10,1.95,2.18,0.7551155686378479,0.7562163472175598,1.001457761732681,0.0014577617403119802,0.0014577617403119802,0.14577617403119802
Pythia_minus,62,MUR1.0_MUF1.0_PDF26551,pdf,11,2.18,2.5,0.7272884249687195,0.7304247617721558,1.0043123700250987,0.0043123699724674225,0.0043123699724674225,0.43123699724674225
Pythia_minus,63,MUR1.0_MUF1.0_PDF26552,pdf,1,0.0,0.21,0.7786144614219666,0.7786602973937988,1.0000588686366658,5.8868638006970286e-05,5.8868638006970286e-05,0.005886863800697029
Pythia_minus,63,MUR1.0_MUF1.0_PDF26552,pdf,2,0.21,0.42,0.7478157877922058,0.7474783658981323,0.9995487900903113,-0.00045120989670976996,0.00045120989670976996,-0.045120989670976996
Pythia_minus,63,MUR1.0_MUF1.0_PDF26552,pdf,3,0.42,0.63,0.7352385520935059,0.7350277900695801,0.9997133419849575,-0.0002866580034606159,0.0002866580034606159,-0.028665800346061587
Pythia_minus,63,MUR1.0_MUF1.0_PDF26552,pdf,4,0.63,0.84,0.7513492107391357,0.7509056925773621,0.9994097043619207,-0.0005902956472709775,0.0005902956472709775,-0.05902956472709775
Pythia_minus,63,MUR1.0_MUF1.0_PDF26552,pdf,5,0.84,1.05,0.7593017220497131,0.7583667039871216,0.9987685816646543,-0.0012314183404669166,0.0012314183404669166,-0.12314183404669166
Pythia_minus,63,MUR1.0_MUF1.0_PDF26552,pdf,6,1.05,1.37,0.7337679862976074,0.7330132126808167,0.9989713729259311,-0.0010286270407959819,0.0010286270407959819,-0.10286270407959819
Pythia_minus,63,MUR1.0_MUF1.0_PDF26552,pdf,7,1.37,1.52,0.7370075583457947,0.7372453212738037,1.0003226058204107,0.00032260583247989416,0.00032260583247989416,0.032260583247989416
Pythia_minus,63,MUR1.0_MUF1.0_PDF26552,pdf,8,1.52,1.74,0.7175648808479309,0.71787428855896,1.0004311912682564,0.00043119126348756254,0.00043119126348756254,0.043119126348756254
Pythia_minus,63,MUR1.0_MUF1.0_PDF26552,pdf,9,1.74,1.95,0.6435351371765137,0.6436941027641296,1.000247019282138,0.00024701928487047553,0.00024701928487047553,0.024701928487047553
Pythia_minus,63,MUR1.0_MUF1.0_PDF26552,pdf,10,1.95,2.18,0.7551155686378479,0.7562175989151001,1.0014594193564836,0.001459419378079474,0.001459419378079474,0.1459419378079474
Pythia_minus,63,MUR1.0_MUF1.0_PDF26552,pdf,11,2.18,2.5,0.7272884249687195,0.7304257750511169,1.0043137632535983,0.004313763231039047,0.004313763231039047,0.4313763231039047
Pythia_minus,64,MUR1.0_MUF1.0_PDF26553,pdf,1,0.0,0.21,0.7786144614219666,0.7786595821380615,1.000057950010346,5.795001197839156e-05,5.795001197839156e-05,0.005795001197839156
Pythia_minus,64,MUR1.0_MUF1.0_PDF26553,pdf,2,0.21,0.42,0.7478157877922058,0.7474783658981323,0.9995487900903113,-0.00045120989670976996,0.00045120989670976996,-0.045120989670976996
Pythia_minus,64,MUR1.0_MUF1.0_PDF26553,pdf,3,0.42,0.63,0.7352385520935059,0.7350282073020935,0.9997139094640598,-0.0002860905369743705,0.0002860905369743705,-0.028609053697437048
Pythia_minus,64,MUR1.0_MUF1.0_PDF26553,pdf,4,0.63,0.84,0.7513492107391357,0.7509062886238098,0.9994104976634098,-0.0005895023350603878,0.0005895023350603878,-0.058950233506038785
Pythia_minus,64,MUR1.0_MUF1.0_PDF26553,pdf,5,0.84,1.05,0.7593017220497131,0.7583672404289246,0.998769288158249,-0.001230711815878749,0.001230711815878749,-0.12307118158787489
Pythia_minus,64,MUR1.0_MUF1.0_PDF26553,pdf,6,1.05,1.37,0.7337679862976074,0.7330138683319092,0.9989722664659938,-0.0010277335532009602,0.0010277335532009602,-0.10277335532009602
Pythia_minus,64,MUR1.0_MUF1.0_PDF26553,pdf,7,1.37,1.52,0.7370075583457947,0.7372459769248962,1.000323495432851,0.0003234954201616347,0.0003234954201616347,0.03234954201616347
Pythia_minus,64,MUR1.0_MUF1.0_PDF26553,pdf,8,1.52,1.74,0.7175648808479309,0.7178745865821838,1.0004316065940781,0.0004316066042520106,0.0004316066042520106,0.04316066042520106
Pythia_minus,64,MUR1.0_MUF1.0_PDF26553,pdf,9,1.74,1.95,0.6435351371765137,0.6436940431594849,1.0002469266614848,0.00024692664737813175,0.00024692664737813175,0.024692664737813175
Pythia_minus,64,MUR1.0_MUF1.0_PDF26553,pdf,10,1.95,2.18,0.7551155686378479,0.7562178373336792,1.0014597350943508,0.0014597350964322686,0.0014597350964322686,0.14597350964322686
Pythia_minus,64,MUR1.0_MUF1.0_PDF26553,pdf,11,2.18,2.5,0.7272884249687195,0.7304258346557617,1.0043138452082159,0.004313845187425613,0.004313845187425613,0.43138451874256134
Pythia_minus,65,MUR1.0_MUF1.0_PDF26554,pdf,1,0.0,0.21,0.7786144614219666,0.7786605954170227,1.0000592513976325,5.925139703322202e-05,5.925139703322202e-05,0.005925139703322202
Pythia_minus,65,MUR1.0_MUF1.0_PDF26554,pdf,2,0.21,0.42,0.7478157877922058,0.7474777698516846,0.9995479930404797,-0.00045200696331448853,0.00045200696331448853,-0.04520069633144885
Pythia_minus,65,MUR1.0_MUF1.0_PDF26554,pdf,3,0.42,0.63,0.7352385520935059,0.7350273728370667,0.9997127745058554,-0.0002872254990506917,0.0002872254990506917,-0.028722549905069172
Pythia_minus,65,MUR1.0_MUF1.0_PDF26554,pdf,4,0.63,0.84,0.7513492107391357,0.7509064674377441,0.9994107356538565,-0.0005892643239349127,0.0005892643239349127,-0.05892643239349127
Pythia_minus,65,MUR1.0_MUF1.0_PDF26554,pdf,5,0.84,1.05,0.7593017220497131,0.7583675980567932,0.9987697591539786,-0.0012302407994866371,0.0012302407994866371,-0.12302407994866371
Pythia_minus,65,MUR1.0_MUF1.0_PDF26554,pdf,6,1.05,1.37,0.7337679862976074,0.7330145835876465,0.9989732412369714,-0.0010267588077113032,0.0010267588077113032,-0.10267588077113032
Pythia_minus,65,MUR1.0_MUF1.0_PDF26554,pdf,7,1.37,1.52,0.7370075583457947,0.7372466325759888,1.0003243850452914,0.00032438503694720566,0.00032438503694720566,0.032438503694720566
Pythia_minus,65,MUR1.0_MUF1.0_PDF26554,pdf,8,1.52,1.74,0.7175648808479309,0.7178745865821838,1.0004316065940781,0.0004316066042520106,0.0004316066042520106,0.04316066042520106
Pythia_minus,65,MUR1.0_MUF1.0_PDF26554,pdf,9,1.74,1.95,0.6435351371765137,0.6436933279037476,1.0002458152136462,0.00024581520119681954,0.00024581520119681954,0.024581520119681954
Pythia_minus,65,MUR1.0_MUF1.0_PDF26554,pdf,10,1.95,2.18,0.7551155686378479,0.7562163472175598,1.001457761732681,0.0014577617403119802,0.0014577617403119802,0.14577617403119802
Pythia_minus,65,MUR1.0_MUF1.0_PDF26554,pdf,11,2.18,2.5,0.7272884249687195,0.7304246425628662,1.0043122061158634,0.00431220605969429,0.00431220605969429,0.431220605969429
Pythia_minus,66,MUR1.0_MUF1.0_PDF26555,pdf,1,0.0,0.21,0.7786144614219666,0.7786582112312317,1.0000561893098996,5.6189310271292925e-05,5.6189310271292925e-05,0.0056189310271292925
Pythia_minus,66,MUR1.0_MUF1.0_PDF26555,pdf,2,0.21,0.42,0.7478157877922058,0.747477650642395,0.9995478336305134,-0.00045216636499390006,0.00045216636499390006,-0.045216636499390006
Pythia_minus,66,MUR1.0_MUF1.0_PDF26555,pdf,3,0.42,0.63,0.7352385520935059,0.7350285649299622,0.9997143958747188,-0.0002856041246559471,0.0002856041246559471,-0.02856041246559471
Pythia_minus,66,MUR1.0_MUF1.0_PDF26555,pdf,4,0.63,0.84,0.7513492107391357,0.7509087324142456,0.9994137501995153,-0.0005862498073838651,0.0005862498073838651,-0.05862498073838651
Pythia_minus,66,MUR1.0_MUF1.0_PDF26555,pdf,5,0.84,1.05,0.7593017220497131,0.758367121219635,0.9987691311596724,-0.0012308688601478934,0.0012308688601478934,-0.12308688601478934
Pythia_minus,66,MUR1.0_MUF1.0_PDF26555,pdf,6,1.05,1.37,0.7337679862976074,0.733012318611145,0.9989701544622092,-0.0010298455599695444,0.0010298455599695444,-0.10298455599695444
Pythia_minus,66,MUR1.0_MUF1.0_PDF26555,pdf,7,1.37,1.52,0.7370075583457947,0.7372445464134216,1.000321554460254,0.00032155445660464466,0.00032155445660464466,0.032155445660464466
Pythia_minus,66,MUR1.0_MUF1.0_PDF26555,pdf,8,1.52,1.74,0.7175648808479309,0.7178734540939331,1.000430028355955,0.00043002836173400283,0.00043002836173400283,0.04300283617340028
Pythia_minus,66,MUR1.0_MUF1.0_PDF26555,pdf,9,1.74,1.95,0.6435351371765137,0.6436927318572998,1.000244889007114,0.00024488900089636445,0.00024488900089636445,0.024488900089636445
Pythia_minus,66,MUR1.0_MUF1.0_PDF26555,pdf,10,1.95,2.18,0.7551155686378479,0.7562151551246643,1.0014561830433453,0.0014561830321326852,0.0014561830321326852,0.14561830321326852
Pythia_minus,66,MUR1.0_MUF1.0_PDF26555,pdf,11,2.18,2.5,0.7272884249687195,0.7304246425628662,1.0043122061158634,0.00431220605969429,0.00431220605969429,0.431220605969429
Pythia_minus,67,MUR1.0_MUF1.0_PDF26556,pdf,1,0.0,0.21,0.7786144614219666,0.7786614894866943,1.0000603996805324,6.0399681387934834e-05,6.0399681387934834e-05,0.006039968138793483
Pythia_minus,67,MUR1.0_MUF1.0_PDF26556,pdf,2,0.21,0.42,0.7478157877922058,0.7474765777587891,0.9995463989408164,-0.0004536010674200952,0.0004536010674200952,-0.04536010674200952
Pythia_minus,67,MUR1.0_MUF1.0_PDF26556,pdf,3,0.42,0.63,0.7352385520935059,0.7350279688835144,0.9997135851902871,-0.0002864148118533194,0.0002864148118533194,-0.02864148118533194
Pythia_minus,67,MUR1.0_MUF1.0_PDF26556,pdf,4,0.63,0.84,0.7513492107391357,0.7509068250656128,0.99941121163475,-0.0005887883598916233,0.0005887883598916233,-0.058878835989162326
Pythia_minus,67,MUR1.0_MUF1.0_PDF26556,pdf,5,0.84,1.05,0.7593017220497131,0.7583683133125305,0.9987707011454381,-0.0012292988831177354,0.0012292988831177354,-0.12292988831177354
Pythia_minus,67,MUR1.0_MUF1.0_PDF26556,pdf,6,1.05,1.37,0.7337679862976074,0.7330158352851868,0.9989749470861821,-0.0010250528575852513,0.0010250528575852513,-0.10250528575852513
Pythia_minus,67,MUR1.0_MUF1.0_PDF26556,pdf,7,1.37,1.52,0.7370075583457947,0.737244725227356,1.0003217970818286,0.00032179709523916245,0.00032179709523916245,0.032179709523916245
Pythia_minus,67,MUR1.0_MUF1.0_PDF26556,pdf,8,1.52,1.74,0.7175648808479309,0.7178763747215271,1.0004340985490094,0.0004340985615272075,0.0004340985615272075,0.04340985615272075
Pythia_minus,67,MUR1.0_MUF1.0_PDF26556,pdf,9,1.74,1.95,0.6435351371765137,0.6436958312988281,1.0002497052810815,0.0002497052773833275,0.0002497052773833275,0.02497052773833275
Pythia_minus,67,MUR1.0_MUF1.0_PDF26556,pdf,10,1.95,2.18,0.7551155686378479,0.7562176585197449,1.0014594982909504,0.0014594983076676726,0.0014594983076676726,0.14594983076676726
Pythia_minus,67,MUR1.0_MUF1.0_PDF26556,pdf,11,2.18,2.5,0.7272884249687195,0.7304284572601318,1.0043174512113917,0.0043174512684345245,0.0043174512684345245,0.43174512684345245
Pythia_minus,68,MUR1.0_MUF1.0_PDF13307,pdf,1,0.0,0.21,0.7786144614219666,0.7785911560058594,0.9999700680924104,-2.993190719280392e-05,2.993190719280392e-05,-0.002993190719280392
Pythia_minus,68,MUR1.0_MUF1.0_PDF13307,pdf,2,0.21,0.42,0.7478157877922058,0.7477935552597046,0.99997027004128,-2.972995935124345e-05,2.972995935124345e-05,-0.002972995935124345
Pythia_minus,68,MUR1.0_MUF1.0_PDF13307,pdf,3,0.42,0.63,0.7352385520935059,0.7352184057235718,0.9999725988662092,-2.7401134502724744e-05,2.7401134502724744e-05,-0.0027401134502724744
Pythia_minus,68,MUR1.0_MUF1.0_PDF13307,pdf,4,0.63,0.84,0.7513492107391357,0.7513242363929749,0.9999667606676045,-3.3239331969525665e-05,3.3239331969525665e-05,-0.0033239331969525665
Pythia_minus,68,MUR1.0_MUF1.0_PDF13307,pdf,5,0.84,1.05,0.7593017220497131,0.7592694163322449,0.9999574533857489,-4.254661325830966e-05,4.254661325830966e-05,-0.004254661325830966
Pythia_minus,68,MUR1.0_MUF1.0_PDF13307,pdf,6,1.05,1.37,0.7337679862976074,0.7337310314178467,0.9999496368328261,-5.03631672472693e-05,5.03631672472693e-05,-0.00503631672472693
Pythia_minus,68,MUR1.0_MUF1.0_PDF13307,pdf,7,1.37,1.52,0.7370075583457947,0.7369915246963501,0.9999782449321407,-2.1755067791673355e-05,2.1755067791673355e-05,-0.0021755067791673355
Pythia_minus,68,MUR1.0_MUF1.0_PDF13307,pdf,8,1.52,1.74,0.7175648808479309,0.7175345420837402,0.9999577198313345,-4.2280167690478265e-05,4.2280167690478265e-05,-0.0042280167690478265
Pythia_minus,68,MUR1.0_MUF1.0_PDF13307,pdf,9,1.74,1.95,0.6435351371765137,0.6435108780860901,0.9999623033941394,-3.7696605431847274e-05,3.7696605431847274e-05,-0.0037696605431847274
Pythia_minus,68,MUR1.0_MUF1.0_PDF13307,pdf,10,1.95,2.18,0.7551155686378479,0.7550734281539917,0.9999441933319794,-5.580666766036302e-05,5.580666766036302e-05,-0.005580666766036302
Pythia_minus,68,MUR1.0_MUF1.0_PDF13307,pdf,11,2.18,2.5,0.7272884249687195,0.7272618412971497,0.9999634482405368,-3.655175896710716e-05,3.655175896710716e-05,-0.003655175896710716
Pythia_minus,69,MUR1.0_MUF1.0_PDF26557,pdf,1,0.0,0.21,0.7786144614219666,0.7786596417427063,1.0000580265625394,5.802656232845038e-05,5.802656232845038e-05,0.005802656232845038
Pythia_minus,69,MUR1.0_MUF1.0_PDF26557,pdf,2,0.21,0.42,0.7478157877922058,0.7474784851074219,0.9995489495002776,-0.00045105049503035843,0.00045105049503035843,-0.04510504950303584
Pythia_minus,69,MUR1.0_MUF1.0_PDF26557,pdf,3,0.42,0.63,0.7352385520935059,0.7350278496742249,0.9997134230534007,-0.00028657694929279387,0.00028657694929279387,-0.028657694929279387
Pythia_minus,69,MUR1.0_MUF1.0_PDF26557,pdf,4,0.63,0.84,0.7513492107391357,0.7509060502052307,0.9994101803428141,-0.0005898196832276881,0.0005898196832276881,-0.05898196832276881
Pythia_minus,69,MUR1.0_MUF1.0_PDF26557,pdf,5,0.84,1.05,0.7593017220497131,0.7583667635917664,0.9987686601639426,-0.0012313398765400052,0.0012313398765400052,-0.12313398765400052
Pythia_minus,69,MUR1.0_MUF1.0_PDF26557,pdf,6,1.05,1.37,0.7337679862976074,0.7330139875411987,0.9989724289278235,-0.0010275710374116898,0.0010275710374116898,-0.10275710374116898
Pythia_minus,69,MUR1.0_MUF1.0_PDF26557,pdf,7,1.37,1.52,0.7370075583457947,0.7372458577156067,1.0003233336851347,0.0003233336901757866,0.0003233336901757866,0.03233336901757866
Pythia_minus,69,MUR1.0_MUF1.0_PDF26557,pdf,8,1.52,1.74,0.7175648808479309,0.7178745269775391,1.0004315235289138,0.00043152354191988707,0.00043152354191988707,0.04315235419198871
Pythia_minus,69,MUR1.0_MUF1.0_PDF26557,pdf,9,1.74,1.95,0.6435351371765137,0.6436938643455505,1.0002466487995252,0.0002466487931087613,0.0002466487931087613,0.02466487931087613
Pythia_minus,69,MUR1.0_MUF1.0_PDF26557,pdf,10,1.95,2.18,0.7551155686378479,0.7562178373336792,1.0014597350943508,0.0014597350964322686,0.0014597350964322686,0.14597350964322686
Pythia_minus,69,MUR1.0_MUF1.0_PDF26557,pdf,11,2.18,2.5,0.7272884249687195,0.7304258346557617,1.0043138452082159,0.004313845187425613,0.004313845187425613,0.43138451874256134
Pythia_minus,70,MUR1.0_MUF1.0_PDF26558,pdf,1,0.0,0.21,0.7786144614219666,0.7786605358123779,1.0000591748454393,5.9174846683163196e-05,5.9174846683163196e-05,0.00591748466831632
Pythia_minus,70,MUR1.0_MUF1.0_PDF26558,pdf,2,0.21,0.42,0.7478157877922058,0.747477650642395,0.9995478336305134,-0.00045216636499390006,0.00045216636499390006,-0.045216636499390006
Pythia_minus,70,MUR1.0_MUF1.0_PDF26558,pdf,3,0.42,0.63,0.7352385520935059,0.7350274324417114,0.9997128555742986,-0.00028714441577903926,0.00028714441577903926,-0.028714441577903926
Pythia_minus,70,MUR1.0_MUF1.0_PDF26558,pdf,4,0.63,0.84,0.7513492107391357,0.7509065270423889,0.9994108149840054,-0.0005891849868930876,0.0005891849868930876,-0.05891849868930876
Pythia_minus,70,MUR1.0_MUF1.0_PDF26558,pdf,5,0.84,1.05,0.7593017220497131,0.7583677768707275,0.9987699946518435,-0.0012300052912905812,0.0012300052912905812,-0.12300052912905812
Pythia_minus,70,MUR1.0_MUF1.0_PDF26558,pdf,6,1.05,1.37,0.7337679862976074,0.7330146431922913,0.9989733224678862,-0.001026677549816668,0.001026677549816668,-0.1026677549816668
Pythia_minus,70,MUR1.0_MUF1.0_PDF26558,pdf,7,1.37,1.52,0.7370075583457947,0.7372466921806335,1.0003244659191497,0.0003244659164920449,0.0003244659164920449,0.03244659164920449
Pythia_minus,70,MUR1.0_MUF1.0_PDF26558,pdf,8,1.52,1.74,0.7175648808479309,0.7178745865821838,1.0004316065940781,0.0004316066042520106,0.0004316066042520106,0.04316066042520106
Pythia_minus,70,MUR1.0_MUF1.0_PDF26558,pdf,9,1.74,1.95,0.6435351371765137,0.6436935663223267,1.000246185696259,0.00024618569295853376,0.00024618569295853376,0.024618569295853376
Pythia_minus,70,MUR1.0_MUF1.0_PDF26558,pdf,10,1.95,2.18,0.7551155686378479,0.7562164664268494,1.0014579196016147,0.0014579195994883776,0.0014579195994883776,0.14579195994883776
Pythia_minus,70,MUR1.0_MUF1.0_PDF26558,pdf,11,2.18,2.5,0.7272884249687195,0.7304246425628662,1.0043122061158634,0.00431220605969429,0.00431220605969429,0.431220605969429
Pythia_minus,71,MUR1.0_MUF1.0_PDF26559,pdf,1,0.0,0.21,0.7786144614219666,0.7786605358123779,1.0000591748454393,5.9174846683163196e-05,5.9174846683163196e-05,0.00591748466831632
Pythia_minus,71,MUR1.0_MUF1.0_PDF26559,pdf,2,0.21,0.42,0.7478157877922058,0.7474777698516846,0.9995479930404797,-0.00045200696331448853,0.00045200696331448853,-0.04520069633144885
Pythia_minus,71,MUR1.0_MUF1.0_PDF26559,pdf,3,0.42,0.63,0.7352385520935059,0.7350273728370667,0.9997127745058554,-0.0002872254990506917,0.0002872254990506917,-0.028722549905069172
Pythia_minus,71,MUR1.0_MUF1.0_PDF26559,pdf,4,0.63,0.84,0.7513492107391357,0.750906229019165,0.9994104183332608,-0.0005895816721022129,0.0005895816721022129,-0.05895816721022129
Pythia_minus,71,MUR1.0_MUF1.0_PDF26559,pdf,5,0.84,1.05,0.7593017220497131,0.758368194103241,0.9987705441468615,-0.001229455810971558,0.001229455810971558,-0.12294558109715581
Pythia_minus,71,MUR1.0_MUF1.0_PDF26559,pdf,6,1.05,1.37,0.7337679862976074,0.7330158352851868,0.9989749470861821,-0.0010250528575852513,0.0010250528575852513,-0.10250528575852513
Pythia_minus,71,MUR1.0_MUF1.0_PDF26559,pdf,7,1.37,1.52,0.7370075583457947,0.737246572971344,1.0003243041714331,0.0003243041574023664,0.0003243041574023664,0.03243041574023664
Pythia_minus,71,MUR1.0_MUF1.0_PDF26559,pdf,8,1.52,1.74,0.7175648808479309,0.7178749442100525,1.0004321049850644,0.0004321049782447517,0.0004321049782447517,0.04321049782447517
Pythia_minus,71,MUR1.0_MUF1.0_PDF26559,pdf,9,1.74,1.95,0.6435351371765137,0.6436944007873535,1.0002474823854042,0.0002474823850207031,0.0002474823850207031,0.024748238502070308
Pythia_minus,71,MUR1.0_MUF1.0_PDF26559,pdf,10,1.95,2.18,0.7551155686378479,0.7562159895896912,1.0014572881258803,0.0014572881627827883,0.0014572881627827883,0.14572881627827883
Pythia_minus,71,MUR1.0_MUF1.0_PDF26559,pdf,11,2.18,2.5,0.7272884249687195,0.7304267883300781,1.004315156482098,0.004315156489610672,0.004315156489610672,0.4315156489610672
Pythia_minus,72,MUR1.0_MUF1.0_PDF26560,pdf,1,0.0,0.21,0.7786144614219666,0.7786605954170227,1.0000592513976325,5.925139703322202e-05,5.925139703322202e-05,0.005925139703322202
Pythia_minus,72,MUR1.0_MUF1.0_PDF26560,pdf,2,0.21,0.42,0.7478157877922058,0.7474792003631592,0.9995499059600756,-0.00045009402674622834,0.00045009402674622834,-0.045009402674622834
Pythia_minus,72,MUR1.0_MUF1.0_PDF26560,pdf,3,0.42,0.63,0.7352385520935059,0.7350290417671204,0.9997150444222641,-0.00028495557489804924,0.00028495557489804924,-0.028495557489804924
Pythia_minus,72,MUR1.0_MUF1.0_PDF26560,pdf,4,0.63,0.84,0.7513492107391357,0.750907838344574,0.9994125602472816,-0.0005874397465959191,0.0005874397465959191,-0.05874397465959191
Pythia_minus,72,MUR1.0_MUF1.0_PDF26560,pdf,5,0.84,1.05,0.7593017220497131,0.7583670616149902,0.9987690526603841,-0.0012309473240748048,0.0012309473240748048,-0.12309473240748048
Pythia_minus,72,MUR1.0_MUF1.0_PDF26560,pdf,6,1.05,1.37,0.7337679862976074,0.7330136895179749,0.9989720227732495,-0.001027977210469544,0.001027977210469544,-0.1027977210469544
Pythia_minus,72,MUR1.0_MUF1.0_PDF26560,pdf,7,1.37,1.52,0.7370075583457947,0.737246036529541,1.0003235763067093,0.00032357629970647395,0.00032357629970647395,0.032357629970647395
Pythia_minus,72,MUR1.0_MUF1.0_PDF26560,pdf,8,1.52,1.74,0.7175648808479309,0.7178749442100525,1.0004321049850644,0.0004321049782447517,0.0004321049782447517,0.04321049782447517
Pythia_minus,72,MUR1.0_MUF1.0_PDF26560,pdf,9,1.74,1.95,0.6435351371765137,0.6436935663223267,1.000246185696259,0.00024618569295853376,0.00024618569295853376,0.024618569295853376
Pythia_minus,72,MUR1.0_MUF1.0_PDF26560,pdf,10,1.95,2.18,0.7551155686378479,0.7562178373336792,1.0014597350943508,0.0014597350964322686,0.0014597350964322686,0.14597350964322686
Pythia_minus,72,MUR1.0_MUF1.0_PDF26560,pdf,11,2.18,2.5,0.7272884249687195,0.7304245829582214,1.0043121241612456,0.004312124103307724,0.004312124103307724,0.4312124103307724
Pythia_minus,73,MUR1.0_MUF1.0_PDF26561,pdf,1,0.0,0.21,0.7786144614219666,0.7786598801612854,1.0000583327713126,5.833277100464329e-05,5.833277100464329e-05,0.005833277100464329
Pythia_minus,73,MUR1.0_MUF1.0_PDF26561,pdf,2,0.21,0.42,0.7478157877922058,0.7474789023399353,0.9995495074351598,-0.00045049257460050285,0.00045049257460050285,-0.045049257460050285
Pythia_minus,73,MUR1.0_MUF1.0_PDF26561,pdf,3,0.42,0.63,0.7352385520935059,0.7350291609764099,0.9997152065591505,-0.00028479343745857477,0.00028479343745857477,-0.028479343745857477
Pythia_minus,73,MUR1.0_MUF1.0_PDF26561,pdf,4,0.63,0.84,0.7513492107391357,0.7509065866470337,0.9994108943141544,-0.0005891057080589235,0.0005891057080589235,-0.05891057080589235
Pythia_minus,73,MUR1.0_MUF1.0_PDF26561,pdf,5,0.84,1.05,0.7593017220497131,0.7583674192428589,0.9987695236561138,-0.001230476307682693,0.001230476307682693,-0.1230476307682693
Pythia_minus,73,MUR1.0_MUF1.0_PDF26561,pdf,6,1.05,1.37,0.7337679862976074,0.7330138087272644,0.998972185235079,-0.0010278148110955954,0.0010278148110955954,-0.10278148110955954
Pythia_minus,73,MUR1.0_MUF1.0_PDF26561,pdf,7,1.37,1.52,0.7370075583457947,0.7372465133666992,1.0003242232975749,0.0003242233069613576,0.0003242233069613576,0.03242233069613576
Pythia_minus,73,MUR1.0_MUF1.0_PDF26561,pdf,8,1.52,1.74,0.7175648808479309,0.7178753018379211,1.0004326033760507,0.00043260338134132326,0.00043260338134132326,0.043260338134132326
Pythia_minus,73,MUR1.0_MUF1.0_PDF26561,pdf,9,1.74,1.95,0.6435351371765137,0.6436941623687744,1.0002471119027914,0.00024711189325898886,0.00024711189325898886,0.024711189325898886
Pythia_minus,73,MUR1.0_MUF1.0_PDF26561,pdf,10,1.95,2.18,0.7551155686378479,0.7562181353569031,1.0014601297666847,0.001460129744373262,0.001460129744373262,0.1460129744373262
Pythia_minus,73,MUR1.0_MUF1.0_PDF26561,pdf,11,2.18,2.5,0.7272884249687195,0.7304255366325378,1.0043134354351277,0.004313435405492783,0.004313435405492783,0.43134354054927826
Pythia_minus,74,MUR1.0_MUF1.0_PDF26562,pdf,1,0.0,0.21,0.7786144614219666,0.778660237789154,1.0000587920844726,5.8792084018932655e-05,5.8792084018932655e-05,0.0058792084018932655
Pythia_minus,74,MUR1.0_MUF1.0_PDF26562,pdf,2,0.21,0.42,0.7478157877922058,0.7474772334098816,0.9995472756956312,-0.0004527243145275861,0.0004527243145275861,-0.04527243145275861
Pythia_minus,74,MUR1.0_MUF1.0_PDF26562,pdf,3,0.42,0.63,0.7352385520935059,0.7350271344184875,0.9997124502320828,-0.00028754977392964065,0.00028754977392964065,-0.028754977392964065
Pythia_minus,74,MUR1.0_MUF1.0_PDF26562,pdf,4,0.63,0.84,0.7513492107391357,0.7509070634841919,0.9994115289553457,-0.000588471069931984,0.000588471069931984,-0.058847106993198395
Pythia_minus,74,MUR1.0_MUF1.0_PDF26562,pdf,5,0.84,1.05,0.7593017220497131,0.7583684325218201,0.9987708581440147,-0.0012291418388485909,0.0012291418388485909,-0.12291418388485909
Pythia_minus,74,MUR1.0_MUF1.0_PDF26562,pdf,6,1.05,1.37,0.7337679862976074,0.7330155968666077,0.9989746221625229,-0.0010253778891637921,0.0010253778891637921,-0.10253778891637921
Pythia_minus,74,MUR1.0_MUF1.0_PDF26562,pdf,7,1.37,1.52,0.7370075583457947,0.7372470498085022,1.000324951162299,0.00032495116465725005,0.00032495116465725005,0.032495116465725005
Pythia_minus,74,MUR1.0_MUF1.0_PDF26562,pdf,8,1.52,1.74,0.7175648808479309,0.7178752422332764,1.0004325203108864,0.00043252031900919974,0.00043252031900919974,0.043252031900919974
Pythia_minus,74,MUR1.0_MUF1.0_PDF26562,pdf,9,1.74,1.95,0.6435351371765137,0.6436941027641296,1.000247019282138,0.00024701928487047553,0.00024701928487047553,0.024701928487047553
Pythia_minus,74,MUR1.0_MUF1.0_PDF26562,pdf,10,1.95,2.18,0.7551155686378479,0.7562170624732971,1.0014587089462825,0.0014587088953703642,0.0014587088953703642,0.14587088953703642
Pythia_minus,74,MUR1.0_MUF1.0_PDF26562,pdf,11,2.18,2.5,0.7272884249687195,0.7304264903068542,1.0043147467090099,0.004314746707677841,0.004314746707677841,0.4314746707677841
Pythia_minus,75,MUR1.0_MUF1.0_PDF26100,pdf,1,0.0,0.21,0.7786144614219666,0.7768336534500122,0.9977128501200683,-0.0022871498949825764,0.0022871498949825764,-0.22871498949825764
Pythia_minus,75,MUR1.0_MUF1.0_PDF26100,pdf,2,0.21,0.42,0.7478157877922058,0.7458757162094116,0.9974056825030106,-0.0025943175423890352,0.0025943175423890352,-0.2594317542389035
Pythia_minus,75,MUR1.0_MUF1.0_PDF26100,pdf,3,0.42,0.63,0.7352385520935059,0.7334367632865906,0.9975493820314714,-0.0024506179615855217,0.0024506179615855217,-0.24506179615855217
Pythia_minus,75,MUR1.0_MUF1.0_PDF26100,pdf,4,0.63,0.84,0.7513492107391357,0.7502838969230652,0.9985821322484354,-0.0014178677229210734,0.0014178677229210734,-0.14178677229210734
Pythia_minus,75,MUR1.0_MUF1.0_PDF26100,pdf,5,0.84,1.05,0.7593017220497131,0.7588158845901489,0.9993601523011791,-0.0006398477125912905,0.0006398477125912905,-0.06398477125912905
Pythia_minus,75,MUR1.0_MUF1.0_PDF26100,pdf,6,1.05,1.37,0.7337679862976074,0.7340176105499268,1.0003401950711681,0.00034019508166238666,0.00034019508166238666,0.034019508166238666
Pythia_minus,75,MUR1.0_MUF1.0_PDF26100,pdf,7,1.37,1.52,0.7370075583457947,0.736636757850647,0.9994968837280584,-0.00050311628729105,0.00050311628729105,-0.050311628729104996
Pythia_minus,75,MUR1.0_MUF1.0_PDF26100,pdf,8,1.52,1.74,0.7175648808479309,0.7190520167350769,1.0020724758510877,0.002072475850582123,0.002072475850582123,0.20724758505821228
Pythia_minus,75,MUR1.0_MUF1.0_PDF26100,pdf,9,1.74,1.95,0.6435351371765137,0.6446243524551392,1.0016925498169444,0.001692549791187048,0.001692549791187048,0.1692549791187048
Pythia_minus,75,MUR1.0_MUF1.0_PDF26100,pdf,10,1.95,2.18,0.7551155686378479,0.7601951360702515,1.0067268741943258,0.00672687403857708,0.00672687403857708,0.672687403857708
Pythia_minus,75,MUR1.0_MUF1.0_PDF26100,pdf,11,2.18,2.5,0.7272884249687195,0.731880247592926,1.0063136198330174,0.006313619669526815,0.006313619669526815,0.6313619669526815
Pythia_minus,76,MUR1.0_MUF1.0_PDF26101,pdf,1,0.0,0.21,0.7786144614219666,0.7768113613128662,0.9976842195997653,-0.0023157803807407618,0.0023157803807407618,-0.23157803807407618
Pythia_minus,76,MUR1.0_MUF1.0_PDF26101,pdf,2,0.21,0.42,0.7478157877922058,0.7458406686782837,0.9973588159729105,-0.0026411840226501226,0.0026411840226501226,-0.26411840226501226
Pythia_minus,76,MUR1.0_MUF1.0_PDF26101,pdf,3,0.42,0.63,0.7352385520935059,0.7334113717079163,0.9975148468746818,-0.0024851530324667692,0.0024851530324667692,-0.24851530324667692
Pythia_minus,76,MUR1.0_MUF1.0_PDF26101,pdf,4,0.63,0.84,0.7513492107391357,0.7502586841583252,0.9985485755954442,-0.0014514244394376874,0.0014514244394376874,-0.14514244394376874
Pythia_minus,76,MUR1.0_MUF1.0_PDF26101,pdf,5,0.84,1.05,0.7593017220497131,0.7587674856185913,0.9992964108790907,-0.0007035891176201403,0.0007035891176201403,-0.07035891176201403
Pythia_minus,76,MUR1.0_MUF1.0_PDF26101,pdf,6,1.05,1.37,0.7337679862976074,0.733986496925354,1.0002977925336443,0.00029779254691675305,0.00029779254691675305,0.029779254691675305
Pythia_minus,76,MUR1.0_MUF1.0_PDF26101,pdf,7,1.37,1.52,0.7370075583457947,0.7366551756858826,0.9995218737502461,-0.0004781262541655451,0.0004781262541655451,-0.04781262541655451
Pythia_minus,76,MUR1.0_MUF1.0_PDF26101,pdf,8,1.52,1.74,0.7175648808479309,0.719086766242981,1.0021209028419167,0.0021209027618169785,0.0021209027618169785,0.21209027618169785
Pythia_minus,76,MUR1.0_MUF1.0_PDF26101,pdf,9,1.74,1.95,0.6435351371765137,0.6446349024772644,1.0017089436725646,0.0017089436296373606,0.0017089436296373606,0.17089436296373606
Pythia_minus,76,MUR1.0_MUF1.0_PDF26101,pdf,10,1.95,2.18,0.7551155686378479,0.7602550387382507,1.00680620333345,0.006806203164160252,0.006806203164160252,0.6806203164160252
Pythia_minus,76,MUR1.0_MUF1.0_PDF26101,pdf,11,2.18,2.5,0.7272884249687195,0.7320079803466797,1.0064892485785997,0.006489248480647802,0.006489248480647802,0.6489248480647802
Pythia_minus,77,MUR1.0_MUF1.0_PDF26102,pdf,1,0.0,0.21,0.7786144614219666,0.7768580317497253,0.9977441599671377,-0.0022558399941772223,0.0022558399941772223,-0.22558399941772223
Pythia_minus,77,MUR1.0_MUF1.0_PDF26102,pdf,2,0.21,0.42,0.7478157877922058,0.7459133863449097,0.99745605605237,-0.0025439439341425896,0.0025439439341425896,-0.25439439341425896
Pythia_minus,77,MUR1.0_MUF1.0_PDF26102,pdf,3,0.42,0.63,0.7352385520935059,0.7334640026092529,0.9975864303099993,-0.0024135697167366743,0.0024135697167366743,-0.24135697167366743
Pythia_minus,77,MUR1.0_MUF1.0_PDF26102,pdf,4,0.63,0.84,0.7513492107391357,0.7503117322921753,0.9986191794279788,-0.0013808205258101225,0.0013808205258101225,-0.13808205258101225
Pythia_minus,77,MUR1.0_MUF1.0_PDF26102,pdf,5,0.84,1.05,0.7593017220497131,0.7588619589805603,0.9994208322510244,-0.0005791677394881845,0.0005791677394881845,-0.057916773948818445
Pythia_minus,77,MUR1.0_MUF1.0_PDF26102,pdf,6,1.05,1.37,0.7337679862976074,0.7340485453605652,1.0003823539159475,0.000382353930035606,0.000382353930035606,0.0382353930035606
Pythia_minus,77,MUR1.0_MUF1.0_PDF26102,pdf,7,1.37,1.52,0.7370075583457947,0.7366209626197815,0.999475452155632,-0.0005245478241704404,0.0005245478241704404,-0.052454782417044044
Pythia_minus,77,MUR1.0_MUF1.0_PDF26102,pdf,8,1.52,1.74,0.7175648808479309,0.7190175652503967,1.0020244641860805,0.002024464076384902,0.002024464076384902,0.2024464076384902
Pythia_minus,77,MUR1.0_MUF1.0_PDF26102,pdf,9,1.74,1.95,0.6435351371765137,0.6446137428283691,1.0016760633406714,0.001676063286140561,0.001676063286140561,0.1676063286140561
Pythia_minus,77,MUR1.0_MUF1.0_PDF26102,pdf,10,1.95,2.18,0.7551155686378479,0.7601362466812134,1.006648886941137,0.006648886948823929,0.006648886948823929,0.6648886948823929
Pythia_minus,77,MUR1.0_MUF1.0_PDF26102,pdf,11,2.18,2.5,0.7272884249687195,0.7317475080490112,1.0061311068995544,0.006131106987595558,0.006131106987595558,0.6131106987595558
Pythia_minus,78,MUR1.0_MUF1.0_PDF26103,pdf,1,0.0,0.21,0.7786144614219666,0.7768436670303345,0.9977257108885467,-0.0022742890287190676,0.0022742890287190676,-0.22742890287190676
Pythia_minus,78,MUR1.0_MUF1.0_PDF26103,pdf,2,0.21,0.42,0.7478157877922058,0.7458441853523254,0.9973635185669172,-0.0026364815421402454,0.0026364815421402454,-0.26364815421402454
Pythia_minus,78,MUR1.0_MUF1.0_PDF26103,pdf,3,0.42,0.63,0.7352385520935059,0.7334235906600952,0.9975314659055313,-0.0024685340467840433,0.0024685340467840433,-0.24685340467840433
Pythia_minus,78,MUR1.0_MUF1.0_PDF26103,pdf,4,0.63,0.84,0.7513492107391357,0.7502381205558777,0.9985212066940684,-0.0014787933323532343,0.0014787933323532343,-0.14787933323532343
Pythia_minus,78,MUR1.0_MUF1.0_PDF26103,pdf,5,0.84,1.05,0.7593017220497131,0.7586881518363953,0.9991919283263818,-0.0008080716943368316,0.0008080716943368316,-0.08080716943368316
Pythia_minus,78,MUR1.0_MUF1.0_PDF26103,pdf,6,1.05,1.37,0.7337679862976074,0.7338879108428955,1.0001634366005707,0.0001634366053622216,0.0001634366053622216,0.01634366053622216
Pythia_minus,78,MUR1.0_MUF1.0_PDF26103,pdf,7,1.37,1.52,0.7370075583457947,0.7366533875465393,0.9995194475344997,-0.00048055246588774025,0.00048055246588774025,-0.048055246588774025
Pythia_minus,78,MUR1.0_MUF1.0_PDF26103,pdf,8,1.52,1.74,0.7175648808479309,0.7190478444099426,1.0020666612895817,0.0020666613709181547,0.0020666613709181547,0.20666613709181547
Pythia_minus,78,MUR1.0_MUF1.0_PDF26103,pdf,9,1.74,1.95,0.6435351371765137,0.644590437412262,1.0016398486652622,0.0016398486914113164,0.0016398486914113164,0.16398486914113164
Pythia_minus,78,MUR1.0_MUF1.0_PDF26103,pdf,10,1.95,2.18,0.7551155686378479,0.7601990699768066,1.0067320838691338,0.006732083857059479,0.006732083857059479,0.6732083857059479
Pythia_minus,78,MUR1.0_MUF1.0_PDF26103,pdf,11,2.18,2.5,0.7272884249687195,0.7320818305015564,1.0065907903498437,0.006590790580958128,0.006590790580958128,0.6590790580958128
Pythia_minus,79,MUR1.0_MUF1.0_PDF13308,pdf,1,0.0,0.21,0.7786144614219666,0.7785913348197937,0.9999702977489904,-2.9702250685659237e-05,2.9702250685659237e-05,-0.0029702250685659237
Pythia_minus,79,MUR1.0_MUF1.0_PDF13308,pdf,2,0.21,0.42,0.7478157877922058,0.7477931976318359,0.999969791811381,-3.020818803634029e-05,3.020818803634029e-05,-0.003020818803634029
Pythia_minus,79,MUR1.0_MUF1.0_PDF13308,pdf,3,0.42,0.63,0.7352385520935059,0.7352190017700195,0.9999734095506408,-2.659044912434183e-05,2.659044912434183e-05,-0.002659044912434183
Pythia_minus,79,MUR1.0_MUF1.0_PDF13308,pdf,4,0.63,0.84,0.7513492107391357,0.7513232231140137,0.9999654120550729,-3.458794526522979e-05,3.458794526522979e-05,-0.003458794526522979
Pythia_minus,79,MUR1.0_MUF1.0_PDF13308,pdf,5,0.84,1.05,0.7593017220497131,0.7592687606811523,0.9999565898935777,-4.3410105718066916e-05,4.3410105718066916e-05,-0.004341010571806692
Pythia_minus,79,MUR1.0_MUF1.0_PDF13308,pdf,6,1.05,1.37,0.7337679862976074,0.7337308526039124,0.9999493931400817,-5.060686089564115e-05,5.060686089564115e-05,-0.005060686089564115
Pythia_minus,79,MUR1.0_MUF1.0_PDF13308,pdf,7,1.37,1.52,0.7370075583457947,0.7369918823242188,0.99997873017529,-2.1269825083436444e-05,2.1269825083436444e-05,-0.0021269825083436444
Pythia_minus,79,MUR1.0_MUF1.0_PDF13308,pdf,8,1.52,1.74,0.7175648808479309,0.7175332307815552,0.9999558923977183,-4.410760084283538e-05,4.410760084283538e-05,-0.004410760084283538
Pythia_minus,79,MUR1.0_MUF1.0_PDF13308,pdf,9,1.74,1.95,0.6435351371765137,0.6435094475746155,0.9999600804984621,-3.991950143245049e-05,3.991950143245049e-05,-0.003991950143245049
Pythia_minus,79,MUR1.0_MUF1.0_PDF13308,pdf,10,1.95,2.18,0.7551155686378479,0.7550692558288574,0.9999386679193041,-6.133208080427721e-05,6.133208080427721e-05,-0.006133208080427721
Pythia_minus,79,MUR1.0_MUF1.0_PDF13308,pdf,11,2.18,2.5,0.7272884249687195,0.7272608876228333,0.9999621369666547,-3.78630320483353e-05,3.78630320483353e-05,-0.00378630320483353
Pythia_minus,80,MUR1.0_MUF1.0_PDF26104,pdf,1,0.0,0.21,0.7786144614219666,0.7768266201019287,0.9977038169612561,-0.0022961830254644156,0.0022961830254644156,-0.22961830254644156
Pythia_minus,80,MUR1.0_MUF1.0_PDF26104,pdf,2,0.21,0.42,0.7478157877922058,0.7458930015563965,0.997428796948128,-0.0025712030474096537,0.0025712030474096537,-0.25712030474096537
Pythia_minus,80,MUR1.0_MUF1.0_PDF26104,pdf,3,0.42,0.63,0.7352385520935059,0.7334458231925964,0.9975617044348329,-0.0024382956326007843,0.0024382956326007843,-0.24382956326007843
Pythia_minus,80,MUR1.0_MUF1.0_PDF26104,pdf,4,0.63,0.84,0.7513492107391357,0.7503088116645813,0.998615292250682,-0.0013847077498212457,0.0013847077498212457,-0.13847077498212457
Pythia_minus,80,MUR1.0_MUF1.0_PDF26104,pdf,5,0.84,1.05,0.7593017220497131,0.7588856816291809,0.9994520749677623,-0.0005479250103235245,0.0005479250103235245,-0.05479250103235245
Pythia_minus,80,MUR1.0_MUF1.0_PDF26104,pdf,6,1.05,1.37,0.7337679862976074,0.7340888381004333,1.00043726601435,0.0004372660187073052,0.0004372660187073052,0.04372660187073052
Pythia_minus,80,MUR1.0_MUF1.0_PDF26104,pdf,7,1.37,1.52,0.7370075583457947,0.736629068851471,0.9994864510003489,-0.0005135490209795535,0.0005135490209795535,-0.051354902097955346
Pythia_minus,80,MUR1.0_MUF1.0_PDF26104,pdf,8,1.52,1.74,0.7175648808479309,0.7190535068511963,1.002074552480197,0.0020745524670928717,0.0020745524670928717,0.20745524670928717
Pythia_minus,80,MUR1.0_MUF1.0_PDF26104,pdf,9,1.74,1.95,0.6435351371765137,0.6446422338485718,1.0017203360129106,0.0017203360330313444,0.0017203360330313444,0.17203360330313444
Pythia_minus,80,MUR1.0_MUF1.0_PDF26104,pdf,10,1.95,2.18,0.7551155686378479,0.7601948380470276,1.006726479521992,0.00672647962346673,0.00672647962346673,0.672647962346673
Pythia_minus,80,MUR1.0_MUF1.0_PDF26104,pdf,11,2.18,2.5,0.7272884249687195,0.731770932674408,1.0061633150642832,0.006163314916193485,0.006163314916193485,0.6163314916193485
Pythia_minus,81,MUR1.0_MUF1.0_PDF26105,pdf,1,0.0,0.21,0.7786144614219666,0.7767964601516724,0.9976650815514343,-0.002334918361157179,0.002334918361157179,-0.2334918361157179
Pythia_minus,81,MUR1.0_MUF1.0_PDF26105,pdf,2,0.21,0.42,0.7478157877922058,0.7458236217498779,0.9973360203477257,-0.0026639795396476984,0.0026639795396476984,-0.26639795396476984
Pythia_minus,81,MUR1.0_MUF1.0_PDF26105,pdf,3,0.42,0.63,0.7352385520935059,0.7333952188491821,0.9974928773265832,-0.0025071226991713047,0.0025071226991713047,-0.25071226991713047
Pythia_minus,81,MUR1.0_MUF1.0_PDF26105,pdf,4,0.63,0.84,0.7513492107391357,0.7502216100692749,0.9984992322428188,-0.0015007677720859647,0.0015007677720859647,-0.15007677720859647
Pythia_minus,81,MUR1.0_MUF1.0_PDF26105,pdf,5,0.84,1.05,0.7593017220497131,0.7587279677391052,0.999244365850957,-0.0007556341588497162,0.0007556341588497162,-0.07556341588497162
Pythia_minus,81,MUR1.0_MUF1.0_PDF26105,pdf,6,1.05,1.37,0.7337679862976074,0.733929455280304,1.0002200545481839,0.00022005454229656607,0.00022005454229656607,0.022005454229656607
Pythia_minus,81,MUR1.0_MUF1.0_PDF26105,pdf,7,1.37,1.52,0.7370075583457947,0.7366071343421936,0.9994566894205267,-0.0005433105980046093,0.0005433105980046093,-0.054331059800460935
Pythia_minus,81,MUR1.0_MUF1.0_PDF26105,pdf,8,1.52,1.74,0.7175648808479309,0.7189816832542419,1.0019744589571284,0.0019744590390473604,0.0019744590390473604,0.19744590390473604
Pythia_minus,81,MUR1.0_MUF1.0_PDF26105,pdf,9,1.74,1.95,0.6435351371765137,0.6445705890655518,1.00160900598774,0.0016090059652924538,0.0016090059652924538,0.16090059652924538
Pythia_minus,81,MUR1.0_MUF1.0_PDF26105,pdf,10,1.95,2.18,0.7551155686378479,0.7601191401481628,1.0066262327491682,0.006626232527196407,0.006626232527196407,0.6626232527196407
Pythia_minus,81,MUR1.0_MUF1.0_PDF26105,pdf,11,2.18,2.5,0.7272884249687195,0.7318698763847351,1.0062993597295498,0.0062993597239255905,0.0062993597239255905,0.629935972392559
Pythia_minus,82,MUR1.0_MUF1.0_PDF26106,pdf,1,0.0,0.21,0.7786144614219666,0.7768886089324951,0.9977834312423127,-0.0022165686823427677,0.0022165686823427677,-0.22165686823427677
Pythia_minus,82,MUR1.0_MUF1.0_PDF26106,pdf,2,0.21,0.42,0.7478157877922058,0.7459459900856018,0.9974996546781605,-0.002500345231965184,0.002500345231965184,-0.2500345231965184
Pythia_minus,82,MUR1.0_MUF1.0_PDF26106,pdf,3,0.42,0.63,0.7352385520935059,0.7334974408149719,0.9976319097066165,-0.002368090208619833,0.002368090208619833,-0.2368090208619833
Pythia_minus,82,MUR1.0_MUF1.0_PDF26106,pdf,4,0.63,0.84,0.7513492107391357,0.7503679990768433,0.998694067088555,-0.0013059328775852919,0.0013059328775852919,-0.1305932877585292
Pythia_minus,82,MUR1.0_MUF1.0_PDF26106,pdf,5,0.84,1.05,0.7593017220497131,0.7589389681816101,0.9995222533314901,-0.0004777466820087284,0.0004777466820087284,-0.04777466820087284
Pythia_minus,82,MUR1.0_MUF1.0_PDF26106,pdf,6,1.05,1.37,0.7337679862976074,0.7341435551643372,1.0005118359941332,0.0005118359695188701,0.0005118359695188701,0.05118359695188701
Pythia_minus,82,MUR1.0_MUF1.0_PDF26106,pdf,7,1.37,1.52,0.7370075583457947,0.7366803288459778,0.9995560025184119,-0.0004439974727574736,0.0004439974727574736,-0.04439974727574736
Pythia_minus,82,MUR1.0_MUF1.0_PDF26106,pdf,8,1.52,1.74,0.7175648808479309,0.7191489934921265,1.0022076228735215,0.0022076228633522987,0.0022076228633522987,0.22076228633522987
Pythia_minus,82,MUR1.0_MUF1.0_PDF26106,pdf,9,1.74,1.95,0.6435351371765137,0.6446980834007263,1.0018071215649778,0.0018071215599775314,0.0018071215599775314,0.18071215599775314
Pythia_minus,82,MUR1.0_MUF1.0_PDF26106,pdf,10,1.95,2.18,0.7551155686378479,0.7603057026863098,1.0068732976302215,0.0068732975050807,0.0068732975050807,0.68732975050807
Pythia_minus,82,MUR1.0_MUF1.0_PDF26106,pdf,11,2.18,2.5,0.7272884249687195,0.7318946719169617,1.0063334528504841,0.006333452649414539,0.006333452649414539,0.6333452649414539
Pythia_minus,83,MUR1.0_MUF1.0_PDF26107,pdf,1,0.0,0.21,0.7786144614219666,0.7768052220344543,0.9976763347238529,-0.0023236651904881,0.0023236651904881,-0.23236651904881
Pythia_minus,83,MUR1.0_MUF1.0_PDF26107,pdf,2,0.21,0.42,0.7478157877922058,0.7458673119544983,0.9973944441003846,-0.00260555581189692,0.00260555581189692,-0.260555581189692
Pythia_minus,83,MUR1.0_MUF1.0_PDF26107,pdf,3,0.42,0.63,0.7352385520935059,0.7334290742874146,0.9975389242023027,-0.002461075782775879,0.002461075782775879,-0.2461075782775879
Pythia_minus,83,MUR1.0_MUF1.0_PDF26107,pdf,4,0.63,0.84,0.7513492107391357,0.7502862811088562,0.998585305454392,-0.0014146945904940367,0.0014146945904940367,-0.14146945904940367
Pythia_minus,83,MUR1.0_MUF1.0_PDF26107,pdf,5,0.84,1.05,0.7593017220497131,0.7588493227958679,0.9994041904019078,-0.0005958096007816494,0.0005958096007816494,-0.059580960078164935
Pythia_minus,83,MUR1.0_MUF1.0_PDF26107,pdf,6,1.05,1.37,0.7337679862976074,0.7340623140335083,1.0004011182572654,0.00040111824637278914,0.00040111824637278914,0.040111824637278914
Pythia_minus,83,MUR1.0_MUF1.0_PDF26107,pdf,7,1.37,1.52,0.7370075583457947,0.7366414070129395,0.999503191888999,-0.0004968080902472138,0.0004968080902472138,-0.049680809024721384
Pythia_minus,83,MUR1.0_MUF1.0_PDF26107,pdf,8,1.52,1.74,0.7175648808479309,0.719050943851471,1.002070980678129,0.0020709806121885777,0.0020709806121885777,0.20709806121885777
Pythia_minus,83,MUR1.0_MUF1.0_PDF26107,pdf,9,1.74,1.95,0.6435351371765137,0.6446404457092285,1.001717557393314,0.0017175574321299791,0.0017175574321299791,0.1717557432129979
Pythia_minus,83,MUR1.0_MUF1.0_PDF26107,pdf,10,1.95,2.18,0.7551155686378479,0.760179877281189,1.0067066669708276,0.006706667132675648,0.006706667132675648,0.6706667132675648
Pythia_minus,83,MUR1.0_MUF1.0_PDF26107,pdf,11,2.18,2.5,0.7272884249687195,0.7318025231361389,1.0062067510116273,0.0062067508697509766,0.0062067508697509766,0.6206750869750977
Pythia_minus,84,MUR1.0_MUF1.0_PDF26108,pdf,1,0.0,0.21,0.7786144614219666,0.7768617868423462,0.9977489827553171,-0.002251017140224576,0.002251017140224576,-0.2251017140224576
Pythia_minus,84,MUR1.0_MUF1.0_PDF26108,pdf,2,0.21,0.42,0.7478157877922058,0.7458803057670593,0.9974118197867142,-0.0025881801266223192,0.0025881801266223192,-0.2588180126622319
Pythia_minus,84,MUR1.0_MUF1.0_PDF26108,pdf,3,0.42,0.63,0.7352385520935059,0.7334450483322144,0.9975606505450718,-0.0024393494240939617,0.0024393494240939617,-0.24393494240939617
Pythia_minus,84,MUR1.0_MUF1.0_PDF26108,pdf,4,0.63,0.84,0.7513492107391357,0.7502812743186951,0.998578641721883,-0.0014213583199307323,0.0014213583199307323,-0.14213583199307323
Pythia_minus,84,MUR1.0_MUF1.0_PDF26108,pdf,5,0.84,1.05,0.7593017220497131,0.7587809562683105,0.9993141517182434,-0.0006858482956886292,0.0006858482956886292,-0.06858482956886292
Pythia_minus,84,MUR1.0_MUF1.0_PDF26108,pdf,6,1.05,1.37,0.7337679862976074,0.7339774966239929,1.00028552666551,0.0002855266793631017,0.0002855266793631017,0.028552667936310172
Pythia_minus,84,MUR1.0_MUF1.0_PDF26108,pdf,7,1.37,1.52,0.7370075583457947,0.7366363406181335,0.999496317611051,-0.0005036824150010943,0.0005036824150010943,-0.050368241500109434
Pythia_minus,84,MUR1.0_MUF1.0_PDF26108,pdf,8,1.52,1.74,0.7175648808479309,0.7190572619438171,1.0020797855855526,0.002079785568639636,0.002079785568639636,0.2079785568639636
Pythia_minus,84,MUR1.0_MUF1.0_PDF26108,pdf,9,1.74,1.95,0.6435351371765137,0.6446113586425781,1.0016723585145426,0.0016723584849387407,0.0016723584849387407,0.16723584849387407
Pythia_minus,84,MUR1.0_MUF1.0_PDF26108,pdf,10,1.95,2.18,0.7551155686378479,0.7602127194404602,1.0067501598620288,0.006750159896910191,0.006750159896910191,0.6750159896910191
Pythia_minus,84,MUR1.0_MUF1.0_PDF26108,pdf,11,2.18,2.5,0.7272884249687195,0.7319502830505371,1.0064099165087332,0.006409916561096907,0.006409916561096907,0.6409916561096907
Pythia_minus,85,MUR1.0_MUF1.0_PDF26109,pdf,1,0.0,0.21,0.7786144614219666,0.7768517136573792,0.9977360454346453,-0.002263954607769847,0.002263954607769847,-0.2263954607769847
Pythia_minus,85,MUR1.0_MUF1.0_PDF26109,pdf,2,0.21,0.42,0.7478157877922058,0.7458832263946533,0.9974157253308893,-0.002584274625405669,0.002584274625405669,-0.2584274625405669
Pythia_minus,85,MUR1.0_MUF1.0_PDF26109,pdf,3,0.42,0.63,0.7352385520935059,0.733439028263092,0.9975524626323118,-0.0024475373793393373,0.0024475373793393373,-0.24475373793393373
Pythia_minus,85,MUR1.0_MUF1.0_PDF26109,pdf,4,0.63,0.84,0.7513492107391357,0.7502998113632202,0.9986033133981957,-0.0013966866536065936,0.0013966866536065936,-0.13966866536065936
Pythia_minus,85,MUR1.0_MUF1.0_PDF26109,pdf,5,0.84,1.05,0.7593017220497131,0.7588135600090027,0.999357090828936,-0.0006429091445170343,0.0006429091445170343,-0.06429091445170343
Pythia_minus,85,MUR1.0_MUF1.0_PDF26109,pdf,6,1.05,1.37,0.7337679862976074,0.734011709690094,1.000332153210603,0.00033215319854207337,0.00033215319854207337,0.03321531985420734
Pythia_minus,85,MUR1.0_MUF1.0_PDF26109,pdf,7,1.37,1.52,0.7370075583457947,0.7366358041763306,0.999495589746327,-0.0005044102435931563,0.0005044102435931563,-0.050441024359315634
Pythia_minus,85,MUR1.0_MUF1.0_PDF26109,pdf,8,1.52,1.74,0.7175648808479309,0.7191190719604492,1.0021659241610066,0.002165924059227109,0.002165924059227109,0.2165924059227109
Pythia_minus,85,MUR1.0_MUF1.0_PDF26109,pdf,9,1.74,1.95,0.6435351371765137,0.6446066498756409,1.0016650414829382,0.0016650414327159524,0.0016650414327159524,0.16650414327159524
Pythia_minus,85,MUR1.0_MUF1.0_PDF26109,pdf,10,1.95,2.18,0.7551155686378479,0.7603024244308472,1.006868956234548,0.00686895614489913,0.00686895614489913,0.686895614489913
Pythia_minus,85,MUR1.0_MUF1.0_PDF26109,pdf,11,2.18,2.5,0.7272884249687195,0.7320517301559448,1.0065494032679403,0.006549403071403503,0.006549403071403503,0.6549403071403503
Pythia_minus,86,MUR1.0_MUF1.0_PDF26110,pdf,1,0.0,0.21,0.7786144614219666,0.7768149971961975,0.9976888892835579,-0.0023111107293516397,0.0023111107293516397,-0.23111107293516397
Pythia_minus,86,MUR1.0_MUF1.0_PDF26110,pdf,2,0.21,0.42,0.7478157877922058,0.7458666563034058,0.9973935673455698,-0.0026064326521009207,0.0026064326521009207,-0.26064326521009207
Pythia_minus,86,MUR1.0_MUF1.0_PDF26110,pdf,3,0.42,0.63,0.7352385520935059,0.7334378957748413,0.9975509223318916,-0.0024490775540471077,0.0024490775540471077,-0.24490775540471077
Pythia_minus,86,MUR1.0_MUF1.0_PDF26110,pdf,4,0.63,0.84,0.7513492107391357,0.7502679228782654,0.998560871768526,-0.0014391281874850392,0.0014391281874850392,-0.14391281874850392
Pythia_minus,86,MUR1.0_MUF1.0_PDF26110,pdf,5,0.84,1.05,0.7593017220497131,0.7588185667991638,0.999363684769152,-0.000636315206065774,0.000636315206065774,-0.0636315206065774
Pythia_minus,86,MUR1.0_MUF1.0_PDF26110,pdf,6,1.05,1.37,0.7337679862976074,0.7340261936187744,1.0003518923228987,0.0003518923185765743,0.0003518923185765743,0.03518923185765743
Pythia_minus,86,MUR1.0_MUF1.0_PDF26110,pdf,7,1.37,1.52,0.7370075583457947,0.7366408109664917,0.9995023831504168,-0.0004976168274879456,0.0004976168274879456,-0.049761682748794556
Pythia_minus,86,MUR1.0_MUF1.0_PDF26110,pdf,8,1.52,1.74,0.7175648808479309,0.7189796566963196,1.00197163474154,0.001971634803339839,0.001971634803339839,0.1971634803339839
Pythia_minus,86,MUR1.0_MUF1.0_PDF26110,pdf,9,1.74,1.95,0.6435351371765137,0.6446439623832703,1.001723022011854,0.0017230219673365355,0.0017230219673365355,0.17230219673365355
Pythia_minus,86,MUR1.0_MUF1.0_PDF26110,pdf,10,1.95,2.18,0.7551155686378479,0.7600842118263245,1.0065799771516293,0.006579976994544268,0.006579976994544268,0.6579976994544268
Pythia_minus,86,MUR1.0_MUF1.0_PDF26110,pdf,11,2.18,2.5,0.7272884249687195,0.7317034006118774,1.006070460482508,0.00607046065852046,0.00607046065852046,0.607046065852046
Pythia_minus,87,MUR1.0_MUF1.0_PDF26111,pdf,1,0.0,0.21,0.7786144614219666,0.777204155921936,0.9981886985537683,-0.0018113014521077275,0.0018113014521077275,-0.18113014521077275
Pythia_minus,87,MUR1.0_MUF1.0_PDF26111,pdf,2,0.21,0.42,0.7478157877922058,0.7462636828422546,0.997924482238422,-0.0020755177829414606,0.0020755177829414606,-0.20755177829414606
Pythia_minus,87,MUR1.0_MUF1.0_PDF26111,pdf,3,0.42,0.63,0.7352385520935059,0.7338119745254517,0.9980597078812147,-0.0019402920734137297,0.0019402920734137297,-0.19402920734137297
Pythia_minus,87,MUR1.0_MUF1.0_PDF26111,pdf,4,0.63,0.84,0.7513492107391357,0.7505556344985962,0.9989437983973406,-0.001056201639585197,0.001056201639585197,-0.1056201639585197
Pythia_minus,87,MUR1.0_MUF1.0_PDF26111,pdf,5,0.84,1.05,0.7593017220497131,0.7591041326522827,0.9997397748593312,-0.00026022514794021845,0.00026022514794021845,-0.026022514794021845
Pythia_minus,87,MUR1.0_MUF1.0_PDF26111,pdf,6,1.05,1.37,0.7337679862976074,0.7342494130134583,1.0006561020988118,0.0006561020854860544,0.0006561020854860544,0.06561020854860544
Pythia_minus,87,MUR1.0_MUF1.0_PDF26111,pdf,7,1.37,1.52,0.7370075583457947,0.736788272857666,0.9997024650756352,-0.00029753491980955005,0.00029753491980955005,-0.029753491980955005
Pythia_minus,87,MUR1.0_MUF1.0_PDF26111,pdf,8,1.52,1.74,0.7175648808479309,0.7190256118774414,1.0020356779832709,0.0020356778986752033,0.0020356778986752033,0.20356778986752033
Pythia_minus,87,MUR1.0_MUF1.0_PDF26111,pdf,9,1.74,1.95,0.6435351371765137,0.6447470188140869,1.0018831631212715,0.0018831631168723106,0.0018831631168723106,0.18831631168723106
Pythia_minus,87,MUR1.0_MUF1.0_PDF26111,pdf,10,1.95,2.18,0.7551155686378479,0.7598273754119873,1.0062398485342303,0.006239848677068949,0.006239848677068949,0.6239848677068949
Pythia_minus,87,MUR1.0_MUF1.0_PDF26111,pdf,11,2.18,2.5,0.7272884249687195,0.7312543988227844,1.0054530963478974,0.005453096237033606,0.005453096237033606,0.5453096237033606
Pythia_minus,88,MUR1.0_MUF1.0_PDF26112,pdf,1,0.0,0.21,0.7786144614219666,0.7764662504196167,0.9972409824004211,-0.002759017515927553,0.002759017515927553,-0.2759017515927553
Pythia_minus,88,MUR1.0_MUF1.0_PDF26112,pdf,2,0.21,0.42,0.7478157877922058,0.7454897165298462,0.9968895130320438,-0.003110487014055252,0.003110487014055252,-0.3110487014055252
Pythia_minus,88,MUR1.0_MUF1.0_PDF26112,pdf,3,0.42,0.63,0.7352385520935059,0.7330673336982727,0.9970469198207155,-0.002953080227598548,0.002953080227598548,-0.2953080227598548
Pythia_minus,88,MUR1.0_MUF1.0_PDF26112,pdf,4,0.63,0.84,0.7513492107391357,0.7500149011611938,0.9982241152863802,-0.0017758847679942846,0.0017758847679942846,-0.17758847679942846
Pythia_minus,88,MUR1.0_MUF1.0_PDF26112,pdf,5,0.84,1.05,0.7593017220497131,0.7585293054580688,0.9989827277230992,-0.0010172722395509481,0.0010172722395509481,-0.10172722395509481
Pythia_minus,88,MUR1.0_MUF1.0_PDF26112,pdf,6,1.05,1.37,0.7337679862976074,0.733789324760437,1.0000290806674972,2.908066744566895e-05,2.908066744566895e-05,0.002908066744566895
Pythia_minus,88,MUR1.0_MUF1.0_PDF26112,pdf,7,1.37,1.52,0.7370075583457947,0.7364895939826965,0.9992972061721311,-0.0007027938263490796,0.0007027938263490796,-0.07027938263490796
Pythia_minus,88,MUR1.0_MUF1.0_PDF26112,pdf,8,1.52,1.74,0.7175648808479309,0.7190755605697632,1.0021052865910147,0.0021052865777164698,0.0021052865777164698,0.21052865777164698
Pythia_minus,88,MUR1.0_MUF1.0_PDF26112,pdf,9,1.74,1.95,0.6435351371765137,0.6445050835609436,1.001507215889851,0.0015072159003466368,0.0015072159003466368,0.15072159003466368
Pythia_minus,88,MUR1.0_MUF1.0_PDF26112,pdf,10,1.95,2.18,0.7551155686378479,0.7605522274971008,1.0071997705848657,0.007199770770967007,0.007199770770967007,0.7199770770967007
Pythia_minus,88,MUR1.0_MUF1.0_PDF26112,pdf,11,2.18,2.5,0.7272884249687195,0.7324783205986023,1.0071359524663217,0.007135952357202768,0.007135952357202768,0.7135952357202768
Pythia_minus,89,MUR1.0_MUF1.0_PDF26113,pdf,1,0.0,0.21,0.7786144614219666,0.7767045497894287,0.9975470380693292,-0.002452961867675185,0.002452961867675185,-0.24529618676751852
Pythia_minus,89,MUR1.0_MUF1.0_PDF26113,pdf,2,0.21,0.42,0.7478157877922058,0.745710551738739,0.9971848199946646,-0.002815179992467165,0.002815179992467165,-0.2815179992467165
Pythia_minus,89,MUR1.0_MUF1.0_PDF26113,pdf,3,0.42,0.63,0.7352385520935059,0.7332744002342224,0.9973285515922815,-0.002671448513865471,0.002671448513865471,-0.2671448513865471
Pythia_minus,89,MUR1.0_MUF1.0_PDF26113,pdf,4,0.63,0.84,0.7513492107391357,0.7501526474952698,0.9984074472605237,-0.0015925527550280094,0.0015925527550280094,-0.15925527550280094
Pythia_minus,89,MUR1.0_MUF1.0_PDF26113,pdf,5,0.84,1.05,0.7593017220497131,0.7586109042167664,0.9990901932487629,-0.0009098067530430853,0.0009098067530430853,-0.09098067530430853
Pythia_minus,89,MUR1.0_MUF1.0_PDF26113,pdf,6,1.05,1.37,0.7337679862976074,0.7338119745254517,1.0000599484151198,5.9948415582766756e-05,5.9948415582766756e-05,0.005994841558276676
Pythia_minus,89,MUR1.0_MUF1.0_PDF26113,pdf,7,1.37,1.52,0.7370075583457947,0.7365439534187317,0.9993709631308212,-0.0006290368619374931,0.0006290368619374931,-0.06290368619374931
Pythia_minus,89,MUR1.0_MUF1.0_PDF26113,pdf,8,1.52,1.74,0.7175648808479309,0.7190558314323425,1.0020777920216075,0.0020777920726686716,0.0020777920726686716,0.20777920726686716
Pythia_minus,89,MUR1.0_MUF1.0_PDF26113,pdf,9,1.74,1.95,0.6435351371765137,0.6444900035858154,1.0014837828645864,0.0014837828930467367,0.0014837828930467367,0.14837828930467367
Pythia_minus,89,MUR1.0_MUF1.0_PDF26113,pdf,10,1.95,2.18,0.7551155686378479,0.7603593468666077,1.0069443386503327,0.006944338791072369,0.006944338791072369,0.6944338791072369
Pythia_minus,89,MUR1.0_MUF1.0_PDF26113,pdf,11,2.18,2.5,0.7272884249687195,0.7323015332221985,1.0068928750704298,0.006892875302582979,0.006892875302582979,0.6892875302582979
Pythia_minus,90,MUR1.0_MUF1.0_PDF13309,pdf,1,0.0,0.21,0.7786144614219666,0.7785934209823608,0.9999729770757567,-2.702292476897128e-05,2.702292476897128e-05,-0.002702292476897128
Pythia_minus,90,MUR1.0_MUF1.0_PDF13309,pdf,2,0.21,0.42,0.7478157877922058,0.7477943897247314,0.9999713859110443,-2.8614089387701824e-05,2.8614089387701824e-05,-0.0028614089387701824
Pythia_minus,90,MUR1.0_MUF1.0_PDF13309,pdf,3,0.42,0.63,0.7352385520935059,0.7352176308631897,0.999971544976448,-2.845502422132995e-05,2.845502422132995e-05,-0.002845502422132995
Pythia_minus,90,MUR1.0_MUF1.0_PDF13309,pdf,4,0.63,0.84,0.7513492107391357,0.7513211965560913,0.9999627148300098,-3.728516821865924e-05,3.728516821865924e-05,-0.0037285168218659237
Pythia_minus,90,MUR1.0_MUF1.0_PDF13309,pdf,5,0.84,1.05,0.7593017220497131,0.759268045425415,0.9999556479021183,-4.4352098484523594e-05,4.4352098484523594e-05,-0.0044352098484523594
Pythia_minus,90,MUR1.0_MUF1.0_PDF13309,pdf,6,1.05,1.37,0.7337679862976074,0.7337289452552795,0.9999467937508082,-5.3206247685011476e-05,5.3206247685011476e-05,-0.005320624768501148
Pythia_minus,90,MUR1.0_MUF1.0_PDF13309,pdf,7,1.37,1.52,0.7370075583457947,0.7369911074638367,0.9999776788151333,-2.2321184587781318e-05,2.2321184587781318e-05,-0.0022321184587781318
Pythia_minus,90,MUR1.0_MUF1.0_PDF13309,pdf,8,1.52,1.74,0.7175648808479309,0.7175313234329224,0.9999532343124584,-4.6765686420258135e-05,4.6765686420258135e-05,-0.0046765686420258135
Pythia_minus,90,MUR1.0_MUF1.0_PDF13309,pdf,9,1.74,1.95,0.6435351371765137,0.6435083150863647,0.999958320706051,-4.167929364484735e-05,4.167929364484735e-05,-0.004167929364484735
Pythia_minus,90,MUR1.0_MUF1.0_PDF13309,pdf,10,1.95,2.18,0.7551155686378479,0.755065381526947,0.9999335371789627,-6.646282417932525e-05,6.646282417932525e-05,-0.006646282417932525
Pythia_minus,90,MUR1.0_MUF1.0_PDF13309,pdf,11,2.18,2.5,0.7272884249687195,0.7272585034370422,0.9999588587819495,-4.114121838938445e-05,4.114121838938445e-05,-0.004114121838938445
Pythia_minus,91,MUR1.0_MUF1.0_PDF26114,pdf,1,0.0,0.21,0.7786144614219666,0.7769481539726257,0.9978599068834431,-0.0021400931291282177,0.0021400931291282177,-0.21400931291282177
Pythia_minus,91,MUR1.0_MUF1.0_PDF26114,pdf,2,0.21,0.42,0.7478157877922058,0.7460231184959412,0.997602792926374,-0.0023972070775926113,0.0023972070775926113,-0.23972070775926113
Pythia_minus,91,MUR1.0_MUF1.0_PDF26114,pdf,3,0.42,0.63,0.7352385520935059,0.733584463596344,0.997750269633642,-0.002249730285257101,0.002249730285257101,-0.2249730285257101
Pythia_minus,91,MUR1.0_MUF1.0_PDF26114,pdf,4,0.63,0.84,0.7513492107391357,0.7504031658172607,0.998740871876415,-0.0012591280974447727,0.0012591280974447727,-0.12591280974447727
Pythia_minus,91,MUR1.0_MUF1.0_PDF26114,pdf,5,0.84,1.05,0.7593017220497131,0.7590004205703735,0.9996031860977133,-0.00039681390626356006,0.00039681390626356006,-0.039681390626356006
Pythia_minus,91,MUR1.0_MUF1.0_PDF26114,pdf,6,1.05,1.37,0.7337679862976074,0.734203577041626,1.0005936355253333,0.0005936355446465313,0.0005936355446465313,0.059363554464653134
Pythia_minus,91,MUR1.0_MUF1.0_PDF26114,pdf,7,1.37,1.52,0.7370075583457947,0.7367253303527832,0.9996170622813626,-0.00038293772377073765,0.00038293772377073765,-0.038293772377073765
Pythia_minus,91,MUR1.0_MUF1.0_PDF26114,pdf,8,1.52,1.74,0.7175648808479309,0.719049870967865,1.0020694855051704,0.002069485606625676,0.002069485606625676,0.20694856066256762
Pythia_minus,91,MUR1.0_MUF1.0_PDF26114,pdf,9,1.74,1.95,0.6435351371765137,0.6447485685348511,1.0018855712582553,0.0018855712842196226,0.0018855712842196226,0.18855712842196226
Pythia_minus,91,MUR1.0_MUF1.0_PDF26114,pdf,10,1.95,2.18,0.7551155686378479,0.7600479125976562,1.006531906061354,0.006531905848532915,0.006531905848532915,0.6531905848532915
Pythia_minus,91,MUR1.0_MUF1.0_PDF26114,pdf,11,2.18,2.5,0.7272884249687195,0.7314881682395935,1.0057745223582442,0.005774522200226784,0.005774522200226784,0.5774522200226784
Pythia_minus,92,MUR1.0_MUF1.0_PDF26115,pdf,1,0.0,0.21,0.7786144614219666,0.7767776846885681,0.9976409676105373,-0.0023590323980897665,0.0023590323980897665,-0.23590323980897665
Pythia_minus,92,MUR1.0_MUF1.0_PDF26115,pdf,2,0.21,0.42,0.7478157877922058,0.7458006739616394,0.9973053339292078,-0.002694666152819991,0.002694666152819991,-0.2694666152819991
Pythia_minus,92,MUR1.0_MUF1.0_PDF26115,pdf,3,0.42,0.63,0.7352385520935059,0.7333655953407288,0.9974525863103287,-0.0025474135763943195,0.0025474135763943195,-0.25474135763943195
Pythia_minus,92,MUR1.0_MUF1.0_PDF26115,pdf,4,0.63,0.84,0.7513492107391357,0.7502285838127136,0.9985085138702419,-0.001491486094892025,0.001491486094892025,-0.1491486094892025
Pythia_minus,92,MUR1.0_MUF1.0_PDF26115,pdf,5,0.84,1.05,0.7593017220497131,0.7587357759475708,0.9992546492577226,-0.0007453507278114557,0.0007453507278114557,-0.07453507278114557
Pythia_minus,92,MUR1.0_MUF1.0_PDF26115,pdf,6,1.05,1.37,0.7337679862976074,0.7339438199996948,1.00023963119865,0.00023963120474945754,0.00023963120474945754,0.023963120474945754
Pythia_minus,92,MUR1.0_MUF1.0_PDF26115,pdf,7,1.37,1.52,0.7370075583457947,0.7366042137145996,0.9994527266014742,-0.0005472733755595982,0.0005472733755595982,-0.05472733755595982
Pythia_minus,92,MUR1.0_MUF1.0_PDF26115,pdf,8,1.52,1.74,0.7175648808479309,0.7190731167793274,1.0021018809192754,0.0021018809638917446,0.0021018809638917446,0.21018809638917446
Pythia_minus,92,MUR1.0_MUF1.0_PDF26115,pdf,9,1.74,1.95,0.6435351371765137,0.6445900201797485,1.0016392003206898,0.0016392003744840622,0.0016392003744840622,0.16392003744840622
Pythia_minus,92,MUR1.0_MUF1.0_PDF26115,pdf,10,1.95,2.18,0.7551155686378479,0.7603103518486023,1.0068794545186313,0.006879454478621483,0.006879454478621483,0.6879454478621483
Pythia_minus,92,MUR1.0_MUF1.0_PDF26115,pdf,11,2.18,2.5,0.7272884249687195,0.7320911884307861,1.0066036572248118,0.006603657267987728,0.006603657267987728,0.6603657267987728
Pythia_minus,93,MUR1.0_MUF1.0_PDF26116,pdf,1,0.0,0.21,0.7786144614219666,0.7768976092338562,0.9977949906235046,-0.002205009339377284,0.002205009339377284,-0.2205009339377284
Pythia_minus,93,MUR1.0_MUF1.0_PDF26116,pdf,2,0.21,0.42,0.7478157877922058,0.7459588050842285,0.9975167912495406,-0.0024832086637616158,0.0024832086637616158,-0.24832086637616158
Pythia_minus,93,MUR1.0_MUF1.0_PDF26116,pdf,3,0.42,0.63,0.7352385520935059,0.7335193753242493,0.9976617428937025,-0.0023382571525871754,0.0023382571525871754,-0.23382571525871754
Pythia_minus,93,MUR1.0_MUF1.0_PDF26116,pdf,4,0.63,0.84,0.7513492107391357,0.7503443956375122,0.9986626523495845,-0.001337347668595612,0.001337347668595612,-0.1337347668595612
Pythia_minus,93,MUR1.0_MUF1.0_PDF26116,pdf,5,0.84,1.05,0.7593017220497131,0.7589033246040344,0.9994753107570951,-0.0005246892687864602,0.0005246892687864602,-0.052468926878646016
Pythia_minus,93,MUR1.0_MUF1.0_PDF26116,pdf,6,1.05,1.37,0.7337679862976074,0.7340975403785706,1.0004491257279102,0.0004491257423069328,0.0004491257423069328,0.04491257423069328
Pythia_minus,93,MUR1.0_MUF1.0_PDF26116,pdf,7,1.37,1.52,0.7370075583457947,0.7366746664047241,0.9995483195018817,-0.00045168050564825535,0.00045168050564825535,-0.045168050564825535
Pythia_minus,93,MUR1.0_MUF1.0_PDF26116,pdf,8,1.52,1.74,0.7175648808479309,0.7190282344818115,1.0020393328505033,0.0020393328741192818,0.0020393328741192818,0.20393328741192818
Pythia_minus,93,MUR1.0_MUF1.0_PDF26116,pdf,9,1.74,1.95,0.6435351371765137,0.6446619629859924,1.0017509934491264,0.0017509934259578586,0.0017509934259578586,0.17509934259578586
Pythia_minus,93,MUR1.0_MUF1.0_PDF26116,pdf,10,1.95,2.18,0.7551155686378479,0.7600692510604858,1.006560164600465,0.006560164503753185,0.006560164503753185,0.6560164503753185
Pythia_minus,93,MUR1.0_MUF1.0_PDF26116,pdf,11,2.18,2.5,0.7272884249687195,0.7316415905952454,1.005985473544025,0.005985473748296499,0.005985473748296499,0.5985473748296499
Pythia_minus,94,MUR1.0_MUF1.0_PDF26117,pdf,1,0.0,0.21,0.7786144614219666,0.7762967348098755,0.9970232679626085,-0.0029767320957034826,0.0029767320957034826,-0.29767320957034826
Pythia_minus,94,MUR1.0_MUF1.0_PDF26117,pdf,2,0.21,0.42,0.7478157877922058,0.7454431056976318,0.9968271837352098,-0.0031728162430226803,0.0031728162430226803,-0.31728162430226803
Pythia_minus,94,MUR1.0_MUF1.0_PDF26117,pdf,3,0.42,0.63,0.7352385520935059,0.7330271601676941,0.9969922796900202,-0.003007720224559307,0.003007720224559307,-0.3007720224559307
Pythia_minus,94,MUR1.0_MUF1.0_PDF26117,pdf,4,0.63,0.84,0.7513492107391357,0.750105082988739,0.9983441418016892,-0.0016558582428842783,0.0016558582428842783,-0.16558582428842783
Pythia_minus,94,MUR1.0_MUF1.0_PDF26117,pdf,5,0.84,1.05,0.7593017220497131,0.7589435577392578,0.9995282977766882,-0.0004717022238764912,0.0004717022238764912,-0.04717022238764912
Pythia_minus,94,MUR1.0_MUF1.0_PDF26117,pdf,6,1.05,1.37,0.7337679862976074,0.7343257665634155,1.0007601589006663,0.0007601588731631637,0.0007601588731631637,0.07601588731631637
Pythia_minus,94,MUR1.0_MUF1.0_PDF26117,pdf,7,1.37,1.52,0.7370075583457947,0.7365750670433044,0.9994131792848082,-0.0005868207081221044,0.0005868207081221044,-0.05868207081221044
Pythia_minus,94,MUR1.0_MUF1.0_PDF26117,pdf,8,1.52,1.74,0.7175648808479309,0.719219982624054,1.0023065534842888,0.0023065535351634026,0.0023065535351634026,0.23065535351634026
Pythia_minus,94,MUR1.0_MUF1.0_PDF26117,pdf,9,1.74,1.95,0.6435351371765137,0.6448777318000793,1.0020862802137833,0.002086280146613717,0.002086280146613717,0.2086280146613717
Pythia_minus,94,MUR1.0_MUF1.0_PDF26117,pdf,10,1.95,2.18,0.7551155686378479,0.7607674598693848,1.007484802944445,0.0074848029762506485,0.0074848029762506485,0.7484802976250648
Pythia_minus,94,MUR1.0_MUF1.0_PDF26117,pdf,11,2.18,2.5,0.7272884249687195,0.7319231033325195,1.0063725452030938,0.006372545380145311,0.006372545380145311,0.6372545380145311
Pythia_minus,95,MUR1.0_MUF1.0_PDF26118,pdf,1,0.0,0.21,0.7786144614219666,0.7774394750595093,0.9984909266130102,-0.0015090734232217073,0.0015090734232217073,-0.15090734232217073
Pythia_minus,95,MUR1.0_MUF1.0_PDF26118,pdf,2,0.21,0.42,0.7478157877922058,0.7463619709014893,0.9980559157556587,-0.001944084302522242,0.001944084302522242,-0.1944084302522242
Pythia_minus,95,MUR1.0_MUF1.0_PDF26118,pdf,3,0.42,0.63,0.7352385520935059,0.7338991761207581,0.9981783110135696,-0.0018216889584437013,0.0018216889584437013,-0.18216889584437013
Pythia_minus,95,MUR1.0_MUF1.0_PDF26118,pdf,4,0.63,0.84,0.7513492107391357,0.7504844665527344,0.9988490781995356,-0.0011509218020364642,0.0011509218020364642,-0.11509218020364642
Pythia_minus,95,MUR1.0_MUF1.0_PDF26118,pdf,5,0.84,1.05,0.7593017220497131,0.7586695551872253,0.9991674365484365,-0.0008325634407810867,0.0008325634407810867,-0.08325634407810867
Pythia_minus,95,MUR1.0_MUF1.0_PDF26118,pdf,6,1.05,1.37,0.7337679862976074,0.7336676716804504,0.9998632883703974,-0.00013671163469552994,0.00013671163469552994,-0.013671163469552994
Pythia_minus,95,MUR1.0_MUF1.0_PDF26118,pdf,7,1.37,1.52,0.7370075583457947,0.7367079257965088,0.9995934471147645,-0.0004065528919454664,0.0004065528919454664,-0.04065528919454664
Pythia_minus,95,MUR1.0_MUF1.0_PDF26118,pdf,8,1.52,1.74,0.7175648808479309,0.718860924243927,1.0018061689341102,0.0018061689333990216,0.0018061689333990216,0.18061689333990216
Pythia_minus,95,MUR1.0_MUF1.0_PDF26118,pdf,9,1.74,1.95,0.6435351371765137,0.6443342566490173,1.0012417650977221,0.0012417651014402509,0.0012417651014402509,0.12417651014402509
Pythia_minus,95,MUR1.0_MUF1.0_PDF26118,pdf,10,1.95,2.18,0.7551155686378479,0.7595419883728027,1.005861910307239,0.005861910525709391,0.005861910525709391,0.5861910525709391
Pythia_minus,95,MUR1.0_MUF1.0_PDF26118,pdf,11,2.18,2.5,0.7272884249687195,0.7318331599235535,1.0062488756850894,0.006248875521123409,0.006248875521123409,0.6248875521123409
Pythia_minus,96,MUR1.0_MUF1.0_PDF26119,pdf,1,0.0,0.21,0.7786144614219666,0.7745925188064575,0.9948344876510977,-0.005165512207895517,0.005165512207895517,-0.5165512207895517
Pythia_minus,96,MUR1.0_MUF1.0_PDF26119,pdf,2,0.21,0.42,0.7478157877922058,0.7440178990364075,0.994921357882787,-0.005078642163425684,0.005078642163425684,-0.5078642163425684
Pythia_minus,96,MUR1.0_MUF1.0_PDF26119,pdf,3,0.42,0.63,0.7352385520935059,0.7316868305206299,0.995169293608499,-0.004830706398934126,0.004830706398934126,-0.4830706398934126
Pythia_minus,96,MUR1.0_MUF1.0_PDF26119,pdf,4,0.63,0.84,0.7513492107391357,0.749510645866394,0.9975529822265561,-0.002447017701342702,0.002447017701342702,-0.2447017701342702
Pythia_minus,96,MUR1.0_MUF1.0_PDF26119,pdf,5,0.84,1.05,0.7593017220497131,0.7592860460281372,0.9999793546871807,-2.064531327050645e-05,2.064531327050645e-05,-0.002064531327050645
Pythia_minus,96,MUR1.0_MUF1.0_PDF26119,pdf,6,1.05,1.37,0.7337679862976074,0.7352652549743652,1.0020405205796898,0.00204052054323256,0.00204052054323256,0.20405205432325602
Pythia_minus,96,MUR1.0_MUF1.0_PDF26119,pdf,7,1.37,1.52,0.7370075583457947,0.7364646196365356,0.99926332002554,-0.0007366799982264638,0.0007366799982264638,-0.07366799982264638
Pythia_minus,96,MUR1.0_MUF1.0_PDF26119,pdf,8,1.52,1.74,0.7175648808479309,0.7199423313140869,1.0033132202113162,0.0033132201060652733,0.0033132201060652733,0.33132201060652733
Pythia_minus,96,MUR1.0_MUF1.0_PDF26119,pdf,9,1.74,1.95,0.6435351371765137,0.6457865834236145,1.0034985599340838,0.003498559817671776,0.003498559817671776,0.3498559817671776
Pythia_minus,96,MUR1.0_MUF1.0_PDF26119,pdf,10,1.95,2.18,0.7551155686378479,0.7628948092460632,1.0103020529986533,0.010302052833139896,0.010302052833139896,1.0302052833139896
Pythia_minus,96,MUR1.0_MUF1.0_PDF26119,pdf,11,2.18,2.5,0.7272884249687195,0.7326390147209167,1.0073569021154536,0.007356902118772268,0.007356902118772268,0.7356902118772268
Pythia_minus,97,MUR1.0_MUF1.0_PDF26120,pdf,1,0.0,0.21,0.7786144614219666,0.7784083485603333,0.9997352825154867,-0.00026471749879419804,0.00026471749879419804,-0.026471749879419804
Pythia_minus,97,MUR1.0_MUF1.0_PDF26120,pdf,2,0.21,0.42,0.7478157877922058,0.7471827864646912,0.9991535330788034,-0.0008464669226668775,0.0008464669226668775,-0.08464669226668775
Pythia_minus,97,MUR1.0_MUF1.0_PDF26120,pdf,3,0.42,0.63,0.7352385520935059,0.7346796989440918,0.9992399022768559,-0.0007600976969115436,0.0007600976969115436,-0.07600976969115436
Pythia_minus,97,MUR1.0_MUF1.0_PDF26120,pdf,4,0.63,0.84,0.7513492107391357,0.7508350014686584,0.999315618805307,-0.0006843811715953052,0.0006843811715953052,-0.06843811715953052
Pythia_minus,97,MUR1.0_MUF1.0_PDF26120,pdf,5,0.84,1.05,0.7593017220497131,0.7584764361381531,0.9989130988543893,-0.0010869011748582125,0.0010869011748582125,-0.10869011748582125
Pythia_minus,97,MUR1.0_MUF1.0_PDF26120,pdf,6,1.05,1.37,0.7337679862976074,0.7331081032752991,0.9991006925422872,-0.0008993074297904968,0.0008993074297904968,-0.08993074297904968
Pythia_minus,97,MUR1.0_MUF1.0_PDF26120,pdf,7,1.37,1.52,0.7370075583457947,0.7367671728134155,0.9996738357298279,-0.0003261642705183476,0.0003261642705183476,-0.03261642705183476
Pythia_minus,97,MUR1.0_MUF1.0_PDF26120,pdf,8,1.52,1.74,0.7175648808479309,0.7183879017829895,1.0011469637896522,0.0011469637975096703,0.0011469637975096703,0.11469637975096703
Pythia_minus,97,MUR1.0_MUF1.0_PDF26120,pdf,9,1.74,1.95,0.6435351371765137,0.6437469124794006,1.0003290811808911,0.0003290811728220433,0.0003290811728220433,0.03290811728220433
Pythia_minus,97,MUR1.0_MUF1.0_PDF26120,pdf,10,1.95,2.18,0.7551155686378479,0.7581442594528198,1.0040108970610093,0.004010897129774094,0.004010897129774094,0.40108971297740936
Pythia_minus,97,MUR1.0_MUF1.0_PDF26120,pdf,11,2.18,2.5,0.7272884249687195,0.7313003540039062,1.0055162833580904,0.005516283214092255,0.005516283214092255,0.5516283214092255
Pythia_minus,98,MUR1.0_MUF1.0_PDF26121,pdf,1,0.0,0.21,0.7786144614219666,0.7767688632011414,0.9976296378859254,-0.0023703621700406075,0.0023703621700406075,-0.23703621700406075
Pythia_minus,98,MUR1.0_MUF1.0_PDF26121,pdf,2,0.21,0.42,0.7478157877922058,0.7458376884460449,0.9973548307237523,-0.002645169384777546,0.002645169384777546,-0.2645169384777546
Pythia_minus,98,MUR1.0_MUF1.0_PDF26121,pdf,3,0.42,0.63,0.7352385520935059,0.7334029078483582,0.997503335155752,-0.0024966648779809475,0.0024966648779809475,-0.24966648779809475
Pythia_minus,98,MUR1.0_MUF1.0_PDF26121,pdf,4,0.63,0.84,0.7513492107391357,0.7502999901771545,0.9986035513886425,-0.0013964485842734575,0.0013964485842734575,-0.13964485842734575
Pythia_minus,98,MUR1.0_MUF1.0_PDF26121,pdf,5,0.84,1.05,0.7593017220497131,0.7589246034622192,0.9995033350030132,-0.0004966650158166885,0.0004966650158166885,-0.049666501581668854
Pythia_minus,98,MUR1.0_MUF1.0_PDF26121,pdf,6,1.05,1.37,0.7337679862976074,0.7341697216033936,1.0005474963657288,0.0005474963691085577,0.0005474963691085577,0.05474963691085577
Pythia_minus,98,MUR1.0_MUF1.0_PDF26121,pdf,7,1.37,1.52,0.7370075583457947,0.736657440662384,0.9995249469568582,-0.0004750530351884663,0.0004750530351884663,-0.04750530351884663
Pythia_minus,98,MUR1.0_MUF1.0_PDF26121,pdf,8,1.52,1.74,0.7175648808479309,0.7191185355186462,1.0021651765745272,0.00216517667286098,0.00216517667286098,0.216517667286098
Pythia_minus,98,MUR1.0_MUF1.0_PDF26121,pdf,9,1.74,1.95,0.6435351371765137,0.6447393298149109,1.0018712150570062,0.0018712150631472468,0.0018712150631472468,0.18712150631472468
Pythia_minus,98,MUR1.0_MUF1.0_PDF26121,pdf,10,1.95,2.18,0.7551155686378479,0.7603238224983215,1.0068972937081258,0.006897293496876955,0.006897293496876955,0.6897293496876955
Pythia_minus,98,MUR1.0_MUF1.0_PDF26121,pdf,11,2.18,2.5,0.7272884249687195,0.7317851781845093,1.0061829022178967,0.006182902026921511,0.006182902026921511,0.6182902026921511
Pythia_minus,99,MUR1.0_MUF1.0_PDF26122,pdf,1,0.0,0.21,0.7786144614219666,0.7769271731376648,0.9978329605113931,-0.0021670395508408546,0.0021670395508408546,-0.21670395508408546
Pythia_minus,99,MUR1.0_MUF1.0_PDF26122,pdf,2,0.21,0.42,0.7478157877922058,0.7459286451339722,0.9974764605280598,-0.002523539587855339,0.002523539587855339,-0.2523539587855339
Pythia_minus,99,MUR1.0_MUF1.0_PDF26122,pdf,3,0.42,0.63,0.7352385520935059,0.7334862351417542,0.9976166688393009,-0.0023833310697227716,0.0023833310697227716,-0.23833310697227716
Pythia_minus,99,MUR1.0_MUF1.0_PDF26122,pdf,4,0.63,0.84,0.7513492107391357,0.7502597570419312,0.9985500035381246,-0.0014499964891001582,0.0014499964891001582,-0.14499964891001582
Pythia_minus,99,MUR1.0_MUF1.0_PDF26122,pdf,5,0.84,1.05,0.7593017220497131,0.758661687374115,0.9991570746423828,-0.0008429253357462585,0.0008429253357462585,-0.08429253357462585
Pythia_minus,99,MUR1.0_MUF1.0_PDF26122,pdf,6,1.05,1.37,0.7337679862976074,0.7338064908981323,1.0000524751709585,5.247517037787475e-05,5.247517037787475e-05,0.005247517037787475
Pythia_minus,99,MUR1.0_MUF1.0_PDF26122,pdf,7,1.37,1.52,0.7370075583457947,0.7366096377372742,0.9994600861225716,-0.000539913889952004,0.000539913889952004,-0.053991388995200396
Pythia_minus,99,MUR1.0_MUF1.0_PDF26122,pdf,8,1.52,1.74,0.7175648808479309,0.71895831823349,1.0019418974126946,0.001941897440701723,0.001941897440701723,0.1941897440701723
Pythia_minus,99,MUR1.0_MUF1.0_PDF26122,pdf,9,1.74,1.95,0.6435351371765137,0.6444610953330994,1.0014388618477745,0.0014388618292286992,0.0014388618292286992,0.14388618292286992
Pythia_minus,99,MUR1.0_MUF1.0_PDF26122,pdf,10,1.95,2.18,0.7551155686378479,0.7600176334381104,1.0064918073522247,0.006491807289421558,0.006491807289421558,0.6491807289421558
Pythia_minus,99,MUR1.0_MUF1.0_PDF26122,pdf,11,2.18,2.5,0.7272884249687195,0.7320151329040527,1.0064990831327152,0.006499083247035742,0.006499083247035742,0.6499083247035742
Pythia_minus,100,MUR1.0_MUF1.0_PDF26123,pdf,1,0.0,0.21,0.7786144614219666,0.777403712272644,0.998444995297016,-0.001555004739202559,0.001555004739202559,-0.1555004739202559
Pythia_minus,100,MUR1.0_MUF1.0_PDF26123,pdf,2,0.21,0.42,0.7478157877922058,0.746431827545166,0.9981493299959263,-0.0018506699707359076,0.0018506699707359076,-0.18506699707359076
Pythia_minus,100,MUR1.0_MUF1.0_PDF26123,pdf,3,0.42,0.63,0.7352385520935059,0.7339493632316589,0.9982465706427172,-0.0017534293001517653,0.0017534293001517653,-0.17534293001517653
Pythia_minus,100,MUR1.0_MUF1.0_PDF26123,pdf,4,0.63,0.84,0.7513492107391357,0.7506067156791687,0.9990117843349611,-0.0009882156737148762,0.0009882156737148762,-0.09882156737148762
Pythia_minus,100,MUR1.0_MUF1.0_PDF26123,pdf,5,0.84,1.05,0.7593017220497131,0.759010910987854,0.9996170019724516,-0.000382998026907444,0.000382998026907444,-0.0382998026907444
Pythia_minus,100,MUR1.0_MUF1.0_PDF26123,pdf,6,1.05,1.37,0.7337679862976074,0.7340337038040161,1.000362127418163,0.00036212740815244615,0.00036212740815244615,0.036212740815244615
Pythia_minus,100,MUR1.0_MUF1.0_PDF26123,pdf,7,1.37,1.52,0.7370075583457947,0.7366885542869568,0.9995671631108453,-0.00043283688137307763,0.00043283688137307763,-0.04328368813730776
Pythia_minus,100,MUR1.0_MUF1.0_PDF26123,pdf,8,1.52,1.74,0.7175648808479309,0.7188323140144348,1.0017662976552115,0.001766297616995871,0.001766297616995871,0.1766297616995871
Pythia_minus,100,MUR1.0_MUF1.0_PDF26123,pdf,9,1.74,1.95,0.6435351371765137,0.6444787383079529,1.0014662775611278,0.0014662775211036205,0.0014662775211036205,0.14662775211036205
Pythia_minus,100,MUR1.0_MUF1.0_PDF26123,pdf,10,1.95,2.18,0.7551155686378479,0.759485125541687,1.0057866068259211,0.005786607041954994,0.005786607041954994,0.5786607041954994
Pythia_minus,100,MUR1.0_MUF1.0_PDF26123,pdf,11,2.18,2.5,0.7272884249687195,0.7311254739761353,1.0052758285099626,0.005275828298181295,0.005275828298181295,0.5275828298181295
Pythia_minus,101,MUR1.0_MUF1.0_PDF13310,pdf,1,0.0,0.21,0.7786144614219666,0.7785935997962952,0.9999732067323367,-2.6793268261826597e-05,2.6793268261826597e-05,-0.0026793268261826597
Pythia_minus,101,MUR1.0_MUF1.0_PDF13310,pdf,2,0.21,0.42,0.7478157877922058,0.7477952837944031,0.9999725814857917,-2.7418514946475625e-05,2.7418514946475625e-05,-0.0027418514946475625
Pythia_minus,101,MUR1.0_MUF1.0_PDF13310,pdf,3,0.42,0.63,0.7352385520935059,0.7352184653282166,0.9999726799346523,-2.7320065782987513e-05,2.7320065782987513e-05,-0.0027320065782987513
Pythia_minus,101,MUR1.0_MUF1.0_PDF13310,pdf,4,0.63,0.84,0.7513492107391357,0.7513218522071838,0.9999635874616478,-3.641253715613857e-05,3.641253715613857e-05,-0.003641253715613857
Pythia_minus,101,MUR1.0_MUF1.0_PDF13310,pdf,5,0.84,1.05,0.7593017220497131,0.7592661380767822,0.9999531359248931,-4.686407555709593e-05,4.686407555709593e-05,-0.004686407555709593
Pythia_minus,101,MUR1.0_MUF1.0_PDF13310,pdf,6,1.05,1.37,0.7337679862976074,0.7337281107902527,0.999945656518001,-5.434348349808715e-05,5.434348349808715e-05,-0.005434348349808715
Pythia_minus,101,MUR1.0_MUF1.0_PDF13310,pdf,7,1.37,1.52,0.7370075583457947,0.7369914650917053,0.9999781640582825,-2.1835941879544407e-05,2.1835941879544407e-05,-0.0021835941879544407
Pythia_minus,101,MUR1.0_MUF1.0_PDF13310,pdf,8,1.52,1.74,0.7175648808479309,0.7175291776657104,0.999950243966541,-4.975603224011138e-05,4.975603224011138e-05,-0.004975603224011138
Pythia_minus,101,MUR1.0_MUF1.0_PDF13310,pdf,9,1.74,1.95,0.6435351371765137,0.6435074806213379,0.9999570240169059,-4.2975982069037855e-05,4.2975982069037855e-05,-0.0042975982069037855
Pythia_minus,101,MUR1.0_MUF1.0_PDF13310,pdf,10,1.95,2.18,0.7551155686378479,0.7550622820854187,0.9999294325866895,-7.056741014821455e-05,7.056741014821455e-05,-0.007056741014821455
Pythia_minus,101,MUR1.0_MUF1.0_PDF13310,pdf,11,2.18,2.5,0.7272884249687195,0.7272582054138184,0.9999584490088613,-4.155098940827884e-05,4.155098940827884e-05,-0.004155098940827884
Pythia_minus,102,MUR1.0_MUF1.0_PDF26124,pdf,1,0.0,0.21,0.7786144614219666,0.7763559818267822,0.9970993608427723,-0.002900639083236456,0.002900639083236456,-0.2900639083236456
Pythia_minus,102,MUR1.0_MUF1.0_PDF26124,pdf,2,0.21,0.42,0.7478157877922058,0.7454087734222412,0.9967812736649077,-0.0032187262549996376,0.0032187262549996376,-0.32187262549996376
Pythia_minus,102,MUR1.0_MUF1.0_PDF26124,pdf,3,0.42,0.63,0.7352385520935059,0.7330097556114197,0.9969686077046152,-0.0030313923489302397,0.0030313923489302397,-0.30313923489302397
Pythia_minus,102,MUR1.0_MUF1.0_PDF26124,pdf,4,0.63,0.84,0.7513492107391357,0.7500166893005371,0.9982264951908477,-0.0017735047731548548,0.0017735047731548548,-0.17735047731548548
Pythia_minus,102,MUR1.0_MUF1.0_PDF26124,pdf,5,0.84,1.05,0.7593017220497131,0.7586570382118225,0.9991509516978965,-0.000849048316013068,0.000849048316013068,-0.0849048316013068
Pythia_minus,102,MUR1.0_MUF1.0_PDF26124,pdf,6,1.05,1.37,0.7337679862976074,0.7340112924575806,1.0003315845941996,0.00033158459700644016,0.00033158459700644016,0.033158459700644016
Pythia_minus,102,MUR1.0_MUF1.0_PDF26124,pdf,7,1.37,1.52,0.7370075583457947,0.7365981340408325,0.9994444774679365,-0.0005555225070565939,0.0005555225070565939,-0.05555225070565939
Pythia_minus,102,MUR1.0_MUF1.0_PDF26124,pdf,8,1.52,1.74,0.7175648808479309,0.7192407250404358,1.0023354601614902,0.0023354601580649614,0.0023354601580649614,0.23354601580649614
Pythia_minus,102,MUR1.0_MUF1.0_PDF26124,pdf,9,1.74,1.95,0.6435351371765137,0.6447494029998779,1.0018868679474005,0.001886867918074131,0.001886867918074131,0.1886867918074131
Pythia_minus,102,MUR1.0_MUF1.0_PDF26124,pdf,10,1.95,2.18,0.7551155686378479,0.7607892751693726,1.0075136929592903,0.007513693068176508,0.007513693068176508,0.7513693068176508
Pythia_minus,102,MUR1.0_MUF1.0_PDF26124,pdf,11,2.18,2.5,0.7272884249687195,0.732498288154602,1.007163407263228,0.007163407281041145,0.007163407281041145,0.7163407281041145
Pythia_minus,103,MUR1.0_MUF1.0_PDF26125,pdf,1,0.0,0.21,0.7786144614219666,0.7772290706634521,0.9982206973705776,-0.0017793026054278016,0.0017793026054278016,-0.17793026054278016
Pythia_minus,103,MUR1.0_MUF1.0_PDF26125,pdf,2,0.21,0.42,0.7478157877922058,0.7462491393089294,0.9979050342225301,-0.0020949658937752247,0.0020949658937752247,-0.20949658937752247
Pythia_minus,103,MUR1.0_MUF1.0_PDF26125,pdf,3,0.42,0.63,0.7352385520935059,0.7337322235107422,0.9979512383042557,-0.002048761583864689,0.002048761583864689,-0.2048761583864689
Pythia_minus,103,MUR1.0_MUF1.0_PDF26125,pdf,4,0.63,0.84,0.7513492107391357,0.7504978179931641,0.9988668481528927,-0.0011331518180668354,0.0011331518180668354,-0.11331518180668354
Pythia_minus,103,MUR1.0_MUF1.0_PDF26125,pdf,5,0.84,1.05,0.7593017220497131,0.7590242028236389,0.9996345073137395,-0.00036549268406815827,0.00036549268406815827,-0.03654926840681583
Pythia_minus,103,MUR1.0_MUF1.0_PDF26125,pdf,6,1.05,1.37,0.7337679862976074,0.7341165542602539,1.0004750383897303,0.0004750383959617466,0.0004750383959617466,0.04750383959617466
Pythia_minus,103,MUR1.0_MUF1.0_PDF26125,pdf,7,1.37,1.52,0.7370075583457947,0.7365635633468628,0.9993975706301731,-0.0006024293834343553,0.0006024293834343553,-0.060242938343435526
Pythia_minus,103,MUR1.0_MUF1.0_PDF26125,pdf,8,1.52,1.74,0.7175648808479309,0.7189927101135254,1.0019898260125373,0.0019898260943591595,0.0019898260943591595,0.19898260943591595
Pythia_minus,103,MUR1.0_MUF1.0_PDF26125,pdf,9,1.74,1.95,0.6435351371765137,0.6446205377578735,1.0016866220951384,0.0016866220394149423,0.0016866220394149423,0.16866220394149423
Pythia_minus,103,MUR1.0_MUF1.0_PDF26125,pdf,10,1.95,2.18,0.7551155686378479,0.7602264285087585,1.0067683147893907,0.006768314633518457,0.006768314633518457,0.6768314633518457
Pythia_minus,103,MUR1.0_MUF1.0_PDF26125,pdf,11,2.18,2.5,0.7272884249687195,0.7316936254501343,1.0060570199252163,0.0060570198111236095,0.0060570198111236095,0.605701981112361
Pythia_minus,104,MUR1.0_MUF1.0_PDF26126,pdf,1,0.0,0.21,0.7786144614219666,0.7762160897254944,0.9969196928450416,-0.00308030704036355,0.00308030704036355,-0.308030704036355
Pythia_minus,104,MUR1.0_MUF1.0_PDF26126,pdf,2,0.21,0.42,0.7478157877922058,0.7452936768531799,0.9966273633424189,-0.0033726366236805916,0.0033726366236805916,-0.33726366236805916
Pythia_minus,104,MUR1.0_MUF1.0_PDF26126,pdf,3,0.42,0.63,0.7352385520935059,0.7329729795455933,0.9969185884751804,-0.003081411588937044,0.003081411588937044,-0.3081411588937044
Pythia_minus,104,MUR1.0_MUF1.0_PDF26126,pdf,4,0.63,0.84,0.7513492107391357,0.7499260306358337,0.9981058340343474,-0.0018941659945994616,0.0018941659945994616,-0.18941659945994616
Pythia_minus,104,MUR1.0_MUF1.0_PDF26126,pdf,5,0.84,1.05,0.7593017220497131,0.7584590911865234,0.9988902555614979,-0.0011097444221377373,0.0011097444221377373,-0.11097444221377373
Pythia_minus,104,MUR1.0_MUF1.0_PDF26126,pdf,6,1.05,1.37,0.7337679862976074,0.7338148355484009,1.0000638474990302,6.384749576682225e-05,6.384749576682225e-05,0.006384749576682225
Pythia_minus,104,MUR1.0_MUF1.0_PDF26126,pdf,7,1.37,1.52,0.7370075583457947,0.7367008924484253,0.9995839039994954,-0.0004160960088483989,0.0004160960088483989,-0.04160960088483989
Pythia_minus,104,MUR1.0_MUF1.0_PDF26126,pdf,8,1.52,1.74,0.7175648808479309,0.7190482020378113,1.002067159680568,0.002067159628495574,0.002067159628495574,0.2067159628495574
Pythia_minus,104,MUR1.0_MUF1.0_PDF26126,pdf,9,1.74,1.95,0.6435351371765137,0.644573450088501,1.0016134517790947,0.0016134517500177026,0.0016134517500177026,0.16134517500177026
Pythia_minus,104,MUR1.0_MUF1.0_PDF26126,pdf,10,1.95,2.18,0.7551155686378479,0.7600390315055847,1.0065201448258023,0.0065201446413993835,0.0065201446413993835,0.6520144641399384
Pythia_minus,104,MUR1.0_MUF1.0_PDF26126,pdf,11,2.18,2.5,0.7272884249687195,0.7320614457130432,1.006562761870614,0.006562761962413788,0.006562761962413788,0.6562761962413788
Pythia_minus,105,MUR1.0_MUF1.0_PDF26127,pdf,1,0.0,0.21,0.7786144614219666,0.7767266035079956,0.997575362380859,-0.0024246375542134047,0.0024246375542134047,-0.24246375542134047
Pythia_minus,105,MUR1.0_MUF1.0_PDF26127,pdf,2,0.21,0.42,0.7478157877922058,0.7457832098007202,0.9972819803691408,-0.0027180195320397615,0.0027180195320397615,-0.27180195320397615
Pythia_minus,105,MUR1.0_MUF1.0_PDF26127,pdf,3,0.42,0.63,0.7352385520935059,0.7333493232727051,0.9974304546253439,-0.002569545293226838,0.002569545293226838,-0.2569545293226838
Pythia_minus,105,MUR1.0_MUF1.0_PDF26127,pdf,4,0.63,0.84,0.7513492107391357,0.7502650618553162,0.9985570639213781,-0.0014429361326619983,0.0014429361326619983,-0.14429361326619983
Pythia_minus,105,MUR1.0_MUF1.0_PDF26127,pdf,5,0.84,1.05,0.7593017220497131,0.7588769793510437,0.9994406140716725,-0.0005593859241344035,0.0005593859241344035,-0.05593859241344035
Pythia_minus,105,MUR1.0_MUF1.0_PDF26127,pdf,6,1.05,1.37,0.7337679862976074,0.7341277003288269,1.0004902285707973,0.00049022858729586,0.00049022858729586,0.049022858729586005
Pythia_minus,105,MUR1.0_MUF1.0_PDF26127,pdf,7,1.37,1.52,0.7370075583457947,0.73663330078125,0.999492193044282,-0.0005078069516457617,0.0005078069516457617,-0.05078069516457617
Pythia_minus,105,MUR1.0_MUF1.0_PDF26127,pdf,8,1.52,1.74,0.7175648808479309,0.7191503047943115,1.0022094503071377,0.002209450351074338,0.002209450351074338,0.2209450351074338
Pythia_minus,105,MUR1.0_MUF1.0_PDF26127,pdf,9,1.74,1.95,0.6435351371765137,0.6447200179100037,1.0018412059653627,0.0018412059871479869,0.0018412059871479869,0.1841205987147987
Pythia_minus,105,MUR1.0_MUF1.0_PDF26127,pdf,10,1.95,2.18,0.7551155686378479,0.7604367733001709,1.007046874522693,0.007046874612569809,0.007046874612569809,0.7046874612569809
Pythia_minus,105,MUR1.0_MUF1.0_PDF26127,pdf,11,2.18,2.5,0.7272884249687195,0.7319692373275757,1.0064359780771397,0.006435978226363659,0.006435978226363659,0.6435978226363659
Pythia_minus,106,MUR1.0_MUF1.0_PDF26128,pdf,1,0.0,0.21,0.7786144614219666,0.7769709825515747,0.9978892263734861,-0.0021107736974954605,0.0021107736974954605,-0.21107736974954605
Pythia_minus,106,MUR1.0_MUF1.0_PDF26128,pdf,2,0.21,0.42,0.7478157877922058,0.7459940314292908,0.9975638968945902,-0.002436103066429496,0.002436103066429496,-0.24361030664294958
Pythia_minus,106,MUR1.0_MUF1.0_PDF26128,pdf,3,0.42,0.63,0.7352385520935059,0.7335479259490967,0.9977005746779799,-0.0022994254250079393,0.0022994254250079393,-0.22994254250079393
Pythia_minus,106,MUR1.0_MUF1.0_PDF26128,pdf,4,0.63,0.84,0.7513492107391357,0.7503389120101929,0.9986553539758842,-0.0013446459779515862,0.0013446459779515862,-0.13446459779515862
Pythia_minus,106,MUR1.0_MUF1.0_PDF26128,pdf,5,0.84,1.05,0.7593017220497131,0.7588057518005371,0.9993468074221705,-0.0006531925755552948,0.0006531925755552948,-0.06531925755552948
Pythia_minus,106,MUR1.0_MUF1.0_PDF26128,pdf,6,1.05,1.37,0.7337679862976074,0.7339658141136169,1.00026960540621,0.0002696053998079151,0.0002696053998079151,0.02696053998079151
Pythia_minus,106,MUR1.0_MUF1.0_PDF26128,pdf,7,1.37,1.52,0.7370075583457947,0.7366616129875183,0.9995306081269332,-0.0004693918745033443,0.0004693918745033443,-0.04693918745033443
Pythia_minus,106,MUR1.0_MUF1.0_PDF26128,pdf,8,1.52,1.74,0.7175648808479309,0.7190183997154236,1.0020256270983818,0.002025627065449953,0.002025627065449953,0.2025627065449953
Pythia_minus,106,MUR1.0_MUF1.0_PDF26128,pdf,9,1.74,1.95,0.6435351371765137,0.6445724368095398,1.0016118772279898,0.0016118772327899933,0.0016118772327899933,0.16118772327899933
Pythia_minus,106,MUR1.0_MUF1.0_PDF26128,pdf,10,1.95,2.18,0.7551155686378479,0.7600495219230652,1.0065340372919573,0.006534037180244923,0.006534037180244923,0.6534037180244923
Pythia_minus,106,MUR1.0_MUF1.0_PDF26128,pdf,11,2.18,2.5,0.7272884249687195,0.7318403124809265,1.006258710239205,0.006258710287511349,0.006258710287511349,0.6258710287511349
Pythia_minus,107,MUR1.0_MUF1.0_PDF26129,pdf,1,0.0,0.21,0.7786144614219666,0.777250349521637,0.9982480265035941,-0.0017519735265523195,0.0017519735265523195,-0.17519735265523195
Pythia_minus,107,MUR1.0_MUF1.0_PDF26129,pdf,2,0.21,0.42,0.7478157877922058,0.7462804913520813,0.9979469590436741,-0.002053041011095047,0.002053041011095047,-0.2053041011095047
Pythia_minus,107,MUR1.0_MUF1.0_PDF26129,pdf,3,0.42,0.63,0.7352385520935059,0.7338045835494995,0.9980496553942618,-0.0019503446528688073,0.0019503446528688073,-0.19503446528688073
Pythia_minus,107,MUR1.0_MUF1.0_PDF26129,pdf,4,0.63,0.84,0.7513492107391357,0.7505996227264404,0.9990023440472402,-0.0009976559085771441,0.0009976559085771441,-0.09976559085771441
Pythia_minus,107,MUR1.0_MUF1.0_PDF26129,pdf,5,0.84,1.05,0.7593017220497131,0.759153425693512,0.9998046937707439,-0.00019530623103491962,0.00019530623103491962,-0.019530623103491962
Pythia_minus,107,MUR1.0_MUF1.0_PDF26129,pdf,6,1.05,1.37,0.7337679862976074,0.734295129776001,1.0007184062104608,0.0007184062269516289,0.0007184062269516289,0.07184062269516289
Pythia_minus,107,MUR1.0_MUF1.0_PDF26129,pdf,7,1.37,1.52,0.7370075583457947,0.7367421388626099,0.9996398687093786,-0.0003601312928367406,0.0003601312928367406,-0.03601312928367406
Pythia_minus,107,MUR1.0_MUF1.0_PDF26129,pdf,8,1.52,1.74,0.7175648808479309,0.7191786170005798,1.0022489062602145,0.00224890629760921,0.00224890629760921,0.224890629760921
Pythia_minus,107,MUR1.0_MUF1.0_PDF26129,pdf,9,1.74,1.95,0.6435351371765137,0.6447897553443909,1.0019495721296303,0.0019495721207931638,0.0019495721207931638,0.19495721207931638
Pythia_minus,107,MUR1.0_MUF1.0_PDF26129,pdf,10,1.95,2.18,0.7551155686378479,0.7602716088294983,1.0068281471152176,0.0068281469866633415,0.0068281469866633415,0.6828146986663342
Pythia_minus,107,MUR1.0_MUF1.0_PDF26129,pdf,11,2.18,2.5,0.7272884249687195,0.7316014766693115,1.0059303180863597,0.005930318031460047,0.005930318031460047,0.5930318031460047
Pythia_minus,108,MUR1.0_MUF1.0_PDF26130,pdf,1,0.0,0.21,0.7786144614219666,0.7762407660484314,0.9969513854530776,-0.0030486145988106728,0.0030486145988106728,-0.3048614598810673
Pythia_minus,108,MUR1.0_MUF1.0_PDF26130,pdf,2,0.21,0.42,0.7478157877922058,0.7453058362007141,0.9966436231589842,-0.0033563768956810236,0.0033563768956810236,-0.33563768956810236
Pythia_minus,108,MUR1.0_MUF1.0_PDF26130,pdf,3,0.42,0.63,0.7352385520935059,0.7329165935516357,0.9968418977279434,-0.0031581022776663303,0.0031581022776663303,-0.31581022776663303
Pythia_minus,108,MUR1.0_MUF1.0_PDF26130,pdf,4,0.63,0.84,0.7513492107391357,0.749835729598999,0.9979856488587406,-0.002014351077377796,0.002014351077377796,-0.20143510773777962
Pythia_minus,108,MUR1.0_MUF1.0_PDF26130,pdf,5,0.84,1.05,0.7593017220497131,0.75833660364151,0.9987289395240698,-0.0012710604351013899,0.0012710604351013899,-0.127106043510139
Pythia_minus,108,MUR1.0_MUF1.0_PDF26130,pdf,6,1.05,1.37,0.7337679862976074,0.7336245179176331,0.9998044771880846,-0.0001955228071892634,0.0001955228071892634,-0.01955228071892634
Pythia_minus,108,MUR1.0_MUF1.0_PDF26130,pdf,7,1.37,1.52,0.7370075583457947,0.7364879846572876,0.9992950225779593,-0.0007049774285405874,0.0007049774285405874,-0.07049774285405874
Pythia_minus,108,MUR1.0_MUF1.0_PDF26130,pdf,8,1.52,1.74,0.7175648808479309,0.7188645005226135,1.0018111528439726,0.0018111527897417545,0.0018111527897417545,0.18111527897417545
Pythia_minus,108,MUR1.0_MUF1.0_PDF26130,pdf,9,1.74,1.95,0.6435351371765137,0.6443843245506287,1.0013195664464272,0.001319566392339766,0.001319566392339766,0.1319566392339766
Pythia_minus,108,MUR1.0_MUF1.0_PDF26130,pdf,10,1.95,2.18,0.7551155686378479,0.7600746154785156,1.006567268702476,0.006567268632352352,0.006567268632352352,0.6567268632352352
Pythia_minus,108,MUR1.0_MUF1.0_PDF26130,pdf,11,2.18,2.5,0.7272884249687195,0.7322608232498169,1.0068369000665882,0.006836900021880865,0.006836900021880865,0.6836900021880865
Pythia_minus,109,MUR1.0_MUF1.0_PDF26131,pdf,1,0.0,0.21,0.7786144614219666,0.775841474533081,0.9964385623100023,-0.0035614375956356525,0.0035614375956356525,-0.35614375956356525
Pythia_minus,109,MUR1.0_MUF1.0_PDF26131,pdf,2,0.21,0.42,0.7478157877922058,0.7449464797973633,0.9961630818154914,-0.003836918156594038,0.003836918156594038,-0.3836918156594038
Pythia_minus,109,MUR1.0_MUF1.0_PDF26131,pdf,3,0.42,0.63,0.7352385520935059,0.732575535774231,0.9963780240961355,-0.003621975891292095,0.003621975891292095,-0.3621975891292095
Pythia_minus,109,MUR1.0_MUF1.0_PDF26131,pdf,4,0.63,0.84,0.7513492107391357,0.7495872378349304,0.9976549214679123,-0.0023450786247849464,0.0023450786247849464,-0.23450786247849464
Pythia_minus,109,MUR1.0_MUF1.0_PDF26131,pdf,5,0.84,1.05,0.7593017220497131,0.7581984996795654,0.9985470566731107,-0.0014529433101415634,0.0014529433101415634,-0.14529433101415634
Pythia_minus,109,MUR1.0_MUF1.0_PDF26131,pdf,6,1.05,1.37,0.7337679862976074,0.7335894703865051,0.9997567134101842,-0.00024328658764716238,0.00024328658764716238,-0.024328658764716238
Pythia_minus,109,MUR1.0_MUF1.0_PDF26131,pdf,7,1.37,1.52,0.7370075583457947,0.7364130616188049,0.9991933641381859,-0.0008066358859650791,0.0008066358859650791,-0.0806635885965079
Pythia_minus,109,MUR1.0_MUF1.0_PDF26131,pdf,8,1.52,1.74,0.7175648808479309,0.7188500165939331,1.0017909680090302,0.0017909680027514696,0.0017909680027514696,0.17909680027514696
Pythia_minus,109,MUR1.0_MUF1.0_PDF26131,pdf,9,1.74,1.95,0.6435351371765137,0.6444265246391296,1.001385141868907,0.0013851418625563383,0.0013851418625563383,0.13851418625563383
Pythia_minus,109,MUR1.0_MUF1.0_PDF26131,pdf,10,1.95,2.18,0.7551155686378479,0.7602774500846863,1.006835882692963,0.006835882551968098,0.006835882551968098,0.6835882551968098
Pythia_minus,109,MUR1.0_MUF1.0_PDF26131,pdf,11,2.18,2.5,0.7272884249687195,0.7324750423431396,1.007131444962352,0.007131444755941629,0.007131444755941629,0.7131444755941629
Pythia_minus,110,MUR1.0_MUF1.0_PDF26132,pdf,1,0.0,0.21,0.7786144614219666,0.7776881456375122,0.9988103023635566,-0.0011896976502612233,0.0011896976502612233,-0.11896976502612233
Pythia_minus,110,MUR1.0_MUF1.0_PDF26132,pdf,2,0.21,0.42,0.7478157877922058,0.7466829419136047,0.9984851270899942,-0.0015148728853091598,0.0015148728853091598,-0.15148728853091598
Pythia_minus,110,MUR1.0_MUF1.0_PDF26132,pdf,3,0.42,0.63,0.7352385520935059,0.7341808080673218,0.9985613594075389,-0.001438640640117228,0.001438640640117228,-0.1438640640117228
Pythia_minus,110,MUR1.0_MUF1.0_PDF26132,pdf,4,0.63,0.84,0.7513492107391357,0.750878095626831,0.9993729745029728,-0.0006270254962146282,0.0006270254962146282,-0.06270254962146282
Pythia_minus,110,MUR1.0_MUF1.0_PDF26132,pdf,5,0.84,1.05,0.7593017220497131,0.7593308091163635,1.0000383076526838,3.830765126622282e-05,3.830765126622282e-05,0.003830765126622282
Pythia_minus,110,MUR1.0_MUF1.0_PDF26132,pdf,6,1.05,1.37,0.7337679862976074,0.7343608140945435,1.0008079226785667,0.0008079226827248931,0.0008079226827248931,0.08079226827248931
Pythia_minus,110,MUR1.0_MUF1.0_PDF26132,pdf,7,1.37,1.52,0.7370075583457947,0.7368226051330566,0.9997490484179659,-0.0002509515907149762,0.0002509515907149762,-0.02509515907149762
Pythia_minus,110,MUR1.0_MUF1.0_PDF26132,pdf,8,1.52,1.74,0.7175648808479309,0.7191872000694275,1.002260867643884,0.002260867739096284,0.002260867739096284,0.2260867739096284
Pythia_minus,110,MUR1.0_MUF1.0_PDF26132,pdf,9,1.74,1.95,0.6435351371765137,0.6447569131851196,1.001898538149706,0.0018985382048413157,0.0018985382048413157,0.18985382048413157
Pythia_minus,110,MUR1.0_MUF1.0_PDF26132,pdf,10,1.95,2.18,0.7551155686378479,0.760047197341919,1.0065309588477525,0.006530958693474531,0.006530958693474531,0.6530958693474531
Pythia_minus,110,MUR1.0_MUF1.0_PDF26132,pdf,11,2.18,2.5,0.7272884249687195,0.731319785118103,1.005543000563438,0.005543000530451536,0.005543000530451536,0.5543000530451536
Pythia_minus,111,MUR1.0_MUF1.0_PDF26133,pdf,1,0.0,0.21,0.7786144614219666,0.7768948078155518,0.9977913926704184,-0.0022086072713136673,0.0022086072713136673,-0.22086072713136673
Pythia_minus,111,MUR1.0_MUF1.0_PDF26133,pdf,2,0.21,0.42,0.7478157877922058,0.7459279298782349,0.9974755040682619,-0.0025244958233088255,0.0025244958233088255,-0.25244958233088255
Pythia_minus,111,MUR1.0_MUF1.0_PDF26133,pdf,3,0.42,0.63,0.7352385520935059,0.7334849238395691,0.9976148853335512,-0.0023851145524531603,0.0023851145524531603,-0.23851145524531603
Pythia_minus,111,MUR1.0_MUF1.0_PDF26133,pdf,4,0.63,0.84,0.7513492107391357,0.7502849698066711,0.9985835601911158,-0.0014164397725835443,0.0014164397725835443,-0.14164397725835443
Pythia_minus,111,MUR1.0_MUF1.0_PDF26133,pdf,5,0.84,1.05,0.7593017220497131,0.7587653398513794,0.9992935849047124,-0.0007064150995574892,0.0007064150995574892,-0.07064150995574892
Pythia_minus,111,MUR1.0_MUF1.0_PDF26133,pdf,6,1.05,1.37,0.7337679862976074,0.7339427471160889,1.0002381690421835,0.00023816904285922647,0.00023816904285922647,0.023816904285922647
Pythia_minus,111,MUR1.0_MUF1.0_PDF26133,pdf,7,1.37,1.52,0.7370075583457947,0.7366423010826111,0.9995044049968722,-0.0004955949843861163,0.0004955949843861163,-0.04955949843861163
Pythia_minus,111,MUR1.0_MUF1.0_PDF26133,pdf,8,1.52,1.74,0.7175648808479309,0.7189816832542419,1.0019744589571284,0.0019744590390473604,0.0019744590390473604,0.19744590390473604
Pythia_minus,111,MUR1.0_MUF1.0_PDF26133,pdf,9,1.74,1.95,0.6435351371765137,0.6445624828338623,1.001596409578902,0.0015964095946401358,0.0015964095946401358,0.15964095946401358
Pythia_minus,111,MUR1.0_MUF1.0_PDF26133,pdf,10,1.95,2.18,0.7551155686378479,0.7600205540657043,1.0064956751410974,0.0064956750720739365,0.0064956750720739365,0.6495675072073936
Pythia_minus,111,MUR1.0_MUF1.0_PDF26133,pdf,11,2.18,2.5,0.7272884249687195,0.731834888458252,1.0062512523690006,0.006251252256333828,0.006251252256333828,0.6251252256333828
Pythia_minus,112,MUR0.5_MUF1.0_PDF13300,scale,1,0.0,0.21,0.7786144614219666,0.7790654301643372,1.000579193894687,0.0005791938747279346,0.0005791938747279346,0.05791938747279346
Pythia_minus,112,MUR0.5_MUF1.0_PDF13300,scale,2,0.21,0.42,0.7478157877922058,0.748144268989563,1.0004392541622142,0.0004392541595734656,0.0004392541595734656,0.04392541595734656
Pythia_minus,112,MUR0.5_MUF1.0_PDF13300,scale,3,0.42,0.63,0.7352385520935059,0.7355560660362244,1.0004318515967565,0.00043185160029679537,0.00043185160029679537,0.04318516002967954
Pythia_minus,112,MUR0.5_MUF1.0_PDF13300,scale,4,0.63,0.84,0.7513492107391357,0.7515690326690674,1.0002925695892,0.0002925696026068181,0.0002925696026068181,0.029256960260681808
Pythia_minus,112,MUR0.5_MUF1.0_PDF13300,scale,5,0.84,1.05,0.7593017220497131,0.7594629526138306,1.0002123405748142,0.0002123405720340088,0.0002123405720340088,0.02123405720340088
Pythia_minus,112,MUR0.5_MUF1.0_PDF13300,scale,6,1.05,1.37,0.7337679862976074,0.7339260578155518,1.0002154243860406,0.00021542438480537385,0.00021542438480537385,0.021542438480537385
Pythia_minus,112,MUR0.5_MUF1.0_PDF13300,scale,7,1.37,1.52,0.7370075583457947,0.7370807528495789,1.0000993130978852,9.93130961433053e-05,9.93130961433053e-05,0.00993130961433053
Pythia_minus,112,MUR0.5_MUF1.0_PDF13300,scale,8,1.52,1.74,0.7175648808479309,0.7178715467453003,1.0004273702706952,0.0004273702797945589,0.0004273702797945589,0.04273702797945589
Pythia_minus,112,MUR0.5_MUF1.0_PDF13300,scale,9,1.74,1.95,0.6435351371765137,0.6436680555343628,1.000206544056681,0.00020654404943343252,0.00020654404943343252,0.020654404943343252
Pythia_minus,112,MUR0.5_MUF1.0_PDF13300,scale,10,1.95,2.18,0.7551155686378479,0.7553839087486267,1.0003553629694895,0.0003553629794623703,0.0003553629794623703,0.03553629794623703
Pythia_minus,112,MUR0.5_MUF1.0_PDF13300,scale,11,2.18,2.5,0.7272884249687195,0.7273885011672974,1.0001376018030015,0.0001376018044538796,0.0001376018044538796,0.01376018044538796
Pythia_minus,113,MUR1.0_MUF1.0_PDF13311,pdf,1,0.0,0.21,0.7786144614219666,0.7785936594009399,0.9999732832845301,-2.671671609277837e-05,2.671671609277837e-05,-0.002671671609277837
Pythia_minus,113,MUR1.0_MUF1.0_PDF13311,pdf,2,0.21,0.42,0.7478157877922058,0.7477956414222717,0.9999730597156907,-2.6940284442389384e-05,2.6940284442389384e-05,-0.0026940284442389384
Pythia_minus,113,MUR1.0_MUF1.0_PDF13311,pdf,3,0.42,0.63,0.7352385520935059,0.7352171540260315,0.9999708964289027,-2.9103570341248997e-05,2.9103570341248997e-05,-0.0029103570341248997
Pythia_minus,113,MUR1.0_MUF1.0_PDF13311,pdf,4,0.63,0.84,0.7513492107391357,0.7513219714164734,0.9999637461219457,-3.6253877624403685e-05,3.6253877624403685e-05,-0.0036253877624403685
Pythia_minus,113,MUR1.0_MUF1.0_PDF13311,pdf,5,0.84,1.05,0.7593017220497131,0.7592642903327942,0.9999507024469563,-4.929755232296884e-05,4.929755232296884e-05,-0.004929755232296884
Pythia_minus,113,MUR1.0_MUF1.0_PDF13311,pdf,6,1.05,1.37,0.7337679862976074,0.7337241172790527,0.9999402140467097,-5.978595436317846e-05,5.978595436317846e-05,-0.005978595436317846
Pythia_minus,113,MUR1.0_MUF1.0_PDF13311,pdf,7,1.37,1.52,0.7370075583457947,0.7369915246963501,0.9999782449321407,-2.1755067791673355e-05,2.1755067791673355e-05,-0.0021755067791673355
Pythia_minus,113,MUR1.0_MUF1.0_PDF13311,pdf,8,1.52,1.74,0.7175648808479309,0.7175289988517761,0.999949994771048,-5.0005230150418356e-05,5.0005230150418356e-05,-0.005000523015041836
Pythia_minus,113,MUR1.0_MUF1.0_PDF13311,pdf,9,1.74,1.95,0.6435351371765137,0.643505334854126,0.9999536896733899,-4.631032788893208e-05,4.631032788893208e-05,-0.004631032788893208
Pythia_minus,113,MUR1.0_MUF1.0_PDF13311,pdf,10,1.95,2.18,0.7551155686378479,0.7550576329231262,0.99992327569828,-7.672430365346372e-05,7.672430365346372e-05,-0.007672430365346372
Pythia_minus,113,MUR1.0_MUF1.0_PDF13311,pdf,11,2.18,2.5,0.7272884249687195,0.7272546887397766,0.9999536136864211,-4.6386314352275804e-05,4.6386314352275804e-05,-0.00463863143522758
Pythia_minus,114,MUR1.0_MUF1.0_PDF26134,pdf,1,0.0,0.21,0.7786144614219666,0.776738703250885,0.9975909024761037,-0.0024090975057333708,0.0024090975057333708,-0.24090975057333708
Pythia_minus,114,MUR1.0_MUF1.0_PDF26134,pdf,2,0.21,0.42,0.7478157877922058,0.7457980513572693,0.9973018269099486,-0.0026981730479747057,0.0026981730479747057,-0.26981730479747057
Pythia_minus,114,MUR1.0_MUF1.0_PDF26134,pdf,3,0.42,0.63,0.7352385520935059,0.7333644032478333,0.9974509649414653,-0.002549035008996725,0.002549035008996725,-0.2549035008996725
Pythia_minus,114,MUR1.0_MUF1.0_PDF26134,pdf,4,0.63,0.84,0.7513492107391357,0.7502781748771667,0.9985745165541395,-0.0014254834968596697,0.0014254834968596697,-0.14254834968596697
Pythia_minus,114,MUR1.0_MUF1.0_PDF26134,pdf,5,0.84,1.05,0.7593017220497131,0.758878767490387,0.9994429690503212,-0.0005570309585891664,0.0005570309585891664,-0.05570309585891664
Pythia_minus,114,MUR1.0_MUF1.0_PDF26134,pdf,6,1.05,1.37,0.7337679862976074,0.7341210246086121,1.00048113070834,0.00048113070079125464,0.00048113070079125464,0.048113070079125464
Pythia_minus,114,MUR1.0_MUF1.0_PDF26134,pdf,7,1.37,1.52,0.7370075583457947,0.7366286516189575,0.9994858848833414,-0.0005141150904819369,0.0005141150904819369,-0.05141150904819369
Pythia_minus,114,MUR1.0_MUF1.0_PDF26134,pdf,8,1.52,1.74,0.7175648808479309,0.719147801399231,1.002205961570234,0.0022059616167098284,0.0022059616167098284,0.22059616167098284
Pythia_minus,114,MUR1.0_MUF1.0_PDF26134,pdf,9,1.74,1.95,0.6435351371765137,0.6447094678878784,1.0018248121097428,0.0018248121486976743,0.0018248121486976743,0.18248121486976743
Pythia_minus,114,MUR1.0_MUF1.0_PDF26134,pdf,10,1.95,2.18,0.7551155686378479,0.7604435682296753,1.0070558730519072,0.007055873051285744,0.007055873051285744,0.7055873051285744
Pythia_minus,114,MUR1.0_MUF1.0_PDF26134,pdf,11,2.18,2.5,0.7272884249687195,0.7319477796554565,1.006406474414793,0.006406474392861128,0.006406474392861128,0.6406474392861128
Pythia_minus,115,MUR1.0_MUF1.0_PDF26135,pdf,1,0.0,0.21,0.7786144614219666,0.7767741084098816,0.9976363744789379,-0.0023636254481971264,0.0023636254481971264,-0.23636254481971264
Pythia_minus,115,MUR1.0_MUF1.0_PDF26135,pdf,2,0.21,0.42,0.7478157877922058,0.7458111643791199,0.9973193620062446,-0.0026806381065398455,0.0026806381065398455,-0.26806381065398455
Pythia_minus,115,MUR1.0_MUF1.0_PDF26135,pdf,3,0.42,0.63,0.7352385520935059,0.7333805561065674,0.9974729344895639,-0.0025270655751228333,0.0025270655751228333,-0.2527065575122833
Pythia_minus,115,MUR1.0_MUF1.0_PDF26135,pdf,4,0.63,0.84,0.7513492107391357,0.7502241730690002,0.9985026434392221,-0.0014973565703257918,0.0014973565703257918,-0.14973565703257918
Pythia_minus,115,MUR1.0_MUF1.0_PDF26135,pdf,5,0.84,1.05,0.7593017220497131,0.7587311863899231,0.9992486048125244,-0.0007513951859436929,0.0007513951859436929,-0.07513951859436929
Pythia_minus,115,MUR1.0_MUF1.0_PDF26135,pdf,6,1.05,1.37,0.7337679862976074,0.7339380383491516,1.0002317517999146,0.00023175179376266897,0.00023175179376266897,0.023175179376266897
Pythia_minus,115,MUR1.0_MUF1.0_PDF26135,pdf,7,1.37,1.52,0.7370075583457947,0.7366257905960083,0.9994820029381473,-0.0005179970758035779,0.0005179970758035779,-0.05179970758035779
Pythia_minus,115,MUR1.0_MUF1.0_PDF26135,pdf,8,1.52,1.74,0.7175648808479309,0.7190149426460266,1.0020208093188483,0.002020809333771467,0.002020809333771467,0.20208093337714672
Pythia_minus,115,MUR1.0_MUF1.0_PDF26135,pdf,9,1.74,1.95,0.6435351371765137,0.6445735692977905,1.001613637020401,0.0016136369667947292,0.0016136369667947292,0.16136369667947292
Pythia_minus,115,MUR1.0_MUF1.0_PDF26135,pdf,10,1.95,2.18,0.7551155686378479,0.7601317167282104,1.0066428879216611,0.006642887834459543,0.006642887834459543,0.6642887834459543
Pythia_minus,115,MUR1.0_MUF1.0_PDF26135,pdf,11,2.18,2.5,0.7272884249687195,0.7319374084472656,1.006392214311325,0.006392214447259903,0.006392214447259903,0.6392214447259903
Pythia_minus,116,MUR1.0_MUF1.0_PDF26136,pdf,1,0.0,0.21,0.7786144614219666,0.7770469188690186,0.9979867538677805,-0.002013246063143015,0.002013246063143015,-0.2013246063143015
Pythia_minus,116,MUR1.0_MUF1.0_PDF26136,pdf,2,0.21,0.42,0.7478157877922058,0.7460936307907104,0.9976970839214565,-0.002302916022017598,0.002302916022017598,-0.23029160220175982
Pythia_minus,116,MUR1.0_MUF1.0_PDF26136,pdf,3,0.42,0.63,0.7352385520935059,0.7336236834526062,0.9978036126692466,-0.0021963873878121376,0.0021963873878121376,-0.21963873878121376
Pythia_minus,116,MUR1.0_MUF1.0_PDF26136,pdf,4,0.63,0.84,0.7513492107391357,0.750481128692627,0.9988446357111964,-0.0011553643271327019,0.0011553643271327019,-0.11553643271327019
Pythia_minus,116,MUR1.0_MUF1.0_PDF26136,pdf,5,0.84,1.05,0.7593017220497131,0.7590769529342651,0.9997039791838728,-0.00029602082213386893,0.00029602082213386893,-0.029602082213386893
Pythia_minus,116,MUR1.0_MUF1.0_PDF26136,pdf,6,1.05,1.37,0.7337679862976074,0.7342649698257446,1.0006773033675738,0.0006773033528588712,0.0006773033528588712,0.06773033528588712
Pythia_minus,116,MUR1.0_MUF1.0_PDF26136,pdf,7,1.37,1.52,0.7370075583457947,0.7366911172866821,0.9995706406867485,-0.00042935932287946343,0.00042935932287946343,-0.04293593228794634
Pythia_minus,116,MUR1.0_MUF1.0_PDF26136,pdf,8,1.52,1.74,0.7175648808479309,0.7192004323005676,1.0022793081103747,0.002279308158904314,0.002279308158904314,0.2279308158904314
Pythia_minus,116,MUR1.0_MUF1.0_PDF26136,pdf,9,1.74,1.95,0.6435351371765137,0.6447767615318298,1.0019293808272285,0.0019293808145448565,0.0019293808145448565,0.19293808145448565
Pythia_minus,116,MUR1.0_MUF1.0_PDF26136,pdf,10,1.95,2.18,0.7551155686378479,0.7604202628135681,1.0070250096753923,0.007025009486824274,0.007025009486824274,0.7025009486824274
Pythia_minus,116,MUR1.0_MUF1.0_PDF26136,pdf,11,2.18,2.5,0.7272884249687195,0.7318078875541687,1.006214126927214,0.006214126944541931,0.006214126944541931,0.6214126944541931
Pythia_minus,117,MUR1.0_MUF1.0_PDF26137,pdf,1,0.0,0.21,0.7786144614219666,0.776820719242096,0.997696238294117,-0.002303761662915349,0.002303761662915349,-0.2303761662915349
Pythia_minus,117,MUR1.0_MUF1.0_PDF26137,pdf,2,0.21,0.42,0.7478157877922058,0.7458457946777344,0.9973656706014625,-0.0026343294885009527,0.0026343294885009527,-0.26343294885009527
Pythia_minus,117,MUR1.0_MUF1.0_PDF26137,pdf,3,0.42,0.63,0.7352385520935059,0.7334076762199402,0.9975098206312054,-0.002490179380401969,0.002490179380401969,-0.2490179380401969
Pythia_minus,117,MUR1.0_MUF1.0_PDF26137,pdf,4,0.63,0.84,0.7513492107391357,0.7502720952033997,0.9985664248789501,-0.0014335751766338944,0.0014335751766338944,-0.14335751766338944
Pythia_minus,117,MUR1.0_MUF1.0_PDF26137,pdf,5,0.84,1.05,0.7593017220497131,0.7588054537773132,0.9993464149257291,-0.0006535850698128343,0.0006535850698128343,-0.06535850698128343
Pythia_minus,117,MUR1.0_MUF1.0_PDF26137,pdf,6,1.05,1.37,0.7337679862976074,0.7340236902236938,1.0003484806244773,0.0003484806220512837,0.0003484806220512837,0.03484806220512837
Pythia_minus,117,MUR1.0_MUF1.0_PDF26137,pdf,7,1.37,1.52,0.7370075583457947,0.7366390228271484,0.9994999569346705,-0.0005000430392101407,0.0005000430392101407,-0.05000430392101407
Pythia_minus,117,MUR1.0_MUF1.0_PDF26137,pdf,8,1.52,1.74,0.7175648808479309,0.719131350517273,1.0021830355848673,0.002183035481721163,0.002183035481721163,0.21830354817211628
Pythia_minus,117,MUR1.0_MUF1.0_PDF26137,pdf,9,1.74,1.95,0.6435351371765137,0.6446643471717834,1.0017546982752552,0.001754698227159679,0.001754698227159679,0.1754698227159679
Pythia_minus,117,MUR1.0_MUF1.0_PDF26137,pdf,10,1.95,2.18,0.7551155686378479,0.7603963017463684,1.0069932780197426,0.006993277929723263,0.006993277929723263,0.6993277929723263
Pythia_minus,117,MUR1.0_MUF1.0_PDF26137,pdf,11,2.18,2.5,0.7272884249687195,0.7320767045021057,1.0065837422527275,0.006583742331713438,0.006583742331713438,0.6583742331713438
Pythia_minus,118,MUR1.0_MUF1.0_PDF26138,pdf,1,0.0,0.21,0.7786144614219666,0.7768563628196716,0.9977420165057246,-0.0022579834330826998,0.0022579834330826998,-0.22579834330826998
Pythia_minus,118,MUR1.0_MUF1.0_PDF26138,pdf,2,0.21,0.42,0.7478157877922058,0.7459065914154053,0.9974469696842894,-0.0025530303828418255,0.0025530303828418255,-0.25530303828418255
Pythia_minus,118,MUR1.0_MUF1.0_PDF26138,pdf,3,0.42,0.63,0.7352385520935059,0.7334691286087036,0.9975934021961117,-0.002406597835943103,0.002406597835943103,-0.24065978359431028
Pythia_minus,118,MUR1.0_MUF1.0_PDF26138,pdf,4,0.63,0.84,0.7513492107391357,0.7503049373626709,0.9986101357910026,-0.001389864250086248,0.001389864250086248,-0.1389864250086248
Pythia_minus,118,MUR1.0_MUF1.0_PDF26138,pdf,5,0.84,1.05,0.7593017220497131,0.758831799030304,0.9993811116111516,-0.000618888414464891,0.000618888414464891,-0.061888841446489096
Pythia_minus,118,MUR1.0_MUF1.0_PDF26138,pdf,6,1.05,1.37,0.7337679862976074,0.7340226173400879,1.000347018468011,0.00034701847471296787,0.00034701847471296787,0.03470184747129679
Pythia_minus,118,MUR1.0_MUF1.0_PDF26138,pdf,7,1.37,1.52,0.7370075583457947,0.7366456985473633,0.9995090148067903,-0.0004909851704724133,0.0004909851704724133,-0.04909851704724133
Pythia_minus,118,MUR1.0_MUF1.0_PDF26138,pdf,8,1.52,1.74,0.7175648808479309,0.7190104722976685,1.0020145794315203,0.0020145794842392206,0.0020145794842392206,0.20145794842392206
Pythia_minus,118,MUR1.0_MUF1.0_PDF26138,pdf,9,1.74,1.95,0.6435351371765137,0.6446054577827454,1.0016631890698737,0.0016631890321150422,0.0016631890321150422,0.16631890321150422
Pythia_minus,118,MUR1.0_MUF1.0_PDF26138,pdf,10,1.95,2.18,0.7551155686378479,0.7600610852241516,1.0065493505785146,0.006549350451678038,0.006549350451678038,0.6549350451678038
Pythia_minus,118,MUR1.0_MUF1.0_PDF26138,pdf,11,2.18,2.5,0.7272884249687195,0.7317413687705994,1.0061226655739384,0.0061226654797792435,0.0061226654797792435,0.6122665479779243
Pythia_minus,119,MUR1.0_MUF1.0_PDF26139,pdf,1,0.0,0.21,0.7786144614219666,0.7781293988227844,0.9993770182507319,-0.0006229817518033087,0.0006229817518033087,-0.06229817518033087
Pythia_minus,119,MUR1.0_MUF1.0_PDF26139,pdf,2,0.21,0.42,0.7478157877922058,0.7471362948417664,0.9990913631919359,-0.0009086367790587246,0.0009086367790587246,-0.09086367790587246
Pythia_minus,119,MUR1.0_MUF1.0_PDF26139,pdf,3,0.42,0.63,0.7352385520935059,0.734653651714325,0.9992044753671914,-0.0007955246255733073,0.0007955246255733073,-0.07955246255733073
Pythia_minus,119,MUR1.0_MUF1.0_PDF26139,pdf,4,0.63,0.84,0.7513492107391357,0.7510663866996765,0.9996235784433966,-0.0003764215507544577,0.0003764215507544577,-0.03764215507544577
Pythia_minus,119,MUR1.0_MUF1.0_PDF26139,pdf,5,0.84,1.05,0.7593017220497131,0.7594165205955505,1.0001511896292392,0.00015118962619453669,0.00015118962619453669,0.015118962619453669
Pythia_minus,119,MUR1.0_MUF1.0_PDF26139,pdf,6,1.05,1.37,0.7337679862976074,0.7343849539756775,1.0008408211990594,0.0008408211870118976,0.0008408211870118976,0.08408211870118976
Pythia_minus,119,MUR1.0_MUF1.0_PDF26139,pdf,7,1.37,1.52,0.7370075583457947,0.7371634840965271,1.0002115660130846,0.00021156601724214852,0.00021156601724214852,0.021156601724214852
Pythia_minus,119,MUR1.0_MUF1.0_PDF26139,pdf,8,1.52,1.74,0.7175648808479309,0.7188965678215027,1.0018558419024048,0.0018558419542387128,0.0018558419542387128,0.18558419542387128
Pythia_minus,119,MUR1.0_MUF1.0_PDF26139,pdf,9,1.74,1.95,0.6435351371765137,0.6448025107383728,1.0019693929494196,0.001969392877072096,0.001969392877072096,0.1969392877072096
Pythia_minus,119,MUR1.0_MUF1.0_PDF26139,pdf,10,1.95,2.18,0.7551155686378479,0.7586261034011841,1.004649003290541,0.004649003501981497,0.004649003501981497,0.4649003501981497
Pythia_minus,119,MUR1.0_MUF1.0_PDF26139,pdf,11,2.18,2.5,0.7272884249687195,0.7301140427589417,1.0038851406033908,0.0038851406425237656,0.0038851406425237656,0.38851406425237656
Pythia_minus,120,MUR1.0_MUF1.0_PDF26140,pdf,1,0.0,0.21,0.7786144614219666,0.7756171822547913,0.9961504964065252,-0.0038495035842061043,0.0038495035842061043,-0.38495035842061043
Pythia_minus,120,MUR1.0_MUF1.0_PDF26140,pdf,2,0.21,0.42,0.7478157877922058,0.744675874710083,0.995801221191929,-0.004198778886348009,0.004198778886348009,-0.4198778886348009
Pythia_minus,120,MUR1.0_MUF1.0_PDF26140,pdf,3,0.42,0.63,0.7352385520935059,0.7322630882263184,0.9959530633170484,-0.004046936519443989,0.004046936519443989,-0.4046936519443989
Pythia_minus,120,MUR1.0_MUF1.0_PDF26140,pdf,4,0.63,0.84,0.7513492107391357,0.7495214343070984,0.9975673409835099,-0.0024326590355485678,0.0024326590355485678,-0.24326590355485678
Pythia_minus,120,MUR1.0_MUF1.0_PDF26140,pdf,5,0.84,1.05,0.7593017220497131,0.7580734491348267,0.9983823651662862,-0.001617634785361588,0.001617634785361588,-0.1617634785361588
Pythia_minus,120,MUR1.0_MUF1.0_PDF26140,pdf,6,1.05,1.37,0.7337679862976074,0.7334088087081909,0.9995105025074359,-0.0004894974990747869,0.0004894974990747869,-0.04894974990747869
Pythia_minus,120,MUR1.0_MUF1.0_PDF26140,pdf,7,1.37,1.52,0.7370075583457947,0.7360934019088745,0.9987596376365909,-0.0012403624132275581,0.0012403624132275581,-0.12403624132275581
Pythia_minus,120,MUR1.0_MUF1.0_PDF26140,pdf,8,1.52,1.74,0.7175648808479309,0.7190300226211548,1.0020418248054344,0.002041824860498309,0.002041824860498309,0.2041824860498309
Pythia_minus,120,MUR1.0_MUF1.0_PDF26140,pdf,9,1.74,1.95,0.6435351371765137,0.6441636085510254,1.000976592167553,0.0009765921859070659,0.0009765921859070659,0.09765921859070659
Pythia_minus,120,MUR1.0_MUF1.0_PDF26140,pdf,10,1.95,2.18,0.7551155686378479,0.7610630393028259,1.0078762389652576,0.007876238785684109,0.007876238785684109,0.7876238785684109
Pythia_minus,120,MUR1.0_MUF1.0_PDF26140,pdf,11,2.18,2.5,0.7272884249687195,0.7331820726394653,1.0081035906366849,0.008103590458631516,0.008103590458631516,0.8103590458631516
Pythia_minus,121,MUR1.0_MUF1.0_PDF26141,pdf,1,0.0,0.21,0.7786144614219666,0.7757251262664795,0.9962891324286344,-0.003710867604240775,0.003710867604240775,-0.3710867604240775
Pythia_minus,121,MUR1.0_MUF1.0_PDF26141,pdf,2,0.21,0.42,0.7478157877922058,0.7445693016052246,0.9956587086820327,-0.0043412912636995316,0.0043412912636995316,-0.43412912636995316
Pythia_minus,121,MUR1.0_MUF1.0_PDF26141,pdf,3,0.42,0.63,0.7352385520935059,0.7321746945381165,0.99583283881583,-0.004167161416262388,0.004167161416262388,-0.4167161416262388
Pythia_minus,121,MUR1.0_MUF1.0_PDF26141,pdf,4,0.63,0.84,0.7513492107391357,0.74937504529953,0.9973725061377736,-0.0026274938136339188,0.0026274938136339188,-0.2627493813633919
Pythia_minus,121,MUR1.0_MUF1.0_PDF26141,pdf,5,0.84,1.05,0.7593017220497131,0.757706880569458,0.9978995945433261,-0.00210040551610291,0.00210040551610291,-0.210040551610291
Pythia_minus,121,MUR1.0_MUF1.0_PDF26141,pdf,6,1.05,1.37,0.7337679862976074,0.7330620884895325,0.9990379822760642,-0.0009620177443139255,0.0009620177443139255,-0.09620177443139255
Pythia_minus,121,MUR1.0_MUF1.0_PDF26141,pdf,7,1.37,1.52,0.7370075583457947,0.7359804511070251,0.9986063816752777,-0.001393618294969201,0.001393618294969201,-0.1393618294969201
Pythia_minus,121,MUR1.0_MUF1.0_PDF26141,pdf,8,1.52,1.74,0.7175648808479309,0.7193959951400757,1.00255184491468,0.00255184480920434,0.00255184480920434,0.255184480920434
Pythia_minus,121,MUR1.0_MUF1.0_PDF26141,pdf,9,1.74,1.95,0.6435351371765137,0.6441470980644226,1.000950936246611,0.0009509362280368805,0.0009509362280368805,0.09509362280368805
Pythia_minus,121,MUR1.0_MUF1.0_PDF26141,pdf,10,1.95,2.18,0.7551155686378479,0.7622236013412476,1.0094131719681292,0.00941317155957222,0.00941317155957222,0.941317155957222
Pythia_minus,121,MUR1.0_MUF1.0_PDF26141,pdf,11,2.18,2.5,0.7272884249687195,0.7348141670227051,1.0103476719766429,0.010347671806812286,0.010347671806812286,1.0347671806812286
Pythia_minus,122,MUR1.0_MUF1.0_PDF26142,pdf,1,0.0,0.21,0.7786144614219666,0.7786012887954712,0.9999830819652754,-1.691803481662646e-05,1.691803481662646e-05,-0.001691803481662646
Pythia_minus,122,MUR1.0_MUF1.0_PDF26142,pdf,2,0.21,0.42,0.7478157877922058,0.7477368116378784,0.9998943908973084,-0.00010560910595813766,0.00010560910595813766,-0.010560910595813766
Pythia_minus,122,MUR1.0_MUF1.0_PDF26142,pdf,3,0.42,0.63,0.7352385520935059,0.735210657119751,0.9999620599685973,-3.7940029869787395e-05,3.7940029869787395e-05,-0.0037940029869787395
Pythia_minus,122,MUR1.0_MUF1.0_PDF26142,pdf,4,0.63,0.84,0.7513492107391357,0.751404345035553,1.0000733803877466,7.338038994930685e-05,7.338038994930685e-05,0.007338038994930685
Pythia_minus,122,MUR1.0_MUF1.0_PDF26142,pdf,5,0.84,1.05,0.7593017220497131,0.759635865688324,1.0004400670101325,0.0004400670004542917,0.0004400670004542917,0.04400670004542917
Pythia_minus,122,MUR1.0_MUF1.0_PDF26142,pdf,6,1.05,1.37,0.7337679862976074,0.734332263469696,1.000769013070379,0.0007690130732953548,0.0007690130732953548,0.07690130732953548
Pythia_minus,122,MUR1.0_MUF1.0_PDF26142,pdf,7,1.37,1.52,0.7370075583457947,0.7372403740882874,1.000315893290179,0.00031589329591952264,0.00031589329591952264,0.031589329591952264
Pythia_minus,122,MUR1.0_MUF1.0_PDF26142,pdf,8,1.52,1.74,0.7175648808479309,0.7181059718132019,1.0007540655621714,0.0007540655788034201,0.0007540655788034201,0.075406557880342
Pythia_minus,122,MUR1.0_MUF1.0_PDF26142,pdf,9,1.74,1.95,0.6435351371765137,0.6443571448326111,1.0012773314285588,0.0012773313792422414,0.0012773313792422414,0.12773313792422414
Pythia_minus,122,MUR1.0_MUF1.0_PDF26142,pdf,10,1.95,2.18,0.7551155686378479,0.7563213109970093,1.0015967653286986,0.0015967653598636389,0.0015967653598636389,0.1596765359863639
Pythia_minus,122,MUR1.0_MUF1.0_PDF26142,pdf,11,2.18,2.5,0.7272884249687195,0.727777361869812,1.0006722737284228,0.0006722737452946603,0.0006722737452946603,0.06722737452946603
Pythia_minus,123,MUR1.0_MUF1.0_PDF26143,pdf,1,0.0,0.21,0.7786144614219666,0.7769912481307983,0.9979152541192161,-0.002084745792672038,0.002084745792672038,-0.2084745792672038
Pythia_minus,123,MUR1.0_MUF1.0_PDF26143,pdf,2,0.21,0.42,0.7478157877922058,0.7461314797401428,0.9977476965857653,-0.0022523035295307636,0.0022523035295307636,-0.22523035295307636
Pythia_minus,123,MUR1.0_MUF1.0_PDF26143,pdf,3,0.42,0.63,0.7352385520935059,0.7336599826812744,0.9978529833511359,-0.002147016581147909,0.002147016581147909,-0.21470165811479092
Pythia_minus,123,MUR1.0_MUF1.0_PDF26143,pdf,4,0.63,0.84,0.7513492107391357,0.750526487827301,0.998905005954521,-0.0010949940187856555,0.0010949940187856555,-0.10949940187856555
Pythia_minus,123,MUR1.0_MUF1.0_PDF26143,pdf,5,0.84,1.05,0.7593017220497131,0.759040117263794,0.9996554666237119,-0.00034453338594175875,0.00034453338594175875,-0.034453338594175875
Pythia_minus,123,MUR1.0_MUF1.0_PDF26143,pdf,6,1.05,1.37,0.7337679862976074,0.7340999841690063,1.000452456195417,0.0004524561809375882,0.0004524561809375882,0.04524561809375882
Pythia_minus,123,MUR1.0_MUF1.0_PDF26143,pdf,7,1.37,1.52,0.7370075583457947,0.736665666103363,0.9995361075492916,-0.00046389244380407035,0.00046389244380407035,-0.046389244380407035
Pythia_minus,123,MUR1.0_MUF1.0_PDF26143,pdf,8,1.52,1.74,0.7175648808479309,0.7187684774398804,1.001677334864169,0.0016773348907008767,0.0016773348907008767,0.16773348907008767
Pythia_minus,123,MUR1.0_MUF1.0_PDF26143,pdf,9,1.74,1.95,0.6435351371765137,0.6443727016448975,1.0013015054190493,0.0013015053700655699,0.0013015053700655699,0.130150537006557
Pythia_minus,123,MUR1.0_MUF1.0_PDF26143,pdf,10,1.95,2.18,0.7551155686378479,0.7591055035591125,1.0052838732069345,0.005283873062580824,0.005283873062580824,0.5283873062580824
Pythia_minus,123,MUR1.0_MUF1.0_PDF26143,pdf,11,2.18,2.5,0.7272884249687195,0.7306131720542908,1.0045714285714287,0.004571428522467613,0.004571428522467613,0.4571428522467613
Pythia_minus,124,MUR1.0_MUF1.0_PDF13312,pdf,1,0.0,0.21,0.7786144614219666,0.7785937786102295,0.9999734363889167,-2.6563611754681915e-05,2.6563611754681915e-05,-0.0026563611754681915
Pythia_minus,124,MUR1.0_MUF1.0_PDF13312,pdf,2,0.21,0.42,0.7478157877922058,0.747794508934021,0.9999715453210106,-2.8454678613343276e-05,2.8454678613343276e-05,-0.0028454678613343276
Pythia_minus,124,MUR1.0_MUF1.0_PDF13312,pdf,3,0.42,0.63,0.7352385520935059,0.7352192997932434,0.9999738148928567,-2.6185107344645076e-05,2.6185107344645076e-05,-0.0026185107344645076
Pythia_minus,124,MUR1.0_MUF1.0_PDF13312,pdf,4,0.63,0.84,0.7513492107391357,0.7513214349746704,0.9999630321506054,-3.696784915518947e-05,3.696784915518947e-05,-0.003696784915518947
Pythia_minus,124,MUR1.0_MUF1.0_PDF13312,pdf,5,0.84,1.05,0.7593017220497131,0.7592639327049255,0.9999502314512265,-4.9768550525186583e-05,4.9768550525186583e-05,-0.004976855052518658
Pythia_minus,124,MUR1.0_MUF1.0_PDF13312,pdf,6,1.05,1.37,0.7337679862976074,0.7337217926979065,0.9999370460410326,-6.295395724009722e-05,6.295395724009722e-05,-0.0062953957240097225
Pythia_minus,124,MUR1.0_MUF1.0_PDF13312,pdf,7,1.37,1.52,0.7370075583457947,0.7369920015335083,0.9999788919230065,-2.110807690769434e-05,2.110807690769434e-05,-0.002110807690769434
Pythia_minus,124,MUR1.0_MUF1.0_PDF13312,pdf,8,1.52,1.74,0.7175648808479309,0.7175259590148926,0.9999457584476649,-5.424155096989125e-05,5.424155096989125e-05,-0.005424155096989125
Pythia_minus,124,MUR1.0_MUF1.0_PDF13312,pdf,9,1.74,1.95,0.6435351371765137,0.6435034871101379,0.9999508184331402,-4.918156628264114e-05,4.918156628264114e-05,-0.004918156628264114
Pythia_minus,124,MUR1.0_MUF1.0_PDF13312,pdf,10,1.95,2.18,0.7551155686378479,0.7550532817840576,0.9999175134822043,-8.248652011388913e-05,8.248652011388913e-05,-0.008248652011388913
Pythia_minus,124,MUR1.0_MUF1.0_PDF13312,pdf,11,2.18,2.5,0.7272884249687195,0.7272528409957886,0.9999510730932746,-4.892690776614472e-05,4.892690776614472e-05,-0.004892690776614472
Pythia_minus,125,MUR1.0_MUF1.0_PDF26144,pdf,1,0.0,0.21,0.7786144614219666,0.7774788737297058,0.9985415276127971,-0.0014584723394364119,0.0014584723394364119,-0.14584723394364119
Pythia_minus,125,MUR1.0_MUF1.0_PDF26144,pdf,2,0.21,0.42,0.7478157877922058,0.7463057637214661,0.9979807539565354,-0.002019246108829975,0.002019246108829975,-0.2019246108829975
Pythia_minus,125,MUR1.0_MUF1.0_PDF26144,pdf,3,0.42,0.63,0.7352385520935059,0.7338594794273376,0.9981243194304196,-0.0018756805220618844,0.0018756805220618844,-0.18756805220618844
Pythia_minus,125,MUR1.0_MUF1.0_PDF26144,pdf,4,0.63,0.84,0.7513492107391357,0.750353991985321,0.9986754245035598,-0.0013245755108073354,0.0013245755108073354,-0.13245755108073354
Pythia_minus,125,MUR1.0_MUF1.0_PDF26144,pdf,5,0.84,1.05,0.7593017220497131,0.7584883570671082,0.9989287987120464,-0.0010712012881413102,0.0010712012881413102,-0.10712012881413102
Pythia_minus,125,MUR1.0_MUF1.0_PDF26144,pdf,6,1.05,1.37,0.7337679862976074,0.7335644960403442,0.9997226776568845,-0.00027732233866117895,0.00027732233866117895,-0.027732233866117895
Pythia_minus,125,MUR1.0_MUF1.0_PDF26144,pdf,7,1.37,1.52,0.7370075583457947,0.73673015832901,0.9996236130638778,-0.00037638694630004466,0.00037638694630004466,-0.037638694630004466
Pythia_minus,125,MUR1.0_MUF1.0_PDF26144,pdf,8,1.52,1.74,0.7175648808479309,0.7190470099449158,1.0020654983772805,0.0020654983818531036,0.0020654983818531036,0.20654983818531036
Pythia_minus,125,MUR1.0_MUF1.0_PDF26144,pdf,9,1.74,1.95,0.6435351371765137,0.6444928050041199,1.0014881360352876,0.0014881360111758113,0.0014881360111758113,0.14881360111758113
Pythia_minus,125,MUR1.0_MUF1.0_PDF26144,pdf,10,1.95,2.18,0.7551155686378479,0.7602006196975708,1.0067341361652704,0.006734136026352644,0.006734136026352644,0.6734136026352644
Pythia_minus,125,MUR1.0_MUF1.0_PDF26144,pdf,11,2.18,2.5,0.7272884249687195,0.7327318787574768,1.0074845874097218,0.007484587375074625,0.007484587375074625,0.7484587375074625
Pythia_minus,126,MUR1.0_MUF1.0_PDF26145,pdf,1,0.0,0.21,0.7786144614219666,0.777975857257843,0.99917981980073,-0.0008201802265830338,0.0008201802265830338,-0.08201802265830338
Pythia_minus,126,MUR1.0_MUF1.0_PDF26145,pdf,2,0.21,0.42,0.7478157877922058,0.747130274772644,0.9990833129886364,-0.000916687014978379,0.000916687014978379,-0.0916687014978379
Pythia_minus,126,MUR1.0_MUF1.0_PDF26145,pdf,3,0.42,0.63,0.7352385520935059,0.7346665263175964,0.9992219861509157,-0.0007780138403177261,0.0007780138403177261,-0.07780138403177261
Pythia_minus,126,MUR1.0_MUF1.0_PDF26145,pdf,4,0.63,0.84,0.7513492107391357,0.7512298226356506,0.9998411017117225,-0.0001588982850080356,0.0001588982850080356,-0.01588982850080356
Pythia_minus,126,MUR1.0_MUF1.0_PDF26145,pdf,5,0.84,1.05,0.7593017220497131,0.7598777413368225,1.0007586171219978,0.0007586171268485487,0.0007586171268485487,0.07586171268485487
Pythia_minus,126,MUR1.0_MUF1.0_PDF26145,pdf,6,1.05,1.37,0.7337679862976074,0.7349976897239685,1.001675875003168,0.001675875042565167,0.001675875042565167,0.1675875042565167
Pythia_minus,126,MUR1.0_MUF1.0_PDF26145,pdf,7,1.37,1.52,0.7370075583457947,0.7374763488769531,1.0006360728948434,0.0006360728875733912,0.0006360728875733912,0.06360728875733912
Pythia_minus,126,MUR1.0_MUF1.0_PDF26145,pdf,8,1.52,1.74,0.7175648808479309,0.7190220952033997,1.0020307771385728,0.002030777046456933,0.002030777046456933,0.2030777046456933
Pythia_minus,126,MUR1.0_MUF1.0_PDF26145,pdf,9,1.74,1.95,0.6435351371765137,0.6452596783638,1.0026797933596179,0.0026797933969646692,0.0026797933969646692,0.2679793396964669
Pythia_minus,126,MUR1.0_MUF1.0_PDF26145,pdf,10,1.95,2.18,0.7551155686378479,0.7582545876502991,1.004157004759038,0.004157004877924919,0.004157004877924919,0.4157004877924919
Pythia_minus,126,MUR1.0_MUF1.0_PDF26145,pdf,11,2.18,2.5,0.7272884249687195,0.7288224697113037,1.0021092659939559,0.002109265886247158,0.002109265886247158,0.2109265886247158
Pythia_minus,127,MUR1.0_MUF1.0_PDF26146,pdf,1,0.0,0.21,0.7786144614219666,0.7767412662506104,0.9975941942204166,-0.0024058057460933924,0.0024058057460933924,-0.24058057460933924
Pythia_minus,127,MUR1.0_MUF1.0_PDF26146,pdf,2,0.21,0.42,0.7478157877922058,0.7458410859107971,0.9973593739077926,-0.002640626160427928,0.002640626160427928,-0.2640626160427928
Pythia_minus,127,MUR1.0_MUF1.0_PDF26146,pdf,3,0.42,0.63,0.7352385520935059,0.7331950664520264,0.9972206494944248,-0.0027793506160378456,0.0027793506160378456,-0.27793506160378456
Pythia_minus,127,MUR1.0_MUF1.0_PDF26146,pdf,4,0.63,0.84,0.7513492107391357,0.7503283619880676,0.9986413125395263,-0.001358687411993742,0.001358687411993742,-0.1358687411993742
Pythia_minus,127,MUR1.0_MUF1.0_PDF26146,pdf,5,0.84,1.05,0.7593017220497131,0.7584393620491028,0.9988642722970752,-0.0011357277398929,0.0011357277398929,-0.11357277398929
Pythia_minus,127,MUR1.0_MUF1.0_PDF26146,pdf,6,1.05,1.37,0.7337679862976074,0.7334408164024353,0.9995541235086817,-0.0004458765033632517,0.0004458765033632517,-0.04458765033632517
Pythia_minus,127,MUR1.0_MUF1.0_PDF26146,pdf,7,1.37,1.52,0.7370075583457947,0.7366994619369507,0.9995819630268983,-0.00041803697240538895,0.00041803697240538895,-0.041803697240538895
Pythia_minus,127,MUR1.0_MUF1.0_PDF26146,pdf,8,1.52,1.74,0.7175648808479309,0.7184194922447205,1.0011909883267693,0.0011909883469343185,0.0011909883469343185,0.11909883469343185
Pythia_minus,127,MUR1.0_MUF1.0_PDF26146,pdf,9,1.74,1.95,0.6435351371765137,0.6433528661727905,0.9997167660424529,-0.0002832339669112116,0.0002832339669112116,-0.02832339669112116
Pythia_minus,127,MUR1.0_MUF1.0_PDF26146,pdf,10,1.95,2.18,0.7551155686378479,0.756642758846283,1.002022458908098,0.002022458938881755,0.002022458938881755,0.2022458938881755
Pythia_minus,127,MUR1.0_MUF1.0_PDF26146,pdf,11,2.18,2.5,0.7272884249687195,0.7301635146141052,1.003953162936024,0.003953163046389818,0.003953163046389818,0.3953163046389818
Pythia_minus,128,MUR1.0_MUF1.0_PDF26147,pdf,1,0.0,0.21,0.7786144614219666,0.776336669921875,0.9970745579321354,-0.0029254420660436153,0.0029254420660436153,-0.29254420660436153
Pythia_minus,128,MUR1.0_MUF1.0_PDF26147,pdf,2,0.21,0.42,0.7478157877922058,0.7453428506851196,0.9966931199535288,-0.0033068801276385784,0.0033068801276385784,-0.33068801276385784
Pythia_minus,128,MUR1.0_MUF1.0_PDF26147,pdf,3,0.42,0.63,0.7352385520935059,0.7331081032752991,0.9971023706358425,-0.0028976292815059423,0.0028976292815059423,-0.28976292815059423
Pythia_minus,128,MUR1.0_MUF1.0_PDF26147,pdf,4,0.63,0.84,0.7513492107391357,0.7501616477966309,0.9984194261130099,-0.0015805738512426615,0.0015805738512426615,-0.15805738512426615
Pythia_minus,128,MUR1.0_MUF1.0_PDF26147,pdf,5,0.84,1.05,0.7593017220497131,0.7587487697601318,0.9992717621025689,-0.00072823790833354,0.00072823790833354,-0.072823790833354
Pythia_minus,128,MUR1.0_MUF1.0_PDF26147,pdf,6,1.05,1.37,0.7337679862976074,0.7341283559799194,1.00049112211086,0.0004911221330985427,0.0004911221330985427,0.04911221330985427
Pythia_minus,128,MUR1.0_MUF1.0_PDF26147,pdf,7,1.37,1.52,0.7370075583457947,0.7367041110992432,0.9995882711878389,-0.0004117288044653833,0.0004117288044653833,-0.04117288044653833
Pythia_minus,128,MUR1.0_MUF1.0_PDF26147,pdf,8,1.52,1.74,0.7175648808479309,0.7191415429115295,1.0021972397279748,0.0021972397807985544,0.0021972397807985544,0.21972397807985544
Pythia_minus,128,MUR1.0_MUF1.0_PDF26147,pdf,9,1.74,1.95,0.6435351371765137,0.6448237299919128,1.002002365901966,0.0020023658871650696,0.0020023658871650696,0.20023658871650696
Pythia_minus,128,MUR1.0_MUF1.0_PDF26147,pdf,10,1.95,2.18,0.7551155686378479,0.7603241801261902,1.0068977673149264,0.006897767540067434,0.006897767540067434,0.6897767540067434
Pythia_minus,128,MUR1.0_MUF1.0_PDF26147,pdf,11,2.18,2.5,0.7272884249687195,0.7314541935920715,1.0057278082261947,0.005727808456867933,0.005727808456867933,0.5727808456867933
Pythia_minus,129,MUR1.0_MUF1.0_PDF26148,pdf,1,0.0,0.21,0.7786144614219666,0.7765797972679138,0.9973868143287027,-0.0026131856720894575,0.0026131856720894575,-0.26131856720894575
Pythia_minus,129,MUR1.0_MUF1.0_PDF26148,pdf,2,0.21,0.42,0.7478157877922058,0.7456933259963989,0.9971617852545303,-0.002838214859366417,0.002838214859366417,-0.2838214859366417
Pythia_minus,129,MUR1.0_MUF1.0_PDF26148,pdf,3,0.42,0.63,0.7352385520935059,0.733112096786499,0.9971078022215347,-0.002892197808250785,0.002892197808250785,-0.2892197808250785
Pythia_minus,129,MUR1.0_MUF1.0_PDF26148,pdf,4,0.63,0.84,0.7513492107391357,0.7499141097068787,0.9980899680045643,-0.0019100320059806108,0.0019100320059806108,-0.19100320059806108
Pythia_minus,129,MUR1.0_MUF1.0_PDF26148,pdf,5,0.84,1.05,0.7593017220497131,0.7584340572357178,0.9988572858604178,-0.0011427141726016998,0.0011427141726016998,-0.11427141726016998
Pythia_minus,129,MUR1.0_MUF1.0_PDF26148,pdf,6,1.05,1.37,0.7337679862976074,0.7336970567703247,0.9999033352113921,-9.66647858149372e-05,9.66647858149372e-05,-0.00966647858149372
Pythia_minus,129,MUR1.0_MUF1.0_PDF26148,pdf,7,1.37,1.52,0.7370075583457947,0.7366899847984314,0.9995691040834425,-0.0004308959178160876,0.0004308959178160876,-0.04308959178160876
Pythia_minus,129,MUR1.0_MUF1.0_PDF26148,pdf,8,1.52,1.74,0.7175648808479309,0.7191178202629089,1.0021641797925547,0.002164179692044854,0.002164179692044854,0.21641796920448542
Pythia_minus,129,MUR1.0_MUF1.0_PDF26148,pdf,9,1.74,1.95,0.6435351371765137,0.6444461941719055,1.0014157066844696,0.001415706705302,0.001415706705302,0.1415706705302
Pythia_minus,129,MUR1.0_MUF1.0_PDF26148,pdf,10,1.95,2.18,0.7551155686378479,0.7602221369743347,1.0067626315077818,0.006762631703168154,0.006762631703168154,0.6762631703168154
Pythia_minus,129,MUR1.0_MUF1.0_PDF26148,pdf,11,2.18,2.5,0.7272884249687195,0.7330589294433594,1.0079342723966604,0.007934272289276123,0.007934272289276123,0.7934272289276123
Pythia_minus,130,MUR1.0_MUF1.0_PDF26149,pdf,1,0.0,0.21,0.7786144614219666,0.7768670916557312,0.9977557959005229,-0.0022442040499299765,0.0022442040499299765,-0.22442040499299765
Pythia_minus,130,MUR1.0_MUF1.0_PDF26149,pdf,2,0.21,0.42,0.7478157877922058,0.7459141612052917,0.9974570922171512,-0.00254290783777833,0.00254290783777833,-0.254290783777833
Pythia_minus,130,MUR1.0_MUF1.0_PDF26149,pdf,3,0.42,0.63,0.7352385520935059,0.7334858179092407,0.9976161013601987,-0.0023838987108319998,0.0023838987108319998,-0.23838987108319998
Pythia_minus,130,MUR1.0_MUF1.0_PDF26149,pdf,4,0.63,0.84,0.7513492107391357,0.7503318190574646,0.9986459136881634,-0.001354086329229176,0.001354086329229176,-0.1354086329229176
Pythia_minus,130,MUR1.0_MUF1.0_PDF26149,pdf,5,0.84,1.05,0.7593017220497131,0.7588697075843811,0.9994310371585016,-0.0005689628305844963,0.0005689628305844963,-0.056896283058449626
Pythia_minus,130,MUR1.0_MUF1.0_PDF26149,pdf,6,1.05,1.37,0.7337679862976074,0.7340642809867859,1.0004037988774537,0.00040379888378083706,0.00040379888378083706,0.040379888378083706
Pythia_minus,130,MUR1.0_MUF1.0_PDF26149,pdf,7,1.37,1.52,0.7370075583457947,0.7366600632667542,0.9995285054066196,-0.00047149459715001285,0.00047149459715001285,-0.047149459715001285
Pythia_minus,130,MUR1.0_MUF1.0_PDF26149,pdf,8,1.52,1.74,0.7175648808479309,0.7190279364585876,1.0020389175246813,0.0020389175042510033,0.0020389175042510033,0.20389175042510033
Pythia_minus,130,MUR1.0_MUF1.0_PDF26149,pdf,9,1.74,1.95,0.6435351371765137,0.6446343660354614,1.0017081100866856,0.0017081100959330797,0.0017081100959330797,0.17081100959330797
Pythia_minus,130,MUR1.0_MUF1.0_PDF26149,pdf,10,1.95,2.18,0.7551155686378479,0.760073184967041,1.0065653742752732,0.006565374322235584,0.006565374322235584,0.6565374322235584
Pythia_minus,130,MUR1.0_MUF1.0_PDF26149,pdf,11,2.18,2.5,0.7272884249687195,0.7316576838493347,1.0060076012907853,0.006007601507008076,0.006007601507008076,0.6007601507008076
Pythia_minus,131,MUR1.0_MUF1.0_PDF26150,pdf,1,0.0,0.21,0.7786144614219666,0.7768088579177856,0.9976810044076456,-0.002318995539098978,0.002318995539098978,-0.2318995539098978
Pythia_minus,131,MUR1.0_MUF1.0_PDF26150,pdf,2,0.21,0.42,0.7478157877922058,0.745844304561615,0.9973636779768835,-0.0026363220531493425,0.0026363220531493425,-0.26363220531493425
Pythia_minus,131,MUR1.0_MUF1.0_PDF26150,pdf,3,0.42,0.63,0.7352385520935059,0.7333984375,0.9974972550225143,-0.0025027450174093246,0.0025027450174093246,-0.25027450174093246
Pythia_minus,131,MUR1.0_MUF1.0_PDF26150,pdf,4,0.63,0.84,0.7513492107391357,0.7502457499504089,0.9985313609531296,-0.00146863900590688,0.00146863900590688,-0.146863900590688
Pythia_minus,131,MUR1.0_MUF1.0_PDF26150,pdf,5,0.84,1.05,0.7593017220497131,0.7587741017341614,0.9993051243000906,-0.0006948757218196988,0.0006948757218196988,-0.06948757218196988
Pythia_minus,131,MUR1.0_MUF1.0_PDF26150,pdf,6,1.05,1.37,0.7337679862976074,0.7339852452278137,1.0002960866844335,0.0002960866841021925,0.0002960866841021925,0.029608668410219252
Pythia_minus,131,MUR1.0_MUF1.0_PDF26150,pdf,7,1.37,1.52,0.7370075583457947,0.7366223931312561,0.9994773931282291,-0.0005226068897172809,0.0005226068897172809,-0.052260688971728086
Pythia_minus,131,MUR1.0_MUF1.0_PDF26150,pdf,8,1.52,1.74,0.7175648808479309,0.7190696001052856,1.0020969800745776,0.0020969801116734743,0.0020969801116734743,0.20969801116734743
Pythia_minus,131,MUR1.0_MUF1.0_PDF26150,pdf,9,1.74,1.95,0.6435351371765137,0.6446184515953064,1.0016833803722758,0.0016833803383633494,0.0016833803383633494,0.16833803383633494
Pythia_minus,131,MUR1.0_MUF1.0_PDF26150,pdf,10,1.95,2.18,0.7551155686378479,0.7602880597114563,1.0068499330280516,0.006849932949990034,0.006849932949990034,0.6849932949990034
Pythia_minus,131,MUR1.0_MUF1.0_PDF26150,pdf,11,2.18,2.5,0.7272884249687195,0.73204505443573,1.0065402243507657,0.006540224421769381,0.006540224421769381,0.6540224421769381
Pythia_minus,132,MUR1.0_MUF1.0_PDF26151,pdf,1,0.0,0.21,0.7786144614219666,0.7768336534500122,0.9977128501200683,-0.0022871498949825764,0.0022871498949825764,-0.22871498949825764
Pythia_minus,132,MUR1.0_MUF1.0_PDF26151,pdf,2,0.21,0.42,0.7478157877922058,0.7458755970001221,0.9974055230930443,-0.0025944767985492945,0.0025944767985492945,-0.25944767985492945
Pythia_minus,132,MUR1.0_MUF1.0_PDF26151,pdf,3,0.42,0.63,0.7352385520935059,0.733436644077301,0.9975492198945851,-0.002450780011713505,0.002450780011713505,-0.24507800117135048
Pythia_minus,132,MUR1.0_MUF1.0_PDF26151,pdf,4,0.63,0.84,0.7513492107391357,0.7502837777137756,0.9985819735881375,-0.0014180263970047235,0.0014180263970047235,-0.14180263970047235
Pythia_minus,132,MUR1.0_MUF1.0_PDF26151,pdf,5,0.84,1.05,0.7593017220497131,0.7588157653808594,0.9993599953026026,-0.0006400046986527741,0.0006400046986527741,-0.06400046986527741
Pythia_minus,132,MUR1.0_MUF1.0_PDF26151,pdf,6,1.05,1.37,0.7337679862976074,0.7340178489685059,1.0003405199948272,0.00034051999682560563,0.00034051999682560563,0.03405199968256056
Pythia_minus,132,MUR1.0_MUF1.0_PDF26151,pdf,7,1.37,1.52,0.7370075583457947,0.7366368770599365,0.9994970454757749,-0.0005029545282013714,0.0005029545282013714,-0.05029545282013714
Pythia_minus,132,MUR1.0_MUF1.0_PDF26151,pdf,8,1.52,1.74,0.7175648808479309,0.7190518379211426,1.0020722266555946,0.002072226721793413,0.002072226721793413,0.20722267217934132
Pythia_minus,132,MUR1.0_MUF1.0_PDF26151,pdf,9,1.74,1.95,0.6435351371765137,0.6446240544319153,1.0016920867136785,0.0016920866910368204,0.0016920866910368204,0.16920866910368204
Pythia_minus,132,MUR1.0_MUF1.0_PDF26151,pdf,10,1.95,2.18,0.7551155686378479,0.7601950168609619,1.0067267163253921,0.0067267161794006824,0.0067267161794006824,0.6726716179400682
Pythia_minus,132,MUR1.0_MUF1.0_PDF26151,pdf,11,2.18,2.5,0.7272884249687195,0.731880247592926,1.0063136198330174,0.006313619669526815,0.006313619669526815,0.6313619669526815
Pythia_minus,133,MUR1.0_MUF1.0_PDF26152,pdf,1,0.0,0.21,0.7786144614219666,0.7768332958221436,0.9977123908069083,-0.0022876092698425055,0.0022876092698425055,-0.22876092698425055
Pythia_minus,133,MUR1.0_MUF1.0_PDF26152,pdf,2,0.21,0.42,0.7478157877922058,0.7458752989768982,0.9974051245681285,-0.00259487540461123,0.00259487540461123,-0.259487540461123
Pythia_minus,133,MUR1.0_MUF1.0_PDF26152,pdf,3,0.42,0.63,0.7352385520935059,0.7334368824958801,0.9975495441683577,-0.0024504559114575386,0.0024504559114575386,-0.24504559114575386
Pythia_minus,133,MUR1.0_MUF1.0_PDF26152,pdf,4,0.63,0.84,0.7513492107391357,0.7502843737602234,0.9985827668896267,-0.0014172331430017948,0.0014172331430017948,-0.14172331430017948
Pythia_minus,133,MUR1.0_MUF1.0_PDF26152,pdf,5,0.84,1.05,0.7593017220497131,0.758816123008728,0.9993604662983323,-0.0006395336822606623,0.0006395336822606623,-0.06395336822606623
Pythia_minus,133,MUR1.0_MUF1.0_PDF26152,pdf,6,1.05,1.37,0.7337679862976074,0.7340178489685059,1.0003405199948272,0.00034051999682560563,0.00034051999682560563,0.03405199968256056
Pythia_minus,133,MUR1.0_MUF1.0_PDF26152,pdf,7,1.37,1.52,0.7370075583457947,0.7366373538970947,0.9994976924666406,-0.0005023075500503182,0.0005023075500503182,-0.050230755005031824
Pythia_minus,133,MUR1.0_MUF1.0_PDF26152,pdf,8,1.52,1.74,0.7175648808479309,0.7190521359443665,1.0020726419814165,0.0020726420916616917,0.0020726420916616917,0.20726420916616917
Pythia_minus,133,MUR1.0_MUF1.0_PDF26152,pdf,9,1.74,1.95,0.6435351371765137,0.6446241140365601,1.0016921793343316,0.0016921793576329947,0.0016921793576329947,0.16921793576329947
Pythia_minus,133,MUR1.0_MUF1.0_PDF26152,pdf,10,1.95,2.18,0.7551155686378479,0.7601948976516724,1.0067265584564586,0.006726558320224285,0.006726558320224285,0.6726558320224285
Pythia_minus,133,MUR1.0_MUF1.0_PDF26152,pdf,11,2.18,2.5,0.7272884249687195,0.7318797707557678,1.0063129641960764,0.006312964018434286,0.006312964018434286,0.6312964018434286
Pythia_minus,134,MUR1.0_MUF1.0_PDF26153,pdf,1,0.0,0.21,0.7786144614219666,0.7768333554267883,0.9977124673591017,-0.0022875326685607433,0.0022875326685607433,-0.22875326685607433
Pythia_minus,134,MUR1.0_MUF1.0_PDF26153,pdf,2,0.21,0.42,0.7478157877922058,0.7458757162094116,0.9974056825030106,-0.0025943175423890352,0.0025943175423890352,-0.2594317542389035
Pythia_minus,134,MUR1.0_MUF1.0_PDF26153,pdf,3,0.42,0.63,0.7352385520935059,0.7334373593330383,0.9975501927159031,-0.002449807245284319,0.002449807245284319,-0.2449807245284319
Pythia_minus,134,MUR1.0_MUF1.0_PDF26153,pdf,4,0.63,0.84,0.7513492107391357,0.7502843737602234,0.9985827668896267,-0.0014172331430017948,0.0014172331430017948,-0.14172331430017948
Pythia_minus,134,MUR1.0_MUF1.0_PDF26153,pdf,5,0.84,1.05,0.7593017220497131,0.7588158249855042,0.9993600738018908,-0.0006399261765182018,0.0006399261765182018,-0.06399261765182018
Pythia_minus,134,MUR1.0_MUF1.0_PDF26153,pdf,6,1.05,1.37,0.7337679862976074,0.7340177893638611,1.0003404387639123,0.0003404387680348009,0.0003404387680348009,0.03404387680348009
Pythia_minus,134,MUR1.0_MUF1.0_PDF26153,pdf,7,1.37,1.52,0.7370075583457947,0.73663729429245,0.9994976115927824,-0.000502388400491327,0.000502388400491327,-0.050238840049132705
Pythia_minus,134,MUR1.0_MUF1.0_PDF26153,pdf,8,1.52,1.74,0.7175648808479309,0.7190519571304321,1.0020723927859234,0.0020723927300423384,0.0020723927300423384,0.20723927300423384
Pythia_minus,134,MUR1.0_MUF1.0_PDF26153,pdf,9,1.74,1.95,0.6435351371765137,0.6446241736412048,1.0016922719549848,0.001692271907813847,0.001692271907813847,0.1692271907813847
Pythia_minus,134,MUR1.0_MUF1.0_PDF26153,pdf,10,1.95,2.18,0.7551155686378479,0.7601953148841858,1.006727110997726,0.006727111060172319,0.006727111060172319,0.6727111060172319
Pythia_minus,134,MUR1.0_MUF1.0_PDF26153,pdf,11,2.18,2.5,0.7272884249687195,0.7318798899650574,1.0063131281053117,0.0063131279312074184,0.0063131279312074184,0.6313127931207418
Pythia_minus,135,MUR1.0_MUF1.0_PDF13313,pdf,1,0.0,0.21,0.7786144614219666,0.778593897819519,0.9999735894933033,-2.641050741658546e-05,2.641050741658546e-05,-0.002641050741658546
Pythia_minus,135,MUR1.0_MUF1.0_PDF13313,pdf,2,0.21,0.42,0.7478157877922058,0.7477954030036926,0.999972740895758,-2.7259104172117077e-05,2.7259104172117077e-05,-0.0027259104172117077
Pythia_minus,135,MUR1.0_MUF1.0_PDF13313,pdf,3,0.42,0.63,0.7352385520935059,0.7352208495140076,0.9999759226723791,-2.4077327907434665e-05,2.4077327907434665e-05,-0.0024077327907434665
Pythia_minus,135,MUR1.0_MUF1.0_PDF13313,pdf,4,0.63,0.84,0.7513492107391357,0.7513216733932495,0.9999633494712011,-3.66505300917197e-05,3.66505300917197e-05,-0.00366505300917197
Pythia_minus,135,MUR1.0_MUF1.0_PDF13313,pdf,5,0.84,1.05,0.7593017220497131,0.7592625617980957,0.9999484259675959,-5.157403211342171e-05,5.157403211342171e-05,-0.005157403211342171
Pythia_minus,135,MUR1.0_MUF1.0_PDF13313,pdf,6,1.05,1.37,0.7337679862976074,0.7337214350700378,0.9999365586555439,-6.344134453684092e-05,6.344134453684092e-05,-0.006344134453684092
Pythia_minus,135,MUR1.0_MUF1.0_PDF13313,pdf,7,1.37,1.52,0.7370075583457947,0.7369918823242188,0.99997873017529,-2.1269825083436444e-05,2.1269825083436444e-05,-0.0021269825083436444
Pythia_minus,135,MUR1.0_MUF1.0_PDF13313,pdf,8,1.52,1.74,0.7175648808479309,0.7175251841545105,0.999944678600528,-5.5321397667285055e-05,5.5321397667285055e-05,-0.0055321397667285055
Pythia_minus,135,MUR1.0_MUF1.0_PDF13313,pdf,9,1.74,1.95,0.6435351371765137,0.6435033679008484,0.9999506331918336,-4.9366808525519446e-05,4.9366808525519446e-05,-0.0049366808525519446
Pythia_minus,135,MUR1.0_MUF1.0_PDF13313,pdf,10,1.95,2.18,0.7551155686378479,0.7550501823425293,0.9999134088899312,-8.659111335873604e-05,8.659111335873604e-05,-0.008659111335873604
Pythia_minus,135,MUR1.0_MUF1.0_PDF13313,pdf,11,2.18,2.5,0.7272884249687195,0.7272516489028931,0.999949434000922,-5.0565999117679894e-05,5.0565999117679894e-05,-0.005056599911767989
Pythia_minus,136,MUR1.0_MUF1.0_PDF26154,pdf,1,0.0,0.21,0.7786144614219666,0.7768337726593018,0.9977130032244549,-0.002286996692419052,0.002286996692419052,-0.2286996692419052
Pythia_minus,136,MUR1.0_MUF1.0_PDF26154,pdf,2,0.21,0.42,0.7478157877922058,0.7458755373954773,0.9974054433880611,-0.0025945566594600677,0.0025945566594600677,-0.2594556659460068
Pythia_minus,136,MUR1.0_MUF1.0_PDF26154,pdf,3,0.42,0.63,0.7352385520935059,0.7334370613098145,0.9975497873736873,-0.0024502126034349203,0.0024502126034349203,-0.24502126034349203
Pythia_minus,136,MUR1.0_MUF1.0_PDF26154,pdf,4,0.63,0.84,0.7513492107391357,0.7502830028533936,0.9985809422962016,-0.0014190577203407884,0.0014190577203407884,-0.14190577203407884
Pythia_minus,136,MUR1.0_MUF1.0_PDF26154,pdf,5,0.84,1.05,0.7593017220497131,0.7588156461715698,0.999359838304026,-0.0006401616847142577,0.0006401616847142577,-0.06401616847142577
Pythia_minus,136,MUR1.0_MUF1.0_PDF26154,pdf,6,1.05,1.37,0.7337679862976074,0.7340174317359924,1.0003399513784237,0.00033995136618614197,0.00033995136618614197,0.0339951366186142
Pythia_minus,136,MUR1.0_MUF1.0_PDF26154,pdf,7,1.37,1.52,0.7370075583457947,0.7366372346878052,0.9994975307189241,-0.0005024693091399968,0.0005024693091399968,-0.05024693091399968
Pythia_minus,136,MUR1.0_MUF1.0_PDF26154,pdf,8,1.52,1.74,0.7175648808479309,0.719051718711853,1.002072060525266,0.0020720604807138443,0.0020720604807138443,0.20720604807138443
Pythia_minus,136,MUR1.0_MUF1.0_PDF26154,pdf,9,1.74,1.95,0.6435351371765137,0.6446239948272705,1.0016919940930251,0.001691994140855968,0.001691994140855968,0.1691994140855968
Pythia_minus,136,MUR1.0_MUF1.0_PDF26154,pdf,10,1.95,2.18,0.7551155686378479,0.7601951360702515,1.0067268741943258,0.00672687403857708,0.00672687403857708,0.672687403857708
Pythia_minus,136,MUR1.0_MUF1.0_PDF26154,pdf,11,2.18,2.5,0.7272884249687195,0.7318799495697021,1.0063132100599292,0.006313209887593985,0.006313209887593985,0.6313209887593985
Pythia_minus,137,MUR1.0_MUF1.0_PDF26155,pdf,1,0.0,0.21,0.7786144614219666,0.776832640171051,0.9977115487327818,-0.002288451185449958,0.002288451185449958,-0.22884511854499578
Pythia_minus,137,MUR1.0_MUF1.0_PDF26155,pdf,2,0.21,0.42,0.7478157877922058,0.7458752393722534,0.9974050448631453,-0.0025949550326913595,0.0025949550326913595,-0.25949550326913595
Pythia_minus,137,MUR1.0_MUF1.0_PDF26155,pdf,3,0.42,0.63,0.7352385520935059,0.7334364652633667,0.9975489766892556,-0.002451023319736123,0.002451023319736123,-0.2451023319736123
Pythia_minus,137,MUR1.0_MUF1.0_PDF26155,pdf,4,0.63,0.84,0.7513492107391357,0.7502833008766174,0.9985813389469462,-0.001418661093339324,0.001418661093339324,-0.1418661093339324
Pythia_minus,137,MUR1.0_MUF1.0_PDF26155,pdf,5,0.84,1.05,0.7593017220497131,0.7588145732879639,0.9993584253168368,-0.0006415746756829321,0.0006415746756829321,-0.06415746756829321
Pythia_minus,137,MUR1.0_MUF1.0_PDF26155,pdf,6,1.05,1.37,0.7337679862976074,0.7340185046195984,1.00034141353489,0.00034141354262828827,0.00034141354262828827,0.03414135426282883
Pythia_minus,137,MUR1.0_MUF1.0_PDF26155,pdf,7,1.37,1.52,0.7370075583457947,0.736638605594635,0.999499390817663,-0.0005006091669201851,0.0005006091669201851,-0.05006091669201851
Pythia_minus,137,MUR1.0_MUF1.0_PDF26155,pdf,8,1.52,1.74,0.7175648808479309,0.719052791595459,1.0020735556982245,0.0020735557191073895,0.0020735557191073895,0.20735557191073895
Pythia_minus,137,MUR1.0_MUF1.0_PDF26155,pdf,9,1.74,1.95,0.6435351371765137,0.6446234583854675,1.0016911605071463,0.0016911604907363653,0.0016911604907363653,0.16911604907363653
Pythia_minus,137,MUR1.0_MUF1.0_PDF26155,pdf,10,1.95,2.18,0.7551155686378479,0.7601951956748962,1.0067269531287926,0.006726953200995922,0.006726953200995922,0.6726953200995922
Pythia_minus,137,MUR1.0_MUF1.0_PDF26155,pdf,11,2.18,2.5,0.7272884249687195,0.7318783402442932,1.0063109972852533,0.006310997065156698,0.006310997065156698,0.6310997065156698
Pythia_minus,138,MUR1.0_MUF1.0_PDF26156,pdf,1,0.0,0.21,0.7786144614219666,0.7768338918685913,0.9977131563288416,-0.0022868437226861715,0.0022868437226861715,-0.22868437226861715
Pythia_minus,138,MUR1.0_MUF1.0_PDF26156,pdf,2,0.21,0.42,0.7478157877922058,0.7458767890930176,0.9974071171927076,-0.00259288283996284,0.00259288283996284,-0.259288283996284
Pythia_minus,138,MUR1.0_MUF1.0_PDF26156,pdf,3,0.42,0.63,0.7352385520935059,0.7334407567977905,0.9975548136171637,-0.0024451864883303642,0.0024451864883303642,-0.24451864883303642
Pythia_minus,138,MUR1.0_MUF1.0_PDF26156,pdf,4,0.63,0.84,0.7513492107391357,0.7502841949462891,0.99858252889918,-0.001417471095919609,0.001417471095919609,-0.1417471095919609
Pythia_minus,138,MUR1.0_MUF1.0_PDF26156,pdf,5,0.84,1.05,0.7593017220497131,0.7588157653808594,0.9993599953026026,-0.0006400046986527741,0.0006400046986527741,-0.06400046986527741
Pythia_minus,138,MUR1.0_MUF1.0_PDF26156,pdf,6,1.05,1.37,0.7337679862976074,0.7340155243873596,1.00033735198915,0.00033735198667272925,0.00033735198667272925,0.033735198667272925
Pythia_minus,138,MUR1.0_MUF1.0_PDF26156,pdf,7,1.37,1.52,0.7370075583457947,0.73663729429245,0.9994976115927824,-0.000502388400491327,0.000502388400491327,-0.050238840049132705
Pythia_minus,138,MUR1.0_MUF1.0_PDF26156,pdf,8,1.52,1.74,0.7175648808479309,0.7190504670143127,1.002070316156814,0.0020703161135315895,0.0020703161135315895,0.20703161135315895
Pythia_minus,138,MUR1.0_MUF1.0_PDF26156,pdf,9,1.74,1.95,0.6435351371765137,0.6446232795715332,1.0016908826451867,0.0016908826073631644,0.0016908826073631644,0.16908826073631644
Pythia_minus,138,MUR1.0_MUF1.0_PDF26156,pdf,10,1.95,2.18,0.7551155686378479,0.7601964473724365,1.0067286107525952,0.006728610955178738,0.006728610955178738,0.6728610955178738
Pythia_minus,138,MUR1.0_MUF1.0_PDF26156,pdf,11,2.18,2.5,0.7272884249687195,0.7318822145462036,1.0063163243353992,0.006316324230283499,0.006316324230283499,0.6316324230283499
Pythia_minus,139,MUR1.0_MUF1.0_PDF26157,pdf,1,0.0,0.21,0.7786144614219666,0.7768337726593018,0.9977130032244549,-0.002286996692419052,0.002286996692419052,-0.2286996692419052
Pythia_minus,139,MUR1.0_MUF1.0_PDF26157,pdf,2,0.21,0.42,0.7478157877922058,0.7458767294883728,0.9974070374877244,-0.0025929624680429697,0.0025929624680429697,-0.25929624680429697
Pythia_minus,139,MUR1.0_MUF1.0_PDF26157,pdf,3,0.42,0.63,0.7352385520935059,0.7334403395652771,0.9975542461380615,-0.0024457538966089487,0.0024457538966089487,-0.24457538966089487
Pythia_minus,139,MUR1.0_MUF1.0_PDF26157,pdf,4,0.63,0.84,0.7513492107391357,0.7502843737602234,0.9985827668896267,-0.0014172331430017948,0.0014172331430017948,-0.14172331430017948
Pythia_minus,139,MUR1.0_MUF1.0_PDF26157,pdf,5,0.84,1.05,0.7593017220497131,0.7588157057762146,0.9993599168033143,-0.0006400832207873464,0.0006400832207873464,-0.06400832207873464
Pythia_minus,139,MUR1.0_MUF1.0_PDF26157,pdf,6,1.05,1.37,0.7337679862976074,0.7340154051780701,1.0003371895273205,0.00033718952909111977,0.00033718952909111977,0.03371895290911198
Pythia_minus,139,MUR1.0_MUF1.0_PDF26157,pdf,7,1.37,1.52,0.7370075583457947,0.7366372346878052,0.9994975307189241,-0.0005024693091399968,0.0005024693091399968,-0.05024693091399968
Pythia_minus,139,MUR1.0_MUF1.0_PDF26157,pdf,8,1.52,1.74,0.7175648808479309,0.7190511226654053,1.002071229873622,0.002071229973807931,0.002071229973807931,0.2071229973807931
Pythia_minus,139,MUR1.0_MUF1.0_PDF26157,pdf,9,1.74,1.95,0.6435351371765137,0.6446232795715332,1.0016908826451867,0.0016908826073631644,0.0016908826073631644,0.16908826073631644
Pythia_minus,139,MUR1.0_MUF1.0_PDF26157,pdf,10,1.95,2.18,0.7551155686378479,0.7601960897445679,1.0067281371457943,0.006728137377649546,0.006728137377649546,0.6728137377649546
Pythia_minus,139,MUR1.0_MUF1.0_PDF26157,pdf,11,2.18,2.5,0.7272884249687195,0.7318831086158752,1.0063175536546638,0.006317553576081991,0.006317553576081991,0.6317553576081991
Pythia_minus,140,MUR1.0_MUF1.0_PDF26158,pdf,1,0.0,0.21,0.7786144614219666,0.7768344283103943,0.9977138452985815,-0.0022861547768115997,0.0022861547768115997,-0.22861547768115997
Pythia_minus,140,MUR1.0_MUF1.0_PDF26158,pdf,2,0.21,0.42,0.7478157877922058,0.7458775043487549,0.9974080736525056,-0.00259192637167871,0.00259192637167871,-0.259192637167871
Pythia_minus,140,MUR1.0_MUF1.0_PDF26158,pdf,3,0.42,0.63,0.7352385520935059,0.733440637588501,0.9975546514802773,-0.0024453485384583473,0.0024453485384583473,-0.24453485384583473
Pythia_minus,140,MUR1.0_MUF1.0_PDF26158,pdf,4,0.63,0.84,0.7513492107391357,0.7502834796905518,0.9985815769373929,-0.001418423024006188,0.001418423024006188,-0.1418423024006188
Pythia_minus,140,MUR1.0_MUF1.0_PDF26158,pdf,5,0.84,1.05,0.7593017220497131,0.7588158845901489,0.9993601523011791,-0.0006398477125912905,0.0006398477125912905,-0.06398477125912905
Pythia_minus,140,MUR1.0_MUF1.0_PDF26158,pdf,6,1.05,1.37,0.7337679862976074,0.734015703201294,1.0003375956818945,0.0003375956730451435,0.0003375956730451435,0.03375956730451435
Pythia_minus,140,MUR1.0_MUF1.0_PDF26158,pdf,7,1.37,1.52,0.7370075583457947,0.7366364002227783,0.9994963984849091,-0.0005036015063524246,0.0005036015063524246,-0.05036015063524246
Pythia_minus,140,MUR1.0_MUF1.0_PDF26158,pdf,8,1.52,1.74,0.7175648808479309,0.7190506458282471,1.0020705653523072,0.002070565242320299,0.002070565242320299,0.20705652423202991
Pythia_minus,140,MUR1.0_MUF1.0_PDF26158,pdf,9,1.74,1.95,0.6435351371765137,0.644623339176178,1.0016909752658398,0.0016909752739593387,0.0016909752739593387,0.16909752739593387
Pythia_minus,140,MUR1.0_MUF1.0_PDF26158,pdf,10,1.95,2.18,0.7551155686378479,0.7601963877677917,1.0067285318181283,0.006728531792759895,0.006728531792759895,0.6728531792759895
Pythia_minus,140,MUR1.0_MUF1.0_PDF26158,pdf,11,2.18,2.5,0.7272884249687195,0.7318817973136902,1.0063157506530758,0.006315750535577536,0.006315750535577536,0.6315750535577536
Pythia_minus,141,MUR1.0_MUF1.0_PDF26159,pdf,1,0.0,0.21,0.7786144614219666,0.7768352627754211,0.997714917029288,-0.002285083057358861,0.002285083057358861,-0.2285083057358861
Pythia_minus,141,MUR1.0_MUF1.0_PDF26159,pdf,2,0.21,0.42,0.7478157877922058,0.7458764910697937,0.9974067186677917,-0.0025932814460247755,0.0025932814460247755,-0.25932814460247755
Pythia_minus,141,MUR1.0_MUF1.0_PDF26159,pdf,3,0.42,0.63,0.7352385520935059,0.7334387898445129,0.9975521383585392,-0.002447861712425947,0.002447861712425947,-0.24478617124259472
Pythia_minus,141,MUR1.0_MUF1.0_PDF26159,pdf,4,0.63,0.84,0.7513492107391357,0.7502840161323547,0.9985822909087332,-0.0014177090488374233,0.0014177090488374233,-0.14177090488374233
Pythia_minus,141,MUR1.0_MUF1.0_PDF26159,pdf,5,0.84,1.05,0.7593017220497131,0.7588152289390564,0.999359288809008,-0.0006407111650332808,0.0006407111650332808,-0.06407111650332808
Pythia_minus,141,MUR1.0_MUF1.0_PDF26159,pdf,6,1.05,1.37,0.7337679862976074,0.7340167164802551,1.000338976607446,0.00033897662069648504,0.00033897662069648504,0.033897662069648504
Pythia_minus,141,MUR1.0_MUF1.0_PDF26159,pdf,7,1.37,1.52,0.7370075583457947,0.7366359829902649,0.9994958323679016,-0.000504167634062469,0.000504167634062469,-0.0504167634062469
Pythia_minus,141,MUR1.0_MUF1.0_PDF26159,pdf,8,1.52,1.74,0.7175648808479309,0.7190526127815247,1.0020733065027314,0.00207330659031868,0.00207330659031868,0.20733065903186798
Pythia_minus,141,MUR1.0_MUF1.0_PDF26159,pdf,9,1.74,1.95,0.6435351371765137,0.6446259021759033,1.0016949579539283,0.00169495795853436,0.00169495795853436,0.169495795853436
Pythia_minus,141,MUR1.0_MUF1.0_PDF26159,pdf,10,1.95,2.18,0.7551155686378479,0.7602004408836365,1.0067338993618702,0.006733899470418692,0.006733899470418692,0.6733899470418692
Pythia_minus,141,MUR1.0_MUF1.0_PDF26159,pdf,11,2.18,2.5,0.7272884249687195,0.7318822741508484,1.006316406290017,0.006316406186670065,0.006316406186670065,0.6316406186670065
Pythia_minus,142,MUR1.0_MUF1.0_PDF26160,pdf,1,0.0,0.21,0.7786144614219666,0.7768340706825256,0.9977133859854216,-0.002286613918840885,0.002286613918840885,-0.22866139188408852
Pythia_minus,142,MUR1.0_MUF1.0_PDF26160,pdf,2,0.21,0.42,0.7478157877922058,0.7458767294883728,0.9974070374877244,-0.0025929624680429697,0.0025929624680429697,-0.25929624680429697
Pythia_minus,142,MUR1.0_MUF1.0_PDF26160,pdf,3,0.42,0.63,0.7352385520935059,0.7334368228912354,0.9975494630999145,-0.00245053693652153,0.00245053693652153,-0.24505369365215302
Pythia_minus,142,MUR1.0_MUF1.0_PDF26160,pdf,4,0.63,0.84,0.7513492107391357,0.7502822875976562,0.9985799903344147,-0.0014200096484273672,0.0014200096484273672,-0.14200096484273672
Pythia_minus,142,MUR1.0_MUF1.0_PDF26160,pdf,5,0.84,1.05,0.7593017220497131,0.7588145136833191,0.9993583468175485,-0.0006416531978175044,0.0006416531978175044,-0.06416531978175044
Pythia_minus,142,MUR1.0_MUF1.0_PDF26160,pdf,6,1.05,1.37,0.7337679862976074,0.734016478061676,1.0003386516837869,0.0003386516764294356,0.0003386516764294356,0.03386516764294356
Pythia_minus,142,MUR1.0_MUF1.0_PDF26160,pdf,7,1.37,1.52,0.7370075583457947,0.7366380095481873,0.9994985820790809,-0.0005014179041609168,0.0005014179041609168,-0.05014179041609168
Pythia_minus,142,MUR1.0_MUF1.0_PDF26160,pdf,8,1.52,1.74,0.7175648808479309,0.7190519571304321,1.0020723927859234,0.0020723927300423384,0.0020723927300423384,0.20723927300423384
Pythia_minus,142,MUR1.0_MUF1.0_PDF26160,pdf,9,1.74,1.95,0.6435351371765137,0.644625723361969,1.0016946800919686,0.001694680075161159,0.001694680075161159,0.1694680075161159
Pythia_minus,142,MUR1.0_MUF1.0_PDF26160,pdf,10,1.95,2.18,0.7551155686378479,0.7601964473724365,1.0067286107525952,0.006728610955178738,0.006728610955178738,0.6728610955178738
Pythia_minus,142,MUR1.0_MUF1.0_PDF26160,pdf,11,2.18,2.5,0.7272884249687195,0.7318827509880066,1.006317061926958,0.006317061837762594,0.006317061837762594,0.6317061837762594
Pythia_minus,143,MUR1.0_MUF1.0_PDF26161,pdf,1,0.0,0.21,0.7786144614219666,0.7768328189849854,0.9977117783893618,-0.002288221614435315,0.002288221614435315,-0.2288221614435315
Pythia_minus,143,MUR1.0_MUF1.0_PDF26161,pdf,2,0.21,0.42,0.7478157877922058,0.7458766102790833,0.9974068780777581,-0.0025931219570338726,0.0025931219570338726,-0.25931219570338726
Pythia_minus,143,MUR1.0_MUF1.0_PDF26161,pdf,3,0.42,0.63,0.7352385520935059,0.7334402799606323,0.9975541650696184,-0.0024458349216729403,0.0024458349216729403,-0.24458349216729403
Pythia_minus,143,MUR1.0_MUF1.0_PDF26161,pdf,4,0.63,0.84,0.7513492107391357,0.7502844929695129,0.9985829255499246,-0.0014170744689181447,0.0014170744689181447,-0.14170744689181447
Pythia_minus,143,MUR1.0_MUF1.0_PDF26161,pdf,5,0.84,1.05,0.7593017220497131,0.7588157057762146,0.9993599168033143,-0.0006400832207873464,0.0006400832207873464,-0.06400832207873464
Pythia_minus,143,MUR1.0_MUF1.0_PDF26161,pdf,6,1.05,1.37,0.7337679862976074,0.7340158820152283,1.000337839374639,0.0003378393885213882,0.0003378393885213882,0.03378393885213882
Pythia_minus,143,MUR1.0_MUF1.0_PDF26161,pdf,7,1.37,1.52,0.7370075583457947,0.7366371154785156,0.9994973689712077,-0.0005026310100220144,0.0005026310100220144,-0.05026310100220144
Pythia_minus,143,MUR1.0_MUF1.0_PDF26161,pdf,8,1.52,1.74,0.7175648808479309,0.7190507650375366,1.002070731482636,0.002070731483399868,0.002070731483399868,0.2070731483399868
Pythia_minus,143,MUR1.0_MUF1.0_PDF26161,pdf,9,1.74,1.95,0.6435351371765137,0.6446237564086914,1.0016916236104123,0.0016916235908865929,0.0016916235908865929,0.1691623590886593
Pythia_minus,143,MUR1.0_MUF1.0_PDF26161,pdf,10,1.95,2.18,0.7551155686378479,0.7601956725120544,1.006727584604527,0.006727584637701511,0.006727584637701511,0.6727584637701511
Pythia_minus,143,MUR1.0_MUF1.0_PDF26161,pdf,11,2.18,2.5,0.7272884249687195,0.731881856918335,1.0063158326076935,0.006315832491964102,0.006315832491964102,0.6315832491964102
Pythia_minus,144,MUR1.0_MUF1.0_PDF26162,pdf,1,0.0,0.21,0.7786144614219666,0.7768346667289734,0.9977141515073548,-0.002285848604515195,0.002285848604515195,-0.2285848604515195
Pythia_minus,144,MUR1.0_MUF1.0_PDF26162,pdf,2,0.21,0.42,0.7478157877922058,0.7458773851394653,0.9974079142425393,-0.002592085860669613,0.002592085860669613,-0.2592085860669613
Pythia_minus,144,MUR1.0_MUF1.0_PDF26162,pdf,3,0.42,0.63,0.7352385520935059,0.7334396243095398,0.9975532733167435,-0.0024467266630381346,0.0024467266630381346,-0.24467266630381346
Pythia_minus,144,MUR1.0_MUF1.0_PDF26162,pdf,4,0.63,0.84,0.7513492107391357,0.7502841949462891,0.99858252889918,-0.001417471095919609,0.001417471095919609,-0.1417471095919609
Pythia_minus,144,MUR1.0_MUF1.0_PDF26162,pdf,5,0.84,1.05,0.7593017220497131,0.758816123008728,0.9993604662983323,-0.0006395336822606623,0.0006395336822606623,-0.06395336822606623
Pythia_minus,144,MUR1.0_MUF1.0_PDF26162,pdf,6,1.05,1.37,0.7337679862976074,0.7340168356895447,1.0003391390692757,0.00033913907827809453,0.00033913907827809453,0.03391390782780945
Pythia_minus,144,MUR1.0_MUF1.0_PDF26162,pdf,7,1.37,1.52,0.7370075583457947,0.7366356253623962,0.9994953471247524,-0.0005046528531238437,0.0005046528531238437,-0.05046528531238437
Pythia_minus,144,MUR1.0_MUF1.0_PDF26162,pdf,8,1.52,1.74,0.7175648808479309,0.719052791595459,1.0020735556982245,0.0020735557191073895,0.0020735557191073895,0.20735557191073895
Pythia_minus,144,MUR1.0_MUF1.0_PDF26162,pdf,9,1.74,1.95,0.6435351371765137,0.6446255445480347,1.001694402230009,0.0016944021917879581,0.0016944021917879581,0.16944021917879581
Pythia_minus,144,MUR1.0_MUF1.0_PDF26162,pdf,10,1.95,2.18,0.7551155686378479,0.7601984143257141,1.0067312155899992,0.00673121539875865,0.00673121539875865,0.673121539875865
Pythia_minus,144,MUR1.0_MUF1.0_PDF26162,pdf,11,2.18,2.5,0.7272884249687195,0.7318815588951111,1.0063154228346054,0.006315422710031271,0.006315422710031271,0.6315422710031271
Pythia_minus,145,MUR1.0_MUF1.0_PDF26200,pdf,1,0.0,0.21,0.7786144614219666,0.7768336534500122,0.9977128501200683,-0.0022871498949825764,0.0022871498949825764,-0.22871498949825764
Pythia_minus,145,MUR1.0_MUF1.0_PDF26200,pdf,2,0.21,0.42,0.7478157877922058,0.7458757162094116,0.9974056825030106,-0.0025943175423890352,0.0025943175423890352,-0.2594317542389035
Pythia_minus,145,MUR1.0_MUF1.0_PDF26200,pdf,3,0.42,0.63,0.7352385520935059,0.7334367632865906,0.9975493820314714,-0.0024506179615855217,0.0024506179615855217,-0.24506179615855217
Pythia_minus,145,MUR1.0_MUF1.0_PDF26200,pdf,4,0.63,0.84,0.7513492107391357,0.7502838969230652,0.9985821322484354,-0.0014178677229210734,0.0014178677229210734,-0.14178677229210734
Pythia_minus,145,MUR1.0_MUF1.0_PDF26200,pdf,5,0.84,1.05,0.7593017220497131,0.7588158845901489,0.9993601523011791,-0.0006398477125912905,0.0006398477125912905,-0.06398477125912905
Pythia_minus,145,MUR1.0_MUF1.0_PDF26200,pdf,6,1.05,1.37,0.7337679862976074,0.7340176105499268,1.0003401950711681,0.00034019508166238666,0.00034019508166238666,0.034019508166238666
Pythia_minus,145,MUR1.0_MUF1.0_PDF26200,pdf,7,1.37,1.52,0.7370075583457947,0.736636757850647,0.9994968837280584,-0.00050311628729105,0.00050311628729105,-0.050311628729104996
Pythia_minus,145,MUR1.0_MUF1.0_PDF26200,pdf,8,1.52,1.74,0.7175648808479309,0.7190520167350769,1.0020724758510877,0.002072475850582123,0.002072475850582123,0.20724758505821228
Pythia_minus,145,MUR1.0_MUF1.0_PDF26200,pdf,9,1.74,1.95,0.6435351371765137,0.6446243524551392,1.0016925498169444,0.001692549791187048,0.001692549791187048,0.1692549791187048
Pythia_minus,145,MUR1.0_MUF1.0_PDF26200,pdf,10,1.95,2.18,0.7551155686378479,0.7601951360702515,1.0067268741943258,0.00672687403857708,0.00672687403857708,0.672687403857708
Pythia_minus,145,MUR1.0_MUF1.0_PDF26200,pdf,11,2.18,2.5,0.7272884249687195,0.731880247592926,1.0063136198330174,0.006313619669526815,0.006313619669526815,0.6313619669526815
Pythia_minus,146,MUR1.0_MUF1.0_PDF13314,pdf,1,0.0,0.21,0.7786144614219666,0.778595507144928,0.9999756564025231,-2.4343597033293918e-05,2.4343597033293918e-05,-0.0024343597033293918
Pythia_minus,146,MUR1.0_MUF1.0_PDF13314,pdf,2,0.21,0.42,0.7478157877922058,0.7477951645851135,0.9999724220758254,-2.757792390184477e-05,2.757792390184477e-05,-0.002757792390184477
Pythia_minus,146,MUR1.0_MUF1.0_PDF13314,pdf,3,0.42,0.63,0.7352385520935059,0.7352194786071777,0.9999740580981862,-2.594190118543338e-05,2.594190118543338e-05,-0.002594190118543338
Pythia_minus,146,MUR1.0_MUF1.0_PDF13314,pdf,4,0.63,0.84,0.7513492107391357,0.7513203620910645,0.9999616042079249,-3.839579221676104e-05,3.839579221676104e-05,-0.0038395792216761038
Pythia_minus,146,MUR1.0_MUF1.0_PDF13314,pdf,5,0.84,1.05,0.7593017220497131,0.759261429309845,0.9999469344811185,-5.306551975081675e-05,5.306551975081675e-05,-0.005306551975081675
Pythia_minus,146,MUR1.0_MUF1.0_PDF13314,pdf,6,1.05,1.37,0.7337679862976074,0.7337213754653931,0.9999364774246291,-6.352257332764566e-05,6.352257332764566e-05,-0.006352257332764566
Pythia_minus,146,MUR1.0_MUF1.0_PDF13314,pdf,7,1.37,1.52,0.7370075583457947,0.7369908094406128,0.9999772744458422,-2.272555502713658e-05,2.272555502713658e-05,-0.002272555502713658
Pythia_minus,146,MUR1.0_MUF1.0_PDF13314,pdf,8,1.52,1.74,0.7175648808479309,0.7175236940383911,0.9999426019714188,-5.7398028729949147e-05,5.7398028729949147e-05,-0.005739802872994915
Pythia_minus,146,MUR1.0_MUF1.0_PDF13314,pdf,9,1.74,1.95,0.6435351371765137,0.6435015797615051,0.9999478545722371,-5.214542761677876e-05,5.214542761677876e-05,-0.005214542761677876
Pythia_minus,146,MUR1.0_MUF1.0_PDF13314,pdf,10,1.95,2.18,0.7551155686378479,0.7550464868545532,0.9999085149529902,-9.148504614131525e-05,9.148504614131525e-05,-0.009148504614131525
Pythia_minus,146,MUR1.0_MUF1.0_PDF13314,pdf,11,2.18,2.5,0.7272884249687195,0.7272490859031677,0.9999459099523639,-5.4090047342469916e-05,5.4090047342469916e-05,-0.005409004734246992
Pythia_minus,147,MUR1.0_MUF1.0_PDF26201,pdf,1,0.0,0.21,0.7786144614219666,0.7768113613128662,0.9976842195997653,-0.0023157803807407618,0.0023157803807407618,-0.23157803807407618
Pythia_minus,147,MUR1.0_MUF1.0_PDF26201,pdf,2,0.21,0.42,0.7478157877922058,0.7458406686782837,0.9973588159729105,-0.0026411840226501226,0.0026411840226501226,-0.26411840226501226
Pythia_minus,147,MUR1.0_MUF1.0_PDF26201,pdf,3,0.42,0.63,0.7352385520935059,0.7334113717079163,0.9975148468746818,-0.0024851530324667692,0.0024851530324667692,-0.24851530324667692
Pythia_minus,147,MUR1.0_MUF1.0_PDF26201,pdf,4,0.63,0.84,0.7513492107391357,0.7502586841583252,0.9985485755954442,-0.0014514244394376874,0.0014514244394376874,-0.14514244394376874
Pythia_minus,147,MUR1.0_MUF1.0_PDF26201,pdf,5,0.84,1.05,0.7593017220497131,0.7587674856185913,0.9992964108790907,-0.0007035891176201403,0.0007035891176201403,-0.07035891176201403
Pythia_minus,147,MUR1.0_MUF1.0_PDF26201,pdf,6,1.05,1.37,0.7337679862976074,0.733986496925354,1.0002977925336443,0.00029779254691675305,0.00029779254691675305,0.029779254691675305
Pythia_minus,147,MUR1.0_MUF1.0_PDF26201,pdf,7,1.37,1.52,0.7370075583457947,0.7366551756858826,0.9995218737502461,-0.0004781262541655451,0.0004781262541655451,-0.04781262541655451
Pythia_minus,147,MUR1.0_MUF1.0_PDF26201,pdf,8,1.52,1.74,0.7175648808479309,0.719086766242981,1.0021209028419167,0.0021209027618169785,0.0021209027618169785,0.21209027618169785
Pythia_minus,147,MUR1.0_MUF1.0_PDF26201,pdf,9,1.74,1.95,0.6435351371765137,0.6446349024772644,1.0017089436725646,0.0017089436296373606,0.0017089436296373606,0.17089436296373606
Pythia_minus,147,MUR1.0_MUF1.0_PDF26201,pdf,10,1.95,2.18,0.7551155686378479,0.7602550387382507,1.00680620333345,0.006806203164160252,0.006806203164160252,0.6806203164160252
Pythia_minus,147,MUR1.0_MUF1.0_PDF26201,pdf,11,2.18,2.5,0.7272884249687195,0.7320079803466797,1.0064892485785997,0.006489248480647802,0.006489248480647802,0.6489248480647802
Pythia_minus,148,MUR1.0_MUF1.0_PDF26202,pdf,1,0.0,0.21,0.7786144614219666,0.7768580317497253,0.9977441599671377,-0.0022558399941772223,0.0022558399941772223,-0.22558399941772223
Pythia_minus,148,MUR1.0_MUF1.0_PDF26202,pdf,2,0.21,0.42,0.7478157877922058,0.7459133863449097,0.99745605605237,-0.0025439439341425896,0.0025439439341425896,-0.25439439341425896
Pythia_minus,148,MUR1.0_MUF1.0_PDF26202,pdf,3,0.42,0.63,0.7352385520935059,0.7334640026092529,0.9975864303099993,-0.0024135697167366743,0.0024135697167366743,-0.24135697167366743
Pythia_minus,148,MUR1.0_MUF1.0_PDF26202,pdf,4,0.63,0.84,0.7513492107391357,0.7503117322921753,0.9986191794279788,-0.0013808205258101225,0.0013808205258101225,-0.13808205258101225
Pythia_minus,148,MUR1.0_MUF1.0_PDF26202,pdf,5,0.84,1.05,0.7593017220497131,0.7588619589805603,0.9994208322510244,-0.0005791677394881845,0.0005791677394881845,-0.057916773948818445
Pythia_minus,148,MUR1.0_MUF1.0_PDF26202,pdf,6,1.05,1.37,0.7337679862976074,0.7340485453605652,1.0003823539159475,0.000382353930035606,0.000382353930035606,0.0382353930035606
Pythia_minus,148,MUR1.0_MUF1.0_PDF26202,pdf,7,1.37,1.52,0.7370075583457947,0.7366209626197815,0.999475452155632,-0.0005245478241704404,0.0005245478241704404,-0.052454782417044044
Pythia_minus,148,MUR1.0_MUF1.0_PDF26202,pdf,8,1.52,1.74,0.7175648808479309,0.7190175652503967,1.0020244641860805,0.002024464076384902,0.002024464076384902,0.2024464076384902
Pythia_minus,148,MUR1.0_MUF1.0_PDF26202,pdf,9,1.74,1.95,0.6435351371765137,0.6446137428283691,1.0016760633406714,0.001676063286140561,0.001676063286140561,0.1676063286140561
Pythia_minus,148,MUR1.0_MUF1.0_PDF26202,pdf,10,1.95,2.18,0.7551155686378479,0.7601362466812134,1.006648886941137,0.006648886948823929,0.006648886948823929,0.6648886948823929
Pythia_minus,148,MUR1.0_MUF1.0_PDF26202,pdf,11,2.18,2.5,0.7272884249687195,0.7317475080490112,1.0061311068995544,0.006131106987595558,0.006131106987595558,0.6131106987595558
Pythia_minus,149,MUR1.0_MUF1.0_PDF26203,pdf,1,0.0,0.21,0.7786144614219666,0.7768436670303345,0.9977257108885467,-0.0022742890287190676,0.0022742890287190676,-0.22742890287190676
Pythia_minus,149,MUR1.0_MUF1.0_PDF26203,pdf,2,0.21,0.42,0.7478157877922058,0.7458441853523254,0.9973635185669172,-0.0026364815421402454,0.0026364815421402454,-0.26364815421402454
Pythia_minus,149,MUR1.0_MUF1.0_PDF26203,pdf,3,0.42,0.63,0.7352385520935059,0.7334235906600952,0.9975314659055313,-0.0024685340467840433,0.0024685340467840433,-0.24685340467840433
Pythia_minus,149,MUR1.0_MUF1.0_PDF26203,pdf,4,0.63,0.84,0.7513492107391357,0.7502381205558777,0.9985212066940684,-0.0014787933323532343,0.0014787933323532343,-0.14787933323532343
Pythia_minus,149,MUR1.0_MUF1.0_PDF26203,pdf,5,0.84,1.05,0.7593017220497131,0.7586881518363953,0.9991919283263818,-0.0008080716943368316,0.0008080716943368316,-0.08080716943368316
Pythia_minus,149,MUR1.0_MUF1.0_PDF26203,pdf,6,1.05,1.37,0.7337679862976074,0.7338879108428955,1.0001634366005707,0.0001634366053622216,0.0001634366053622216,0.01634366053622216
Pythia_minus,149,MUR1.0_MUF1.0_PDF26203,pdf,7,1.37,1.52,0.7370075583457947,0.7366533875465393,0.9995194475344997,-0.00048055246588774025,0.00048055246588774025,-0.048055246588774025
Pythia_minus,149,MUR1.0_MUF1.0_PDF26203,pdf,8,1.52,1.74,0.7175648808479309,0.7190478444099426,1.0020666612895817,0.0020666613709181547,0.0020666613709181547,0.20666613709181547
Pythia_minus,149,MUR1.0_MUF1.0_PDF26203,pdf,9,1.74,1.95,0.6435351371765137,0.644590437412262,1.0016398486652622,0.0016398486914113164,0.0016398486914113164,0.16398486914113164
Pythia_minus,149,MUR1.0_MUF1.0_PDF26203,pdf,10,1.95,2.18,0.7551155686378479,0.7601990699768066,1.0067320838691338,0.006732083857059479,0.006732083857059479,0.6732083857059479
Pythia_minus,149,MUR1.0_MUF1.0_PDF26203,pdf,11,2.18,2.5,0.7272884249687195,0.7320818305015564,1.0065907903498437,0.006590790580958128,0.006590790580958128,0.6590790580958128
Pythia_minus,150,MUR1.0_MUF1.0_PDF26204,pdf,1,0.0,0.21,0.7786144614219666,0.7768266201019287,0.9977038169612561,-0.0022961830254644156,0.0022961830254644156,-0.22961830254644156
Pythia_minus,150,MUR1.0_MUF1.0_PDF26204,pdf,2,0.21,0.42,0.7478157877922058,0.7458930015563965,0.997428796948128,-0.0025712030474096537,0.0025712030474096537,-0.25712030474096537
Pythia_minus,150,MUR1.0_MUF1.0_PDF26204,pdf,3,0.42,0.63,0.7352385520935059,0.7334458231925964,0.9975617044348329,-0.0024382956326007843,0.0024382956326007843,-0.24382956326007843
Pythia_minus,150,MUR1.0_MUF1.0_PDF26204,pdf,4,0.63,0.84,0.7513492107391357,0.7503088116645813,0.998615292250682,-0.0013847077498212457,0.0013847077498212457,-0.13847077498212457
Pythia_minus,150,MUR1.0_MUF1.0_PDF26204,pdf,5,0.84,1.05,0.7593017220497131,0.7588856816291809,0.9994520749677623,-0.0005479250103235245,0.0005479250103235245,-0.05479250103235245
Pythia_minus,150,MUR1.0_MUF1.0_PDF26204,pdf,6,1.05,1.37,0.7337679862976074,0.7340888381004333,1.00043726601435,0.0004372660187073052,0.0004372660187073052,0.04372660187073052
Pythia_minus,150,MUR1.0_MUF1.0_PDF26204,pdf,7,1.37,1.52,0.7370075583457947,0.736629068851471,0.9994864510003489,-0.0005135490209795535,0.0005135490209795535,-0.051354902097955346
Pythia_minus,150,MUR1.0_MUF1.0_PDF26204,pdf,8,1.52,1.74,0.7175648808479309,0.7190535068511963,1.002074552480197,0.0020745524670928717,0.0020745524670928717,0.20745524670928717
Pythia_minus,150,MUR1.0_MUF1.0_PDF26204,pdf,9,1.74,1.95,0.6435351371765137,0.6446422338485718,1.0017203360129106,0.0017203360330313444,0.0017203360330313444,0.17203360330313444
Pythia_minus,150,MUR1.0_MUF1.0_PDF26204,pdf,10,1.95,2.18,0.7551155686378479,0.7601948380470276,1.006726479521992,0.00672647962346673,0.00672647962346673,0.672647962346673
Pythia_minus,150,MUR1.0_MUF1.0_PDF26204,pdf,11,2.18,2.5,0.7272884249687195,0.731770932674408,1.0061633150642832,0.006163314916193485,0.006163314916193485,0.6163314916193485
Pythia_minus,151,MUR1.0_MUF1.0_PDF26205,pdf,1,0.0,0.21,0.7786144614219666,0.7767964601516724,0.9976650815514343,-0.002334918361157179,0.002334918361157179,-0.2334918361157179
Pythia_minus,151,MUR1.0_MUF1.0_PDF26205,pdf,2,0.21,0.42,0.7478157877922058,0.7458236217498779,0.9973360203477257,-0.0026639795396476984,0.0026639795396476984,-0.26639795396476984
Pythia_minus,151,MUR1.0_MUF1.0_PDF26205,pdf,3,0.42,0.63,0.7352385520935059,0.7333952188491821,0.9974928773265832,-0.0025071226991713047,0.0025071226991713047,-0.25071226991713047
Pythia_minus,151,MUR1.0_MUF1.0_PDF26205,pdf,4,0.63,0.84,0.7513492107391357,0.7502216100692749,0.9984992322428188,-0.0015007677720859647,0.0015007677720859647,-0.15007677720859647
Pythia_minus,151,MUR1.0_MUF1.0_PDF26205,pdf,5,0.84,1.05,0.7593017220497131,0.7587279677391052,0.999244365850957,-0.0007556341588497162,0.0007556341588497162,-0.07556341588497162
Pythia_minus,151,MUR1.0_MUF1.0_PDF26205,pdf,6,1.05,1.37,0.7337679862976074,0.733929455280304,1.0002200545481839,0.00022005454229656607,0.00022005454229656607,0.022005454229656607
Pythia_minus,151,MUR1.0_MUF1.0_PDF26205,pdf,7,1.37,1.52,0.7370075583457947,0.7366071343421936,0.9994566894205267,-0.0005433105980046093,0.0005433105980046093,-0.054331059800460935
Pythia_minus,151,MUR1.0_MUF1.0_PDF26205,pdf,8,1.52,1.74,0.7175648808479309,0.7189816832542419,1.0019744589571284,0.0019744590390473604,0.0019744590390473604,0.19744590390473604
Pythia_minus,151,MUR1.0_MUF1.0_PDF26205,pdf,9,1.74,1.95,0.6435351371765137,0.6445705890655518,1.00160900598774,0.0016090059652924538,0.0016090059652924538,0.16090059652924538
Pythia_minus,151,MUR1.0_MUF1.0_PDF26205,pdf,10,1.95,2.18,0.7551155686378479,0.7601191401481628,1.0066262327491682,0.006626232527196407,0.006626232527196407,0.6626232527196407
Pythia_minus,151,MUR1.0_MUF1.0_PDF26205,pdf,11,2.18,2.5,0.7272884249687195,0.7318698763847351,1.0062993597295498,0.0062993597239255905,0.0062993597239255905,0.629935972392559
Pythia_minus,152,MUR1.0_MUF1.0_PDF26206,pdf,1,0.0,0.21,0.7786144614219666,0.7768886089324951,0.9977834312423127,-0.0022165686823427677,0.0022165686823427677,-0.22165686823427677
Pythia_minus,152,MUR1.0_MUF1.0_PDF26206,pdf,2,0.21,0.42,0.7478157877922058,0.7459459900856018,0.9974996546781605,-0.002500345231965184,0.002500345231965184,-0.2500345231965184
Pythia_minus,152,MUR1.0_MUF1.0_PDF26206,pdf,3,0.42,0.63,0.7352385520935059,0.7334974408149719,0.9976319097066165,-0.002368090208619833,0.002368090208619833,-0.2368090208619833
Pythia_minus,152,MUR1.0_MUF1.0_PDF26206,pdf,4,0.63,0.84,0.7513492107391357,0.7503679990768433,0.998694067088555,-0.0013059328775852919,0.0013059328775852919,-0.1305932877585292
Pythia_minus,152,MUR1.0_MUF1.0_PDF26206,pdf,5,0.84,1.05,0.7593017220497131,0.7589389681816101,0.9995222533314901,-0.0004777466820087284,0.0004777466820087284,-0.04777466820087284
Pythia_minus,152,MUR1.0_MUF1.0_PDF26206,pdf,6,1.05,1.37,0.7337679862976074,0.7341435551643372,1.0005118359941332,0.0005118359695188701,0.0005118359695188701,0.05118359695188701
Pythia_minus,152,MUR1.0_MUF1.0_PDF26206,pdf,7,1.37,1.52,0.7370075583457947,0.7366803288459778,0.9995560025184119,-0.0004439974727574736,0.0004439974727574736,-0.04439974727574736
Pythia_minus,152,MUR1.0_MUF1.0_PDF26206,pdf,8,1.52,1.74,0.7175648808479309,0.7191489934921265,1.0022076228735215,0.0022076228633522987,0.0022076228633522987,0.22076228633522987
Pythia_minus,152,MUR1.0_MUF1.0_PDF26206,pdf,9,1.74,1.95,0.6435351371765137,0.6446980834007263,1.0018071215649778,0.0018071215599775314,0.0018071215599775314,0.18071215599775314
Pythia_minus,152,MUR1.0_MUF1.0_PDF26206,pdf,10,1.95,2.18,0.7551155686378479,0.7603057026863098,1.0068732976302215,0.0068732975050807,0.0068732975050807,0.68732975050807
Pythia_minus,152,MUR1.0_MUF1.0_PDF26206,pdf,11,2.18,2.5,0.7272884249687195,0.7318946719169617,1.0063334528504841,0.006333452649414539,0.006333452649414539,0.6333452649414539
Pythia_minus,153,MUR1.0_MUF1.0_PDF26207,pdf,1,0.0,0.21,0.7786144614219666,0.7768052220344543,0.9976763347238529,-0.0023236651904881,0.0023236651904881,-0.23236651904881
Pythia_minus,153,MUR1.0_MUF1.0_PDF26207,pdf,2,0.21,0.42,0.7478157877922058,0.7458673119544983,0.9973944441003846,-0.00260555581189692,0.00260555581189692,-0.260555581189692
Pythia_minus,153,MUR1.0_MUF1.0_PDF26207,pdf,3,0.42,0.63,0.7352385520935059,0.7334290742874146,0.9975389242023027,-0.002461075782775879,0.002461075782775879,-0.2461075782775879
Pythia_minus,153,MUR1.0_MUF1.0_PDF26207,pdf,4,0.63,0.84,0.7513492107391357,0.7502862811088562,0.998585305454392,-0.0014146945904940367,0.0014146945904940367,-0.14146945904940367
Pythia_minus,153,MUR1.0_MUF1.0_PDF26207,pdf,5,0.84,1.05,0.7593017220497131,0.7588493227958679,0.9994041904019078,-0.0005958096007816494,0.0005958096007816494,-0.059580960078164935
Pythia_minus,153,MUR1.0_MUF1.0_PDF26207,pdf,6,1.05,1.37,0.7337679862976074,0.7340623140335083,1.0004011182572654,0.00040111824637278914,0.00040111824637278914,0.040111824637278914
Pythia_minus,153,MUR1.0_MUF1.0_PDF26207,pdf,7,1.37,1.52,0.7370075583457947,0.7366414070129395,0.999503191888999,-0.0004968080902472138,0.0004968080902472138,-0.049680809024721384
Pythia_minus,153,MUR1.0_MUF1.0_PDF26207,pdf,8,1.52,1.74,0.7175648808479309,0.719050943851471,1.002070980678129,0.0020709806121885777,0.0020709806121885777,0.20709806121885777
Pythia_minus,153,MUR1.0_MUF1.0_PDF26207,pdf,9,1.74,1.95,0.6435351371765137,0.6446404457092285,1.001717557393314,0.0017175574321299791,0.0017175574321299791,0.1717557432129979
Pythia_minus,153,MUR1.0_MUF1.0_PDF26207,pdf,10,1.95,2.18,0.7551155686378479,0.760179877281189,1.0067066669708276,0.006706667132675648,0.006706667132675648,0.6706667132675648
Pythia_minus,153,MUR1.0_MUF1.0_PDF26207,pdf,11,2.18,2.5,0.7272884249687195,0.7318025231361389,1.0062067510116273,0.0062067508697509766,0.0062067508697509766,0.6206750869750977
Pythia_minus,154,MUR1.0_MUF1.0_PDF26208,pdf,1,0.0,0.21,0.7786144614219666,0.7768617868423462,0.9977489827553171,-0.002251017140224576,0.002251017140224576,-0.2251017140224576
Pythia_minus,154,MUR1.0_MUF1.0_PDF26208,pdf,2,0.21,0.42,0.7478157877922058,0.7458803057670593,0.9974118197867142,-0.0025881801266223192,0.0025881801266223192,-0.2588180126622319
Pythia_minus,154,MUR1.0_MUF1.0_PDF26208,pdf,3,0.42,0.63,0.7352385520935059,0.7334450483322144,0.9975606505450718,-0.0024393494240939617,0.0024393494240939617,-0.24393494240939617
Pythia_minus,154,MUR1.0_MUF1.0_PDF26208,pdf,4,0.63,0.84,0.7513492107391357,0.7502812743186951,0.998578641721883,-0.0014213583199307323,0.0014213583199307323,-0.14213583199307323
Pythia_minus,154,MUR1.0_MUF1.0_PDF26208,pdf,5,0.84,1.05,0.7593017220497131,0.7587809562683105,0.9993141517182434,-0.0006858482956886292,0.0006858482956886292,-0.06858482956886292
Pythia_minus,154,MUR1.0_MUF1.0_PDF26208,pdf,6,1.05,1.37,0.7337679862976074,0.7339774966239929,1.00028552666551,0.0002855266793631017,0.0002855266793631017,0.028552667936310172
Pythia_minus,154,MUR1.0_MUF1.0_PDF26208,pdf,7,1.37,1.52,0.7370075583457947,0.7366363406181335,0.999496317611051,-0.0005036824150010943,0.0005036824150010943,-0.050368241500109434
Pythia_minus,154,MUR1.0_MUF1.0_PDF26208,pdf,8,1.52,1.74,0.7175648808479309,0.7190572619438171,1.0020797855855526,0.002079785568639636,0.002079785568639636,0.2079785568639636
Pythia_minus,154,MUR1.0_MUF1.0_PDF26208,pdf,9,1.74,1.95,0.6435351371765137,0.6446113586425781,1.0016723585145426,0.0016723584849387407,0.0016723584849387407,0.16723584849387407
Pythia_minus,154,MUR1.0_MUF1.0_PDF26208,pdf,10,1.95,2.18,0.7551155686378479,0.7602127194404602,1.0067501598620288,0.006750159896910191,0.006750159896910191,0.6750159896910191
Pythia_minus,154,MUR1.0_MUF1.0_PDF26208,pdf,11,2.18,2.5,0.7272884249687195,0.7319502830505371,1.0064099165087332,0.006409916561096907,0.006409916561096907,0.6409916561096907
Pythia_minus,155,MUR1.0_MUF1.0_PDF26209,pdf,1,0.0,0.21,0.7786144614219666,0.7768517136573792,0.9977360454346453,-0.002263954607769847,0.002263954607769847,-0.2263954607769847
Pythia_minus,155,MUR1.0_MUF1.0_PDF26209,pdf,2,0.21,0.42,0.7478157877922058,0.7458832263946533,0.9974157253308893,-0.002584274625405669,0.002584274625405669,-0.2584274625405669
Pythia_minus,155,MUR1.0_MUF1.0_PDF26209,pdf,3,0.42,0.63,0.7352385520935059,0.733439028263092,0.9975524626323118,-0.0024475373793393373,0.0024475373793393373,-0.24475373793393373
Pythia_minus,155,MUR1.0_MUF1.0_PDF26209,pdf,4,0.63,0.84,0.7513492107391357,0.7502998113632202,0.9986033133981957,-0.0013966866536065936,0.0013966866536065936,-0.13966866536065936
Pythia_minus,155,MUR1.0_MUF1.0_PDF26209,pdf,5,0.84,1.05,0.7593017220497131,0.7588135600090027,0.999357090828936,-0.0006429091445170343,0.0006429091445170343,-0.06429091445170343
Pythia_minus,155,MUR1.0_MUF1.0_PDF26209,pdf,6,1.05,1.37,0.7337679862976074,0.734011709690094,1.000332153210603,0.00033215319854207337,0.00033215319854207337,0.03321531985420734
Pythia_minus,155,MUR1.0_MUF1.0_PDF26209,pdf,7,1.37,1.52,0.7370075583457947,0.7366358041763306,0.999495589746327,-0.0005044102435931563,0.0005044102435931563,-0.050441024359315634
Pythia_minus,155,MUR1.0_MUF1.0_PDF26209,pdf,8,1.52,1.74,0.7175648808479309,0.7191190719604492,1.0021659241610066,0.002165924059227109,0.002165924059227109,0.2165924059227109
Pythia_minus,155,MUR1.0_MUF1.0_PDF26209,pdf,9,1.74,1.95,0.6435351371765137,0.6446066498756409,1.0016650414829382,0.0016650414327159524,0.0016650414327159524,0.16650414327159524
Pythia_minus,155,MUR1.0_MUF1.0_PDF26209,pdf,10,1.95,2.18,0.7551155686378479,0.7603024244308472,1.006868956234548,0.00686895614489913,0.00686895614489913,0.686895614489913
Pythia_minus,155,MUR1.0_MUF1.0_PDF26209,pdf,11,2.18,2.5,0.7272884249687195,0.7320517301559448,1.0065494032679403,0.006549403071403503,0.006549403071403503,0.6549403071403503
Pythia_minus,156,MUR1.0_MUF1.0_PDF26210,pdf,1,0.0,0.21,0.7786144614219666,0.7768149971961975,0.9976888892835579,-0.0023111107293516397,0.0023111107293516397,-0.23111107293516397
Pythia_minus,156,MUR1.0_MUF1.0_PDF26210,pdf,2,0.21,0.42,0.7478157877922058,0.7458666563034058,0.9973935673455698,-0.0026064326521009207,0.0026064326521009207,-0.26064326521009207
Pythia_minus,156,MUR1.0_MUF1.0_PDF26210,pdf,3,0.42,0.63,0.7352385520935059,0.7334378957748413,0.9975509223318916,-0.0024490775540471077,0.0024490775540471077,-0.24490775540471077
Pythia_minus,156,MUR1.0_MUF1.0_PDF26210,pdf,4,0.63,0.84,0.7513492107391357,0.7502679228782654,0.998560871768526,-0.0014391281874850392,0.0014391281874850392,-0.14391281874850392
Pythia_minus,156,MUR1.0_MUF1.0_PDF26210,pdf,5,0.84,1.05,0.7593017220497131,0.7588185667991638,0.999363684769152,-0.000636315206065774,0.000636315206065774,-0.0636315206065774
Pythia_minus,156,MUR1.0_MUF1.0_PDF26210,pdf,6,1.05,1.37,0.7337679862976074,0.7340261936187744,1.0003518923228987,0.0003518923185765743,0.0003518923185765743,0.03518923185765743
Pythia_minus,156,MUR1.0_MUF1.0_PDF26210,pdf,7,1.37,1.52,0.7370075583457947,0.7366408109664917,0.9995023831504168,-0.0004976168274879456,0.0004976168274879456,-0.049761682748794556
Pythia_minus,156,MUR1.0_MUF1.0_PDF26210,pdf,8,1.52,1.74,0.7175648808479309,0.7189796566963196,1.00197163474154,0.001971634803339839,0.001971634803339839,0.1971634803339839
Pythia_minus,156,MUR1.0_MUF1.0_PDF26210,pdf,9,1.74,1.95,0.6435351371765137,0.6446439623832703,1.001723022011854,0.0017230219673365355,0.0017230219673365355,0.17230219673365355
Pythia_minus,156,MUR1.0_MUF1.0_PDF26210,pdf,10,1.95,2.18,0.7551155686378479,0.7600842118263245,1.0065799771516293,0.006579976994544268,0.006579976994544268,0.6579976994544268
Pythia_minus,156,MUR1.0_MUF1.0_PDF26210,pdf,11,2.18,2.5,0.7272884249687195,0.7317034006118774,1.006070460482508,0.00607046065852046,0.00607046065852046,0.607046065852046
Pythia_minus,157,MUR1.0_MUF1.0_PDF13315,pdf,1,0.0,0.21,0.7786144614219666,0.7785943150520325,0.9999741253586566,-2.587464223324787e-05,2.587464223324787e-05,-0.002587464223324787
Pythia_minus,157,MUR1.0_MUF1.0_PDF13315,pdf,2,0.21,0.42,0.7478157877922058,0.7477957010269165,0.9999731394206739,-2.686057996470481e-05,2.686057996470481e-05,-0.002686057996470481
Pythia_minus,157,MUR1.0_MUF1.0_PDF13315,pdf,3,0.42,0.63,0.7352385520935059,0.7352205514907837,0.9999755173301632,-2.448266968713142e-05,2.448266968713142e-05,-0.002448266968713142
Pythia_minus,157,MUR1.0_MUF1.0_PDF13315,pdf,4,0.63,0.84,0.7513492107391357,0.7513203024864197,0.999961524877776,-3.847512198262848e-05,3.847512198262848e-05,-0.003847512198262848
Pythia_minus,157,MUR1.0_MUF1.0_PDF13315,pdf,5,0.84,1.05,0.7593017220497131,0.7592600584030151,0.999945128997488,-5.487100133905187e-05,5.487100133905187e-05,-0.005487100133905187
Pythia_minus,157,MUR1.0_MUF1.0_PDF13315,pdf,6,1.05,1.37,0.7337679862976074,0.7337192893028259,0.9999336343426112,-6.636565376538783e-05,6.636565376538783e-05,-0.006636565376538783
Pythia_minus,157,MUR1.0_MUF1.0_PDF13315,pdf,7,1.37,1.52,0.7370075583457947,0.7369924783706665,0.9999795389138721,-2.0461086023715325e-05,2.0461086023715325e-05,-0.0020461086023715325
Pythia_minus,157,MUR1.0_MUF1.0_PDF13315,pdf,8,1.52,1.74,0.7175648808479309,0.7175227999687195,0.9999413559939532,-5.86440073675476e-05,5.86440073675476e-05,-0.00586440073675476
Pythia_minus,157,MUR1.0_MUF1.0_PDF13315,pdf,9,1.74,1.95,0.6435351371765137,0.6435000896453857,0.9999455390559066,-5.446094291983172e-05,5.446094291983172e-05,-0.005446094291983172
Pythia_minus,157,MUR1.0_MUF1.0_PDF13315,pdf,10,1.95,2.18,0.7551155686378479,0.7550423741340637,0.9999030684747816,-9.693152242107317e-05,9.693152242107317e-05,-0.009693152242107317
Pythia_minus,157,MUR1.0_MUF1.0_PDF13315,pdf,11,2.18,2.5,0.7272884249687195,0.7272465825080872,0.9999424678584234,-5.753214281867258e-05,5.753214281867258e-05,-0.005753214281867258
Pythia_minus,158,MUR1.0_MUF1.0_PDF26211,pdf,1,0.0,0.21,0.7786144614219666,0.777204155921936,0.9981886985537683,-0.0018113014521077275,0.0018113014521077275,-0.18113014521077275
Pythia_minus,158,MUR1.0_MUF1.0_PDF26211,pdf,2,0.21,0.42,0.7478157877922058,0.7462636828422546,0.997924482238422,-0.0020755177829414606,0.0020755177829414606,-0.20755177829414606
Pythia_minus,158,MUR1.0_MUF1.0_PDF26211,pdf,3,0.42,0.63,0.7352385520935059,0.7338119745254517,0.9980597078812147,-0.0019402920734137297,0.0019402920734137297,-0.19402920734137297
Pythia_minus,158,MUR1.0_MUF1.0_PDF26211,pdf,4,0.63,0.84,0.7513492107391357,0.7505556344985962,0.9989437983973406,-0.001056201639585197,0.001056201639585197,-0.1056201639585197
Pythia_minus,158,MUR1.0_MUF1.0_PDF26211,pdf,5,0.84,1.05,0.7593017220497131,0.7591041326522827,0.9997397748593312,-0.00026022514794021845,0.00026022514794021845,-0.026022514794021845
Pythia_minus,158,MUR1.0_MUF1.0_PDF26211,pdf,6,1.05,1.37,0.7337679862976074,0.7342494130134583,1.0006561020988118,0.0006561020854860544,0.0006561020854860544,0.06561020854860544
Pythia_minus,158,MUR1.0_MUF1.0_PDF26211,pdf,7,1.37,1.52,0.7370075583457947,0.736788272857666,0.9997024650756352,-0.00029753491980955005,0.00029753491980955005,-0.029753491980955005
Pythia_minus,158,MUR1.0_MUF1.0_PDF26211,pdf,8,1.52,1.74,0.7175648808479309,0.7190256118774414,1.0020356779832709,0.0020356778986752033,0.0020356778986752033,0.20356778986752033
Pythia_minus,158,MUR1.0_MUF1.0_PDF26211,pdf,9,1.74,1.95,0.6435351371765137,0.6447470188140869,1.0018831631212715,0.0018831631168723106,0.0018831631168723106,0.18831631168723106
Pythia_minus,158,MUR1.0_MUF1.0_PDF26211,pdf,10,1.95,2.18,0.7551155686378479,0.7598273754119873,1.0062398485342303,0.006239848677068949,0.006239848677068949,0.6239848677068949
Pythia_minus,158,MUR1.0_MUF1.0_PDF26211,pdf,11,2.18,2.5,0.7272884249687195,0.7312543988227844,1.0054530963478974,0.005453096237033606,0.005453096237033606,0.5453096237033606
Pythia_minus,159,MUR1.0_MUF1.0_PDF26212,pdf,1,0.0,0.21,0.7786144614219666,0.7764662504196167,0.9972409824004211,-0.002759017515927553,0.002759017515927553,-0.2759017515927553
Pythia_minus,159,MUR1.0_MUF1.0_PDF26212,pdf,2,0.21,0.42,0.7478157877922058,0.7454897165298462,0.9968895130320438,-0.003110487014055252,0.003110487014055252,-0.3110487014055252
Pythia_minus,159,MUR1.0_MUF1.0_PDF26212,pdf,3,0.42,0.63,0.7352385520935059,0.7330673336982727,0.9970469198207155,-0.002953080227598548,0.002953080227598548,-0.2953080227598548
Pythia_minus,159,MUR1.0_MUF1.0_PDF26212,pdf,4,0.63,0.84,0.7513492107391357,0.7500149011611938,0.9982241152863802,-0.0017758847679942846,0.0017758847679942846,-0.17758847679942846
Pythia_minus,159,MUR1.0_MUF1.0_PDF26212,pdf,5,0.84,1.05,0.7593017220497131,0.7585293054580688,0.9989827277230992,-0.0010172722395509481,0.0010172722395509481,-0.10172722395509481
Pythia_minus,159,MUR1.0_MUF1.0_PDF26212,pdf,6,1.05,1.37,0.7337679862976074,0.733789324760437,1.0000290806674972,2.908066744566895e-05,2.908066744566895e-05,0.002908066744566895
Pythia_minus,159,MUR1.0_MUF1.0_PDF26212,pdf,7,1.37,1.52,0.7370075583457947,0.7364895939826965,0.9992972061721311,-0.0007027938263490796,0.0007027938263490796,-0.07027938263490796
Pythia_minus,159,MUR1.0_MUF1.0_PDF26212,pdf,8,1.52,1.74,0.7175648808479309,0.7190755605697632,1.0021052865910147,0.0021052865777164698,0.0021052865777164698,0.21052865777164698
Pythia_minus,159,MUR1.0_MUF1.0_PDF26212,pdf,9,1.74,1.95,0.6435351371765137,0.6445050835609436,1.001507215889851,0.0015072159003466368,0.0015072159003466368,0.15072159003466368
Pythia_minus,159,MUR1.0_MUF1.0_PDF26212,pdf,10,1.95,2.18,0.7551155686378479,0.7605522274971008,1.0071997705848657,0.007199770770967007,0.007199770770967007,0.7199770770967007
Pythia_minus,159,MUR1.0_MUF1.0_PDF26212,pdf,11,2.18,2.5,0.7272884249687195,0.7324783205986023,1.0071359524663217,0.007135952357202768,0.007135952357202768,0.7135952357202768
Pythia_minus,160,MUR1.0_MUF1.0_PDF26213,pdf,1,0.0,0.21,0.7786144614219666,0.7767045497894287,0.9975470380693292,-0.002452961867675185,0.002452961867675185,-0.24529618676751852
Pythia_minus,160,MUR1.0_MUF1.0_PDF26213,pdf,2,0.21,0.42,0.7478157877922058,0.745710551738739,0.9971848199946646,-0.002815179992467165,0.002815179992467165,-0.2815179992467165
Pythia_minus,160,MUR1.0_MUF1.0_PDF26213,pdf,3,0.42,0.63,0.7352385520935059,0.7332744002342224,0.9973285515922815,-0.002671448513865471,0.002671448513865471,-0.2671448513865471
Pythia_minus,160,MUR1.0_MUF1.0_PDF26213,pdf,4,0.63,0.84,0.7513492107391357,0.7501526474952698,0.9984074472605237,-0.0015925527550280094,0.0015925527550280094,-0.15925527550280094
Pythia_minus,160,MUR1.0_MUF1.0_PDF26213,pdf,5,0.84,1.05,0.7593017220497131,0.7586109042167664,0.9990901932487629,-0.0009098067530430853,0.0009098067530430853,-0.09098067530430853
Pythia_minus,160,MUR1.0_MUF1.0_PDF26213,pdf,6,1.05,1.37,0.7337679862976074,0.7338119745254517,1.0000599484151198,5.9948415582766756e-05,5.9948415582766756e-05,0.005994841558276676
Pythia_minus,160,MUR1.0_MUF1.0_PDF26213,pdf,7,1.37,1.52,0.7370075583457947,0.7365439534187317,0.9993709631308212,-0.0006290368619374931,0.0006290368619374931,-0.06290368619374931
Pythia_minus,160,MUR1.0_MUF1.0_PDF26213,pdf,8,1.52,1.74,0.7175648808479309,0.7190558314323425,1.0020777920216075,0.0020777920726686716,0.0020777920726686716,0.20777920726686716
Pythia_minus,160,MUR1.0_MUF1.0_PDF26213,pdf,9,1.74,1.95,0.6435351371765137,0.6444900035858154,1.0014837828645864,0.0014837828930467367,0.0014837828930467367,0.14837828930467367
Pythia_minus,160,MUR1.0_MUF1.0_PDF26213,pdf,10,1.95,2.18,0.7551155686378479,0.7603593468666077,1.0069443386503327,0.006944338791072369,0.006944338791072369,0.6944338791072369
Pythia_minus,160,MUR1.0_MUF1.0_PDF26213,pdf,11,2.18,2.5,0.7272884249687195,0.7323015332221985,1.0068928750704298,0.006892875302582979,0.006892875302582979,0.6892875302582979
Pythia_minus,161,MUR1.0_MUF1.0_PDF26214,pdf,1,0.0,0.21,0.7786144614219666,0.7769481539726257,0.9978599068834431,-0.0021400931291282177,0.0021400931291282177,-0.21400931291282177
Pythia_minus,161,MUR1.0_MUF1.0_PDF26214,pdf,2,0.21,0.42,0.7478157877922058,0.7460231184959412,0.997602792926374,-0.0023972070775926113,0.0023972070775926113,-0.23972070775926113
Pythia_minus,161,MUR1.0_MUF1.0_PDF26214,pdf,3,0.42,0.63,0.7352385520935059,0.733584463596344,0.997750269633642,-0.002249730285257101,0.002249730285257101,-0.2249730285257101
Pythia_minus,161,MUR1.0_MUF1.0_PDF26214,pdf,4,0.63,0.84,0.7513492107391357,0.7504031658172607,0.998740871876415,-0.0012591280974447727,0.0012591280974447727,-0.12591280974447727
Pythia_minus,161,MUR1.0_MUF1.0_PDF26214,pdf,5,0.84,1.05,0.7593017220497131,0.7590004205703735,0.9996031860977133,-0.00039681390626356006,0.00039681390626356006,-0.039681390626356006
Pythia_minus,161,MUR1.0_MUF1.0_PDF26214,pdf,6,1.05,1.37,0.7337679862976074,0.734203577041626,1.0005936355253333,0.0005936355446465313,0.0005936355446465313,0.059363554464653134
Pythia_minus,161,MUR1.0_MUF1.0_PDF26214,pdf,7,1.37,1.52,0.7370075583457947,0.7367253303527832,0.9996170622813626,-0.00038293772377073765,0.00038293772377073765,-0.038293772377073765
Pythia_minus,161,MUR1.0_MUF1.0_PDF26214,pdf,8,1.52,1.74,0.7175648808479309,0.719049870967865,1.0020694855051704,0.002069485606625676,0.002069485606625676,0.20694856066256762
Pythia_minus,161,MUR1.0_MUF1.0_PDF26214,pdf,9,1.74,1.95,0.6435351371765137,0.6447485685348511,1.0018855712582553,0.0018855712842196226,0.0018855712842196226,0.18855712842196226
Pythia_minus,161,MUR1.0_MUF1.0_PDF26214,pdf,10,1.95,2.18,0.7551155686378479,0.7600479125976562,1.006531906061354,0.006531905848532915,0.006531905848532915,0.6531905848532915
Pythia_minus,161,MUR1.0_MUF1.0_PDF26214,pdf,11,2.18,2.5,0.7272884249687195,0.7314881682395935,1.0057745223582442,0.005774522200226784,0.005774522200226784,0.5774522200226784
Pythia_minus,162,MUR1.0_MUF1.0_PDF26215,pdf,1,0.0,0.21,0.7786144614219666,0.7767776846885681,0.9976409676105373,-0.0023590323980897665,0.0023590323980897665,-0.23590323980897665
Pythia_minus,162,MUR1.0_MUF1.0_PDF26215,pdf,2,0.21,0.42,0.7478157877922058,0.7458006739616394,0.9973053339292078,-0.002694666152819991,0.002694666152819991,-0.2694666152819991
Pythia_minus,162,MUR1.0_MUF1.0_PDF26215,pdf,3,0.42,0.63,0.7352385520935059,0.7333655953407288,0.9974525863103287,-0.0025474135763943195,0.0025474135763943195,-0.25474135763943195
Pythia_minus,162,MUR1.0_MUF1.0_PDF26215,pdf,4,0.63,0.84,0.7513492107391357,0.7502285838127136,0.9985085138702419,-0.001491486094892025,0.001491486094892025,-0.1491486094892025
Pythia_minus,162,MUR1.0_MUF1.0_PDF26215,pdf,5,0.84,1.05,0.7593017220497131,0.7587357759475708,0.9992546492577226,-0.0007453507278114557,0.0007453507278114557,-0.07453507278114557
Pythia_minus,162,MUR1.0_MUF1.0_PDF26215,pdf,6,1.05,1.37,0.7337679862976074,0.7339438199996948,1.00023963119865,0.00023963120474945754,0.00023963120474945754,0.023963120474945754
Pythia_minus,162,MUR1.0_MUF1.0_PDF26215,pdf,7,1.37,1.52,0.7370075583457947,0.7366042137145996,0.9994527266014742,-0.0005472733755595982,0.0005472733755595982,-0.05472733755595982
Pythia_minus,162,MUR1.0_MUF1.0_PDF26215,pdf,8,1.52,1.74,0.7175648808479309,0.7190731167793274,1.0021018809192754,0.0021018809638917446,0.0021018809638917446,0.21018809638917446
Pythia_minus,162,MUR1.0_MUF1.0_PDF26215,pdf,9,1.74,1.95,0.6435351371765137,0.6445900201797485,1.0016392003206898,0.0016392003744840622,0.0016392003744840622,0.16392003744840622
Pythia_minus,162,MUR1.0_MUF1.0_PDF26215,pdf,10,1.95,2.18,0.7551155686378479,0.7603103518486023,1.0068794545186313,0.006879454478621483,0.006879454478621483,0.6879454478621483
Pythia_minus,162,MUR1.0_MUF1.0_PDF26215,pdf,11,2.18,2.5,0.7272884249687195,0.7320911884307861,1.0066036572248118,0.006603657267987728,0.006603657267987728,0.6603657267987728
Pythia_minus,163,MUR1.0_MUF1.0_PDF26216,pdf,1,0.0,0.21,0.7786144614219666,0.7768976092338562,0.9977949906235046,-0.002205009339377284,0.002205009339377284,-0.2205009339377284
Pythia_minus,163,MUR1.0_MUF1.0_PDF26216,pdf,2,0.21,0.42,0.7478157877922058,0.7459588050842285,0.9975167912495406,-0.0024832086637616158,0.0024832086637616158,-0.24832086637616158
Pythia_minus,163,MUR1.0_MUF1.0_PDF26216,pdf,3,0.42,0.63,0.7352385520935059,0.7335193753242493,0.9976617428937025,-0.0023382571525871754,0.0023382571525871754,-0.23382571525871754
Pythia_minus,163,MUR1.0_MUF1.0_PDF26216,pdf,4,0.63,0.84,0.7513492107391357,0.7503443956375122,0.9986626523495845,-0.001337347668595612,0.001337347668595612,-0.1337347668595612
Pythia_minus,163,MUR1.0_MUF1.0_PDF26216,pdf,5,0.84,1.05,0.7593017220497131,0.7589033246040344,0.9994753107570951,-0.0005246892687864602,0.0005246892687864602,-0.052468926878646016
Pythia_minus,163,MUR1.0_MUF1.0_PDF26216,pdf,6,1.05,1.37,0.7337679862976074,0.7340975403785706,1.0004491257279102,0.0004491257423069328,0.0004491257423069328,0.04491257423069328
Pythia_minus,163,MUR1.0_MUF1.0_PDF26216,pdf,7,1.37,1.52,0.7370075583457947,0.7366746664047241,0.9995483195018817,-0.00045168050564825535,0.00045168050564825535,-0.045168050564825535
Pythia_minus,163,MUR1.0_MUF1.0_PDF26216,pdf,8,1.52,1.74,0.7175648808479309,0.7190282344818115,1.0020393328505033,0.0020393328741192818,0.0020393328741192818,0.20393328741192818
Pythia_minus,163,MUR1.0_MUF1.0_PDF26216,pdf,9,1.74,1.95,0.6435351371765137,0.6446619629859924,1.0017509934491264,0.0017509934259578586,0.0017509934259578586,0.17509934259578586
Pythia_minus,163,MUR1.0_MUF1.0_PDF26216,pdf,10,1.95,2.18,0.7551155686378479,0.7600692510604858,1.006560164600465,0.006560164503753185,0.006560164503753185,0.6560164503753185
Pythia_minus,163,MUR1.0_MUF1.0_PDF26216,pdf,11,2.18,2.5,0.7272884249687195,0.7316415905952454,1.005985473544025,0.005985473748296499,0.005985473748296499,0.5985473748296499
Pythia_minus,164,MUR1.0_MUF1.0_PDF26217,pdf,1,0.0,0.21,0.7786144614219666,0.7762967348098755,0.9970232679626085,-0.0029767320957034826,0.0029767320957034826,-0.29767320957034826
Pythia_minus,164,MUR1.0_MUF1.0_PDF26217,pdf,2,0.21,0.42,0.7478157877922058,0.7454431056976318,0.9968271837352098,-0.0031728162430226803,0.0031728162430226803,-0.31728162430226803
Pythia_minus,164,MUR1.0_MUF1.0_PDF26217,pdf,3,0.42,0.63,0.7352385520935059,0.7330271601676941,0.9969922796900202,-0.003007720224559307,0.003007720224559307,-0.3007720224559307
Pythia_minus,164,MUR1.0_MUF1.0_PDF26217,pdf,4,0.63,0.84,0.7513492107391357,0.750105082988739,0.9983441418016892,-0.0016558582428842783,0.0016558582428842783,-0.16558582428842783
Pythia_minus,164,MUR1.0_MUF1.0_PDF26217,pdf,5,0.84,1.05,0.7593017220497131,0.7589435577392578,0.9995282977766882,-0.0004717022238764912,0.0004717022238764912,-0.04717022238764912
Pythia_minus,164,MUR1.0_MUF1.0_PDF26217,pdf,6,1.05,1.37,0.7337679862976074,0.7343257665634155,1.0007601589006663,0.0007601588731631637,0.0007601588731631637,0.07601588731631637
Pythia_minus,164,MUR1.0_MUF1.0_PDF26217,pdf,7,1.37,1.52,0.7370075583457947,0.7365750670433044,0.9994131792848082,-0.0005868207081221044,0.0005868207081221044,-0.05868207081221044
Pythia_minus,164,MUR1.0_MUF1.0_PDF26217,pdf,8,1.52,1.74,0.7175648808479309,0.719219982624054,1.0023065534842888,0.0023065535351634026,0.0023065535351634026,0.23065535351634026
Pythia_minus,164,MUR1.0_MUF1.0_PDF26217,pdf,9,1.74,1.95,0.6435351371765137,0.6448777318000793,1.0020862802137833,0.002086280146613717,0.002086280146613717,0.2086280146613717
Pythia_minus,164,MUR1.0_MUF1.0_PDF26217,pdf,10,1.95,2.18,0.7551155686378479,0.7607674598693848,1.007484802944445,0.0074848029762506485,0.0074848029762506485,0.7484802976250648
Pythia_minus,164,MUR1.0_MUF1.0_PDF26217,pdf,11,2.18,2.5,0.7272884249687195,0.7319231033325195,1.0063725452030938,0.006372545380145311,0.006372545380145311,0.6372545380145311
Pythia_minus,165,MUR1.0_MUF1.0_PDF26218,pdf,1,0.0,0.21,0.7786144614219666,0.7774394750595093,0.9984909266130102,-0.0015090734232217073,0.0015090734232217073,-0.15090734232217073
Pythia_minus,165,MUR1.0_MUF1.0_PDF26218,pdf,2,0.21,0.42,0.7478157877922058,0.7463619709014893,0.9980559157556587,-0.001944084302522242,0.001944084302522242,-0.1944084302522242
Pythia_minus,165,MUR1.0_MUF1.0_PDF26218,pdf,3,0.42,0.63,0.7352385520935059,0.7338991761207581,0.9981783110135696,-0.0018216889584437013,0.0018216889584437013,-0.18216889584437013
Pythia_minus,165,MUR1.0_MUF1.0_PDF26218,pdf,4,0.63,0.84,0.7513492107391357,0.7504844665527344,0.9988490781995356,-0.0011509218020364642,0.0011509218020364642,-0.11509218020364642
Pythia_minus,165,MUR1.0_MUF1.0_PDF26218,pdf,5,0.84,1.05,0.7593017220497131,0.7586695551872253,0.9991674365484365,-0.0008325634407810867,0.0008325634407810867,-0.08325634407810867
Pythia_minus,165,MUR1.0_MUF1.0_PDF26218,pdf,6,1.05,1.37,0.7337679862976074,0.7336676716804504,0.9998632883703974,-0.00013671163469552994,0.00013671163469552994,-0.013671163469552994
Pythia_minus,165,MUR1.0_MUF1.0_PDF26218,pdf,7,1.37,1.52,0.7370075583457947,0.7367079257965088,0.9995934471147645,-0.0004065528919454664,0.0004065528919454664,-0.04065528919454664
Pythia_minus,165,MUR1.0_MUF1.0_PDF26218,pdf,8,1.52,1.74,0.7175648808479309,0.718860924243927,1.0018061689341102,0.0018061689333990216,0.0018061689333990216,0.18061689333990216
Pythia_minus,165,MUR1.0_MUF1.0_PDF26218,pdf,9,1.74,1.95,0.6435351371765137,0.6443342566490173,1.0012417650977221,0.0012417651014402509,0.0012417651014402509,0.12417651014402509
Pythia_minus,165,MUR1.0_MUF1.0_PDF26218,pdf,10,1.95,2.18,0.7551155686378479,0.7595419883728027,1.005861910307239,0.005861910525709391,0.005861910525709391,0.5861910525709391
Pythia_minus,165,MUR1.0_MUF1.0_PDF26218,pdf,11,2.18,2.5,0.7272884249687195,0.7318331599235535,1.0062488756850894,0.006248875521123409,0.006248875521123409,0.6248875521123409
Pythia_minus,166,MUR1.0_MUF1.0_PDF26219,pdf,1,0.0,0.21,0.7786144614219666,0.7745925188064575,0.9948344876510977,-0.005165512207895517,0.005165512207895517,-0.5165512207895517
Pythia_minus,166,MUR1.0_MUF1.0_PDF26219,pdf,2,0.21,0.42,0.7478157877922058,0.7440178990364075,0.994921357882787,-0.005078642163425684,0.005078642163425684,-0.5078642163425684
Pythia_minus,166,MUR1.0_MUF1.0_PDF26219,pdf,3,0.42,0.63,0.7352385520935059,0.7316868305206299,0.995169293608499,-0.004830706398934126,0.004830706398934126,-0.4830706398934126
Pythia_minus,166,MUR1.0_MUF1.0_PDF26219,pdf,4,0.63,0.84,0.7513492107391357,0.749510645866394,0.9975529822265561,-0.002447017701342702,0.002447017701342702,-0.2447017701342702
Pythia_minus,166,MUR1.0_MUF1.0_PDF26219,pdf,5,0.84,1.05,0.7593017220497131,0.7592860460281372,0.9999793546871807,-2.064531327050645e-05,2.064531327050645e-05,-0.002064531327050645
Pythia_minus,166,MUR1.0_MUF1.0_PDF26219,pdf,6,1.05,1.37,0.7337679862976074,0.7352652549743652,1.0020405205796898,0.00204052054323256,0.00204052054323256,0.20405205432325602
Pythia_minus,166,MUR1.0_MUF1.0_PDF26219,pdf,7,1.37,1.52,0.7370075583457947,0.7364646196365356,0.99926332002554,-0.0007366799982264638,0.0007366799982264638,-0.07366799982264638
Pythia_minus,166,MUR1.0_MUF1.0_PDF26219,pdf,8,1.52,1.74,0.7175648808479309,0.7199423313140869,1.0033132202113162,0.0033132201060652733,0.0033132201060652733,0.33132201060652733
Pythia_minus,166,MUR1.0_MUF1.0_PDF26219,pdf,9,1.74,1.95,0.6435351371765137,0.6457865834236145,1.0034985599340838,0.003498559817671776,0.003498559817671776,0.3498559817671776
Pythia_minus,166,MUR1.0_MUF1.0_PDF26219,pdf,10,1.95,2.18,0.7551155686378479,0.7628948092460632,1.0103020529986533,0.010302052833139896,0.010302052833139896,1.0302052833139896
Pythia_minus,166,MUR1.0_MUF1.0_PDF26219,pdf,11,2.18,2.5,0.7272884249687195,0.7326390147209167,1.0073569021154536,0.007356902118772268,0.007356902118772268,0.7356902118772268
Pythia_minus,167,MUR1.0_MUF1.0_PDF26220,pdf,1,0.0,0.21,0.7786144614219666,0.7784083485603333,0.9997352825154867,-0.00026471749879419804,0.00026471749879419804,-0.026471749879419804
Pythia_minus,167,MUR1.0_MUF1.0_PDF26220,pdf,2,0.21,0.42,0.7478157877922058,0.7471827864646912,0.9991535330788034,-0.0008464669226668775,0.0008464669226668775,-0.08464669226668775
Pythia_minus,167,MUR1.0_MUF1.0_PDF26220,pdf,3,0.42,0.63,0.7352385520935059,0.7346796989440918,0.9992399022768559,-0.0007600976969115436,0.0007600976969115436,-0.07600976969115436
Pythia_minus,167,MUR1.0_MUF1.0_PDF26220,pdf,4,0.63,0.84,0.7513492107391357,0.7508350014686584,0.999315618805307,-0.0006843811715953052,0.0006843811715953052,-0.06843811715953052
Pythia_minus,167,MUR1.0_MUF1.0_PDF26220,pdf,5,0.84,1.05,0.7593017220497131,0.7584764361381531,0.9989130988543893,-0.0010869011748582125,0.0010869011748582125,-0.10869011748582125
Pythia_minus,167,MUR1.0_MUF1.0_PDF26220,pdf,6,1.05,1.37,0.7337679862976074,0.7331081032752991,0.9991006925422872,-0.0008993074297904968,0.0008993074297904968,-0.08993074297904968
Pythia_minus,167,MUR1.0_MUF1.0_PDF26220,pdf,7,1.37,1.52,0.7370075583457947,0.7367671728134155,0.9996738357298279,-0.0003261642705183476,0.0003261642705183476,-0.03261642705183476
Pythia_minus,167,MUR1.0_MUF1.0_PDF26220,pdf,8,1.52,1.74,0.7175648808479309,0.7183879017829895,1.0011469637896522,0.0011469637975096703,0.0011469637975096703,0.11469637975096703
Pythia_minus,167,MUR1.0_MUF1.0_PDF26220,pdf,9,1.74,1.95,0.6435351371765137,0.6437469124794006,1.0003290811808911,0.0003290811728220433,0.0003290811728220433,0.03290811728220433
Pythia_minus,167,MUR1.0_MUF1.0_PDF26220,pdf,10,1.95,2.18,0.7551155686378479,0.7581442594528198,1.0040108970610093,0.004010897129774094,0.004010897129774094,0.40108971297740936
Pythia_minus,167,MUR1.0_MUF1.0_PDF26220,pdf,11,2.18,2.5,0.7272884249687195,0.7313003540039062,1.0055162833580904,0.005516283214092255,0.005516283214092255,0.5516283214092255
Pythia_minus,168,MUR1.0_MUF1.0_PDF13316,pdf,1,0.0,0.21,0.7786144614219666,0.7785963416099548,0.9999767281332296,-2.3271866666618735e-05,2.3271866666618735e-05,-0.0023271866666618735
Pythia_minus,168,MUR1.0_MUF1.0_PDF13316,pdf,2,0.21,0.42,0.7478157877922058,0.7477961778640747,0.9999737770605392,-2.6222938686260022e-05,2.6222938686260022e-05,-0.0026222938686260022
Pythia_minus,168,MUR1.0_MUF1.0_PDF13316,pdf,3,0.42,0.63,0.7352385520935059,0.7352211475372314,0.9999763280145949,-2.367198612773791e-05,2.367198612773791e-05,-0.002367198612773791
Pythia_minus,168,MUR1.0_MUF1.0_PDF13316,pdf,4,0.63,0.84,0.7513492107391357,0.7513212561607361,0.9999627941601587,-3.7205838452791795e-05,3.7205838452791795e-05,-0.0037205838452791795
Pythia_minus,168,MUR1.0_MUF1.0_PDF13316,pdf,5,0.84,1.05,0.7593017220497131,0.7592588067054749,0.999943480512434,-5.6519485951866955e-05,5.6519485951866955e-05,-0.0056519485951866955
Pythia_minus,168,MUR1.0_MUF1.0_PDF13316,pdf,6,1.05,1.37,0.7337679862976074,0.733716607093811,0.9999299789514453,-7.00210512150079e-05,7.00210512150079e-05,-0.00700210512150079
Pythia_minus,168,MUR1.0_MUF1.0_PDF13316,pdf,7,1.37,1.52,0.7370075583457947,0.7369915246963501,0.9999782449321407,-2.1755067791673355e-05,2.1755067791673355e-05,-0.0021755067791673355
Pythia_minus,168,MUR1.0_MUF1.0_PDF13316,pdf,8,1.52,1.74,0.7175648808479309,0.7175213098526001,0.9999392793648438,-6.0720634792232886e-05,6.0720634792232886e-05,-0.006072063479223289
Pythia_minus,168,MUR1.0_MUF1.0_PDF13316,pdf,9,1.74,1.95,0.6435351371765137,0.6434998512268066,0.9999451685732937,-5.483142740558833e-05,5.483142740558833e-05,-0.005483142740558833
Pythia_minus,168,MUR1.0_MUF1.0_PDF13316,pdf,10,1.95,2.18,0.7551155686378479,0.7550395131111145,0.9998992796203757,-0.0001007203827612102,0.0001007203827612102,-0.01007203827612102
Pythia_minus,168,MUR1.0_MUF1.0_PDF13316,pdf,11,2.18,2.5,0.7272884249687195,0.7272472977638245,0.999943451313835,-5.654868436977267e-05,5.654868436977267e-05,-0.005654868436977267
Pythia_minus,169,MUR1.0_MUF1.0_PDF26221,pdf,1,0.0,0.21,0.7786144614219666,0.7767688632011414,0.9976296378859254,-0.0023703621700406075,0.0023703621700406075,-0.23703621700406075
Pythia_minus,169,MUR1.0_MUF1.0_PDF26221,pdf,2,0.21,0.42,0.7478157877922058,0.7458376884460449,0.9973548307237523,-0.002645169384777546,0.002645169384777546,-0.2645169384777546
Pythia_minus,169,MUR1.0_MUF1.0_PDF26221,pdf,3,0.42,0.63,0.7352385520935059,0.7334029078483582,0.997503335155752,-0.0024966648779809475,0.0024966648779809475,-0.24966648779809475
Pythia_minus,169,MUR1.0_MUF1.0_PDF26221,pdf,4,0.63,0.84,0.7513492107391357,0.7502999901771545,0.9986035513886425,-0.0013964485842734575,0.0013964485842734575,-0.13964485842734575
Pythia_minus,169,MUR1.0_MUF1.0_PDF26221,pdf,5,0.84,1.05,0.7593017220497131,0.7589246034622192,0.9995033350030132,-0.0004966650158166885,0.0004966650158166885,-0.049666501581668854
Pythia_minus,169,MUR1.0_MUF1.0_PDF26221,pdf,6,1.05,1.37,0.7337679862976074,0.7341697216033936,1.0005474963657288,0.0005474963691085577,0.0005474963691085577,0.05474963691085577
Pythia_minus,169,MUR1.0_MUF1.0_PDF26221,pdf,7,1.37,1.52,0.7370075583457947,0.736657440662384,0.9995249469568582,-0.0004750530351884663,0.0004750530351884663,-0.04750530351884663
Pythia_minus,169,MUR1.0_MUF1.0_PDF26221,pdf,8,1.52,1.74,0.7175648808479309,0.7191185355186462,1.0021651765745272,0.00216517667286098,0.00216517667286098,0.216517667286098
Pythia_minus,169,MUR1.0_MUF1.0_PDF26221,pdf,9,1.74,1.95,0.6435351371765137,0.6447393298149109,1.0018712150570062,0.0018712150631472468,0.0018712150631472468,0.18712150631472468
Pythia_minus,169,MUR1.0_MUF1.0_PDF26221,pdf,10,1.95,2.18,0.7551155686378479,0.7603238224983215,1.0068972937081258,0.006897293496876955,0.006897293496876955,0.6897293496876955
Pythia_minus,169,MUR1.0_MUF1.0_PDF26221,pdf,11,2.18,2.5,0.7272884249687195,0.7317851781845093,1.0061829022178967,0.006182902026921511,0.006182902026921511,0.6182902026921511
Pythia_minus,170,MUR1.0_MUF1.0_PDF26222,pdf,1,0.0,0.21,0.7786144614219666,0.7769271731376648,0.9978329605113931,-0.0021670395508408546,0.0021670395508408546,-0.21670395508408546
Pythia_minus,170,MUR1.0_MUF1.0_PDF26222,pdf,2,0.21,0.42,0.7478157877922058,0.7459286451339722,0.9974764605280598,-0.002523539587855339,0.002523539587855339,-0.2523539587855339
Pythia_minus,170,MUR1.0_MUF1.0_PDF26222,pdf,3,0.42,0.63,0.7352385520935059,0.7334862351417542,0.9976166688393009,-0.0023833310697227716,0.0023833310697227716,-0.23833310697227716
Pythia_minus,170,MUR1.0_MUF1.0_PDF26222,pdf,4,0.63,0.84,0.7513492107391357,0.7502597570419312,0.9985500035381246,-0.0014499964891001582,0.0014499964891001582,-0.14499964891001582
Pythia_minus,170,MUR1.0_MUF1.0_PDF26222,pdf,5,0.84,1.05,0.7593017220497131,0.758661687374115,0.9991570746423828,-0.0008429253357462585,0.0008429253357462585,-0.08429253357462585
Pythia_minus,170,MUR1.0_MUF1.0_PDF26222,pdf,6,1.05,1.37,0.7337679862976074,0.7338064908981323,1.0000524751709585,5.247517037787475e-05,5.247517037787475e-05,0.005247517037787475
Pythia_minus,170,MUR1.0_MUF1.0_PDF26222,pdf,7,1.37,1.52,0.7370075583457947,0.7366096377372742,0.9994600861225716,-0.000539913889952004,0.000539913889952004,-0.053991388995200396
Pythia_minus,170,MUR1.0_MUF1.0_PDF26222,pdf,8,1.52,1.74,0.7175648808479309,0.71895831823349,1.0019418974126946,0.001941897440701723,0.001941897440701723,0.1941897440701723
Pythia_minus,170,MUR1.0_MUF1.0_PDF26222,pdf,9,1.74,1.95,0.6435351371765137,0.6444610953330994,1.0014388618477745,0.0014388618292286992,0.0014388618292286992,0.14388618292286992
Pythia_minus,170,MUR1.0_MUF1.0_PDF26222,pdf,10,1.95,2.18,0.7551155686378479,0.7600176334381104,1.0064918073522247,0.006491807289421558,0.006491807289421558,0.6491807289421558
Pythia_minus,170,MUR1.0_MUF1.0_PDF26222,pdf,11,2.18,2.5,0.7272884249687195,0.7320151329040527,1.0064990831327152,0.006499083247035742,0.006499083247035742,0.6499083247035742
Pythia_minus,171,MUR1.0_MUF1.0_PDF26223,pdf,1,0.0,0.21,0.7786144614219666,0.777403712272644,0.998444995297016,-0.001555004739202559,0.001555004739202559,-0.1555004739202559
Pythia_minus,171,MUR1.0_MUF1.0_PDF26223,pdf,2,0.21,0.42,0.7478157877922058,0.746431827545166,0.9981493299959263,-0.0018506699707359076,0.0018506699707359076,-0.18506699707359076
Pythia_minus,171,MUR1.0_MUF1.0_PDF26223,pdf,3,0.42,0.63,0.7352385520935059,0.7339493632316589,0.9982465706427172,-0.0017534293001517653,0.0017534293001517653,-0.17534293001517653
Pythia_minus,171,MUR1.0_MUF1.0_PDF26223,pdf,4,0.63,0.84,0.7513492107391357,0.7506067156791687,0.9990117843349611,-0.0009882156737148762,0.0009882156737148762,-0.09882156737148762
Pythia_minus,171,MUR1.0_MUF1.0_PDF26223,pdf,5,0.84,1.05,0.7593017220497131,0.759010910987854,0.9996170019724516,-0.000382998026907444,0.000382998026907444,-0.0382998026907444
Pythia_minus,171,MUR1.0_MUF1.0_PDF26223,pdf,6,1.05,1.37,0.7337679862976074,0.7340337038040161,1.000362127418163,0.00036212740815244615,0.00036212740815244615,0.036212740815244615
Pythia_minus,171,MUR1.0_MUF1.0_PDF26223,pdf,7,1.37,1.52,0.7370075583457947,0.7366885542869568,0.9995671631108453,-0.00043283688137307763,0.00043283688137307763,-0.04328368813730776
Pythia_minus,171,MUR1.0_MUF1.0_PDF26223,pdf,8,1.52,1.74,0.7175648808479309,0.7188323140144348,1.0017662976552115,0.001766297616995871,0.001766297616995871,0.1766297616995871
Pythia_minus,171,MUR1.0_MUF1.0_PDF26223,pdf,9,1.74,1.95,0.6435351371765137,0.6444787383079529,1.0014662775611278,0.0014662775211036205,0.0014662775211036205,0.14662775211036205
Pythia_minus,171,MUR1.0_MUF1.0_PDF26223,pdf,10,1.95,2.18,0.7551155686378479,0.759485125541687,1.0057866068259211,0.005786607041954994,0.005786607041954994,0.5786607041954994
Pythia_minus,171,MUR1.0_MUF1.0_PDF26223,pdf,11,2.18,2.5,0.7272884249687195,0.7311254739761353,1.0052758285099626,0.005275828298181295,0.005275828298181295,0.5275828298181295
Pythia_minus,172,MUR1.0_MUF1.0_PDF26224,pdf,1,0.0,0.21,0.7786144614219666,0.7763559818267822,0.9970993608427723,-0.002900639083236456,0.002900639083236456,-0.2900639083236456
Pythia_minus,172,MUR1.0_MUF1.0_PDF26224,pdf,2,0.21,0.42,0.7478157877922058,0.7454087734222412,0.9967812736649077,-0.0032187262549996376,0.0032187262549996376,-0.32187262549996376
Pythia_minus,172,MUR1.0_MUF1.0_PDF26224,pdf,3,0.42,0.63,0.7352385520935059,0.7330097556114197,0.9969686077046152,-0.0030313923489302397,0.0030313923489302397,-0.30313923489302397
Pythia_minus,172,MUR1.0_MUF1.0_PDF26224,pdf,4,0.63,0.84,0.7513492107391357,0.7500166893005371,0.9982264951908477,-0.0017735047731548548,0.0017735047731548548,-0.17735047731548548
Pythia_minus,172,MUR1.0_MUF1.0_PDF26224,pdf,5,0.84,1.05,0.7593017220497131,0.7586570382118225,0.9991509516978965,-0.000849048316013068,0.000849048316013068,-0.0849048316013068
Pythia_minus,172,MUR1.0_MUF1.0_PDF26224,pdf,6,1.05,1.37,0.7337679862976074,0.7340112924575806,1.0003315845941996,0.00033158459700644016,0.00033158459700644016,0.033158459700644016
Pythia_minus,172,MUR1.0_MUF1.0_PDF26224,pdf,7,1.37,1.52,0.7370075583457947,0.7365981340408325,0.9994444774679365,-0.0005555225070565939,0.0005555225070565939,-0.05555225070565939
Pythia_minus,172,MUR1.0_MUF1.0_PDF26224,pdf,8,1.52,1.74,0.7175648808479309,0.7192407250404358,1.0023354601614902,0.0023354601580649614,0.0023354601580649614,0.23354601580649614
Pythia_minus,172,MUR1.0_MUF1.0_PDF26224,pdf,9,1.74,1.95,0.6435351371765137,0.6447494029998779,1.0018868679474005,0.001886867918074131,0.001886867918074131,0.1886867918074131
Pythia_minus,172,MUR1.0_MUF1.0_PDF26224,pdf,10,1.95,2.18,0.7551155686378479,0.7607892751693726,1.0075136929592903,0.007513693068176508,0.007513693068176508,0.7513693068176508
Pythia_minus,172,MUR1.0_MUF1.0_PDF26224,pdf,11,2.18,2.5,0.7272884249687195,0.732498288154602,1.007163407263228,0.007163407281041145,0.007163407281041145,0.7163407281041145
Pythia_minus,173,MUR1.0_MUF1.0_PDF26225,pdf,1,0.0,0.21,0.7786144614219666,0.7772290706634521,0.9982206973705776,-0.0017793026054278016,0.0017793026054278016,-0.17793026054278016
Pythia_minus,173,MUR1.0_MUF1.0_PDF26225,pdf,2,0.21,0.42,0.7478157877922058,0.7462491393089294,0.9979050342225301,-0.0020949658937752247,0.0020949658937752247,-0.20949658937752247
Pythia_minus,173,MUR1.0_MUF1.0_PDF26225,pdf,3,0.42,0.63,0.7352385520935059,0.7337322235107422,0.9979512383042557,-0.002048761583864689,0.002048761583864689,-0.2048761583864689
Pythia_minus,173,MUR1.0_MUF1.0_PDF26225,pdf,4,0.63,0.84,0.7513492107391357,0.7504978179931641,0.9988668481528927,-0.0011331518180668354,0.0011331518180668354,-0.11331518180668354
Pythia_minus,173,MUR1.0_MUF1.0_PDF26225,pdf,5,0.84,1.05,0.7593017220497131,0.7590242028236389,0.9996345073137395,-0.00036549268406815827,0.00036549268406815827,-0.03654926840681583
Pythia_minus,173,MUR1.0_MUF1.0_PDF26225,pdf,6,1.05,1.37,0.7337679862976074,0.7341165542602539,1.0004750383897303,0.0004750383959617466,0.0004750383959617466,0.04750383959617466
Pythia_minus,173,MUR1.0_MUF1.0_PDF26225,pdf,7,1.37,1.52,0.7370075583457947,0.7365635633468628,0.9993975706301731,-0.0006024293834343553,0.0006024293834343553,-0.060242938343435526
Pythia_minus,173,MUR1.0_MUF1.0_PDF26225,pdf,8,1.52,1.74,0.7175648808479309,0.7189927101135254,1.0019898260125373,0.0019898260943591595,0.0019898260943591595,0.19898260943591595
Pythia_minus,173,MUR1.0_MUF1.0_PDF26225,pdf,9,1.74,1.95,0.6435351371765137,0.6446205377578735,1.0016866220951384,0.0016866220394149423,0.0016866220394149423,0.16866220394149423
Pythia_minus,173,MUR1.0_MUF1.0_PDF26225,pdf,10,1.95,2.18,0.7551155686378479,0.7602264285087585,1.0067683147893907,0.006768314633518457,0.006768314633518457,0.6768314633518457
Pythia_minus,173,MUR1.0_MUF1.0_PDF26225,pdf,11,2.18,2.5,0.7272884249687195,0.7316936254501343,1.0060570199252163,0.0060570198111236095,0.0060570198111236095,0.605701981112361
Pythia_minus,174,MUR1.0_MUF1.0_PDF26226,pdf,1,0.0,0.21,0.7786144614219666,0.7762160897254944,0.9969196928450416,-0.00308030704036355,0.00308030704036355,-0.308030704036355
Pythia_minus,174,MUR1.0_MUF1.0_PDF26226,pdf,2,0.21,0.42,0.7478157877922058,0.7452936768531799,0.9966273633424189,-0.0033726366236805916,0.0033726366236805916,-0.33726366236805916
Pythia_minus,174,MUR1.0_MUF1.0_PDF26226,pdf,3,0.42,0.63,0.7352385520935059,0.7329729795455933,0.9969185884751804,-0.003081411588937044,0.003081411588937044,-0.3081411588937044
Pythia_minus,174,MUR1.0_MUF1.0_PDF26226,pdf,4,0.63,0.84,0.7513492107391357,0.7499260306358337,0.9981058340343474,-0.0018941659945994616,0.0018941659945994616,-0.18941659945994616
Pythia_minus,174,MUR1.0_MUF1.0_PDF26226,pdf,5,0.84,1.05,0.7593017220497131,0.7584590911865234,0.9988902555614979,-0.0011097444221377373,0.0011097444221377373,-0.11097444221377373
Pythia_minus,174,MUR1.0_MUF1.0_PDF26226,pdf,6,1.05,1.37,0.7337679862976074,0.7338148355484009,1.0000638474990302,6.384749576682225e-05,6.384749576682225e-05,0.006384749576682225
Pythia_minus,174,MUR1.0_MUF1.0_PDF26226,pdf,7,1.37,1.52,0.7370075583457947,0.7367008924484253,0.9995839039994954,-0.0004160960088483989,0.0004160960088483989,-0.04160960088483989
Pythia_minus,174,MUR1.0_MUF1.0_PDF26226,pdf,8,1.52,1.74,0.7175648808479309,0.7190482020378113,1.002067159680568,0.002067159628495574,0.002067159628495574,0.2067159628495574
Pythia_minus,174,MUR1.0_MUF1.0_PDF26226,pdf,9,1.74,1.95,0.6435351371765137,0.644573450088501,1.0016134517790947,0.0016134517500177026,0.0016134517500177026,0.16134517500177026
Pythia_minus,174,MUR1.0_MUF1.0_PDF26226,pdf,10,1.95,2.18,0.7551155686378479,0.7600390315055847,1.0065201448258023,0.0065201446413993835,0.0065201446413993835,0.6520144641399384
Pythia_minus,174,MUR1.0_MUF1.0_PDF26226,pdf,11,2.18,2.5,0.7272884249687195,0.7320614457130432,1.006562761870614,0.006562761962413788,0.006562761962413788,0.6562761962413788
Pythia_minus,175,MUR1.0_MUF1.0_PDF26227,pdf,1,0.0,0.21,0.7786144614219666,0.7767266035079956,0.997575362380859,-0.0024246375542134047,0.0024246375542134047,-0.24246375542134047
Pythia_minus,175,MUR1.0_MUF1.0_PDF26227,pdf,2,0.21,0.42,0.7478157877922058,0.7457832098007202,0.9972819803691408,-0.0027180195320397615,0.0027180195320397615,-0.27180195320397615
Pythia_minus,175,MUR1.0_MUF1.0_PDF26227,pdf,3,0.42,0.63,0.7352385520935059,0.7333493232727051,0.9974304546253439,-0.002569545293226838,0.002569545293226838,-0.2569545293226838
Pythia_minus,175,MUR1.0_MUF1.0_PDF26227,pdf,4,0.63,0.84,0.7513492107391357,0.7502650618553162,0.9985570639213781,-0.0014429361326619983,0.0014429361326619983,-0.14429361326619983
Pythia_minus,175,MUR1.0_MUF1.0_PDF26227,pdf,5,0.84,1.05,0.7593017220497131,0.7588769793510437,0.9994406140716725,-0.0005593859241344035,0.0005593859241344035,-0.05593859241344035
Pythia_minus,175,MUR1.0_MUF1.0_PDF26227,pdf,6,1.05,1.37,0.7337679862976074,0.7341277003288269,1.0004902285707973,0.00049022858729586,0.00049022858729586,0.049022858729586005
Pythia_minus,175,MUR1.0_MUF1.0_PDF26227,pdf,7,1.37,1.52,0.7370075583457947,0.73663330078125,0.999492193044282,-0.0005078069516457617,0.0005078069516457617,-0.05078069516457617
Pythia_minus,175,MUR1.0_MUF1.0_PDF26227,pdf,8,1.52,1.74,0.7175648808479309,0.7191503047943115,1.0022094503071377,0.002209450351074338,0.002209450351074338,0.2209450351074338
Pythia_minus,175,MUR1.0_MUF1.0_PDF26227,pdf,9,1.74,1.95,0.6435351371765137,0.6447200179100037,1.0018412059653627,0.0018412059871479869,0.0018412059871479869,0.1841205987147987
Pythia_minus,175,MUR1.0_MUF1.0_PDF26227,pdf,10,1.95,2.18,0.7551155686378479,0.7604367733001709,1.007046874522693,0.007046874612569809,0.007046874612569809,0.7046874612569809
Pythia_minus,175,MUR1.0_MUF1.0_PDF26227,pdf,11,2.18,2.5,0.7272884249687195,0.7319692373275757,1.0064359780771397,0.006435978226363659,0.006435978226363659,0.6435978226363659
Pythia_minus,176,MUR1.0_MUF1.0_PDF26228,pdf,1,0.0,0.21,0.7786144614219666,0.7769709825515747,0.9978892263734861,-0.0021107736974954605,0.0021107736974954605,-0.21107736974954605
Pythia_minus,176,MUR1.0_MUF1.0_PDF26228,pdf,2,0.21,0.42,0.7478157877922058,0.7459940314292908,0.9975638968945902,-0.002436103066429496,0.002436103066429496,-0.24361030664294958
Pythia_minus,176,MUR1.0_MUF1.0_PDF26228,pdf,3,0.42,0.63,0.7352385520935059,0.7335479259490967,0.9977005746779799,-0.0022994254250079393,0.0022994254250079393,-0.22994254250079393
Pythia_minus,176,MUR1.0_MUF1.0_PDF26228,pdf,4,0.63,0.84,0.7513492107391357,0.7503389120101929,0.9986553539758842,-0.0013446459779515862,0.0013446459779515862,-0.13446459779515862
Pythia_minus,176,MUR1.0_MUF1.0_PDF26228,pdf,5,0.84,1.05,0.7593017220497131,0.7588057518005371,0.9993468074221705,-0.0006531925755552948,0.0006531925755552948,-0.06531925755552948
Pythia_minus,176,MUR1.0_MUF1.0_PDF26228,pdf,6,1.05,1.37,0.7337679862976074,0.7339658141136169,1.00026960540621,0.0002696053998079151,0.0002696053998079151,0.02696053998079151
Pythia_minus,176,MUR1.0_MUF1.0_PDF26228,pdf,7,1.37,1.52,0.7370075583457947,0.7366616129875183,0.9995306081269332,-0.0004693918745033443,0.0004693918745033443,-0.04693918745033443
Pythia_minus,176,MUR1.0_MUF1.0_PDF26228,pdf,8,1.52,1.74,0.7175648808479309,0.7190183997154236,1.0020256270983818,0.002025627065449953,0.002025627065449953,0.2025627065449953
Pythia_minus,176,MUR1.0_MUF1.0_PDF26228,pdf,9,1.74,1.95,0.6435351371765137,0.6445724368095398,1.0016118772279898,0.0016118772327899933,0.0016118772327899933,0.16118772327899933
Pythia_minus,176,MUR1.0_MUF1.0_PDF26228,pdf,10,1.95,2.18,0.7551155686378479,0.7600495219230652,1.0065340372919573,0.006534037180244923,0.006534037180244923,0.6534037180244923
Pythia_minus,176,MUR1.0_MUF1.0_PDF26228,pdf,11,2.18,2.5,0.7272884249687195,0.7318403124809265,1.006258710239205,0.006258710287511349,0.006258710287511349,0.6258710287511349
Pythia_minus,177,MUR1.0_MUF1.0_PDF26229,pdf,1,0.0,0.21,0.7786144614219666,0.777250349521637,0.9982480265035941,-0.0017519735265523195,0.0017519735265523195,-0.17519735265523195
Pythia_minus,177,MUR1.0_MUF1.0_PDF26229,pdf,2,0.21,0.42,0.7478157877922058,0.7462804913520813,0.9979469590436741,-0.002053041011095047,0.002053041011095047,-0.2053041011095047
Pythia_minus,177,MUR1.0_MUF1.0_PDF26229,pdf,3,0.42,0.63,0.7352385520935059,0.7338045835494995,0.9980496553942618,-0.0019503446528688073,0.0019503446528688073,-0.19503446528688073
Pythia_minus,177,MUR1.0_MUF1.0_PDF26229,pdf,4,0.63,0.84,0.7513492107391357,0.7505996227264404,0.9990023440472402,-0.0009976559085771441,0.0009976559085771441,-0.09976559085771441
Pythia_minus,177,MUR1.0_MUF1.0_PDF26229,pdf,5,0.84,1.05,0.7593017220497131,0.759153425693512,0.9998046937707439,-0.00019530623103491962,0.00019530623103491962,-0.019530623103491962
Pythia_minus,177,MUR1.0_MUF1.0_PDF26229,pdf,6,1.05,1.37,0.7337679862976074,0.734295129776001,1.0007184062104608,0.0007184062269516289,0.0007184062269516289,0.07184062269516289
Pythia_minus,177,MUR1.0_MUF1.0_PDF26229,pdf,7,1.37,1.52,0.7370075583457947,0.7367421388626099,0.9996398687093786,-0.0003601312928367406,0.0003601312928367406,-0.03601312928367406
Pythia_minus,177,MUR1.0_MUF1.0_PDF26229,pdf,8,1.52,1.74,0.7175648808479309,0.7191786170005798,1.0022489062602145,0.00224890629760921,0.00224890629760921,0.224890629760921
Pythia_minus,177,MUR1.0_MUF1.0_PDF26229,pdf,9,1.74,1.95,0.6435351371765137,0.6447897553443909,1.0019495721296303,0.0019495721207931638,0.0019495721207931638,0.19495721207931638
Pythia_minus,177,MUR1.0_MUF1.0_PDF26229,pdf,10,1.95,2.18,0.7551155686378479,0.7602716088294983,1.0068281471152176,0.0068281469866633415,0.0068281469866633415,0.6828146986663342
Pythia_minus,177,MUR1.0_MUF1.0_PDF26229,pdf,11,2.18,2.5,0.7272884249687195,0.7316014766693115,1.0059303180863597,0.005930318031460047,0.005930318031460047,0.5930318031460047
Pythia_minus,178,MUR1.0_MUF1.0_PDF26230,pdf,1,0.0,0.21,0.7786144614219666,0.7762407660484314,0.9969513854530776,-0.0030486145988106728,0.0030486145988106728,-0.3048614598810673
Pythia_minus,178,MUR1.0_MUF1.0_PDF26230,pdf,2,0.21,0.42,0.7478157877922058,0.7453058362007141,0.9966436231589842,-0.0033563768956810236,0.0033563768956810236,-0.33563768956810236
Pythia_minus,178,MUR1.0_MUF1.0_PDF26230,pdf,3,0.42,0.63,0.7352385520935059,0.7329165935516357,0.9968418977279434,-0.0031581022776663303,0.0031581022776663303,-0.31581022776663303
Pythia_minus,178,MUR1.0_MUF1.0_PDF26230,pdf,4,0.63,0.84,0.7513492107391357,0.749835729598999,0.9979856488587406,-0.002014351077377796,0.002014351077377796,-0.20143510773777962
Pythia_minus,178,MUR1.0_MUF1.0_PDF26230,pdf,5,0.84,1.05,0.7593017220497131,0.75833660364151,0.9987289395240698,-0.0012710604351013899,0.0012710604351013899,-0.127106043510139
Pythia_minus,178,MUR1.0_MUF1.0_PDF26230,pdf,6,1.05,1.37,0.7337679862976074,0.7336245179176331,0.9998044771880846,-0.0001955228071892634,0.0001955228071892634,-0.01955228071892634
Pythia_minus,178,MUR1.0_MUF1.0_PDF26230,pdf,7,1.37,1.52,0.7370075583457947,0.7364879846572876,0.9992950225779593,-0.0007049774285405874,0.0007049774285405874,-0.07049774285405874
Pythia_minus,178,MUR1.0_MUF1.0_PDF26230,pdf,8,1.52,1.74,0.7175648808479309,0.7188645005226135,1.0018111528439726,0.0018111527897417545,0.0018111527897417545,0.18111527897417545
Pythia_minus,178,MUR1.0_MUF1.0_PDF26230,pdf,9,1.74,1.95,0.6435351371765137,0.6443843245506287,1.0013195664464272,0.001319566392339766,0.001319566392339766,0.1319566392339766
Pythia_minus,178,MUR1.0_MUF1.0_PDF26230,pdf,10,1.95,2.18,0.7551155686378479,0.7600746154785156,1.006567268702476,0.006567268632352352,0.006567268632352352,0.6567268632352352
Pythia_minus,178,MUR1.0_MUF1.0_PDF26230,pdf,11,2.18,2.5,0.7272884249687195,0.7322608232498169,1.0068369000665882,0.006836900021880865,0.006836900021880865,0.6836900021880865
Pythia_minus,179,MUR1.0_MUF1.0_PDF13317,pdf,1,0.0,0.21,0.7786144614219666,0.7785946130752563,0.9999745081196232,-2.549187956901733e-05,2.549187956901733e-05,-0.002549187956901733
Pythia_minus,179,MUR1.0_MUF1.0_PDF13317,pdf,2,0.21,0.42,0.7478157877922058,0.7477965950965881,0.9999743349954213,-2.566500370448921e-05,2.566500370448921e-05,-0.002566500370448921
Pythia_minus,179,MUR1.0_MUF1.0_PDF13317,pdf,3,0.42,0.63,0.7352385520935059,0.7352215647697449,0.9999768954936971,-2.310450690856669e-05,2.310450690856669e-05,-0.002310450690856669
Pythia_minus,179,MUR1.0_MUF1.0_PDF13317,pdf,4,0.63,0.84,0.7513492107391357,0.7513214349746704,0.9999630321506054,-3.696784915518947e-05,3.696784915518947e-05,-0.003696784915518947
Pythia_minus,179,MUR1.0_MUF1.0_PDF13317,pdf,5,0.84,1.05,0.7593017220497131,0.7592577338218689,0.9999420675252448,-5.793247328256257e-05,5.793247328256257e-05,-0.005793247328256257
Pythia_minus,179,MUR1.0_MUF1.0_PDF13317,pdf,6,1.05,1.37,0.7337679862976074,0.7337163090705872,0.9999295727968713,-7.042720244498923e-05,7.042720244498923e-05,-0.007042720244498923
Pythia_minus,179,MUR1.0_MUF1.0_PDF13317,pdf,7,1.37,1.52,0.7370075583457947,0.7369924187660217,0.999979458040014,-2.0541960111586377e-05,2.0541960111586377e-05,-0.0020541960111586377
Pythia_minus,179,MUR1.0_MUF1.0_PDF13317,pdf,8,1.52,1.74,0.7175648808479309,0.7175196409225464,0.9999369535402415,-6.304645648924634e-05,6.304645648924634e-05,-0.006304645648924634
Pythia_minus,179,MUR1.0_MUF1.0_PDF13317,pdf,9,1.74,1.95,0.6435351371765137,0.6434981226921082,0.9999424825743503,-5.7517427194397897e-05,5.7517427194397897e-05,-0.00575174271943979
Pythia_minus,179,MUR1.0_MUF1.0_PDF13317,pdf,10,1.95,2.18,0.7551155686378479,0.7550346255302429,0.999892806994099,-0.00010719300917116925,0.00010719300917116925,-0.010719300917116925
Pythia_minus,179,MUR1.0_MUF1.0_PDF13317,pdf,11,2.18,2.5,0.7272884249687195,0.7272458672523499,0.9999414844030118,-5.8515597629593685e-05,5.8515597629593685e-05,-0.0058515597629593685
Pythia_minus,180,MUR1.0_MUF1.0_PDF26231,pdf,1,0.0,0.21,0.7786144614219666,0.775841474533081,0.9964385623100023,-0.0035614375956356525,0.0035614375956356525,-0.35614375956356525
Pythia_minus,180,MUR1.0_MUF1.0_PDF26231,pdf,2,0.21,0.42,0.7478157877922058,0.7449464797973633,0.9961630818154914,-0.003836918156594038,0.003836918156594038,-0.3836918156594038
Pythia_minus,180,MUR1.0_MUF1.0_PDF26231,pdf,3,0.42,0.63,0.7352385520935059,0.732575535774231,0.9963780240961355,-0.003621975891292095,0.003621975891292095,-0.3621975891292095
Pythia_minus,180,MUR1.0_MUF1.0_PDF26231,pdf,4,0.63,0.84,0.7513492107391357,0.7495872378349304,0.9976549214679123,-0.0023450786247849464,0.0023450786247849464,-0.23450786247849464
Pythia_minus,180,MUR1.0_MUF1.0_PDF26231,pdf,5,0.84,1.05,0.7593017220497131,0.7581984996795654,0.9985470566731107,-0.0014529433101415634,0.0014529433101415634,-0.14529433101415634
Pythia_minus,180,MUR1.0_MUF1.0_PDF26231,pdf,6,1.05,1.37,0.7337679862976074,0.7335894703865051,0.9997567134101842,-0.00024328658764716238,0.00024328658764716238,-0.024328658764716238
Pythia_minus,180,MUR1.0_MUF1.0_PDF26231,pdf,7,1.37,1.52,0.7370075583457947,0.7364130616188049,0.9991933641381859,-0.0008066358859650791,0.0008066358859650791,-0.0806635885965079
Pythia_minus,180,MUR1.0_MUF1.0_PDF26231,pdf,8,1.52,1.74,0.7175648808479309,0.7188500165939331,1.0017909680090302,0.0017909680027514696,0.0017909680027514696,0.17909680027514696
Pythia_minus,180,MUR1.0_MUF1.0_PDF26231,pdf,9,1.74,1.95,0.6435351371765137,0.6444265246391296,1.001385141868907,0.0013851418625563383,0.0013851418625563383,0.13851418625563383
Pythia_minus,180,MUR1.0_MUF1.0_PDF26231,pdf,10,1.95,2.18,0.7551155686378479,0.7602774500846863,1.006835882692963,0.006835882551968098,0.006835882551968098,0.6835882551968098
Pythia_minus,180,MUR1.0_MUF1.0_PDF26231,pdf,11,2.18,2.5,0.7272884249687195,0.7324750423431396,1.007131444962352,0.007131444755941629,0.007131444755941629,0.7131444755941629
Pythia_minus,181,MUR1.0_MUF1.0_PDF26232,pdf,1,0.0,0.21,0.7786144614219666,0.7776881456375122,0.9988103023635566,-0.0011896976502612233,0.0011896976502612233,-0.11896976502612233
Pythia_minus,181,MUR1.0_MUF1.0_PDF26232,pdf,2,0.21,0.42,0.7478157877922058,0.7466829419136047,0.9984851270899942,-0.0015148728853091598,0.0015148728853091598,-0.15148728853091598
Pythia_minus,181,MUR1.0_MUF1.0_PDF26232,pdf,3,0.42,0.63,0.7352385520935059,0.7341808080673218,0.9985613594075389,-0.001438640640117228,0.001438640640117228,-0.1438640640117228
Pythia_minus,181,MUR1.0_MUF1.0_PDF26232,pdf,4,0.63,0.84,0.7513492107391357,0.750878095626831,0.9993729745029728,-0.0006270254962146282,0.0006270254962146282,-0.06270254962146282
Pythia_minus,181,MUR1.0_MUF1.0_PDF26232,pdf,5,0.84,1.05,0.7593017220497131,0.7593308091163635,1.0000383076526838,3.830765126622282e-05,3.830765126622282e-05,0.003830765126622282
Pythia_minus,181,MUR1.0_MUF1.0_PDF26232,pdf,6,1.05,1.37,0.7337679862976074,0.7343608140945435,1.0008079226785667,0.0008079226827248931,0.0008079226827248931,0.08079226827248931
Pythia_minus,181,MUR1.0_MUF1.0_PDF26232,pdf,7,1.37,1.52,0.7370075583457947,0.7368226051330566,0.9997490484179659,-0.0002509515907149762,0.0002509515907149762,-0.02509515907149762
Pythia_minus,181,MUR1.0_MUF1.0_PDF26232,pdf,8,1.52,1.74,0.7175648808479309,0.7191872000694275,1.002260867643884,0.002260867739096284,0.002260867739096284,0.2260867739096284
Pythia_minus,181,MUR1.0_MUF1.0_PDF26232,pdf,9,1.74,1.95,0.6435351371765137,0.6447569131851196,1.001898538149706,0.0018985382048413157,0.0018985382048413157,0.18985382048413157
Pythia_minus,181,MUR1.0_MUF1.0_PDF26232,pdf,10,1.95,2.18,0.7551155686378479,0.760047197341919,1.0065309588477525,0.006530958693474531,0.006530958693474531,0.6530958693474531
Pythia_minus,181,MUR1.0_MUF1.0_PDF26232,pdf,11,2.18,2.5,0.7272884249687195,0.731319785118103,1.005543000563438,0.005543000530451536,0.005543000530451536,0.5543000530451536
Pythia_minus,182,MUR1.0_MUF1.0_PDF26233,pdf,1,0.0,0.21,0.7786144614219666,0.7768948078155518,0.9977913926704184,-0.0022086072713136673,0.0022086072713136673,-0.22086072713136673
Pythia_minus,182,MUR1.0_MUF1.0_PDF26233,pdf,2,0.21,0.42,0.7478157877922058,0.7459279298782349,0.9974755040682619,-0.0025244958233088255,0.0025244958233088255,-0.25244958233088255
Pythia_minus,182,MUR1.0_MUF1.0_PDF26233,pdf,3,0.42,0.63,0.7352385520935059,0.7334849238395691,0.9976148853335512,-0.0023851145524531603,0.0023851145524531603,-0.23851145524531603
Pythia_minus,182,MUR1.0_MUF1.0_PDF26233,pdf,4,0.63,0.84,0.7513492107391357,0.7502849698066711,0.9985835601911158,-0.0014164397725835443,0.0014164397725835443,-0.14164397725835443
Pythia_minus,182,MUR1.0_MUF1.0_PDF26233,pdf,5,0.84,1.05,0.7593017220497131,0.7587653398513794,0.9992935849047124,-0.0007064150995574892,0.0007064150995574892,-0.07064150995574892
Pythia_minus,182,MUR1.0_MUF1.0_PDF26233,pdf,6,1.05,1.37,0.7337679862976074,0.7339427471160889,1.0002381690421835,0.00023816904285922647,0.00023816904285922647,0.023816904285922647
Pythia_minus,182,MUR1.0_MUF1.0_PDF26233,pdf,7,1.37,1.52,0.7370075583457947,0.7366423010826111,0.9995044049968722,-0.0004955949843861163,0.0004955949843861163,-0.04955949843861163
Pythia_minus,182,MUR1.0_MUF1.0_PDF26233,pdf,8,1.52,1.74,0.7175648808479309,0.7189816832542419,1.0019744589571284,0.0019744590390473604,0.0019744590390473604,0.19744590390473604
Pythia_minus,182,MUR1.0_MUF1.0_PDF26233,pdf,9,1.74,1.95,0.6435351371765137,0.6445624828338623,1.001596409578902,0.0015964095946401358,0.0015964095946401358,0.15964095946401358
Pythia_minus,182,MUR1.0_MUF1.0_PDF26233,pdf,10,1.95,2.18,0.7551155686378479,0.7600205540657043,1.0064956751410974,0.0064956750720739365,0.0064956750720739365,0.6495675072073936
Pythia_minus,182,MUR1.0_MUF1.0_PDF26233,pdf,11,2.18,2.5,0.7272884249687195,0.731834888458252,1.0062512523690006,0.006251252256333828,0.006251252256333828,0.6251252256333828
Pythia_minus,183,MUR1.0_MUF1.0_PDF26234,pdf,1,0.0,0.21,0.7786144614219666,0.776738703250885,0.9975909024761037,-0.0024090975057333708,0.0024090975057333708,-0.24090975057333708
Pythia_minus,183,MUR1.0_MUF1.0_PDF26234,pdf,2,0.21,0.42,0.7478157877922058,0.7457980513572693,0.9973018269099486,-0.0026981730479747057,0.0026981730479747057,-0.26981730479747057
Pythia_minus,183,MUR1.0_MUF1.0_PDF26234,pdf,3,0.42,0.63,0.7352385520935059,0.7333644032478333,0.9974509649414653,-0.002549035008996725,0.002549035008996725,-0.2549035008996725
Pythia_minus,183,MUR1.0_MUF1.0_PDF26234,pdf,4,0.63,0.84,0.7513492107391357,0.7502781748771667,0.9985745165541395,-0.0014254834968596697,0.0014254834968596697,-0.14254834968596697
Pythia_minus,183,MUR1.0_MUF1.0_PDF26234,pdf,5,0.84,1.05,0.7593017220497131,0.758878767490387,0.9994429690503212,-0.0005570309585891664,0.0005570309585891664,-0.05570309585891664
Pythia_minus,183,MUR1.0_MUF1.0_PDF26234,pdf,6,1.05,1.37,0.7337679862976074,0.7341210246086121,1.00048113070834,0.00048113070079125464,0.00048113070079125464,0.048113070079125464
Pythia_minus,183,MUR1.0_MUF1.0_PDF26234,pdf,7,1.37,1.52,0.7370075583457947,0.7366286516189575,0.9994858848833414,-0.0005141150904819369,0.0005141150904819369,-0.05141150904819369
Pythia_minus,183,MUR1.0_MUF1.0_PDF26234,pdf,8,1.52,1.74,0.7175648808479309,0.719147801399231,1.002205961570234,0.0022059616167098284,0.0022059616167098284,0.22059616167098284
Pythia_minus,183,MUR1.0_MUF1.0_PDF26234,pdf,9,1.74,1.95,0.6435351371765137,0.6447094678878784,1.0018248121097428,0.0018248121486976743,0.0018248121486976743,0.18248121486976743
Pythia_minus,183,MUR1.0_MUF1.0_PDF26234,pdf,10,1.95,2.18,0.7551155686378479,0.7604435682296753,1.0070558730519072,0.007055873051285744,0.007055873051285744,0.7055873051285744
Pythia_minus,183,MUR1.0_MUF1.0_PDF26234,pdf,11,2.18,2.5,0.7272884249687195,0.7319477796554565,1.006406474414793,0.006406474392861128,0.006406474392861128,0.6406474392861128
Pythia_minus,184,MUR1.0_MUF1.0_PDF26235,pdf,1,0.0,0.21,0.7786144614219666,0.7767741084098816,0.9976363744789379,-0.0023636254481971264,0.0023636254481971264,-0.23636254481971264
Pythia_minus,184,MUR1.0_MUF1.0_PDF26235,pdf,2,0.21,0.42,0.7478157877922058,0.7458111643791199,0.9973193620062446,-0.0026806381065398455,0.0026806381065398455,-0.26806381065398455
Pythia_minus,184,MUR1.0_MUF1.0_PDF26235,pdf,3,0.42,0.63,0.7352385520935059,0.7333805561065674,0.9974729344895639,-0.0025270655751228333,0.0025270655751228333,-0.2527065575122833
Pythia_minus,184,MUR1.0_MUF1.0_PDF26235,pdf,4,0.63,0.84,0.7513492107391357,0.7502241730690002,0.9985026434392221,-0.0014973565703257918,0.0014973565703257918,-0.14973565703257918
Pythia_minus,184,MUR1.0_MUF1.0_PDF26235,pdf,5,0.84,1.05,0.7593017220497131,0.7587311863899231,0.9992486048125244,-0.0007513951859436929,0.0007513951859436929,-0.07513951859436929
Pythia_minus,184,MUR1.0_MUF1.0_PDF26235,pdf,6,1.05,1.37,0.7337679862976074,0.7339380383491516,1.0002317517999146,0.00023175179376266897,0.00023175179376266897,0.023175179376266897
Pythia_minus,184,MUR1.0_MUF1.0_PDF26235,pdf,7,1.37,1.52,0.7370075583457947,0.7366257905960083,0.9994820029381473,-0.0005179970758035779,0.0005179970758035779,-0.05179970758035779
Pythia_minus,184,MUR1.0_MUF1.0_PDF26235,pdf,8,1.52,1.74,0.7175648808479309,0.7190149426460266,1.0020208093188483,0.002020809333771467,0.002020809333771467,0.20208093337714672
Pythia_minus,184,MUR1.0_MUF1.0_PDF26235,pdf,9,1.74,1.95,0.6435351371765137,0.6445735692977905,1.001613637020401,0.0016136369667947292,0.0016136369667947292,0.16136369667947292
Pythia_minus,184,MUR1.0_MUF1.0_PDF26235,pdf,10,1.95,2.18,0.7551155686378479,0.7601317167282104,1.0066428879216611,0.006642887834459543,0.006642887834459543,0.6642887834459543
Pythia_minus,184,MUR1.0_MUF1.0_PDF26235,pdf,11,2.18,2.5,0.7272884249687195,0.7319374084472656,1.006392214311325,0.006392214447259903,0.006392214447259903,0.6392214447259903
Pythia_minus,185,MUR1.0_MUF1.0_PDF26236,pdf,1,0.0,0.21,0.7786144614219666,0.7770469188690186,0.9979867538677805,-0.002013246063143015,0.002013246063143015,-0.2013246063143015
Pythia_minus,185,MUR1.0_MUF1.0_PDF26236,pdf,2,0.21,0.42,0.7478157877922058,0.7460936307907104,0.9976970839214565,-0.002302916022017598,0.002302916022017598,-0.23029160220175982
Pythia_minus,185,MUR1.0_MUF1.0_PDF26236,pdf,3,0.42,0.63,0.7352385520935059,0.7336236834526062,0.9978036126692466,-0.0021963873878121376,0.0021963873878121376,-0.21963873878121376
Pythia_minus,185,MUR1.0_MUF1.0_PDF26236,pdf,4,0.63,0.84,0.7513492107391357,0.750481128692627,0.9988446357111964,-0.0011553643271327019,0.0011553643271327019,-0.11553643271327019
Pythia_minus,185,MUR1.0_MUF1.0_PDF26236,pdf,5,0.84,1.05,0.7593017220497131,0.7590769529342651,0.9997039791838728,-0.00029602082213386893,0.00029602082213386893,-0.029602082213386893
Pythia_minus,185,MUR1.0_MUF1.0_PDF26236,pdf,6,1.05,1.37,0.7337679862976074,0.7342649698257446,1.0006773033675738,0.0006773033528588712,0.0006773033528588712,0.06773033528588712
Pythia_minus,185,MUR1.0_MUF1.0_PDF26236,pdf,7,1.37,1.52,0.7370075583457947,0.7366911172866821,0.9995706406867485,-0.00042935932287946343,0.00042935932287946343,-0.04293593228794634
Pythia_minus,185,MUR1.0_MUF1.0_PDF26236,pdf,8,1.52,1.74,0.7175648808479309,0.7192004323005676,1.0022793081103747,0.002279308158904314,0.002279308158904314,0.2279308158904314
Pythia_minus,185,MUR1.0_MUF1.0_PDF26236,pdf,9,1.74,1.95,0.6435351371765137,0.6447767615318298,1.0019293808272285,0.0019293808145448565,0.0019293808145448565,0.19293808145448565
Pythia_minus,185,MUR1.0_MUF1.0_PDF26236,pdf,10,1.95,2.18,0.7551155686378479,0.7604202628135681,1.0070250096753923,0.007025009486824274,0.007025009486824274,0.7025009486824274
Pythia_minus,185,MUR1.0_MUF1.0_PDF26236,pdf,11,2.18,2.5,0.7272884249687195,0.7318078875541687,1.006214126927214,0.006214126944541931,0.006214126944541931,0.6214126944541931
Pythia_minus,186,MUR1.0_MUF1.0_PDF26237,pdf,1,0.0,0.21,0.7786144614219666,0.776820719242096,0.997696238294117,-0.002303761662915349,0.002303761662915349,-0.2303761662915349
Pythia_minus,186,MUR1.0_MUF1.0_PDF26237,pdf,2,0.21,0.42,0.7478157877922058,0.7458457946777344,0.9973656706014625,-0.0026343294885009527,0.0026343294885009527,-0.26343294885009527
Pythia_minus,186,MUR1.0_MUF1.0_PDF26237,pdf,3,0.42,0.63,0.7352385520935059,0.7334076762199402,0.9975098206312054,-0.002490179380401969,0.002490179380401969,-0.2490179380401969
Pythia_minus,186,MUR1.0_MUF1.0_PDF26237,pdf,4,0.63,0.84,0.7513492107391357,0.7502720952033997,0.9985664248789501,-0.0014335751766338944,0.0014335751766338944,-0.14335751766338944
Pythia_minus,186,MUR1.0_MUF1.0_PDF26237,pdf,5,0.84,1.05,0.7593017220497131,0.7588054537773132,0.9993464149257291,-0.0006535850698128343,0.0006535850698128343,-0.06535850698128343
Pythia_minus,186,MUR1.0_MUF1.0_PDF26237,pdf,6,1.05,1.37,0.7337679862976074,0.7340236902236938,1.0003484806244773,0.0003484806220512837,0.0003484806220512837,0.03484806220512837
Pythia_minus,186,MUR1.0_MUF1.0_PDF26237,pdf,7,1.37,1.52,0.7370075583457947,0.7366390228271484,0.9994999569346705,-0.0005000430392101407,0.0005000430392101407,-0.05000430392101407
Pythia_minus,186,MUR1.0_MUF1.0_PDF26237,pdf,8,1.52,1.74,0.7175648808479309,0.719131350517273,1.0021830355848673,0.002183035481721163,0.002183035481721163,0.21830354817211628
Pythia_minus,186,MUR1.0_MUF1.0_PDF26237,pdf,9,1.74,1.95,0.6435351371765137,0.6446643471717834,1.0017546982752552,0.001754698227159679,0.001754698227159679,0.1754698227159679
Pythia_minus,186,MUR1.0_MUF1.0_PDF26237,pdf,10,1.95,2.18,0.7551155686378479,0.7603963017463684,1.0069932780197426,0.006993277929723263,0.006993277929723263,0.6993277929723263
Pythia_minus,186,MUR1.0_MUF1.0_PDF26237,pdf,11,2.18,2.5,0.7272884249687195,0.7320767045021057,1.0065837422527275,0.006583742331713438,0.006583742331713438,0.6583742331713438
Pythia_minus,187,MUR1.0_MUF1.0_PDF26238,pdf,1,0.0,0.21,0.7786144614219666,0.7768563628196716,0.9977420165057246,-0.0022579834330826998,0.0022579834330826998,-0.22579834330826998
Pythia_minus,187,MUR1.0_MUF1.0_PDF26238,pdf,2,0.21,0.42,0.7478157877922058,0.7459065914154053,0.9974469696842894,-0.0025530303828418255,0.0025530303828418255,-0.25530303828418255
Pythia_minus,187,MUR1.0_MUF1.0_PDF26238,pdf,3,0.42,0.63,0.7352385520935059,0.7334691286087036,0.9975934021961117,-0.002406597835943103,0.002406597835943103,-0.24065978359431028
Pythia_minus,187,MUR1.0_MUF1.0_PDF26238,pdf,4,0.63,0.84,0.7513492107391357,0.7503049373626709,0.9986101357910026,-0.001389864250086248,0.001389864250086248,-0.1389864250086248
Pythia_minus,187,MUR1.0_MUF1.0_PDF26238,pdf,5,0.84,1.05,0.7593017220497131,0.758831799030304,0.9993811116111516,-0.000618888414464891,0.000618888414464891,-0.061888841446489096
Pythia_minus,187,MUR1.0_MUF1.0_PDF26238,pdf,6,1.05,1.37,0.7337679862976074,0.7340226173400879,1.000347018468011,0.00034701847471296787,0.00034701847471296787,0.03470184747129679
Pythia_minus,187,MUR1.0_MUF1.0_PDF26238,pdf,7,1.37,1.52,0.7370075583457947,0.7366456985473633,0.9995090148067903,-0.0004909851704724133,0.0004909851704724133,-0.04909851704724133
Pythia_minus,187,MUR1.0_MUF1.0_PDF26238,pdf,8,1.52,1.74,0.7175648808479309,0.7190104722976685,1.0020145794315203,0.0020145794842392206,0.0020145794842392206,0.20145794842392206
Pythia_minus,187,MUR1.0_MUF1.0_PDF26238,pdf,9,1.74,1.95,0.6435351371765137,0.6446054577827454,1.0016631890698737,0.0016631890321150422,0.0016631890321150422,0.16631890321150422
Pythia_minus,187,MUR1.0_MUF1.0_PDF26238,pdf,10,1.95,2.18,0.7551155686378479,0.7600610852241516,1.0065493505785146,0.006549350451678038,0.006549350451678038,0.6549350451678038
Pythia_minus,187,MUR1.0_MUF1.0_PDF26238,pdf,11,2.18,2.5,0.7272884249687195,0.7317413687705994,1.0061226655739384,0.0061226654797792435,0.0061226654797792435,0.6122665479779243
Pythia_minus,188,MUR1.0_MUF1.0_PDF26239,pdf,1,0.0,0.21,0.7786144614219666,0.7781293988227844,0.9993770182507319,-0.0006229817518033087,0.0006229817518033087,-0.06229817518033087
Pythia_minus,188,MUR1.0_MUF1.0_PDF26239,pdf,2,0.21,0.42,0.7478157877922058,0.7471362948417664,0.9990913631919359,-0.0009086367790587246,0.0009086367790587246,-0.09086367790587246
Pythia_minus,188,MUR1.0_MUF1.0_PDF26239,pdf,3,0.42,0.63,0.7352385520935059,0.734653651714325,0.9992044753671914,-0.0007955246255733073,0.0007955246255733073,-0.07955246255733073
Pythia_minus,188,MUR1.0_MUF1.0_PDF26239,pdf,4,0.63,0.84,0.7513492107391357,0.7510663866996765,0.9996235784433966,-0.0003764215507544577,0.0003764215507544577,-0.03764215507544577
Pythia_minus,188,MUR1.0_MUF1.0_PDF26239,pdf,5,0.84,1.05,0.7593017220497131,0.7594165205955505,1.0001511896292392,0.00015118962619453669,0.00015118962619453669,0.015118962619453669
Pythia_minus,188,MUR1.0_MUF1.0_PDF26239,pdf,6,1.05,1.37,0.7337679862976074,0.7343849539756775,1.0008408211990594,0.0008408211870118976,0.0008408211870118976,0.08408211870118976
Pythia_minus,188,MUR1.0_MUF1.0_PDF26239,pdf,7,1.37,1.52,0.7370075583457947,0.7371634840965271,1.0002115660130846,0.00021156601724214852,0.00021156601724214852,0.021156601724214852
Pythia_minus,188,MUR1.0_MUF1.0_PDF26239,pdf,8,1.52,1.74,0.7175648808479309,0.7188965678215027,1.0018558419024048,0.0018558419542387128,0.0018558419542387128,0.18558419542387128
Pythia_minus,188,MUR1.0_MUF1.0_PDF26239,pdf,9,1.74,1.95,0.6435351371765137,0.6448025107383728,1.0019693929494196,0.001969392877072096,0.001969392877072096,0.1969392877072096
Pythia_minus,188,MUR1.0_MUF1.0_PDF26239,pdf,10,1.95,2.18,0.7551155686378479,0.7586261034011841,1.004649003290541,0.004649003501981497,0.004649003501981497,0.4649003501981497
Pythia_minus,188,MUR1.0_MUF1.0_PDF26239,pdf,11,2.18,2.5,0.7272884249687195,0.7301140427589417,1.0038851406033908,0.0038851406425237656,0.0038851406425237656,0.38851406425237656
Pythia_minus,189,MUR1.0_MUF1.0_PDF26240,pdf,1,0.0,0.21,0.7786144614219666,0.7756171822547913,0.9961504964065252,-0.0038495035842061043,0.0038495035842061043,-0.38495035842061043
Pythia_minus,189,MUR1.0_MUF1.0_PDF26240,pdf,2,0.21,0.42,0.7478157877922058,0.744675874710083,0.995801221191929,-0.004198778886348009,0.004198778886348009,-0.4198778886348009
Pythia_minus,189,MUR1.0_MUF1.0_PDF26240,pdf,3,0.42,0.63,0.7352385520935059,0.7322630882263184,0.9959530633170484,-0.004046936519443989,0.004046936519443989,-0.4046936519443989
Pythia_minus,189,MUR1.0_MUF1.0_PDF26240,pdf,4,0.63,0.84,0.7513492107391357,0.7495214343070984,0.9975673409835099,-0.0024326590355485678,0.0024326590355485678,-0.24326590355485678
Pythia_minus,189,MUR1.0_MUF1.0_PDF26240,pdf,5,0.84,1.05,0.7593017220497131,0.7580734491348267,0.9983823651662862,-0.001617634785361588,0.001617634785361588,-0.1617634785361588
Pythia_minus,189,MUR1.0_MUF1.0_PDF26240,pdf,6,1.05,1.37,0.7337679862976074,0.7334088087081909,0.9995105025074359,-0.0004894974990747869,0.0004894974990747869,-0.04894974990747869
Pythia_minus,189,MUR1.0_MUF1.0_PDF26240,pdf,7,1.37,1.52,0.7370075583457947,0.7360934019088745,0.9987596376365909,-0.0012403624132275581,0.0012403624132275581,-0.12403624132275581
Pythia_minus,189,MUR1.0_MUF1.0_PDF26240,pdf,8,1.52,1.74,0.7175648808479309,0.7190300226211548,1.0020418248054344,0.002041824860498309,0.002041824860498309,0.2041824860498309
Pythia_minus,189,MUR1.0_MUF1.0_PDF26240,pdf,9,1.74,1.95,0.6435351371765137,0.6441636085510254,1.000976592167553,0.0009765921859070659,0.0009765921859070659,0.09765921859070659
Pythia_minus,189,MUR1.0_MUF1.0_PDF26240,pdf,10,1.95,2.18,0.7551155686378479,0.7610630393028259,1.0078762389652576,0.007876238785684109,0.007876238785684109,0.7876238785684109
Pythia_minus,189,MUR1.0_MUF1.0_PDF26240,pdf,11,2.18,2.5,0.7272884249687195,0.7331820726394653,1.0081035906366849,0.008103590458631516,0.008103590458631516,0.8103590458631516
Pythia_minus,190,MUR1.0_MUF1.0_PDF13318,pdf,1,0.0,0.21,0.7786144614219666,0.7785975933074951,0.9999783357292894,-2.166427111660596e-05,2.166427111660596e-05,-0.002166427111660596
Pythia_minus,190,MUR1.0_MUF1.0_PDF13318,pdf,2,0.21,0.42,0.7478157877922058,0.7477955222129822,0.9999729003057244,-2.709969339775853e-05,2.709969339775853e-05,-0.002709969339775853
Pythia_minus,190,MUR1.0_MUF1.0_PDF13318,pdf,3,0.42,0.63,0.7352385520935059,0.7352212071418762,0.9999764090830381,-2.3590917408000678e-05,2.3590917408000678e-05,-0.0023590917408000678
Pythia_minus,190,MUR1.0_MUF1.0_PDF13318,pdf,4,0.63,0.84,0.7513492107391357,0.7513220310211182,0.9999638254520946,-3.6174547858536243e-05,3.6174547858536243e-05,-0.0036174547858536243
Pythia_minus,190,MUR1.0_MUF1.0_PDF13318,pdf,5,0.84,1.05,0.7593017220497131,0.7592549324035645,0.9999383780586953,-6.162194040371105e-05,6.162194040371105e-05,-0.006162194040371105
Pythia_minus,190,MUR1.0_MUF1.0_PDF13318,pdf,6,1.05,1.37,0.7337679862976074,0.733715295791626,0.9999281918713199,-7.180812826845795e-05,7.180812826845795e-05,-0.007180812826845795
Pythia_minus,190,MUR1.0_MUF1.0_PDF13318,pdf,7,1.37,1.52,0.7370075583457947,0.7369922399520874,0.9999792154184394,-2.0784582375199534e-05,2.0784582375199534e-05,-0.0020784582375199534
Pythia_minus,190,MUR1.0_MUF1.0_PDF13318,pdf,8,1.52,1.74,0.7175648808479309,0.7175174951553345,0.999933963194324,-6.603680230909958e-05,6.603680230909958e-05,-0.0066036802309099585
Pythia_minus,190,MUR1.0_MUF1.0_PDF13318,pdf,9,1.74,1.95,0.6435351371765137,0.6434962153434753,0.9999395187134472,-6.048128489055671e-05,6.048128489055671e-05,-0.006048128489055671
Pythia_minus,190,MUR1.0_MUF1.0_PDF13318,pdf,10,1.95,2.18,0.7551155686378479,0.75503009557724,0.9998868079746229,-0.00011319202894810587,0.00011319202894810587,-0.011319202894810587
Pythia_minus,190,MUR1.0_MUF1.0_PDF13318,pdf,11,2.18,2.5,0.7272884249687195,0.7272434234619141,0.999938124263689,-6.187573308125138e-05,6.187573308125138e-05,-0.006187573308125138
Pythia_minus,191,MUR1.0_MUF1.0_PDF26241,pdf,1,0.0,0.21,0.7786144614219666,0.7757251262664795,0.9962891324286344,-0.003710867604240775,0.003710867604240775,-0.3710867604240775
Pythia_minus,191,MUR1.0_MUF1.0_PDF26241,pdf,2,0.21,0.42,0.7478157877922058,0.7445693016052246,0.9956587086820327,-0.0043412912636995316,0.0043412912636995316,-0.43412912636995316
Pythia_minus,191,MUR1.0_MUF1.0_PDF26241,pdf,3,0.42,0.63,0.7352385520935059,0.7321746945381165,0.99583283881583,-0.004167161416262388,0.004167161416262388,-0.4167161416262388
Pythia_minus,191,MUR1.0_MUF1.0_PDF26241,pdf,4,0.63,0.84,0.7513492107391357,0.74937504529953,0.9973725061377736,-0.0026274938136339188,0.0026274938136339188,-0.2627493813633919
Pythia_minus,191,MUR1.0_MUF1.0_PDF26241,pdf,5,0.84,1.05,0.7593017220497131,0.757706880569458,0.9978995945433261,-0.00210040551610291,0.00210040551610291,-0.210040551610291
Pythia_minus,191,MUR1.0_MUF1.0_PDF26241,pdf,6,1.05,1.37,0.7337679862976074,0.7330620884895325,0.9990379822760642,-0.0009620177443139255,0.0009620177443139255,-0.09620177443139255
Pythia_minus,191,MUR1.0_MUF1.0_PDF26241,pdf,7,1.37,1.52,0.7370075583457947,0.7359804511070251,0.9986063816752777,-0.001393618294969201,0.001393618294969201,-0.1393618294969201
Pythia_minus,191,MUR1.0_MUF1.0_PDF26241,pdf,8,1.52,1.74,0.7175648808479309,0.7193959951400757,1.00255184491468,0.00255184480920434,0.00255184480920434,0.255184480920434
Pythia_minus,191,MUR1.0_MUF1.0_PDF26241,pdf,9,1.74,1.95,0.6435351371765137,0.6441470980644226,1.000950936246611,0.0009509362280368805,0.0009509362280368805,0.09509362280368805
Pythia_minus,191,MUR1.0_MUF1.0_PDF26241,pdf,10,1.95,2.18,0.7551155686378479,0.7622236013412476,1.0094131719681292,0.00941317155957222,0.00941317155957222,0.941317155957222
Pythia_minus,191,MUR1.0_MUF1.0_PDF26241,pdf,11,2.18,2.5,0.7272884249687195,0.7348141670227051,1.0103476719766429,0.010347671806812286,0.010347671806812286,1.0347671806812286
Pythia_minus,192,MUR1.0_MUF1.0_PDF26242,pdf,1,0.0,0.21,0.7786144614219666,0.7786012887954712,0.9999830819652754,-1.691803481662646e-05,1.691803481662646e-05,-0.001691803481662646
Pythia_minus,192,MUR1.0_MUF1.0_PDF26242,pdf,2,0.21,0.42,0.7478157877922058,0.7477368116378784,0.9998943908973084,-0.00010560910595813766,0.00010560910595813766,-0.010560910595813766
Pythia_minus,192,MUR1.0_MUF1.0_PDF26242,pdf,3,0.42,0.63,0.7352385520935059,0.735210657119751,0.9999620599685973,-3.7940029869787395e-05,3.7940029869787395e-05,-0.0037940029869787395
Pythia_minus,192,MUR1.0_MUF1.0_PDF26242,pdf,4,0.63,0.84,0.7513492107391357,0.751404345035553,1.0000733803877466,7.338038994930685e-05,7.338038994930685e-05,0.007338038994930685
Pythia_minus,192,MUR1.0_MUF1.0_PDF26242,pdf,5,0.84,1.05,0.7593017220497131,0.759635865688324,1.0004400670101325,0.0004400670004542917,0.0004400670004542917,0.04400670004542917
Pythia_minus,192,MUR1.0_MUF1.0_PDF26242,pdf,6,1.05,1.37,0.7337679862976074,0.734332263469696,1.000769013070379,0.0007690130732953548,0.0007690130732953548,0.07690130732953548
Pythia_minus,192,MUR1.0_MUF1.0_PDF26242,pdf,7,1.37,1.52,0.7370075583457947,0.7372403740882874,1.000315893290179,0.00031589329591952264,0.00031589329591952264,0.031589329591952264
Pythia_minus,192,MUR1.0_MUF1.0_PDF26242,pdf,8,1.52,1.74,0.7175648808479309,0.7181059718132019,1.0007540655621714,0.0007540655788034201,0.0007540655788034201,0.075406557880342
Pythia_minus,192,MUR1.0_MUF1.0_PDF26242,pdf,9,1.74,1.95,0.6435351371765137,0.6443571448326111,1.0012773314285588,0.0012773313792422414,0.0012773313792422414,0.12773313792422414
Pythia_minus,192,MUR1.0_MUF1.0_PDF26242,pdf,10,1.95,2.18,0.7551155686378479,0.7563213109970093,1.0015967653286986,0.0015967653598636389,0.0015967653598636389,0.1596765359863639
Pythia_minus,192,MUR1.0_MUF1.0_PDF26242,pdf,11,2.18,2.5,0.7272884249687195,0.727777361869812,1.0006722737284228,0.0006722737452946603,0.0006722737452946603,0.06722737452946603
Pythia_minus,193,MUR1.0_MUF1.0_PDF26243,pdf,1,0.0,0.21,0.7786144614219666,0.7769912481307983,0.9979152541192161,-0.002084745792672038,0.002084745792672038,-0.2084745792672038
Pythia_minus,193,MUR1.0_MUF1.0_PDF26243,pdf,2,0.21,0.42,0.7478157877922058,0.7461314797401428,0.9977476965857653,-0.0022523035295307636,0.0022523035295307636,-0.22523035295307636
Pythia_minus,193,MUR1.0_MUF1.0_PDF26243,pdf,3,0.42,0.63,0.7352385520935059,0.7336599826812744,0.9978529833511359,-0.002147016581147909,0.002147016581147909,-0.21470165811479092
Pythia_minus,193,MUR1.0_MUF1.0_PDF26243,pdf,4,0.63,0.84,0.7513492107391357,0.750526487827301,0.998905005954521,-0.0010949940187856555,0.0010949940187856555,-0.10949940187856555
Pythia_minus,193,MUR1.0_MUF1.0_PDF26243,pdf,5,0.84,1.05,0.7593017220497131,0.759040117263794,0.9996554666237119,-0.00034453338594175875,0.00034453338594175875,-0.034453338594175875
Pythia_minus,193,MUR1.0_MUF1.0_PDF26243,pdf,6,1.05,1.37,0.7337679862976074,0.7340999841690063,1.000452456195417,0.0004524561809375882,0.0004524561809375882,0.04524561809375882
Pythia_minus,193,MUR1.0_MUF1.0_PDF26243,pdf,7,1.37,1.52,0.7370075583457947,0.736665666103363,0.9995361075492916,-0.00046389244380407035,0.00046389244380407035,-0.046389244380407035
Pythia_minus,193,MUR1.0_MUF1.0_PDF26243,pdf,8,1.52,1.74,0.7175648808479309,0.7187684774398804,1.001677334864169,0.0016773348907008767,0.0016773348907008767,0.16773348907008767
Pythia_minus,193,MUR1.0_MUF1.0_PDF26243,pdf,9,1.74,1.95,0.6435351371765137,0.6443727016448975,1.0013015054190493,0.0013015053700655699,0.0013015053700655699,0.130150537006557
Pythia_minus,193,MUR1.0_MUF1.0_PDF26243,pdf,10,1.95,2.18,0.7551155686378479,0.7591055035591125,1.0052838732069345,0.005283873062580824,0.005283873062580824,0.5283873062580824
Pythia_minus,193,MUR1.0_MUF1.0_PDF26243,pdf,11,2.18,2.5,0.7272884249687195,0.7306131720542908,1.0045714285714287,0.004571428522467613,0.004571428522467613,0.4571428522467613
Pythia_minus,194,MUR1.0_MUF1.0_PDF26244,pdf,1,0.0,0.21,0.7786144614219666,0.7774788737297058,0.9985415276127971,-0.0014584723394364119,0.0014584723394364119,-0.14584723394364119
Pythia_minus,194,MUR1.0_MUF1.0_PDF26244,pdf,2,0.21,0.42,0.7478157877922058,0.7463057637214661,0.9979807539565354,-0.002019246108829975,0.002019246108829975,-0.2019246108829975
Pythia_minus,194,MUR1.0_MUF1.0_PDF26244,pdf,3,0.42,0.63,0.7352385520935059,0.7338594794273376,0.9981243194304196,-0.0018756805220618844,0.0018756805220618844,-0.18756805220618844
Pythia_minus,194,MUR1.0_MUF1.0_PDF26244,pdf,4,0.63,0.84,0.7513492107391357,0.750353991985321,0.9986754245035598,-0.0013245755108073354,0.0013245755108073354,-0.13245755108073354
Pythia_minus,194,MUR1.0_MUF1.0_PDF26244,pdf,5,0.84,1.05,0.7593017220497131,0.7584883570671082,0.9989287987120464,-0.0010712012881413102,0.0010712012881413102,-0.10712012881413102
Pythia_minus,194,MUR1.0_MUF1.0_PDF26244,pdf,6,1.05,1.37,0.7337679862976074,0.7335644960403442,0.9997226776568845,-0.00027732233866117895,0.00027732233866117895,-0.027732233866117895
Pythia_minus,194,MUR1.0_MUF1.0_PDF26244,pdf,7,1.37,1.52,0.7370075583457947,0.73673015832901,0.9996236130638778,-0.00037638694630004466,0.00037638694630004466,-0.037638694630004466
Pythia_minus,194,MUR1.0_MUF1.0_PDF26244,pdf,8,1.52,1.74,0.7175648808479309,0.7190470099449158,1.0020654983772805,0.0020654983818531036,0.0020654983818531036,0.20654983818531036
Pythia_minus,194,MUR1.0_MUF1.0_PDF26244,pdf,9,1.74,1.95,0.6435351371765137,0.6444928050041199,1.0014881360352876,0.0014881360111758113,0.0014881360111758113,0.14881360111758113
Pythia_minus,194,MUR1.0_MUF1.0_PDF26244,pdf,10,1.95,2.18,0.7551155686378479,0.7602006196975708,1.0067341361652704,0.006734136026352644,0.006734136026352644,0.6734136026352644
Pythia_minus,194,MUR1.0_MUF1.0_PDF26244,pdf,11,2.18,2.5,0.7272884249687195,0.7327318787574768,1.0074845874097218,0.007484587375074625,0.007484587375074625,0.7484587375074625
Pythia_minus,195,MUR1.0_MUF1.0_PDF26245,pdf,1,0.0,0.21,0.7786144614219666,0.777975857257843,0.99917981980073,-0.0008201802265830338,0.0008201802265830338,-0.08201802265830338
Pythia_minus,195,MUR1.0_MUF1.0_PDF26245,pdf,2,0.21,0.42,0.7478157877922058,0.747130274772644,0.9990833129886364,-0.000916687014978379,0.000916687014978379,-0.0916687014978379
Pythia_minus,195,MUR1.0_MUF1.0_PDF26245,pdf,3,0.42,0.63,0.7352385520935059,0.7346665263175964,0.9992219861509157,-0.0007780138403177261,0.0007780138403177261,-0.07780138403177261
Pythia_minus,195,MUR1.0_MUF1.0_PDF26245,pdf,4,0.63,0.84,0.7513492107391357,0.7512298226356506,0.9998411017117225,-0.0001588982850080356,0.0001588982850080356,-0.01588982850080356
Pythia_minus,195,MUR1.0_MUF1.0_PDF26245,pdf,5,0.84,1.05,0.7593017220497131,0.7598777413368225,1.0007586171219978,0.0007586171268485487,0.0007586171268485487,0.07586171268485487
Pythia_minus,195,MUR1.0_MUF1.0_PDF26245,pdf,6,1.05,1.37,0.7337679862976074,0.7349976897239685,1.001675875003168,0.001675875042565167,0.001675875042565167,0.1675875042565167
Pythia_minus,195,MUR1.0_MUF1.0_PDF26245,pdf,7,1.37,1.52,0.7370075583457947,0.7374763488769531,1.0006360728948434,0.0006360728875733912,0.0006360728875733912,0.06360728875733912
Pythia_minus,195,MUR1.0_MUF1.0_PDF26245,pdf,8,1.52,1.74,0.7175648808479309,0.7190220952033997,1.0020307771385728,0.002030777046456933,0.002030777046456933,0.2030777046456933
Pythia_minus,195,MUR1.0_MUF1.0_PDF26245,pdf,9,1.74,1.95,0.6435351371765137,0.6452596783638,1.0026797933596179,0.0026797933969646692,0.0026797933969646692,0.2679793396964669
Pythia_minus,195,MUR1.0_MUF1.0_PDF26245,pdf,10,1.95,2.18,0.7551155686378479,0.7582545876502991,1.004157004759038,0.004157004877924919,0.004157004877924919,0.4157004877924919
Pythia_minus,195,MUR1.0_MUF1.0_PDF26245,pdf,11,2.18,2.5,0.7272884249687195,0.7288224697113037,1.0021092659939559,0.002109265886247158,0.002109265886247158,0.2109265886247158
Pythia_minus,196,MUR1.0_MUF1.0_PDF26246,pdf,1,0.0,0.21,0.7786144614219666,0.7767412662506104,0.9975941942204166,-0.0024058057460933924,0.0024058057460933924,-0.24058057460933924
Pythia_minus,196,MUR1.0_MUF1.0_PDF26246,pdf,2,0.21,0.42,0.7478157877922058,0.7458410859107971,0.9973593739077926,-0.002640626160427928,0.002640626160427928,-0.2640626160427928
Pythia_minus,196,MUR1.0_MUF1.0_PDF26246,pdf,3,0.42,0.63,0.7352385520935059,0.7331950664520264,0.9972206494944248,-0.0027793506160378456,0.0027793506160378456,-0.27793506160378456
Pythia_minus,196,MUR1.0_MUF1.0_PDF26246,pdf,4,0.63,0.84,0.7513492107391357,0.7503283619880676,0.9986413125395263,-0.001358687411993742,0.001358687411993742,-0.1358687411993742
Pythia_minus,196,MUR1.0_MUF1.0_PDF26246,pdf,5,0.84,1.05,0.7593017220497131,0.7584393620491028,0.9988642722970752,-0.0011357277398929,0.0011357277398929,-0.11357277398929
Pythia_minus,196,MUR1.0_MUF1.0_PDF26246,pdf,6,1.05,1.37,0.7337679862976074,0.7334408164024353,0.9995541235086817,-0.0004458765033632517,0.0004458765033632517,-0.04458765033632517
Pythia_minus,196,MUR1.0_MUF1.0_PDF26246,pdf,7,1.37,1.52,0.7370075583457947,0.7366994619369507,0.9995819630268983,-0.00041803697240538895,0.00041803697240538895,-0.041803697240538895
Pythia_minus,196,MUR1.0_MUF1.0_PDF26246,pdf,8,1.52,1.74,0.7175648808479309,0.7184194922447205,1.0011909883267693,0.0011909883469343185,0.0011909883469343185,0.11909883469343185
Pythia_minus,196,MUR1.0_MUF1.0_PDF26246,pdf,9,1.74,1.95,0.6435351371765137,0.6433528661727905,0.9997167660424529,-0.0002832339669112116,0.0002832339669112116,-0.02832339669112116
Pythia_minus,196,MUR1.0_MUF1.0_PDF26246,pdf,10,1.95,2.18,0.7551155686378479,0.756642758846283,1.002022458908098,0.002022458938881755,0.002022458938881755,0.2022458938881755
Pythia_minus,196,MUR1.0_MUF1.0_PDF26246,pdf,11,2.18,2.5,0.7272884249687195,0.7301635146141052,1.003953162936024,0.003953163046389818,0.003953163046389818,0.3953163046389818
Pythia_minus,197,MUR1.0_MUF1.0_PDF26247,pdf,1,0.0,0.21,0.7786144614219666,0.776336669921875,0.9970745579321354,-0.0029254420660436153,0.0029254420660436153,-0.29254420660436153
Pythia_minus,197,MUR1.0_MUF1.0_PDF26247,pdf,2,0.21,0.42,0.7478157877922058,0.7453428506851196,0.9966931199535288,-0.0033068801276385784,0.0033068801276385784,-0.33068801276385784
Pythia_minus,197,MUR1.0_MUF1.0_PDF26247,pdf,3,0.42,0.63,0.7352385520935059,0.7331081032752991,0.9971023706358425,-0.0028976292815059423,0.0028976292815059423,-0.28976292815059423
Pythia_minus,197,MUR1.0_MUF1.0_PDF26247,pdf,4,0.63,0.84,0.7513492107391357,0.7501616477966309,0.9984194261130099,-0.0015805738512426615,0.0015805738512426615,-0.15805738512426615
Pythia_minus,197,MUR1.0_MUF1.0_PDF26247,pdf,5,0.84,1.05,0.7593017220497131,0.7587487697601318,0.9992717621025689,-0.00072823790833354,0.00072823790833354,-0.072823790833354
Pythia_minus,197,MUR1.0_MUF1.0_PDF26247,pdf,6,1.05,1.37,0.7337679862976074,0.7341283559799194,1.00049112211086,0.0004911221330985427,0.0004911221330985427,0.04911221330985427
Pythia_minus,197,MUR1.0_MUF1.0_PDF26247,pdf,7,1.37,1.52,0.7370075583457947,0.7367041110992432,0.9995882711878389,-0.0004117288044653833,0.0004117288044653833,-0.04117288044653833
Pythia_minus,197,MUR1.0_MUF1.0_PDF26247,pdf,8,1.52,1.74,0.7175648808479309,0.7191415429115295,1.0021972397279748,0.0021972397807985544,0.0021972397807985544,0.21972397807985544
Pythia_minus,197,MUR1.0_MUF1.0_PDF26247,pdf,9,1.74,1.95,0.6435351371765137,0.6448237299919128,1.002002365901966,0.0020023658871650696,0.0020023658871650696,0.20023658871650696
Pythia_minus,197,MUR1.0_MUF1.0_PDF26247,pdf,10,1.95,2.18,0.7551155686378479,0.7603241801261902,1.0068977673149264,0.006897767540067434,0.006897767540067434,0.6897767540067434
Pythia_minus,197,MUR1.0_MUF1.0_PDF26247,pdf,11,2.18,2.5,0.7272884249687195,0.7314541935920715,1.0057278082261947,0.005727808456867933,0.005727808456867933,0.5727808456867933
Pythia_minus,198,MUR1.0_MUF1.0_PDF26248,pdf,1,0.0,0.21,0.7786144614219666,0.7765797972679138,0.9973868143287027,-0.0026131856720894575,0.0026131856720894575,-0.26131856720894575
Pythia_minus,198,MUR1.0_MUF1.0_PDF26248,pdf,2,0.21,0.42,0.7478157877922058,0.7456933259963989,0.9971617852545303,-0.002838214859366417,0.002838214859366417,-0.2838214859366417
Pythia_minus,198,MUR1.0_MUF1.0_PDF26248,pdf,3,0.42,0.63,0.7352385520935059,0.733112096786499,0.9971078022215347,-0.002892197808250785,0.002892197808250785,-0.2892197808250785
Pythia_minus,198,MUR1.0_MUF1.0_PDF26248,pdf,4,0.63,0.84,0.7513492107391357,0.7499141097068787,0.9980899680045643,-0.0019100320059806108,0.0019100320059806108,-0.19100320059806108
Pythia_minus,198,MUR1.0_MUF1.0_PDF26248,pdf,5,0.84,1.05,0.7593017220497131,0.7584340572357178,0.9988572858604178,-0.0011427141726016998,0.0011427141726016998,-0.11427141726016998
Pythia_minus,198,MUR1.0_MUF1.0_PDF26248,pdf,6,1.05,1.37,0.7337679862976074,0.7336970567703247,0.9999033352113921,-9.66647858149372e-05,9.66647858149372e-05,-0.00966647858149372
Pythia_minus,198,MUR1.0_MUF1.0_PDF26248,pdf,7,1.37,1.52,0.7370075583457947,0.7366899847984314,0.9995691040834425,-0.0004308959178160876,0.0004308959178160876,-0.04308959178160876
Pythia_minus,198,MUR1.0_MUF1.0_PDF26248,pdf,8,1.52,1.74,0.7175648808479309,0.7191178202629089,1.0021641797925547,0.002164179692044854,0.002164179692044854,0.21641796920448542
Pythia_minus,198,MUR1.0_MUF1.0_PDF26248,pdf,9,1.74,1.95,0.6435351371765137,0.6444461941719055,1.0014157066844696,0.001415706705302,0.001415706705302,0.1415706705302
Pythia_minus,198,MUR1.0_MUF1.0_PDF26248,pdf,10,1.95,2.18,0.7551155686378479,0.7602221369743347,1.0067626315077818,0.006762631703168154,0.006762631703168154,0.6762631703168154
Pythia_minus,198,MUR1.0_MUF1.0_PDF26248,pdf,11,2.18,2.5,0.7272884249687195,0.7330589294433594,1.0079342723966604,0.007934272289276123,0.007934272289276123,0.7934272289276123
Pythia_minus,199,MUR1.0_MUF1.0_PDF26249,pdf,1,0.0,0.21,0.7786144614219666,0.7768670916557312,0.9977557959005229,-0.0022442040499299765,0.0022442040499299765,-0.22442040499299765
Pythia_minus,199,MUR1.0_MUF1.0_PDF26249,pdf,2,0.21,0.42,0.7478157877922058,0.7459141612052917,0.9974570922171512,-0.00254290783777833,0.00254290783777833,-0.254290783777833
Pythia_minus,199,MUR1.0_MUF1.0_PDF26249,pdf,3,0.42,0.63,0.7352385520935059,0.7334858179092407,0.9976161013601987,-0.0023838987108319998,0.0023838987108319998,-0.23838987108319998
Pythia_minus,199,MUR1.0_MUF1.0_PDF26249,pdf,4,0.63,0.84,0.7513492107391357,0.7503318190574646,0.9986459136881634,-0.001354086329229176,0.001354086329229176,-0.1354086329229176
Pythia_minus,199,MUR1.0_MUF1.0_PDF26249,pdf,5,0.84,1.05,0.7593017220497131,0.7588697075843811,0.9994310371585016,-0.0005689628305844963,0.0005689628305844963,-0.056896283058449626
Pythia_minus,199,MUR1.0_MUF1.0_PDF26249,pdf,6,1.05,1.37,0.7337679862976074,0.7340642809867859,1.0004037988774537,0.00040379888378083706,0.00040379888378083706,0.040379888378083706
Pythia_minus,199,MUR1.0_MUF1.0_PDF26249,pdf,7,1.37,1.52,0.7370075583457947,0.7366600632667542,0.9995285054066196,-0.00047149459715001285,0.00047149459715001285,-0.047149459715001285
Pythia_minus,199,MUR1.0_MUF1.0_PDF26249,pdf,8,1.52,1.74,0.7175648808479309,0.7190279364585876,1.0020389175246813,0.0020389175042510033,0.0020389175042510033,0.20389175042510033
Pythia_minus,199,MUR1.0_MUF1.0_PDF26249,pdf,9,1.74,1.95,0.6435351371765137,0.6446343660354614,1.0017081100866856,0.0017081100959330797,0.0017081100959330797,0.17081100959330797
Pythia_minus,199,MUR1.0_MUF1.0_PDF26249,pdf,10,1.95,2.18,0.7551155686378479,0.760073184967041,1.0065653742752732,0.006565374322235584,0.006565374322235584,0.6565374322235584
Pythia_minus,199,MUR1.0_MUF1.0_PDF26249,pdf,11,2.18,2.5,0.7272884249687195,0.7316576838493347,1.0060076012907853,0.006007601507008076,0.006007601507008076,0.6007601507008076
Pythia_minus,200,MUR1.0_MUF1.0_PDF26250,pdf,1,0.0,0.21,0.7786144614219666,0.7768088579177856,0.9976810044076456,-0.002318995539098978,0.002318995539098978,-0.2318995539098978
Pythia_minus,200,MUR1.0_MUF1.0_PDF26250,pdf,2,0.21,0.42,0.7478157877922058,0.745844304561615,0.9973636779768835,-0.0026363220531493425,0.0026363220531493425,-0.26363220531493425
Pythia_minus,200,MUR1.0_MUF1.0_PDF26250,pdf,3,0.42,0.63,0.7352385520935059,0.7333984375,0.9974972550225143,-0.0025027450174093246,0.0025027450174093246,-0.25027450174093246
Pythia_minus,200,MUR1.0_MUF1.0_PDF26250,pdf,4,0.63,0.84,0.7513492107391357,0.7502457499504089,0.9985313609531296,-0.00146863900590688,0.00146863900590688,-0.146863900590688
Pythia_minus,200,MUR1.0_MUF1.0_PDF26250,pdf,5,0.84,1.05,0.7593017220497131,0.7587741017341614,0.9993051243000906,-0.0006948757218196988,0.0006948757218196988,-0.06948757218196988
Pythia_minus,200,MUR1.0_MUF1.0_PDF26250,pdf,6,1.05,1.37,0.7337679862976074,0.7339852452278137,1.0002960866844335,0.0002960866841021925,0.0002960866841021925,0.029608668410219252
Pythia_minus,200,MUR1.0_MUF1.0_PDF26250,pdf,7,1.37,1.52,0.7370075583457947,0.7366223931312561,0.9994773931282291,-0.0005226068897172809,0.0005226068897172809,-0.052260688971728086
Pythia_minus,200,MUR1.0_MUF1.0_PDF26250,pdf,8,1.52,1.74,0.7175648808479309,0.7190696001052856,1.0020969800745776,0.0020969801116734743,0.0020969801116734743,0.20969801116734743
Pythia_minus,200,MUR1.0_MUF1.0_PDF26250,pdf,9,1.74,1.95,0.6435351371765137,0.6446184515953064,1.0016833803722758,0.0016833803383633494,0.0016833803383633494,0.16833803383633494
Pythia_minus,200,MUR1.0_MUF1.0_PDF26250,pdf,10,1.95,2.18,0.7551155686378479,0.7602880597114563,1.0068499330280516,0.006849932949990034,0.006849932949990034,0.6849932949990034
Pythia_minus,200,MUR1.0_MUF1.0_PDF26250,pdf,11,2.18,2.5,0.7272884249687195,0.73204505443573,1.0065402243507657,0.006540224421769381,0.006540224421769381,0.6540224421769381
Pythia_minus,201,MUR1.0_MUF1.0_PDF13319,pdf,1,0.0,0.21,0.7786144614219666,0.778595507144928,0.9999756564025231,-2.4343597033293918e-05,2.4343597033293918e-05,-0.0024343597033293918
Pythia_minus,201,MUR1.0_MUF1.0_PDF13319,pdf,2,0.21,0.42,0.7478157877922058,0.7477961778640747,0.9999737770605392,-2.6222938686260022e-05,2.6222938686260022e-05,-0.0026222938686260022
Pythia_minus,201,MUR1.0_MUF1.0_PDF13319,pdf,3,0.42,0.63,0.7352385520935059,0.7352224588394165,0.9999781115203447,-2.1888479750487022e-05,2.1888479750487022e-05,-0.002188847975048702
Pythia_minus,201,MUR1.0_MUF1.0_PDF13319,pdf,4,0.63,0.84,0.7513492107391357,0.7513212561607361,0.9999627941601587,-3.7205838452791795e-05,3.7205838452791795e-05,-0.0037205838452791795
Pythia_minus,201,MUR1.0_MUF1.0_PDF13319,pdf,5,0.84,1.05,0.7593017220497131,0.7592544555664062,0.999937750064389,-6.224993558134884e-05,6.224993558134884e-05,-0.006224993558134884
Pythia_minus,201,MUR1.0_MUF1.0_PDF13319,pdf,6,1.05,1.37,0.7337679862976074,0.733712375164032,0.9999242115564948,-7.578844088129699e-05,7.578844088129699e-05,-0.007578844088129699
Pythia_minus,201,MUR1.0_MUF1.0_PDF13319,pdf,7,1.37,1.52,0.7370075583457947,0.7369921803474426,0.9999791345445811,-2.0865454644081183e-05,2.0865454644081183e-05,-0.0020865454644081183
Pythia_minus,201,MUR1.0_MUF1.0_PDF13319,pdf,8,1.52,1.74,0.7175648808479309,0.7175161242485046,0.9999320526955435,-6.794730143155903e-05,6.794730143155903e-05,-0.006794730143155903
Pythia_minus,201,MUR1.0_MUF1.0_PDF13319,pdf,9,1.74,1.95,0.6435351371765137,0.6434952020645142,0.9999379441623425,-6.205583486007527e-05,6.205583486007527e-05,-0.0062055834860075265
Pythia_minus,201,MUR1.0_MUF1.0_PDF13319,pdf,10,1.95,2.18,0.7551155686378479,0.7550275921821594,0.9998834927270177,-0.00011650727537926286,0.00011650727537926286,-0.011650727537926286
Pythia_minus,201,MUR1.0_MUF1.0_PDF13319,pdf,11,2.18,2.5,0.7272884249687195,0.7272410988807678,0.9999349280336014,-6.507196667371318e-05,6.507196667371318e-05,-0.006507196667371318
Pythia_minus,202,MUR1.0_MUF1.0_PDF26251,pdf,1,0.0,0.21,0.7786144614219666,0.7768336534500122,0.9977128501200683,-0.0022871498949825764,0.0022871498949825764,-0.22871498949825764
Pythia_minus,202,MUR1.0_MUF1.0_PDF26251,pdf,2,0.21,0.42,0.7478157877922058,0.7458755970001221,0.9974055230930443,-0.0025944767985492945,0.0025944767985492945,-0.25944767985492945
Pythia_minus,202,MUR1.0_MUF1.0_PDF26251,pdf,3,0.42,0.63,0.7352385520935059,0.733436644077301,0.9975492198945851,-0.002450780011713505,0.002450780011713505,-0.24507800117135048
Pythia_minus,202,MUR1.0_MUF1.0_PDF26251,pdf,4,0.63,0.84,0.7513492107391357,0.7502837777137756,0.9985819735881375,-0.0014180263970047235,0.0014180263970047235,-0.14180263970047235
Pythia_minus,202,MUR1.0_MUF1.0_PDF26251,pdf,5,0.84,1.05,0.7593017220497131,0.7588157653808594,0.9993599953026026,-0.0006400046986527741,0.0006400046986527741,-0.06400046986527741
Pythia_minus,202,MUR1.0_MUF1.0_PDF26251,pdf,6,1.05,1.37,0.7337679862976074,0.7340178489685059,1.0003405199948272,0.00034051999682560563,0.00034051999682560563,0.03405199968256056
Pythia_minus,202,MUR1.0_MUF1.0_PDF26251,pdf,7,1.37,1.52,0.7370075583457947,0.7366368770599365,0.9994970454757749,-0.0005029545282013714,0.0005029545282013714,-0.05029545282013714
Pythia_minus,202,MUR1.0_MUF1.0_PDF26251,pdf,8,1.52,1.74,0.7175648808479309,0.7190518379211426,1.0020722266555946,0.002072226721793413,0.002072226721793413,0.20722267217934132
Pythia_minus,202,MUR1.0_MUF1.0_PDF26251,pdf,9,1.74,1.95,0.6435351371765137,0.6446240544319153,1.0016920867136785,0.0016920866910368204,0.0016920866910368204,0.16920866910368204
Pythia_minus,202,MUR1.0_MUF1.0_PDF26251,pdf,10,1.95,2.18,0.7551155686378479,0.7601950168609619,1.0067267163253921,0.0067267161794006824,0.0067267161794006824,0.6726716179400682
Pythia_minus,202,MUR1.0_MUF1.0_PDF26251,pdf,11,2.18,2.5,0.7272884249687195,0.731880247592926,1.0063136198330174,0.006313619669526815,0.006313619669526815,0.6313619669526815
Pythia_minus,203,MUR1.0_MUF1.0_PDF26252,pdf,1,0.0,0.21,0.7786144614219666,0.7768332958221436,0.9977123908069083,-0.0022876092698425055,0.0022876092698425055,-0.22876092698425055
Pythia_minus,203,MUR1.0_MUF1.0_PDF26252,pdf,2,0.21,0.42,0.7478157877922058,0.7458752989768982,0.9974051245681285,-0.00259487540461123,0.00259487540461123,-0.259487540461123
Pythia_minus,203,MUR1.0_MUF1.0_PDF26252,pdf,3,0.42,0.63,0.7352385520935059,0.7334368824958801,0.9975495441683577,-0.0024504559114575386,0.0024504559114575386,-0.24504559114575386
Pythia_minus,203,MUR1.0_MUF1.0_PDF26252,pdf,4,0.63,0.84,0.7513492107391357,0.7502843737602234,0.9985827668896267,-0.0014172331430017948,0.0014172331430017948,-0.14172331430017948
Pythia_minus,203,MUR1.0_MUF1.0_PDF26252,pdf,5,0.84,1.05,0.7593017220497131,0.758816123008728,0.9993604662983323,-0.0006395336822606623,0.0006395336822606623,-0.06395336822606623
Pythia_minus,203,MUR1.0_MUF1.0_PDF26252,pdf,6,1.05,1.37,0.7337679862976074,0.7340178489685059,1.0003405199948272,0.00034051999682560563,0.00034051999682560563,0.03405199968256056
Pythia_minus,203,MUR1.0_MUF1.0_PDF26252,pdf,7,1.37,1.52,0.7370075583457947,0.7366373538970947,0.9994976924666406,-0.0005023075500503182,0.0005023075500503182,-0.050230755005031824
Pythia_minus,203,MUR1.0_MUF1.0_PDF26252,pdf,8,1.52,1.74,0.7175648808479309,0.7190521359443665,1.0020726419814165,0.0020726420916616917,0.0020726420916616917,0.20726420916616917
Pythia_minus,203,MUR1.0_MUF1.0_PDF26252,pdf,9,1.74,1.95,0.6435351371765137,0.6446241140365601,1.0016921793343316,0.0016921793576329947,0.0016921793576329947,0.16921793576329947
Pythia_minus,203,MUR1.0_MUF1.0_PDF26252,pdf,10,1.95,2.18,0.7551155686378479,0.7601948976516724,1.0067265584564586,0.006726558320224285,0.006726558320224285,0.6726558320224285
Pythia_minus,203,MUR1.0_MUF1.0_PDF26252,pdf,11,2.18,2.5,0.7272884249687195,0.7318797707557678,1.0063129641960764,0.006312964018434286,0.006312964018434286,0.6312964018434286
Pythia_minus,204,MUR1.0_MUF1.0_PDF26253,pdf,1,0.0,0.21,0.7786144614219666,0.7768333554267883,0.9977124673591017,-0.0022875326685607433,0.0022875326685607433,-0.22875326685607433
Pythia_minus,204,MUR1.0_MUF1.0_PDF26253,pdf,2,0.21,0.42,0.7478157877922058,0.7458757162094116,0.9974056825030106,-0.0025943175423890352,0.0025943175423890352,-0.2594317542389035
Pythia_minus,204,MUR1.0_MUF1.0_PDF26253,pdf,3,0.42,0.63,0.7352385520935059,0.7334373593330383,0.9975501927159031,-0.002449807245284319,0.002449807245284319,-0.2449807245284319
Pythia_minus,204,MUR1.0_MUF1.0_PDF26253,pdf,4,0.63,0.84,0.7513492107391357,0.7502843737602234,0.9985827668896267,-0.0014172331430017948,0.0014172331430017948,-0.14172331430017948
Pythia_minus,204,MUR1.0_MUF1.0_PDF26253,pdf,5,0.84,1.05,0.7593017220497131,0.7588158249855042,0.9993600738018908,-0.0006399261765182018,0.0006399261765182018,-0.06399261765182018
Pythia_minus,204,MUR1.0_MUF1.0_PDF26253,pdf,6,1.05,1.37,0.7337679862976074,0.7340177893638611,1.0003404387639123,0.0003404387680348009,0.0003404387680348009,0.03404387680348009
Pythia_minus,204,MUR1.0_MUF1.0_PDF26253,pdf,7,1.37,1.52,0.7370075583457947,0.73663729429245,0.9994976115927824,-0.000502388400491327,0.000502388400491327,-0.050238840049132705
Pythia_minus,204,MUR1.0_MUF1.0_PDF26253,pdf,8,1.52,1.74,0.7175648808479309,0.7190519571304321,1.0020723927859234,0.0020723927300423384,0.0020723927300423384,0.20723927300423384
Pythia_minus,204,MUR1.0_MUF1.0_PDF26253,pdf,9,1.74,1.95,0.6435351371765137,0.6446241736412048,1.0016922719549848,0.001692271907813847,0.001692271907813847,0.1692271907813847
Pythia_minus,204,MUR1.0_MUF1.0_PDF26253,pdf,10,1.95,2.18,0.7551155686378479,0.7601953148841858,1.006727110997726,0.006727111060172319,0.006727111060172319,0.6727111060172319
Pythia_minus,204,MUR1.0_MUF1.0_PDF26253,pdf,11,2.18,2.5,0.7272884249687195,0.7318798899650574,1.0063131281053117,0.0063131279312074184,0.0063131279312074184,0.6313127931207418
Pythia_minus,205,MUR1.0_MUF1.0_PDF26254,pdf,1,0.0,0.21,0.7786144614219666,0.7768337726593018,0.9977130032244549,-0.002286996692419052,0.002286996692419052,-0.2286996692419052
Pythia_minus,205,MUR1.0_MUF1.0_PDF26254,pdf,2,0.21,0.42,0.7478157877922058,0.7458755373954773,0.9974054433880611,-0.0025945566594600677,0.0025945566594600677,-0.2594556659460068
Pythia_minus,205,MUR1.0_MUF1.0_PDF26254,pdf,3,0.42,0.63,0.7352385520935059,0.7334370613098145,0.9975497873736873,-0.0024502126034349203,0.0024502126034349203,-0.24502126034349203
Pythia_minus,205,MUR1.0_MUF1.0_PDF26254,pdf,4,0.63,0.84,0.7513492107391357,0.7502830028533936,0.9985809422962016,-0.0014190577203407884,0.0014190577203407884,-0.14190577203407884
Pythia_minus,205,MUR1.0_MUF1.0_PDF26254,pdf,5,0.84,1.05,0.7593017220497131,0.7588156461715698,0.999359838304026,-0.0006401616847142577,0.0006401616847142577,-0.06401616847142577
Pythia_minus,205,MUR1.0_MUF1.0_PDF26254,pdf,6,1.05,1.37,0.7337679862976074,0.7340174317359924,1.0003399513784237,0.00033995136618614197,0.00033995136618614197,0.0339951366186142
Pythia_minus,205,MUR1.0_MUF1.0_PDF26254,pdf,7,1.37,1.52,0.7370075583457947,0.7366372346878052,0.9994975307189241,-0.0005024693091399968,0.0005024693091399968,-0.05024693091399968
Pythia_minus,205,MUR1.0_MUF1.0_PDF26254,pdf,8,1.52,1.74,0.7175648808479309,0.719051718711853,1.002072060525266,0.0020720604807138443,0.0020720604807138443,0.20720604807138443
Pythia_minus,205,MUR1.0_MUF1.0_PDF26254,pdf,9,1.74,1.95,0.6435351371765137,0.6446239948272705,1.0016919940930251,0.001691994140855968,0.001691994140855968,0.1691994140855968
Pythia_minus,205,MUR1.0_MUF1.0_PDF26254,pdf,10,1.95,2.18,0.7551155686378479,0.7601951360702515,1.0067268741943258,0.00672687403857708,0.00672687403857708,0.672687403857708
Pythia_minus,205,MUR1.0_MUF1.0_PDF26254,pdf,11,2.18,2.5,0.7272884249687195,0.7318799495697021,1.0063132100599292,0.006313209887593985,0.006313209887593985,0.6313209887593985
Pythia_minus,206,MUR1.0_MUF1.0_PDF26255,pdf,1,0.0,0.21,0.7786144614219666,0.776832640171051,0.9977115487327818,-0.002288451185449958,0.002288451185449958,-0.22884511854499578
Pythia_minus,206,MUR1.0_MUF1.0_PDF26255,pdf,2,0.21,0.42,0.7478157877922058,0.7458752393722534,0.9974050448631453,-0.0025949550326913595,0.0025949550326913595,-0.25949550326913595
Pythia_minus,206,MUR1.0_MUF1.0_PDF26255,pdf,3,0.42,0.63,0.7352385520935059,0.7334364652633667,0.9975489766892556,-0.002451023319736123,0.002451023319736123,-0.2451023319736123
Pythia_minus,206,MUR1.0_MUF1.0_PDF26255,pdf,4,0.63,0.84,0.7513492107391357,0.7502833008766174,0.9985813389469462,-0.001418661093339324,0.001418661093339324,-0.1418661093339324
Pythia_minus,206,MUR1.0_MUF1.0_PDF26255,pdf,5,0.84,1.05,0.7593017220497131,0.7588145732879639,0.9993584253168368,-0.0006415746756829321,0.0006415746756829321,-0.06415746756829321
Pythia_minus,206,MUR1.0_MUF1.0_PDF26255,pdf,6,1.05,1.37,0.7337679862976074,0.7340185046195984,1.00034141353489,0.00034141354262828827,0.00034141354262828827,0.03414135426282883
Pythia_minus,206,MUR1.0_MUF1.0_PDF26255,pdf,7,1.37,1.52,0.7370075583457947,0.736638605594635,0.999499390817663,-0.0005006091669201851,0.0005006091669201851,-0.05006091669201851
Pythia_minus,206,MUR1.0_MUF1.0_PDF26255,pdf,8,1.52,1.74,0.7175648808479309,0.719052791595459,1.0020735556982245,0.0020735557191073895,0.0020735557191073895,0.20735557191073895
Pythia_minus,206,MUR1.0_MUF1.0_PDF26255,pdf,9,1.74,1.95,0.6435351371765137,0.6446234583854675,1.0016911605071463,0.0016911604907363653,0.0016911604907363653,0.16911604907363653
Pythia_minus,206,MUR1.0_MUF1.0_PDF26255,pdf,10,1.95,2.18,0.7551155686378479,0.7601951956748962,1.0067269531287926,0.006726953200995922,0.006726953200995922,0.6726953200995922
Pythia_minus,206,MUR1.0_MUF1.0_PDF26255,pdf,11,2.18,2.5,0.7272884249687195,0.7318783402442932,1.0063109972852533,0.006310997065156698,0.006310997065156698,0.6310997065156698
Pythia_minus,207,MUR1.0_MUF1.0_PDF26256,pdf,1,0.0,0.21,0.7786144614219666,0.7768338918685913,0.9977131563288416,-0.0022868437226861715,0.0022868437226861715,-0.22868437226861715
Pythia_minus,207,MUR1.0_MUF1.0_PDF26256,pdf,2,0.21,0.42,0.7478157877922058,0.7458767890930176,0.9974071171927076,-0.00259288283996284,0.00259288283996284,-0.259288283996284
Pythia_minus,207,MUR1.0_MUF1.0_PDF26256,pdf,3,0.42,0.63,0.7352385520935059,0.7334407567977905,0.9975548136171637,-0.0024451864883303642,0.0024451864883303642,-0.24451864883303642
Pythia_minus,207,MUR1.0_MUF1.0_PDF26256,pdf,4,0.63,0.84,0.7513492107391357,0.7502841949462891,0.99858252889918,-0.001417471095919609,0.001417471095919609,-0.1417471095919609
Pythia_minus,207,MUR1.0_MUF1.0_PDF26256,pdf,5,0.84,1.05,0.7593017220497131,0.7588157653808594,0.9993599953026026,-0.0006400046986527741,0.0006400046986527741,-0.06400046986527741
Pythia_minus,207,MUR1.0_MUF1.0_PDF26256,pdf,6,1.05,1.37,0.7337679862976074,0.7340155243873596,1.00033735198915,0.00033735198667272925,0.00033735198667272925,0.033735198667272925
Pythia_minus,207,MUR1.0_MUF1.0_PDF26256,pdf,7,1.37,1.52,0.7370075583457947,0.73663729429245,0.9994976115927824,-0.000502388400491327,0.000502388400491327,-0.050238840049132705
Pythia_minus,207,MUR1.0_MUF1.0_PDF26256,pdf,8,1.52,1.74,0.7175648808479309,0.7190504670143127,1.002070316156814,0.0020703161135315895,0.0020703161135315895,0.20703161135315895
Pythia_minus,207,MUR1.0_MUF1.0_PDF26256,pdf,9,1.74,1.95,0.6435351371765137,0.6446232795715332,1.0016908826451867,0.0016908826073631644,0.0016908826073631644,0.16908826073631644
Pythia_minus,207,MUR1.0_MUF1.0_PDF26256,pdf,10,1.95,2.18,0.7551155686378479,0.7601964473724365,1.0067286107525952,0.006728610955178738,0.006728610955178738,0.6728610955178738
Pythia_minus,207,MUR1.0_MUF1.0_PDF26256,pdf,11,2.18,2.5,0.7272884249687195,0.7318822145462036,1.0063163243353992,0.006316324230283499,0.006316324230283499,0.6316324230283499
Pythia_minus,208,MUR1.0_MUF1.0_PDF26257,pdf,1,0.0,0.21,0.7786144614219666,0.7768337726593018,0.9977130032244549,-0.002286996692419052,0.002286996692419052,-0.2286996692419052
Pythia_minus,208,MUR1.0_MUF1.0_PDF26257,pdf,2,0.21,0.42,0.7478157877922058,0.7458767294883728,0.9974070374877244,-0.0025929624680429697,0.0025929624680429697,-0.25929624680429697
Pythia_minus,208,MUR1.0_MUF1.0_PDF26257,pdf,3,0.42,0.63,0.7352385520935059,0.7334403395652771,0.9975542461380615,-0.0024457538966089487,0.0024457538966089487,-0.24457538966089487
Pythia_minus,208,MUR1.0_MUF1.0_PDF26257,pdf,4,0.63,0.84,0.7513492107391357,0.7502843737602234,0.9985827668896267,-0.0014172331430017948,0.0014172331430017948,-0.14172331430017948
Pythia_minus,208,MUR1.0_MUF1.0_PDF26257,pdf,5,0.84,1.05,0.7593017220497131,0.7588157057762146,0.9993599168033143,-0.0006400832207873464,0.0006400832207873464,-0.06400832207873464
Pythia_minus,208,MUR1.0_MUF1.0_PDF26257,pdf,6,1.05,1.37,0.7337679862976074,0.7340154051780701,1.0003371895273205,0.00033718952909111977,0.00033718952909111977,0.03371895290911198
Pythia_minus,208,MUR1.0_MUF1.0_PDF26257,pdf,7,1.37,1.52,0.7370075583457947,0.7366372346878052,0.9994975307189241,-0.0005024693091399968,0.0005024693091399968,-0.05024693091399968
Pythia_minus,208,MUR1.0_MUF1.0_PDF26257,pdf,8,1.52,1.74,0.7175648808479309,0.7190511226654053,1.002071229873622,0.002071229973807931,0.002071229973807931,0.2071229973807931
Pythia_minus,208,MUR1.0_MUF1.0_PDF26257,pdf,9,1.74,1.95,0.6435351371765137,0.6446232795715332,1.0016908826451867,0.0016908826073631644,0.0016908826073631644,0.16908826073631644
Pythia_minus,208,MUR1.0_MUF1.0_PDF26257,pdf,10,1.95,2.18,0.7551155686378479,0.7601960897445679,1.0067281371457943,0.006728137377649546,0.006728137377649546,0.6728137377649546
Pythia_minus,208,MUR1.0_MUF1.0_PDF26257,pdf,11,2.18,2.5,0.7272884249687195,0.7318831086158752,1.0063175536546638,0.006317553576081991,0.006317553576081991,0.6317553576081991
Pythia_minus,209,MUR1.0_MUF1.0_PDF26258,pdf,1,0.0,0.21,0.7786144614219666,0.7768344283103943,0.9977138452985815,-0.0022861547768115997,0.0022861547768115997,-0.22861547768115997
Pythia_minus,209,MUR1.0_MUF1.0_PDF26258,pdf,2,0.21,0.42,0.7478157877922058,0.7458775043487549,0.9974080736525056,-0.00259192637167871,0.00259192637167871,-0.259192637167871
Pythia_minus,209,MUR1.0_MUF1.0_PDF26258,pdf,3,0.42,0.63,0.7352385520935059,0.733440637588501,0.9975546514802773,-0.0024453485384583473,0.0024453485384583473,-0.24453485384583473
Pythia_minus,209,MUR1.0_MUF1.0_PDF26258,pdf,4,0.63,0.84,0.7513492107391357,0.7502834796905518,0.9985815769373929,-0.001418423024006188,0.001418423024006188,-0.1418423024006188
Pythia_minus,209,MUR1.0_MUF1.0_PDF26258,pdf,5,0.84,1.05,0.7593017220497131,0.7588158845901489,0.9993601523011791,-0.0006398477125912905,0.0006398477125912905,-0.06398477125912905
Pythia_minus,209,MUR1.0_MUF1.0_PDF26258,pdf,6,1.05,1.37,0.7337679862976074,0.734015703201294,1.0003375956818945,0.0003375956730451435,0.0003375956730451435,0.03375956730451435
Pythia_minus,209,MUR1.0_MUF1.0_PDF26258,pdf,7,1.37,1.52,0.7370075583457947,0.7366364002227783,0.9994963984849091,-0.0005036015063524246,0.0005036015063524246,-0.05036015063524246
Pythia_minus,209,MUR1.0_MUF1.0_PDF26258,pdf,8,1.52,1.74,0.7175648808479309,0.7190506458282471,1.0020705653523072,0.002070565242320299,0.002070565242320299,0.20705652423202991
Pythia_minus,209,MUR1.0_MUF1.0_PDF26258,pdf,9,1.74,1.95,0.6435351371765137,0.644623339176178,1.0016909752658398,0.0016909752739593387,0.0016909752739593387,0.16909752739593387
Pythia_minus,209,MUR1.0_MUF1.0_PDF26258,pdf,10,1.95,2.18,0.7551155686378479,0.7601963877677917,1.0067285318181283,0.006728531792759895,0.006728531792759895,0.6728531792759895
Pythia_minus,209,MUR1.0_MUF1.0_PDF26258,pdf,11,2.18,2.5,0.7272884249687195,0.7318817973136902,1.0063157506530758,0.006315750535577536,0.006315750535577536,0.6315750535577536
Pythia_minus,210,MUR1.0_MUF1.0_PDF26259,pdf,1,0.0,0.21,0.7786144614219666,0.7768352627754211,0.997714917029288,-0.002285083057358861,0.002285083057358861,-0.2285083057358861
Pythia_minus,210,MUR1.0_MUF1.0_PDF26259,pdf,2,0.21,0.42,0.7478157877922058,0.7458764910697937,0.9974067186677917,-0.0025932814460247755,0.0025932814460247755,-0.25932814460247755
Pythia_minus,210,MUR1.0_MUF1.0_PDF26259,pdf,3,0.42,0.63,0.7352385520935059,0.7334387898445129,0.9975521383585392,-0.002447861712425947,0.002447861712425947,-0.24478617124259472
Pythia_minus,210,MUR1.0_MUF1.0_PDF26259,pdf,4,0.63,0.84,0.7513492107391357,0.7502840161323547,0.9985822909087332,-0.0014177090488374233,0.0014177090488374233,-0.14177090488374233
Pythia_minus,210,MUR1.0_MUF1.0_PDF26259,pdf,5,0.84,1.05,0.7593017220497131,0.7588152289390564,0.999359288809008,-0.0006407111650332808,0.0006407111650332808,-0.06407111650332808
Pythia_minus,210,MUR1.0_MUF1.0_PDF26259,pdf,6,1.05,1.37,0.7337679862976074,0.7340167164802551,1.000338976607446,0.00033897662069648504,0.00033897662069648504,0.033897662069648504
Pythia_minus,210,MUR1.0_MUF1.0_PDF26259,pdf,7,1.37,1.52,0.7370075583457947,0.7366359829902649,0.9994958323679016,-0.000504167634062469,0.000504167634062469,-0.0504167634062469
Pythia_minus,210,MUR1.0_MUF1.0_PDF26259,pdf,8,1.52,1.74,0.7175648808479309,0.7190526127815247,1.0020733065027314,0.00207330659031868,0.00207330659031868,0.20733065903186798
Pythia_minus,210,MUR1.0_MUF1.0_PDF26259,pdf,9,1.74,1.95,0.6435351371765137,0.6446259021759033,1.0016949579539283,0.00169495795853436,0.00169495795853436,0.169495795853436
Pythia_minus,210,MUR1.0_MUF1.0_PDF26259,pdf,10,1.95,2.18,0.7551155686378479,0.7602004408836365,1.0067338993618702,0.006733899470418692,0.006733899470418692,0.6733899470418692
Pythia_minus,210,MUR1.0_MUF1.0_PDF26259,pdf,11,2.18,2.5,0.7272884249687195,0.7318822741508484,1.006316406290017,0.006316406186670065,0.006316406186670065,0.6316406186670065
Pythia_minus,211,MUR1.0_MUF1.0_PDF26260,pdf,1,0.0,0.21,0.7786144614219666,0.7768340706825256,0.9977133859854216,-0.002286613918840885,0.002286613918840885,-0.22866139188408852
Pythia_minus,211,MUR1.0_MUF1.0_PDF26260,pdf,2,0.21,0.42,0.7478157877922058,0.7458767294883728,0.9974070374877244,-0.0025929624680429697,0.0025929624680429697,-0.25929624680429697
Pythia_minus,211,MUR1.0_MUF1.0_PDF26260,pdf,3,0.42,0.63,0.7352385520935059,0.7334368228912354,0.9975494630999145,-0.00245053693652153,0.00245053693652153,-0.24505369365215302
Pythia_minus,211,MUR1.0_MUF1.0_PDF26260,pdf,4,0.63,0.84,0.7513492107391357,0.7502822875976562,0.9985799903344147,-0.0014200096484273672,0.0014200096484273672,-0.14200096484273672
Pythia_minus,211,MUR1.0_MUF1.0_PDF26260,pdf,5,0.84,1.05,0.7593017220497131,0.7588145136833191,0.9993583468175485,-0.0006416531978175044,0.0006416531978175044,-0.06416531978175044
Pythia_minus,211,MUR1.0_MUF1.0_PDF26260,pdf,6,1.05,1.37,0.7337679862976074,0.734016478061676,1.0003386516837869,0.0003386516764294356,0.0003386516764294356,0.03386516764294356
Pythia_minus,211,MUR1.0_MUF1.0_PDF26260,pdf,7,1.37,1.52,0.7370075583457947,0.7366380095481873,0.9994985820790809,-0.0005014179041609168,0.0005014179041609168,-0.05014179041609168
Pythia_minus,211,MUR1.0_MUF1.0_PDF26260,pdf,8,1.52,1.74,0.7175648808479309,0.7190519571304321,1.0020723927859234,0.0020723927300423384,0.0020723927300423384,0.20723927300423384
Pythia_minus,211,MUR1.0_MUF1.0_PDF26260,pdf,9,1.74,1.95,0.6435351371765137,0.644625723361969,1.0016946800919686,0.001694680075161159,0.001694680075161159,0.1694680075161159
Pythia_minus,211,MUR1.0_MUF1.0_PDF26260,pdf,10,1.95,2.18,0.7551155686378479,0.7601964473724365,1.0067286107525952,0.006728610955178738,0.006728610955178738,0.6728610955178738
Pythia_minus,211,MUR1.0_MUF1.0_PDF26260,pdf,11,2.18,2.5,0.7272884249687195,0.7318827509880066,1.006317061926958,0.006317061837762594,0.006317061837762594,0.6317061837762594
Pythia_minus,212,MUR1.0_MUF1.0_PDF13320,pdf,1,0.0,0.21,0.7786144614219666,0.778597891330719,0.999978718490256,-2.1281510271364823e-05,2.1281510271364823e-05,-0.0021281510271364823
Pythia_minus,212,MUR1.0_MUF1.0_PDF13320,pdf,2,0.21,0.42,0.7478157877922058,0.7477959394454956,0.9999734582406066,-2.654176023497712e-05,2.654176023497712e-05,-0.002654176023497712
Pythia_minus,212,MUR1.0_MUF1.0_PDF13320,pdf,3,0.42,0.63,0.7352385520935059,0.7352221608161926,0.9999777061781288,-2.2293821530183777e-05,2.2293821530183777e-05,-0.0022293821530183777
Pythia_minus,212,MUR1.0_MUF1.0_PDF13320,pdf,4,0.63,0.84,0.7513492107391357,0.7513211965560913,0.9999627148300098,-3.728516821865924e-05,3.728516821865924e-05,-0.0037285168218659237
Pythia_minus,212,MUR1.0_MUF1.0_PDF13320,pdf,5,0.84,1.05,0.7593017220497131,0.7592552304267883,0.9999387705551368,-6.122944614617154e-05,6.122944614617154e-05,-0.006122944614617154
Pythia_minus,212,MUR1.0_MUF1.0_PDF13320,pdf,6,1.05,1.37,0.7337679862976074,0.7337114810943604,0.9999229930927729,-7.700690912315622e-05,7.700690912315622e-05,-0.007700690912315622
Pythia_minus,212,MUR1.0_MUF1.0_PDF13320,pdf,7,1.37,1.52,0.7370075583457947,0.736991822719574,0.9999786493014319,-2.1350699171307497e-05,2.1350699171307497e-05,-0.0021350699171307497
Pythia_minus,212,MUR1.0_MUF1.0_PDF13320,pdf,8,1.52,1.74,0.7175648808479309,0.7175137996673584,0.999928813154133,-7.118684879969805e-05,7.118684879969805e-05,-0.0071186848799698055
Pythia_minus,212,MUR1.0_MUF1.0_PDF13320,pdf,9,1.74,1.95,0.6435351371765137,0.6434946656227112,0.9999371105764635,-6.288942677201703e-05,6.288942677201703e-05,-0.006288942677201703
Pythia_minus,212,MUR1.0_MUF1.0_PDF13320,pdf,10,1.95,2.18,0.7551155686378479,0.7550228834152222,0.9998772569041413,-0.00012274309119675308,0.00012274309119675308,-0.012274309119675308
Pythia_minus,212,MUR1.0_MUF1.0_PDF13320,pdf,11,2.18,2.5,0.7272884249687195,0.7272400259971619,0.9999334528504841,-6.654715252807364e-05,6.654715252807364e-05,-0.006654715252807364
Pythia_minus,213,MUR1.0_MUF1.0_PDF26261,pdf,1,0.0,0.21,0.7786144614219666,0.7768328189849854,0.9977117783893618,-0.002288221614435315,0.002288221614435315,-0.2288221614435315
Pythia_minus,213,MUR1.0_MUF1.0_PDF26261,pdf,2,0.21,0.42,0.7478157877922058,0.7458766102790833,0.9974068780777581,-0.0025931219570338726,0.0025931219570338726,-0.25931219570338726
Pythia_minus,213,MUR1.0_MUF1.0_PDF26261,pdf,3,0.42,0.63,0.7352385520935059,0.7334402799606323,0.9975541650696184,-0.0024458349216729403,0.0024458349216729403,-0.24458349216729403
Pythia_minus,213,MUR1.0_MUF1.0_PDF26261,pdf,4,0.63,0.84,0.7513492107391357,0.7502844929695129,0.9985829255499246,-0.0014170744689181447,0.0014170744689181447,-0.14170744689181447
Pythia_minus,213,MUR1.0_MUF1.0_PDF26261,pdf,5,0.84,1.05,0.7593017220497131,0.7588157057762146,0.9993599168033143,-0.0006400832207873464,0.0006400832207873464,-0.06400832207873464
Pythia_minus,213,MUR1.0_MUF1.0_PDF26261,pdf,6,1.05,1.37,0.7337679862976074,0.7340158820152283,1.000337839374639,0.0003378393885213882,0.0003378393885213882,0.03378393885213882
Pythia_minus,213,MUR1.0_MUF1.0_PDF26261,pdf,7,1.37,1.52,0.7370075583457947,0.7366371154785156,0.9994973689712077,-0.0005026310100220144,0.0005026310100220144,-0.05026310100220144
Pythia_minus,213,MUR1.0_MUF1.0_PDF26261,pdf,8,1.52,1.74,0.7175648808479309,0.7190507650375366,1.002070731482636,0.002070731483399868,0.002070731483399868,0.2070731483399868
Pythia_minus,213,MUR1.0_MUF1.0_PDF26261,pdf,9,1.74,1.95,0.6435351371765137,0.6446237564086914,1.0016916236104123,0.0016916235908865929,0.0016916235908865929,0.1691623590886593
Pythia_minus,213,MUR1.0_MUF1.0_PDF26261,pdf,10,1.95,2.18,0.7551155686378479,0.7601956725120544,1.006727584604527,0.006727584637701511,0.006727584637701511,0.6727584637701511
Pythia_minus,213,MUR1.0_MUF1.0_PDF26261,pdf,11,2.18,2.5,0.7272884249687195,0.731881856918335,1.0063158326076935,0.006315832491964102,0.006315832491964102,0.6315832491964102
Pythia_minus,214,MUR1.0_MUF1.0_PDF26262,pdf,1,0.0,0.21,0.7786144614219666,0.7768346667289734,0.9977141515073548,-0.002285848604515195,0.002285848604515195,-0.2285848604515195
Pythia_minus,214,MUR1.0_MUF1.0_PDF26262,pdf,2,0.21,0.42,0.7478157877922058,0.7458773851394653,0.9974079142425393,-0.002592085860669613,0.002592085860669613,-0.2592085860669613
Pythia_minus,214,MUR1.0_MUF1.0_PDF26262,pdf,3,0.42,0.63,0.7352385520935059,0.7334396243095398,0.9975532733167435,-0.0024467266630381346,0.0024467266630381346,-0.24467266630381346
Pythia_minus,214,MUR1.0_MUF1.0_PDF26262,pdf,4,0.63,0.84,0.7513492107391357,0.7502841949462891,0.99858252889918,-0.001417471095919609,0.001417471095919609,-0.1417471095919609
Pythia_minus,214,MUR1.0_MUF1.0_PDF26262,pdf,5,0.84,1.05,0.7593017220497131,0.758816123008728,0.9993604662983323,-0.0006395336822606623,0.0006395336822606623,-0.06395336822606623
Pythia_minus,214,MUR1.0_MUF1.0_PDF26262,pdf,6,1.05,1.37,0.7337679862976074,0.7340168356895447,1.0003391390692757,0.00033913907827809453,0.00033913907827809453,0.03391390782780945
Pythia_minus,214,MUR1.0_MUF1.0_PDF26262,pdf,7,1.37,1.52,0.7370075583457947,0.7366356253623962,0.9994953471247524,-0.0005046528531238437,0.0005046528531238437,-0.05046528531238437
Pythia_minus,214,MUR1.0_MUF1.0_PDF26262,pdf,8,1.52,1.74,0.7175648808479309,0.719052791595459,1.0020735556982245,0.0020735557191073895,0.0020735557191073895,0.20735557191073895
Pythia_minus,214,MUR1.0_MUF1.0_PDF26262,pdf,9,1.74,1.95,0.6435351371765137,0.6446255445480347,1.001694402230009,0.0016944021917879581,0.0016944021917879581,0.16944021917879581
Pythia_minus,214,MUR1.0_MUF1.0_PDF26262,pdf,10,1.95,2.18,0.7551155686378479,0.7601984143257141,1.0067312155899992,0.00673121539875865,0.00673121539875865,0.673121539875865
Pythia_minus,214,MUR1.0_MUF1.0_PDF26262,pdf,11,2.18,2.5,0.7272884249687195,0.7318815588951111,1.0063154228346054,0.006315422710031271,0.006315422710031271,0.6315422710031271
Pythia_minus,215,MUR0.5_MUF2.0_PDF13300,scale,1,0.0,0.21,0.7786144614219666,0.782035231590271,1.0043934069270395,0.004393407143652439,0.004393407143652439,0.4393407143652439
Pythia_minus,215,MUR0.5_MUF2.0_PDF13300,scale,2,0.21,0.42,0.7478157877922058,0.7511501312255859,1.0044587764631503,0.0044587766751646996,0.0044587766751646996,0.44587766751646996
Pythia_minus,215,MUR0.5_MUF2.0_PDF13300,scale,3,0.42,0.63,0.7352385520935059,0.7380936145782471,1.0038831784277522,0.0038831783458590508,0.0038831783458590508,0.3883178345859051
Pythia_minus,215,MUR0.5_MUF2.0_PDF13300,scale,4,0.63,0.84,0.7513492107391357,0.7540369629859924,1.0035772344050413,0.0035772344563156366,0.0035772344563156366,0.35772344563156366
Pythia_minus,215,MUR0.5_MUF2.0_PDF13300,scale,5,0.84,1.05,0.7593017220497131,0.762100338935852,1.0036857770829022,0.003685777075588703,0.003685777075588703,0.3685777075588703
Pythia_minus,215,MUR0.5_MUF2.0_PDF13300,scale,6,1.05,1.37,0.7337679862976074,0.7362105846405029,1.0033288428883633,0.0033288428094238043,0.0033288428094238043,0.33288428094238043
Pythia_minus,215,MUR0.5_MUF2.0_PDF13300,scale,7,1.37,1.52,0.7370075583457947,0.7381715774536133,1.001579385577037,0.001579385600052774,0.001579385600052774,0.1579385600052774
Pythia_minus,215,MUR0.5_MUF2.0_PDF13300,scale,8,1.52,1.74,0.7175648808479309,0.7200601696968079,1.00347744004128,0.003477439982816577,0.003477439982816577,0.3477439982816577
Pythia_minus,215,MUR0.5_MUF2.0_PDF13300,scale,9,1.74,1.95,0.6435351371765137,0.6448923945426941,1.0021090648944755,0.0021090649534016848,0.0021090649534016848,0.21090649534016848
Pythia_minus,215,MUR0.5_MUF2.0_PDF13300,scale,10,1.95,2.18,0.7551155686378479,0.7575086355209351,1.003169139907159,0.0031691398471593857,0.0031691398471593857,0.31691398471593857
Pythia_minus,215,MUR0.5_MUF2.0_PDF13300,scale,11,2.18,2.5,0.7272884249687195,0.7276424169540405,1.0004867284741075,0.0004867284733336419,0.0004867284733336419,0.04867284733336419
Pythia_minus,216,MUR1.0_MUF1.0_PDF13321,pdf,1,0.0,0.21,0.7786144614219666,0.7785979509353638,0.9999787950424494,-2.1204958102316596e-05,2.1204958102316596e-05,-0.0021204958102316596
Pythia_minus,216,MUR1.0_MUF1.0_PDF13321,pdf,2,0.21,0.42,0.7478157877922058,0.7477960586547852,0.9999736176505729,-2.638234946061857e-05,2.638234946061857e-05,-0.002638234946061857
Pythia_minus,216,MUR1.0_MUF1.0_PDF13321,pdf,3,0.42,0.63,0.7352385520935059,0.7352243065834045,0.9999806246420828,-1.9375358533579856e-05,1.9375358533579856e-05,-0.0019375358533579856
Pythia_minus,216,MUR1.0_MUF1.0_PDF13321,pdf,4,0.63,0.84,0.7513492107391357,0.7513191103935242,0.9999599382747977,-4.006172457593493e-05,4.006172457593493e-05,-0.004006172457593493
Pythia_minus,216,MUR1.0_MUF1.0_PDF13321,pdf,5,0.84,1.05,0.7593017220497131,0.7592536807060242,0.9999367295736413,-6.327042501652613e-05,6.327042501652613e-05,-0.006327042501652613
Pythia_minus,216,MUR1.0_MUF1.0_PDF13321,pdf,6,1.05,1.37,0.7337679862976074,0.7337086200714111,0.9999190940088626,-8.090599294519052e-05,8.090599294519052e-05,-0.008090599294519052
Pythia_minus,216,MUR1.0_MUF1.0_PDF13321,pdf,7,1.37,1.52,0.7370075583457947,0.7369926571846008,0.9999797815354468,-2.0218463760102168e-05,2.0218463760102168e-05,-0.0020218463760102168
Pythia_minus,216,MUR1.0_MUF1.0_PDF13321,pdf,8,1.52,1.74,0.7175648808479309,0.7175126671791077,0.9999272349160099,-7.27650840417482e-05,7.27650840417482e-05,-0.00727650840417482
Pythia_minus,216,MUR1.0_MUF1.0_PDF13321,pdf,9,1.74,1.95,0.6435351371765137,0.6434930562973022,0.9999346098188266,-6.539018067996949e-05,6.539018067996949e-05,-0.006539018067996949
Pythia_minus,216,MUR1.0_MUF1.0_PDF13321,pdf,10,1.95,2.18,0.7551155686378479,0.7550201416015625,0.9998736259186689,-0.00012637408508453518,0.00012637408508453518,-0.012637408508453518
Pythia_minus,216,MUR1.0_MUF1.0_PDF13321,pdf,11,2.18,2.5,0.7272884249687195,0.7272395491600037,0.999932797213543,-6.720278906868771e-05,6.720278906868771e-05,-0.006720278906868771
Pythia_minus,217,MUR1.0_MUF1.0_PDF13322,pdf,1,0.0,0.21,0.7786144614219666,0.7785983085632324,0.9999792543556093,-2.074564508802723e-05,2.074564508802723e-05,-0.002074564508802723
Pythia_minus,217,MUR1.0_MUF1.0_PDF13322,pdf,2,0.21,0.42,0.7478157877922058,0.747796893119812,0.9999747335203372,-2.5266479497076944e-05,2.5266479497076944e-05,-0.0025266479497076944
Pythia_minus,217,MUR1.0_MUF1.0_PDF13322,pdf,3,0.42,0.63,0.7352385520935059,0.7352258563041687,0.9999827324216052,-1.7267579096369445e-05,1.7267579096369445e-05,-0.0017267579096369445
Pythia_minus,217,MUR1.0_MUF1.0_PDF13322,pdf,4,0.63,0.84,0.7513492107391357,0.7513196468353271,0.999960652246138,-3.934775304514915e-05,3.934775304514915e-05,-0.003934775304514915
Pythia_minus,217,MUR1.0_MUF1.0_PDF13322,pdf,5,0.84,1.05,0.7593017220497131,0.7592505216598511,0.9999325691113622,-6.743089033989236e-05,6.743089033989236e-05,-0.006743089033989236
Pythia_minus,217,MUR1.0_MUF1.0_PDF13322,pdf,6,1.05,1.37,0.7337679862976074,0.7337075471878052,0.9999176318523962,-8.236814755946398e-05,8.236814755946398e-05,-0.008236814755946398
Pythia_minus,217,MUR1.0_MUF1.0_PDF13322,pdf,7,1.37,1.52,0.7370075583457947,0.7369920611381531,0.9999789727968647,-2.1027202819823287e-05,2.1027202819823287e-05,-0.0021027202819823287
Pythia_minus,217,MUR1.0_MUF1.0_PDF13322,pdf,8,1.52,1.74,0.7175648808479309,0.7175124883651733,0.9999269857205167,-7.301427831407636e-05,7.301427831407636e-05,-0.007301427831407636
Pythia_minus,217,MUR1.0_MUF1.0_PDF13322,pdf,9,1.74,1.95,0.6435351371765137,0.6434905529022217,0.9999307197513914,-6.928024959051982e-05,6.928024959051982e-05,-0.006928024959051982
Pythia_minus,217,MUR1.0_MUF1.0_PDF13322,pdf,10,1.95,2.18,0.7551155686378479,0.7550164461135864,0.999868731981728,-0.000131268025143072,0.000131268025143072,-0.013126802514307201
Pythia_minus,217,MUR1.0_MUF1.0_PDF13322,pdf,11,2.18,2.5,0.7272884249687195,0.7272365689277649,0.9999286994826615,-7.130051380954683e-05,7.130051380954683e-05,-0.007130051380954683
Pythia_minus,218,MUR1.0_MUF1.0_PDF13323,pdf,1,0.0,0.21,0.7786144614219666,0.778597354888916,0.9999780295205161,-2.197047979279887e-05,2.197047979279887e-05,-0.002197047979279887
Pythia_minus,218,MUR1.0_MUF1.0_PDF13323,pdf,2,0.21,0.42,0.7478157877922058,0.7477980256080627,0.9999762479150173,-2.375208532612305e-05,2.375208532612305e-05,-0.002375208532612305
Pythia_minus,218,MUR1.0_MUF1.0_PDF13323,pdf,3,0.42,0.63,0.7352385520935059,0.7352244853973389,0.9999808678474124,-1.913215237436816e-05,1.913215237436816e-05,-0.001913215237436816
Pythia_minus,218,MUR1.0_MUF1.0_PDF13323,pdf,4,0.63,0.84,0.7513492107391357,0.7513179183006287,0.9999583516718195,-4.1648327169241384e-05,4.1648327169241384e-05,-0.004164832716924138
Pythia_minus,218,MUR1.0_MUF1.0_PDF13323,pdf,5,0.84,1.05,0.7593017220497131,0.7592501044273376,0.9999320196163441,-6.798038521083072e-05,6.798038521083072e-05,-0.006798038521083072
Pythia_minus,218,MUR1.0_MUF1.0_PDF13323,pdf,6,1.05,1.37,0.7337679862976074,0.7337049245834351,0.9999140576921453,-8.594230894232169e-05,8.594230894232169e-05,-0.008594230894232169
Pythia_minus,218,MUR1.0_MUF1.0_PDF13323,pdf,7,1.37,1.52,0.7370075583457947,0.7369937300682068,0.9999812372648946,-1.8762735635391437e-05,1.8762735635391437e-05,-0.0018762735635391437
Pythia_minus,218,MUR1.0_MUF1.0_PDF13323,pdf,8,1.52,1.74,0.7175648808479309,0.7175102829933167,0.999923912309435,-7.608769374201074e-05,7.608769374201074e-05,-0.007608769374201074
Pythia_minus,218,MUR1.0_MUF1.0_PDF13323,pdf,9,1.74,1.95,0.6435351371765137,0.6434895396232605,0.9999291452002866,-7.085480319801718e-05,7.085480319801718e-05,-0.007085480319801718
Pythia_minus,218,MUR1.0_MUF1.0_PDF13323,pdf,10,1.95,2.18,0.7551155686378479,0.7550126910209656,0.9998637591103201,-0.0001362408947898075,0.0001362408947898075,-0.01362408947898075
Pythia_minus,218,MUR1.0_MUF1.0_PDF13323,pdf,11,2.18,2.5,0.7272884249687195,0.7272352576255798,0.9999268964810736,-7.310351793421432e-05,7.310351793421432e-05,-0.007310351793421432
Pythia_minus,219,MUR1.0_MUF1.0_PDF13324,pdf,1,0.0,0.21,0.7786144614219666,0.7785999774932861,0.9999813978170223,-1.860218253568746e-05,1.860218253568746e-05,-0.0018602182535687461
Pythia_minus,219,MUR1.0_MUF1.0_PDF13324,pdf,2,0.21,0.42,0.7478157877922058,0.7477971911430359,0.999975132045253,-2.4867955289664678e-05,2.4867955289664678e-05,-0.002486795528966468
Pythia_minus,219,MUR1.0_MUF1.0_PDF13324,pdf,3,0.42,0.63,0.7352385520935059,0.7352240681648254,0.9999803003683102,-1.969963159353938e-05,1.969963159353938e-05,-0.001969963159353938
Pythia_minus,219,MUR1.0_MUF1.0_PDF13324,pdf,4,0.63,0.84,0.7513492107391357,0.7513184547424316,0.9999590656431596,-4.09343556384556e-05,4.09343556384556e-05,-0.00409343556384556
Pythia_minus,219,MUR1.0_MUF1.0_PDF13324,pdf,5,0.84,1.05,0.7593017220497131,0.7592494487762451,0.999931156124173,-6.884387403260916e-05,6.884387403260916e-05,-0.0068843874032609165
Pythia_minus,219,MUR1.0_MUF1.0_PDF13324,pdf,6,1.05,1.37,0.7337679862976074,0.7337034940719604,0.9999121081501902,-8.789185085333884e-05,8.789185085333884e-05,-0.008789185085333884
Pythia_minus,219,MUR1.0_MUF1.0_PDF13324,pdf,7,1.37,1.52,0.7370075583457947,0.7369921803474426,0.9999791345445811,-2.0865454644081183e-05,2.0865454644081183e-05,-0.0020865454644081183
Pythia_minus,219,MUR1.0_MUF1.0_PDF13324,pdf,8,1.52,1.74,0.7175648808479309,0.7175076603889465,0.9999202574422026,-7.974256004672498e-05,7.974256004672498e-05,-0.007974256004672498
Pythia_minus,219,MUR1.0_MUF1.0_PDF13324,pdf,9,1.74,1.95,0.6435351371765137,0.643487811088562,0.9999264592013433,-7.354079571086913e-05,7.354079571086913e-05,-0.007354079571086913
Pythia_minus,219,MUR1.0_MUF1.0_PDF13324,pdf,10,1.95,2.18,0.7551155686378479,0.7550077438354492,0.9998572075495765,-0.0001427924435120076,0.0001427924435120076,-0.01427924435120076
Pythia_minus,219,MUR1.0_MUF1.0_PDF13324,pdf,11,2.18,2.5,0.7272884249687195,0.7272350192070007,0.9999265686626031,-7.343133620452136e-05,7.343133620452136e-05,-0.007343133620452136
Pythia_minus,220,MUR1.0_MUF1.0_PDF13325,pdf,1,0.0,0.21,0.7786144614219666,0.7785987257957458,0.9999797902209625,-2.020977990468964e-05,2.020977990468964e-05,-0.002020977990468964
Pythia_minus,220,MUR1.0_MUF1.0_PDF13325,pdf,2,0.21,0.42,0.7478157877922058,0.7477968335151672,0.999974653815354,-2.5346183974761516e-05,2.5346183974761516e-05,-0.0025346183974761516
Pythia_minus,220,MUR1.0_MUF1.0_PDF13325,pdf,3,0.42,0.63,0.7352385520935059,0.7352261543273926,0.9999831377638211,-1.6862235497683287e-05,1.6862235497683287e-05,-0.0016862235497683287
Pythia_minus,220,MUR1.0_MUF1.0_PDF13325,pdf,4,0.63,0.84,0.7513492107391357,0.7513179183006287,0.9999583516718195,-4.1648327169241384e-05,4.1648327169241384e-05,-0.004164832716924138
Pythia_minus,220,MUR1.0_MUF1.0_PDF13325,pdf,5,0.84,1.05,0.7593017220497131,0.7592492699623108,0.9999309206263082,-6.907937495270744e-05,6.907937495270744e-05,-0.006907937495270744
Pythia_minus,220,MUR1.0_MUF1.0_PDF13325,pdf,6,1.05,1.37,0.7337679862976074,0.733703076839447,0.9999115395337865,-8.846046694088727e-05,8.846046694088727e-05,-0.008846046694088727
Pythia_minus,220,MUR1.0_MUF1.0_PDF13325,pdf,7,1.37,1.52,0.7370075583457947,0.7369924187660217,0.999979458040014,-2.0541960111586377e-05,2.0541960111586377e-05,-0.0020541960111586377
Pythia_minus,220,MUR1.0_MUF1.0_PDF13325,pdf,8,1.52,1.74,0.7175648808479309,0.7175067067146301,0.9999189283995726,-8.107160101644695e-05,8.107160101644695e-05,-0.008107160101644695
Pythia_minus,220,MUR1.0_MUF1.0_PDF13325,pdf,9,1.74,1.95,0.6435351371765137,0.6434869766235352,0.9999251625121981,-7.483748777303845e-05,7.483748777303845e-05,-0.007483748777303845
Pythia_minus,220,MUR1.0_MUF1.0_PDF13325,pdf,10,1.95,2.18,0.7551155686378479,0.7550045251846313,0.9998529450883699,-0.00014705491776112467,0.00014705491776112467,-0.014705491776112467
Pythia_minus,220,MUR1.0_MUF1.0_PDF13325,pdf,11,2.18,2.5,0.7272884249687195,0.7272322773933411,0.9999227987501921,-7.720124995103106e-05,7.720124995103106e-05,-0.007720124995103106
Pythia_minus,221,MUR1.0_MUF1.0_PDF13326,pdf,1,0.0,0.21,0.7786144614219666,0.7786005735397339,0.9999821633389556,-1.7836660845205188e-05,1.7836660845205188e-05,-0.0017836660845205188
Pythia_minus,221,MUR1.0_MUF1.0_PDF13326,pdf,2,0.21,0.42,0.7478157877922058,0.7477986216545105,0.999977044964849,-2.2955035092309117e-05,2.2955035092309117e-05,-0.0022955035092309117
Pythia_minus,221,MUR1.0_MUF1.0_PDF13326,pdf,3,0.42,0.63,0.7352385520935059,0.7352263927459717,0.9999834620375937,-1.6537962437723763e-05,1.6537962437723763e-05,-0.0016537962437723763
Pythia_minus,221,MUR1.0_MUF1.0_PDF13326,pdf,4,0.63,0.84,0.7513492107391357,0.7513177990913391,0.9999581930115216,-4.180698670097627e-05,4.180698670097627e-05,-0.004180698670097627
Pythia_minus,221,MUR1.0_MUF1.0_PDF13326,pdf,5,0.84,1.05,0.7593017220497131,0.7592453956604004,0.9999258181725695,-7.418182940455154e-05,7.418182940455154e-05,-0.007418182940455154
Pythia_minus,221,MUR1.0_MUF1.0_PDF13326,pdf,6,1.05,1.37,0.7337679862976074,0.7337002754211426,0.9999077216807911,-9.227832197211683e-05,9.227832197211683e-05,-0.009227832197211683
Pythia_minus,221,MUR1.0_MUF1.0_PDF13326,pdf,7,1.37,1.52,0.7370075583457947,0.7369921803474426,0.9999791345445811,-2.0865454644081183e-05,2.0865454644081183e-05,-0.0020865454644081183
Pythia_minus,221,MUR1.0_MUF1.0_PDF13326,pdf,8,1.52,1.74,0.7175648808479309,0.7175062298774719,0.9999182638782577,-8.173612150130793e-05,8.173612150130793e-05,-0.008173612150130793
Pythia_minus,221,MUR1.0_MUF1.0_PDF13326,pdf,9,1.74,1.95,0.6435351371765137,0.6434852480888367,0.9999224765132547,-7.752348756184801e-05,7.752348756184801e-05,-0.0077523487561848015
Pythia_minus,221,MUR1.0_MUF1.0_PDF13326,pdf,10,1.95,2.18,0.7551155686378479,0.7550007700920105,0.9998479722169621,-0.00015202778740786016,0.00015202778740786016,-0.015202778740786016
Pythia_minus,221,MUR1.0_MUF1.0_PDF13326,pdf,11,2.18,2.5,0.7272884249687195,0.7272304892539978,0.9999203401116632,-7.965989061631262e-05,7.965989061631262e-05,-0.007965989061631262
Pythia_minus,222,MUR1.0_MUF1.0_PDF13327,pdf,1,0.0,0.21,0.7786144614219666,0.7785996198654175,0.9999809385038624,-1.9061495549976826e-05,1.9061495549976826e-05,-0.0019061495549976826
Pythia_minus,222,MUR1.0_MUF1.0_PDF13327,pdf,2,0.21,0.42,0.7478157877922058,0.7477972507476807,0.9999752117502362,-2.4788248992990702e-05,2.4788248992990702e-05,-0.0024788248992990702
Pythia_minus,222,MUR1.0_MUF1.0_PDF13327,pdf,3,0.42,0.63,0.7352385520935059,0.7352246642112732,0.9999811110527418,-1.888894803414587e-05,1.888894803414587e-05,-0.001888894803414587
Pythia_minus,222,MUR1.0_MUF1.0_PDF13327,pdf,4,0.63,0.84,0.7513492107391357,0.7513179183006287,0.9999583516718195,-4.1648327169241384e-05,4.1648327169241384e-05,-0.004164832716924138
Pythia_minus,222,MUR1.0_MUF1.0_PDF13327,pdf,5,0.84,1.05,0.7593017220497131,0.759244441986084,0.999924562183957,-7.543781248386949e-05,7.543781248386949e-05,-0.007543781248386949
Pythia_minus,222,MUR1.0_MUF1.0_PDF13327,pdf,6,1.05,1.37,0.7337679862976074,0.73369961977005,0.9999068281407283,-9.317186049884185e-05,9.317186049884185e-05,-0.009317186049884185
Pythia_minus,222,MUR1.0_MUF1.0_PDF13327,pdf,7,1.37,1.52,0.7370075583457947,0.7369936108589172,0.9999810755171782,-1.8924481992144138e-05,1.8924481992144138e-05,-0.0018924481992144138
Pythia_minus,222,MUR1.0_MUF1.0_PDF13327,pdf,8,1.52,1.74,0.7175648808479309,0.7175040245056152,0.9999151904671759,-8.48095296532847e-05,8.48095296532847e-05,-0.00848095296532847
Pythia_minus,222,MUR1.0_MUF1.0_PDF13327,pdf,9,1.74,1.95,0.6435351371765137,0.6434842348098755,0.99992090196215,-7.909804116934538e-05,7.909804116934538e-05,-0.007909804116934538
Pythia_minus,222,MUR1.0_MUF1.0_PDF13327,pdf,10,1.95,2.18,0.7551155686378479,0.7549971342086792,0.9998431572144879,-0.0001568427833262831,0.0001568427833262831,-0.01568427833262831
Pythia_minus,222,MUR1.0_MUF1.0_PDF13327,pdf,11,2.18,2.5,0.7272884249687195,0.7272301316261292,0.9999198483839574,-8.015161438379437e-05,8.015161438379437e-05,-0.008015161438379437
Pythia_minus,223,MUR1.0_MUF1.0_PDF13328,pdf,1,0.0,0.21,0.7786144614219666,0.7785998582839966,0.9999812447126357,-1.8755286873783916e-05,1.8755286873783916e-05,-0.0018755286873783916
Pythia_minus,223,MUR1.0_MUF1.0_PDF13328,pdf,2,0.21,0.42,0.7478157877922058,0.7477969527244568,0.9999748132253203,-2.518677501939237e-05,2.518677501939237e-05,-0.002518677501939237
Pythia_minus,223,MUR1.0_MUF1.0_PDF13328,pdf,3,0.42,0.63,0.7352385520935059,0.7352268695831299,0.999984110585139,-1.5889414498815313e-05,1.5889414498815313e-05,-0.0015889414498815313
Pythia_minus,223,MUR1.0_MUF1.0_PDF13328,pdf,4,0.63,0.84,0.7513492107391357,0.7513178586959839,0.9999582723416706,-4.1727656935108826e-05,4.1727656935108826e-05,-0.0041727656935108826
Pythia_minus,223,MUR1.0_MUF1.0_PDF13328,pdf,5,0.84,1.05,0.7593017220497131,0.7592427134513855,0.9999222857045966,-7.771429227432236e-05,7.771429227432236e-05,-0.007771429227432236
Pythia_minus,223,MUR1.0_MUF1.0_PDF13328,pdf,6,1.05,1.37,0.7337679862976074,0.7336981892585754,0.9999048785987732,-9.5121402409859e-05,9.5121402409859e-05,-0.0095121402409859
Pythia_minus,223,MUR1.0_MUF1.0_PDF13328,pdf,7,1.37,1.52,0.7370075583457947,0.7369931936264038,0.9999805094001707,-1.9490600607241504e-05,1.9490600607241504e-05,-0.0019490600607241504
Pythia_minus,223,MUR1.0_MUF1.0_PDF13328,pdf,8,1.52,1.74,0.7175648808479309,0.7175028920173645,0.9999136122290528,-8.638777217129245e-05,8.638777217129245e-05,-0.008638777217129245
Pythia_minus,223,MUR1.0_MUF1.0_PDF13328,pdf,9,1.74,1.95,0.6435351371765137,0.6434845924377441,0.9999214576860693,-7.854231080273166e-05,7.854231080273166e-05,-0.007854231080273166
Pythia_minus,223,MUR1.0_MUF1.0_PDF13328,pdf,10,1.95,2.18,0.7551155686378479,0.754993736743927,0.9998386579498809,-0.00016134204633999616,0.00016134204633999616,-0.016134204633999616
Pythia_minus,223,MUR1.0_MUF1.0_PDF13328,pdf,11,2.18,2.5,0.7272884249687195,0.7272277474403381,0.9999165701992522,-8.342980436282232e-05,8.342980436282232e-05,-0.008342980436282232
Pythia_minus,224,MUR1.0_MUF1.0_PDF13329,pdf,1,0.0,0.21,0.7786144614219666,0.7786014676094055,0.9999833116218554,-1.6688378309481777e-05,1.6688378309481777e-05,-0.0016688378309481777
Pythia_minus,224,MUR1.0_MUF1.0_PDF13329,pdf,2,0.21,0.42,0.7478157877922058,0.7477988600730896,0.9999773637847815,-2.2636215362581424e-05,2.2636215362581424e-05,-0.0022636215362581424
Pythia_minus,224,MUR1.0_MUF1.0_PDF13329,pdf,3,0.42,0.63,0.7352385520935059,0.7352262139320374,0.9999832188322642,-1.678116859693546e-05,1.678116859693546e-05,-0.0016781168596935458
Pythia_minus,224,MUR1.0_MUF1.0_PDF13329,pdf,4,0.63,0.84,0.7513492107391357,0.7513183355331421,0.9999589069828618,-4.109301880816929e-05,4.109301880816929e-05,-0.004109301880816929
Pythia_minus,224,MUR1.0_MUF1.0_PDF13329,pdf,5,0.84,1.05,0.7593017220497131,0.7592434883117676,0.9999233061953444,-7.669380283914506e-05,7.669380283914506e-05,-0.0076693802839145064
Pythia_minus,224,MUR1.0_MUF1.0_PDF13329,pdf,6,1.05,1.37,0.7337679862976074,0.7336956858634949,0.9999014669003518,-9.853309893514961e-05,9.853309893514961e-05,-0.009853309893514961
Pythia_minus,224,MUR1.0_MUF1.0_PDF13329,pdf,7,1.37,1.52,0.7370075583457947,0.7369934916496277,0.9999809137694617,-1.9086230167886242e-05,1.9086230167886242e-05,-0.0019086230167886242
Pythia_minus,224,MUR1.0_MUF1.0_PDF13329,pdf,8,1.52,1.74,0.7175648808479309,0.7175012826919556,0.9999113694696148,-8.863052789820358e-05,8.863052789820358e-05,-0.008863052789820358
Pythia_minus,224,MUR1.0_MUF1.0_PDF13329,pdf,9,1.74,1.95,0.6435351371765137,0.6434821486473083,0.9999176602392873,-8.233976404881105e-05,8.233976404881105e-05,-0.008233976404881105
Pythia_minus,224,MUR1.0_MUF1.0_PDF13329,pdf,10,1.95,2.18,0.7551155686378479,0.7549903392791748,0.9998341586852738,-0.00016584130935370922,0.00016584130935370922,-0.016584130935370922
Pythia_minus,224,MUR1.0_MUF1.0_PDF13329,pdf,11,2.18,2.5,0.7272884249687195,0.7272258996963501,0.9999140296061056,-8.597039413871244e-05,8.597039413871244e-05,-0.008597039413871244
Pythia_minus,225,MUR1.0_MUF1.0_PDF13330,pdf,1,0.0,0.21,0.7786144614219666,0.7786020040512085,0.9999840005915953,-1.599940878804773e-05,1.599940878804773e-05,-0.001599940878804773
Pythia_minus,225,MUR1.0_MUF1.0_PDF13330,pdf,2,0.21,0.42,0.7478157877922058,0.7477995157241821,0.9999782405395964,-2.1759460651082918e-05,2.1759460651082918e-05,-0.002175946065108292
Pythia_minus,225,MUR1.0_MUF1.0_PDF13330,pdf,3,0.42,0.63,0.7352385520935059,0.7352281212806702,0.9999858130224456,-1.4186977750796359e-05,1.4186977750796359e-05,-0.001418697775079636
Pythia_minus,225,MUR1.0_MUF1.0_PDF13330,pdf,4,0.63,0.84,0.7513492107391357,0.7513178586959839,0.9999582723416706,-4.1727656935108826e-05,4.1727656935108826e-05,-0.0041727656935108826
Pythia_minus,225,MUR1.0_MUF1.0_PDF13330,pdf,5,0.84,1.05,0.7593017220497131,0.759242832660675,0.9999224427031732,-7.755729893688112e-05,7.755729893688112e-05,-0.0077557298936881125
Pythia_minus,225,MUR1.0_MUF1.0_PDF13330,pdf,6,1.05,1.37,0.7337679862976074,0.7336945533752441,0.9998999235129706,-0.00010007648961618543,0.00010007648961618543,-0.010007648961618543
Pythia_minus,225,MUR1.0_MUF1.0_PDF13330,pdf,7,1.37,1.52,0.7370075583457947,0.7369931936264038,0.9999805094001707,-1.9490600607241504e-05,1.9490600607241504e-05,-0.0019490600607241504
Pythia_minus,225,MUR1.0_MUF1.0_PDF13330,pdf,8,1.52,1.74,0.7175648808479309,0.7174983024597168,0.9999072162113962,-9.278379002353176e-05,9.278379002353176e-05,-0.009278379002353176
Pythia_minus,225,MUR1.0_MUF1.0_PDF13330,pdf,9,1.74,1.95,0.6435351371765137,0.643480122089386,0.9999145111370779,-8.548886398784816e-05,8.548886398784816e-05,-0.008548886398784816
Pythia_minus,225,MUR1.0_MUF1.0_PDF13330,pdf,10,1.95,2.18,0.7551155686378479,0.754986047744751,0.9998284754036649,-0.00017152460350189358,0.00017152460350189358,-0.017152460350189358
Pythia_minus,225,MUR1.0_MUF1.0_PDF13330,pdf,11,2.18,2.5,0.7272884249687195,0.7272239923477173,0.9999114070583415,-8.859294030116871e-05,8.859294030116871e-05,-0.008859294030116871
Pythia_minus,226,MUR1.0_MUF0.5_PDF13300,scale,1,0.0,0.21,0.7786144614219666,0.7749472260475159,0.995290049753567,-0.004709950182586908,0.004709950182586908,-0.47099501825869083
Pythia_minus,226,MUR1.0_MUF0.5_PDF13300,scale,2,0.21,0.42,0.7478157877922058,0.7441914677619934,0.9951534587937592,-0.004846541211009026,0.004846541211009026,-0.48465412110090256
Pythia_minus,226,MUR1.0_MUF0.5_PDF13300,scale,3,0.42,0.63,0.7352385520935059,0.7321369647979736,0.9957815224913046,-0.004218477290123701,0.004218477290123701,-0.4218477290123701
Pythia_minus,226,MUR1.0_MUF0.5_PDF13300,scale,4,0.63,0.84,0.7513492107391357,0.7483393549919128,0.99599406547022,-0.004005934577435255,0.004005934577435255,-0.4005934577435255
Pythia_minus,226,MUR1.0_MUF0.5_PDF13300,scale,5,0.84,1.05,0.7593017220497131,0.7560994625091553,0.9957826257368237,-0.004217374138534069,0.004217374138534069,-0.4217374138534069
Pythia_minus,226,MUR1.0_MUF0.5_PDF13300,scale,6,1.05,1.37,0.7337679862976074,0.7309815883636475,0.9962026171950901,-0.00379738281480968,0.00379738281480968,-0.379738281480968
Pythia_minus,226,MUR1.0_MUF0.5_PDF13300,scale,7,1.37,1.52,0.7370075583457947,0.7356961369514465,0.9982206133716028,-0.0017793866572901607,0.0017793866572901607,-0.17793866572901607
Pythia_minus,226,MUR1.0_MUF0.5_PDF13300,scale,8,1.52,1.74,0.7175648808479309,0.7148510217666626,0.9962179600009669,-0.003782039973884821,0.003782039973884821,-0.3782039973884821
Pythia_minus,226,MUR1.0_MUF0.5_PDF13300,scale,9,1.74,1.95,0.6435351371765137,0.6419637799263,0.9975582417191579,-0.0024417582899332047,0.0024417582899332047,-0.24417582899332047
Pythia_minus,226,MUR1.0_MUF0.5_PDF13300,scale,10,1.95,2.18,0.7551155686378479,0.7523890137672424,0.9963892217511501,-0.003610778134316206,0.003610778134316206,-0.3610778134316206
Pythia_minus,226,MUR1.0_MUF0.5_PDF13300,scale,11,2.18,2.5,0.7272884249687195,0.726874053478241,0.9994302514982328,-0.0005697485175915062,0.0005697485175915062,-0.056974851759150624
Pythia_minus,227,MUR1.0_MUF1.0_PDF26400,pdf,1,0.0,0.21,0.7786144614219666,0.778660774230957,1.0000594810542125,5.9481055359356105e-05,5.9481055359356105e-05,0.0059481055359356105
Pythia_minus,227,MUR1.0_MUF1.0_PDF26400,pdf,2,0.21,0.42,0.7478157877922058,0.747477650642395,0.9995478336305134,-0.00045216636499390006,0.00045216636499390006,-0.045216636499390006
Pythia_minus,227,MUR1.0_MUF1.0_PDF26400,pdf,3,0.42,0.63,0.7352385520935059,0.7350274920463562,0.9997129366427417,-0.00028706336161121726,0.00028706336161121726,-0.028706336161121726
Pythia_minus,227,MUR1.0_MUF1.0_PDF26400,pdf,4,0.63,0.84,0.7513492107391357,0.7509065866470337,0.9994108943141544,-0.0005891057080589235,0.0005891057080589235,-0.05891057080589235
Pythia_minus,227,MUR1.0_MUF1.0_PDF26400,pdf,5,0.84,1.05,0.7593017220497131,0.758367657661438,0.9987698376532669,-0.0012301623355597258,0.0012301623355597258,-0.12301623355597258
Pythia_minus,227,MUR1.0_MUF1.0_PDF26400,pdf,6,1.05,1.37,0.7337679862976074,0.7330145239830017,0.9989731600060566,-0.0010268399491906166,0.0010268399491906166,-0.10268399491906166
Pythia_minus,227,MUR1.0_MUF1.0_PDF26400,pdf,7,1.37,1.52,0.7370075583457947,0.7372464537620544,1.0003241424237168,0.00032414242741651833,0.00032414242741651833,0.03241424274165183
Pythia_minus,227,MUR1.0_MUF1.0_PDF26400,pdf,8,1.52,1.74,0.7175648808479309,0.7178744673728943,1.0004314404637495,0.0004314404504839331,0.0004314404504839331,0.04314404504839331
Pythia_minus,227,MUR1.0_MUF1.0_PDF26400,pdf,9,1.74,1.95,0.6435351371765137,0.6436934471130371,1.0002460004549527,0.00024600044707767665,0.00024600044707767665,0.024600044707767665
Pythia_minus,227,MUR1.0_MUF1.0_PDF26400,pdf,10,1.95,2.18,0.7551155686378479,0.7562162280082703,1.0014576038637475,0.001457603881135583,0.001457603881135583,0.1457603881135583
Pythia_minus,227,MUR1.0_MUF1.0_PDF26400,pdf,11,2.18,2.5,0.7272884249687195,0.7304245829582214,1.0043121241612456,0.004312124103307724,0.004312124103307724,0.4312124103307724
Pythia_minus,228,MUR1.0_MUF1.0_PDF26401,pdf,1,0.0,0.21,0.7786144614219666,0.7786411643028259,1.000034295382609,3.429538264754228e-05,3.429538264754228e-05,0.0034295382647542283
Pythia_minus,228,MUR1.0_MUF1.0_PDF26401,pdf,2,0.21,0.42,0.7478157877922058,0.7474417686462402,0.9994998512306489,-0.0005001487443223596,0.0005001487443223596,-0.050014874432235956
Pythia_minus,228,MUR1.0_MUF1.0_PDF26401,pdf,3,0.42,0.63,0.7352385520935059,0.7350027561187744,0.999679293238827,-0.0003207067493349314,0.0003207067493349314,-0.03207067493349314
Pythia_minus,228,MUR1.0_MUF1.0_PDF26401,pdf,4,0.63,0.84,0.7513492107391357,0.7508808374404907,0.9993766236898229,-0.0006233762833289802,0.0006233762833289802,-0.06233762833289802
Pythia_minus,228,MUR1.0_MUF1.0_PDF26401,pdf,5,0.84,1.05,0.7593017220497131,0.7583175897598267,0.9987038982511065,-0.001296101720072329,0.001296101720072329,-0.1296101720072329
Pythia_minus,228,MUR1.0_MUF1.0_PDF26401,pdf,6,1.05,1.37,0.7337679862976074,0.7329826354980469,0.9989297014666404,-0.0010702984873205423,0.0010702984873205423,-0.10702984873205423
Pythia_minus,228,MUR1.0_MUF1.0_PDF26401,pdf,7,1.37,1.52,0.7370075583457947,0.7372713685035706,1.0003579476964497,0.0003579476906452328,0.0003579476906452328,0.03579476906452328
Pythia_minus,228,MUR1.0_MUF1.0_PDF26401,pdf,8,1.52,1.74,0.7175648808479309,0.7179281711578369,1.000506282176849,0.0005062822019681334,0.0005062822019681334,0.050628220196813345
Pythia_minus,228,MUR1.0_MUF1.0_PDF26401,pdf,9,1.74,1.95,0.6435351371765137,0.6437163352966309,1.0002815667857892,0.0002815667830873281,0.0002815667830873281,0.028156678308732808
Pythia_minus,228,MUR1.0_MUF1.0_PDF26401,pdf,10,1.95,2.18,0.7551155686378479,0.7563063502311707,1.0015769527775342,0.0015769527526572347,0.0015769527526572347,0.15769527526572347
Pythia_minus,228,MUR1.0_MUF1.0_PDF26401,pdf,11,2.18,2.5,0.7272884249687195,0.7306053042411804,1.0045606105619014,0.004560610745102167,0.004560610745102167,0.4560610745102167
Pythia_minus,229,MUR1.0_MUF1.0_PDF26402,pdf,1,0.0,0.21,0.7786144614219666,0.7786840796470642,1.000089412961802,8.941296255216002e-05,8.941296255216002e-05,0.008941296255216002
Pythia_minus,229,MUR1.0_MUF1.0_PDF26402,pdf,2,0.21,0.42,0.7478157877922058,0.7475212812423706,0.999606177678189,-0.0003938223235309124,0.0003938223235309124,-0.03938223235309124
Pythia_minus,229,MUR1.0_MUF1.0_PDF26402,pdf,3,0.42,0.63,0.7352385520935059,0.7350601553916931,0.9997573621495979,-0.00024263784871436656,0.00024263784871436656,-0.024263784871436656
Pythia_minus,229,MUR1.0_MUF1.0_PDF26402,pdf,4,0.63,0.84,0.7513492107391357,0.7509385347366333,0.999453415273973,-0.000546584720723331,0.000546584720723331,-0.0546584720723331
Pythia_minus,229,MUR1.0_MUF1.0_PDF26402,pdf,5,0.84,1.05,0.7593017220497131,0.7584232091903687,0.9988429989899497,-0.0011570010101422668,0.0011570010101422668,-0.11570010101422668
Pythia_minus,229,MUR1.0_MUF1.0_PDF26402,pdf,6,1.05,1.37,0.7337679862976074,0.7330519556999207,0.9990241730205488,-0.0009758269879966974,0.0009758269879966974,-0.09758269879966974
Pythia_minus,229,MUR1.0_MUF1.0_PDF26402,pdf,7,1.37,1.52,0.7370075583457947,0.7372148036956787,1.0002811984050057,0.0002811984159052372,0.0002811984159052372,0.02811984159052372
Pythia_minus,229,MUR1.0_MUF1.0_PDF26402,pdf,8,1.52,1.74,0.7175648808479309,0.71781325340271,1.0003461325399392,0.0003461325541138649,0.0003461325541138649,0.03461325541138649
Pythia_minus,229,MUR1.0_MUF1.0_PDF26402,pdf,9,1.74,1.95,0.6435351371765137,0.6436686515808105,1.000207470263213,0.00020747026428580284,0.00020747026428580284,0.020747026428580284
Pythia_minus,229,MUR1.0_MUF1.0_PDF26402,pdf,10,1.95,2.18,0.7551155686378479,0.7561097145080566,1.0013165479715933,0.0013165479758754373,0.0013165479758754373,0.13165479758754373
Pythia_minus,229,MUR1.0_MUF1.0_PDF26402,pdf,11,2.18,2.5,0.7272884249687195,0.730211079120636,1.0040185627208933,0.004018562845885754,0.004018562845885754,0.40185628458857536
Pythia_minus,230,MUR1.0_MUF1.0_PDF26403,pdf,1,0.0,0.21,0.7786144614219666,0.7786514163017273,1.0000474623598608,4.74623593618162e-05,4.74623593618162e-05,0.00474623593618162
Pythia_minus,230,MUR1.0_MUF1.0_PDF26403,pdf,2,0.21,0.42,0.7478157877922058,0.747470498085022,0.9995382690325337,-0.00046173096052370965,0.00046173096052370965,-0.046173096052370965
Pythia_minus,230,MUR1.0_MUF1.0_PDF26403,pdf,3,0.42,0.63,0.7352385520935059,0.735018789768219,0.9997011006500393,-0.0002988993364851922,0.0002988993364851922,-0.029889933648519218
Pythia_minus,230,MUR1.0_MUF1.0_PDF26403,pdf,4,0.63,0.84,0.7513492107391357,0.7509002089500427,0.9994024059882204,-0.0005975940148346126,0.0005975940148346126,-0.05975940148346126
Pythia_minus,230,MUR1.0_MUF1.0_PDF26403,pdf,5,0.84,1.05,0.7593017220497131,0.7583572864532471,0.9987561787771051,-0.0012438212288543582,0.0012438212288543582,-0.12438212288543582
Pythia_minus,230,MUR1.0_MUF1.0_PDF26403,pdf,6,1.05,1.37,0.7337679862976074,0.7330086827278137,0.9989651993764065,-0.001034800661727786,0.001034800661727786,-0.1034800661727786
Pythia_minus,230,MUR1.0_MUF1.0_PDF26403,pdf,7,1.37,1.52,0.7370075583457947,0.7372416257858276,1.0003175916412015,0.00031759164994582534,0.00031759164994582534,0.031759164994582534
Pythia_minus,230,MUR1.0_MUF1.0_PDF26403,pdf,8,1.52,1.74,0.7175648808479309,0.7178670763969421,1.0004211403833674,0.0004211403720546514,0.0004211403720546514,0.04211403720546514
Pythia_minus,230,MUR1.0_MUF1.0_PDF26403,pdf,9,1.74,1.95,0.6435351371765137,0.6436843276023865,1.0002318294950099,0.00023182950098998845,0.00023182950098998845,0.023182950098998845
Pythia_minus,230,MUR1.0_MUF1.0_PDF26403,pdf,10,1.95,2.18,0.7551155686378479,0.7561995983123779,1.001435581147513,0.0014355811290442944,0.0014355811290442944,0.14355811290442944
Pythia_minus,230,MUR1.0_MUF1.0_PDF26403,pdf,11,2.18,2.5,0.7272884249687195,0.7304096817970276,1.004291635506838,0.004291635472327471,0.004291635472327471,0.4291635472327471
Pythia_minus,231,MUR1.0_MUF1.0_PDF26404,pdf,1,0.0,0.21,0.7786144614219666,0.7786693572998047,1.000070504570051,7.050456770230085e-05,7.050456770230085e-05,0.007050456770230085
Pythia_minus,231,MUR1.0_MUF1.0_PDF26404,pdf,2,0.21,0.42,0.7478157877922058,0.747488260269165,0.9995620211175165,-0.00043797888793051243,0.00043797888793051243,-0.04379788879305124
Pythia_minus,231,MUR1.0_MUF1.0_PDF26404,pdf,3,0.42,0.63,0.7352385520935059,0.7350386381149292,0.9997280964416142,-0.0002719035546761006,0.0002719035546761006,-0.02719035546761006
Pythia_minus,231,MUR1.0_MUF1.0_PDF26404,pdf,4,0.63,0.84,0.7513492107391357,0.7509196996688843,0.9994283469469157,-0.0005716530722565949,0.0005716530722565949,-0.05716530722565949
Pythia_minus,231,MUR1.0_MUF1.0_PDF26404,pdf,5,0.84,1.05,0.7593017220497131,0.7583779692649841,0.9987834180301405,-0.0012165820226073265,0.0012165820226073265,-0.12165820226073265
Pythia_minus,231,MUR1.0_MUF1.0_PDF26404,pdf,6,1.05,1.37,0.7337679862976074,0.733023464679718,0.998985344643276,-0.0010146553395316005,0.0010146553395316005,-0.10146553395316005
Pythia_minus,231,MUR1.0_MUF1.0_PDF26404,pdf,7,1.37,1.52,0.7370075583457947,0.7372515797615051,1.000331097575523,0.0003310975735075772,0.0003310975735075772,0.03310975735075772
Pythia_minus,231,MUR1.0_MUF1.0_PDF26404,pdf,8,1.52,1.74,0.7175648808479309,0.7178859114646912,1.000447388975309,0.0004473889712244272,0.0004473889712244272,0.04473889712244272
Pythia_minus,231,MUR1.0_MUF1.0_PDF26404,pdf,9,1.74,1.95,0.6435351371765137,0.6437053084373474,1.0002644319649434,0.000264431961113587,0.000264431961113587,0.026443196111358702
Pythia_minus,231,MUR1.0_MUF1.0_PDF26404,pdf,10,1.95,2.18,0.7551155686378479,0.7562352418899536,1.0014827839586535,0.0014827839331701398,0.0014827839331701398,0.14827839331701398
Pythia_minus,231,MUR1.0_MUF1.0_PDF26404,pdf,11,2.18,2.5,0.7272884249687195,0.7304420471191406,1.0043361368642114,0.004336136858910322,0.004336136858910322,0.4336136858910322
Pythia_minus,232,MUR1.0_MUF1.0_PDF26405,pdf,1,0.0,0.21,0.7786144614219666,0.7786474227905273,1.000042333362908,4.233336221659556e-05,4.233336221659556e-05,0.004233336221659556
Pythia_minus,232,MUR1.0_MUF1.0_PDF26405,pdf,2,0.21,0.42,0.7478157877922058,0.7474911212921143,0.9995658469567084,-0.0004341530438978225,0.0004341530438978225,-0.04341530438978225
Pythia_minus,232,MUR1.0_MUF1.0_PDF26405,pdf,3,0.42,0.63,0.7352385520935059,0.7350336909294128,0.9997213677608312,-0.0002786322438623756,0.0002786322438623756,-0.02786322438623756
Pythia_minus,232,MUR1.0_MUF1.0_PDF26405,pdf,4,0.63,0.84,0.7513492107391357,0.7509350776672363,0.9994488141253359,-0.0005511858616955578,0.0005511858616955578,-0.05511858616955578
Pythia_minus,232,MUR1.0_MUF1.0_PDF26405,pdf,5,0.84,1.05,0.7593017220497131,0.7584465146064758,0.9988736922116696,-0.00112630776129663,0.00112630776129663,-0.11263077612966299
Pythia_minus,232,MUR1.0_MUF1.0_PDF26405,pdf,6,1.05,1.37,0.7337679862976074,0.7330960035324097,0.9990842026665835,-0.0009157973108813167,0.0009157973108813167,-0.09157973108813167
Pythia_minus,232,MUR1.0_MUF1.0_PDF26405,pdf,7,1.37,1.52,0.7370075583457947,0.7372381091117859,1.000312820083567,0.00031282007694244385,0.00031282007694244385,0.031282007694244385
Pythia_minus,232,MUR1.0_MUF1.0_PDF26405,pdf,8,1.52,1.74,0.7175648808479309,0.7178824543952942,1.0004425711957754,0.00044257118133828044,0.00044257118133828044,0.044257118133828044
Pythia_minus,232,MUR1.0_MUF1.0_PDF26405,pdf,9,1.74,1.95,0.6435351371765137,0.6437184810638428,1.0002849011293051,0.0002849011216312647,0.0002849011216312647,0.02849011216312647
Pythia_minus,232,MUR1.0_MUF1.0_PDF26405,pdf,10,1.95,2.18,0.7551155686378479,0.7562161684036255,1.0014575249292805,0.0014575249515473843,0.0014575249515473843,0.14575249515473843
Pythia_minus,232,MUR1.0_MUF1.0_PDF26405,pdf,11,2.18,2.5,0.7272884249687195,0.7302950620651245,1.0041340367771348,0.004134036600589752,0.004134036600589752,0.4134036600589752
Pythia_minus,233,MUR1.0_MUF1.0_PDF26406,pdf,1,0.0,0.21,0.7786144614219666,0.7786837220191956,1.0000889536486421,8.895364589989185e-05,8.895364589989185e-05,0.008895364589989185
Pythia_minus,233,MUR1.0_MUF1.0_PDF26406,pdf,2,0.21,0.42,0.7478157877922058,0.7474512457847595,0.9995125243229719,-0.00048747568507678807,0.00048747568507678807,-0.04874756850767881
Pythia_minus,233,MUR1.0_MUF1.0_PDF26406,pdf,3,0.42,0.63,0.7352385520935059,0.7350165247917175,0.9996980200491988,-0.000301979947835207,0.000301979947835207,-0.0301979947835207
Pythia_minus,233,MUR1.0_MUF1.0_PDF26406,pdf,4,0.63,0.84,0.7513492107391357,0.7508500218391418,0.9993356100028337,-0.0006643899832852185,0.0006643899832852185,-0.06643899832852185
Pythia_minus,233,MUR1.0_MUF1.0_PDF26406,pdf,5,0.84,1.05,0.7593017220497131,0.7582083344459534,0.9985600090556779,-0.0014399909414350986,0.0014399909414350986,-0.14399909414350986
Pythia_minus,233,MUR1.0_MUF1.0_PDF26406,pdf,6,1.05,1.37,0.7337679862976074,0.732851505279541,0.9987509934540879,-0.0012490066001191735,0.0012490066001191735,-0.12490066001191735
Pythia_minus,233,MUR1.0_MUF1.0_PDF26406,pdf,7,1.37,1.52,0.7370075583457947,0.737260639667511,1.0003433904019714,0.00034339039120823145,0.00034339039120823145,0.034339039120823145
Pythia_minus,233,MUR1.0_MUF1.0_PDF26406,pdf,8,1.52,1.74,0.7175648808479309,0.7178636789321899,1.0004164056689981,0.00041640567360445857,0.00041640567360445857,0.04164056736044586
Pythia_minus,233,MUR1.0_MUF1.0_PDF26406,pdf,9,1.74,1.95,0.6435351371765137,0.6436461806297302,1.0001725522769491,0.00017255227430723608,0.00017255227430723608,0.017255227430723608
Pythia_minus,233,MUR1.0_MUF1.0_PDF26406,pdf,10,1.95,2.18,0.7551155686378479,0.7562184929847717,1.0014606033734854,0.001460603321902454,0.001460603321902454,0.1460603321902454
Pythia_minus,233,MUR1.0_MUF1.0_PDF26406,pdf,11,2.18,2.5,0.7272884249687195,0.7306844592094421,1.0046694462941146,0.004669446498155594,0.004669446498155594,0.4669446498155594
Pythia_minus,234,MUR1.0_MUF1.0_PDF26407,pdf,1,0.0,0.21,0.7786144614219666,0.7785717248916626,0.9999451120773869,-5.4887921578483656e-05,5.4887921578483656e-05,-0.005488792157848366
Pythia_minus,234,MUR1.0_MUF1.0_PDF26407,pdf,2,0.21,0.42,0.7478157877922058,0.747417688369751,0.9994676504174509,-0.0005323495715856552,0.0005323495715856552,-0.05323495715856552
Pythia_minus,234,MUR1.0_MUF1.0_PDF26407,pdf,3,0.42,0.63,0.7352385520935059,0.7349724769592285,0.9996381104696976,-0.00036188954254612327,0.00036188954254612327,-0.03618895425461233
Pythia_minus,234,MUR1.0_MUF1.0_PDF26407,pdf,4,0.63,0.84,0.7513492107391357,0.7508683800697327,0.9993600436886996,-0.000639956328086555,0.000639956328086555,-0.0639956328086555
Pythia_minus,234,MUR1.0_MUF1.0_PDF26407,pdf,5,0.84,1.05,0.7593017220497131,0.7583698630332947,0.9987727421269335,-0.0012272578896954656,0.0012272578896954656,-0.12272578896954656
Pythia_minus,234,MUR1.0_MUF1.0_PDF26407,pdf,6,1.05,1.37,0.7337679862976074,0.7330296635627747,0.9989937926584149,-0.0010062073124572635,0.0010062073124572635,-0.10062073124572635
Pythia_minus,234,MUR1.0_MUF1.0_PDF26407,pdf,7,1.37,1.52,0.7370075583457947,0.7372168302536011,1.000283948116185,0.00028394811670295894,0.00028394811670295894,0.028394811670295894
Pythia_minus,234,MUR1.0_MUF1.0_PDF26407,pdf,8,1.52,1.74,0.7175648808479309,0.7178220748901367,1.0003584261842662,0.00035842618672177196,0.00035842618672177196,0.035842618672177196
Pythia_minus,234,MUR1.0_MUF1.0_PDF26407,pdf,9,1.74,1.95,0.6435351371765137,0.643680989742279,1.0002266427384296,0.0002266427327413112,0.0002266427327413112,0.02266427327413112
Pythia_minus,234,MUR1.0_MUF1.0_PDF26407,pdf,10,1.95,2.18,0.7551155686378479,0.7561500072479248,1.0013699076711435,0.0013699076371267438,0.0013699076371267438,0.13699076371267438
Pythia_minus,234,MUR1.0_MUF1.0_PDF26407,pdf,11,2.18,2.5,0.7272884249687195,0.7302830815315247,1.004117563898991,0.004117563832551241,0.004117563832551241,0.4117563832551241
Pythia_minus,235,MUR1.0_MUF1.0_PDF26408,pdf,1,0.0,0.21,0.7786144614219666,0.778751015663147,1.0001753810749046,0.00017538107931613922,0.00017538107931613922,0.017538107931613922
Pythia_minus,235,MUR1.0_MUF1.0_PDF26408,pdf,2,0.21,0.42,0.7478157877922058,0.7475388050079346,0.9996296109432391,-0.00037038905429653823,0.00037038905429653823,-0.03703890542965382
Pythia_minus,235,MUR1.0_MUF1.0_PDF26408,pdf,3,0.42,0.63,0.7352385520935059,0.73508620262146,0.9997927890592623,-0.00020721093460451812,0.00020721093460451812,-0.02072109346045181
Pythia_minus,235,MUR1.0_MUF1.0_PDF26408,pdf,4,0.63,0.84,0.7513492107391357,0.7509474754333496,0.9994653147963103,-0.000534685212187469,0.000534685212187469,-0.0534685212187469
Pythia_minus,235,MUR1.0_MUF1.0_PDF26408,pdf,5,0.84,1.05,0.7593017220497131,0.7583647966384888,0.9987660696874292,-0.0012339303502812982,0.0012339303502812982,-0.12339303502812982
Pythia_minus,235,MUR1.0_MUF1.0_PDF26408,pdf,6,1.05,1.37,0.7337679862976074,0.7329989075660706,0.9989518775063799,-0.0010481225326657295,0.0010481225326657295,-0.10481225326657295
Pythia_minus,235,MUR1.0_MUF1.0_PDF26408,pdf,7,1.37,1.52,0.7370075583457947,0.737274706363678,1.0003624766325097,0.0003624766250140965,0.0003624766250140965,0.03624766250140965
Pythia_minus,235,MUR1.0_MUF1.0_PDF26408,pdf,8,1.52,1.74,0.7175648808479309,0.7179290056228638,1.00050744508915,0.0005074450746178627,0.0005074450746178627,0.05074450746178627
Pythia_minus,235,MUR1.0_MUF1.0_PDF26408,pdf,9,1.74,1.95,0.6435351371765137,0.6437070369720459,1.000267117963887,0.000267117953626439,0.000267117953626439,0.026711795362643898
Pythia_minus,235,MUR1.0_MUF1.0_PDF26408,pdf,10,1.95,2.18,0.7551155686378479,0.756286084651947,1.0015501150588255,0.001550115062855184,0.001550115062855184,0.1550115062855184
Pythia_minus,235,MUR1.0_MUF1.0_PDF26408,pdf,11,2.18,2.5,0.7272884249687195,0.7305753827095032,1.0045194693438508,0.004519469570368528,0.004519469570368528,0.45194695703685284
Pythia_minus,236,MUR1.0_MUF1.0_PDF26409,pdf,1,0.0,0.21,0.7786144614219666,0.7786455750465393,1.000039960244915,3.996024315711111e-05,3.996024315711111e-05,0.003996024315711111
Pythia_minus,236,MUR1.0_MUF1.0_PDF26409,pdf,2,0.21,0.42,0.7478157877922058,0.7474694848060608,0.99953691404782,-0.0004630859475582838,0.0004630859475582838,-0.04630859475582838
Pythia_minus,236,MUR1.0_MUF1.0_PDF26409,pdf,3,0.42,0.63,0.7352385520935059,0.7350348830223083,0.9997229891296946,-0.000277010869467631,0.000277010869467631,-0.027701086946763098
Pythia_minus,236,MUR1.0_MUF1.0_PDF26409,pdf,4,0.63,0.84,0.7513492107391357,0.7508987188339233,0.9994004227344976,-0.0005995772662572563,0.0005995772662572563,-0.05995772662572563
Pythia_minus,236,MUR1.0_MUF1.0_PDF26409,pdf,5,0.84,1.05,0.7593017220497131,0.7583693861961365,0.9987721141326272,-0.0012278858339414,0.0012278858339414,-0.12278858339414
Pythia_minus,236,MUR1.0_MUF1.0_PDF26409,pdf,6,1.05,1.37,0.7337679862976074,0.7330318093299866,0.9989967169713476,-0.0010032830759882927,0.0010032830759882927,-0.10032830759882927
Pythia_minus,236,MUR1.0_MUF1.0_PDF26409,pdf,7,1.37,1.52,0.7370075583457947,0.7372767925262451,1.0003653072175471,0.0003653072053566575,0.0003653072053566575,0.03653072053566575
Pythia_minus,236,MUR1.0_MUF1.0_PDF26409,pdf,8,1.52,1.74,0.7175648808479309,0.7178213000297546,1.0003573463371294,0.00035734634730033576,0.00035734634730033576,0.035734634730033576
Pythia_minus,236,MUR1.0_MUF1.0_PDF26409,pdf,9,1.74,1.95,0.6435351371765137,0.6437309384346008,1.0003042588458282,0.00030425883596763015,0.00030425883596763015,0.030425883596763015
Pythia_minus,236,MUR1.0_MUF1.0_PDF26409,pdf,10,1.95,2.18,0.7551155686378479,0.7560724020004272,1.0012671349953828,0.0012671350268647075,0.0012671350268647075,0.12671350268647075
Pythia_minus,236,MUR1.0_MUF1.0_PDF26409,pdf,11,2.18,2.5,0.7272884249687195,0.7302117943763733,1.0040195461763048,0.004019546322524548,0.004019546322524548,0.40195463225245476
Pythia_minus,237,MUR1.0_MUF2.0_PDF13300,scale,1,0.0,0.21,0.7786144614219666,0.7815709710121155,1.0037971418932414,0.0037971418350934982,0.0037971418350934982,0.3797141835093498
Pythia_minus,237,MUR1.0_MUF2.0_PDF13300,scale,2,0.21,0.42,0.7478157877922058,0.7507984638214111,1.0039885170624856,0.003988516982644796,0.003988516982644796,0.39885169826447964
Pythia_minus,237,MUR1.0_MUF2.0_PDF13300,scale,3,0.42,0.63,0.7352385520935059,0.7377573251724243,1.0034257902713977,0.0034257902298122644,0.0034257902298122644,0.34257902298122644
Pythia_minus,237,MUR1.0_MUF2.0_PDF13300,scale,4,0.63,0.84,0.7513492107391357,0.7538027167320251,1.0032654669198038,0.003265467006713152,0.003265467006713152,0.3265467006713152
Pythia_minus,237,MUR1.0_MUF2.0_PDF13300,scale,5,0.84,1.05,0.7593017220497131,0.7619227766990662,1.0034519277030975,0.003451927797868848,0.003451927797868848,0.3451927797868848
Pythia_minus,237,MUR1.0_MUF2.0_PDF13300,scale,6,1.05,1.37,0.7337679862976074,0.736034631729126,1.0030890492278839,0.003089049132540822,0.003089049132540822,0.3089049132540822
Pythia_minus,237,MUR1.0_MUF2.0_PDF13300,scale,7,1.37,1.52,0.7370075583457947,0.7380832433700562,1.0014595305191656,0.0014595305547118187,0.0014595305547118187,0.14595305547118187
Pythia_minus,237,MUR1.0_MUF2.0_PDF13300,scale,8,1.52,1.74,0.7175648808479309,0.7197414636611938,1.0030332906073816,0.0030332906171679497,0.0030332906171679497,0.30332906171679497
Pythia_minus,237,MUR1.0_MUF2.0_PDF13300,scale,9,1.74,1.95,0.6435351371765137,0.6447564959526062,1.0018978898051336,0.0018978897714987397,0.0018978897714987397,0.18978897714987397
Pythia_minus,237,MUR1.0_MUF2.0_PDF13300,scale,10,1.95,2.18,0.7551155686378479,0.7572299242019653,1.002800042340448,0.002800042275339365,0.002800042275339365,0.2800042275339365
Pythia_minus,237,MUR1.0_MUF2.0_PDF13300,scale,11,2.18,2.5,0.7272884249687195,0.7275334000587463,1.0003368334784613,0.0003368334728293121,0.0003368334728293121,0.03368334728293121
Pythia_minus,238,MUR1.0_MUF1.0_PDF26410,pdf,1,0.0,0.21,0.7786144614219666,0.7786697149276733,1.000070963883211,7.096388435456902e-05,7.096388435456902e-05,0.007096388435456902
Pythia_minus,238,MUR1.0_MUF1.0_PDF26410,pdf,2,0.21,0.42,0.7478157877922058,0.7474836707115173,0.9995558838338129,-0.00044411615817807615,0.00044411615817807615,-0.044411615817807615
Pythia_minus,238,MUR1.0_MUF1.0_PDF26410,pdf,3,0.42,0.63,0.7352385520935059,0.7350217700004578,0.9997051540721976,-0.00029484592960216105,0.00029484592960216105,-0.029484592960216105
Pythia_minus,238,MUR1.0_MUF1.0_PDF26410,pdf,4,0.63,0.84,0.7513492107391357,0.7509138584136963,0.9994205725923221,-0.0005794274038635194,0.0005794274038635194,-0.05794274038635194
Pythia_minus,238,MUR1.0_MUF1.0_PDF26410,pdf,5,0.84,1.05,0.7593017220497131,0.7583641409873962,0.998765206195258,-0.0012347938027232885,0.0012347938027232885,-0.12347938027232885
Pythia_minus,238,MUR1.0_MUF1.0_PDF26410,pdf,6,1.05,1.37,0.7337679862976074,0.7329988479614258,0.998951796275465,-0.001048203674145043,0.001048203674145043,-0.10482036741450429
Pythia_minus,238,MUR1.0_MUF1.0_PDF26410,pdf,7,1.37,1.52,0.7370075583457947,0.73721843957901,1.0002861317103569,0.00028613171889446676,0.00028613171889446676,0.028613171889446676
Pythia_minus,238,MUR1.0_MUF1.0_PDF26410,pdf,8,1.52,1.74,0.7175648808479309,0.7179202437400818,1.0004952345099873,0.0004952345043420792,0.0004952345043420792,0.049523450434207916
Pythia_minus,238,MUR1.0_MUF1.0_PDF26410,pdf,9,1.74,1.95,0.6435351371765137,0.6436647176742554,1.0002013573001005,0.0002013572957366705,0.0002013572957366705,0.02013572957366705
Pythia_minus,238,MUR1.0_MUF1.0_PDF26410,pdf,10,1.95,2.18,0.7551155686378479,0.7563406825065613,1.0016224190304053,0.0016224189894273877,0.0016224189894273877,0.16224189894273877
Pythia_minus,238,MUR1.0_MUF1.0_PDF26410,pdf,11,2.18,2.5,0.7272884249687195,0.7306056022644043,1.0045610203349895,0.004561020527034998,0.004561020527034998,0.4561020527034998
Pythia_minus,239,MUR1.0_MUF1.0_PDF26411,pdf,1,0.0,0.21,0.7786144614219666,0.7783284187316895,0.9996326260242396,-0.000367373984772712,0.000367373984772712,-0.0367373984772712
Pythia_minus,239,MUR1.0_MUF1.0_PDF26411,pdf,2,0.21,0.42,0.7478157877922058,0.7471170425415039,0.9990656184823741,-0.0009343815036118031,0.0009343815036118031,-0.0934381503611803
Pythia_minus,239,MUR1.0_MUF1.0_PDF26411,pdf,3,0.42,0.63,0.7352385520935059,0.7346878051757812,0.9992509275851267,-0.000749072409234941,0.000749072409234941,-0.0749072409234941
Pythia_minus,239,MUR1.0_MUF1.0_PDF26411,pdf,4,0.63,0.84,0.7513492107391357,0.7506402134895325,0.9990563678786515,-0.000943632097914815,0.000943632097914815,-0.0943632097914815
Pythia_minus,239,MUR1.0_MUF1.0_PDF26411,pdf,5,0.84,1.05,0.7593017220497131,0.7580757737159729,0.9983854266385294,-0.001614573411643505,0.001614573411643505,-0.1614573411643505
Pythia_minus,239,MUR1.0_MUF1.0_PDF26411,pdf,6,1.05,1.37,0.7337679862976074,0.7327843308448792,0.9986594462131122,-0.0013405537465587258,0.0013405537465587258,-0.13405537465587258
Pythia_minus,239,MUR1.0_MUF1.0_PDF26411,pdf,7,1.37,1.52,0.7370075583457947,0.7371010780334473,1.000126891083536,0.0001268910855287686,0.0001268910855287686,0.01268910855287686
Pythia_minus,239,MUR1.0_MUF1.0_PDF26411,pdf,8,1.52,1.74,0.7175648808479309,0.7179098129272461,1.0004806981062222,0.00048069810145534575,0.00048069810145534575,0.048069810145534575
Pythia_minus,239,MUR1.0_MUF1.0_PDF26411,pdf,9,1.74,1.95,0.6435351371765137,0.6436135172843933,1.0001217961589846,0.00012179616169305518,0.00012179616169305518,0.012179616169305518
Pythia_minus,239,MUR1.0_MUF1.0_PDF26411,pdf,10,1.95,2.18,0.7551155686378479,0.7566952109336853,1.0020919212388733,0.002091921167448163,0.002091921167448163,0.2091921167448163
Pythia_minus,239,MUR1.0_MUF1.0_PDF26411,pdf,11,2.18,2.5,0.7272884249687195,0.7311391830444336,1.0052946780720176,0.005294678267091513,0.005294678267091513,0.5294678267091513
Pythia_minus,240,MUR1.0_MUF1.0_PDF26412,pdf,1,0.0,0.21,0.7786144614219666,0.7789702415466309,1.000456940041949,0.00045694003347307444,0.00045694003347307444,0.045694003347307444
Pythia_minus,240,MUR1.0_MUF1.0_PDF26412,pdf,2,0.21,0.42,0.7478157877922058,0.7478137612342834,0.9999972900305725,-2.7099695216747932e-06,2.7099695216747932e-06,-0.0002709969521674793
Pythia_minus,240,MUR1.0_MUF1.0_PDF26412,pdf,3,0.42,0.63,0.7352385520935059,0.7353458404541016,1.0001459231977026,0.00014592320076189935,0.00014592320076189935,0.014592320076189935
Pythia_minus,240,MUR1.0_MUF1.0_PDF26412,pdf,4,0.63,0.84,0.7513492107391357,0.7511597275733948,0.999747809456598,-0.00025219054077751935,0.00025219054077751935,-0.025219054077751935
Pythia_minus,240,MUR1.0_MUF1.0_PDF26412,pdf,5,0.84,1.05,0.7593017220497131,0.7586395144462585,0.9991278729071403,-0.0008721270714886487,0.0008721270714886487,-0.08721270714886487
Pythia_minus,240,MUR1.0_MUF1.0_PDF26412,pdf,6,1.05,1.37,0.7337679862976074,0.7332292199134827,0.9992657537611538,-0.0007342462195083499,0.0007342462195083499,-0.07342462195083499
Pythia_minus,240,MUR1.0_MUF1.0_PDF26412,pdf,7,1.37,1.52,0.7370075583457947,0.737381100654602,1.0005068364694194,0.0005068364553153515,0.0005068364553153515,0.05068364553153515
Pythia_minus,240,MUR1.0_MUF1.0_PDF26412,pdf,8,1.52,1.74,0.7175648808479309,0.7178393602371216,1.0003825150819343,0.00038251507794484496,0.00038251507794484496,0.038251507794484496
Pythia_minus,240,MUR1.0_MUF1.0_PDF26412,pdf,9,1.74,1.95,0.6435351371765137,0.6437689661979675,1.0003633508225827,0.0003633508167695254,0.0003633508167695254,0.03633508167695254
Pythia_minus,240,MUR1.0_MUF1.0_PDF26412,pdf,10,1.95,2.18,0.7551155686378479,0.7557557821273804,1.0008478351077934,0.0008478350937366486,0.0008478350937366486,0.08478350937366486
Pythia_minus,240,MUR1.0_MUF1.0_PDF26412,pdf,11,2.18,2.5,0.7272884249687195,0.7297385931015015,1.0033689084669364,0.003368908539414406,0.003368908539414406,0.3368908539414406
Pythia_minus,241,MUR1.0_MUF1.0_PDF26413,pdf,1,0.0,0.21,0.7786144614219666,0.7786970138549805,1.0001060247877533,0.00010602478869259357,0.00010602478869259357,0.010602478869259357
Pythia_minus,241,MUR1.0_MUF1.0_PDF26413,pdf,2,0.21,0.42,0.7478157877922058,0.7475183606147766,0.9996022721340141,-0.00039772785385139287,0.00039772785385139287,-0.039772785385139287
Pythia_minus,241,MUR1.0_MUF1.0_PDF26413,pdf,3,0.42,0.63,0.7352385520935059,0.7350683808326721,0.999768549594755,-0.00023145040904637426,0.00023145040904637426,-0.023145040904637426
Pythia_minus,241,MUR1.0_MUF1.0_PDF26413,pdf,4,0.63,0.84,0.7513492107391357,0.7509387731552124,0.9994537325945687,-0.0005462674307636917,0.0005462674307636917,-0.054626743076369166
Pythia_minus,241,MUR1.0_MUF1.0_PDF26413,pdf,5,0.84,1.05,0.7593017220497131,0.7584041953086853,0.9988179577169863,-0.001182042295113206,0.001182042295113206,-0.11820422951132059
Pythia_minus,241,MUR1.0_MUF1.0_PDF26413,pdf,6,1.05,1.37,0.7337679862976074,0.7330472469329834,0.9990177557782799,-0.0009822442661970854,0.0009822442661970854,-0.09822442661970854
Pythia_minus,241,MUR1.0_MUF1.0_PDF26413,pdf,7,1.37,1.52,0.7370075583457947,0.7372733950614929,1.000360697407629,0.000360697420546785,0.000360697420546785,0.0360697420546785
Pythia_minus,241,MUR1.0_MUF1.0_PDF26413,pdf,8,1.52,1.74,0.7175648808479309,0.7178832292556763,1.0004436510429122,0.0004436510498635471,0.0004436510498635471,0.04436510498635471
Pythia_minus,241,MUR1.0_MUF1.0_PDF26413,pdf,9,1.74,1.95,0.6435351371765137,0.6437196731567383,1.0002867535423694,0.00028675355133600533,0.00028675355133600533,0.028675355133600533
Pythia_minus,241,MUR1.0_MUF1.0_PDF26413,pdf,10,1.95,2.18,0.7551155686378479,0.7561742067337036,1.0014019550646605,0.0014019550289958715,0.0014019550289958715,0.14019550289958715
Pythia_minus,241,MUR1.0_MUF1.0_PDF26413,pdf,11,2.18,2.5,0.7272884249687195,0.7303495407104492,1.0042089432976489,0.0042089433409273624,0.0042089433409273624,0.42089433409273624
Pythia_minus,242,MUR1.0_MUF1.0_PDF26414,pdf,1,0.0,0.21,0.7786144614219666,0.778627336025238,1.000016535273758,1.6535273971385323e-05,1.6535273971385323e-05,0.0016535273971385323
Pythia_minus,242,MUR1.0_MUF1.0_PDF26414,pdf,2,0.21,0.42,0.7478157877922058,0.7474462389945984,0.9995058291043862,-0.0004941708757542074,0.0004941708757542074,-0.04941708757542074
Pythia_minus,242,MUR1.0_MUF1.0_PDF26414,pdf,3,0.42,0.63,0.7352385520935059,0.7349952459335327,0.9996690786149878,-0.0003309213789179921,0.0003309213789179921,-0.03309213789179921
Pythia_minus,242,MUR1.0_MUF1.0_PDF26414,pdf,4,0.63,0.84,0.7513492107391357,0.7508803009986877,0.9993759097184827,-0.0006240902584977448,0.0006240902584977448,-0.06240902584977448
Pythia_minus,242,MUR1.0_MUF1.0_PDF26414,pdf,5,0.84,1.05,0.7593017220497131,0.7583358287811279,0.998727919033322,-0.0012720809318125248,0.0012720809318125248,-0.12720809318125248
Pythia_minus,242,MUR1.0_MUF1.0_PDF26414,pdf,6,1.05,1.37,0.7337679862976074,0.7329872846603394,0.9989360374779945,-0.0010639624670147896,0.0010639624670147896,-0.10639624670147896
Pythia_minus,242,MUR1.0_MUF1.0_PDF26414,pdf,7,1.37,1.52,0.7370075583457947,0.7372215390205383,1.0002903371509837,0.00029033716418780386,0.00029033716418780386,0.029033716418780386
Pythia_minus,242,MUR1.0_MUF1.0_PDF26414,pdf,8,1.52,1.74,0.7175648808479309,0.7178707718849182,1.0004262904235584,0.00042629041126929224,0.00042629041126929224,0.042629041126929224
Pythia_minus,242,MUR1.0_MUF1.0_PDF26414,pdf,9,1.74,1.95,0.6435351371765137,0.643671989440918,1.0002126570197933,0.00021265701798256487,0.00021265701798256487,0.021265701798256487
Pythia_minus,242,MUR1.0_MUF1.0_PDF26414,pdf,10,1.95,2.18,0.7551155686378479,0.756255030632019,1.0015089902016279,0.001508990186266601,0.001508990186266601,0.1508990186266601
Pythia_minus,242,MUR1.0_MUF1.0_PDF26414,pdf,11,2.18,2.5,0.7272884249687195,0.730490505695343,1.004402765968345,0.00440276600420475,0.00440276600420475,0.440276600420475
Pythia_minus,243,MUR1.0_MUF1.0_PDF26415,pdf,1,0.0,0.21,0.7786144614219666,0.7786778211593628,1.0000813749815032,8.137497934512794e-05,8.137497934512794e-05,0.008137497934512794
Pythia_minus,243,MUR1.0_MUF1.0_PDF26415,pdf,2,0.21,0.42,0.7478157877922058,0.7474196553230286,0.9994702806818953,-0.0005297193420119584,0.0005297193420119584,-0.052971934201195836
Pythia_minus,243,MUR1.0_MUF1.0_PDF26415,pdf,3,0.42,0.63,0.7352385520935059,0.7349650859832764,0.9996280579827448,-0.0003719420055858791,0.0003719420055858791,-0.03719420055858791
Pythia_minus,243,MUR1.0_MUF1.0_PDF26415,pdf,4,0.63,0.84,0.7513492107391357,0.7508039474487305,0.9992742877977221,-0.0007257122197188437,0.0007257122197188437,-0.07257122197188437
Pythia_minus,243,MUR1.0_MUF1.0_PDF26415,pdf,5,0.84,1.05,0.7593017220497131,0.7580949664115906,0.9984107034093576,-0.00158929661847651,0.00158929661847651,-0.158929661847651
Pythia_minus,243,MUR1.0_MUF1.0_PDF26415,pdf,6,1.05,1.37,0.7337679862976074,0.732696533203125,0.9985397930756169,-0.0014602069277316332,0.0014602069277316332,-0.14602069277316332
Pythia_minus,243,MUR1.0_MUF1.0_PDF26415,pdf,7,1.37,1.52,0.7370075583457947,0.7371443510055542,1.0001856055045983,0.00018560550233814865,0.00018560550233814865,0.018560550233814865
Pythia_minus,243,MUR1.0_MUF1.0_PDF26415,pdf,8,1.52,1.74,0.7175648808479309,0.717859148979187,1.0004100927165058,0.00041009270353242755,0.00041009270353242755,0.041009270353242755
Pythia_minus,243,MUR1.0_MUF1.0_PDF26415,pdf,9,1.74,1.95,0.6435351371765137,0.6434901356697083,0.9999300714068188,-6.992859562160447e-05,6.992859562160447e-05,-0.006992859562160447
Pythia_minus,243,MUR1.0_MUF1.0_PDF26415,pdf,10,1.95,2.18,0.7551155686378479,0.75640469789505,1.001707194647738,0.0017071946058422327,0.0017071946058422327,0.17071946058422327
Pythia_minus,243,MUR1.0_MUF1.0_PDF26415,pdf,11,2.18,2.5,0.7272884249687195,0.7310779094696045,1.0052104287250936,0.00521042849868536,0.00521042849868536,0.521042849868536
Pythia_minus,244,MUR1.0_MUF1.0_PDF26416,pdf,1,0.0,0.21,0.7786144614219666,0.7786422967910767,1.0000357498742822,3.5749875678448007e-05,3.5749875678448007e-05,0.0035749875678448007
Pythia_minus,244,MUR1.0_MUF1.0_PDF26416,pdf,2,0.21,0.42,0.7478157877922058,0.7475305199623108,0.9996185319505794,-0.0003814680385403335,0.0003814680385403335,-0.03814680385403335
Pythia_minus,244,MUR1.0_MUF1.0_PDF26416,pdf,3,0.42,0.63,0.7352385520935059,0.7350855469703674,0.9997918973063875,-0.00020810269052162766,0.00020810269052162766,-0.020810269052162766
Pythia_minus,244,MUR1.0_MUF1.0_PDF26416,pdf,4,0.63,0.84,0.7513492107391357,0.7510040402412415,0.999540599107631,-0.0004594008787535131,0.0004594008787535131,-0.04594008787535131
Pythia_minus,244,MUR1.0_MUF1.0_PDF26416,pdf,5,0.84,1.05,0.7593017220497131,0.7586158514022827,0.9990967086896907,-0.0009032913367263973,0.0009032913367263973,-0.09032913367263973
Pythia_minus,244,MUR1.0_MUF1.0_PDF26416,pdf,6,1.05,1.37,0.7337679862976074,0.7333076596260071,0.9993726536450261,-0.0006273463368415833,0.0006273463368415833,-0.06273463368415833
Pythia_minus,244,MUR1.0_MUF1.0_PDF26416,pdf,7,1.37,1.52,0.7370075583457947,0.7373378276824951,1.000448122048357,0.00044812203850597143,0.00044812203850597143,0.04481220385059714
Pythia_minus,244,MUR1.0_MUF1.0_PDF26416,pdf,8,1.52,1.74,0.7175648808479309,0.7178905010223389,1.0004537849929656,0.00045378500362858176,0.00045378500362858176,0.045378500362858176
Pythia_minus,244,MUR1.0_MUF1.0_PDF26416,pdf,9,1.74,1.95,0.6435351371765137,0.6438823342323303,1.0005395153050072,0.0005395152838900685,0.0005395152838900685,0.05395152838900685
Pythia_minus,244,MUR1.0_MUF1.0_PDF26416,pdf,10,1.95,2.18,0.7551155686378479,0.7560404539108276,1.0012248261211831,0.0012248260900378227,0.0012248260900378227,0.12248260900378227
Pythia_minus,244,MUR1.0_MUF1.0_PDF26416,pdf,11,2.18,2.5,0.7272884249687195,0.7298098206520081,1.0034668442350048,0.0034668443258851767,0.0034668443258851767,0.34668443258851767
Pythia_minus,245,MUR1.0_MUF1.0_PDF26417,pdf,1,0.0,0.21,0.7786144614219666,0.776686429977417,0.9975237662025588,-0.0024762337561696768,0.0024762337561696768,-0.24762337561696768
Pythia_minus,245,MUR1.0_MUF1.0_PDF26417,pdf,2,0.21,0.42,0.7478157877922058,0.745843768119812,0.997362960632035,-0.00263703940436244,0.00263703940436244,-0.263703940436244
Pythia_minus,245,MUR1.0_MUF1.0_PDF26417,pdf,3,0.42,0.63,0.7352385520935059,0.7334849834442139,0.9976149664019944,-0.0023850335273891687,0.0023850335273891687,-0.23850335273891687
Pythia_minus,245,MUR1.0_MUF1.0_PDF26417,pdf,4,0.63,0.84,0.7513492107391357,0.7502410411834717,0.9985250938713652,-0.0014749061083421111,0.0014749061083421111,-0.1474906108342111
Pythia_minus,245,MUR1.0_MUF1.0_PDF26417,pdf,5,0.84,1.05,0.7593017220497131,0.7588021159172058,0.999342018965585,-0.0006579810287803411,0.0006579810287803411,-0.06579810287803411
Pythia_minus,245,MUR1.0_MUF1.0_PDF26417,pdf,6,1.05,1.37,0.7337679862976074,0.7341482639312744,1.000518253236402,0.0005182532477192581,0.0005182532477192581,0.05182532477192581
Pythia_minus,245,MUR1.0_MUF1.0_PDF26417,pdf,7,1.37,1.52,0.7370075583457947,0.7370869517326355,1.0001077239791394,0.0001077239794540219,0.0001077239794540219,0.01077239794540219
Pythia_minus,245,MUR1.0_MUF1.0_PDF26417,pdf,8,1.52,1.74,0.7175648808479309,0.7186589241027832,1.0015246610920527,0.0015246610855683684,0.0015246610855683684,0.15246610855683684
Pythia_minus,245,MUR1.0_MUF1.0_PDF26417,pdf,9,1.74,1.95,0.6435351371765137,0.6447973251342773,1.0019613349525893,0.001961334841325879,0.001961334841325879,0.1961334841325879
Pythia_minus,245,MUR1.0_MUF1.0_PDF26417,pdf,10,1.95,2.18,0.7551155686378479,0.7587003707885742,1.0047473556361617,0.004747355822473764,0.004747355822473764,0.47473558224737644
Pythia_minus,245,MUR1.0_MUF1.0_PDF26417,pdf,11,2.18,2.5,0.7272884249687195,0.7308805584907532,1.0049390769861188,0.004939076956361532,0.004939076956361532,0.4939076956361532
Pythia_minus,246,MUR1.0_MUF1.0_PDF26418,pdf,1,0.0,0.21,0.7786144614219666,0.7799968123435974,1.0017753984675628,0.0017753985011950135,0.0017753985011950135,0.17753985011950135
Pythia_minus,246,MUR1.0_MUF1.0_PDF26418,pdf,2,0.21,0.42,0.7478157877922058,0.7485890984535217,1.0010340924515635,0.0010340925073251128,0.0010340925073251128,0.10340925073251128
Pythia_minus,246,MUR1.0_MUF1.0_PDF26418,pdf,3,0.42,0.63,0.7352385520935059,0.7360805869102478,1.001145253896636,0.0011452538892626762,0.0011452538892626762,0.11452538892626762
Pythia_minus,246,MUR1.0_MUF1.0_PDF26418,pdf,4,0.63,0.84,0.7513492107391357,0.751364529132843,1.0000203878482712,2.0387848053360358e-05,2.0387848053360358e-05,0.002038784805336036
Pythia_minus,246,MUR1.0_MUF1.0_PDF26418,pdf,5,0.84,1.05,0.7593017220497131,0.7580645680427551,0.9983706687723316,-0.0016293312655761838,0.0016293312655761838,-0.16293312655761838
Pythia_minus,246,MUR1.0_MUF1.0_PDF26418,pdf,6,1.05,1.37,0.7337679862976074,0.7322202920913696,0.9978907580663923,-0.0021092419046908617,0.0021092419046908617,-0.21092419046908617
Pythia_minus,246,MUR1.0_MUF1.0_PDF26418,pdf,7,1.37,1.52,0.7370075583457947,0.7373518943786621,1.000467208278895,0.0004672082723118365,0.0004672082723118365,0.04672082723118365
Pythia_minus,246,MUR1.0_MUF1.0_PDF26418,pdf,8,1.52,1.74,0.7175648808479309,0.7173042297363281,0.9996367560362002,-0.00036324397660791874,0.00036324397660791874,-0.036324397660791874
Pythia_minus,246,MUR1.0_MUF1.0_PDF26418,pdf,9,1.74,1.95,0.6435351371765137,0.6428924798965454,0.9990013641169806,-0.0009986358927562833,0.0009986358927562833,-0.09986358927562833
Pythia_minus,246,MUR1.0_MUF1.0_PDF26418,pdf,10,1.95,2.18,0.7551155686378479,0.7543938755989075,0.9990442614761045,-0.0009557385346852243,0.0009557385346852243,-0.09557385346852243
Pythia_minus,246,MUR1.0_MUF1.0_PDF26418,pdf,11,2.18,2.5,0.7272884249687195,0.7300718426704407,1.0038271167341084,0.003827116684988141,0.003827116684988141,0.3827116684988141
Pythia_minus,247,MUR1.0_MUF1.0_PDF26419,pdf,1,0.0,0.21,0.7786144614219666,0.7800146341323853,1.0017982875733666,0.0017982876161113381,0.0017982876161113381,0.1798287616111338
Pythia_minus,247,MUR1.0_MUF1.0_PDF26419,pdf,2,0.21,0.42,0.7478157877922058,0.7485821843147278,1.0010248466735165,0.0010248466860502958,0.0010248466860502958,0.10248466860502958
Pythia_minus,247,MUR1.0_MUF1.0_PDF26419,pdf,3,0.42,0.63,0.7352385520935059,0.7360742092132568,1.0011365795732168,0.0011365795508027077,0.0011365795508027077,0.11365795508027077
Pythia_minus,247,MUR1.0_MUF1.0_PDF26419,pdf,4,0.63,0.84,0.7513492107391357,0.7513263821601868,0.9999696165529655,-3.0383447665371932e-05,3.0383447665371932e-05,-0.003038344766537193
Pythia_minus,247,MUR1.0_MUF1.0_PDF26419,pdf,5,0.84,1.05,0.7593017220497131,0.7579665184020996,0.9982415374431007,-0.0017584625165909529,0.0017584625165909529,-0.1758462516590953
Pythia_minus,247,MUR1.0_MUF1.0_PDF26419,pdf,6,1.05,1.37,0.7337679862976074,0.7320823073387146,0.9977027084986383,-0.0022972915321588516,0.0022972915321588516,-0.22972915321588516
Pythia_minus,247,MUR1.0_MUF1.0_PDF26419,pdf,7,1.37,1.52,0.7370075583457947,0.73726487159729,1.0003491324459044,0.0003491324314381927,0.0003491324314381927,0.03491324314381927
Pythia_minus,247,MUR1.0_MUF1.0_PDF26419,pdf,8,1.52,1.74,0.7175648808479309,0.7172005772590637,0.9994923057153567,-0.0005076942616142333,0.0005076942616142333,-0.050769426161423326
Pythia_minus,247,MUR1.0_MUF1.0_PDF26419,pdf,9,1.74,1.95,0.6435351371765137,0.6427711844444275,0.9988128810876776,-0.0011871189344674349,0.0011871189344674349,-0.11871189344674349
Pythia_minus,247,MUR1.0_MUF1.0_PDF26419,pdf,10,1.95,2.18,0.7551155686378479,0.7543441653251648,0.9989784301308016,-0.0010215698275715113,0.0010215698275715113,-0.10215698275715113
Pythia_minus,247,MUR1.0_MUF1.0_PDF26419,pdf,11,2.18,2.5,0.7272884249687195,0.7300909161567688,1.0038533422117502,0.0038533422630280256,0.0038533422630280256,0.38533422630280256
Pythia_minus,248,MUR2.0_MUF0.5_PDF13300,scale,1,0.0,0.21,0.7786144614219666,0.7745475769042969,0.9947767672973317,-0.005223232787102461,0.005223232787102461,-0.5223232787102461
Pythia_minus,248,MUR2.0_MUF0.5_PDF13300,scale,2,0.21,0.42,0.7478157877922058,0.7439106106758118,0.9947778889130926,-0.0052221110090613365,0.0052221110090613365,-0.5222111009061337
Pythia_minus,248,MUR2.0_MUF0.5_PDF13300,scale,3,0.42,0.63,0.7352385520935059,0.7318556904792786,0.9953989605079944,-0.004601039458066225,0.004601039458066225,-0.4601039458066225
Pythia_minus,248,MUR2.0_MUF0.5_PDF13300,scale,4,0.63,0.84,0.7513492107391357,0.7481335997581482,0.995720217796164,-0.004279782064259052,0.004279782064259052,-0.4279782064259052
Pythia_minus,248,MUR2.0_MUF0.5_PDF13300,scale,5,0.84,1.05,0.7593017220497131,0.755940318107605,0.9955730326370996,-0.004426967352628708,0.004426967352628708,-0.4426967352628708
Pythia_minus,248,MUR2.0_MUF0.5_PDF13300,scale,6,1.05,1.37,0.7337679862976074,0.7308290004730225,0.9959946660532109,-0.004005333874374628,0.004005333874374628,-0.4005333874374628
Pythia_minus,248,MUR2.0_MUF0.5_PDF13300,scale,7,1.37,1.52,0.7370075583457947,0.7356285452842712,0.9981289024163895,-0.0018710976000875235,0.0018710976000875235,-0.18710976000875235
Pythia_minus,248,MUR2.0_MUF0.5_PDF13300,scale,8,1.52,1.74,0.7175648808479309,0.7145833373069763,0.9958449143477711,-0.004155085422098637,0.004155085422098637,-0.41550854220986366
Pythia_minus,248,MUR2.0_MUF0.5_PDF13300,scale,9,1.74,1.95,0.6435351371765137,0.6418303847312927,0.9973509566972513,-0.002649043221026659,0.002649043221026659,-0.2649043221026659
Pythia_minus,248,MUR2.0_MUF0.5_PDF13300,scale,10,1.95,2.18,0.7551155686378479,0.7521560192108154,0.9960806669204673,-0.003919333219528198,0.003919333219528198,-0.3919333219528198
Pythia_minus,248,MUR2.0_MUF0.5_PDF13300,scale,11,2.18,2.5,0.7272884249687195,0.7267764806747437,0.9992960917891718,-0.0007039082120172679,0.0007039082120172679,-0.0703908212017268
Pythia_minus,249,MUR1.0_MUF1.0_PDF26420,pdf,1,0.0,0.21,0.7786144614219666,0.7767155766487122,0.9975612002250941,-0.002438799710944295,0.002438799710944295,-0.2438799710944295
Pythia_minus,249,MUR1.0_MUF1.0_PDF26420,pdf,2,0.21,0.42,0.7478157877922058,0.7458981275558472,0.9974356515766801,-0.0025643485132604837,0.0025643485132604837,-0.2564348513260484
Pythia_minus,249,MUR1.0_MUF1.0_PDF26420,pdf,3,0.42,0.63,0.7352385520935059,0.733540415763855,0.9976903600541408,-0.0023096399381756783,0.0023096399381756783,-0.23096399381756783
Pythia_minus,249,MUR1.0_MUF1.0_PDF26420,pdf,4,0.63,0.84,0.7513492107391357,0.7503165006637573,0.9986255258398921,-0.0013744741445407271,0.0013744741445407271,-0.1374474144540727
Pythia_minus,249,MUR1.0_MUF1.0_PDF26420,pdf,5,0.84,1.05,0.7593017220497131,0.7589301466941833,0.9995106354368238,-0.0004893645527772605,0.0004893645527772605,-0.048936455277726054
Pythia_minus,249,MUR1.0_MUF1.0_PDF26420,pdf,6,1.05,1.37,0.7337679862976074,0.734309196472168,1.0007375767063529,0.0007375766872428358,0.0007375766872428358,0.07375766872428358
Pythia_minus,249,MUR1.0_MUF1.0_PDF26420,pdf,7,1.37,1.52,0.7370075583457947,0.7372226715087891,1.0002918737542899,0.00029187375912442803,0.00029187375912442803,0.029187375912442803
Pythia_minus,249,MUR1.0_MUF1.0_PDF26420,pdf,8,1.52,1.74,0.7175648808479309,0.7188002467155457,1.0017216085967793,0.0017216085689142346,0.0017216085689142346,0.17216085689142346
Pythia_minus,249,MUR1.0_MUF1.0_PDF26420,pdf,9,1.74,1.95,0.6435351371765137,0.6449440717697144,1.0021893670008173,0.002189367078244686,0.002189367078244686,0.2189367078244686
Pythia_minus,249,MUR1.0_MUF1.0_PDF26420,pdf,10,1.95,2.18,0.7551155686378479,0.7587404847145081,1.0048004785323115,0.004800478462129831,0.004800478462129831,0.48004784621298313
Pythia_minus,249,MUR1.0_MUF1.0_PDF26420,pdf,11,2.18,2.5,0.7272884249687195,0.7308804988861084,1.0049389950315013,0.004938994999974966,0.004938994999974966,0.4938994999974966
Pythia_minus,250,MUR1.0_MUF1.0_PDF26421,pdf,1,0.0,0.21,0.7786144614219666,0.7794595956802368,1.0010854335491366,0.0010854335268959403,0.0010854335268959403,0.10854335268959403
Pythia_minus,250,MUR1.0_MUF1.0_PDF26421,pdf,2,0.21,0.42,0.7478157877922058,0.7481631636619568,1.000464520641877,0.00046452064998447895,0.00046452064998447895,0.046452064998447895
Pythia_minus,250,MUR1.0_MUF1.0_PDF26421,pdf,3,0.42,0.63,0.7352385520935059,0.7356748580932617,1.0005934210039906,0.0005934209912084043,0.0005934209912084043,0.05934209912084043
Pythia_minus,250,MUR1.0_MUF1.0_PDF26421,pdf,4,0.63,0.84,0.7513492107391357,0.7512186169624329,0.9998261876437264,-0.00017381235375069082,0.00017381235375069082,-0.017381235375069082
Pythia_minus,250,MUR1.0_MUF1.0_PDF26421,pdf,5,0.84,1.05,0.7593017220497131,0.7582979202270508,0.9986779934859721,-0.0013220064574852586,0.0013220064574852586,-0.13220064574852586
Pythia_minus,250,MUR1.0_MUF1.0_PDF26421,pdf,6,1.05,1.37,0.7337679862976074,0.7326583862304688,0.9984878052901471,-0.0015121947508305311,0.0015121947508305311,-0.1512194750830531
Pythia_minus,250,MUR1.0_MUF1.0_PDF26421,pdf,7,1.37,1.52,0.7370075583457947,0.7372827529907227,1.0003733946033684,0.0003733946068678051,0.0003733946068678051,0.03733946068678051
Pythia_minus,250,MUR1.0_MUF1.0_PDF26421,pdf,8,1.52,1.74,0.7175648808479309,0.7175113558769226,0.9999254074823937,-7.459252083208412e-05,7.459252083208412e-05,-0.007459252083208412
Pythia_minus,250,MUR1.0_MUF1.0_PDF26421,pdf,9,1.74,1.95,0.6435351371765137,0.6432889103889465,0.9996173840815477,-0.00038261592271737754,0.00038261592271737754,-0.038261592271737754
Pythia_minus,250,MUR1.0_MUF1.0_PDF26421,pdf,10,1.95,2.18,0.7551155686378479,0.755151093006134,1.000047044942207,4.70449413114693e-05,4.70449413114693e-05,0.00470449413114693
Pythia_minus,250,MUR1.0_MUF1.0_PDF26421,pdf,11,2.18,2.5,0.7272884249687195,0.7299243211746216,1.003624279055473,0.0036242790520191193,0.0036242790520191193,0.3624279052019119
Pythia_minus,251,MUR1.0_MUF1.0_PDF26422,pdf,1,0.0,0.21,0.7786144614219666,0.7772830724716187,0.9982900536577288,-0.001709946314804256,0.001709946314804256,-0.1709946314804256
Pythia_minus,251,MUR1.0_MUF1.0_PDF26422,pdf,2,0.21,0.42,0.7478157877922058,0.746303141117096,0.9979772469372763,-0.0020227530039846897,0.0020227530039846897,-0.20227530039846897
Pythia_minus,251,MUR1.0_MUF1.0_PDF26422,pdf,3,0.42,0.63,0.7352385520935059,0.7339246273040771,0.9982129272388024,-0.0017870727460831404,0.0017870727460831404,-0.17870727460831404
Pythia_minus,251,MUR1.0_MUF1.0_PDF26422,pdf,4,0.63,0.84,0.7513492107391357,0.750379204750061,0.998708981156551,-0.0012910187942907214,0.0012910187942907214,-0.12910187942907214
Pythia_minus,251,MUR1.0_MUF1.0_PDF26422,pdf,5,0.84,1.05,0.7593017220497131,0.7584814429283142,0.9989196927946052,-0.0010803071781992912,0.0010803071781992912,-0.10803071781992912
Pythia_minus,251,MUR1.0_MUF1.0_PDF26422,pdf,6,1.05,1.37,0.7337679862976074,0.7336050271987915,0.9997779146789462,-0.00022208532027434558,0.00022208532027434558,-0.022208532027434558
Pythia_minus,251,MUR1.0_MUF1.0_PDF26422,pdf,7,1.37,1.52,0.7370075583457947,0.7371777296066284,1.0002308948651975,0.0002308948605787009,0.0002308948605787009,0.02308948605787009
Pythia_minus,251,MUR1.0_MUF1.0_PDF26422,pdf,8,1.52,1.74,0.7175648808479309,0.718477725982666,1.001272142992361,0.0012721429811790586,0.0012721429811790586,0.12721429811790586
Pythia_minus,251,MUR1.0_MUF1.0_PDF26422,pdf,9,1.74,1.95,0.6435351371765137,0.6443555355072021,1.0012748306709218,0.001274830661714077,0.001274830661714077,0.1274830661714077
Pythia_minus,251,MUR1.0_MUF1.0_PDF26422,pdf,10,1.95,2.18,0.7551155686378479,0.7579680681228638,1.0037775667771776,0.003777566831558943,0.003777566831558943,0.3777566831558943
Pythia_minus,251,MUR1.0_MUF1.0_PDF26422,pdf,11,2.18,2.5,0.7272884249687195,0.7312456369400024,1.0054410490191057,0.005441049113869667,0.005441049113869667,0.5441049113869667
Pythia_minus,252,MUR1.0_MUF1.0_PDF26423,pdf,1,0.0,0.21,0.7786144614219666,0.7783370018005371,0.9996436495400782,-0.00035635047242976725,0.00035635047242976725,-0.035635047242976725
Pythia_minus,252,MUR1.0_MUF1.0_PDF26423,pdf,2,0.21,0.42,0.7478157877922058,0.7472466230392456,0.9992388971157715,-0.0007611028850078583,0.0007611028850078583,-0.07611028850078583
Pythia_minus,252,MUR1.0_MUF1.0_PDF26423,pdf,3,0.42,0.63,0.7352385520935059,0.7348238825798035,0.9994360068408795,-0.0005639931769110262,0.0005639931769110262,-0.056399317691102624
Pythia_minus,252,MUR1.0_MUF1.0_PDF26423,pdf,4,0.63,0.84,0.7513492107391357,0.7508575320243835,0.999345605601597,-0.0006543943891301751,0.0006543943891301751,-0.06543943891301751
Pythia_minus,252,MUR1.0_MUF1.0_PDF26423,pdf,5,0.84,1.05,0.7593017220497131,0.7585269212722778,0.9989795877515677,-0.0010204121936112642,0.0010204121936112642,-0.10204121936112642
Pythia_minus,252,MUR1.0_MUF1.0_PDF26423,pdf,6,1.05,1.37,0.7337679862976074,0.7332943677902222,0.9993545391510265,-0.0006454608519561589,0.0006454608519561589,-0.06454608519561589
Pythia_minus,252,MUR1.0_MUF1.0_PDF26423,pdf,7,1.37,1.52,0.7370075583457947,0.7373064756393433,1.000405582398937,0.00040558239561505616,0.00040558239561505616,0.040558239561505616
Pythia_minus,252,MUR1.0_MUF1.0_PDF26423,pdf,8,1.52,1.74,0.7175648808479309,0.7180275321006775,1.0006447518058574,0.0006447518244385719,0.0006447518244385719,0.06447518244385719
Pythia_minus,252,MUR1.0_MUF1.0_PDF26423,pdf,9,1.74,1.95,0.6435351371765137,0.6439023613929749,1.0005706358444892,0.0005706358351744711,0.0005706358351744711,0.057063583517447114
Pythia_minus,252,MUR1.0_MUF1.0_PDF26423,pdf,10,1.95,2.18,0.7551155686378479,0.7564144730567932,1.0017201399002915,0.001720139873214066,0.001720139873214066,0.1720139873214066
Pythia_minus,252,MUR1.0_MUF1.0_PDF26423,pdf,11,2.18,2.5,0.7272884249687195,0.7302429676055908,1.0040624084413257,0.004062408581376076,0.004062408581376076,0.4062408581376076
Pythia_minus,253,MUR1.0_MUF1.0_PDF26424,pdf,1,0.0,0.21,0.7786144614219666,0.7791012525558472,1.0006252017628745,0.0006252017337828875,0.0006252017337828875,0.06252017337828875
Pythia_minus,253,MUR1.0_MUF1.0_PDF26424,pdf,2,0.21,0.42,0.7478157877922058,0.7477944493293762,0.9999714656160275,-2.853438309102785e-05,2.853438309102785e-05,-0.002853438309102785
Pythia_minus,253,MUR1.0_MUF1.0_PDF26424,pdf,3,0.42,0.63,0.7352385520935059,0.7353068590164185,1.0000929044358706,9.290443267673254e-05,9.290443267673254e-05,0.009290443267673254
Pythia_minus,253,MUR1.0_MUF1.0_PDF26424,pdf,4,0.63,0.84,0.7513492107391357,0.7509731650352478,0.9994995060904929,-0.0005004939157515764,0.0005004939157515764,-0.05004939157515764
Pythia_minus,253,MUR1.0_MUF1.0_PDF26424,pdf,5,0.84,1.05,0.7593017220497131,0.7581478357315063,0.9984803322780674,-0.0015196676831692457,0.0015196676831692457,-0.15196676831692457
Pythia_minus,253,MUR1.0_MUF1.0_PDF26424,pdf,6,1.05,1.37,0.7337679862976074,0.7326244115829468,0.998441503668713,-0.0015584963839501143,0.0015584963839501143,-0.15584963839501143
Pythia_minus,253,MUR1.0_MUF1.0_PDF26424,pdf,7,1.37,1.52,0.7370075583457947,0.7371537089347839,1.0001983027003376,0.000198302703211084,0.000198302703211084,0.0198302703211084
Pythia_minus,253,MUR1.0_MUF1.0_PDF26424,pdf,8,1.52,1.74,0.7175648808479309,0.7176507711410522,1.0001196969018604,0.00011969690240221098,0.00011969690240221098,0.011969690240221098
Pythia_minus,253,MUR1.0_MUF1.0_PDF26424,pdf,9,1.74,1.95,0.6435351371765137,0.6433995366096497,0.9997892880139242,-0.0002107119798893109,0.0002107119798893109,-0.02107119798893109
Pythia_minus,253,MUR1.0_MUF1.0_PDF26424,pdf,10,1.95,2.18,0.7551155686378479,0.7559218406677246,1.0010677465322708,0.001067746547050774,0.001067746547050774,0.10677465470507741
Pythia_minus,253,MUR1.0_MUF1.0_PDF26424,pdf,11,2.18,2.5,0.7272884249687195,0.730640172958374,1.0046085540132152,0.00460855383425951,0.00460855383425951,0.460855383425951
Pythia_minus,254,MUR1.0_MUF1.0_PDF26425,pdf,1,0.0,0.21,0.7786144614219666,0.7786197066307068,1.0000067365930125,6.736593149980763e-06,6.736593149980763e-06,0.0006736593149980763
Pythia_minus,254,MUR1.0_MUF1.0_PDF26425,pdf,2,0.21,0.42,0.7478157877922058,0.7474239468574524,0.999476019440683,-0.0005239805323071778,0.0005239805323071778,-0.05239805323071778
Pythia_minus,254,MUR1.0_MUF1.0_PDF26425,pdf,3,0.42,0.63,0.7352385520935059,0.7349720597267151,0.9996375429905954,-0.00036245700903236866,0.00036245700903236866,-0.036245700903236866
Pythia_minus,254,MUR1.0_MUF1.0_PDF26425,pdf,4,0.63,0.84,0.7513492107391357,0.7508702874183655,0.9993625822534649,-0.0006374177755787969,0.0006374177755787969,-0.06374177755787969
Pythia_minus,254,MUR1.0_MUF1.0_PDF26425,pdf,5,0.84,1.05,0.7593017220497131,0.7583402395248413,0.9987337279806553,-0.0012662720400840044,0.0012662720400840044,-0.12662720400840044
Pythia_minus,254,MUR1.0_MUF1.0_PDF26425,pdf,6,1.05,1.37,0.7337679862976074,0.733017086982727,0.9989766529353928,-0.0010233470238745213,0.0010233470238745213,-0.10233470238745213
Pythia_minus,254,MUR1.0_MUF1.0_PDF26425,pdf,7,1.37,1.52,0.7370075583457947,0.7372353076934814,1.000309019012231,0.0003090190002694726,0.0003090190002694726,0.03090190002694726
Pythia_minus,254,MUR1.0_MUF1.0_PDF26425,pdf,8,1.52,1.74,0.7175648808479309,0.7179408669471741,1.0005239750568602,0.0005239750607870519,0.0005239750607870519,0.05239750607870519
Pythia_minus,254,MUR1.0_MUF1.0_PDF26425,pdf,9,1.74,1.95,0.6435351371765137,0.643754243850708,1.0003404735212371,0.00034047351800836623,0.00034047351800836623,0.03404735180083662
Pythia_minus,254,MUR1.0_MUF1.0_PDF26425,pdf,10,1.95,2.18,0.7551155686378479,0.7564483284950256,1.0017649746774284,0.0017649746732786298,0.0017649746732786298,0.17649746732786298
Pythia_minus,254,MUR1.0_MUF1.0_PDF26425,pdf,11,2.18,2.5,0.7272884249687195,0.7306451201438904,1.0046153562464786,0.0046153562143445015,0.0046153562143445015,0.46153562143445015
Pythia_minus,255,MUR1.0_MUF1.0_PDF26426,pdf,1,0.0,0.21,0.7786144614219666,0.7787494659423828,1.0001733907178783,0.0001733907120069489,0.0001733907120069489,0.01733907120069489
Pythia_minus,255,MUR1.0_MUF1.0_PDF26426,pdf,2,0.21,0.42,0.7478157877922058,0.7476010322570801,0.9997128229456619,-0.00028717704117298126,0.00028717704117298126,-0.028717704117298126
Pythia_minus,255,MUR1.0_MUF1.0_PDF26426,pdf,3,0.42,0.63,0.7352385520935059,0.735150933265686,0.9998808293885428,-0.00011917061056010425,0.00011917061056010425,-0.011917061056010425
Pythia_minus,255,MUR1.0_MUF1.0_PDF26426,pdf,4,0.63,0.84,0.7513492107391357,0.750991702079773,0.9995241777668056,-0.0004758222203236073,0.0004758222203236073,-0.04758222203236073
Pythia_minus,255,MUR1.0_MUF1.0_PDF26426,pdf,5,0.84,1.05,0.7593017220497131,0.758425772190094,0.998846374459346,-0.0011536255478858948,0.0011536255478858948,-0.11536255478858948
Pythia_minus,255,MUR1.0_MUF1.0_PDF26426,pdf,6,1.05,1.37,0.7337679862976074,0.7330142855644226,0.9989728350823974,-0.0010271648643538356,0.0010271648643538356,-0.10271648643538356
Pythia_minus,255,MUR1.0_MUF1.0_PDF26426,pdf,7,1.37,1.52,0.7370075583457947,0.7372661828994751,1.0003509116707852,0.0003509116650093347,0.0003509116650093347,0.03509116650093347
Pythia_minus,255,MUR1.0_MUF1.0_PDF26426,pdf,8,1.52,1.74,0.7175648808479309,0.7177403569221497,1.0002445438439118,0.0002445438294671476,0.0002445438294671476,0.02445438294671476
Pythia_minus,255,MUR1.0_MUF1.0_PDF26426,pdf,9,1.74,1.95,0.6435351371765137,0.6435699462890625,1.0000540904614805,5.4090462072053924e-05,5.4090462072053924e-05,0.005409046207205392
Pythia_minus,255,MUR1.0_MUF1.0_PDF26426,pdf,10,1.95,2.18,0.7551155686378479,0.7557302117347717,1.0008139722215403,0.0008139722049236298,0.0008139722049236298,0.08139722049236298
Pythia_minus,255,MUR1.0_MUF1.0_PDF26426,pdf,11,2.18,2.5,0.7272884249687195,0.7299598455429077,1.003673124007581,0.0036731238942593336,0.0036731238942593336,0.36731238942593336
Pythia_minus,256,MUR1.0_MUF1.0_PDF26427,pdf,1,0.0,0.21,0.7786144614219666,0.7789735198020935,1.0004611504125818,0.0004611504264175892,0.0004611504264175892,0.04611504264175892
Pythia_minus,256,MUR1.0_MUF1.0_PDF26427,pdf,2,0.21,0.42,0.7478157877922058,0.7477802634239197,0.9999524958300345,-4.75041706522461e-05,4.75041706522461e-05,-0.00475041706522461
Pythia_minus,256,MUR1.0_MUF1.0_PDF26427,pdf,3,0.42,0.63,0.7352385520935059,0.7353017330169678,1.0000859325497582,8.593255188316107e-05,8.593255188316107e-05,0.008593255188316107
Pythia_minus,256,MUR1.0_MUF1.0_PDF26427,pdf,4,0.63,0.84,0.7513492107391357,0.7511953711509705,0.9997952488856494,-0.00020475110795814544,0.00020475110795814544,-0.020475110795814544
Pythia_minus,256,MUR1.0_MUF1.0_PDF26427,pdf,5,0.84,1.05,0.7593017220497131,0.7587325572967529,0.999250410296155,-0.000749589700717479,0.000749589700717479,-0.0749589700717479
Pythia_minus,256,MUR1.0_MUF1.0_PDF26427,pdf,6,1.05,1.37,0.7337679862976074,0.7333671450614929,0.9994537220979931,-0.0005462779081426561,0.0005462779081426561,-0.05462779081426561
Pythia_minus,256,MUR1.0_MUF1.0_PDF26427,pdf,7,1.37,1.52,0.7370075583457947,0.7373301982879639,1.0004377701945057,0.0004377701843623072,0.0004377701843623072,0.04377701843623072
Pythia_minus,256,MUR1.0_MUF1.0_PDF26427,pdf,8,1.52,1.74,0.7175648808479309,0.7181161642074585,1.0007682697052789,0.000768269703257829,0.000768269703257829,0.0768269703257829
Pythia_minus,256,MUR1.0_MUF1.0_PDF26427,pdf,9,1.74,1.95,0.6435351371765137,0.6439663767814636,1.0006701104260476,0.0006701103993691504,0.0006701103993691504,0.06701103993691504
Pythia_minus,256,MUR1.0_MUF1.0_PDF26427,pdf,10,1.95,2.18,0.7551155686378479,0.7566236257553101,1.0019971209442582,0.001997120911255479,0.001997120911255479,0.19971209112554789
Pythia_minus,256,MUR1.0_MUF1.0_PDF26427,pdf,11,2.18,2.5,0.7272884249687195,0.7302860617637634,1.0041216616298725,0.004121661651879549,0.004121661651879549,0.4121661651879549
Pythia_minus,257,MUR1.0_MUF1.0_PDF26428,pdf,1,0.0,0.21,0.7786144614219666,0.7784997820854187,0.9998527135800452,-0.00014728642418049276,0.00014728642418049276,-0.014728642418049276
Pythia_minus,257,MUR1.0_MUF1.0_PDF26428,pdf,2,0.21,0.42,0.7478157877922058,0.7473269701004028,0.9993463394330759,-0.000653660565149039,0.000653660565149039,-0.0653660565149039
Pythia_minus,257,MUR1.0_MUF1.0_PDF26428,pdf,3,0.42,0.63,0.7352385520935059,0.7348857522010803,0.999520155884888,-0.0004798441077582538,0.0004798441077582538,-0.04798441077582538
Pythia_minus,257,MUR1.0_MUF1.0_PDF26428,pdf,4,0.63,0.84,0.7513492107391357,0.7507579922676086,0.9992131242529083,-0.0007868757238611579,0.0007868757238611579,-0.07868757238611579
Pythia_minus,257,MUR1.0_MUF1.0_PDF26428,pdf,5,0.84,1.05,0.7593017220497131,0.7581624388694763,0.9984995646036975,-0.0015004354063421488,0.0015004354063421488,-0.15004354063421488
Pythia_minus,257,MUR1.0_MUF1.0_PDF26428,pdf,6,1.05,1.37,0.7337679862976074,0.7328120470046997,0.9986972185884926,-0.001302781398408115,0.001302781398408115,-0.1302781398408115
Pythia_minus,257,MUR1.0_MUF1.0_PDF26428,pdf,7,1.37,1.52,0.7370075583457947,0.7372074723243713,1.0002712509204457,0.0002712509303819388,0.0002712509303819388,0.02712509303819388
Pythia_minus,257,MUR1.0_MUF1.0_PDF26428,pdf,8,1.52,1.74,0.7175648808479309,0.7177578806877136,1.0002689650022374,0.0002689649991225451,0.0002689649991225451,0.026896499912254512
Pythia_minus,257,MUR1.0_MUF1.0_PDF26428,pdf,9,1.74,1.95,0.6435351371765137,0.64353346824646,0.9999974066217099,-2.5933782126230653e-06,2.5933782126230653e-06,-0.00025933782126230653
Pythia_minus,257,MUR1.0_MUF1.0_PDF26428,pdf,10,1.95,2.18,0.7551155686378479,0.7559899091720581,1.001157889693345,0.0011578897247090936,0.0011578897247090936,0.11578897247090936
Pythia_minus,257,MUR1.0_MUF1.0_PDF26428,pdf,11,2.18,2.5,0.7272884249687195,0.7305718660354614,1.0045146340214106,0.004514634143561125,0.004514634143561125,0.4514634143561125
Pythia_minus,258,MUR1.0_MUF1.0_PDF26429,pdf,1,0.0,0.21,0.7786144614219666,0.7796257734298706,1.001298861064123,0.0012988611124455929,0.0012988611124455929,0.1298861112445593
Pythia_minus,258,MUR1.0_MUF1.0_PDF26429,pdf,2,0.21,0.42,0.7478157877922058,0.7483866214752197,1.000763334623757,0.0007633346249349415,0.0007633346249349415,0.07633346249349415
Pythia_minus,258,MUR1.0_MUF1.0_PDF26429,pdf,3,0.42,0.63,0.7352385520935059,0.7358681559562683,1.0008563259651846,0.0008563259616494179,0.0008563259616494179,0.08563259616494179
Pythia_minus,258,MUR1.0_MUF1.0_PDF26429,pdf,4,0.63,0.84,0.7513492107391357,0.751567542552948,1.000290586335477,0.00029058632208034396,0.00029058632208034396,0.029058632208034396
Pythia_minus,258,MUR1.0_MUF1.0_PDF26429,pdf,5,0.84,1.05,0.7593017220497131,0.7589638233184814,0.9995549875347055,-0.0004450124688446522,0.0004450124688446522,-0.04450124688446522
Pythia_minus,258,MUR1.0_MUF1.0_PDF26429,pdf,6,1.05,1.37,0.7337679862976074,0.7334158420562744,0.9995200877553819,-0.000479912239825353,0.000479912239825353,-0.0479912239825353
Pythia_minus,258,MUR1.0_MUF1.0_PDF26429,pdf,7,1.37,1.52,0.7370075583457947,0.7374104261398315,1.0005466264076601,0.000546626397408545,0.000546626397408545,0.0546626397408545
Pythia_minus,258,MUR1.0_MUF1.0_PDF26429,pdf,8,1.52,1.74,0.7175648808479309,0.7180034518241882,1.000611193479451,0.0006111934781074524,0.0006111934781074524,0.06111934781074524
Pythia_minus,258,MUR1.0_MUF1.0_PDF26429,pdf,9,1.74,1.95,0.6435351371765137,0.6438888907432556,1.0005497035768613,0.0005497036036103964,0.0005497036036103964,0.05497036036103964
Pythia_minus,258,MUR1.0_MUF1.0_PDF26429,pdf,10,1.95,2.18,0.7551155686378479,0.7561008334159851,1.0013047867360416,0.0013047867687419057,0.0013047867687419057,0.13047867687419057
Pythia_minus,258,MUR1.0_MUF1.0_PDF26429,pdf,11,2.18,2.5,0.7272884249687195,0.7296816110610962,1.0032905598524817,0.0032905598636716604,0.0032905598636716604,0.32905598636716604
Pythia_minus,259,MUR2.0_MUF1.0_PDF13300,scale,1,0.0,0.21,0.7786144614219666,0.7782036662101746,0.9994724022836131,-0.0005275977309793234,0.0005275977309793234,-0.05275977309793234
Pythia_minus,259,MUR2.0_MUF1.0_PDF13300,scale,2,0.21,0.42,0.7478157877922058,0.7475084066390991,0.9995889614018257,-0.00041103860712610185,0.00041103860712610185,-0.041103860712610185
Pythia_minus,259,MUR2.0_MUF1.0_PDF13300,scale,3,0.42,0.63,0.7352385520935059,0.7349388599395752,0.9995923878677507,-0.0004076121258549392,0.0004076121258549392,-0.04076121258549392
Pythia_minus,259,MUR2.0_MUF1.0_PDF13300,scale,4,0.63,0.84,0.7513492107391357,0.7511259913444519,0.9997029085923119,-0.0002970914065372199,0.0002970914065372199,-0.029709140653721988
Pythia_minus,259,MUR2.0_MUF1.0_PDF13300,scale,5,0.84,1.05,0.7593017220497131,0.7591256499290466,0.9997681131024025,-0.00023188689374364913,0.00023188689374364913,-0.023188689374364913
Pythia_minus,259,MUR2.0_MUF1.0_PDF13300,scale,6,1.05,1.37,0.7337679862976074,0.733595609664917,0.9997650801944084,-0.00023491980391554534,0.00023491980391554534,-0.023491980391554534
Pythia_minus,259,MUR2.0_MUF1.0_PDF13300,scale,7,1.37,1.52,0.7370075583457947,0.7369237542152405,0.9998862913553529,-0.00011370864376658574,0.00011370864376658574,-0.011370864376658574
Pythia_minus,259,MUR2.0_MUF1.0_PDF13300,scale,8,1.52,1.74,0.7175648808479309,0.7172833681106567,0.9996076832286699,-0.00039231678238138556,0.00039231678238138556,-0.039231678238138556
Pythia_minus,259,MUR2.0_MUF1.0_PDF13300,scale,9,1.74,1.95,0.6435351371765137,0.6433995366096497,0.9997892880139242,-0.0002107119798893109,0.0002107119798893109,-0.02107119798893109
Pythia_minus,259,MUR2.0_MUF1.0_PDF13300,scale,10,1.95,2.18,0.7551155686378479,0.754871129989624,0.9996762897516934,-0.00032371023553423584,0.00032371023553423584,-0.032371023553423584
Pythia_minus,259,MUR2.0_MUF1.0_PDF13300,scale,11,2.18,2.5,0.7272884249687195,0.7271823287010193,0.9998541207806177,-0.00014587922487407923,0.00014587922487407923,-0.014587922487407923
Pythia_minus,260,MUR1.0_MUF1.0_PDF26430,pdf,1,0.0,0.21,0.7786144614219666,0.7777270674705505,0.998860290945797,-0.0011397090274840593,0.0011397090274840593,-0.11397090274840593
Pythia_minus,260,MUR1.0_MUF1.0_PDF26430,pdf,2,0.21,0.42,0.7478157877922058,0.7466088533401489,0.9983860537959219,-0.0016139461658895016,0.0016139461658895016,-0.16139461658895016
Pythia_minus,260,MUR1.0_MUF1.0_PDF26430,pdf,3,0.42,0.63,0.7352385520935059,0.7342125177383423,0.9986044878193043,-0.0013955121394246817,0.0013955121394246817,-0.13955121394246817
Pythia_minus,260,MUR1.0_MUF1.0_PDF26430,pdf,4,0.63,0.84,0.7513492107391357,0.7502689957618713,0.9985622997112066,-0.00143770023714751,0.00143770023714751,-0.143770023714751
Pythia_minus,260,MUR1.0_MUF1.0_PDF26430,pdf,5,0.84,1.05,0.7593017220497131,0.7577841281890869,0.998001329620945,-0.0019986703991889954,0.0019986703991889954,-0.19986703991889954
Pythia_minus,260,MUR1.0_MUF1.0_PDF26430,pdf,6,1.05,1.37,0.7337679862976074,0.7326102256774902,0.9984221707109915,-0.0015778292436152697,0.0015778292436152697,-0.15778292436152697
Pythia_minus,260,MUR1.0_MUF1.0_PDF26430,pdf,7,1.37,1.52,0.7370075583457947,0.7370824217796326,1.0001015775659152,0.00010157756332773715,0.00010157756332773715,0.010157756332773715
Pythia_minus,260,MUR1.0_MUF1.0_PDF26430,pdf,8,1.52,1.74,0.7175648808479309,0.7177441120147705,1.0002497769492673,0.0002497769601177424,0.0002497769601177424,0.024977696011774242
Pythia_minus,260,MUR1.0_MUF1.0_PDF26430,pdf,9,1.74,1.95,0.6435351371765137,0.6434798240661621,0.9999140480338117,-8.595196413807571e-05,8.595196413807571e-05,-0.008595196413807571
Pythia_minus,260,MUR1.0_MUF1.0_PDF26430,pdf,10,1.95,2.18,0.7551155686378479,0.7562847137451172,1.0015482995660894,0.001548299565911293,0.001548299565911293,0.1548299565911293
Pythia_minus,260,MUR1.0_MUF1.0_PDF26430,pdf,11,2.18,2.5,0.7272884249687195,0.7311721444129944,1.0053399989755674,0.005339998751878738,0.005339998751878738,0.5339998751878738
Pythia_minus,261,MUR1.0_MUF1.0_PDF26431,pdf,1,0.0,0.21,0.7786144614219666,0.7789334654808044,1.0004097073386684,0.00040970733971334994,0.00040970733971334994,0.040970733971334994
Pythia_minus,261,MUR1.0_MUF1.0_PDF26431,pdf,2,0.21,0.42,0.7478157877922058,0.7477255463600159,0.9998793266554904,-0.00012067334318999201,0.00012067334318999201,-0.012067334318999201
Pythia_minus,261,MUR1.0_MUF1.0_PDF26431,pdf,3,0.42,0.63,0.7352385520935059,0.7352606654167175,1.0000300763924153,3.0076393159106374e-05,3.0076393159106374e-05,0.0030076393159106374
Pythia_minus,261,MUR1.0_MUF1.0_PDF26431,pdf,4,0.63,0.84,0.7513492107391357,0.7510872483253479,0.9996513439955169,-0.000348656001733616,0.000348656001733616,-0.0348656001733616
Pythia_minus,261,MUR1.0_MUF1.0_PDF26431,pdf,5,0.84,1.05,0.7593017220497131,0.7585083842277527,0.9989551744729106,-0.001044825534336269,0.001044825534336269,-0.10448255343362689
Pythia_minus,261,MUR1.0_MUF1.0_PDF26431,pdf,6,1.05,1.37,0.7337679862976074,0.7330945730209351,0.9990822531246284,-0.0009177468600682914,0.0009177468600682914,-0.09177468600682914
Pythia_minus,261,MUR1.0_MUF1.0_PDF26431,pdf,7,1.37,1.52,0.7370075583457947,0.7372860908508301,1.0003779235394283,0.0003779235412366688,0.0003779235412366688,0.03779235412366688
Pythia_minus,261,MUR1.0_MUF1.0_PDF26431,pdf,8,1.52,1.74,0.7175648808479309,0.7179141044616699,1.000486678798057,0.00048667879309505224,0.00048667879309505224,0.048667879309505224
Pythia_minus,261,MUR1.0_MUF1.0_PDF26431,pdf,9,1.74,1.95,0.6435351371765137,0.6437265872955322,1.0002974975381431,0.0002974975504912436,0.0002974975504912436,0.02974975504912436
Pythia_minus,261,MUR1.0_MUF1.0_PDF26431,pdf,10,1.95,2.18,0.7551155686378479,0.7562007904052734,1.0014371598368488,0.0014371598372235894,0.0014371598372235894,0.14371598372235894
Pythia_minus,261,MUR1.0_MUF1.0_PDF26431,pdf,11,2.18,2.5,0.7272884249687195,0.7302735447883606,1.00410445116017,0.004104451276361942,0.004104451276361942,0.41044512763619423
Pythia_minus,262,MUR1.0_MUF1.0_PDF26432,pdf,1,0.0,0.21,0.7786144614219666,0.7783254981040955,0.9996288749667668,-0.0003711250319611281,0.0003711250319611281,-0.03711250319611281
Pythia_minus,262,MUR1.0_MUF1.0_PDF26432,pdf,2,0.21,0.42,0.7478157877922058,0.7471752762794495,0.9991434902509249,-0.0008565097232349217,0.0008565097232349217,-0.08565097232349217
Pythia_minus,262,MUR1.0_MUF1.0_PDF26432,pdf,3,0.42,0.63,0.7352385520935059,0.7347410917282104,0.999323402773319,-0.00067659723572433,0.00067659723572433,-0.067659723572433
Pythia_minus,262,MUR1.0_MUF1.0_PDF26432,pdf,4,0.63,0.84,0.7513492107391357,0.7506871223449707,0.9991188007058479,-0.0008811993175186217,0.0008811993175186217,-0.08811993175186217
Pythia_minus,262,MUR1.0_MUF1.0_PDF26432,pdf,5,0.84,1.05,0.7593017220497131,0.7581927180290222,0.9985394422421469,-0.0014605578035116196,0.0014605578035116196,-0.14605578035116196
Pythia_minus,262,MUR1.0_MUF1.0_PDF26432,pdf,6,1.05,1.37,0.7337679862976074,0.7329093813896179,0.9988298686723555,-0.001170131377875805,0.001170131377875805,-0.11701313778758049
Pythia_minus,262,MUR1.0_MUF1.0_PDF26432,pdf,7,1.37,1.52,0.7370075583457947,0.7371909022331238,1.0002487679878624,0.0002487679885234684,0.0002487679885234684,0.024876798852346838
Pythia_minus,262,MUR1.0_MUF1.0_PDF26432,pdf,8,1.52,1.74,0.7175648808479309,0.7178235054016113,1.0003604197482112,0.0003604197409003973,0.0003604197409003973,0.03604197409003973
Pythia_minus,262,MUR1.0_MUF1.0_PDF26432,pdf,9,1.74,1.95,0.6435351371765137,0.6436492204666138,1.0001772759302634,0.00017727592785377055,0.00017727592785377055,0.017727592785377055
Pythia_minus,262,MUR1.0_MUF1.0_PDF26432,pdf,10,1.95,2.18,0.7551155686378479,0.7562320828437805,1.0014786004319136,0.001478600432164967,0.001478600432164967,0.1478600432164967
Pythia_minus,262,MUR1.0_MUF1.0_PDF26432,pdf,11,2.18,2.5,0.7272884249687195,0.7306250333786011,1.0045877375403371,0.004587737377732992,0.004587737377732992,0.4587737377732992
Pythia_minus,263,MUR1.0_MUF1.0_PDF26433,pdf,1,0.0,0.21,0.7786144614219666,0.778645396232605,1.000039730588335,3.973058846895583e-05,3.973058846895583e-05,0.003973058846895583
Pythia_minus,263,MUR1.0_MUF1.0_PDF26433,pdf,2,0.21,0.42,0.7478157877922058,0.7474732995033264,0.9995420151667425,-0.0004579848318826407,0.0004579848318826407,-0.04579848318826407
Pythia_minus,263,MUR1.0_MUF1.0_PDF26433,pdf,3,0.42,0.63,0.7352385520935059,0.7350226044654846,0.9997062890304019,-0.0002937109675258398,0.0002937109675258398,-0.02937109675258398
Pythia_minus,263,MUR1.0_MUF1.0_PDF26433,pdf,4,0.63,0.84,0.7513492107391357,0.750918447971344,0.9994266810137885,-0.0005733189755119383,0.0005733189755119383,-0.05733189755119383
Pythia_minus,263,MUR1.0_MUF1.0_PDF26433,pdf,5,0.84,1.05,0.7593017220497131,0.7584092617034912,0.9988246301564907,-0.0011753698345273733,0.0011753698345273733,-0.11753698345273733
Pythia_minus,263,MUR1.0_MUF1.0_PDF26433,pdf,6,1.05,1.37,0.7337679862976074,0.733076274394989,0.9990573152337858,-0.0009426847682334483,0.0009426847682334483,-0.09426847682334483
Pythia_minus,263,MUR1.0_MUF1.0_PDF26433,pdf,7,1.37,1.52,0.7370075583457947,0.737263560295105,1.0003473532210239,0.0003473532269708812,0.0003473532269708812,0.03473532269708812
Pythia_minus,263,MUR1.0_MUF1.0_PDF26433,pdf,8,1.52,1.74,0.7175648808479309,0.7179093360900879,1.0004800335849073,0.00048003357369452715,0.00048003357369452715,0.048003357369452715
Pythia_minus,263,MUR1.0_MUF1.0_PDF26433,pdf,9,1.74,1.95,0.6435351371765137,0.6437556743621826,1.0003426964169144,0.00034269641037099063,0.00034269641037099063,0.03426964103709906
Pythia_minus,263,MUR1.0_MUF1.0_PDF26433,pdf,10,1.95,2.18,0.7551155686378479,0.7562764883041382,1.0015374066096723,0.0015374065842479467,0.0015374065842479467,0.15374065842479467
Pythia_minus,263,MUR1.0_MUF1.0_PDF26433,pdf,11,2.18,2.5,0.7272884249687195,0.7304061651229858,1.0042868001843979,0.004286800045520067,0.004286800045520067,0.4286800045520067
Pythia_minus,264,MUR1.0_MUF1.0_PDF26434,pdf,1,0.0,0.21,0.7786144614219666,0.7786927819252014,1.0001005895820274,0.00010058958287118003,0.00010058958287118003,0.010058958287118003
Pythia_minus,264,MUR1.0_MUF1.0_PDF26434,pdf,2,0.21,0.42,0.7478157877922058,0.7475003004074097,0.9995781215241155,-0.0004218784742988646,0.0004218784742988646,-0.04218784742988646
Pythia_minus,264,MUR1.0_MUF1.0_PDF26434,pdf,3,0.42,0.63,0.7352385520935059,0.7350470423698425,0.9997395270921009,-0.0002604729088488966,0.0002604729088488966,-0.026047290884889662
Pythia_minus,264,MUR1.0_MUF1.0_PDF26434,pdf,4,0.63,0.84,0.7513492107391357,0.7509028911590576,0.9994059758449216,-0.0005940241389907897,0.0005940241389907897,-0.059402413899078965
Pythia_minus,264,MUR1.0_MUF1.0_PDF26434,pdf,5,0.84,1.05,0.7593017220497131,0.7583128213882446,0.9986976183080436,-0.001302381744608283,0.001302381744608283,-0.1302381744608283
Pythia_minus,264,MUR1.0_MUF1.0_PDF26434,pdf,6,1.05,1.37,0.7337679862976074,0.7329267263412476,0.9988535068685612,-0.001146493130363524,0.001146493130363524,-0.1146493130363524
Pythia_minus,264,MUR1.0_MUF1.0_PDF26434,pdf,7,1.37,1.52,0.7370075583457947,0.7372216582298279,1.0002904988987003,0.00029049889417365193,0.00029049889417365193,0.029049889417365193
Pythia_minus,264,MUR1.0_MUF1.0_PDF26434,pdf,8,1.52,1.74,0.7175648808479309,0.7178352475166321,1.0003767835855926,0.000376783573301509,0.000376783573301509,0.0376783573301509
Pythia_minus,264,MUR1.0_MUF1.0_PDF26434,pdf,9,1.74,1.95,0.6435351371765137,0.6436057090759277,1.0001096628534125,0.00010966285481117666,0.00010966285481117666,0.010966285481117666
Pythia_minus,264,MUR1.0_MUF1.0_PDF26434,pdf,10,1.95,2.18,0.7551155686378479,0.7561525106430054,1.0013732229187486,0.0013732229126617312,0.0013732229126617312,0.13732229126617312
Pythia_minus,264,MUR1.0_MUF1.0_PDF26434,pdf,11,2.18,2.5,0.7272884249687195,0.7304908037185669,1.0044031757414331,0.004403175786137581,0.004403175786137581,0.4403175786137581
Pythia_minus,265,MUR1.0_MUF1.0_PDF26435,pdf,1,0.0,0.21,0.7786144614219666,0.7785114049911499,0.9998676412577433,-0.00013235874939709902,0.00013235874939709902,-0.013235874939709902
Pythia_minus,265,MUR1.0_MUF1.0_PDF26435,pdf,2,0.21,0.42,0.7478157877922058,0.7473481893539429,0.9993747144070823,-0.0006252856110222638,0.0006252856110222638,-0.06252856110222638
Pythia_minus,265,MUR1.0_MUF1.0_PDF26435,pdf,3,0.42,0.63,0.7352385520935059,0.7349082231521606,0.9995507186879624,-0.00044928130228072405,0.00044928130228072405,-0.044928130228072405
Pythia_minus,265,MUR1.0_MUF1.0_PDF26435,pdf,4,0.63,0.84,0.7513492107391357,0.7508566379547119,0.9993444156493633,-0.0006555843283422291,0.0006555843283422291,-0.06555843283422291
Pythia_minus,265,MUR1.0_MUF1.0_PDF26435,pdf,5,0.84,1.05,0.7593017220497131,0.7583855986595154,0.9987934659390411,-0.001206534099765122,0.001206534099765122,-0.1206534099765122
Pythia_minus,265,MUR1.0_MUF1.0_PDF26435,pdf,6,1.05,1.37,0.7337679862976074,0.7330833673477173,0.9990669817126466,-0.0009330182801932096,0.0009330182801932096,-0.09330182801932096
Pythia_minus,265,MUR1.0_MUF1.0_PDF26435,pdf,7,1.37,1.52,0.7370075583457947,0.7372247576713562,1.0002947043393273,0.00029470433946698904,0.00029470433946698904,0.029470433946698904
Pythia_minus,265,MUR1.0_MUF1.0_PDF26435,pdf,8,1.52,1.74,0.7175648808479309,0.717953085899353,1.0005410034155564,0.0005410034209489822,0.0005410034209489822,0.054100342094898224
Pythia_minus,265,MUR1.0_MUF1.0_PDF26435,pdf,9,1.74,1.95,0.6435351371765137,0.6437740325927734,1.0003712235781062,0.0003712235775310546,0.0003712235775310546,0.03712235775310546
Pythia_minus,265,MUR1.0_MUF1.0_PDF26435,pdf,10,1.95,2.18,0.7551155686378479,0.7564743757247925,1.0017994690394156,0.0017994689987972379,0.0017994689987972379,0.1799468998797238
Pythia_minus,265,MUR1.0_MUF1.0_PDF26435,pdf,11,2.18,2.5,0.7272884249687195,0.7305264472961426,1.0044521846027763,0.004452184773981571,0.004452184773981571,0.4452184773981571
Pythia_minus,266,MUR1.0_MUF1.0_PDF26436,pdf,1,0.0,0.21,0.7786144614219666,0.7787720561027527,1.0002024039991477,0.0002024040004471317,0.0002024040004471317,0.02024040004471317
Pythia_minus,266,MUR1.0_MUF1.0_PDF26436,pdf,2,0.21,0.42,0.7478157877922058,0.7475778460502625,0.9996818177072112,-0.0003181822830811143,0.0003181822830811143,-0.03181822830811143
Pythia_minus,266,MUR1.0_MUF1.0_PDF26436,pdf,3,0.42,0.63,0.7352385520935059,0.7351199984550476,0.9998387548665386,-0.00016124513058457524,0.00016124513058457524,-0.016124513058457524
Pythia_minus,266,MUR1.0_MUF1.0_PDF26436,pdf,4,0.63,0.84,0.7513492107391357,0.7509467005729675,0.9994642835043744,-0.0005357164773158729,0.0005357164773158729,-0.05357164773158729
Pythia_minus,266,MUR1.0_MUF1.0_PDF26436,pdf,5,0.84,1.05,0.7593017220497131,0.7583499550819397,0.9987465233646459,-0.0012534765992313623,0.0012534765992313623,-0.12534765992313623
Pythia_minus,266,MUR1.0_MUF1.0_PDF26436,pdf,6,1.05,1.37,0.7337679862976074,0.7329563498497009,0.9988938786332151,-0.0011061213444918394,0.0011061213444918394,-0.11061213444918394
Pythia_minus,266,MUR1.0_MUF1.0_PDF26436,pdf,7,1.37,1.52,0.7370075583457947,0.7372592687606812,1.0003415303032326,0.0003415303071960807,0.0003415303071960807,0.03415303071960807
Pythia_minus,266,MUR1.0_MUF1.0_PDF26436,pdf,8,1.52,1.74,0.7175648808479309,0.7178120017051697,1.0003443881714873,0.00034438815782777965,0.00034438815782777965,0.034438815782777965
Pythia_minus,266,MUR1.0_MUF1.0_PDF26436,pdf,9,1.74,1.95,0.6435351371765137,0.6436285972595215,1.0001452291842492,0.00014522919082082808,0.00014522919082082808,0.014522919082082808
Pythia_minus,266,MUR1.0_MUF1.0_PDF26436,pdf,10,1.95,2.18,0.7551155686378479,0.7560099363327026,1.0011844116741866,0.0011844116961583495,0.0011844116961583495,0.11844116961583495
Pythia_minus,266,MUR1.0_MUF1.0_PDF26436,pdf,11,2.18,2.5,0.7272884249687195,0.7303475141525269,1.0042061568406495,0.004206156823784113,0.004206156823784113,0.4206156823784113
Pythia_minus,267,MUR1.0_MUF1.0_PDF26437,pdf,1,0.0,0.21,0.7786144614219666,0.7788146138191223,1.000257062265181,0.00025706226006150246,0.00025706226006150246,0.025706226006150246
Pythia_minus,267,MUR1.0_MUF1.0_PDF26437,pdf,2,0.21,0.42,0.7478157877922058,0.7476332783699036,0.9997559433415533,-0.00024405666044913232,0.00024405666044913232,-0.024405666044913232
Pythia_minus,267,MUR1.0_MUF1.0_PDF26437,pdf,3,0.42,0.63,0.7352385520935059,0.7351725101470947,0.9999101761649697,-8.982383587863296e-05,8.982383587863296e-05,-0.008982383587863296
Pythia_minus,267,MUR1.0_MUF1.0_PDF26437,pdf,4,0.63,0.84,0.7513492107391357,0.7510368227958679,0.9995842306895345,-0.0004157693183515221,0.0004157693183515221,-0.04157693183515221
Pythia_minus,267,MUR1.0_MUF1.0_PDF26437,pdf,5,0.84,1.05,0.7593017220497131,0.7585118412971497,0.9989597274316312,-0.0010402725310996175,0.0010402725310996175,-0.10402725310996175
Pythia_minus,267,MUR1.0_MUF1.0_PDF26437,pdf,6,1.05,1.37,0.7337679862976074,0.7331388592720032,0.9991426076943222,-0.0008573923259973526,0.0008573923259973526,-0.08573923259973526
Pythia_minus,267,MUR1.0_MUF1.0_PDF26437,pdf,7,1.37,1.52,0.7370075583457947,0.7372917532920837,1.0003856065559584,0.00038560654502362013,0.00038560654502362013,0.03856065450236201
Pythia_minus,267,MUR1.0_MUF1.0_PDF26437,pdf,8,1.52,1.74,0.7175648808479309,0.7179325222969055,1.000512345933848,0.000512345926836133,0.000512345926836133,0.0512345926836133
Pythia_minus,267,MUR1.0_MUF1.0_PDF26437,pdf,9,1.74,1.95,0.6435351371765137,0.6437662243843079,1.0003590902725343,0.0003590902779251337,0.0003590902779251337,0.03590902779251337
Pythia_minus,267,MUR1.0_MUF1.0_PDF26437,pdf,10,1.95,2.18,0.7551155686378479,0.7562288641929626,1.001474337970707,0.0014743380015715957,0.0014743380015715957,0.14743380015715957
Pythia_minus,267,MUR1.0_MUF1.0_PDF26437,pdf,11,2.18,2.5,0.7272884249687195,0.7302515506744385,1.0040742099062645,0.004074209835380316,0.004074209835380316,0.4074209835380316
Pythia_minus,268,MUR1.0_MUF1.0_PDF26438,pdf,1,0.0,0.21,0.7786144614219666,0.7785411477088928,0.9999058408022119,-9.415920067112893e-05,9.415920067112893e-05,-0.009415920067112893
Pythia_minus,268,MUR1.0_MUF1.0_PDF26438,pdf,2,0.21,0.42,0.7478157877922058,0.7473597526550293,0.999390177173816,-0.0006098228041082621,0.0006098228041082621,-0.060982280410826206
Pythia_minus,268,MUR1.0_MUF1.0_PDF26438,pdf,3,0.42,0.63,0.7352385520935059,0.7349146008491516,0.9995593930113814,-0.00044060699292458594,0.00044060699292458594,-0.044060699292458594
Pythia_minus,268,MUR1.0_MUF1.0_PDF26438,pdf,4,0.63,0.84,0.7513492107391357,0.7508059144020081,0.9992769056926363,-0.0007230943301692605,0.0007230943301692605,-0.07230943301692605
Pythia_minus,268,MUR1.0_MUF1.0_PDF26438,pdf,5,0.84,1.05,0.7593017220497131,0.7582544088363647,0.9986206890055231,-0.0013793109683319926,0.0013793109683319926,-0.13793109683319926
Pythia_minus,268,MUR1.0_MUF1.0_PDF26438,pdf,6,1.05,1.37,0.7337679862976074,0.7329179048538208,0.9988414846931714,-0.0011585153406485915,0.0011585153406485915,-0.11585153406485915
Pythia_minus,268,MUR1.0_MUF1.0_PDF26438,pdf,7,1.37,1.52,0.7370075583457947,0.7372105717658997,1.0002754563610727,0.00027545634657144547,0.00027545634657144547,0.027545634657144547
Pythia_minus,268,MUR1.0_MUF1.0_PDF26438,pdf,8,1.52,1.74,0.7175648808479309,0.7178406715393066,1.0003843425155505,0.00038434250745922327,0.00038434250745922327,0.03843425074592233
Pythia_minus,268,MUR1.0_MUF1.0_PDF26438,pdf,9,1.74,1.95,0.6435351371765137,0.6436412334442139,1.000164864762732,0.00016486475942656398,0.00016486475942656398,0.016486475942656398
Pythia_minus,268,MUR1.0_MUF1.0_PDF26438,pdf,10,1.95,2.18,0.7551155686378479,0.7562230229377747,1.0014666023929615,0.0014666024362668395,0.0014666024362668395,0.14666024362668395
Pythia_minus,268,MUR1.0_MUF1.0_PDF26438,pdf,11,2.18,2.5,0.7272884249687195,0.7305849194526672,1.0045325820826718,0.004532582126557827,0.004532582126557827,0.4532582126557827
Pythia_minus,269,MUR1.0_MUF1.0_PDF26439,pdf,1,0.0,0.21,0.7786144614219666,0.7768181562423706,0.9976929465498041,-0.0023070534225553274,0.0023070534225553274,-0.23070534225553274
Pythia_minus,269,MUR1.0_MUF1.0_PDF26439,pdf,2,0.21,0.42,0.7478157877922058,0.7455875277519226,0.9970203089094151,-0.0029796911403536797,0.0029796911403536797,-0.29796911403536797
Pythia_minus,269,MUR1.0_MUF1.0_PDF26439,pdf,3,0.42,0.63,0.7352385520935059,0.7332152128219604,0.9972480506282155,-0.0027519494760781527,0.0027519494760781527,-0.27519494760781527
Pythia_minus,269,MUR1.0_MUF1.0_PDF26439,pdf,4,0.63,0.84,0.7513492107391357,0.7496399283409119,0.9977250493195535,-0.002274950733408332,0.002274950733408332,-0.2274950733408332
Pythia_minus,269,MUR1.0_MUF1.0_PDF26439,pdf,5,0.84,1.05,0.7593017220497131,0.7571820616722107,0.997208408309966,-0.002791591687127948,0.002791591687127948,-0.2791591687127948
Pythia_minus,269,MUR1.0_MUF1.0_PDF26439,pdf,6,1.05,1.37,0.7337679862976074,0.7321085333824158,0.9977384501011487,-0.0022615499328821898,0.0022615499328821898,-0.22615499328821898
Pythia_minus,269,MUR1.0_MUF1.0_PDF26439,pdf,7,1.37,1.52,0.7370075583457947,0.7363108396530151,0.999054665471351,-0.000945334555581212,0.000945334555581212,-0.0945334555581212
Pythia_minus,269,MUR1.0_MUF1.0_PDF26439,pdf,8,1.52,1.74,0.7175648808479309,0.7181165814399719,1.0007688511614297,0.0007688511395826936,0.0007688511395826936,0.07688511395826936
Pythia_minus,269,MUR1.0_MUF1.0_PDF26439,pdf,9,1.74,1.95,0.6435351371765137,0.6432713270187378,0.9995900609888477,-0.00040993900620378554,0.00040993900620378554,-0.040993900620378554
Pythia_minus,269,MUR1.0_MUF1.0_PDF26439,pdf,10,1.95,2.18,0.7551155686378479,0.7590460181236267,1.005205096609078,0.005205096676945686,0.005205096676945686,0.5205096676945686
Pythia_minus,269,MUR1.0_MUF1.0_PDF26439,pdf,11,2.18,2.5,0.7272884249687195,0.7338027954101562,1.008957066024689,0.008957065641880035,0.008957065641880035,0.8957065641880035
Pythia_minus,270,MUR2.0_MUF2.0_PDF13300,scale,1,0.0,0.21,0.7786144614219666,0.7811967730522156,1.0033165472235552,0.003316547255963087,0.003316547255963087,0.3316547255963087
Pythia_minus,270,MUR2.0_MUF2.0_PDF13300,scale,2,0.21,0.42,0.7478157877922058,0.7505199313163757,1.0036160556761624,0.0036160557065159082,0.0036160557065159082,0.3616055706515908
Pythia_minus,270,MUR2.0_MUF2.0_PDF13300,scale,3,0.42,0.63,0.7352385520935059,0.7374839186668396,1.0030539293225855,0.0030539294239133596,0.0030539294239133596,0.30539294239133596
Pythia_minus,270,MUR2.0_MUF2.0_PDF13300,scale,4,0.63,0.84,0.7513492107391357,0.7536130547523499,1.0030130383859552,0.003013038309291005,0.003013038309291005,0.3013038309291005
Pythia_minus,270,MUR2.0_MUF2.0_PDF13300,scale,5,0.84,1.05,0.7593017220497131,0.7617776393890381,1.0032607819361206,0.0032607819885015488,0.0032607819885015488,0.3260781988501549
Pythia_minus,270,MUR2.0_MUF2.0_PDF13300,scale,6,1.05,1.37,0.7337679862976074,0.7358894944190979,1.0028912519503543,0.002891252050176263,0.002891252050176263,0.2891252050176263
Pythia_minus,270,MUR2.0_MUF2.0_PDF13300,scale,7,1.37,1.52,0.7370075583457947,0.7380160689353943,1.0013683856809599,0.0013683856232091784,0.0013683856232091784,0.13683856232091784
Pythia_minus,270,MUR2.0_MUF2.0_PDF13300,scale,8,1.52,1.74,0.7175648808479309,0.7194846868515015,1.002675445879266,0.002675445983186364,0.002675445983186364,0.2675445983186364
Pythia_minus,270,MUR2.0_MUF2.0_PDF13300,scale,9,1.74,1.95,0.6435351371765137,0.6446484327316284,1.0017299685608454,0.0017299685860052705,0.0017299685860052705,0.17299685860052705
Pythia_minus,270,MUR2.0_MUF2.0_PDF13300,scale,10,1.95,2.18,0.7551155686378479,0.7570062279701233,1.0025038012865843,0.0025038013700395823,0.0025038013700395823,0.2503801370039582
Pythia_minus,270,MUR2.0_MUF2.0_PDF13300,scale,11,2.18,2.5,0.7272884249687195,0.7274487614631653,1.000220457921426,0.0002204579213866964,0.0002204579213866964,0.02204579213866964
Pythia_minus,271,MUR1.0_MUF1.0_PDF26440,pdf,1,0.0,0.21,0.7786144614219666,0.7800387144088745,1.0018292146594694,0.0018292146269232035,0.0018292146269232035,0.18292146269232035
Pythia_minus,271,MUR1.0_MUF1.0_PDF26440,pdf,2,0.21,0.42,0.7478157877922058,0.7489041686058044,1.001455412992566,0.0014554129447788,0.0014554129447788,0.14554129447788
Pythia_minus,271,MUR1.0_MUF1.0_PDF26440,pdf,3,0.42,0.63,0.7352385520935059,0.7363793849945068,1.0015516500022374,0.0015516499988734722,0.0015516499988734722,0.15516499988734722
Pythia_minus,271,MUR1.0_MUF1.0_PDF26440,pdf,4,0.63,0.84,0.7513492107391357,0.7518628835678101,1.0006836672233528,0.0006836671964265406,0.0006836671964265406,0.06836671964265406
Pythia_minus,271,MUR1.0_MUF1.0_PDF26440,pdf,5,0.84,1.05,0.7593017220497131,0.7591142654418945,0.9997531197383399,-0.0002468802558723837,0.0002468802558723837,-0.02468802558723837
Pythia_minus,271,MUR1.0_MUF1.0_PDF26440,pdf,6,1.05,1.37,0.7337679862976074,0.7334307432174683,0.999540395484081,-0.00045960451825521886,0.00045960451825521886,-0.045960451825521886
Pythia_minus,271,MUR1.0_MUF1.0_PDF26440,pdf,7,1.37,1.52,0.7370075583457947,0.737871527671814,1.001172266574794,0.0011722665512934327,0.0011722665512934327,0.11722665512934327
Pythia_minus,271,MUR1.0_MUF1.0_PDF26440,pdf,8,1.52,1.74,0.7175648808479309,0.7174056768417358,0.9997781329459617,-0.0002218670560978353,0.0002218670560978353,-0.02218670560978353
Pythia_minus,271,MUR1.0_MUF1.0_PDF26440,pdf,9,1.74,1.95,0.6435351371765137,0.6436085104942322,1.000114016024114,0.00011401602387195453,0.00011401602387195453,0.011401602387195453
Pythia_minus,271,MUR1.0_MUF1.0_PDF26440,pdf,10,1.95,2.18,0.7551155686378479,0.7530505657196045,0.9972653153980543,-0.002734684618189931,0.002734684618189931,-0.2734684618189931
Pythia_minus,271,MUR1.0_MUF1.0_PDF26440,pdf,11,2.18,2.5,0.7272884249687195,0.7269766330718994,0.999571295395175,-0.00042870460310950875,0.00042870460310950875,-0.042870460310950875
Pythia_minus,272,MUR1.0_MUF1.0_PDF26441,pdf,1,0.0,0.21,0.7786144614219666,0.7783024907112122,0.9995993258201439,-0.0004006741801276803,0.0004006741801276803,-0.04006741801276803
Pythia_minus,272,MUR1.0_MUF1.0_PDF26441,pdf,2,0.21,0.42,0.7478157877922058,0.7467175722122192,0.9985314356852122,-0.001468564267270267,0.001468564267270267,-0.1468564267270267
Pythia_minus,272,MUR1.0_MUF1.0_PDF26441,pdf,3,0.42,0.63,0.7352385520935059,0.7343400716781616,0.998777974287684,-0.0012220257194712758,0.0012220257194712758,-0.12220257194712758
Pythia_minus,272,MUR1.0_MUF1.0_PDF26441,pdf,4,0.63,0.84,0.7513492107391357,0.7502241730690002,0.9985026434392221,-0.0014973565703257918,0.0014973565703257918,-0.14973565703257918
Pythia_minus,272,MUR1.0_MUF1.0_PDF26441,pdf,5,0.84,1.05,0.7593017220497131,0.7573620080947876,0.9974453976613021,-0.0025546022225171328,0.0025546022225171328,-0.2554602222517133
Pythia_minus,272,MUR1.0_MUF1.0_PDF26441,pdf,6,1.05,1.37,0.7337679862976074,0.73212730884552,0.9977640378393097,-0.002235962077975273,0.002235962077975273,-0.2235962077975273
Pythia_minus,272,MUR1.0_MUF1.0_PDF26441,pdf,7,1.37,1.52,0.7370075583457947,0.736600399017334,0.9994475506745486,-0.0005524493171833456,0.0005524493171833456,-0.055244931718334556
Pythia_minus,272,MUR1.0_MUF1.0_PDF26441,pdf,8,1.52,1.74,0.7175648808479309,0.7184851169586182,1.0012824430727432,0.0012824430596083403,0.0012824430596083403,0.12824430596083403
Pythia_minus,272,MUR1.0_MUF1.0_PDF26441,pdf,9,1.74,1.95,0.6435351371765137,0.6435903310775757,1.000085766724882,8.576672553317621e-05,8.576672553317621e-05,0.008576672553317621
Pythia_minus,272,MUR1.0_MUF1.0_PDF26441,pdf,10,1.95,2.18,0.7551155686378479,0.7596410512924194,1.0059930993910442,0.005993099417537451,0.005993099417537451,0.5993099417537451
Pythia_minus,272,MUR1.0_MUF1.0_PDF26441,pdf,11,2.18,2.5,0.7272884249687195,0.7345209121704102,1.0099444552579009,0.009944455698132515,0.009944455698132515,0.9944455698132515
Pythia_minus,273,MUR1.0_MUF1.0_PDF26442,pdf,1,0.0,0.21,0.7786144614219666,0.7791303396224976,1.0006625592332166,0.0006625592359341681,0.0006625592359341681,0.06625592359341681
Pythia_minus,273,MUR1.0_MUF1.0_PDF26442,pdf,2,0.21,0.42,0.7478157877922058,0.7480833530426025,1.000357795669421,0.0003577956813387573,0.0003577956813387573,0.03577956813387573
Pythia_minus,273,MUR1.0_MUF1.0_PDF26442,pdf,3,0.42,0.63,0.7352385520935059,0.7355774641036987,1.0004609551678538,0.00046095516881905496,0.00046095516881905496,0.046095516881905496
Pythia_minus,273,MUR1.0_MUF1.0_PDF26442,pdf,4,0.63,0.84,0.7513492107391357,0.7512983679771423,0.9999323313829752,-6.766861770302057e-05,6.766861770302057e-05,-0.006766861770302057
Pythia_minus,273,MUR1.0_MUF1.0_PDF26442,pdf,5,0.84,1.05,0.7593017220497131,0.7586573958396912,0.9991514226936261,-0.0008485772996209562,0.0008485772996209562,-0.08485772996209562
Pythia_minus,273,MUR1.0_MUF1.0_PDF26442,pdf,6,1.05,1.37,0.7337679862976074,0.7330793142318726,0.9990614580104404,-0.000938542012590915,0.000938542012590915,-0.0938542012590915
Pythia_minus,273,MUR1.0_MUF1.0_PDF26442,pdf,7,1.37,1.52,0.7370075583457947,0.7374953031539917,1.000661790781755,0.0006617907783947885,0.0006617907783947885,0.06617907783947885
Pythia_minus,273,MUR1.0_MUF1.0_PDF26442,pdf,8,1.52,1.74,0.7175648808479309,0.7172897458076477,0.9996165712012577,-0.0003834287927020341,0.0003834287927020341,-0.03834287927020341
Pythia_minus,273,MUR1.0_MUF1.0_PDF26442,pdf,9,1.74,1.95,0.6435351371765137,0.6433486938476562,0.9997102825967275,-0.0002897173981182277,0.0002897173981182277,-0.028971739811822772
Pythia_minus,273,MUR1.0_MUF1.0_PDF26442,pdf,10,1.95,2.18,0.7551155686378479,0.7538026571273804,0.9982613105000128,-0.0017386894905939698,0.0017386894905939698,-0.17386894905939698
Pythia_minus,273,MUR1.0_MUF1.0_PDF26442,pdf,11,2.18,2.5,0.7272884249687195,0.728177011013031,1.0012217794396352,0.00122177938465029,0.00122177938465029,0.122177938465029
Pythia_minus,274,MUR1.0_MUF1.0_PDF26443,pdf,1,0.0,0.21,0.7786144614219666,0.7785911560058594,0.9999700680924104,-2.993190719280392e-05,2.993190719280392e-05,-0.002993190719280392
Pythia_minus,274,MUR1.0_MUF1.0_PDF26443,pdf,2,0.21,0.42,0.7478157877922058,0.7474735379219055,0.9995423339866751,-0.0004576659994199872,0.0004576659994199872,-0.04576659994199872
Pythia_minus,274,MUR1.0_MUF1.0_PDF26443,pdf,3,0.42,0.63,0.7352385520935059,0.735055685043335,0.9997512820163602,-0.0002487179881427437,0.0002487179881427437,-0.02487179881427437
Pythia_minus,274,MUR1.0_MUF1.0_PDF26443,pdf,4,0.63,0.84,0.7513492107391357,0.7510455846786499,0.9995958922214251,-0.00040410779183730483,0.00040410779183730483,-0.04041077918373048
Pythia_minus,274,MUR1.0_MUF1.0_PDF26443,pdf,5,0.84,1.05,0.7593017220497131,0.7585979104042053,0.9990730804039165,-0.0009269195725210011,0.0009269195725210011,-0.09269195725210011
Pythia_minus,274,MUR1.0_MUF1.0_PDF26443,pdf,6,1.05,1.37,0.7337679862976074,0.7332313060760498,0.9992685968431717,-0.0007314031827263534,0.0007314031827263534,-0.07314031827263534
Pythia_minus,274,MUR1.0_MUF1.0_PDF26443,pdf,7,1.37,1.52,0.7370075583457947,0.737267017364502,1.0003520439048001,0.000352043891325593,0.000352043891325593,0.0352043891325593
Pythia_minus,274,MUR1.0_MUF1.0_PDF26443,pdf,8,1.52,1.74,0.7175648808479309,0.717807948589325,1.00033873974031,0.0003387397446203977,0.0003387397446203977,0.03387397446203977
Pythia_minus,274,MUR1.0_MUF1.0_PDF26443,pdf,9,1.74,1.95,0.6435351371765137,0.6437274217605591,1.000298794227288,0.00029879421344958246,0.00029879421344958246,0.029879421344958246
Pythia_minus,274,MUR1.0_MUF1.0_PDF26443,pdf,10,1.95,2.18,0.7551155686378479,0.7558735609054565,1.0010038096141707,0.001003809622488916,0.001003809622488916,0.10038096224889159
Pythia_minus,274,MUR1.0_MUF1.0_PDF26443,pdf,11,2.18,2.5,0.7272884249687195,0.7295293807983398,1.0030812477590534,0.003081247676163912,0.003081247676163912,0.3081247676163912
Pythia_minus,275,MUR1.0_MUF1.0_PDF26444,pdf,1,0.0,0.21,0.7786144614219666,0.7793092727661133,1.0008923689175742,0.0008923689019866288,0.0008923689019866288,0.08923689019866288
Pythia_minus,275,MUR1.0_MUF1.0_PDF26444,pdf,2,0.21,0.42,0.7478157877922058,0.7478469610214233,1.0000416857061944,4.168570740148425e-05,4.168570740148425e-05,0.004168570740148425
Pythia_minus,275,MUR1.0_MUF1.0_PDF26444,pdf,3,0.42,0.63,0.7352385520935059,0.7353164553642273,1.0001059564552206,0.00010595645289868116,0.00010595645289868116,0.010595645289868116
Pythia_minus,275,MUR1.0_MUF1.0_PDF26444,pdf,4,0.63,0.84,0.7513492107391357,0.7506614327430725,0.9990846094116654,-0.0009153906139545143,0.0009153906139545143,-0.09153906139545143
Pythia_minus,275,MUR1.0_MUF1.0_PDF26444,pdf,5,0.84,1.05,0.7593017220497131,0.7574783563613892,0.9975986282720368,-0.002401371719315648,0.002401371719315648,-0.2401371719315648
Pythia_minus,275,MUR1.0_MUF1.0_PDF26444,pdf,6,1.05,1.37,0.7337679862976074,0.7319806218147278,0.9975641285579953,-0.00243587139993906,0.00243587139993906,-0.24358713999390602
Pythia_minus,275,MUR1.0_MUF1.0_PDF26444,pdf,7,1.37,1.52,0.7370075583457947,0.7373195290565491,1.0004232937738855,0.0004232937644701451,0.0004232937644701451,0.04232937644701451
Pythia_minus,275,MUR1.0_MUF1.0_PDF26444,pdf,8,1.52,1.74,0.7175648808479309,0.7177758812904358,1.0002940506818778,0.0002940506674349308,0.0002940506674349308,0.02940506674349308
Pythia_minus,275,MUR1.0_MUF1.0_PDF26444,pdf,9,1.74,1.95,0.6435351371765137,0.6432203650474548,0.9995108703303446,-0.0004891296848654747,0.0004891296848654747,-0.04891296848654747
Pythia_minus,275,MUR1.0_MUF1.0_PDF26444,pdf,10,1.95,2.18,0.7551155686378479,0.7560110688209534,1.0011859114290556,0.001185911474749446,0.001185911474749446,0.11859114747494459
Pythia_minus,275,MUR1.0_MUF1.0_PDF26444,pdf,11,2.18,2.5,0.7272884249687195,0.732549250125885,1.007233478461302,0.007233478594571352,0.007233478594571352,0.7233478594571352
Pythia_minus,276,MUR1.0_MUF1.0_PDF26445,pdf,1,0.0,0.21,0.7786144614219666,0.7786760926246643,1.0000791549678967,7.915496826171875e-05,7.915496826171875e-05,0.007915496826171875
Pythia_minus,276,MUR1.0_MUF1.0_PDF26445,pdf,2,0.21,0.42,0.7478157877922058,0.7474652528762817,0.9995312549940154,-0.00046874501276761293,0.00046874501276761293,-0.04687450127676129
Pythia_minus,276,MUR1.0_MUF1.0_PDF26445,pdf,3,0.42,0.63,0.7352385520935059,0.7349919676780701,0.9996646198506136,-0.00033538014395162463,0.00033538014395162463,-0.03353801439516246
Pythia_minus,276,MUR1.0_MUF1.0_PDF26445,pdf,4,0.63,0.84,0.7513492107391357,0.7508186101913452,0.9992938030143552,-0.0007061969954520464,0.0007061969954520464,-0.07061969954520464
Pythia_minus,276,MUR1.0_MUF1.0_PDF26445,pdf,5,0.84,1.05,0.7593017220497131,0.7582147121429443,0.9985684084795245,-0.0014315915759652853,0.0014315915759652853,-0.14315915759652853
Pythia_minus,276,MUR1.0_MUF1.0_PDF26445,pdf,6,1.05,1.37,0.7337679862976074,0.7328590154647827,0.9987612285493523,-0.0012387714814394712,0.0012387714814394712,-0.12387714814394712
Pythia_minus,276,MUR1.0_MUF1.0_PDF26445,pdf,7,1.37,1.52,0.7370075583457947,0.7372172474861145,1.0002845142331924,0.0002845142444130033,0.0002845142444130033,0.028451424441300333
Pythia_minus,276,MUR1.0_MUF1.0_PDF26445,pdf,8,1.52,1.74,0.7175648808479309,0.7178794741630554,1.0004384179375567,0.0004384179483167827,0.0004384179483167827,0.04384179483167827
Pythia_minus,276,MUR1.0_MUF1.0_PDF26445,pdf,9,1.74,1.95,0.6435351371765137,0.6436241269111633,1.0001382826352576,0.00013828263035975397,0.00013828263035975397,0.013828263035975397
Pythia_minus,276,MUR1.0_MUF1.0_PDF26445,pdf,10,1.95,2.18,0.7551155686378479,0.756334125995636,1.0016137362390585,0.0016137362690642476,0.0016137362690642476,0.16137362690642476
Pythia_minus,276,MUR1.0_MUF1.0_PDF26445,pdf,11,2.18,2.5,0.7272884249687195,0.7309153079986572,1.0049868565281974,0.00498685659840703,0.00498685659840703,0.498685659840703
Pythia_minus,277,MUR1.0_MUF1.0_PDF26446,pdf,1,0.0,0.21,0.7786144614219666,0.7786153554916382,1.0000011482828999,1.1482828767839237e-06,1.1482828767839237e-06,0.00011482828767839237
Pythia_minus,277,MUR1.0_MUF1.0_PDF26446,pdf,2,0.21,0.42,0.7478157877922058,0.7474962472915649,0.9995727015852603,-0.0004272984224371612,0.0004272984224371612,-0.04272984224371612
Pythia_minus,277,MUR1.0_MUF1.0_PDF26446,pdf,3,0.42,0.63,0.7352385520935059,0.7351367473602295,0.9998615350990688,-0.0001384649076499045,0.0001384649076499045,-0.013846490764990449
Pythia_minus,277,MUR1.0_MUF1.0_PDF26446,pdf,4,0.63,0.84,0.7513492107391357,0.7511471509933472,0.9997310707951769,-0.00026892920141108334,0.00026892920141108334,-0.026892920141108334
Pythia_minus,277,MUR1.0_MUF1.0_PDF26446,pdf,5,0.84,1.05,0.7593017220497131,0.7587175965309143,0.9992307069747952,-0.0007692930521443486,0.0007692930521443486,-0.07692930521443486
Pythia_minus,277,MUR1.0_MUF1.0_PDF26446,pdf,6,1.05,1.37,0.7337679862976074,0.7333759665489197,0.999465744273383,-0.0005342556978575885,0.0005342556978575885,-0.05342556978575885
Pythia_minus,277,MUR1.0_MUF1.0_PDF26446,pdf,7,1.37,1.52,0.7370075583457947,0.737388014793396,1.000516217836972,0.0005162178422324359,0.0005162178422324359,0.051621784223243594
Pythia_minus,277,MUR1.0_MUF1.0_PDF26446,pdf,8,1.52,1.74,0.7175648808479309,0.7178381681442261,1.0003808537786467,0.0003808537730947137,0.0003808537730947137,0.03808537730947137
Pythia_minus,277,MUR1.0_MUF1.0_PDF26446,pdf,9,1.74,1.95,0.6435351371765137,0.643852174282074,1.000492649254478,0.0004926492692902684,0.0004926492692902684,0.04926492692902684
Pythia_minus,277,MUR1.0_MUF1.0_PDF26446,pdf,10,1.95,2.18,0.7551155686378479,0.7556602954864502,1.0007213820919953,0.0007213820936158299,0.0007213820936158299,0.072138209361583
Pythia_minus,277,MUR1.0_MUF1.0_PDF26446,pdf,11,2.18,2.5,0.7272884249687195,0.7289674282073975,1.0023085796240332,0.0023085796274244785,0.0023085796274244785,0.23085796274244785
Pythia_minus,278,MUR1.0_MUF1.0_PDF26447,pdf,1,0.0,0.21,0.7786144614219666,0.7781845927238464,0.9994479055817496,-0.0005520944250747561,0.0005520944250747561,-0.055209442507475615
Pythia_minus,278,MUR1.0_MUF1.0_PDF26447,pdf,2,0.21,0.42,0.7478157877922058,0.7471413612365723,0.9990981381155047,-0.0009018618729896843,0.0009018618729896843,-0.09018618729896843
Pythia_minus,278,MUR1.0_MUF1.0_PDF26447,pdf,3,0.42,0.63,0.7352385520935059,0.7345526814460754,0.9990671454244646,-0.000932854600250721,0.000932854600250721,-0.0932854600250721
Pythia_minus,278,MUR1.0_MUF1.0_PDF26447,pdf,4,0.63,0.84,0.7513492107391357,0.7505931854248047,0.9989937763911573,-0.0010062236106023192,0.0010062236106023192,-0.10062236106023192
Pythia_minus,278,MUR1.0_MUF1.0_PDF26447,pdf,5,0.84,1.05,0.7593017220497131,0.7580118179321289,0.9983011969021983,-0.0016988030401989818,0.0016988030401989818,-0.16988030401989818
Pythia_minus,278,MUR1.0_MUF1.0_PDF26447,pdf,6,1.05,1.37,0.7337679862976074,0.7325918674468994,0.9983971515892341,-0.0016028484096750617,0.0016028484096750617,-0.16028484096750617
Pythia_minus,278,MUR1.0_MUF1.0_PDF26447,pdf,7,1.37,1.52,0.7370075583457947,0.7370077967643738,1.0000003234954329,3.234954419895075e-07,3.234954419895075e-07,3.234954419895075e-05
Pythia_minus,278,MUR1.0_MUF1.0_PDF26447,pdf,8,1.52,1.74,0.7175648808479309,0.717581570148468,1.0000232582460242,2.3258246073964983e-05,2.3258246073964983e-05,0.0023258246073964983
Pythia_minus,278,MUR1.0_MUF1.0_PDF26447,pdf,9,1.74,1.95,0.6435351371765137,0.6430625319480896,0.9992656108406176,-0.0007343891775235534,0.0007343891775235534,-0.07343891775235534
Pythia_minus,278,MUR1.0_MUF1.0_PDF26447,pdf,10,1.95,2.18,0.7551155686378479,0.7555020451545715,1.0005118110826676,0.0005118110566399992,0.0005118110566399992,0.051181105663999915
Pythia_minus,278,MUR1.0_MUF1.0_PDF26447,pdf,11,2.18,2.5,0.7272884249687195,0.7306503057479858,1.0046224862982123,0.004622486419975758,0.004622486419975758,0.46224864199757576
Pythia_minus,279,MUR1.0_MUF1.0_PDF26448,pdf,1,0.0,0.21,0.7786144614219666,0.7787245512008667,1.0001413919010689,0.00014139189443085343,0.00014139189443085343,0.014139189443085343
Pythia_minus,279,MUR1.0_MUF1.0_PDF26448,pdf,2,0.21,0.42,0.7478157877922058,0.7474520206451416,0.9995135604877531,-0.000486439501401037,0.000486439501401037,-0.0486439501401037
Pythia_minus,279,MUR1.0_MUF1.0_PDF26448,pdf,3,0.42,0.63,0.7352385520935059,0.735130786895752,0.9998534282547521,-0.0001465717505197972,0.0001465717505197972,-0.01465717505197972
Pythia_minus,279,MUR1.0_MUF1.0_PDF26448,pdf,4,0.63,0.84,0.7513492107391357,0.750983715057373,0.9995135475268508,-0.0004864524817094207,0.0004864524817094207,-0.04864524817094207
Pythia_minus,279,MUR1.0_MUF1.0_PDF26448,pdf,5,0.84,1.05,0.7593017220497131,0.7584594488143921,0.9988907265572277,-0.0011092734057456255,0.0011092734057456255,-0.11092734057456255
Pythia_minus,279,MUR1.0_MUF1.0_PDF26448,pdf,6,1.05,1.37,0.7337679862976074,0.7332359552383423,0.9992749328545258,-0.0007250671624206007,0.0007250671624206007,-0.07250671624206007
Pythia_minus,279,MUR1.0_MUF1.0_PDF26448,pdf,7,1.37,1.52,0.7370075583457947,0.7374904155731201,1.0006551591253816,0.0006551591213792562,0.0006551591213792562,0.06551591213792562
Pythia_minus,279,MUR1.0_MUF1.0_PDF26448,pdf,8,1.52,1.74,0.7175648808479309,0.7181455492973328,1.0008092208313144,0.0008092208299785852,0.0008092208299785852,0.08092208299785852
Pythia_minus,279,MUR1.0_MUF1.0_PDF26448,pdf,9,1.74,1.95,0.6435351371765137,0.6441398859024048,1.0009397291475715,0.0009397291578352451,0.0009397291578352451,0.09397291578352451
Pythia_minus,279,MUR1.0_MUF1.0_PDF26448,pdf,10,1.95,2.18,0.7551155686378479,0.7565966248512268,1.0019613636308022,0.001961363712325692,0.001961363712325692,0.19613637123256922
Pythia_minus,279,MUR1.0_MUF1.0_PDF26448,pdf,11,2.18,2.5,0.7272884249687195,0.7303277850151062,1.0041790298622137,0.004179029725492001,0.004179029725492001,0.41790297254920006
Pythia_minus,280,MUR1.0_MUF1.0_PDF26449,pdf,1,0.0,0.21,0.7786144614219666,0.7793962359428406,1.0010040585676334,0.001004058518446982,0.001004058518446982,0.10040585184469819
Pythia_minus,280,MUR1.0_MUF1.0_PDF26449,pdf,2,0.21,0.42,0.7478157877922058,0.7484316229820251,1.0008235118860456,0.0008235118584707379,0.0008235118584707379,0.0823511858470738
Pythia_minus,280,MUR1.0_MUF1.0_PDF26449,pdf,3,0.42,0.63,0.7352385520935059,0.735869288444519,1.000857866265605,0.00085786625277251,0.00085786625277251,0.085786625277251
Pythia_minus,280,MUR1.0_MUF1.0_PDF26449,pdf,4,0.63,0.84,0.7513492107391357,0.7516169548034668,1.000356351028928,0.00035635102540254593,0.00035635102540254593,0.03563510254025459
Pythia_minus,280,MUR1.0_MUF1.0_PDF26449,pdf,5,0.84,1.05,0.7593017220497131,0.7592675089836121,0.9999549414085237,-4.5058590330882e-05,4.5058590330882e-05,-0.0045058590330882
Pythia_minus,280,MUR1.0_MUF1.0_PDF26449,pdf,6,1.05,1.37,0.7337679862976074,0.7338264584541321,1.0000796875274154,7.968752470333129e-05,7.968752470333129e-05,0.00796875247033313
Pythia_minus,280,MUR1.0_MUF1.0_PDF26449,pdf,7,1.37,1.52,0.7370075583457947,0.7379007935523987,1.0012119756391764,0.0012119755847379565,0.0012119755847379565,0.12119755847379565
Pythia_minus,280,MUR1.0_MUF1.0_PDF26449,pdf,8,1.52,1.74,0.7175648808479309,0.7177320122718811,1.0002329147208997,0.00023291472462005913,0.00023291472462005913,0.023291472462005913
Pythia_minus,280,MUR1.0_MUF1.0_PDF26449,pdf,9,1.74,1.95,0.6435351371765137,0.6440293192863464,1.000767917835848,0.000767917837947607,0.000767917837947607,0.0767917837947607
Pythia_minus,280,MUR1.0_MUF1.0_PDF26449,pdf,10,1.95,2.18,0.7551155686378479,0.7539722919464111,0.9984859579924976,-0.001514042029157281,0.001514042029157281,-0.1514042029157281
Pythia_minus,280,MUR1.0_MUF1.0_PDF26449,pdf,11,2.18,2.5,0.7272884249687195,0.7276212573051453,1.0004576345848486,0.0004576345963869244,0.0004576345963869244,0.04576345963869244
Pythia_minus,282,MUR1.0_MUF1.0_PDF26450,pdf,1,0.0,0.21,0.7786144614219666,0.7784770727157593,0.9998235471943889,-0.00017645279876887798,0.00017645279876887798,-0.0176452798768878
Pythia_minus,282,MUR1.0_MUF1.0_PDF26450,pdf,2,0.21,0.42,0.7478157877922058,0.7472520470619202,0.9992461502692395,-0.0007538497447967529,0.0007538497447967529,-0.07538497447967529
Pythia_minus,282,MUR1.0_MUF1.0_PDF26450,pdf,3,0.42,0.63,0.7352385520935059,0.7346286773681641,0.999170507689504,-0.0008294922881759703,0.0008294922881759703,-0.08294922881759703
Pythia_minus,282,MUR1.0_MUF1.0_PDF26450,pdf,4,0.63,0.84,0.7513492107391357,0.750826358795166,0.9993041159337143,-0.0006958840531297028,0.0006958840531297028,-0.06958840531297028
Pythia_minus,282,MUR1.0_MUF1.0_PDF26450,pdf,5,0.84,1.05,0.7593017220497131,0.7576535940170288,0.9978294161795982,-0.0021705839317291975,0.0021705839317291975,-0.21705839317291975
Pythia_minus,282,MUR1.0_MUF1.0_PDF26450,pdf,6,1.05,1.37,0.7337679862976074,0.7321046590805054,0.9977331700916869,-0.0022668298333883286,0.0022668298333883286,-0.22668298333883286
Pythia_minus,282,MUR1.0_MUF1.0_PDF26450,pdf,7,1.37,1.52,0.7370075583457947,0.7372933626174927,1.0003877901501301,0.00038779014721512794,0.00038779014721512794,0.038779014721512794
Pythia_minus,282,MUR1.0_MUF1.0_PDF26450,pdf,8,1.52,1.74,0.7175648808479309,0.717168390750885,0.9994474505265958,-0.0005525494925677776,0.0005525494925677776,-0.05525494925677776
Pythia_minus,282,MUR1.0_MUF1.0_PDF26450,pdf,9,1.74,1.95,0.6435351371765137,0.6421114802360535,0.9977877556978374,-0.0022122443187981844,0.0022122443187981844,-0.22122443187981844
Pythia_minus,282,MUR1.0_MUF1.0_PDF26450,pdf,10,1.95,2.18,0.7551155686378479,0.7522559762001038,0.9962130400212744,-0.003786959918215871,0.003786959918215871,-0.3786959918215871
Pythia_minus,282,MUR1.0_MUF1.0_PDF26450,pdf,11,2.18,2.5,0.7272884249687195,0.729024350643158,1.0023868462838703,0.0023868463467806578,0.0023868463467806578,0.23868463467806578
Pythia_minus,283,MUR1.0_MUF1.0_PDF26451,pdf,1,0.0,0.21,0.7786144614219666,0.7786606550216675,1.0000593279498258,5.932795102125965e-05,5.932795102125965e-05,0.005932795102125965
Pythia_minus,283,MUR1.0_MUF1.0_PDF26451,pdf,2,0.21,0.42,0.7478157877922058,0.7474775910377502,0.9995477539255302,-0.00045224608038552105,0.00045224608038552105,-0.045224608038552105
Pythia_minus,283,MUR1.0_MUF1.0_PDF26451,pdf,3,0.42,0.63,0.7352385520935059,0.7350274324417114,0.9997128555742986,-0.00028714441577903926,0.00028714441577903926,-0.028714441577903926
Pythia_minus,283,MUR1.0_MUF1.0_PDF26451,pdf,4,0.63,0.84,0.7513492107391357,0.7509065270423889,0.9994108149840054,-0.0005891849868930876,0.0005891849868930876,-0.05891849868930876
Pythia_minus,283,MUR1.0_MUF1.0_PDF26451,pdf,5,0.84,1.05,0.7593017220497131,0.758367657661438,0.9987698376532669,-0.0012301623355597258,0.0012301623355597258,-0.12301623355597258
Pythia_minus,283,MUR1.0_MUF1.0_PDF26451,pdf,6,1.05,1.37,0.7337679862976074,0.7330145239830017,0.9989731600060566,-0.0010268399491906166,0.0010268399491906166,-0.10268399491906166
Pythia_minus,283,MUR1.0_MUF1.0_PDF26451,pdf,7,1.37,1.52,0.7370075583457947,0.7372464537620544,1.0003241424237168,0.00032414242741651833,0.00032414242741651833,0.03241424274165183
Pythia_minus,283,MUR1.0_MUF1.0_PDF26451,pdf,8,1.52,1.74,0.7175648808479309,0.7178743481636047,1.0004312743334207,0.00043127432581968606,0.00043127432581968606,0.043127432581968606
Pythia_minus,283,MUR1.0_MUF1.0_PDF26451,pdf,9,1.74,1.95,0.6435351371765137,0.6436933875083923,1.0002459078342993,0.00024590783868916333,0.00024590783868916333,0.024590783868916333
Pythia_minus,283,MUR1.0_MUF1.0_PDF26451,pdf,10,1.95,2.18,0.7551155686378479,0.7562163472175598,1.001457761732681,0.0014577617403119802,0.0014577617403119802,0.14577617403119802
Pythia_minus,283,MUR1.0_MUF1.0_PDF26451,pdf,11,2.18,2.5,0.7272884249687195,0.7304247617721558,1.0043123700250987,0.0043123699724674225,0.0043123699724674225,0.43123699724674225
Pythia_minus,284,MUR1.0_MUF1.0_PDF26452,pdf,1,0.0,0.21,0.7786144614219666,0.7786602973937988,1.0000588686366658,5.8868638006970286e-05,5.8868638006970286e-05,0.005886863800697029
Pythia_minus,284,MUR1.0_MUF1.0_PDF26452,pdf,2,0.21,0.42,0.7478157877922058,0.7474783658981323,0.9995487900903113,-0.00045120989670976996,0.00045120989670976996,-0.045120989670976996
Pythia_minus,284,MUR1.0_MUF1.0_PDF26452,pdf,3,0.42,0.63,0.7352385520935059,0.7350277900695801,0.9997133419849575,-0.0002866580034606159,0.0002866580034606159,-0.028665800346061587
Pythia_minus,284,MUR1.0_MUF1.0_PDF26452,pdf,4,0.63,0.84,0.7513492107391357,0.7509056925773621,0.9994097043619207,-0.0005902956472709775,0.0005902956472709775,-0.05902956472709775
Pythia_minus,284,MUR1.0_MUF1.0_PDF26452,pdf,5,0.84,1.05,0.7593017220497131,0.7583667039871216,0.9987685816646543,-0.0012314183404669166,0.0012314183404669166,-0.12314183404669166
Pythia_minus,284,MUR1.0_MUF1.0_PDF26452,pdf,6,1.05,1.37,0.7337679862976074,0.7330132126808167,0.9989713729259311,-0.0010286270407959819,0.0010286270407959819,-0.10286270407959819
Pythia_minus,284,MUR1.0_MUF1.0_PDF26452,pdf,7,1.37,1.52,0.7370075583457947,0.7372453212738037,1.0003226058204107,0.00032260583247989416,0.00032260583247989416,0.032260583247989416
Pythia_minus,284,MUR1.0_MUF1.0_PDF26452,pdf,8,1.52,1.74,0.7175648808479309,0.71787428855896,1.0004311912682564,0.00043119126348756254,0.00043119126348756254,0.043119126348756254
Pythia_minus,284,MUR1.0_MUF1.0_PDF26452,pdf,9,1.74,1.95,0.6435351371765137,0.6436941027641296,1.000247019282138,0.00024701928487047553,0.00024701928487047553,0.024701928487047553
Pythia_minus,284,MUR1.0_MUF1.0_PDF26452,pdf,10,1.95,2.18,0.7551155686378479,0.7562175989151001,1.0014594193564836,0.001459419378079474,0.001459419378079474,0.1459419378079474
Pythia_minus,284,MUR1.0_MUF1.0_PDF26452,pdf,11,2.18,2.5,0.7272884249687195,0.7304257750511169,1.0043137632535983,0.004313763231039047,0.004313763231039047,0.4313763231039047
Pythia_minus,285,MUR1.0_MUF1.0_PDF26453,pdf,1,0.0,0.21,0.7786144614219666,0.7786595821380615,1.000057950010346,5.795001197839156e-05,5.795001197839156e-05,0.005795001197839156
Pythia_minus,285,MUR1.0_MUF1.0_PDF26453,pdf,2,0.21,0.42,0.7478157877922058,0.7474783658981323,0.9995487900903113,-0.00045120989670976996,0.00045120989670976996,-0.045120989670976996
Pythia_minus,285,MUR1.0_MUF1.0_PDF26453,pdf,3,0.42,0.63,0.7352385520935059,0.7350282073020935,0.9997139094640598,-0.0002860905369743705,0.0002860905369743705,-0.028609053697437048
Pythia_minus,285,MUR1.0_MUF1.0_PDF26453,pdf,4,0.63,0.84,0.7513492107391357,0.7509062886238098,0.9994104976634098,-0.0005895023350603878,0.0005895023350603878,-0.058950233506038785
Pythia_minus,285,MUR1.0_MUF1.0_PDF26453,pdf,5,0.84,1.05,0.7593017220497131,0.7583672404289246,0.998769288158249,-0.001230711815878749,0.001230711815878749,-0.12307118158787489
Pythia_minus,285,MUR1.0_MUF1.0_PDF26453,pdf,6,1.05,1.37,0.7337679862976074,0.7330138683319092,0.9989722664659938,-0.0010277335532009602,0.0010277335532009602,-0.10277335532009602
Pythia_minus,285,MUR1.0_MUF1.0_PDF26453,pdf,7,1.37,1.52,0.7370075583457947,0.7372459769248962,1.000323495432851,0.0003234954201616347,0.0003234954201616347,0.03234954201616347
Pythia_minus,285,MUR1.0_MUF1.0_PDF26453,pdf,8,1.52,1.74,0.7175648808479309,0.7178745865821838,1.0004316065940781,0.0004316066042520106,0.0004316066042520106,0.04316066042520106
Pythia_minus,285,MUR1.0_MUF1.0_PDF26453,pdf,9,1.74,1.95,0.6435351371765137,0.6436940431594849,1.0002469266614848,0.00024692664737813175,0.00024692664737813175,0.024692664737813175
Pythia_minus,285,MUR1.0_MUF1.0_PDF26453,pdf,10,1.95,2.18,0.7551155686378479,0.7562178373336792,1.0014597350943508,0.0014597350964322686,0.0014597350964322686,0.14597350964322686
Pythia_minus,285,MUR1.0_MUF1.0_PDF26453,pdf,11,2.18,2.5,0.7272884249687195,0.7304258346557617,1.0043138452082159,0.004313845187425613,0.004313845187425613,0.43138451874256134
Pythia_minus,286,MUR1.0_MUF1.0_PDF26454,pdf,1,0.0,0.21,0.7786144614219666,0.7786605954170227,1.0000592513976325,5.925139703322202e-05,5.925139703322202e-05,0.005925139703322202
Pythia_minus,286,MUR1.0_MUF1.0_PDF26454,pdf,2,0.21,0.42,0.7478157877922058,0.7474777698516846,0.9995479930404797,-0.00045200696331448853,0.00045200696331448853,-0.04520069633144885
Pythia_minus,286,MUR1.0_MUF1.0_PDF26454,pdf,3,0.42,0.63,0.7352385520935059,0.7350273728370667,0.9997127745058554,-0.0002872254990506917,0.0002872254990506917,-0.028722549905069172
Pythia_minus,286,MUR1.0_MUF1.0_PDF26454,pdf,4,0.63,0.84,0.7513492107391357,0.7509064674377441,0.9994107356538565,-0.0005892643239349127,0.0005892643239349127,-0.05892643239349127
Pythia_minus,286,MUR1.0_MUF1.0_PDF26454,pdf,5,0.84,1.05,0.7593017220497131,0.7583675980567932,0.9987697591539786,-0.0012302407994866371,0.0012302407994866371,-0.12302407994866371
Pythia_minus,286,MUR1.0_MUF1.0_PDF26454,pdf,6,1.05,1.37,0.7337679862976074,0.7330145835876465,0.9989732412369714,-0.0010267588077113032,0.0010267588077113032,-0.10267588077113032
Pythia_minus,286,MUR1.0_MUF1.0_PDF26454,pdf,7,1.37,1.52,0.7370075583457947,0.7372466325759888,1.0003243850452914,0.00032438503694720566,0.00032438503694720566,0.032438503694720566
Pythia_minus,286,MUR1.0_MUF1.0_PDF26454,pdf,8,1.52,1.74,0.7175648808479309,0.7178745865821838,1.0004316065940781,0.0004316066042520106,0.0004316066042520106,0.04316066042520106
Pythia_minus,286,MUR1.0_MUF1.0_PDF26454,pdf,9,1.74,1.95,0.6435351371765137,0.6436933279037476,1.0002458152136462,0.00024581520119681954,0.00024581520119681954,0.024581520119681954
Pythia_minus,286,MUR1.0_MUF1.0_PDF26454,pdf,10,1.95,2.18,0.7551155686378479,0.7562163472175598,1.001457761732681,0.0014577617403119802,0.0014577617403119802,0.14577617403119802
Pythia_minus,286,MUR1.0_MUF1.0_PDF26454,pdf,11,2.18,2.5,0.7272884249687195,0.7304246425628662,1.0043122061158634,0.00431220605969429,0.00431220605969429,0.431220605969429
Pythia_minus,287,MUR1.0_MUF1.0_PDF26455,pdf,1,0.0,0.21,0.7786144614219666,0.7786582112312317,1.0000561893098996,5.6189310271292925e-05,5.6189310271292925e-05,0.0056189310271292925
Pythia_minus,287,MUR1.0_MUF1.0_PDF26455,pdf,2,0.21,0.42,0.7478157877922058,0.747477650642395,0.9995478336305134,-0.00045216636499390006,0.00045216636499390006,-0.045216636499390006
Pythia_minus,287,MUR1.0_MUF1.0_PDF26455,pdf,3,0.42,0.63,0.7352385520935059,0.7350285649299622,0.9997143958747188,-0.0002856041246559471,0.0002856041246559471,-0.02856041246559471
Pythia_minus,287,MUR1.0_MUF1.0_PDF26455,pdf,4,0.63,0.84,0.7513492107391357,0.7509087324142456,0.9994137501995153,-0.0005862498073838651,0.0005862498073838651,-0.05862498073838651
Pythia_minus,287,MUR1.0_MUF1.0_PDF26455,pdf,5,0.84,1.05,0.7593017220497131,0.758367121219635,0.9987691311596724,-0.0012308688601478934,0.0012308688601478934,-0.12308688601478934
Pythia_minus,287,MUR1.0_MUF1.0_PDF26455,pdf,6,1.05,1.37,0.7337679862976074,0.733012318611145,0.9989701544622092,-0.0010298455599695444,0.0010298455599695444,-0.10298455599695444
Pythia_minus,287,MUR1.0_MUF1.0_PDF26455,pdf,7,1.37,1.52,0.7370075583457947,0.7372445464134216,1.000321554460254,0.00032155445660464466,0.00032155445660464466,0.032155445660464466
Pythia_minus,287,MUR1.0_MUF1.0_PDF26455,pdf,8,1.52,1.74,0.7175648808479309,0.7178734540939331,1.000430028355955,0.00043002836173400283,0.00043002836173400283,0.04300283617340028
Pythia_minus,287,MUR1.0_MUF1.0_PDF26455,pdf,9,1.74,1.95,0.6435351371765137,0.6436927318572998,1.000244889007114,0.00024488900089636445,0.00024488900089636445,0.024488900089636445
Pythia_minus,287,MUR1.0_MUF1.0_PDF26455,pdf,10,1.95,2.18,0.7551155686378479,0.7562151551246643,1.0014561830433453,0.0014561830321326852,0.0014561830321326852,0.14561830321326852
Pythia_minus,287,MUR1.0_MUF1.0_PDF26455,pdf,11,2.18,2.5,0.7272884249687195,0.7304246425628662,1.0043122061158634,0.00431220605969429,0.00431220605969429,0.431220605969429
Pythia_minus,288,MUR1.0_MUF1.0_PDF26456,pdf,1,0.0,0.21,0.7786144614219666,0.7786614894866943,1.0000603996805324,6.0399681387934834e-05,6.0399681387934834e-05,0.006039968138793483
Pythia_minus,288,MUR1.0_MUF1.0_PDF26456,pdf,2,0.21,0.42,0.7478157877922058,0.7474765777587891,0.9995463989408164,-0.0004536010674200952,0.0004536010674200952,-0.04536010674200952
Pythia_minus,288,MUR1.0_MUF1.0_PDF26456,pdf,3,0.42,0.63,0.7352385520935059,0.7350279688835144,0.9997135851902871,-0.0002864148118533194,0.0002864148118533194,-0.02864148118533194
Pythia_minus,288,MUR1.0_MUF1.0_PDF26456,pdf,4,0.63,0.84,0.7513492107391357,0.7509068250656128,0.99941121163475,-0.0005887883598916233,0.0005887883598916233,-0.058878835989162326
Pythia_minus,288,MUR1.0_MUF1.0_PDF26456,pdf,5,0.84,1.05,0.7593017220497131,0.7583683133125305,0.9987707011454381,-0.0012292988831177354,0.0012292988831177354,-0.12292988831177354
Pythia_minus,288,MUR1.0_MUF1.0_PDF26456,pdf,6,1.05,1.37,0.7337679862976074,0.7330158352851868,0.9989749470861821,-0.0010250528575852513,0.0010250528575852513,-0.10250528575852513
Pythia_minus,288,MUR1.0_MUF1.0_PDF26456,pdf,7,1.37,1.52,0.7370075583457947,0.737244725227356,1.0003217970818286,0.00032179709523916245,0.00032179709523916245,0.032179709523916245
Pythia_minus,288,MUR1.0_MUF1.0_PDF26456,pdf,8,1.52,1.74,0.7175648808479309,0.7178763747215271,1.0004340985490094,0.0004340985615272075,0.0004340985615272075,0.04340985615272075
Pythia_minus,288,MUR1.0_MUF1.0_PDF26456,pdf,9,1.74,1.95,0.6435351371765137,0.6436958312988281,1.0002497052810815,0.0002497052773833275,0.0002497052773833275,0.02497052773833275
Pythia_minus,288,MUR1.0_MUF1.0_PDF26456,pdf,10,1.95,2.18,0.7551155686378479,0.7562176585197449,1.0014594982909504,0.0014594983076676726,0.0014594983076676726,0.14594983076676726
Pythia_minus,288,MUR1.0_MUF1.0_PDF26456,pdf,11,2.18,2.5,0.7272884249687195,0.7304284572601318,1.0043174512113917,0.0043174512684345245,0.0043174512684345245,0.43174512684345245
Pythia_minus,289,MUR1.0_MUF1.0_PDF26457,pdf,1,0.0,0.21,0.7786144614219666,0.7786596417427063,1.0000580265625394,5.802656232845038e-05,5.802656232845038e-05,0.005802656232845038
Pythia_minus,289,MUR1.0_MUF1.0_PDF26457,pdf,2,0.21,0.42,0.7478157877922058,0.7474784851074219,0.9995489495002776,-0.00045105049503035843,0.00045105049503035843,-0.04510504950303584
Pythia_minus,289,MUR1.0_MUF1.0_PDF26457,pdf,3,0.42,0.63,0.7352385520935059,0.7350278496742249,0.9997134230534007,-0.00028657694929279387,0.00028657694929279387,-0.028657694929279387
Pythia_minus,289,MUR1.0_MUF1.0_PDF26457,pdf,4,0.63,0.84,0.7513492107391357,0.7509060502052307,0.9994101803428141,-0.0005898196832276881,0.0005898196832276881,-0.05898196832276881
Pythia_minus,289,MUR1.0_MUF1.0_PDF26457,pdf,5,0.84,1.05,0.7593017220497131,0.7583667635917664,0.9987686601639426,-0.0012313398765400052,0.0012313398765400052,-0.12313398765400052
Pythia_minus,289,MUR1.0_MUF1.0_PDF26457,pdf,6,1.05,1.37,0.7337679862976074,0.7330139875411987,0.9989724289278235,-0.0010275710374116898,0.0010275710374116898,-0.10275710374116898
Pythia_minus,289,MUR1.0_MUF1.0_PDF26457,pdf,7,1.37,1.52,0.7370075583457947,0.7372458577156067,1.0003233336851347,0.0003233336901757866,0.0003233336901757866,0.03233336901757866
Pythia_minus,289,MUR1.0_MUF1.0_PDF26457,pdf,8,1.52,1.74,0.7175648808479309,0.7178745269775391,1.0004315235289138,0.00043152354191988707,0.00043152354191988707,0.04315235419198871
Pythia_minus,289,MUR1.0_MUF1.0_PDF26457,pdf,9,1.74,1.95,0.6435351371765137,0.6436938643455505,1.0002466487995252,0.0002466487931087613,0.0002466487931087613,0.02466487931087613
Pythia_minus,289,MUR1.0_MUF1.0_PDF26457,pdf,10,1.95,2.18,0.7551155686378479,0.7562178373336792,1.0014597350943508,0.0014597350964322686,0.0014597350964322686,0.14597350964322686
Pythia_minus,289,MUR1.0_MUF1.0_PDF26457,pdf,11,2.18,2.5,0.7272884249687195,0.7304258346557617,1.0043138452082159,0.004313845187425613,0.004313845187425613,0.43138451874256134
Pythia_minus,290,MUR1.0_MUF1.0_PDF26458,pdf,1,0.0,0.21,0.7786144614219666,0.7786605358123779,1.0000591748454393,5.9174846683163196e-05,5.9174846683163196e-05,0.00591748466831632
Pythia_minus,290,MUR1.0_MUF1.0_PDF26458,pdf,2,0.21,0.42,0.7478157877922058,0.747477650642395,0.9995478336305134,-0.00045216636499390006,0.00045216636499390006,-0.045216636499390006
Pythia_minus,290,MUR1.0_MUF1.0_PDF26458,pdf,3,0.42,0.63,0.7352385520935059,0.7350274324417114,0.9997128555742986,-0.00028714441577903926,0.00028714441577903926,-0.028714441577903926
Pythia_minus,290,MUR1.0_MUF1.0_PDF26458,pdf,4,0.63,0.84,0.7513492107391357,0.7509065270423889,0.9994108149840054,-0.0005891849868930876,0.0005891849868930876,-0.05891849868930876
Pythia_minus,290,MUR1.0_MUF1.0_PDF26458,pdf,5,0.84,1.05,0.7593017220497131,0.7583677768707275,0.9987699946518435,-0.0012300052912905812,0.0012300052912905812,-0.12300052912905812
Pythia_minus,290,MUR1.0_MUF1.0_PDF26458,pdf,6,1.05,1.37,0.7337679862976074,0.7330146431922913,0.9989733224678862,-0.001026677549816668,0.001026677549816668,-0.1026677549816668
Pythia_minus,290,MUR1.0_MUF1.0_PDF26458,pdf,7,1.37,1.52,0.7370075583457947,0.7372466921806335,1.0003244659191497,0.0003244659164920449,0.0003244659164920449,0.03244659164920449
Pythia_minus,290,MUR1.0_MUF1.0_PDF26458,pdf,8,1.52,1.74,0.7175648808479309,0.7178745865821838,1.0004316065940781,0.0004316066042520106,0.0004316066042520106,0.04316066042520106
Pythia_minus,290,MUR1.0_MUF1.0_PDF26458,pdf,9,1.74,1.95,0.6435351371765137,0.6436935663223267,1.000246185696259,0.00024618569295853376,0.00024618569295853376,0.024618569295853376
Pythia_minus,290,MUR1.0_MUF1.0_PDF26458,pdf,10,1.95,2.18,0.7551155686378479,0.7562164664268494,1.0014579196016147,0.0014579195994883776,0.0014579195994883776,0.14579195994883776
Pythia_minus,290,MUR1.0_MUF1.0_PDF26458,pdf,11,2.18,2.5,0.7272884249687195,0.7304246425628662,1.0043122061158634,0.00431220605969429,0.00431220605969429,0.431220605969429
Pythia_minus,291,MUR1.0_MUF1.0_PDF26459,pdf,1,0.0,0.21,0.7786144614219666,0.7786605358123779,1.0000591748454393,5.9174846683163196e-05,5.9174846683163196e-05,0.00591748466831632
Pythia_minus,291,MUR1.0_MUF1.0_PDF26459,pdf,2,0.21,0.42,0.7478157877922058,0.7474777698516846,0.9995479930404797,-0.00045200696331448853,0.00045200696331448853,-0.04520069633144885
Pythia_minus,291,MUR1.0_MUF1.0_PDF26459,pdf,3,0.42,0.63,0.7352385520935059,0.7350273728370667,0.9997127745058554,-0.0002872254990506917,0.0002872254990506917,-0.028722549905069172
Pythia_minus,291,MUR1.0_MUF1.0_PDF26459,pdf,4,0.63,0.84,0.7513492107391357,0.750906229019165,0.9994104183332608,-0.0005895816721022129,0.0005895816721022129,-0.05895816721022129
Pythia_minus,291,MUR1.0_MUF1.0_PDF26459,pdf,5,0.84,1.05,0.7593017220497131,0.758368194103241,0.9987705441468615,-0.001229455810971558,0.001229455810971558,-0.12294558109715581
Pythia_minus,291,MUR1.0_MUF1.0_PDF26459,pdf,6,1.05,1.37,0.7337679862976074,0.7330158352851868,0.9989749470861821,-0.0010250528575852513,0.0010250528575852513,-0.10250528575852513
Pythia_minus,291,MUR1.0_MUF1.0_PDF26459,pdf,7,1.37,1.52,0.7370075583457947,0.737246572971344,1.0003243041714331,0.0003243041574023664,0.0003243041574023664,0.03243041574023664
Pythia_minus,291,MUR1.0_MUF1.0_PDF26459,pdf,8,1.52,1.74,0.7175648808479309,0.7178749442100525,1.0004321049850644,0.0004321049782447517,0.0004321049782447517,0.04321049782447517
Pythia_minus,291,MUR1.0_MUF1.0_PDF26459,pdf,9,1.74,1.95,0.6435351371765137,0.6436944007873535,1.0002474823854042,0.0002474823850207031,0.0002474823850207031,0.024748238502070308
Pythia_minus,291,MUR1.0_MUF1.0_PDF26459,pdf,10,1.95,2.18,0.7551155686378479,0.7562159895896912,1.0014572881258803,0.0014572881627827883,0.0014572881627827883,0.14572881627827883
Pythia_minus,291,MUR1.0_MUF1.0_PDF26459,pdf,11,2.18,2.5,0.7272884249687195,0.7304267883300781,1.004315156482098,0.004315156489610672,0.004315156489610672,0.4315156489610672
Pythia_minus,292,Var3cUp,model,1,0.0,0.21,0.7786144614219666,0.7792121767997742,1.00076766539465,0.0007676653913222253,0.0007676653913222253,0.07676653913222253
Pythia_minus,292,Var3cUp,model,2,0.21,0.42,0.7478157877922058,0.7417242527008057,0.9918542304256717,-0.008145769126713276,0.008145769126713276,-0.8145769126713276
Pythia_minus,292,Var3cUp,model,3,0.42,0.63,0.7352385520935059,0.7344073057174683,0.9988694194915776,-0.001130580552853644,0.001130580552853644,-0.11305805528536439
Pythia_minus,292,Var3cUp,model,4,0.63,0.84,0.7513492107391357,0.7508324980735779,0.9993122869390525,-0.000687713036313653,0.000687713036313653,-0.0687713036313653
Pythia_minus,292,Var3cUp,model,5,0.84,1.05,0.7593017220497131,0.7591116428375244,0.9997496657696553,-0.00025033424026332796,0.00025033424026332796,-0.025033424026332796
Pythia_minus,292,Var3cUp,model,6,1.05,1.37,0.7337679862976074,0.7366494536399841,1.0039269461140106,0.0039269463159143925,0.0039269463159143925,0.39269463159143925
Pythia_minus,292,Var3cUp,model,7,1.37,1.52,0.7370075583457947,0.7342569231987,0.9962678331911975,-0.0037321667186915874,0.0037321667186915874,-0.37321667186915874
Pythia_minus,292,Var3cUp,model,8,1.52,1.74,0.7175648808479309,0.7191786170005798,1.0022489062602145,0.00224890629760921,0.00224890629760921,0.224890629760921
Pythia_minus,292,Var3cUp,model,9,1.74,1.95,0.6435351371765137,0.6381886005401611,0.9916919274061549,-0.008308072574436665,0.008308072574436665,-0.8308072574436665
Pythia_minus,292,Var3cUp,model,10,1.95,2.18,0.7551155686378479,0.7551102638244629,0.9999929748324556,-7.025167633400997e-06,7.025167633400997e-06,-0.0007025167633400997
Pythia_minus,292,Var3cUp,model,11,2.18,2.5,0.7272884249687195,0.7245782017707825,0.9962735235363418,-0.0037264765705913305,0.0037264765705913305,-0.37264765705913305
Pythia_minus,293,Var3cDown,model,1,0.0,0.21,0.7786144614219666,0.778950572013855,1.0004316778181523,0.0004316778213251382,0.0004316778213251382,0.04316778213251382
Pythia_minus,293,Var3cDown,model,2,0.21,0.42,0.7478157877922058,0.7516291737556458,1.0050993654128355,0.00509936548769474,0.00509936548769474,0.509936548769474
Pythia_minus,293,Var3cDown,model,3,0.42,0.63,0.7352385520935059,0.7358400821685791,1.0008181427284526,0.0008181427256204188,0.0008181427256204188,0.08181427256204188
Pythia_minus,293,Var3cDown,model,4,0.63,0.84,0.7513492107391357,0.7512292265892029,0.9998403084102333,-0.00015969158266671002,0.00015969158266671002,-0.015969158266671002
Pythia_minus,293,Var3cDown,model,5,0.84,1.05,0.7593017220497131,0.759436845779419,1.0001779578865448,0.00017795788880903274,0.00017795788880903274,0.017795788880903274
Pythia_minus,293,Var3cDown,model,6,1.05,1.37,0.7337679862976074,0.7300724387168884,0.994963602051698,-0.005036397837102413,0.005036397837102413,-0.5036397837102413
Pythia_minus,293,Var3cDown,model,7,1.37,1.52,0.7370075583457947,0.7405533790588379,1.004811104951219,0.004811104852706194,0.004811104852706194,0.4811104852706194
Pythia_minus,293,Var3cDown,model,8,1.52,1.74,0.7175648808479309,0.718024492263794,1.0006405154824745,0.0006405154708772898,0.0006405154708772898,0.06405154708772898
Pythia_minus,293,Var3cDown,model,9,1.74,1.95,0.6435351371765137,0.6470126509666443,1.0054037667708218,0.0054037668742239475,0.0054037668742239475,0.5403766874223948
Pythia_minus,293,Var3cDown,model,10,1.95,2.18,0.7551155686378479,0.7542911171913147,0.9989081784553583,-0.0010918215848505497,0.0010918215848505497,-0.10918215848505497
Pythia_minus,293,Var3cDown,model,11,2.18,2.5,0.7272884249687195,0.7287180423736572,1.0019656815038673,0.001965681556612253,0.001965681556612253,0.19656815566122532
Pythia_minus,294,isr_muRfac_2.0_fsr_muRfac_2.0,shower,1,0.0,0.21,0.7786144614219666,0.7646594047546387,0.9820770646337058,-0.017922936007380486,0.017922936007380486,-1.7922936007380486
Pythia_minus,294,isr_muRfac_2.0_fsr_muRfac_2.0,shower,2,0.21,0.42,0.7478157877922058,0.7449781894683838,0.9962054848665344,-0.0037945150397717953,0.0037945150397717953,-0.3794515039771795
Pythia_minus,294,isr_muRfac_2.0_fsr_muRfac_2.0,shower,3,0.42,0.63,0.7352385520935059,0.7227998375892639,0.9830820698005781,-0.01691793091595173,0.01691793091595173,-1.6917930915951729
Pythia_minus,294,isr_muRfac_2.0_fsr_muRfac_2.0,shower,4,0.63,0.84,0.7513492107391357,0.7344966530799866,0.9775702730258137,-0.022429727017879486,0.022429727017879486,-2.2429727017879486
Pythia_minus,294,isr_muRfac_2.0_fsr_muRfac_2.0,shower,5,0.84,1.05,0.7593017220497131,0.7554070353507996,0.9948706995048029,-0.005129300523549318,0.005129300523549318,-0.5129300523549318
Pythia_minus,294,isr_muRfac_2.0_fsr_muRfac_2.0,shower,6,1.05,1.37,0.7337679862976074,0.7126317620277405,0.9711949489967332,-0.028805050998926163,0.028805050998926163,-2.8805050998926163
Pythia_minus,294,isr_muRfac_2.0_fsr_muRfac_2.0,shower,7,1.37,1.52,0.7370075583457947,0.7328420281410217,0.994348049544943,-0.005651950370520353,0.005651950370520353,-0.5651950370520353
Pythia_minus,294,isr_muRfac_2.0_fsr_muRfac_2.0,shower,8,1.52,1.74,0.7175648808479309,0.7063568830490112,0.9843805095566056,-0.015619490295648575,0.015619490295648575,-1.5619490295648575
Pythia_minus,294,isr_muRfac_2.0_fsr_muRfac_2.0,shower,9,1.74,1.95,0.6435351371765137,0.63308185338974,0.9837564677002144,-0.016243532299995422,0.016243532299995422,-1.6243532299995422
Pythia_minus,294,isr_muRfac_2.0_fsr_muRfac_2.0,shower,10,1.95,2.18,0.7551155686378479,0.757663369178772,1.003374053782946,0.0033740538638085127,0.0033740538638085127,0.33740538638085127
Pythia_minus,294,isr_muRfac_2.0_fsr_muRfac_2.0,shower,11,2.18,2.5,0.7272884249687195,0.7195824384689331,0.9894044972596425,-0.010595502331852913,0.010595502331852913,-1.0595502331852913
Pythia_minus,295,isr_muRfac_2.0_fsr_muRfac_1.0,shower,1,0.0,0.21,0.7786144614219666,0.7789687514305115,1.000455026237116,0.00045502622378990054,0.00045502622378990054,0.045502622378990054
Pythia_minus,295,isr_muRfac_2.0_fsr_muRfac_1.0,shower,2,0.21,0.42,0.7478157877922058,0.751713752746582,1.0052124667839446,0.005212466698139906,0.005212466698139906,0.5212466698139906
Pythia_minus,295,isr_muRfac_2.0_fsr_muRfac_1.0,shower,3,0.42,0.63,0.7352385520935059,0.7358563542366028,1.0008402744134375,0.0008402744424529374,0.0008402744424529374,0.08402744424529374
Pythia_minus,295,isr_muRfac_2.0_fsr_muRfac_1.0,shower,4,0.63,0.84,0.7513492107391357,0.7512224316596985,0.999831264773257,-0.00016873521963134408,0.00016873521963134408,-0.016873521963134408
Pythia_minus,295,isr_muRfac_2.0_fsr_muRfac_1.0,shower,5,0.84,1.05,0.7593017220497131,0.7594423890113831,1.0001852583203554,0.00018525832274463028,0.00018525832274463028,0.018525832274463028
Pythia_minus,295,isr_muRfac_2.0_fsr_muRfac_1.0,shower,6,1.05,1.37,0.7337679862976074,0.7299675941467285,0.9948207168725708,-0.005179283209145069,0.005179283209145069,-0.5179283209145069
Pythia_minus,295,isr_muRfac_2.0_fsr_muRfac_1.0,shower,7,1.37,1.52,0.7370075583457947,0.740658164024353,1.004953281193957,0.00495328102260828,0.00495328102260828,0.495328102260828
Pythia_minus,295,isr_muRfac_2.0_fsr_muRfac_1.0,shower,8,1.52,1.74,0.7175648808479309,0.7180575132369995,1.0006865335835367,0.0006865335744805634,0.0006865335744805634,0.06865335744805634
Pythia_minus,295,isr_muRfac_2.0_fsr_muRfac_1.0,shower,9,1.74,1.95,0.6435351371765137,0.6470909714698792,1.005525470309153,0.005525470245629549,0.005525470245629549,0.5525470245629549
Pythia_minus,295,isr_muRfac_2.0_fsr_muRfac_1.0,shower,10,1.95,2.18,0.7551155686378479,0.7542558312416077,0.9988614492510185,-0.0011385506950318813,0.0011385506950318813,-0.11385506950318813
Pythia_minus,295,isr_muRfac_2.0_fsr_muRfac_1.0,shower,11,2.18,2.5,0.7272884249687195,0.7287472486495972,1.002005839266506,0.002005839254707098,0.002005839254707098,0.2005839254707098
Pythia_minus,296,isr_muRfac_2.0_fsr_muRfac_0.5,shower,1,0.0,0.21,0.7786144614219666,0.8091979026794434,1.039279313155349,0.03927931189537048,0.03927931189537048,3.9279311895370483
Pythia_minus,296,isr_muRfac_2.0_fsr_muRfac_0.5,shower,2,0.21,0.42,0.7478157877922058,0.7742506861686707,1.035349478852953,0.03534947708249092,0.03534947708249092,3.534947708249092
Pythia_minus,296,isr_muRfac_2.0_fsr_muRfac_0.5,shower,3,0.42,0.63,0.7352385520935059,0.7588871121406555,1.032164472306047,0.032164473086595535,0.032164473086595535,3.2164473086595535
Pythia_minus,296,isr_muRfac_2.0_fsr_muRfac_0.5,shower,4,0.63,0.84,0.7513492107391357,0.7778614163398743,1.035286129567711,0.035286128520965576,0.035286128520965576,3.5286128520965576
Pythia_minus,296,isr_muRfac_2.0_fsr_muRfac_0.5,shower,5,0.84,1.05,0.7593017220497131,0.7646592855453491,1.0070559085276054,0.007055908441543579,0.007055908441543579,0.7055908441543579
Pythia_minus,296,isr_muRfac_2.0_fsr_muRfac_0.5,shower,6,1.05,1.37,0.7337679862976074,0.7461045980453491,1.016812687359105,0.01681268773972988,0.01681268773972988,1.6812687739729881
Pythia_minus,296,isr_muRfac_2.0_fsr_muRfac_0.5,shower,7,1.37,1.52,0.7370075583457947,0.7433321475982666,1.0085814442210979,0.00858144462108612,0.00858144462108612,0.8581444621086121
Pythia_minus,296,isr_muRfac_2.0_fsr_muRfac_0.5,shower,8,1.52,1.74,0.7175648808479309,0.7434502840042114,1.0360739549094045,0.0360739566385746,0.0360739566385746,3.60739566385746
Pythia_minus,296,isr_muRfac_2.0_fsr_muRfac_0.5,shower,9,1.74,1.95,0.6435351371765137,0.6815608739852905,1.0590888276522294,0.059088826179504395,0.059088826179504395,5.9088826179504395
Pythia_minus,296,isr_muRfac_2.0_fsr_muRfac_0.5,shower,10,1.95,2.18,0.7551155686378479,0.7605329751968384,1.0071742747520924,0.007174274884164333,0.007174274884164333,0.7174274884164333
Pythia_minus,296,isr_muRfac_2.0_fsr_muRfac_0.5,shower,11,2.18,2.5,0.7272884249687195,0.756356954574585,1.0399683655175946,0.03996836394071579,0.03996836394071579,3.996836394071579
Pythia_minus,297,isr_muRfac_1.0_fsr_muRfac_2.0,shower,1,0.0,0.21,0.7786144614219666,0.7626129388809204,0.9794487216281305,-0.020551279187202454,0.020551279187202454,-2.0551279187202454
Pythia_minus,297,isr_muRfac_1.0_fsr_muRfac_2.0,shower,2,0.21,0.42,0.7478157877922058,0.7426669597625732,0.9931148444393858,-0.0068851555697619915,0.0068851555697619915,-0.6885155569761992
Pythia_minus,297,isr_muRfac_1.0_fsr_muRfac_2.0,shower,3,0.42,0.63,0.7352385520935059,0.7222910523414612,0.9823900695696952,-0.01760992966592312,0.01760992966592312,-1.7609929665923119
Pythia_minus,297,isr_muRfac_1.0_fsr_muRfac_2.0,shower,4,0.63,0.84,0.7513492107391357,0.7331123352050781,0.975727830317254,-0.024272169917821884,0.024272169917821884,-2.4272169917821884
Pythia_minus,297,isr_muRfac_1.0_fsr_muRfac_2.0,shower,5,0.84,1.05,0.7593017220497131,0.756134033203125,0.9958281553240298,-0.004171844571828842,0.004171844571828842,-0.4171844571828842
Pythia_minus,297,isr_muRfac_1.0_fsr_muRfac_2.0,shower,6,1.05,1.37,0.7337679862976074,0.715725839138031,0.9754116457838231,-0.02458835393190384,0.02458835393190384,-2.458835393190384
Pythia_minus,297,isr_muRfac_1.0_fsr_muRfac_2.0,shower,7,1.37,1.52,0.7370075583457947,0.7285685539245605,0.9885496365326627,-0.01145036332309246,0.01145036332309246,-1.145036332309246
Pythia_minus,297,isr_muRfac_1.0_fsr_muRfac_2.0,shower,8,1.52,1.74,0.7175648808479309,0.7064102292060852,0.9844548528787188,-0.015545147471129894,0.015545147471129894,-1.5545147471129894
Pythia_minus,297,isr_muRfac_1.0_fsr_muRfac_2.0,shower,9,1.74,1.95,0.6435351371765137,0.6307357549667358,0.9801108261688171,-0.01988917402923107,0.01988917402923107,-1.9889174029231071
Pythia_minus,297,isr_muRfac_1.0_fsr_muRfac_2.0,shower,10,1.95,2.18,0.7551155686378479,0.7582955360412598,1.0042112327377228,0.004211232531815767,0.004211232531815767,0.42112325318157673
Pythia_minus,297,isr_muRfac_1.0_fsr_muRfac_2.0,shower,11,2.18,2.5,0.7272884249687195,0.7194688320159912,0.9892482917584388,-0.010751708410680294,0.010751708410680294,-1.0751708410680294
Pythia_minus,298,isr_muRfac_1.0_fsr_muRfac_0.5,shower,1,0.0,0.21,0.7786144614219666,0.8089056015014648,1.0389039011992895,0.03890389949083328,0.03890389949083328,3.8903899490833282
Pythia_minus,298,isr_muRfac_1.0_fsr_muRfac_0.5,shower,2,0.21,0.42,0.7478157877922058,0.7700555324554443,1.0297396030229549,0.029739603400230408,0.029739603400230408,2.9739603400230408
Pythia_minus,298,isr_muRfac_1.0_fsr_muRfac_0.5,shower,3,0.42,0.63,0.7352385520935059,0.7516626119613647,1.0223384095149708,0.02233840897679329,0.02233840897679329,2.233840897679329
Pythia_minus,298,isr_muRfac_1.0_fsr_muRfac_0.5,shower,4,0.63,0.84,0.7513492107391357,0.7824203968048096,1.0413538546678018,0.04135385528206825,0.04135385528206825,4.135385528206825
Pythia_minus,298,isr_muRfac_1.0_fsr_muRfac_0.5,shower,5,0.84,1.05,0.7593017220497131,0.7611535787582397,1.002438894387764,0.002438894473016262,0.002438894473016262,0.2438894473016262
Pythia_minus,298,isr_muRfac_1.0_fsr_muRfac_0.5,shower,6,1.05,1.37,0.7337679862976074,0.7499579787254333,1.0220641847697884,0.02206418476998806,0.02206418476998806,2.206418476998806
Pythia_minus,298,isr_muRfac_1.0_fsr_muRfac_0.5,shower,7,1.37,1.52,0.7370075583457947,0.740027904510498,1.0040981210172153,0.004098121076822281,0.004098121076822281,0.4098121076822281
Pythia_minus,298,isr_muRfac_1.0_fsr_muRfac_0.5,shower,8,1.52,1.74,0.7175648808479309,0.740750253200531,1.032311186028506,0.03231118619441986,0.03231118619441986,3.231118619441986
Pythia_minus,298,isr_muRfac_1.0_fsr_muRfac_0.5,shower,9,1.74,1.95,0.6435351371765137,0.6833375692367554,1.061849664083415,0.06184966489672661,0.06184966489672661,6.184966489672661
Pythia_minus,298,isr_muRfac_1.0_fsr_muRfac_0.5,shower,10,1.95,2.18,0.7551155686378479,0.7734406590461731,1.0242679282078395,0.024267928674817085,0.024267928674817085,2.4267928674817085
Pythia_minus,298,isr_muRfac_1.0_fsr_muRfac_0.5,shower,11,2.18,2.5,0.7272884249687195,0.755654513835907,1.0390025303488193,0.03900253027677536,0.03900253027677536,3.900253027677536
Pythia_minus,299,isr_muRfac_0.5_fsr_muRfac_2.0,shower,1,0.0,0.21,0.7786144614219666,0.7601086497306824,0.9762323812256358,-0.023767618462443352,0.023767618462443352,-2.376761846244335
Pythia_minus,299,isr_muRfac_0.5_fsr_muRfac_2.0,shower,2,0.21,0.42,0.7478157877922058,0.7377837896347046,0.9865849339887315,-0.013415065594017506,0.013415065594017506,-1.3415065594017506
Pythia_minus,299,isr_muRfac_0.5_fsr_muRfac_2.0,shower,3,0.42,0.63,0.7352385520935059,0.7216407656669617,0.9815056128547311,-0.018494386225938797,0.018494386225938797,-1.8494386225938797
Pythia_minus,299,isr_muRfac_0.5_fsr_muRfac_2.0,shower,4,0.63,0.84,0.7513492107391357,0.7305108904838562,0.9722654659678421,-0.027734534814953804,0.027734534814953804,-2.7734534814953804
Pythia_minus,299,isr_muRfac_0.5_fsr_muRfac_2.0,shower,5,0.84,1.05,0.7593017220497131,0.7571714520454407,0.9971944354366511,-0.0028055645525455475,0.0028055645525455475,-0.28055645525455475
Pythia_minus,299,isr_muRfac_0.5_fsr_muRfac_2.0,shower,6,1.05,1.37,0.7337679862976074,0.7185624837875366,0.9792775062499066,-0.020722493529319763,0.020722493529319763,-2.0722493529319763
Pythia_minus,299,isr_muRfac_0.5_fsr_muRfac_2.0,shower,7,1.37,1.52,0.7370075583457947,0.7240759134292603,0.9824538503437341,-0.017546148970723152,0.017546148970723152,-1.7546148970723152
Pythia_minus,299,isr_muRfac_0.5_fsr_muRfac_2.0,shower,8,1.52,1.74,0.7175648808479309,0.7078721523284912,0.9864921921652771,-0.01350780762732029,0.01350780762732029,-1.350780762732029
Pythia_minus,299,isr_muRfac_0.5_fsr_muRfac_2.0,shower,9,1.74,1.95,0.6435351371765137,0.6271611452102661,0.9745561803538998,-0.025443820282816887,0.025443820282816887,-2.5443820282816887
Pythia_minus,299,isr_muRfac_0.5_fsr_muRfac_2.0,shower,10,1.95,2.18,0.7551155686378479,0.7593510150909424,1.0056090042756434,0.00560900429263711,0.00560900429263711,0.560900429263711
Pythia_minus,299,isr_muRfac_0.5_fsr_muRfac_2.0,shower,11,2.18,2.5,0.7272884249687195,0.7184882164001465,0.987899974389182,-0.01210002601146698,0.01210002601146698,-1.210002601146698
Pythia_minus,300,isr_muRfac_0.5_fsr_muRfac_1.0,shower,1,0.0,0.21,0.7786144614219666,0.779453694820404,1.0010778548819974,0.0010778548894450068,0.0010778548894450068,0.10778548894450068
Pythia_minus,300,isr_muRfac_0.5_fsr_muRfac_1.0,shower,2,0.21,0.42,0.7478157877922058,0.7404209971427917,0.9901114809688013,-0.00988851860165596,0.00988851860165596,-0.988851860165596
Pythia_minus,300,isr_muRfac_0.5_fsr_muRfac_1.0,shower,3,0.42,0.63,0.7352385520935059,0.7341938614845276,0.9985791133965927,-0.0014208866050466895,0.0014208866050466895,-0.14208866050466895
Pythia_minus,300,isr_muRfac_0.5_fsr_muRfac_1.0,shower,4,0.63,0.84,0.7513492107391357,0.7506124377250671,0.9990194000292569,-0.0009806000161916018,0.0009806000161916018,-0.09806000161916018
Pythia_minus,300,isr_muRfac_0.5_fsr_muRfac_1.0,shower,5,0.84,1.05,0.7593017220497131,0.7590718269348145,0.9996972282450801,-0.0003027717466466129,0.0003027717466466129,-0.030277174664661288
Pythia_minus,300,isr_muRfac_0.5_fsr_muRfac_1.0,shower,6,1.05,1.37,0.7337679862976074,0.7370080351829529,1.0044156312974266,0.004415631294250488,0.004415631294250488,0.44156312942504883
Pythia_minus,300,isr_muRfac_0.5_fsr_muRfac_1.0,shower,7,1.37,1.52,0.7370075583457947,0.7338874340057373,0.9957664961441366,-0.0042335037142038345,0.0042335037142038345,-0.42335037142038345
Pythia_minus,300,isr_muRfac_0.5_fsr_muRfac_1.0,shower,8,1.52,1.74,0.7175648808479309,0.7196720242500305,1.002936519690888,0.002936519682407379,0.002936519682407379,0.2936519682407379
Pythia_minus,300,isr_muRfac_0.5_fsr_muRfac_1.0,shower,9,1.74,1.95,0.6435351371765137,0.6370914578437805,0.9899870590423321,-0.010012940503656864,0.010012940503656864,-1.0012940503656864
Pythia_minus,300,isr_muRfac_0.5_fsr_muRfac_1.0,shower,10,1.95,2.18,0.7551155686378479,0.7550338506698608,0.9998917808460307,-0.00010821915202541277,0.00010821915202541277,-0.010821915202541277
Pythia_minus,300,isr_muRfac_0.5_fsr_muRfac_1.0,shower,11,2.18,2.5,0.7272884249687195,0.7239658236503601,0.9954315217948061,-0.004568478092551231,0.004568478092551231,-0.45684780925512314
Pythia_minus,301,isr_muRfac_0.5_fsr_muRfac_0.5,shower,1,0.0,0.21,0.7786144614219666,0.8112913370132446,1.0419679792892633,0.041967980563640594,0.041967980563640594,4.1967980563640594
Pythia_minus,301,isr_muRfac_0.5_fsr_muRfac_0.5,shower,2,0.21,0.42,0.7478157877922058,0.7622579336166382,1.0193124377155371,0.019312437623739243,0.019312437623739243,1.9312437623739243
Pythia_minus,301,isr_muRfac_0.5_fsr_muRfac_0.5,shower,3,0.42,0.63,0.7352385520935059,0.7335601449012756,0.9977171937088294,-0.0022828062064945698,0.0022828062064945698,-0.22828062064945698
Pythia_minus,301,isr_muRfac_0.5_fsr_muRfac_0.5,shower,4,0.63,0.84,0.7513492107391357,0.7878328561782837,1.048557508170212,0.04855750873684883,0.04855750873684883,4.855750873684883
Pythia_minus,301,isr_muRfac_0.5_fsr_muRfac_0.5,shower,5,0.84,1.05,0.7593017220497131,0.7556294798851013,0.9951636588486871,-0.004836341366171837,0.004836341366171837,-0.4836341366171837
Pythia_minus,301,isr_muRfac_0.5_fsr_muRfac_0.5,shower,6,1.05,1.37,0.7337679862976074,0.7535290718078613,1.0269309725679951,0.026930972933769226,0.026930972933769226,2.6930972933769226
Pythia_minus,301,isr_muRfac_0.5_fsr_muRfac_0.5,shower,7,1.37,1.52,0.7370075583457947,0.7429394125938416,1.008048566369334,0.008048566058278084,0.008048566058278084,0.8048566058278084
Pythia_minus,301,isr_muRfac_0.5_fsr_muRfac_0.5,shower,8,1.52,1.74,0.7175648808479309,0.7406232953071594,1.032134257228393,0.03213425725698471,0.03213425725698471,3.213425725698471
Pythia_minus,301,isr_muRfac_0.5_fsr_muRfac_0.5,shower,9,1.74,1.95,0.6435351371765137,0.6839129328727722,1.0627437312489487,0.06274373084306717,0.06274373084306717,6.274373084306717
Pythia_minus,301,isr_muRfac_0.5_fsr_muRfac_0.5,shower,10,1.95,2.18,0.7551155686378479,0.790866494178772,1.0473449721152155,0.04734497144818306,0.04734497144818306,4.734497144818306
Pythia_minus,301,isr_muRfac_0.5_fsr_muRfac_0.5,shower,11,2.18,2.5,0.7272884249687195,0.7526113390922546,1.0348182553910772,0.03481825441122055,0.03481825441122055,3.481825441122055
Pythia_minus,302,isr_muRfac_1.75_fsr_muRfac_1.0,shower,1,0.0,0.21,0.7786144614219666,0.778856098651886,1.0003103425917341,0.00031034258427098393,0.00031034258427098393,0.031034258427098393
Pythia_minus,302,isr_muRfac_1.75_fsr_muRfac_1.0,shower,2,0.21,0.42,0.7478157877922058,0.7511142492294312,1.0044107940632858,0.0044107940047979355,0.0044107940047979355,0.44107940047979355
Pythia_minus,302,isr_muRfac_1.75_fsr_muRfac_1.0,shower,3,0.42,0.63,0.7352385520935059,0.7357416749000549,1.000684298728782,0.0006842987495474517,0.0006842987495474517,0.06842987495474517
Pythia_minus,302,isr_muRfac_1.75_fsr_muRfac_1.0,shower,4,0.63,0.84,0.7513492107391357,0.7512680888175964,0.9998920316673262,-0.00010796833521453664,0.00010796833521453664,-0.010796833521453664
Pythia_minus,302,isr_muRfac_1.75_fsr_muRfac_1.0,shower,5,0.84,1.05,0.7593017220497131,0.7593970894813538,1.0001255988612578,0.0001255988609045744,0.0001255988609045744,0.01255988609045744
Pythia_minus,302,isr_muRfac_1.75_fsr_muRfac_1.0,shower,6,1.05,1.37,0.7337679862976074,0.7306826114654541,0.9957951629264704,-0.004204837139695883,0.004204837139695883,-0.4204837139695883
Pythia_minus,302,isr_muRfac_1.75_fsr_muRfac_1.0,shower,7,1.37,1.52,0.7370075583457947,0.7399471998214722,1.0039886178131951,0.003988618031144142,0.003988618031144142,0.3988618031144142
Pythia_minus,302,isr_muRfac_1.75_fsr_muRfac_1.0,shower,8,1.52,1.74,0.7175648808479309,0.7178559899330139,1.000405690262794,0.0004056902544107288,0.0004056902544107288,0.04056902544107288
Pythia_minus,302,isr_muRfac_1.75_fsr_muRfac_1.0,shower,9,1.74,1.95,0.6435351371765137,0.6465423107147217,1.0046728971962617,0.004672897048294544,0.004672897048294544,0.4672897048294544
Pythia_minus,302,isr_muRfac_1.75_fsr_muRfac_1.0,shower,10,1.95,2.18,0.7551155686378479,0.7544764280319214,0.9991535857126089,-0.0008464143029414117,0.0008464143029414117,-0.08464143029414117
Pythia_minus,302,isr_muRfac_1.75_fsr_muRfac_1.0,shower,11,2.18,2.5,0.7272884249687195,0.7285388708114624,1.00171932592327,0.001719325897283852,0.001719325897283852,0.1719325897283852
Pythia_minus,303,isr_muRfac_1.5_fsr_muRfac_1.0,shower,1,0.0,0.21,0.7786144614219666,0.7787404656410217,1.0001618313366862,0.00016183133993763477,0.00016183133993763477,0.016183133993763477
Pythia_minus,303,isr_muRfac_1.5_fsr_muRfac_1.0,shower,2,0.21,0.42,0.7478157877922058,0.7503395080566406,1.0033747886921265,0.0033747886773198843,0.0033747886773198843,0.33747886773198843
Pythia_minus,303,isr_muRfac_1.5_fsr_muRfac_1.0,shower,3,0.42,0.63,0.7352385520935059,0.735611081123352,1.0005066777698006,0.0005066777812317014,0.0005066777812317014,0.05066777812317014
Pythia_minus,303,isr_muRfac_1.5_fsr_muRfac_1.0,shower,4,0.63,0.84,0.7513492107391357,0.7513166666030884,0.9999566857386922,-4.331425952841528e-05,4.331425952841528e-05,-0.004331425952841528
Pythia_minus,303,isr_muRfac_1.5_fsr_muRfac_1.0,shower,5,0.84,1.05,0.7593017220497131,0.7593427896499634,1.0000540860096292,5.4086009185994044e-05,5.4086009185994044e-05,0.005408600918599404
Pythia_minus,303,isr_muRfac_1.5_fsr_muRfac_1.0,shower,6,1.05,1.37,0.7337679862976074,0.7315192818641663,0.9969354012774698,-0.0030645986553281546,0.0030645986553281546,-0.30645986553281546
Pythia_minus,303,isr_muRfac_1.5_fsr_muRfac_1.0,shower,7,1.37,1.52,0.7370075583457947,0.7391274571418762,1.0028763596411951,0.002876359736546874,0.002876359736546874,0.2876359736546874
Pythia_minus,303,isr_muRfac_1.5_fsr_muRfac_1.0,shower,8,1.52,1.74,0.7175648808479309,0.717677891254425,1.0001574915516498,0.00015749155136290938,0.00015749155136290938,0.015749155136290938
Pythia_minus,303,isr_muRfac_1.5_fsr_muRfac_1.0,shower,9,1.74,1.95,0.6435351371765137,0.6458457708358765,1.0035905322427314,0.0035905323456972837,0.0035905323456972837,0.3590532345697284
Pythia_minus,303,isr_muRfac_1.5_fsr_muRfac_1.0,shower,10,1.95,2.18,0.7551155686378479,0.7546916007995605,0.9994385391377215,-0.0005614608526229858,0.0005614608526229858,-0.056146085262298584
Pythia_minus,303,isr_muRfac_1.5_fsr_muRfac_1.0,shower,11,2.18,2.5,0.7272884249687195,0.7282611727714539,1.0013374993597295,0.0013374993577599525,0.0013374993577599525,0.13374993577599525
Pythia_minus,304,isr_muRfac_1.25_fsr_muRfac_1.0,shower,1,0.0,0.21,0.7786144614219666,0.7786340117454529,1.0000251091194101,2.510911872377619e-05,2.510911872377619e-05,0.002510911872377619
Pythia_minus,304,isr_muRfac_1.25_fsr_muRfac_1.0,shower,2,0.21,0.42,0.7478157877922058,0.7493011355400085,1.001986248180435,0.0019862481858581305,0.0019862481858581305,0.19862481858581305
Pythia_minus,304,isr_muRfac_1.25_fsr_muRfac_1.0,shower,3,0.42,0.63,0.7352385520935059,0.7354673147201538,1.0003111406848793,0.00031114069861359894,0.00031114069861359894,0.031114069861359894
Pythia_minus,304,isr_muRfac_1.25_fsr_muRfac_1.0,shower,4,0.63,0.84,0.7513492107391357,0.7513566613197327,1.0000099162686145,9.91626893664943e-06,9.91626893664943e-06,0.000991626893664943
Pythia_minus,304,isr_muRfac_1.25_fsr_muRfac_1.0,shower,5,0.84,1.05,0.7593017220497131,0.7592974305152893,0.9999943480512434,-5.651948868035106e-06,5.651948868035106e-06,-0.0005651948868035106
Pythia_minus,304,isr_muRfac_1.25_fsr_muRfac_1.0,shower,6,1.05,1.37,0.7337679862976074,0.7325204610824585,0.9982998369533078,-0.001700163003988564,0.001700163003988564,-0.1700163003988564
Pythia_minus,304,isr_muRfac_1.25_fsr_muRfac_1.0,shower,7,1.37,1.52,0.7370075583457947,0.7381539940834045,1.0015555277888641,0.0015555277932435274,0.0015555277932435274,0.15555277932435274
Pythia_minus,304,isr_muRfac_1.25_fsr_muRfac_1.0,shower,8,1.52,1.74,0.7175648808479309,0.7175469994544983,0.9999750804506883,-2.4919549105106853e-05,2.4919549105106853e-05,-0.0024919549105106853
Pythia_minus,304,isr_muRfac_1.25_fsr_muRfac_1.0,shower,9,1.74,1.95,0.6435351371765137,0.6449120044708252,1.0021395370893849,0.0021395371295511723,0.0021395371295511723,0.21395371295511723
Pythia_minus,304,isr_muRfac_1.25_fsr_muRfac_1.0,shower,10,1.95,2.18,0.7551155686378479,0.7548929452896118,0.9997051797665387,-0.00029482023091986775,0.00029482023091986775,-0.029482023091986775
Pythia_minus,304,isr_muRfac_1.25_fsr_muRfac_1.0,shower,11,2.18,2.5,0.7272884249687195,0.7278655767440796,1.000793566562516,0.0007935665780678391,0.0007935665780678391,0.07935665780678391
Pythia_minus,305,isr_muRfac_0.625_fsr_muRfac_1.0,shower,1,0.0,0.21,0.7786144614219666,0.7789791226387024,1.0004683463187543,0.00046834631939418614,0.00046834631939418614,0.046834631939418614
Pythia_minus,305,isr_muRfac_0.625_fsr_muRfac_1.0,shower,2,0.21,0.42,0.7478157877922058,0.7433504462242126,0.9940288214813219,-0.005971178412437439,0.005971178412437439,-0.5971178412437439
Pythia_minus,305,isr_muRfac_0.625_fsr_muRfac_1.0,shower,3,0.42,0.63,0.7352385520935059,0.7346325516700745,0.9991757771383099,-0.0008242228650487959,0.0008242228650487959,-0.0824222865048796
Pythia_minus,305,isr_muRfac_0.625_fsr_muRfac_1.0,shower,4,0.63,0.84,0.7513492107391357,0.7510271072387695,0.9995712998752613,-0.0004287001211196184,0.0004287001211196184,-0.04287001211196184
Pythia_minus,305,isr_muRfac_0.625_fsr_muRfac_1.0,shower,5,0.84,1.05,0.7593017220497131,0.7591603398323059,0.9998137996881852,-0.00018620031187310815,0.00018620031187310815,-0.018620031187310815
Pythia_minus,305,isr_muRfac_0.625_fsr_muRfac_1.0,shower,6,1.05,1.37,0.7337679862976074,0.7361049652099609,1.0031849017073438,0.0031849017832428217,0.0031849017832428217,0.31849017832428217
Pythia_minus,305,isr_muRfac_0.625_fsr_muRfac_1.0,shower,7,1.37,1.52,0.7370075583457947,0.7347935438156128,0.996995940536687,-0.0030040594283491373,0.0030040594283491373,-0.30040594283491373
Pythia_minus,305,isr_muRfac_0.625_fsr_muRfac_1.0,shower,8,1.52,1.74,0.7175648808479309,0.7186112999916077,1.0014582920257193,0.001458292012102902,0.001458292012102902,0.1458292012102902
Pythia_minus,305,isr_muRfac_0.625_fsr_muRfac_1.0,shower,9,1.74,1.95,0.6435351371765137,0.6395532488822937,0.9938124772616297,-0.006187522783875465,0.006187522783875465,-0.6187522783875465
Pythia_minus,305,isr_muRfac_0.625_fsr_muRfac_1.0,shower,10,1.95,2.18,0.7551155686378479,0.7551953196525574,1.0001056143165652,0.00010561431554378942,0.00010561431554378942,0.010561431554378942
Pythia_minus,305,isr_muRfac_0.625_fsr_muRfac_1.0,shower,11,2.18,2.5,0.7272884249687195,0.7253363132476807,0.9973159043179839,-0.0026840956415981054,0.0026840956415981054,-0.26840956415981054
Pythia_minus,306,isr_muRfac_0.75_fsr_muRfac_1.0,shower,1,0.0,0.21,0.7786144614219666,0.7787792682647705,1.00021166681454,0.00021166681835893542,0.00021166681835893542,0.02116668183589354
Pythia_minus,306,isr_muRfac_0.75_fsr_muRfac_1.0,shower,2,0.21,0.42,0.7478157877922058,0.745308518409729,0.9966472098832266,-0.0033527901396155357,0.0033527901396155357,-0.3352790139615536
Pythia_minus,306,isr_muRfac_0.75_fsr_muRfac_1.0,shower,3,0.42,0.63,0.7352385520935059,0.7348877787590027,0.9995229122119557,-0.0004770878003910184,0.0004770878003910184,-0.04770878003910184
Pythia_minus,306,isr_muRfac_0.75_fsr_muRfac_1.0,shower,4,0.63,0.84,0.7513492107391357,0.7512059211730957,0.9998092903220074,-0.0001907096739159897,0.0001907096739159897,-0.01907096739159897
Pythia_minus,306,isr_muRfac_0.75_fsr_muRfac_1.0,shower,5,0.84,1.05,0.7593017220497131,0.7592375874519348,0.9999155347658041,-8.446523133898154e-05,8.446523133898154e-05,-0.008446523133898154
Pythia_minus,306,isr_muRfac_0.75_fsr_muRfac_1.0,shower,6,1.05,1.37,0.7337679862976074,0.7352515459060669,1.0020218374692866,0.0020218375138938427,0.0020218375138938427,0.20218375138938427
Pythia_minus,306,isr_muRfac_0.75_fsr_muRfac_1.0,shower,7,1.37,1.52,0.7370075583457947,0.7355760335922241,0.9980576525473042,-0.001942347502335906,0.001942347502335906,-0.1942347502335906
Pythia_minus,306,isr_muRfac_0.75_fsr_muRfac_1.0,shower,8,1.52,1.74,0.7175648808479309,0.7180168032646179,1.0006298000762703,0.0006298000807873905,0.0006298000807873905,0.06298000807873905
Pythia_minus,306,isr_muRfac_0.75_fsr_muRfac_1.0,shower,9,1.74,1.95,0.6435351371765137,0.6412599086761475,0.9964644844252815,-0.0035355156287550926,0.0035355156287550926,-0.35355156287550926
Pythia_minus,306,isr_muRfac_0.75_fsr_muRfac_1.0,shower,10,1.95,2.18,0.7551155686378479,0.7552429437637329,1.0001686829555305,0.00016868294915184379,0.00016868294915184379,0.01686829491518438
Pythia_minus,306,isr_muRfac_0.75_fsr_muRfac_1.0,shower,11,2.18,2.5,0.7272884249687195,0.7262545824050903,0.9985784971571992,-0.0014215027913451195,0.0014215027913451195,-0.14215027913451195
Pythia_minus,307,isr_muRfac_0.875_fsr_muRfac_1.0,shower,1,0.0,0.21,0.7786144614219666,0.778652012348175,1.000048227881794,4.822788105229847e-05,4.822788105229847e-05,0.004822788105229847
Pythia_minus,307,isr_muRfac_0.875_fsr_muRfac_1.0,shower,2,0.21,0.42,0.7478157877922058,0.7467288970947266,0.9985465796320132,-0.0014534203801304102,0.0014534203801304102,-0.14534203801304102
Pythia_minus,307,isr_muRfac_0.875_fsr_muRfac_1.0,shower,3,0.42,0.63,0.7352385520935059,0.7350582480430603,0.9997547679594165,-0.00024523204774595797,0.00024523204774595797,-0.024523204774595797
Pythia_minus,307,isr_muRfac_0.875_fsr_muRfac_1.0,shower,4,0.63,0.84,0.7513492107391357,0.7512981295585632,0.9999320140623795,-6.798593676649034e-05,6.798593676649034e-05,-0.006798593676649034
Pythia_minus,307,isr_muRfac_0.875_fsr_muRfac_1.0,shower,5,0.84,1.05,0.7593017220497131,0.7592723369598389,0.9999612998508749,-3.870014916174114e-05,3.870014916174114e-05,-0.0038700149161741138
Pythia_minus,307,isr_muRfac_0.875_fsr_muRfac_1.0,shower,6,1.05,1.37,0.7337679862976074,0.7344645857810974,1.0009493457012275,0.00094934570370242,0.00094934570370242,0.094934570370242
Pythia_minus,307,isr_muRfac_0.875_fsr_muRfac_1.0,shower,7,1.37,1.52,0.7370075583457947,0.7363502979278564,0.9991082039654879,-0.0008917960221879184,0.0008917960221879184,-0.08917960221879184
Pythia_minus,307,isr_muRfac_0.875_fsr_muRfac_1.0,shower,8,1.52,1.74,0.7175648808479309,0.7177044749259949,1.0001945386149598,0.00019453861750662327,0.00019453861750662327,0.019453861750662327
Pythia_minus,307,isr_muRfac_0.875_fsr_muRfac_1.0,shower,9,1.74,1.95,0.6435351371765137,0.6425378918647766,0.9984503638509741,-0.001549636130221188,0.001549636130221188,-0.1549636130221188
Pythia_minus,307,isr_muRfac_0.875_fsr_muRfac_1.0,shower,10,1.95,2.18,0.7551155686378479,0.7551993131637573,1.0001109029258402,0.0001109029253711924,0.0001109029253711924,0.01109029253711924
Pythia_minus,307,isr_muRfac_0.875_fsr_muRfac_1.0,shower,11,2.18,2.5,0.7272884249687195,0.7268760800361633,0.9994330379552323,-0.0005669620586559176,0.0005669620586559176,-0.056696205865591764
Pythia_minus,308,isr_muRfac_1.0_fsr_muRfac_1.75,shower,1,0.0,0.21,0.7786144614219666,0.764984667301178,0.9824948099526731,-0.017505189403891563,0.017505189403891563,-1.7505189403891563
Pythia_minus,308,isr_muRfac_1.0_fsr_muRfac_1.75,shower,2,0.21,0.42,0.7478157877922058,0.7435570955276489,0.9943051586579498,-0.0056948415003716946,0.0056948415003716946,-0.5694841500371695
Pythia_minus,308,isr_muRfac_1.0_fsr_muRfac_1.75,shower,3,0.42,0.63,0.7352385520935059,0.7241787910461426,0.9849575882332722,-0.015042412094771862,0.015042412094771862,-1.5042412094771862
Pythia_minus,308,isr_muRfac_1.0_fsr_muRfac_1.75,shower,4,0.63,0.84,0.7513492107391357,0.7357701063156128,0.9792651616573909,-0.020734839141368866,0.020734839141368866,-2.0734839141368866
Pythia_minus,308,isr_muRfac_1.0_fsr_muRfac_1.75,shower,5,0.84,1.05,0.7593017220497131,0.7569005489349365,0.9968376561713903,-0.003162343753501773,0.003162343753501773,-0.3162343753501773
Pythia_minus,308,isr_muRfac_1.0_fsr_muRfac_1.75,shower,6,1.05,1.37,0.7337679862976074,0.7189052104949951,0.9797445840099869,-0.02025541663169861,0.02025541663169861,-2.025541663169861
Pythia_minus,308,isr_muRfac_1.0_fsr_muRfac_1.75,shower,7,1.37,1.52,0.7370075583457947,0.7303552627563477,0.9909739113064484,-0.009026088751852512,0.009026088751852512,-0.9026088751852512
Pythia_minus,308,isr_muRfac_1.0_fsr_muRfac_1.75,shower,8,1.52,1.74,0.7175648808479309,0.7082132697105408,0.9869675741009795,-0.013032426126301289,0.013032426126301289,-1.3032426126301289
Pythia_minus,308,isr_muRfac_1.0_fsr_muRfac_1.75,shower,9,1.74,1.95,0.6435351371765137,0.6322978734970093,0.9825382282484101,-0.01746177114546299,0.01746177114546299,-1.746177114546299
Pythia_minus,308,isr_muRfac_1.0_fsr_muRfac_1.75,shower,10,1.95,2.18,0.7551155686378479,0.7571929097175598,1.0027510240365713,0.0027510239742696285,0.0027510239742696285,0.27510239742696285
Pythia_minus,308,isr_muRfac_1.0_fsr_muRfac_1.75,shower,11,2.18,2.5,0.7272884249687195,0.7208557724952698,0.9911552937560826,-0.008844706229865551,0.008844706229865551,-0.8844706229865551
Pythia_minus,309,isr_muRfac_1.0_fsr_muRfac_1.5,shower,1,0.0,0.21,0.7786144614219666,0.768088698387146,0.9864814185243906,-0.013518581166863441,0.013518581166863441,-1.3518581166863441
Pythia_minus,309,isr_muRfac_1.0_fsr_muRfac_1.5,shower,2,0.21,0.42,0.7478157877922058,0.7446377873420715,0.9957502897076875,-0.004249710123986006,0.004249710123986006,-0.4249710123986006
Pythia_minus,309,isr_muRfac_1.0_fsr_muRfac_1.5,shower,3,0.42,0.63,0.7352385520935059,0.7266581654548645,0.9883297922637357,-0.011670207604765892,0.011670207604765892,-1.1670207604765892
Pythia_minus,309,isr_muRfac_1.0_fsr_muRfac_1.5,shower,4,0.63,0.84,0.7513492107391357,0.7393131256103516,0.983980704369219,-0.016019295901060104,0.016019295901060104,-1.6019295901060104
Pythia_minus,309,isr_muRfac_1.0_fsr_muRfac_1.5,shower,5,0.84,1.05,0.7593017220497131,0.7577615976333618,0.9979716568899728,-0.0020283430349081755,0.0020283430349081755,-0.20283430349081755
Pythia_minus,309,isr_muRfac_1.0_fsr_muRfac_1.5,shower,6,1.05,1.37,0.7337679862976074,0.7226540446281433,0.9848536023961171,-0.015146397985517979,0.015146397985517979,-1.5146397985517979
Pythia_minus,309,isr_muRfac_1.0_fsr_muRfac_1.5,shower,7,1.37,1.52,0.7370075583457947,0.7323148846626282,0.9936328011429094,-0.006367198657244444,0.006367198657244444,-0.6367198657244444
Pythia_minus,309,isr_muRfac_1.0_fsr_muRfac_1.5,shower,8,1.52,1.74,0.7175648808479309,0.7104507088661194,0.9900856742411852,-0.009914325550198555,0.009914325550198555,-0.9914325550198555
Pythia_minus,309,isr_muRfac_1.0_fsr_muRfac_1.5,shower,9,1.74,1.95,0.6435351371765137,0.6344939470291138,0.9859507435956523,-0.014049256220459938,0.014049256220459938,-1.4049256220459938
Pythia_minus,309,isr_muRfac_1.0_fsr_muRfac_1.5,shower,10,1.95,2.18,0.7551155686378479,0.7560874819755554,1.0012871054154806,0.0012871053768321872,0.0012871053768321872,0.12871053768321872
Pythia_minus,309,isr_muRfac_1.0_fsr_muRfac_1.5,shower,11,2.18,2.5,0.7272884249687195,0.7223729491233826,0.993241366593249,-0.0067586335353553295,0.0067586335353553295,-0.675863353535533
Pythia_minus,310,isr_muRfac_1.0_fsr_muRfac_1.25,shower,1,0.0,0.21,0.7786144614219666,0.7723615765571594,0.9919692156071855,-0.00803078431636095,0.00803078431636095,-0.803078431636095
Pythia_minus,310,isr_muRfac_1.0_fsr_muRfac_1.25,shower,2,0.21,0.42,0.7478157877922058,0.7460076808929443,0.9975821493357346,-0.002417850773781538,0.002417850773781538,-0.2417850773781538
Pythia_minus,310,isr_muRfac_1.0_fsr_muRfac_1.25,shower,3,0.42,0.63,0.7352385520935059,0.7301240563392639,0.9930437600970746,-0.0069562396965920925,0.0069562396965920925,-0.6956239696592093
Pythia_minus,310,isr_muRfac_1.0_fsr_muRfac_1.25,shower,4,0.63,0.84,0.7513492107391357,0.7441735863685608,0.9904496813625239,-0.00955031905323267,0.00955031905323267,-0.955031905323267
Pythia_minus,310,isr_muRfac_1.0_fsr_muRfac_1.25,shower,5,0.84,1.05,0.7593017220497131,0.7585582733154297,0.9990208783772062,-0.0009791216580197215,0.0009791216580197215,-0.09791216580197215
Pythia_minus,310,isr_muRfac_1.0_fsr_muRfac_1.25,shower,6,1.05,1.37,0.7337679862976074,0.7273662090301514,0.9912754748271894,-0.008724525570869446,0.008724525570869446,-0.8724525570869446
Pythia_minus,310,isr_muRfac_1.0_fsr_muRfac_1.25,shower,7,1.37,1.52,0.7370075583457947,0.7344556450843811,0.9965374666344788,-0.0034625334665179253,0.0034625334665179253,-0.3462533466517925
Pythia_minus,310,isr_muRfac_1.0_fsr_muRfac_1.25,shower,8,1.52,1.74,0.7175648808479309,0.7133538126945496,0.9941314461371002,-0.005868553649634123,0.005868553649634123,-0.5868553649634123
Pythia_minus,310,isr_muRfac_1.0_fsr_muRfac_1.25,shower,9,1.74,1.95,0.6435351371765137,0.6378677487373352,0.991193350429871,-0.008806649595499039,0.008806649595499039,-0.8806649595499039
Pythia_minus,310,isr_muRfac_1.0_fsr_muRfac_1.25,shower,10,1.95,2.18,0.7551155686378479,0.7552193999290466,1.0001375038411484,0.00013750384096056223,0.00013750384096056223,0.013750384096056223
Pythia_minus,310,isr_muRfac_1.0_fsr_muRfac_1.25,shower,11,2.18,2.5,0.7272884249687195,0.7243135571479797,0.9959096450340624,-0.004090354777872562,0.004090354777872562,-0.40903547778725624
Pythia_minus,311,isr_muRfac_1.0_fsr_muRfac_0.625,shower,1,0.0,0.21,0.7786144614219666,0.7968710660934448,1.023447554054078,0.02344755455851555,0.02344755455851555,2.344755455851555
Pythia_minus,311,isr_muRfac_1.0_fsr_muRfac_0.625,shower,2,0.21,0.42,0.7478157877922058,0.757418155670166,1.0128405524926258,0.012840552255511284,0.012840552255511284,1.2840552255511284
Pythia_minus,311,isr_muRfac_1.0_fsr_muRfac_0.625,shower,3,0.42,0.63,0.7352385520935059,0.7504594922065735,1.0207020429896225,0.020702043548226357,0.020702043548226357,2.0702043548226357
Pythia_minus,311,isr_muRfac_1.0_fsr_muRfac_0.625,shower,4,0.63,0.84,0.7513492107391357,0.7705109715461731,1.025503135603466,0.025503136217594147,0.025503136217594147,2.5503136217594147
Pythia_minus,311,isr_muRfac_1.0_fsr_muRfac_0.625,shower,5,0.84,1.05,0.7593017220497131,0.7598680257797241,1.0007458217380072,0.0007458217442035675,0.0007458217442035675,0.07458217442035675
Pythia_minus,311,isr_muRfac_1.0_fsr_muRfac_0.625,shower,6,1.05,1.37,0.7337679862976074,0.7486541867256165,1.0202873397395282,0.020287340506911278,0.020287340506911278,2.0287340506911278
Pythia_minus,311,isr_muRfac_1.0_fsr_muRfac_0.625,shower,7,1.37,1.52,0.7370075583457947,0.7406270503997803,1.00491106503997,0.004911065101623535,0.004911065101623535,0.4911065101623535
Pythia_minus,311,isr_muRfac_1.0_fsr_muRfac_0.625,shower,8,1.52,1.74,0.7175648808479309,0.7310631275177002,1.018811186319234,0.018811186775565147,0.018811186775565147,1.8811186775565147
Pythia_minus,311,isr_muRfac_1.0_fsr_muRfac_0.625,shower,9,1.74,1.95,0.6435351371765137,0.6653164625167847,1.0338463653062298,0.03384636715054512,0.03384636715054512,3.384636715054512
Pythia_minus,311,isr_muRfac_1.0_fsr_muRfac_0.625,shower,10,1.95,2.18,0.7551155686378479,0.7614154815673828,1.0083429784673879,0.008342978544533253,0.008342978544533253,0.8342978544533253
Pythia_minus,311,isr_muRfac_1.0_fsr_muRfac_0.625,shower,11,2.18,2.5,0.7272884249687195,0.7388246059417725,1.0158619064692926,0.015861906111240387,0.015861906111240387,1.5861906111240387
Pythia_minus,312,isr_muRfac_1.0_fsr_muRfac_0.75,shower,1,0.0,0.21,0.7786144614219666,0.788790762424469,1.0130697559661526,0.0130697563290596,0.0130697563290596,1.30697563290596
Pythia_minus,312,isr_muRfac_1.0_fsr_muRfac_0.75,shower,2,0.21,0.42,0.7478157877922058,0.7518725991249084,1.0054248805640753,0.005424880422651768,0.005424880422651768,0.5424880422651768
Pythia_minus,312,isr_muRfac_1.0_fsr_muRfac_0.75,shower,3,0.42,0.63,0.7352385520935059,0.7438002228736877,1.0116447522451095,0.011644752696156502,0.011644752696156502,1.1644752696156502
Pythia_minus,312,isr_muRfac_1.0_fsr_muRfac_0.75,shower,4,0.63,0.84,0.7513492107391357,0.7626177072525024,1.0149976819730486,0.014997681602835655,0.014997681602835655,1.4997681602835655
Pythia_minus,312,isr_muRfac_1.0_fsr_muRfac_0.75,shower,5,0.84,1.05,0.7593017220497131,0.7598395943641663,1.0007083775774948,0.0007083775708451867,0.0007083775708451867,0.07083775708451867
Pythia_minus,312,isr_muRfac_1.0_fsr_muRfac_0.75,shower,6,1.05,1.37,0.7337679862976074,0.7428597211837769,1.0123904763575797,0.012390476651489735,0.012390476651489735,1.2390476651489735
Pythia_minus,312,isr_muRfac_1.0_fsr_muRfac_0.75,shower,7,1.37,1.52,0.7370075583457947,0.7399211525917053,1.003953275937156,0.003953275736421347,0.003953275736421347,0.39532757364213467
Pythia_minus,312,isr_muRfac_1.0_fsr_muRfac_0.75,shower,8,1.52,1.74,0.7175648808479309,0.7249677777290344,1.010316693415034,0.010316693224012852,0.010316693224012852,1.0316693224012852
Pythia_minus,312,isr_muRfac_1.0_fsr_muRfac_0.75,shower,9,1.74,1.95,0.6435351371765137,0.654578685760498,1.0171607546286245,0.017160754650831223,0.017160754650831223,1.7160754650831223
Pythia_minus,312,isr_muRfac_1.0_fsr_muRfac_0.75,shower,10,1.95,2.18,0.7551155686378479,0.7573919892311096,1.0030146651556504,0.0030146650969982147,0.0030146650969982147,0.30146650969982147
Pythia_minus,312,isr_muRfac_1.0_fsr_muRfac_0.75,shower,11,2.18,2.5,0.7272884249687195,0.7331580519676208,1.0080705629257798,0.008070562966167927,0.008070562966167927,0.8070562966167927
Pythia_minus,313,isr_muRfac_1.0_fsr_muRfac_0.875,shower,1,0.0,0.21,0.7786144614219666,0.7829765677452087,1.0056023957162006,0.005602395627647638,0.005602395627647638,0.5602395627647638
Pythia_minus,313,isr_muRfac_1.0_fsr_muRfac_0.875,shower,2,0.21,0.42,0.7478157877922058,0.7492823004722595,1.0019610614057552,0.0019610614981502295,0.0019610614981502295,0.19610614981502295
Pythia_minus,313,isr_muRfac_1.0_fsr_muRfac_0.875,shower,3,0.42,0.63,0.7352385520935059,0.7388740181922913,1.0049446075541522,0.004944607615470886,0.004944607615470886,0.4944607615470886
Pythia_minus,313,isr_muRfac_1.0_fsr_muRfac_0.875,shower,4,0.63,0.84,0.7513492107391357,0.7563678622245789,1.0066795192085263,0.0066795190796256065,0.0066795190796256065,0.6679519079625607
Pythia_minus,313,isr_muRfac_1.0_fsr_muRfac_0.875,shower,5,0.84,1.05,0.7593017220497131,0.7595975995063782,1.0003896704670527,0.00038967045838944614,0.00038967045838944614,0.038967045838944614
Pythia_minus,313,isr_muRfac_1.0_fsr_muRfac_0.875,shower,6,1.05,1.37,0.7337679862976074,0.7378979325294495,1.0056284088553393,0.0056284088641405106,0.0056284088641405106,0.5628408864140511
Pythia_minus,313,isr_muRfac_1.0_fsr_muRfac_0.875,shower,7,1.37,1.52,0.7370075583457947,0.7384639978408813,1.0019761527254287,0.0019761526491492987,0.0019761526491492987,0.19761526491492987
Pythia_minus,313,isr_muRfac_1.0_fsr_muRfac_0.875,shower,8,1.52,1.74,0.7175648808479309,0.720670223236084,1.0043276119986302,0.004327611997723579,0.004327611997723579,0.43276119977235794
Pythia_minus,313,isr_muRfac_1.0_fsr_muRfac_0.875,shower,9,1.74,1.95,0.6435351371765137,0.647965669631958,1.0068846783951582,0.006884678266942501,0.006884678266942501,0.6884678266942501
Pythia_minus,313,isr_muRfac_1.0_fsr_muRfac_0.875,shower,10,1.95,2.18,0.7551155686378479,0.7556978464126587,1.0007711108060733,0.0007711108191870153,0.0007711108191870153,0.07711108191870153
Pythia_minus,313,isr_muRfac_1.0_fsr_muRfac_0.875,shower,11,2.18,2.5,0.7272884249687195,0.7296870350837708,1.003298017722686,0.0032980176620185375,0.0032980176620185375,0.32980176620185375
Pythia_minus,314,hardHi,model,1,0.0,0.21,0.7786144614219666,0.7847626805305481,1.007896358741338,0.007896359078586102,0.007896359078586102,0.7896359078586102
Pythia_minus,314,hardHi,model,2,0.21,0.42,0.7478157877922058,0.7523237466812134,1.00602816758164,0.006028167437762022,0.006028167437762022,0.6028167437762022
Pythia_minus,314,hardHi,model,3,0.42,0.63,0.7352385520935059,0.734316349029541,0.9987457090473031,-0.0012542909244075418,0.0012542909244075418,-0.12542909244075418
Pythia_minus,314,hardHi,model,4,0.63,0.84,0.7513492107391357,0.7544945478439331,1.0041862519582647,0.004186252132058144,0.004186252132058144,0.41862521320581436
Pythia_minus,314,hardHi,model,5,0.84,1.05,0.7593017220497131,0.7585605382919312,0.9990238613501611,-0.0009761386318132281,0.0009761386318132281,-0.09761386318132281
Pythia_minus,314,hardHi,model,6,1.05,1.37,0.7337679862976074,0.737658679485321,1.005302347963346,0.0053023481741547585,0.0053023481741547585,0.5302348174154758
Pythia_minus,314,hardHi,model,7,1.37,1.52,0.7370075583457947,0.7347848415374756,0.996984132953388,-0.003015866968780756,0.003015866968780756,-0.3015866968780756
Pythia_minus,314,hardHi,model,8,1.52,1.74,0.7175648808479309,0.7210953831672668,1.0049201158160974,0.004920115694403648,0.004920115694403648,0.49201156944036484
Pythia_minus,314,hardHi,model,9,1.74,1.95,0.6435351371765137,0.6435964107513428,1.0000952140315102,9.521403262624517e-05,9.521403262624517e-05,0.009521403262624517
Pythia_minus,314,hardHi,model,10,1.95,2.18,0.7551155686378479,0.7611968517303467,1.0080534468432014,0.008053447119891644,0.008053447119891644,0.8053447119891644
Pythia_minus,314,hardHi,model,11,2.18,2.5,0.7272884249687195,0.7309868335723877,1.0050852020693541,0.005085201933979988,0.005085201933979988,0.5085201933979988
Pythia_minus,315,hardLo,model,1,0.0,0.21,0.7786144614219666,0.7736091613769531,0.9935715295656437,-0.006428470369428396,0.006428470369428396,-0.6428470369428396
Pythia_minus,315,hardLo,model,2,0.21,0.42,0.7478157877922058,0.7435393333435059,0.994281406572967,-0.0057185934856534,0.0057185934856534,-0.57185934856534
Pythia_minus,315,hardLo,model,3,0.42,0.63,0.7352385520935059,0.7355380058288574,1.0004072878584767,0.0004072878509759903,0.0004072878509759903,0.04072878509759903
Pythia_minus,315,hardLo,model,4,0.63,0.84,0.7513492107391357,0.7504072785377502,0.9987463456566902,-0.001253654365427792,0.001253654365427792,-0.1253654365427792
Pythia_minus,315,hardLo,model,5,0.84,1.05,0.7593017220497131,0.7610415816307068,1.0022913942250742,0.0022913941647857428,0.0022913941647857428,0.22913941647857428
Pythia_minus,315,hardLo,model,6,1.05,1.37,0.7337679862976074,0.7290882468223572,0.993622317186577,-0.006377683021128178,0.006377683021128178,-0.6377683021128178
Pythia_minus,315,hardLo,model,7,1.37,1.52,0.7370075583457947,0.7384303212165833,1.0019304589955387,0.0019304590532556176,0.0019304590532556176,0.19304590532556176
Pythia_minus,315,hardLo,model,8,1.52,1.74,0.7175648808479309,0.7126485109329224,0.9931485360470833,-0.006851464044302702,0.006851464044302702,-0.6851464044302702
Pythia_minus,315,hardLo,model,9,1.74,1.95,0.6435351371765137,0.6416386961936951,0.9970530886764953,-0.0029469113796949387,0.0029469113796949387,-0.29469113796949387
Pythia_minus,315,hardLo,model,10,1.95,2.18,0.7551155686378479,0.748930037021637,0.9918084967743824,-0.008191503584384918,0.008191503584384918,-0.8191503584384918
Pythia_minus,315,hardLo,model,11,2.18,2.5,0.7272884249687195,0.72304368019104,0.9941636019054448,-0.005836397875100374,0.005836397875100374,-0.5836397875100374
Pythia_minus,316,isr_PDF_plus,shower,1,0.0,0.21,0.7786144614219666,0.7772414684295654,0.9982366202267889,-0.0017633797833696008,0.0017633797833696008,-0.17633797833696008
Pythia_minus,316,isr_PDF_plus,shower,2,0.21,0.42,0.7478157877922058,0.7454054951667786,0.9967768898908337,-0.0032231102231889963,0.0032231102231889963,-0.32231102231889963
Pythia_minus,316,isr_PDF_plus,shower,3,0.42,0.63,0.7352385520935059,0.7385141253471375,1.0044551162943032,0.004455116111785173,0.004455116111785173,0.44551161117851734
Pythia_minus,316,isr_PDF_plus,shower,4,0.63,0.84,0.7513492107391357,0.7532667517662048,1.0025521302207567,0.0025521302595734596,0.0025521302595734596,0.25521302595734596
Pythia_minus,316,isr_PDF_plus,shower,5,0.84,1.05,0.7593017220497131,0.7587668299674988,0.9992955473869196,-0.0007044526282697916,0.0007044526282697916,-0.07044526282697916
Pythia_minus,316,isr_PDF_plus,shower,6,1.05,1.37,0.7337679862976074,0.7372763752937317,1.0047813328758408,0.004781332798302174,0.004781332798302174,0.47813327983021736
Pythia_minus,316,isr_PDF_plus,shower,7,1.37,1.52,0.7370075583457947,0.7351931929588318,0.9975381997560036,-0.0024618003517389297,0.0024618003517389297,-0.24618003517389297
Pythia_minus,316,isr_PDF_plus,shower,8,1.52,1.74,0.7175648808479309,0.7206007838249207,1.0042308410821363,0.004230841062963009,0.004230841062963009,0.4230841062963009
Pythia_minus,316,isr_PDF_plus,shower,9,1.74,1.95,0.6435351371765137,0.6425808668136597,0.9985171433419459,-0.0014828566927462816,0.0014828566927462816,-0.14828566927462816
Pythia_minus,316,isr_PDF_plus,shower,10,1.95,2.18,0.7551155686378479,0.7587558627128601,1.0048208436247434,0.004820843692868948,0.004820843692868948,0.4820843692868948
Pythia_minus,316,isr_PDF_plus,shower,11,2.18,2.5,0.7272884249687195,0.7260652780532837,0.9983182092916048,-0.0016817906871438026,0.0016817906871438026,-0.16817906871438026
Pythia_minus,317,isr_PDF_minus,shower,1,0.0,0.21,0.7786144614219666,0.7812305092811584,1.0033598757649764,0.003359875874593854,0.003359875874593854,0.3359875874593854
Pythia_minus,317,isr_PDF_minus,shower,2,0.21,0.42,0.7478157877922058,0.7508752346038818,1.0040911770808003,0.004091177135705948,0.004091177135705948,0.4091177135705948
Pythia_minus,317,isr_PDF_minus,shower,3,0.42,0.63,0.7352385520935059,0.7324951887130737,0.996268743834745,-0.003731256118044257,0.003731256118044257,-0.3731256118044257
Pythia_minus,317,isr_PDF_minus,shower,4,0.63,0.84,0.7513492107391357,0.7490735054016113,0.9969711749144107,-0.003028825158253312,0.003028825158253312,-0.3028825158253312
Pythia_minus,317,isr_PDF_minus,shower,5,0.84,1.05,0.7593017220497131,0.7607568502426147,1.001916403124931,0.0019164030672982335,0.0019164030672982335,0.19164030672982335
Pythia_minus,317,isr_PDF_minus,shower,6,1.05,1.37,0.7337679862976074,0.7298708558082581,0.994688879097856,-0.005311120767146349,0.005311120767146349,-0.5311120767146349
Pythia_minus,317,isr_PDF_minus,shower,7,1.37,1.52,0.7370075583457947,0.7396049499511719,1.0035242401193374,0.003524240106344223,0.003524240106344223,0.3524240106344223
Pythia_minus,317,isr_PDF_minus,shower,8,1.52,1.74,0.7175648808479309,0.7179631590843201,1.0005550414283355,0.0005550414207391441,0.0005550414207391441,0.05550414207391441
Pythia_minus,317,isr_PDF_minus,shower,9,1.74,1.95,0.6435351371765137,0.6450521945953369,1.0023573808657587,0.0023573809303343296,0.0023573809303343296,0.23573809303343296
Pythia_minus,317,isr_PDF_minus,shower,10,1.95,2.18,0.7551155686378479,0.75153648853302,0.9952602220726502,-0.004739778116345406,0.004739778116345406,-0.47397781163454056
Pythia_minus,317,isr_PDF_minus,shower,11,2.18,2.5,0.7272884249687195,0.7280372977256775,1.0010296778159093,0.0010296778054907918,0.0010296778054907918,0.10296778054907918
