pair_label,weight_index,weight_name,category,bin,bin_low_edge,bin_up_edge,C_nominal_weight0,C_weight,C_weight_over_C_nominal,signed_relative_shift,absolute_relative_shift,signed_relative_shift_percent
Pythia_plus,1,MUR0.5_MUF0.5_PDF13300,scale,1,0.0,0.21,0.7990407943725586,0.7966528534889221,0.9970114906517238,-0.0029885093681514263,0.0029885093681514263,-0.29885093681514263
Pythia_plus,1,MUR0.5_MUF0.5_PDF13300,scale,2,0.21,0.42,0.7416394948959351,0.739157497882843,0.9966533645657041,-0.0033466354943811893,0.0033466354943811893,-0.33466354943811893
Pythia_plus,1,MUR0.5_MUF0.5_PDF13300,scale,3,0.42,0.63,0.74241703748703,0.739905059337616,0.9966164863916421,-0.0033835135400295258,0.0033835135400295258,-0.3383513540029526
Pythia_plus,1,MUR0.5_MUF0.5_PDF13300,scale,4,0.63,0.84,0.716408371925354,0.7138015627861023,0.9963612804632003,-0.003638719441369176,0.003638719441369176,-0.3638719441369176
Pythia_plus,1,MUR0.5_MUF0.5_PDF13300,scale,5,0.84,1.05,0.7636825442314148,0.7604005336761475,0.995702388931031,-0.004297610837966204,0.004297610837966204,-0.42976108379662037
Pythia_plus,1,MUR0.5_MUF0.5_PDF13300,scale,6,1.05,1.37,0.7446764707565308,0.7425384521484375,0.9971289295525596,-0.002871070522814989,0.002871070522814989,-0.2871070522814989
Pythia_plus,1,MUR0.5_MUF0.5_PDF13300,scale,7,1.37,1.52,0.7529962062835693,0.7494838833808899,0.9953355370540118,-0.0046644629910588264,0.0046644629910588264,-0.46644629910588264
Pythia_plus,1,MUR0.5_MUF0.5_PDF13300,scale,8,1.52,1.74,0.7522943019866943,0.7501611709594727,0.9971644992902533,-0.0028355007525533438,0.0028355007525533438,-0.2835500752553344
Pythia_plus,1,MUR0.5_MUF0.5_PDF13300,scale,9,1.74,1.95,0.738723874092102,0.7375180125236511,0.9983676423481873,-0.0016323575982823968,0.0016323575982823968,-0.16323575982823968
Pythia_plus,1,MUR0.5_MUF0.5_PDF13300,scale,10,1.95,2.18,0.753097414970398,0.7522726058959961,0.9989047777113479,-0.0010952223092317581,0.0010952223092317581,-0.10952223092317581
Pythia_plus,1,MUR0.5_MUF0.5_PDF13300,scale,11,2.18,2.5,0.7340506911277771,0.7320963144302368,0.9973375453205586,-0.002662454731762409,0.002662454731762409,-0.2662454731762409
Pythia_plus,2,MUR1.0_MUF1.0_PDF13301,pdf,1,0.0,0.21,0.7990407943725586,0.7990508675575256,1.0000126065966068,1.2606597010744736e-05,1.2606597010744736e-05,0.0012606597010744736
Pythia_plus,2,MUR1.0_MUF1.0_PDF13301,pdf,2,0.21,0.42,0.7416394948959351,0.7416547536849976,1.00002057440194,2.0574401787598617e-05,2.0574401787598617e-05,0.0020574401787598617
Pythia_plus,2,MUR1.0_MUF1.0_PDF13301,pdf,3,0.42,0.63,0.74241703748703,0.7424312233924866,1.000019107731558,1.9107732441625558e-05,1.9107732441625558e-05,0.0019107732441625558
Pythia_plus,2,MUR1.0_MUF1.0_PDF13301,pdf,4,0.63,0.84,0.716408371925354,0.7164179086685181,1.0000133118812367,1.3311881048139185e-05,1.3311881048139185e-05,0.0013311881048139185
Pythia_plus,2,MUR1.0_MUF1.0_PDF13301,pdf,5,0.84,1.05,0.7636825442314148,0.76369309425354,1.0000138146697275,1.3814669728162698e-05,1.3814669728162698e-05,0.0013814669728162698
Pythia_plus,2,MUR1.0_MUF1.0_PDF13301,pdf,6,1.05,1.37,0.7446764707565308,0.744682788848877,1.0000084843453423,8.484345016768202e-06,8.484345016768202e-06,0.0008484345016768202
Pythia_plus,2,MUR1.0_MUF1.0_PDF13301,pdf,7,1.37,1.52,0.7529962062835693,0.753013551235199,1.000023034580367,2.3034579498926178e-05,2.3034579498926178e-05,0.0023034579498926178
Pythia_plus,2,MUR1.0_MUF1.0_PDF13301,pdf,8,1.52,1.74,0.7522943019866943,0.752322256565094,1.00003715909894,3.715909770107828e-05,3.715909770107828e-05,0.003715909770107828
Pythia_plus,2,MUR1.0_MUF1.0_PDF13301,pdf,9,1.74,1.95,0.738723874092102,0.7387473583221436,1.0000317902681437,3.179026680300012e-05,3.179026680300012e-05,0.0031790266803000122
Pythia_plus,2,MUR1.0_MUF1.0_PDF13301,pdf,10,1.95,2.18,0.753097414970398,0.7531125545501709,1.0000201030829106,2.010308344324585e-05,2.010308344324585e-05,0.002010308344324585
Pythia_plus,2,MUR1.0_MUF1.0_PDF13301,pdf,11,2.18,2.5,0.7340506911277771,0.734061062335968,1.0000141287356803,1.4128735529084224e-05,1.4128735529084224e-05,0.0014128735529084224
Pythia_plus,3,MUR1.0_MUF1.0_PDF26460,pdf,1,0.0,0.21,0.7990407943725586,0.800035834312439,1.0012452930399651,0.0012452930677682161,0.0012452930677682161,0.12452930677682161
Pythia_plus,3,MUR1.0_MUF1.0_PDF26460,pdf,2,0.21,0.42,0.7416394948959351,0.742903470993042,1.0017042998731942,0.0017042998224496841,0.0017042998224496841,0.17042998224496841
Pythia_plus,3,MUR1.0_MUF1.0_PDF26460,pdf,3,0.42,0.63,0.74241703748703,0.7439171075820923,1.002020522185401,0.002020522253587842,0.002020522253587842,0.2020522253587842
Pythia_plus,3,MUR1.0_MUF1.0_PDF26460,pdf,4,0.63,0.84,0.716408371925354,0.7161513566970825,0.9996412448006704,-0.00035875520552508533,0.00035875520552508533,-0.03587552055250853
Pythia_plus,3,MUR1.0_MUF1.0_PDF26460,pdf,5,0.84,1.05,0.7636825442314148,0.7653352618217468,1.0021641421593515,0.002164142206311226,0.002164142206311226,0.2164142206311226
Pythia_plus,3,MUR1.0_MUF1.0_PDF26460,pdf,6,1.05,1.37,0.7446764707565308,0.7445855736732483,0.9998779374844621,-0.0001220625126734376,0.0001220625126734376,-0.01220625126734376
Pythia_plus,3,MUR1.0_MUF1.0_PDF26460,pdf,7,1.37,1.52,0.7529962062835693,0.7539255023002625,1.0012341310738864,0.0012341310502961278,0.0012341310502961278,0.12341310502961278
Pythia_plus,3,MUR1.0_MUF1.0_PDF26460,pdf,8,1.52,1.74,0.7522943019866943,0.7528451085090637,1.0007321689409514,0.000732168962713331,0.000732168962713331,0.0732168962713331
Pythia_plus,3,MUR1.0_MUF1.0_PDF26460,pdf,9,1.74,1.95,0.738723874092102,0.7416778802871704,1.0039987961654804,0.003998795989900827,0.003998795989900827,0.39987959899008274
Pythia_plus,3,MUR1.0_MUF1.0_PDF26460,pdf,10,1.95,2.18,0.753097414970398,0.7553176283836365,1.0029481091942478,0.002948109293356538,0.002948109293356538,0.2948109293356538
Pythia_plus,3,MUR1.0_MUF1.0_PDF26460,pdf,11,2.18,2.5,0.7340506911277771,0.7308121919631958,0.9955881804843671,-0.004411819390952587,0.004411819390952587,-0.4411819390952587
Pythia_plus,4,MUR1.0_MUF1.0_PDF26461,pdf,1,0.0,0.21,0.7990407943725586,0.8000355958938599,1.0012449946589803,0.0012449946952983737,0.0012449946952983737,0.12449946952983737
Pythia_plus,4,MUR1.0_MUF1.0_PDF26461,pdf,2,0.21,0.42,0.7416394948959351,0.7429029941558838,1.0017036569231335,0.0017036569770425558,0.0017036569770425558,0.17036569770425558
Pythia_plus,4,MUR1.0_MUF1.0_PDF26461,pdf,3,0.42,0.63,0.74241703748703,0.7439165711402893,1.0020197996241236,0.0020197995472699404,0.0020197995472699404,0.20197995472699404
Pythia_plus,4,MUR1.0_MUF1.0_PDF26461,pdf,4,0.63,0.84,0.716408371925354,0.7161522507667542,0.9996424927895363,-0.00035750720417127013,0.00035750720417127013,-0.03575072041712701
Pythia_plus,4,MUR1.0_MUF1.0_PDF26461,pdf,5,0.84,1.05,0.7636825442314148,0.7653346061706543,1.002163283620555,0.0021632835268974304,0.0021632835268974304,0.21632835268974304
Pythia_plus,4,MUR1.0_MUF1.0_PDF26461,pdf,6,1.05,1.37,0.7446764707565308,0.7445851564407349,0.9998773771975055,-0.0001226228050654754,0.0001226228050654754,-0.01226228050654754
Pythia_plus,4,MUR1.0_MUF1.0_PDF26461,pdf,7,1.37,1.52,0.7529962062835693,0.7539267539978027,1.0012357933631912,0.0012357933446764946,0.0012357933446764946,0.12357933446764946
Pythia_plus,4,MUR1.0_MUF1.0_PDF26461,pdf,8,1.52,1.74,0.7522943019866943,0.7528454661369324,1.0007326443238802,0.0007326443446800113,0.0007326443446800113,0.07326443446800113
Pythia_plus,4,MUR1.0_MUF1.0_PDF26461,pdf,9,1.74,1.95,0.738723874092102,0.7416777014732361,1.003998554107601,0.003998554311692715,0.003998554311692715,0.39985543116927147
Pythia_plus,4,MUR1.0_MUF1.0_PDF26461,pdf,10,1.95,2.18,0.753097414970398,0.7553181052207947,1.0029487423622137,0.0029487423598766327,0.0029487423598766327,0.29487423598766327
Pythia_plus,4,MUR1.0_MUF1.0_PDF26461,pdf,11,2.18,2.5,0.7340506911277771,0.7308123111724854,0.9955883428836279,-0.004411657340824604,0.004411657340824604,-0.4411657340824604
Pythia_plus,5,MUR1.0_MUF1.0_PDF26462,pdf,1,0.0,0.21,0.7990407943725586,0.8000355958938599,1.0012449946589803,0.0012449946952983737,0.0012449946952983737,0.12449946952983737
Pythia_plus,5,MUR1.0_MUF1.0_PDF26462,pdf,2,0.21,0.42,0.7416394948959351,0.742901086807251,1.0017010851228911,0.0017010851297527552,0.0017010851297527552,0.17010851297527552
Pythia_plus,5,MUR1.0_MUF1.0_PDF26462,pdf,3,0.42,0.63,0.74241703748703,0.7439162135124207,1.0020193179166053,0.0020193178206682205,0.0020193178206682205,0.20193178206682205
Pythia_plus,5,MUR1.0_MUF1.0_PDF26462,pdf,4,0.63,0.84,0.716408371925354,0.7161514759063721,0.9996414111991858,-0.0003585887898225337,0.0003585887898225337,-0.03585887898225337
Pythia_plus,5,MUR1.0_MUF1.0_PDF26462,pdf,5,0.84,1.05,0.7636825442314148,0.7653360366821289,1.0021651567961112,0.0021651568822562695,0.0021651568822562695,0.21651568822562695
Pythia_plus,5,MUR1.0_MUF1.0_PDF26462,pdf,6,1.05,1.37,0.7446764707565308,0.7445847392082214,0.9998768169105489,-0.00012318308290559798,0.00012318308290559798,-0.012318308290559798
Pythia_plus,5,MUR1.0_MUF1.0_PDF26462,pdf,7,1.37,1.52,0.7529962062835693,0.7539276480674744,1.0012369807126946,0.0012369806645438075,0.0012369806645438075,0.12369806645438075
Pythia_plus,5,MUR1.0_MUF1.0_PDF26462,pdf,8,1.52,1.74,0.7522943019866943,0.7528473138809204,1.0007351004690128,0.0007351004751399159,0.0007351004751399159,0.0735100475139916
Pythia_plus,5,MUR1.0_MUF1.0_PDF26462,pdf,9,1.74,1.95,0.738723874092102,0.741678774356842,1.0040000064548769,0.00400000624358654,0.00400000624358654,0.400000624358654
Pythia_plus,5,MUR1.0_MUF1.0_PDF26462,pdf,10,1.95,2.18,0.753097414970398,0.7553161978721619,1.0029462096903508,0.002946209628134966,0.002946209628134966,0.2946209628134966
Pythia_plus,5,MUR1.0_MUF1.0_PDF26462,pdf,11,2.18,2.5,0.7340506911277771,0.7308115363121033,0.9955872872884334,-0.004412712529301643,0.004412712529301643,-0.44127125293016434
Pythia_plus,6,MUR1.0_MUF1.0_PDF26500,pdf,1,0.0,0.21,0.7990407943725586,0.8000355958938599,1.0012449946589803,0.0012449946952983737,0.0012449946952983737,0.12449946952983737
Pythia_plus,6,MUR1.0_MUF1.0_PDF26500,pdf,2,0.21,0.42,0.7416394948959351,0.7429016828536987,1.0017018888104667,0.0017018888611346483,0.0017018888611346483,0.17018888611346483
Pythia_plus,6,MUR1.0_MUF1.0_PDF26500,pdf,3,0.42,0.63,0.74241703748703,0.7439166307449341,1.00201987990871,0.002019879873842001,0.002019879873842001,0.2019879873842001
Pythia_plus,6,MUR1.0_MUF1.0_PDF26500,pdf,4,0.63,0.84,0.716408371925354,0.7161516547203064,0.999641660796959,-0.0003583391953725368,0.0003583391953725368,-0.03583391953725368
Pythia_plus,6,MUR1.0_MUF1.0_PDF26500,pdf,5,0.84,1.05,0.7636825442314148,0.765334963798523,1.002163751914444,0.002163751982152462,0.002163751982152462,0.2163751982152462
Pythia_plus,6,MUR1.0_MUF1.0_PDF26500,pdf,6,1.05,1.37,0.7446764707565308,0.7445846796035767,0.9998767368695551,-0.00012326313299126923,0.00012326313299126923,-0.012326313299126923
Pythia_plus,6,MUR1.0_MUF1.0_PDF26500,pdf,7,1.37,1.52,0.7529962062835693,0.7539265155792236,1.001235476736657,0.0012354766950011253,0.0012354766950011253,0.12354766950011253
Pythia_plus,6,MUR1.0_MUF1.0_PDF26500,pdf,8,1.52,1.74,0.7522943019866943,0.7528460025787354,1.0007333573982735,0.0007333573885262012,0.0007333573885262012,0.07333573885262012
Pythia_plus,6,MUR1.0_MUF1.0_PDF26500,pdf,9,1.74,1.95,0.738723874092102,0.7416768074035645,1.0039973438182048,0.003997343592345715,0.003997343592345715,0.39973435923457146
Pythia_plus,6,MUR1.0_MUF1.0_PDF26500,pdf,10,1.95,2.18,0.753097414970398,0.7553166747093201,1.0029468428583166,0.0029468429274857044,0.0029468429274857044,0.29468429274857044
Pythia_plus,6,MUR1.0_MUF1.0_PDF26500,pdf,11,2.18,2.5,0.7340506911277771,0.7308129668235779,0.9955892360795616,-0.0044107637368142605,0.0044107637368142605,-0.44107637368142605
Pythia_plus,7,MUR1.0_MUF1.0_PDF26501,pdf,1,0.0,0.21,0.7990407943725586,0.8000079989433289,1.0012104570599925,0.001210457063280046,0.001210457063280046,0.1210457063280046
Pythia_plus,7,MUR1.0_MUF1.0_PDF26501,pdf,2,0.21,0.42,0.7416394948959351,0.7428701519966125,1.0016593737377082,0.001659373752772808,0.001659373752772808,0.1659373752772808
Pythia_plus,7,MUR1.0_MUF1.0_PDF26501,pdf,3,0.42,0.63,0.74241703748703,0.7439174652099609,1.0020210038929194,0.002021003980189562,0.002021003980189562,0.20210039801895618
Pythia_plus,7,MUR1.0_MUF1.0_PDF26501,pdf,4,0.63,0.84,0.716408371925354,0.7160717248916626,0.9995300905923438,-0.00046990939881652594,0.00046990939881652594,-0.046990939881652594
Pythia_plus,7,MUR1.0_MUF1.0_PDF26501,pdf,5,0.84,1.05,0.7636825442314148,0.765288770198822,1.0021032639537726,0.0021032639779150486,0.0021032639779150486,0.21032639779150486
Pythia_plus,7,MUR1.0_MUF1.0_PDF26501,pdf,6,1.05,1.37,0.7446764707565308,0.7445765137672424,0.9998657712534051,-0.0001342287432635203,0.0001342287432635203,-0.01342287432635203
Pythia_plus,7,MUR1.0_MUF1.0_PDF26501,pdf,7,1.37,1.52,0.7529962062835693,0.7538807988166809,1.0011747635987138,0.0011747635435312986,0.0011747635435312986,0.11747635435312986
Pythia_plus,7,MUR1.0_MUF1.0_PDF26501,pdf,8,1.52,1.74,0.7522943019866943,0.7528920769691467,1.00079460256561,0.000794602558016777,0.000794602558016777,0.0794602558016777
Pythia_plus,7,MUR1.0_MUF1.0_PDF26501,pdf,9,1.74,1.95,0.738723874092102,0.7417736053466797,1.0041283778168477,0.0041283778846263885,0.0041283778846263885,0.41283778846263885
Pythia_plus,7,MUR1.0_MUF1.0_PDF26501,pdf,10,1.95,2.18,0.753097414970398,0.7555139064788818,1.003208736958125,0.003208736889064312,0.003208736889064312,0.3208736889064312
Pythia_plus,7,MUR1.0_MUF1.0_PDF26501,pdf,11,2.18,2.5,0.7340506911277771,0.730954110622406,0.9957815168042229,-0.004218483343720436,0.004218483343720436,-0.4218483343720436
Pythia_plus,8,MUR1.0_MUF1.0_PDF26502,pdf,1,0.0,0.21,0.7990407943725586,0.8000667691230774,1.0012840079727399,0.0012840080307796597,0.0012840080307796597,0.12840080307796597
Pythia_plus,8,MUR1.0_MUF1.0_PDF26502,pdf,2,0.21,0.42,0.7416394948959351,0.742942750453949,1.001757262884438,0.0017572628566995263,0.0017572628566995263,0.17572628566995263
Pythia_plus,8,MUR1.0_MUF1.0_PDF26502,pdf,3,0.42,0.63,0.74241703748703,0.7439135909080505,1.0020157853948046,0.002015785314142704,0.002015785314142704,0.2015785314142704
Pythia_plus,8,MUR1.0_MUF1.0_PDF26502,pdf,4,0.63,0.84,0.716408371925354,0.7162449359893799,0.9997718676353057,-0.00022813236864749342,0.00022813236864749342,-0.022813236864749342
Pythia_plus,8,MUR1.0_MUF1.0_PDF26502,pdf,5,0.84,1.05,0.7636825442314148,0.765390932559967,1.0022370399080833,0.002237039851024747,0.002237039851024747,0.2237039851024747
Pythia_plus,8,MUR1.0_MUF1.0_PDF26502,pdf,6,1.05,1.37,0.7446764707565308,0.7445934414863586,0.999888502895643,-0.00011149710189783946,0.00011149710189783946,-0.011149710189783946
Pythia_plus,8,MUR1.0_MUF1.0_PDF26502,pdf,7,1.37,1.52,0.7529962062835693,0.7539807558059692,1.0013075092731996,0.0013075092574581504,0.0013075092574581504,0.13075092574581504
Pythia_plus,8,MUR1.0_MUF1.0_PDF26502,pdf,8,1.52,1.74,0.7522943019866943,0.7527933716773987,1.0006633968772412,0.0006633969023823738,0.0006633969023823738,0.06633969023823738
Pythia_plus,8,MUR1.0_MUF1.0_PDF26502,pdf,9,1.74,1.95,0.738723874092102,0.7415639162063599,1.003844524610428,0.0038445245008915663,0.0038445245008915663,0.3844524500891566
Pythia_plus,8,MUR1.0_MUF1.0_PDF26502,pdf,10,1.95,2.18,0.753097414970398,0.7550814151763916,1.0026344536132443,0.0026344535872340202,0.0026344535872340202,0.263445358723402
Pythia_plus,8,MUR1.0_MUF1.0_PDF26502,pdf,11,2.18,2.5,0.7340506911277771,0.7306423187255859,0.9953567615378788,-0.004643238615244627,0.004643238615244627,-0.4643238615244627
Pythia_plus,9,MUR1.0_MUF1.0_PDF26503,pdf,1,0.0,0.21,0.7990407943725586,0.8000261187553406,1.0012331340148355,0.001233134069480002,0.001233134069480002,0.12331340694800019
Pythia_plus,9,MUR1.0_MUF1.0_PDF26503,pdf,2,0.21,0.42,0.7416394948959351,0.7428930401802063,1.001690235340618,0.0016902353381738067,0.0016902353381738067,0.16902353381738067
Pythia_plus,9,MUR1.0_MUF1.0_PDF26503,pdf,3,0.42,0.63,0.74241703748703,0.7439059019088745,1.0020054286831617,0.0020054287742823362,0.0020054287742823362,0.20054287742823362
Pythia_plus,9,MUR1.0_MUF1.0_PDF26503,pdf,4,0.63,0.84,0.716408371925354,0.7161440849304199,0.9996310944912273,-0.0003689055156428367,0.0003689055156428367,-0.03689055156428367
Pythia_plus,9,MUR1.0_MUF1.0_PDF26503,pdf,5,0.84,1.05,0.7636825442314148,0.7653202414512634,1.0021444738160106,0.0021444738376885653,0.0021444738376885653,0.21444738376885653
Pythia_plus,9,MUR1.0_MUF1.0_PDF26503,pdf,6,1.05,1.37,0.7446764707565308,0.7445756793022156,0.999864650679492,-0.0001353493134956807,0.0001353493134956807,-0.013534931349568069
Pythia_plus,9,MUR1.0_MUF1.0_PDF26503,pdf,7,1.37,1.52,0.7529962062835693,0.7539134621620178,1.0012181414339065,0.0012181414058431983,0.0012181414058431983,0.12181414058431983
Pythia_plus,9,MUR1.0_MUF1.0_PDF26503,pdf,8,1.52,1.74,0.7522943019866943,0.7528331875801086,1.0007163228433222,0.0007163228583522141,0.0007163228583522141,0.07163228583522141
Pythia_plus,9,MUR1.0_MUF1.0_PDF26503,pdf,9,1.74,1.95,0.738723874092102,0.7416521310806274,1.0039639398308662,0.003963939845561981,0.003963939845561981,0.3963939845561981
Pythia_plus,9,MUR1.0_MUF1.0_PDF26503,pdf,10,1.95,2.18,0.753097414970398,0.7552903294563293,1.0029118603282121,0.002911860356107354,0.002911860356107354,0.2911860356107354
Pythia_plus,9,MUR1.0_MUF1.0_PDF26503,pdf,11,2.18,2.5,0.7340506911277771,0.7307949066162109,0.9955646325915666,-0.004435367416590452,0.004435367416590452,-0.4435367416590452
Pythia_plus,10,MUR1.0_MUF1.0_PDF26504,pdf,1,0.0,0.21,0.7990407943725586,0.8000446557998657,1.001256333136402,0.0012563330819830298,0.0012563330819830298,0.12563330819830298
Pythia_plus,10,MUR1.0_MUF1.0_PDF26504,pdf,2,0.21,0.42,0.7416394948959351,0.7429145574569702,1.0017192484621036,0.0017192484810948372,0.0017192484810948372,0.17192484810948372
Pythia_plus,10,MUR1.0_MUF1.0_PDF26504,pdf,3,0.42,0.63,0.74241703748703,0.7439277768135071,1.002034893126363,0.002034893026575446,0.002034893026575446,0.2034893026575446
Pythia_plus,10,MUR1.0_MUF1.0_PDF26504,pdf,4,0.63,0.84,0.716408371925354,0.7161641120910645,0.9996590494418245,-0.00034095055889338255,0.00034095055889338255,-0.034095055889338255
Pythia_plus,10,MUR1.0_MUF1.0_PDF26504,pdf,5,0.84,1.05,0.7636825442314148,0.765355110168457,1.002190132470195,0.0021901323925703764,0.0021901323925703764,0.21901323925703764
Pythia_plus,10,MUR1.0_MUF1.0_PDF26504,pdf,6,1.05,1.37,0.7446764707565308,0.7445957064628601,0.9998915444534072,-0.00010845554788829759,0.00010845554788829759,-0.010845554788829759
Pythia_plus,10,MUR1.0_MUF1.0_PDF26504,pdf,7,1.37,1.52,0.7529962062835693,0.7539442777633667,1.0012590654134588,0.0012590654660016298,0.0012590654660016298,0.12590654660016298
Pythia_plus,10,MUR1.0_MUF1.0_PDF26504,pdf,8,1.52,1.74,0.7522943019866943,0.7528643012046814,1.0007576811581342,0.0007576811476610601,0.0007576811476610601,0.07576811476610601
Pythia_plus,10,MUR1.0_MUF1.0_PDF26504,pdf,9,1.74,1.95,0.738723874092102,0.7417078614234924,1.0040393812032375,0.004039381165057421,0.004039381165057421,0.4039381165057421
Pythia_plus,10,MUR1.0_MUF1.0_PDF26504,pdf,10,1.95,2.18,0.753097414970398,0.7553443312644958,1.0029835666003264,0.0029835666064172983,0.0029835666064172983,0.29835666064172983
Pythia_plus,10,MUR1.0_MUF1.0_PDF26504,pdf,11,2.18,2.5,0.7340506911277771,0.7308294177055359,0.9956116471775374,-0.004388352856040001,0.004388352856040001,-0.4388352856040001
Pythia_plus,11,MUR1.0_MUF1.0_PDF26505,pdf,1,0.0,0.21,0.7990407943725586,0.8000465631484985,1.0012587201842802,0.0012587201781570911,0.0012587201781570911,0.12587201781570911
Pythia_plus,11,MUR1.0_MUF1.0_PDF26505,pdf,2,0.21,0.42,0.7416394948959351,0.7429142594337463,1.0017188466183158,0.0017188466154038906,0.0017188466154038906,0.17188466154038906
Pythia_plus,11,MUR1.0_MUF1.0_PDF26505,pdf,3,0.42,0.63,0.74241703748703,0.7439004778862,1.0019981227858012,0.0019981227815151215,0.0019981227815151215,0.19981227815151215
Pythia_plus,11,MUR1.0_MUF1.0_PDF26505,pdf,4,0.63,0.84,0.716408371925354,0.7162523865699768,0.9997822675425219,-0.00021773246407974511,0.00021773246407974511,-0.02177324640797451
Pythia_plus,11,MUR1.0_MUF1.0_PDF26505,pdf,5,0.84,1.05,0.7636825442314148,0.7653956413269043,1.0022432057776227,0.0022432056721299887,0.0022432056721299887,0.22432056721299887
Pythia_plus,11,MUR1.0_MUF1.0_PDF26505,pdf,6,1.05,1.37,0.7446764707565308,0.7446271181106567,0.9999337260571374,-6.627394031966105e-05,6.627394031966105e-05,-0.006627394031966105
Pythia_plus,11,MUR1.0_MUF1.0_PDF26505,pdf,7,1.37,1.52,0.7529962062835693,0.7540186643600464,1.0013578528921458,0.0013578529469668865,0.0013578529469668865,0.13578529469668865
Pythia_plus,11,MUR1.0_MUF1.0_PDF26505,pdf,8,1.52,1.74,0.7522943019866943,0.7528790235519409,1.000777251088706,0.0007772510871291161,0.0007772510871291161,0.0777251087129116
Pythia_plus,11,MUR1.0_MUF1.0_PDF26505,pdf,9,1.74,1.95,0.738723874092102,0.7416443228721619,1.0039533699701382,0.003953369800001383,0.003953369800001383,0.3953369800001383
Pythia_plus,11,MUR1.0_MUF1.0_PDF26505,pdf,10,1.95,2.18,0.753097414970398,0.7551653385162354,1.0027458911752056,0.002745891222730279,0.002745891222730279,0.2745891222730279
Pythia_plus,11,MUR1.0_MUF1.0_PDF26505,pdf,11,2.18,2.5,0.7340506911277771,0.7307437062263489,0.9954948821090986,-0.004505117889493704,0.004505117889493704,-0.4505117889493704
Pythia_plus,12,MUR1.0_MUF1.0_PDF26506,pdf,1,0.0,0.21,0.7990407943725586,0.8000089526176453,1.0012116505839317,0.0012116505531594157,0.0012116505531594157,0.12116505531594157
Pythia_plus,12,MUR1.0_MUF1.0_PDF26506,pdf,2,0.21,0.42,0.7416394948959351,0.7428810596466064,1.0016740812203448,0.0016740811988711357,0.0016740811988711357,0.16740811988711357
Pythia_plus,12,MUR1.0_MUF1.0_PDF26506,pdf,3,0.42,0.63,0.74241703748703,0.7439469695091248,1.0020607447631769,0.0020607446786016226,0.0020607446786016226,0.20607446786016226
Pythia_plus,12,MUR1.0_MUF1.0_PDF26506,pdf,4,0.63,0.84,0.716408371925354,0.7159481048583984,0.9993575353318128,-0.0006424646708182991,0.0006424646708182991,-0.0642464670818299
Pythia_plus,12,MUR1.0_MUF1.0_PDF26506,pdf,5,0.84,1.05,0.7636825442314148,0.7652106285095215,1.002000941739011,0.002000941662117839,0.002000941662117839,0.20009416621178389
Pythia_plus,12,MUR1.0_MUF1.0_PDF26506,pdf,6,1.05,1.37,0.7446764707565308,0.7444968819618225,0.9997588364856945,-0.00024116352142300457,0.00024116352142300457,-0.024116352142300457
Pythia_plus,12,MUR1.0_MUF1.0_PDF26506,pdf,7,1.37,1.52,0.7529962062835693,0.753743052482605,1.000991832618549,0.0009918325813487172,0.0009918325813487172,0.09918325813487172
Pythia_plus,12,MUR1.0_MUF1.0_PDF26506,pdf,8,1.52,1.74,0.7522943019866943,0.7527871131896973,1.000655077675986,0.0006550776888616383,0.0006550776888616383,0.06550776888616383
Pythia_plus,12,MUR1.0_MUF1.0_PDF26506,pdf,9,1.74,1.95,0.738723874092102,0.7417498826980591,1.004096264804865,0.004096264950931072,0.004096264950931072,0.4096264950931072
Pythia_plus,12,MUR1.0_MUF1.0_PDF26506,pdf,10,1.95,2.18,0.753097414970398,0.7556249499320984,1.003356185948135,0.0033561859745532274,0.0033561859745532274,0.33561859745532274
Pythia_plus,12,MUR1.0_MUF1.0_PDF26506,pdf,11,2.18,2.5,0.7340506911277771,0.730947732925415,0.9957728284437758,-0.004227171652019024,0.004227171652019024,-0.4227171652019024
Pythia_plus,13,MUR1.0_MUF1.0_PDF13302,pdf,1,0.0,0.21,0.7990407943725586,0.799045979976654,1.000006489786419,6.489786301244749e-06,6.489786301244749e-06,0.0006489786301244749
Pythia_plus,13,MUR1.0_MUF1.0_PDF13302,pdf,2,0.21,0.42,0.7416394948959351,0.7416422367095947,1.0000036969628485,3.696962949106819e-06,3.696962949106819e-06,0.0003696962949106819
Pythia_plus,13,MUR1.0_MUF1.0_PDF13302,pdf,3,0.42,0.63,0.74241703748703,0.7424177527427673,1.0000009634150366,9.63415004662238e-07,9.63415004662238e-07,9.63415004662238e-05
Pythia_plus,13,MUR1.0_MUF1.0_PDF13302,pdf,4,0.63,0.84,0.716408371925354,0.7164040803909302,0.9999940096534434,-5.990346380713163e-06,5.990346380713163e-06,-0.0005990346380713163
Pythia_plus,13,MUR1.0_MUF1.0_PDF13302,pdf,5,0.84,1.05,0.7636825442314148,0.7636784315109253,0.9999946146202757,-5.385379608924268e-06,5.385379608924268e-06,-0.0005385379608924268
Pythia_plus,13,MUR1.0_MUF1.0_PDF13302,pdf,6,1.05,1.37,0.7446764707565308,0.7446538209915161,0.9999695844223577,-3.0415578294196166e-05,3.0415578294196166e-05,-0.0030415578294196166
Pythia_plus,13,MUR1.0_MUF1.0_PDF13302,pdf,7,1.37,1.52,0.7529962062835693,0.7530077695846558,1.0000153563869112,1.5356386938947253e-05,1.5356386938947253e-05,0.0015356386938947253
Pythia_plus,13,MUR1.0_MUF1.0_PDF13302,pdf,8,1.52,1.74,0.7522943019866943,0.7523110508918762,1.0000222637671687,2.226376636826899e-05,2.226376636826899e-05,0.002226376636826899
Pythia_plus,13,MUR1.0_MUF1.0_PDF13302,pdf,9,1.74,1.95,0.738723874092102,0.7387405633926392,1.0000225920687316,2.2592068489757366e-05,2.2592068489757366e-05,0.0022592068489757366
Pythia_plus,13,MUR1.0_MUF1.0_PDF13302,pdf,10,1.95,2.18,0.753097414970398,0.7531107068061829,1.0000176495570436,1.7649557776167057e-05,1.7649557776167057e-05,0.0017649557776167057
Pythia_plus,13,MUR1.0_MUF1.0_PDF13302,pdf,11,2.18,2.5,0.7340506911277771,0.7340576648712158,1.0000095003567506,9.50035700952867e-06,9.50035700952867e-06,0.000950035700952867
Pythia_plus,14,MUR1.0_MUF1.0_PDF26507,pdf,1,0.0,0.21,0.7990407943725586,0.7999652624130249,1.0011569722684712,0.0011569722555577755,0.0011569722555577755,0.11569722555577755
Pythia_plus,14,MUR1.0_MUF1.0_PDF26507,pdf,2,0.21,0.42,0.7416394948959351,0.7428262829780579,1.001600222332131,0.0016002223128452897,0.0016002223128452897,0.16002223128452897
Pythia_plus,14,MUR1.0_MUF1.0_PDF26507,pdf,3,0.42,0.63,0.74241703748703,0.7438226342201233,1.0018932711159902,0.001893271110020578,0.001893271110020578,0.1893271110020578
Pythia_plus,14,MUR1.0_MUF1.0_PDF26507,pdf,4,0.63,0.84,0.716408371925354,0.7161627411842346,0.9996571358588967,-0.0003428641357459128,0.0003428641357459128,-0.03428641357459128
Pythia_plus,14,MUR1.0_MUF1.0_PDF26507,pdf,5,0.84,1.05,0.7636825442314148,0.7652732133865356,1.002082893169598,0.0020828931592404842,0.0020828931592404842,0.20828931592404842
Pythia_plus,14,MUR1.0_MUF1.0_PDF26507,pdf,6,1.05,1.37,0.7446764707565308,0.7445685267448425,0.9998550457602365,-0.00014495424693450332,0.00014495424693450332,-0.014495424693450332
Pythia_plus,14,MUR1.0_MUF1.0_PDF26507,pdf,7,1.37,1.52,0.7529962062835693,0.7538989782333374,1.0011989063719506,0.0011989063350483775,0.0011989063350483775,0.11989063350483775
Pythia_plus,14,MUR1.0_MUF1.0_PDF26507,pdf,8,1.52,1.74,0.7522943019866943,0.7528183460235596,1.000696594451774,0.0006965944776311517,0.0006965944776311517,0.06965944776311517
Pythia_plus,14,MUR1.0_MUF1.0_PDF26507,pdf,9,1.74,1.95,0.738723874092102,0.7415943145751953,1.0038856744499034,0.003885674523189664,0.003885674523189664,0.3885674523189664
Pythia_plus,14,MUR1.0_MUF1.0_PDF26507,pdf,10,1.95,2.18,0.753097414970398,0.7551734447479248,1.0027566550306224,0.0027566549833863974,0.0027566549833863974,0.27566549833863974
Pythia_plus,14,MUR1.0_MUF1.0_PDF26507,pdf,11,2.18,2.5,0.7340506911277771,0.7307711243629456,0.9955322339390582,-0.0044677662663161755,0.0044677662663161755,-0.44677662663161755
Pythia_plus,15,MUR1.0_MUF1.0_PDF26508,pdf,1,0.0,0.21,0.7990407943725586,0.800103485584259,1.0013299586443956,0.0013299586717039347,0.0013299586717039347,0.13299586717039347
Pythia_plus,15,MUR1.0_MUF1.0_PDF26508,pdf,2,0.21,0.42,0.7416394948959351,0.7429817914962769,1.0018099044206514,0.0018099044682458043,0.0018099044682458043,0.18099044682458043
Pythia_plus,15,MUR1.0_MUF1.0_PDF26508,pdf,3,0.42,0.63,0.74241703748703,0.7440141439437866,1.0021512254920262,0.00215122546069324,0.00215122546069324,0.21512254606932402
Pythia_plus,15,MUR1.0_MUF1.0_PDF26508,pdf,4,0.63,0.84,0.716408371925354,0.7161375284194946,0.9996219425728772,-0.0003780574188567698,0.0003780574188567698,-0.03780574188567698
Pythia_plus,15,MUR1.0_MUF1.0_PDF26508,pdf,5,0.84,1.05,0.7636825442314148,0.7653993368148804,1.0022480448144764,0.0022480448242276907,0.0022480448242276907,0.22480448242276907
Pythia_plus,15,MUR1.0_MUF1.0_PDF26508,pdf,6,1.05,1.37,0.7446764707565308,0.7446014285087585,0.9998992283888116,-0.00010077161277877167,0.00010077161277877167,-0.010077161277877167
Pythia_plus,15,MUR1.0_MUF1.0_PDF26508,pdf,7,1.37,1.52,0.7529962062835693,0.753954291343689,1.0012723637278975,0.0012723637046292424,0.0012723637046292424,0.12723637046292424
Pythia_plus,15,MUR1.0_MUF1.0_PDF26508,pdf,8,1.52,1.74,0.7522943019866943,0.7528759241104126,1.0007731311033226,0.0007731310906819999,0.0007731310906819999,0.07731310906819999
Pythia_plus,15,MUR1.0_MUF1.0_PDF26508,pdf,9,1.74,1.95,0.738723874092102,0.7417638897895813,1.0041152260054076,0.004115226212888956,0.004115226212888956,0.4115226212888956
Pythia_plus,15,MUR1.0_MUF1.0_PDF26508,pdf,10,1.95,2.18,0.753097414970398,0.7554652690887451,1.0031441538256245,0.0031441538594663143,0.0031441538594663143,0.31441538594663143
Pythia_plus,15,MUR1.0_MUF1.0_PDF26508,pdf,11,2.18,2.5,0.7340506911277771,0.7308539152145386,0.99564502022561,-0.00435497984290123,0.00435497984290123,-0.435497984290123
Pythia_plus,16,MUR1.0_MUF1.0_PDF26509,pdf,1,0.0,0.21,0.7990407943725586,0.7998409867286682,1.0010014411801564,0.001001441152766347,0.001001441152766347,0.1001441152766347
Pythia_plus,16,MUR1.0_MUF1.0_PDF26509,pdf,2,0.21,0.42,0.7416394948959351,0.7426720261573792,1.0013922279875196,0.001392227946780622,0.001392227946780622,0.1392227946780622
Pythia_plus,16,MUR1.0_MUF1.0_PDF26509,pdf,3,0.42,0.63,0.74241703748703,0.7436966896057129,1.0017236297849714,0.0017236297717317939,0.0017236297717317939,0.1723629771731794
Pythia_plus,16,MUR1.0_MUF1.0_PDF26509,pdf,4,0.63,0.84,0.716408371925354,0.7160398960113525,0.9994856621887163,-0.0005143377929925919,0.0005143377929925919,-0.051433779299259186
Pythia_plus,16,MUR1.0_MUF1.0_PDF26509,pdf,5,0.84,1.05,0.7636825442314148,0.7650401592254639,1.001777721651888,0.0017777216853573918,0.0017777216853573918,0.17777216853573918
Pythia_plus,16,MUR1.0_MUF1.0_PDF26509,pdf,6,1.05,1.37,0.7446764707565308,0.7445448637008667,0.9998232694856998,-0.00017673050751909614,0.00017673050751909614,-0.017673050751909614
Pythia_plus,16,MUR1.0_MUF1.0_PDF26509,pdf,7,1.37,1.52,0.7529962062835693,0.7537392973899841,1.0009868457506343,0.0009868456982076168,0.0009868456982076168,0.09868456982076168
Pythia_plus,16,MUR1.0_MUF1.0_PDF26509,pdf,8,1.52,1.74,0.7522943019866943,0.7527816295623779,1.0006477884710765,0.0006477884599007666,0.0006477884599007666,0.06477884599007666
Pythia_plus,16,MUR1.0_MUF1.0_PDF26509,pdf,9,1.74,1.95,0.738723874092102,0.7414231896400452,1.0036540250594455,0.0036540250293910503,0.0036540250293910503,0.36540250293910503
Pythia_plus,16,MUR1.0_MUF1.0_PDF26509,pdf,10,1.95,2.18,0.753097414970398,0.7552345395088196,1.0028377796762264,0.002837779698893428,0.002837779698893428,0.2837779698893428
Pythia_plus,16,MUR1.0_MUF1.0_PDF26509,pdf,11,2.18,2.5,0.7340506911277771,0.7312106490135193,0.9961310000132355,-0.0038689998909831047,0.0038689998909831047,-0.38689998909831047
Pythia_plus,17,MUR1.0_MUF1.0_PDF26510,pdf,1,0.0,0.21,0.7990407943725586,0.8001958131790161,1.0014455066807502,0.0014455066993832588,0.0014455066993832588,0.14455066993832588
Pythia_plus,17,MUR1.0_MUF1.0_PDF26510,pdf,2,0.21,0.42,0.7416394948959351,0.7430955767631531,1.0019633283788674,0.0019633283372968435,0.0019633283372968435,0.19633283372968435
Pythia_plus,17,MUR1.0_MUF1.0_PDF26510,pdf,3,0.42,0.63,0.74241703748703,0.7440982460975647,1.0022645070434069,0.0022645071148872375,0.0022645071148872375,0.22645071148872375
Pythia_plus,17,MUR1.0_MUF1.0_PDF26510,pdf,4,0.63,0.84,0.716408371925354,0.7162424921989441,0.9997684564657388,-0.0002315435413038358,0.0002315435413038358,-0.02315435413038358
Pythia_plus,17,MUR1.0_MUF1.0_PDF26510,pdf,5,0.84,1.05,0.7636825442314148,0.7655819058418274,1.0024871088448462,0.0024871088098734617,0.0024871088098734617,0.24871088098734617
Pythia_plus,17,MUR1.0_MUF1.0_PDF26510,pdf,6,1.05,1.37,0.7446764707565308,0.7446141242980957,0.99991627712049,-8.372287993552163e-05,8.372287993552163e-05,-0.008372287993552163
Pythia_plus,17,MUR1.0_MUF1.0_PDF26510,pdf,7,1.37,1.52,0.7529962062835693,0.7540827393531799,1.0014429462732266,0.0014429462607949972,0.0014429462607949972,0.14429462607949972
Pythia_plus,17,MUR1.0_MUF1.0_PDF26510,pdf,8,1.52,1.74,0.7522943019866943,0.7529022097587585,1.0008080717485948,0.0008080717525444925,0.0008080717525444925,0.08080717525444925
Pythia_plus,17,MUR1.0_MUF1.0_PDF26510,pdf,9,1.74,1.95,0.738723874092102,0.741895854473114,1.0042938647203061,0.004293864592909813,0.004293864592909813,0.4293864592909813
Pythia_plus,17,MUR1.0_MUF1.0_PDF26510,pdf,10,1.95,2.18,0.753097414970398,0.7553903460502625,1.0030446673090156,0.0030446674209088087,0.0030446674209088087,0.30446674209088087
Pythia_plus,17,MUR1.0_MUF1.0_PDF26510,pdf,11,2.18,2.5,0.7340506911277771,0.7304731607437134,0.9951263169869545,-0.004873683210462332,0.004873683210462332,-0.4873683210462332
Pythia_plus,18,MUR1.0_MUF1.0_PDF26511,pdf,1,0.0,0.21,0.7990407943725586,0.8003203868865967,1.001601410745296,0.0016014107968658209,0.0016014107968658209,0.1601410796865821
Pythia_plus,18,MUR1.0_MUF1.0_PDF26511,pdf,2,0.21,0.42,0.7416394948959351,0.743278980255127,1.0022106230459342,0.0022106231190264225,0.0022106231190264225,0.22106231190264225
Pythia_plus,18,MUR1.0_MUF1.0_PDF26511,pdf,3,0.42,0.63,0.74241703748703,0.7442690134048462,1.0024945223833828,0.0024945223703980446,0.0024945223703980446,0.24945223703980446
Pythia_plus,18,MUR1.0_MUF1.0_PDF26511,pdf,4,0.63,0.84,0.716408371925354,0.7162096500396729,0.9997226136747298,-0.0002773863379843533,0.0002773863379843533,-0.02773863379843533
Pythia_plus,18,MUR1.0_MUF1.0_PDF26511,pdf,5,0.84,1.05,0.7636825442314148,0.765856146812439,1.0028462122087807,0.00284621212631464,0.00284621212631464,0.284621212631464
Pythia_plus,18,MUR1.0_MUF1.0_PDF26511,pdf,6,1.05,1.37,0.7446764707565308,0.7445278763771057,0.9998004578024681,-0.0001995421916944906,0.0001995421916944906,-0.01995421916944906
Pythia_plus,18,MUR1.0_MUF1.0_PDF26511,pdf,7,1.37,1.52,0.7529962062835693,0.7542529106140137,1.0016689384620499,0.001668938435614109,0.001668938435614109,0.1668938435614109
Pythia_plus,18,MUR1.0_MUF1.0_PDF26511,pdf,8,1.52,1.74,0.7522943019866943,0.7529067397117615,1.0008140932656937,0.0008140932768583298,0.0008140932768583298,0.08140932768583298
Pythia_plus,18,MUR1.0_MUF1.0_PDF26511,pdf,9,1.74,1.95,0.738723874092102,0.7424163818359375,1.0049984952068505,0.004998495336622,0.004998495336622,0.4998495336622
Pythia_plus,18,MUR1.0_MUF1.0_PDF26511,pdf,10,1.95,2.18,0.753097414970398,0.7556420564651489,1.003378900848904,0.003378900932148099,0.003378900932148099,0.3378900932148099
Pythia_plus,18,MUR1.0_MUF1.0_PDF26511,pdf,11,2.18,2.5,0.7340506911277771,0.729604959487915,0.993943563171323,-0.0060564368031919,0.0060564368031919,-0.60564368031919
Pythia_plus,19,MUR1.0_MUF1.0_PDF26512,pdf,1,0.0,0.21,0.7990407943725586,0.7997678518295288,1.0009099128130763,0.0009099128074012697,0.0009099128074012697,0.09099128074012697
Pythia_plus,19,MUR1.0_MUF1.0_PDF26512,pdf,2,0.21,0.42,0.7416394948959351,0.7425571084022522,1.0012372770229097,0.0012372770579531789,0.0012372770579531789,0.12372770579531789
Pythia_plus,19,MUR1.0_MUF1.0_PDF26512,pdf,3,0.42,0.63,0.74241703748703,0.743591845035553,1.0015824091975307,0.001582409255206585,0.001582409255206585,0.1582409255206585
Pythia_plus,19,MUR1.0_MUF1.0_PDF26512,pdf,4,0.63,0.84,0.716408371925354,0.7160991430282593,0.9995683622508993,-0.0004316377453505993,0.0004316377453505993,-0.04316377453505993
Pythia_plus,19,MUR1.0_MUF1.0_PDF26512,pdf,5,0.84,1.05,0.7636825442314148,0.7648606896400452,1.0015427161685568,0.0015427161706611514,0.0015427161706611514,0.15427161706611514
Pythia_plus,19,MUR1.0_MUF1.0_PDF26512,pdf,6,1.05,1.37,0.7446764707565308,0.744634747505188,0.9999439713043432,-5.602869714493863e-05,5.602869714493863e-05,-0.005602869714493863
Pythia_plus,19,MUR1.0_MUF1.0_PDF26512,pdf,7,1.37,1.52,0.7529962062835693,0.7536290884017944,1.0008404851351758,0.0008404851541854441,0.0008404851541854441,0.08404851541854441
Pythia_plus,19,MUR1.0_MUF1.0_PDF26512,pdf,8,1.52,1.74,0.7522943019866943,0.7527919411659241,1.0006614953455257,0.0006614953745156527,0.0006614953745156527,0.06614953745156527
Pythia_plus,19,MUR1.0_MUF1.0_PDF26512,pdf,9,1.74,1.95,0.738723874092102,0.7410188317298889,1.0031066515084643,0.003106651594862342,0.003106651594862342,0.3106651594862342
Pythia_plus,19,MUR1.0_MUF1.0_PDF26512,pdf,10,1.95,2.18,0.753097414970398,0.7550310492515564,1.0025675752468681,0.0025675753131508827,0.0025675753131508827,0.25675753131508827
Pythia_plus,19,MUR1.0_MUF1.0_PDF26512,pdf,11,2.18,2.5,0.7340506911277771,0.7318751215934753,0.9970362134923417,-0.002963786479085684,0.002963786479085684,-0.2963786479085684
Pythia_plus,20,MUR1.0_MUF1.0_PDF26513,pdf,1,0.0,0.21,0.7990407943725586,0.7999783754348755,1.001173383222634,0.0011733832070603967,0.0011733832070603967,0.11733832070603967
Pythia_plus,20,MUR1.0_MUF1.0_PDF26513,pdf,2,0.21,0.42,0.7416394948959351,0.742834210395813,1.0016109113768887,0.0016109113348647952,0.0016109113348647952,0.16109113348647952
Pythia_plus,20,MUR1.0_MUF1.0_PDF26513,pdf,3,0.42,0.63,0.74241703748703,0.7438538074493408,1.0019352599546665,0.0019352599047124386,0.0019352599047124386,0.19352599047124386
Pythia_plus,20,MUR1.0_MUF1.0_PDF26513,pdf,4,0.63,0.84,0.716408371925354,0.7161310911178589,0.9996129570530423,-0.00038704293547198176,0.00038704293547198176,-0.038704293547198176
Pythia_plus,20,MUR1.0_MUF1.0_PDF26513,pdf,5,0.84,1.05,0.7636825442314148,0.7652420401573181,1.0020420735522675,0.0020420735236257315,0.0020420735236257315,0.20420735236257315
Pythia_plus,20,MUR1.0_MUF1.0_PDF26513,pdf,6,1.05,1.37,0.7446764707565308,0.7445924282073975,0.9998871421987485,-0.00011285780055914074,0.00011285780055914074,-0.011285780055914074
Pythia_plus,20,MUR1.0_MUF1.0_PDF26513,pdf,7,1.37,1.52,0.7529962062835693,0.7538715600967407,1.0011624943205115,0.0011624942999333143,0.0011624942999333143,0.11624942999333143
Pythia_plus,20,MUR1.0_MUF1.0_PDF26513,pdf,8,1.52,1.74,0.7522943019866943,0.7528448104858398,1.0007317727885108,0.0007317728013731539,0.0007317728013731539,0.07317728013731539
Pythia_plus,20,MUR1.0_MUF1.0_PDF26513,pdf,9,1.74,1.95,0.738723874092102,0.7415753602981567,1.0038600163147011,0.003860016353428364,0.003860016353428364,0.3860016353428364
Pythia_plus,20,MUR1.0_MUF1.0_PDF26513,pdf,10,1.95,2.18,0.753097414970398,0.7552940249443054,1.0029167673799462,0.002916767494753003,0.002916767494753003,0.2916767494753003
Pythia_plus,20,MUR1.0_MUF1.0_PDF26513,pdf,11,2.18,2.5,0.7340506911277771,0.7310243248939514,0.9958771699687714,-0.004122829996049404,0.004122829996049404,-0.4122829996049404
Pythia_plus,21,MUR1.0_MUF1.0_PDF26514,pdf,1,0.0,0.21,0.7990407943725586,0.8000815510749817,1.001302507593796,0.001302507589571178,0.001302507589571178,0.1302507589571178
Pythia_plus,21,MUR1.0_MUF1.0_PDF26514,pdf,2,0.21,0.42,0.7416394948959351,0.7429640889167786,1.0017860348996508,0.0017860349034890532,0.0017860349034890532,0.17860349034890532
Pythia_plus,21,MUR1.0_MUF1.0_PDF26514,pdf,3,0.42,0.63,0.74241703748703,0.7439702749252319,1.0020921360364512,0.0020921360701322556,0.0020921360701322556,0.20921360701322556
Pythia_plus,21,MUR1.0_MUF1.0_PDF26514,pdf,4,0.63,0.84,0.716408371925354,0.716170608997345,0.999668118160917,-0.0003318818344268948,0.0003318818344268948,-0.03318818344268948
Pythia_plus,21,MUR1.0_MUF1.0_PDF26514,pdf,5,0.84,1.05,0.7636825442314148,0.7654170989990234,1.002271303410967,0.002271303441375494,0.002271303441375494,0.2271303441375494
Pythia_plus,21,MUR1.0_MUF1.0_PDF26514,pdf,6,1.05,1.37,0.7446764707565308,0.744576632976532,0.9998659313353927,-0.00013406865764409304,0.00013406865764409304,-0.013406865764409304
Pythia_plus,21,MUR1.0_MUF1.0_PDF26514,pdf,7,1.37,1.52,0.7529962062835693,0.7539746165275574,1.0012993561399426,0.001299356110394001,0.001299356110394001,0.1299356110394001
Pythia_plus,21,MUR1.0_MUF1.0_PDF26514,pdf,8,1.52,1.74,0.7522943019866943,0.7528504133224487,1.0007392204543963,0.0007392204715870321,0.0007392204715870321,0.07392204715870321
Pythia_plus,21,MUR1.0_MUF1.0_PDF26514,pdf,9,1.74,1.95,0.738723874092102,0.741767168045044,1.0041196637331942,0.004119663964956999,0.004119663964956999,0.4119663964956999
Pythia_plus,21,MUR1.0_MUF1.0_PDF26514,pdf,10,1.95,2.18,0.753097414970398,0.755337655544281,1.002974702248807,0.002974702278152108,0.002974702278152108,0.2974702278152108
Pythia_plus,21,MUR1.0_MUF1.0_PDF26514,pdf,11,2.18,2.5,0.7340506911277771,0.7306278347969055,0.9953370300277045,-0.004662970080971718,0.004662970080971718,-0.4662970080971718
Pythia_plus,22,MUR1.0_MUF1.0_PDF26515,pdf,1,0.0,0.21,0.7990407943725586,0.8004568219184875,1.0017721592638344,0.001772159244865179,0.001772159244865179,0.1772159244865179
Pythia_plus,22,MUR1.0_MUF1.0_PDF26515,pdf,2,0.21,0.42,0.7416394948959351,0.7434377074241638,1.0024246450473637,0.0024246450047940016,0.0024246450047940016,0.24246450047940016
Pythia_plus,22,MUR1.0_MUF1.0_PDF26515,pdf,3,0.42,0.63,0.74241703748703,0.744462251663208,1.0027548050124235,0.0027548049110919237,0.0027548049110919237,0.27548049110919237
Pythia_plus,22,MUR1.0_MUF1.0_PDF26515,pdf,4,0.63,0.84,0.716408371925354,0.7161378860473633,0.9996224417684235,-0.0003775582299567759,0.0003775582299567759,-0.03775582299567759
Pythia_plus,22,MUR1.0_MUF1.0_PDF26515,pdf,5,0.84,1.05,0.7636825442314148,0.7659041881561279,1.002909119687879,0.0029091197066009045,0.0029091197066009045,0.29091197066009045
Pythia_plus,22,MUR1.0_MUF1.0_PDF26515,pdf,6,1.05,1.37,0.7446764707565308,0.7444922924041748,0.9997526733291723,-0.00024732667952775955,0.00024732667952775955,-0.024732667952775955
Pythia_plus,22,MUR1.0_MUF1.0_PDF26515,pdf,7,1.37,1.52,0.7529962062835693,0.7541421055793762,1.0015217862802557,0.001521786325611174,0.001521786325611174,0.1521786325611174
Pythia_plus,22,MUR1.0_MUF1.0_PDF26515,pdf,8,1.52,1.74,0.7522943019866943,0.7528302073478699,1.000712361318915,0.0007123613031581044,0.0007123613031581044,0.07123613031581044
Pythia_plus,22,MUR1.0_MUF1.0_PDF26515,pdf,9,1.74,1.95,0.738723874092102,0.7424139976501465,1.0049952677684604,0.00499526783823967,0.00499526783823967,0.499526783823967
Pythia_plus,22,MUR1.0_MUF1.0_PDF26515,pdf,10,1.95,2.18,0.753097414970398,0.755827784538269,1.0036255197715402,0.0036255198065191507,0.0036255198065191507,0.3625519806519151
Pythia_plus,22,MUR1.0_MUF1.0_PDF26515,pdf,11,2.18,2.5,0.7340506911277771,0.7296612858772278,0.9940202968220008,-0.005979703273624182,0.005979703273624182,-0.5979703273624182
Pythia_plus,23,MUR1.0_MUF1.0_PDF26516,pdf,1,0.0,0.21,0.7990407943725586,0.7996490597724915,1.0007612444874112,0.0007612445042468607,0.0007612445042468607,0.07612445042468607
Pythia_plus,23,MUR1.0_MUF1.0_PDF26516,pdf,2,0.21,0.42,0.7416394948959351,0.7424140572547913,1.0010443920047232,0.0010443920036777854,0.0010443920036777854,0.10443920036777854
Pythia_plus,23,MUR1.0_MUF1.0_PDF26516,pdf,3,0.42,0.63,0.74241703748703,0.743417501449585,1.001347576782372,0.0013475767336785793,0.0013475767336785793,0.13475767336785793
Pythia_plus,23,MUR1.0_MUF1.0_PDF26516,pdf,4,0.63,0.84,0.716408371925354,0.7161628603935242,0.9996573022574122,-0.00034269774914719164,0.00034269774914719164,-0.034269774914719164
Pythia_plus,23,MUR1.0_MUF1.0_PDF26516,pdf,5,0.84,1.05,0.7636825442314148,0.7648195624351501,1.0014888623713138,0.0014888623263686895,0.0014888623263686895,0.14888623263686895
Pythia_plus,23,MUR1.0_MUF1.0_PDF26516,pdf,6,1.05,1.37,0.7446764707565308,0.7446673512458801,0.9999877537279493,-1.2246272490301635e-05,1.2246272490301635e-05,-0.0012246272490301635
Pythia_plus,23,MUR1.0_MUF1.0_PDF26516,pdf,7,1.37,1.52,0.7529962062835693,0.7537325620651245,1.0009779010510418,0.000977901043370366,0.000977901043370366,0.09779010433703661
Pythia_plus,23,MUR1.0_MUF1.0_PDF26516,pdf,8,1.52,1.74,0.7522943019866943,0.7528581023216248,1.0007494411873672,0.0007494412129744887,0.0007494412129744887,0.07494412129744887
Pythia_plus,23,MUR1.0_MUF1.0_PDF26516,pdf,9,1.74,1.95,0.738723874092102,0.7410247325897217,1.0031146394184802,0.003114639315754175,0.003114639315754175,0.3114639315754175
Pythia_plus,23,MUR1.0_MUF1.0_PDF26516,pdf,10,1.95,2.18,0.753097414970398,0.7548646926879883,1.0023466787728381,0.0023466788697987795,0.0023466788697987795,0.23466788697987795
Pythia_plus,23,MUR1.0_MUF1.0_PDF26516,pdf,11,2.18,2.5,0.7340506911277771,0.7318072319030762,0.9969437271133766,-0.003056272864341736,0.003056272864341736,-0.3056272864341736
Pythia_plus,24,MUR1.0_MUF1.0_PDF13303,pdf,1,0.0,0.21,0.7990407943725586,0.7990328073501587,0.99999000423701,-9.995763321057893e-06,9.995763321057893e-06,-0.0009995763321057893
Pythia_plus,24,MUR1.0_MUF1.0_PDF13303,pdf,2,0.21,0.42,0.7416394948959351,0.7416326403617859,0.9999907575928786,-9.242407031706534e-06,9.242407031706534e-06,-0.0009242407031706534
Pythia_plus,24,MUR1.0_MUF1.0_PDF13303,pdf,3,0.42,0.63,0.74241703748703,0.7424108386039734,0.9999916504030166,-8.34959701023763e-06,8.34959701023763e-06,-0.000834959701023763
Pythia_plus,24,MUR1.0_MUF1.0_PDF13303,pdf,4,0.63,0.84,0.716408371925354,0.7163986563682556,0.9999864385209901,-1.356147913611494e-05,1.356147913611494e-05,-0.001356147913611494
Pythia_plus,24,MUR1.0_MUF1.0_PDF13303,pdf,5,0.84,1.05,0.7636825442314148,0.7636774778366089,0.9999933658365715,-6.634163582930341e-06,6.634163582930341e-06,-0.0006634163582930341
Pythia_plus,24,MUR1.0_MUF1.0_PDF13303,pdf,6,1.05,1.37,0.7446764707565308,0.7446562051773071,0.9999727860621096,-2.7213938665227033e-05,2.7213938665227033e-05,-0.0027213938665227033
Pythia_plus,24,MUR1.0_MUF1.0_PDF13303,pdf,7,1.37,1.52,0.7529962062835693,0.7530061602592468,1.000013219157805,1.3219158063293435e-05,1.3219158063293435e-05,0.0013219158063293435
Pythia_plus,24,MUR1.0_MUF1.0_PDF13303,pdf,8,1.52,1.74,0.7522943019866943,0.7523124814033508,1.0000241652988844,2.4165299691958353e-05,2.4165299691958353e-05,0.0024165299691958353
Pythia_plus,24,MUR1.0_MUF1.0_PDF13303,pdf,9,1.74,1.95,0.738723874092102,0.7387446165084839,1.0000280787139948,2.8078713512513787e-05,2.8078713512513787e-05,0.0028078713512513787
Pythia_plus,24,MUR1.0_MUF1.0_PDF13303,pdf,10,1.95,2.18,0.753097414970398,0.7531129717826843,1.0000206571048806,2.0657105778809637e-05,2.0657105778809637e-05,0.0020657105778809637
Pythia_plus,24,MUR1.0_MUF1.0_PDF13303,pdf,11,2.18,2.5,0.7340506911277771,0.7340520620346069,1.000001867591498,1.8675915498533868e-06,1.8675915498533868e-06,0.00018675915498533868
Pythia_plus,25,MUR1.0_MUF1.0_PDF26517,pdf,1,0.0,0.21,0.7990407943725586,0.7996319532394409,1.0007398356517536,0.0007398356683552265,0.0007398356683552265,0.07398356683552265
Pythia_plus,25,MUR1.0_MUF1.0_PDF26517,pdf,2,0.21,0.42,0.7416394948959351,0.7423804402351379,1.0009990640254494,0.0009990640683099627,0.0009990640683099627,0.09990640683099627
Pythia_plus,25,MUR1.0_MUF1.0_PDF26517,pdf,3,0.42,0.63,0.74241703748703,0.7430703043937683,1.0008799190667141,0.00087991904001683,0.00087991904001683,0.087991904001683
Pythia_plus,25,MUR1.0_MUF1.0_PDF26517,pdf,4,0.63,0.84,0.716408371925354,0.717358410358429,1.0013261129689506,0.0013261130079627037,0.0013261130079627037,0.13261130079627037
Pythia_plus,25,MUR1.0_MUF1.0_PDF26517,pdf,5,0.84,1.05,0.7636825442314148,0.7658592462539673,1.0028502707558193,0.0028502708300948143,0.0028502708300948143,0.28502708300948143
Pythia_plus,25,MUR1.0_MUF1.0_PDF26517,pdf,6,1.05,1.37,0.7446764707565308,0.7453107237815857,1.0008517162149766,0.0008517162059433758,0.0008517162059433758,0.08517162059433758
Pythia_plus,25,MUR1.0_MUF1.0_PDF26517,pdf,7,1.37,1.52,0.7529962062835693,0.7555618286132812,1.0034072181351015,0.0034072180278599262,0.0034072180278599262,0.3407218027859926
Pythia_plus,25,MUR1.0_MUF1.0_PDF26517,pdf,8,1.52,1.74,0.7522943019866943,0.7537427544593811,1.0019253800924208,0.001925380085594952,0.001925380085594952,0.1925380085594952
Pythia_plus,25,MUR1.0_MUF1.0_PDF26517,pdf,9,1.74,1.95,0.738723874092102,0.741830587387085,1.004205513594374,0.004205513745546341,0.004205513745546341,0.4205513745546341
Pythia_plus,25,MUR1.0_MUF1.0_PDF26517,pdf,10,1.95,2.18,0.753097414970398,0.7537071108818054,1.0008095843901303,0.0008095843950286508,0.0008095843950286508,0.08095843950286508
Pythia_plus,25,MUR1.0_MUF1.0_PDF26517,pdf,11,2.18,2.5,0.7340506911277771,0.730259358882904,0.9948350539129006,-0.005164945963770151,0.005164945963770151,-0.5164945963770151
Pythia_plus,26,MUR1.0_MUF1.0_PDF26518,pdf,1,0.0,0.21,0.7990407943725586,0.8003026247024536,1.0015791813619301,0.0015791814075782895,0.0015791814075782895,0.15791814075782895
Pythia_plus,26,MUR1.0_MUF1.0_PDF26518,pdf,2,0.21,0.42,0.7416394948959351,0.7432523965835571,1.0021747785800543,0.0021747786086052656,0.0021747786086052656,0.21747786086052656
Pythia_plus,26,MUR1.0_MUF1.0_PDF26518,pdf,3,0.42,0.63,0.74241703748703,0.7444811463356018,1.0027802552263059,0.002780255163088441,0.002780255163088441,0.2780255163088441
Pythia_plus,26,MUR1.0_MUF1.0_PDF26518,pdf,4,0.63,0.84,0.716408371925354,0.7153400182723999,0.9985087365044564,-0.001491263508796692,0.001491263508796692,-0.1491263508796692
Pythia_plus,26,MUR1.0_MUF1.0_PDF26518,pdf,5,0.84,1.05,0.7636825442314148,0.7649778723716736,1.0016961604662085,0.0016961604123935103,0.0016961604123935103,0.16961604123935103
Pythia_plus,26,MUR1.0_MUF1.0_PDF26518,pdf,6,1.05,1.37,0.7446764707565308,0.7440871596336365,0.9992086346943451,-0.0007913652807474136,0.0007913652807474136,-0.07913652807474136
Pythia_plus,26,MUR1.0_MUF1.0_PDF26518,pdf,7,1.37,1.52,0.7529962062835693,0.7528089880943298,0.9997513690139774,-0.00024863099679350853,0.00024863099679350853,-0.024863099679350853
Pythia_plus,26,MUR1.0_MUF1.0_PDF26518,pdf,8,1.52,1.74,0.7522943019866943,0.7522299885749817,0.9999145103032911,-8.548969344701618e-05,8.548969344701618e-05,-0.008548969344701618
Pythia_plus,26,MUR1.0_MUF1.0_PDF26518,pdf,9,1.74,1.95,0.738723874092102,0.7415636777877808,1.003844201866589,0.003844201797619462,0.003844201797619462,0.3844201797619462
Pythia_plus,26,MUR1.0_MUF1.0_PDF26518,pdf,10,1.95,2.18,0.753097414970398,0.7563889622688293,1.0043706793211615,0.004370679147541523,0.004370679147541523,0.4370679147541523
Pythia_plus,26,MUR1.0_MUF1.0_PDF26518,pdf,11,2.18,2.5,0.7340506911277771,0.731174647808075,0.996081955436506,-0.003918044734746218,0.003918044734746218,-0.3918044734746218
Pythia_plus,27,MUR1.0_MUF1.0_PDF26519,pdf,1,0.0,0.21,0.7990407943725586,0.8004992008209229,1.0018251964838785,0.001825196435675025,0.001825196435675025,0.1825196435675025
Pythia_plus,27,MUR1.0_MUF1.0_PDF26519,pdf,2,0.21,0.42,0.7416394948959351,0.7435153722763062,1.0025293655384875,0.002529365476220846,0.002529365476220846,0.2529365476220846
Pythia_plus,27,MUR1.0_MUF1.0_PDF26519,pdf,3,0.42,0.63,0.74241703748703,0.7447017431259155,1.0030773884804947,0.003077388508245349,0.003077388508245349,0.3077388508245349
Pythia_plus,27,MUR1.0_MUF1.0_PDF26519,pdf,4,0.63,0.84,0.716408371925354,0.7154095768928528,0.9986058300382268,-0.001394169987179339,0.001394169987179339,-0.1394169987179339
Pythia_plus,27,MUR1.0_MUF1.0_PDF26519,pdf,5,0.84,1.05,0.7636825442314148,0.7652615904808044,1.0020676736182033,0.0020676737185567617,0.0020676737185567617,0.20676737185567617
Pythia_plus,27,MUR1.0_MUF1.0_PDF26519,pdf,6,1.05,1.37,0.7446764707565308,0.7440277934074402,0.9991289138645248,-0.0008710861438885331,0.0008710861438885331,-0.08710861438885331
Pythia_plus,27,MUR1.0_MUF1.0_PDF26519,pdf,7,1.37,1.52,0.7529962062835693,0.7529569268226624,0.9999478357784818,-5.21642214152962e-05,5.21642214152962e-05,-0.00521642214152962
Pythia_plus,27,MUR1.0_MUF1.0_PDF26519,pdf,8,1.52,1.74,0.7522943019866943,0.7521182298660278,0.9997659531380185,-0.00023404686362482607,0.00023404686362482607,-0.023404686362482607
Pythia_plus,27,MUR1.0_MUF1.0_PDF26519,pdf,9,1.74,1.95,0.738723874092102,0.7417597770690918,1.0041096586741844,0.004109658766537905,0.004109658766537905,0.4109658766537905
Pythia_plus,27,MUR1.0_MUF1.0_PDF26519,pdf,10,1.95,2.18,0.753097414970398,0.7563681602478027,1.0043430573686585,0.00434305751696229,0.00434305751696229,0.434305751696229
Pythia_plus,27,MUR1.0_MUF1.0_PDF26519,pdf,11,2.18,2.5,0.7340506911277771,0.7304731011390686,0.9951262357873242,-0.004873764235526323,0.004873764235526323,-0.48737642355263233
Pythia_plus,28,MUR1.0_MUF1.0_PDF26520,pdf,1,0.0,0.21,0.7990407943725586,0.7993613481521606,1.000401173234032,0.0004011732235085219,0.0004011732235085219,0.04011732235085219
Pythia_plus,28,MUR1.0_MUF1.0_PDF26520,pdf,2,0.21,0.42,0.7416394948959351,0.7420239448547363,1.0005183784863767,0.0005183785106055439,0.0005183785106055439,0.051837851060554385
Pythia_plus,28,MUR1.0_MUF1.0_PDF26520,pdf,3,0.42,0.63,0.74241703748703,0.7427913546562195,1.0005041872024603,0.0005041871918365359,0.0005041871918365359,0.05041871918365359
Pythia_plus,28,MUR1.0_MUF1.0_PDF26520,pdf,4,0.63,0.84,0.716408371925354,0.7172128558158875,1.0011229403815751,0.001122940331697464,0.001122940331697464,0.1122940331697464
Pythia_plus,28,MUR1.0_MUF1.0_PDF26520,pdf,5,0.84,1.05,0.7636825442314148,0.7654426693916321,1.0023047864240353,0.0023047863505780697,0.0023047863505780697,0.23047863505780697
Pythia_plus,28,MUR1.0_MUF1.0_PDF26520,pdf,6,1.05,1.37,0.7446764707565308,0.7453687787055969,1.0009296761429334,0.0009296761709265411,0.0009296761709265411,0.09296761709265411
Pythia_plus,28,MUR1.0_MUF1.0_PDF26520,pdf,7,1.37,1.52,0.7529962062835693,0.7552892565727234,1.0030452348498162,0.003045234829187393,0.003045234829187393,0.3045234829187393
Pythia_plus,28,MUR1.0_MUF1.0_PDF26520,pdf,8,1.52,1.74,0.7522943019866943,0.7538681030273438,1.0020920018089905,0.0020920017268508673,0.0020920017268508673,0.20920017268508673
Pythia_plus,28,MUR1.0_MUF1.0_PDF26520,pdf,9,1.74,1.95,0.738723874092102,0.7415716648101807,1.0038550137851963,0.0038550137542188168,0.0038550137542188168,0.3855013754218817
Pythia_plus,28,MUR1.0_MUF1.0_PDF26520,pdf,10,1.95,2.18,0.753097414970398,0.7538650631904602,1.001019321278765,0.001019321265630424,0.001019321265630424,0.1019321265630424
Pythia_plus,28,MUR1.0_MUF1.0_PDF26520,pdf,11,2.18,2.5,0.7340506911277771,0.7312883138656616,0.9962368031315775,-0.0037631967570632696,0.0037631967570632696,-0.37631967570632696
Pythia_plus,29,MUR1.0_MUF1.0_PDF26521,pdf,1,0.0,0.21,0.7990407943725586,0.8001939058303833,1.0014431196328721,0.0014431196032091975,0.0014431196032091975,0.14431196032091975
Pythia_plus,29,MUR1.0_MUF1.0_PDF26521,pdf,2,0.21,0.42,0.7416394948959351,0.743111252784729,1.0019844653621104,0.0019844654016196728,0.0019844654016196728,0.19844654016196728
Pythia_plus,29,MUR1.0_MUF1.0_PDF26521,pdf,3,0.42,0.63,0.74241703748703,0.7441866397857666,1.002383569085007,0.002383569022640586,0.002383569022640586,0.2383569022640586
Pythia_plus,29,MUR1.0_MUF1.0_PDF26521,pdf,4,0.63,0.84,0.716408371925354,0.7158376574516296,0.99920336710724,-0.0007966328994370997,0.0007966328994370997,-0.07966328994370997
Pythia_plus,29,MUR1.0_MUF1.0_PDF26521,pdf,5,0.84,1.05,0.7636825442314148,0.7651624083518982,1.0019378001129682,0.0019378000870347023,0.0019378000870347023,0.19378000870347023
Pythia_plus,29,MUR1.0_MUF1.0_PDF26521,pdf,6,1.05,1.37,0.7446764707565308,0.744342029094696,0.9995508899838141,-0.00044911002623848617,0.00044911002623848617,-0.04491100262384862
Pythia_plus,29,MUR1.0_MUF1.0_PDF26521,pdf,7,1.37,1.52,0.7529962062835693,0.7534052729606628,1.0005432519761455,0.0005432519828900695,0.0005432519828900695,0.05432519828900695
Pythia_plus,29,MUR1.0_MUF1.0_PDF26521,pdf,8,1.52,1.74,0.7522943019866943,0.7524272203445435,1.0001766839885642,0.00017668398504611105,0.00017668398504611105,0.017668398504611105
Pythia_plus,29,MUR1.0_MUF1.0_PDF26521,pdf,9,1.74,1.95,0.738723874092102,0.7413850426673889,1.003602386045202,0.003602385986596346,0.003602385986596346,0.3602385986596346
Pythia_plus,29,MUR1.0_MUF1.0_PDF26521,pdf,10,1.95,2.18,0.753097414970398,0.7555724382400513,1.0032864583259133,0.003286458319053054,0.003286458319053054,0.3286458319053054
Pythia_plus,29,MUR1.0_MUF1.0_PDF26521,pdf,11,2.18,2.5,0.7340506911277771,0.7309832572937012,0.9958212234234625,-0.004178776405751705,0.004178776405751705,-0.4178776405751705
Pythia_plus,30,MUR1.0_MUF1.0_PDF26522,pdf,1,0.0,0.21,0.7990407943725586,0.7997584939002991,1.0008982013594239,0.0008982013678178191,0.0008982013678178191,0.08982013678178191
Pythia_plus,30,MUR1.0_MUF1.0_PDF26522,pdf,2,0.21,0.42,0.7416394948959351,0.7425451874732971,1.0012212032713943,0.0012212032452225685,0.0012212032452225685,0.12212032452225685
Pythia_plus,30,MUR1.0_MUF1.0_PDF26522,pdf,3,0.42,0.63,0.74241703748703,0.7434508204460144,1.001392455866158,0.0013924558879807591,0.0013924558879807591,0.13924558879807591
Pythia_plus,30,MUR1.0_MUF1.0_PDF26522,pdf,4,0.63,0.84,0.716408371925354,0.7166970372200012,1.0004029340051839,0.0004029340052511543,0.0004029340052511543,0.04029340052511543
Pythia_plus,30,MUR1.0_MUF1.0_PDF26522,pdf,5,0.84,1.05,0.7636825442314148,0.7656371593475342,1.0025594602507073,0.0025594602338969707,0.0025594602338969707,0.2559460233896971
Pythia_plus,30,MUR1.0_MUF1.0_PDF26522,pdf,6,1.05,1.37,0.7446764707565308,0.7449995875358582,1.0004339022273647,0.00043390222708694637,0.00043390222708694637,0.04339022270869464
Pythia_plus,30,MUR1.0_MUF1.0_PDF26522,pdf,7,1.37,1.52,0.7529962062835693,0.7548225522041321,1.002425438409015,0.002425438491627574,0.002425438491627574,0.2425438491627574
Pythia_plus,30,MUR1.0_MUF1.0_PDF26522,pdf,8,1.52,1.74,0.7522943019866943,0.7535626888275146,1.0016860247877335,0.00168602482881397,0.00168602482881397,0.168602482881397
Pythia_plus,30,MUR1.0_MUF1.0_PDF26522,pdf,9,1.74,1.95,0.738723874092102,0.7421829104423523,1.0046824483024885,0.004682448226958513,0.004682448226958513,0.4682448226958513
Pythia_plus,30,MUR1.0_MUF1.0_PDF26522,pdf,10,1.95,2.18,0.753097414970398,0.7548741698265076,1.0023592629861562,0.002359262900426984,0.002359262900426984,0.23592629004269838
Pythia_plus,30,MUR1.0_MUF1.0_PDF26522,pdf,11,2.18,2.5,0.7340506911277771,0.7305006980895996,0.9951638312161748,-0.004836168605834246,0.004836168605834246,-0.48361686058342457
Pythia_plus,31,MUR1.0_MUF1.0_PDF26523,pdf,1,0.0,0.21,0.7990407943725586,0.7997498512268066,1.0008873850487257,0.0008873850456438959,0.0008873850456438959,0.08873850456438959
Pythia_plus,31,MUR1.0_MUF1.0_PDF26523,pdf,2,0.21,0.42,0.7416394948959351,0.7425512075424194,1.0012293205159095,0.0012293205363675952,0.0012293205363675952,0.12293205363675952
Pythia_plus,31,MUR1.0_MUF1.0_PDF26523,pdf,3,0.42,0.63,0.74241703748703,0.7435622215270996,1.0015425077581004,0.0015425077872350812,0.0015425077872350812,0.15425077872350812
Pythia_plus,31,MUR1.0_MUF1.0_PDF26523,pdf,4,0.63,0.84,0.716408371925354,0.7162413597106934,0.9997668756798419,-0.0002331243158550933,0.0002331243158550933,-0.02331243158550933
Pythia_plus,31,MUR1.0_MUF1.0_PDF26523,pdf,5,0.84,1.05,0.7636825442314148,0.7651488184928894,1.0019200049451835,0.0019200049573555589,0.0019200049573555589,0.1920004957355559
Pythia_plus,31,MUR1.0_MUF1.0_PDF26523,pdf,6,1.05,1.37,0.7446764707565308,0.744723916053772,1.0000637126310612,6.371262861648574e-05,6.371262861648574e-05,0.0063712628616485745
Pythia_plus,31,MUR1.0_MUF1.0_PDF26523,pdf,7,1.37,1.52,0.7529962062835693,0.754016637802124,1.0013551615666048,0.0013551615411415696,0.0013551615411415696,0.13551615411415696
Pythia_plus,31,MUR1.0_MUF1.0_PDF26523,pdf,8,1.52,1.74,0.7522943019866943,0.7530587315559387,1.0010161310104644,0.0010161310201510787,0.0010161310201510787,0.10161310201510787
Pythia_plus,31,MUR1.0_MUF1.0_PDF26523,pdf,9,1.74,1.95,0.738723874092102,0.7415614128112793,1.0038411358001182,0.003841135883703828,0.003841135883703828,0.3841135883703828
Pythia_plus,31,MUR1.0_MUF1.0_PDF26523,pdf,10,1.95,2.18,0.753097414970398,0.755089521408081,1.0026452174686609,0.0026452175807207823,0.0026452175807207823,0.26452175807207823
Pythia_plus,31,MUR1.0_MUF1.0_PDF26523,pdf,11,2.18,2.5,0.7340506911277771,0.731230616569519,0.9961582018894017,-0.0038417980540543795,0.0038417980540543795,-0.38417980540543795
Pythia_plus,32,MUR1.0_MUF1.0_PDF26524,pdf,1,0.0,0.21,0.7990407943725586,0.8004204034805298,1.0017265815684098,0.0017265815986320376,0.0017265815986320376,0.17265815986320376
Pythia_plus,32,MUR1.0_MUF1.0_PDF26524,pdf,2,0.21,0.42,0.7416394948959351,0.7433823347091675,1.002349982471574,0.0023499825038015842,0.0023499825038015842,0.23499825038015842
Pythia_plus,32,MUR1.0_MUF1.0_PDF26524,pdf,3,0.42,0.63,0.74241703748703,0.7443954348564148,1.0026648059910928,0.0026648060884326696,0.0026648060884326696,0.26648060884326696
Pythia_plus,32,MUR1.0_MUF1.0_PDF26524,pdf,4,0.63,0.84,0.716408371925354,0.7160329222679138,0.9994759278755618,-0.0005240721511654556,0.0005240721511654556,-0.05240721511654556
Pythia_plus,32,MUR1.0_MUF1.0_PDF26524,pdf,5,0.84,1.05,0.7636825442314148,0.7655844688415527,1.002490464951051,0.0024904650636017323,0.0024904650636017323,0.24904650636017323
Pythia_plus,32,MUR1.0_MUF1.0_PDF26524,pdf,6,1.05,1.37,0.7446764707565308,0.7443833947181702,0.9996064384335082,-0.00039356155321002007,0.00039356155321002007,-0.03935615532100201
Pythia_plus,32,MUR1.0_MUF1.0_PDF26524,pdf,7,1.37,1.52,0.7529962062835693,0.7537930011749268,1.001058165877475,0.0010581659153103828,0.0010581659153103828,0.10581659153103828
Pythia_plus,32,MUR1.0_MUF1.0_PDF26524,pdf,8,1.52,1.74,0.7522943019866943,0.7525309324264526,1.0003145450379372,0.000314545031869784,0.000314545031869784,0.0314545031869784
Pythia_plus,32,MUR1.0_MUF1.0_PDF26524,pdf,9,1.74,1.95,0.738723874092102,0.7418142557144165,1.004183405641401,0.004183405544608831,0.004183405544608831,0.41834055446088314
Pythia_plus,32,MUR1.0_MUF1.0_PDF26524,pdf,10,1.95,2.18,0.753097414970398,0.7556033730506897,1.0033275350976876,0.0033275349996984005,0.0033275349996984005,0.33275349996984005
Pythia_plus,32,MUR1.0_MUF1.0_PDF26524,pdf,11,2.18,2.5,0.7340506911277771,0.7302065491676331,0.9947631110404133,-0.005236888770014048,0.005236888770014048,-0.5236888770014048
Pythia_plus,33,MUR1.0_MUF1.0_PDF26525,pdf,1,0.0,0.21,0.7990407943725586,0.8000838756561279,1.0013054168083977,0.001305416808463633,0.001305416808463633,0.1305416808463633
Pythia_plus,33,MUR1.0_MUF1.0_PDF26525,pdf,2,0.21,0.42,0.7416394948959351,0.7429553866386414,1.0017743010610445,0.001774301053956151,0.001774301053956151,0.1774301053956151
Pythia_plus,33,MUR1.0_MUF1.0_PDF26525,pdf,3,0.42,0.63,0.74241703748703,0.743961751461029,1.002080655340599,0.002080655423924327,0.002080655423924327,0.2080655423924327
Pythia_plus,33,MUR1.0_MUF1.0_PDF26525,pdf,4,0.63,0.84,0.716408371925354,0.7161779403686523,0.9996783516696177,-0.0003216483164578676,0.0003216483164578676,-0.03216483164578676
Pythia_plus,33,MUR1.0_MUF1.0_PDF26525,pdf,5,0.84,1.05,0.7636825442314148,0.7654018998146057,1.0022514009206813,0.0022514008451253176,0.0022514008451253176,0.22514008451253176
Pythia_plus,33,MUR1.0_MUF1.0_PDF26525,pdf,6,1.05,1.37,0.7446764707565308,0.7446022629737854,0.9999003489627247,-9.965103527065367e-05,9.965103527065367e-05,-0.009965103527065367
Pythia_plus,33,MUR1.0_MUF1.0_PDF26525,pdf,7,1.37,1.52,0.7529962062835693,0.7540057301521301,1.0013406759026626,0.0013406758662313223,0.0013406758662313223,0.13406758662313223
Pythia_plus,33,MUR1.0_MUF1.0_PDF26525,pdf,8,1.52,1.74,0.7522943019866943,0.7528846859931946,1.00078477798508,0.0007847779779694974,0.0007847779779694974,0.07847779779694974
Pythia_plus,33,MUR1.0_MUF1.0_PDF26525,pdf,9,1.74,1.95,0.738723874092102,0.7417612075805664,1.0041115951372186,0.00411159498617053,0.00411159498617053,0.41115949861705303
Pythia_plus,33,MUR1.0_MUF1.0_PDF26525,pdf,10,1.95,2.18,0.753097414970398,0.7553833723068237,1.0030354072275174,0.003035407280549407,0.003035407280549407,0.3035407280549407
Pythia_plus,33,MUR1.0_MUF1.0_PDF26525,pdf,11,2.18,2.5,0.7340506911277771,0.7307905554771423,0.9955587050185513,-0.004441294819116592,0.004441294819116592,-0.44412948191165924
Pythia_plus,34,MUR1.0_MUF1.0_PDF26526,pdf,1,0.0,0.21,0.7990407943725586,0.7999324202537537,1.0011158702878182,0.0011158703127875924,0.0011158703127875924,0.11158703127875924
Pythia_plus,34,MUR1.0_MUF1.0_PDF26526,pdf,2,0.21,0.42,0.7416394948959351,0.742794930934906,1.0015579483656452,0.0015579484170302749,0.0015579484170302749,0.1557948417030275
Pythia_plus,34,MUR1.0_MUF1.0_PDF26526,pdf,3,0.42,0.63,0.74241703748703,0.7438207268714905,1.0018907020092263,0.0018907020566985011,0.0018907020566985011,0.1890702056698501
Pythia_plus,34,MUR1.0_MUF1.0_PDF26526,pdf,4,0.63,0.84,0.716408371925354,0.7160974144935608,0.9995659494724252,-0.0004340505402069539,0.0004340505402069539,-0.04340505402069539
Pythia_plus,34,MUR1.0_MUF1.0_PDF26526,pdf,5,0.84,1.05,0.7636825442314148,0.7651967406272888,1.0019827563263188,0.0019827564246952534,0.0019827564246952534,0.19827564246952534
Pythia_plus,34,MUR1.0_MUF1.0_PDF26526,pdf,6,1.05,1.37,0.7446764707565308,0.7445471882820129,0.9998263910844578,-0.00017360891797579825,0.00017360891797579825,-0.017360891797579825
Pythia_plus,34,MUR1.0_MUF1.0_PDF26526,pdf,7,1.37,1.52,0.7529962062835693,0.7537642121315002,1.001019933223464,0.0010199332609772682,0.0010199332609772682,0.10199332609772682
Pythia_plus,34,MUR1.0_MUF1.0_PDF26526,pdf,8,1.52,1.74,0.7522943019866943,0.7527686357498169,1.000630516224661,0.0006305162096396089,0.0006305162096396089,0.06305162096396089
Pythia_plus,34,MUR1.0_MUF1.0_PDF26526,pdf,9,1.74,1.95,0.738723874092102,0.7415030002593994,1.0037620635595579,0.0037620635703206062,0.0037620635703206062,0.3762063570320606
Pythia_plus,34,MUR1.0_MUF1.0_PDF26526,pdf,10,1.95,2.18,0.753097414970398,0.7551835179328918,1.0027700307038976,0.002770030638203025,0.002770030638203025,0.2770030638203025
Pythia_plus,34,MUR1.0_MUF1.0_PDF26526,pdf,11,2.18,2.5,0.7340506911277771,0.7308694124221802,0.9956661321295001,-0.004333867691457272,0.004333867691457272,-0.43338676914572716
Pythia_plus,35,MUR1.0_MUF1.0_PDF13304,pdf,1,0.0,0.21,0.7990407943725586,0.7990348935127258,0.9999926150706268,-7.3849291766237e-06,7.3849291766237e-06,-0.00073849291766237
Pythia_plus,35,MUR1.0_MUF1.0_PDF13304,pdf,2,0.21,0.42,0.7416394948959351,0.7416343688964844,0.9999930882868483,-6.911713171575684e-06,6.911713171575684e-06,-0.0006911713171575684
Pythia_plus,35,MUR1.0_MUF1.0_PDF13304,pdf,3,0.42,0.63,0.74241703748703,0.7424109578132629,0.9999918109721894,-8.189027539629024e-06,8.189027539629024e-06,-0.0008189027539629024
Pythia_plus,35,MUR1.0_MUF1.0_PDF13304,pdf,4,0.63,0.84,0.716408371925354,0.7163954973220825,0.9999820289603304,-1.797104050638154e-05,1.797104050638154e-05,-0.0017971040506381541
Pythia_plus,35,MUR1.0_MUF1.0_PDF13304,pdf,5,0.84,1.05,0.7636825442314148,0.7636765241622925,0.9999921170528674,-7.882947102189064e-06,7.882947102189064e-06,-0.0007882947102189064
Pythia_plus,35,MUR1.0_MUF1.0_PDF13304,pdf,6,1.05,1.37,0.7446764707565308,0.7446514368057251,0.999966382782606,-3.3617216104175895e-05,3.3617216104175895e-05,-0.0033617216104175895
Pythia_plus,35,MUR1.0_MUF1.0_PDF13304,pdf,7,1.37,1.52,0.7529962062835693,0.7530056834220886,1.0000125859047366,1.25859050967847e-05,1.25859050967847e-05,0.00125859050967847
Pythia_plus,35,MUR1.0_MUF1.0_PDF13304,pdf,8,1.52,1.74,0.7522943019866943,0.7523120641708374,1.0000236106854674,2.3610686184838414e-05,2.3610686184838414e-05,0.0023610686184838414
Pythia_plus,35,MUR1.0_MUF1.0_PDF13304,pdf,9,1.74,1.95,0.738723874092102,0.7387466430664062,1.0000308220366265,3.08220369333867e-05,3.08220369333867e-05,0.00308220369333867
Pythia_plus,35,MUR1.0_MUF1.0_PDF13304,pdf,10,1.95,2.18,0.753097414970398,0.7531141638755798,1.000022240024795,2.224002491857391e-05,2.224002491857391e-05,0.002224002491857391
Pythia_plus,35,MUR1.0_MUF1.0_PDF13304,pdf,11,2.18,2.5,0.7340506911277771,0.7340491414070129,0.9999978888096109,-2.11119049708941e-06,2.11119049708941e-06,-0.00021111904970894102
Pythia_plus,36,MUR1.0_MUF1.0_PDF26527,pdf,1,0.0,0.21,0.7990407943725586,0.8003105521202087,1.001589102529674,0.0015891025541350245,0.0015891025541350245,0.15891025541350245
Pythia_plus,36,MUR1.0_MUF1.0_PDF26527,pdf,2,0.21,0.42,0.7416394948959351,0.74321448802948,1.002123664050235,0.0021236641332507133,0.0021236641332507133,0.21236641332507133
Pythia_plus,36,MUR1.0_MUF1.0_PDF26527,pdf,3,0.42,0.63,0.74241703748703,0.7441465258598328,1.0023295375583738,0.002329537644982338,0.002329537644982338,0.2329537644982338
Pythia_plus,36,MUR1.0_MUF1.0_PDF26527,pdf,4,0.63,0.84,0.716408371925354,0.7165861129760742,1.0002481001865493,0.00024810017202980816,0.00024810017202980816,0.024810017202980816
Pythia_plus,36,MUR1.0_MUF1.0_PDF26527,pdf,5,0.84,1.05,0.7636825442314148,0.7658150792121887,1.0027924364605192,0.002792436396703124,0.002792436396703124,0.2792436396703124
Pythia_plus,36,MUR1.0_MUF1.0_PDF26527,pdf,6,1.05,1.37,0.7446764707565308,0.7448564767837524,1.000241723801262,0.00024172379926312715,0.00024172379926312715,0.024172379926312715
Pythia_plus,36,MUR1.0_MUF1.0_PDF26527,pdf,7,1.37,1.52,0.7529962062835693,0.7545685172080994,1.002088072836768,0.002088072942569852,0.002088072942569852,0.2088072942569852
Pythia_plus,36,MUR1.0_MUF1.0_PDF26527,pdf,8,1.52,1.74,0.7522943019866943,0.7530664205551147,1.0010263517434352,0.0010263517033308744,0.0010263517033308744,0.10263517033308744
Pythia_plus,36,MUR1.0_MUF1.0_PDF26527,pdf,9,1.74,1.95,0.738723874092102,0.741804838180542,1.0041706572597595,0.004170657135546207,0.004170657135546207,0.41706571355462074
Pythia_plus,36,MUR1.0_MUF1.0_PDF26527,pdf,10,1.95,2.18,0.753097414970398,0.7551891803741455,1.00277754957349,0.002777549671009183,0.002777549671009183,0.2777549671009183
Pythia_plus,36,MUR1.0_MUF1.0_PDF26527,pdf,11,2.18,2.5,0.7340506911277771,0.7308592200279236,0.9956522469927108,-0.004347752779722214,0.004347752779722214,-0.4347752779722214
Pythia_plus,37,MUR1.0_MUF1.0_PDF26528,pdf,1,0.0,0.21,0.7990407943725586,0.7998895049095154,1.0010621617105586,0.0010621617548167706,0.0010621617548167706,0.10621617548167706
Pythia_plus,37,MUR1.0_MUF1.0_PDF26528,pdf,2,0.21,0.42,0.7416394948959351,0.7427355051040649,1.00147782071434,0.0014778206823393703,0.0014778206823393703,0.14778206823393703
Pythia_plus,37,MUR1.0_MUF1.0_PDF26528,pdf,3,0.42,0.63,0.74241703748703,0.7438048720359802,1.0018693463092494,0.0018693463644012809,0.0018693463644012809,0.1869346364401281
Pythia_plus,37,MUR1.0_MUF1.0_PDF26528,pdf,4,0.63,0.84,0.716408371925354,0.7158958315849304,0.999284569582784,-0.0007154304184950888,0.0007154304184950888,-0.07154304184950888
Pythia_plus,37,MUR1.0_MUF1.0_PDF26528,pdf,5,0.84,1.05,0.7636825442314148,0.7650633454322815,1.0018080827056959,0.0018080826848745346,0.0018080826848745346,0.18080826848745346
Pythia_plus,37,MUR1.0_MUF1.0_PDF26528,pdf,6,1.05,1.37,0.7446764707565308,0.7444368004798889,0.9996781551639488,-0.0003218448255211115,0.0003218448255211115,-0.03218448255211115
Pythia_plus,37,MUR1.0_MUF1.0_PDF26528,pdf,7,1.37,1.52,0.7529962062835693,0.7535306215286255,1.000709718376529,0.0007097183843143284,0.0007097183843143284,0.07097183843143284
Pythia_plus,37,MUR1.0_MUF1.0_PDF26528,pdf,8,1.52,1.74,0.7522943019866943,0.7527400851249695,1.0005925648208394,0.0005925648147240281,0.0005925648147240281,0.05925648147240281
Pythia_plus,37,MUR1.0_MUF1.0_PDF26528,pdf,9,1.74,1.95,0.738723874092102,0.7416123151779175,1.0039100416097495,0.00391004141420126,0.00391004141420126,0.39100414142012596
Pythia_plus,37,MUR1.0_MUF1.0_PDF26528,pdf,10,1.95,2.18,0.753097414970398,0.7554282546043396,1.003095004162288,0.003095004241913557,0.003095004241913557,0.3095004241913557
Pythia_plus,37,MUR1.0_MUF1.0_PDF26528,pdf,11,2.18,2.5,0.7340506911277771,0.7308311462402344,0.9956140019668175,-0.004385998006910086,0.004385998006910086,-0.43859980069100857
Pythia_plus,38,MUR1.0_MUF1.0_PDF26529,pdf,1,0.0,0.21,0.7990407943725586,0.8004849553108215,1.0018073682200381,0.0018073682440444827,0.0018073682440444827,0.18073682440444827
Pythia_plus,38,MUR1.0_MUF1.0_PDF26529,pdf,2,0.21,0.42,0.7416394948959351,0.7434138655662537,1.0023924975443326,0.0023924976121634245,0.0023924976121634245,0.23924976121634245
Pythia_plus,38,MUR1.0_MUF1.0_PDF26529,pdf,3,0.42,0.63,0.74241703748703,0.7443339228630066,1.0025819522979496,0.0025819523725658655,0.0025819523725658655,0.25819523725658655
Pythia_plus,38,MUR1.0_MUF1.0_PDF26529,pdf,4,0.63,0.84,0.716408371925354,0.7166487574577332,1.000335542606423,0.0003355426015332341,0.0003355426015332341,0.03355426015332341
Pythia_plus,38,MUR1.0_MUF1.0_PDF26529,pdf,5,0.84,1.05,0.7636825442314148,0.7658821940422058,1.0028803196137013,0.002880319720134139,0.002880319720134139,0.2880319720134139
Pythia_plus,38,MUR1.0_MUF1.0_PDF26529,pdf,6,1.05,1.37,0.7446764707565308,0.7448650598526001,1.0002532497043686,0.00025324971647933125,0.00025324971647933125,0.025324971647933125
Pythia_plus,38,MUR1.0_MUF1.0_PDF26529,pdf,7,1.37,1.52,0.7529962062835693,0.7545738220214844,1.002095117777155,0.002095117699354887,0.002095117699354887,0.2095117699354887
Pythia_plus,38,MUR1.0_MUF1.0_PDF26529,pdf,8,1.52,1.74,0.7522943019866943,0.7529424428939819,1.0008615523280928,0.0008615523111075163,0.0008615523111075163,0.08615523111075163
Pythia_plus,38,MUR1.0_MUF1.0_PDF26529,pdf,9,1.74,1.95,0.738723874092102,0.7415894269943237,1.0038790582012034,0.003879058174788952,0.003879058174788952,0.3879058174788952
Pythia_plus,38,MUR1.0_MUF1.0_PDF26529,pdf,10,1.95,2.18,0.753097414970398,0.7551645040512085,1.0027447831312657,0.00274478318169713,0.00274478318169713,0.274478318169713
Pythia_plus,38,MUR1.0_MUF1.0_PDF26529,pdf,11,2.18,2.5,0.7340506911277771,0.7311105728149414,0.9959946658338833,-0.004005334340035915,0.004005334340035915,-0.40053343400359154
Pythia_plus,39,MUR1.0_MUF1.0_PDF26530,pdf,1,0.0,0.21,0.7990407943725586,0.7996091842651367,1.0007113402677075,0.0007113402825780213,0.0007113402825780213,0.07113402825780213
Pythia_plus,39,MUR1.0_MUF1.0_PDF26530,pdf,2,0.21,0.42,0.7416394948959351,0.7424139380455017,1.0010442312672079,0.0010442312341183424,0.0010442312341183424,0.10442312341183424
Pythia_plus,39,MUR1.0_MUF1.0_PDF26530,pdf,3,0.42,0.63,0.74241703748703,0.7435243129730225,1.0014914467611633,0.0014914467465132475,0.0014914467465132475,0.14914467465132475
Pythia_plus,39,MUR1.0_MUF1.0_PDF26530,pdf,4,0.63,0.84,0.716408371925354,0.7156656980514526,0.9989633372486904,-0.0010366627248004079,0.0010366627248004079,-0.10366627248004079
Pythia_plus,39,MUR1.0_MUF1.0_PDF26530,pdf,5,0.84,1.05,0.7636825442314148,0.7647892236709595,1.0014491354397244,0.0014491354813799262,0.0014491354813799262,0.14491354813799262
Pythia_plus,39,MUR1.0_MUF1.0_PDF26530,pdf,6,1.05,1.37,0.7446764707565308,0.7443050742149353,0.999501264567661,-0.0004987354041077197,0.0004987354041077197,-0.049873540410771966
Pythia_plus,39,MUR1.0_MUF1.0_PDF26530,pdf,7,1.37,1.52,0.7529962062835693,0.7532312870025635,1.000312193762774,0.00031219376251101494,0.00031219376251101494,0.031219376251101494
Pythia_plus,39,MUR1.0_MUF1.0_PDF26530,pdf,8,1.52,1.74,0.7522943019866943,0.752738893032074,1.0005909802110764,0.0005909802275709808,0.0005909802275709808,0.05909802275709808
Pythia_plus,39,MUR1.0_MUF1.0_PDF26530,pdf,9,1.74,1.95,0.738723874092102,0.7417111992835999,1.0040438996169838,0.004043899476528168,0.004043899476528168,0.4043899476528168
Pythia_plus,39,MUR1.0_MUF1.0_PDF26530,pdf,10,1.95,2.18,0.753097414970398,0.7554274797439575,1.0030939752643437,0.0030939753632992506,0.0030939753632992506,0.30939753632992506
Pythia_plus,39,MUR1.0_MUF1.0_PDF26530,pdf,11,2.18,2.5,0.7340506911277771,0.7305200695991516,0.9951902210960375,-0.004809779115021229,0.004809779115021229,-0.4809779115021229
Pythia_plus,40,MUR1.0_MUF1.0_PDF26531,pdf,1,0.0,0.21,0.7990407943725586,0.8002235293388367,1.0014801934702304,0.0014801934594288468,0.0014801934594288468,0.14801934594288468
Pythia_plus,40,MUR1.0_MUF1.0_PDF26531,pdf,2,0.21,0.42,0.7416394948959351,0.7431286573410034,1.002007933039323,0.0020079331006854773,0.0020079331006854773,0.20079331006854773
Pythia_plus,40,MUR1.0_MUF1.0_PDF26531,pdf,3,0.42,0.63,0.74241703748703,0.7441175580024719,1.0022905192493936,0.0022905191872268915,0.0022905191872268915,0.22905191872268915
Pythia_plus,40,MUR1.0_MUF1.0_PDF26531,pdf,4,0.63,0.84,0.716408371925354,0.7162997126579285,0.9998483277531591,-0.00015167224046308547,0.00015167224046308547,-0.015167224046308547
Pythia_plus,40,MUR1.0_MUF1.0_PDF26531,pdf,5,0.84,1.05,0.7636825442314148,0.7656043171882629,1.0025164552618946,0.0025164552498608828,0.0025164552498608828,0.2516455249860883
Pythia_plus,40,MUR1.0_MUF1.0_PDF26531,pdf,6,1.05,1.37,0.7446764707565308,0.7446596026420593,0.999977348398756,-2.2651600374956615e-05,2.2651600374956615e-05,-0.0022651600374956615
Pythia_plus,40,MUR1.0_MUF1.0_PDF26531,pdf,7,1.37,1.52,0.7529962062835693,0.7541845440864563,1.0015781458033528,0.001578145776875317,0.001578145776875317,0.1578145776875317
Pythia_plus,40,MUR1.0_MUF1.0_PDF26531,pdf,8,1.52,1.74,0.7522943019866943,0.7528955340385437,1.0007991979339224,0.0007991979364305735,0.0007991979364305735,0.07991979364305735
Pythia_plus,40,MUR1.0_MUF1.0_PDF26531,pdf,9,1.74,1.95,0.738723874092102,0.7418155670166016,1.0041851807325155,0.0041851806454360485,0.0041851806454360485,0.41851806454360485
Pythia_plus,40,MUR1.0_MUF1.0_PDF26531,pdf,10,1.95,2.18,0.753097414970398,0.7553708553314209,1.003018786568418,0.0030187866650521755,0.0030187866650521755,0.30187866650521755
Pythia_plus,40,MUR1.0_MUF1.0_PDF26531,pdf,11,2.18,2.5,0.7340506911277771,0.7306904196739197,0.9954222896395687,-0.004577710293233395,0.004577710293233395,-0.45777102932333946
Pythia_plus,41,MUR1.0_MUF1.0_PDF26532,pdf,1,0.0,0.21,0.7990407943725586,0.7998051643371582,1.0009566094371938,0.0009566094377078116,0.0009566094377078116,0.09566094377078116
Pythia_plus,41,MUR1.0_MUF1.0_PDF26532,pdf,2,0.21,0.42,0.7416394948959351,0.7426286339759827,1.0013337195320031,0.0013337195850908756,0.0013337195850908756,0.13337195850908756
Pythia_plus,41,MUR1.0_MUF1.0_PDF26532,pdf,3,0.42,0.63,0.74241703748703,0.7436721920967102,1.0016906328199695,0.0016906327800825238,0.0016906327800825238,0.16906327800825238
Pythia_plus,41,MUR1.0_MUF1.0_PDF26532,pdf,4,0.63,0.84,0.716408371925354,0.7159677743911743,0.9993849910868635,-0.0006150089320726693,0.0006150089320726693,-0.06150089320726693
Pythia_plus,41,MUR1.0_MUF1.0_PDF26532,pdf,5,0.84,1.05,0.7636825442314148,0.7650030255317688,1.0017290971364063,0.001729097100906074,0.001729097100906074,0.1729097100906074
Pythia_plus,41,MUR1.0_MUF1.0_PDF26532,pdf,6,1.05,1.37,0.7446764707565308,0.7444864511489868,0.9997448293117803,-0.0002551706857047975,0.0002551706857047975,-0.02551706857047975
Pythia_plus,41,MUR1.0_MUF1.0_PDF26532,pdf,7,1.37,1.52,0.7529962062835693,0.7535945773124695,1.0007946534443426,0.0007946534315124154,0.0007946534315124154,0.07946534315124154
Pythia_plus,41,MUR1.0_MUF1.0_PDF26532,pdf,8,1.52,1.74,0.7522943019866943,0.7527846097946167,1.000651749995484,0.0006517500150948763,0.0006517500150948763,0.06517500150948763
Pythia_plus,41,MUR1.0_MUF1.0_PDF26532,pdf,9,1.74,1.95,0.738723874092102,0.741502583026886,1.0037614987578396,0.003761498723179102,0.003761498723179102,0.3761498723179102
Pythia_plus,41,MUR1.0_MUF1.0_PDF26532,pdf,10,1.95,2.18,0.753097414970398,0.7552490830421448,1.0028570912991799,0.0028570913709700108,0.0028570913709700108,0.2857091370970011
Pythia_plus,41,MUR1.0_MUF1.0_PDF26532,pdf,11,2.18,2.5,0.7340506911277771,0.7309589982032776,0.9957881751739114,-0.004211824852973223,0.004211824852973223,-0.4211824852973223
Pythia_plus,42,MUR1.0_MUF1.0_PDF26533,pdf,1,0.0,0.21,0.7990407943725586,0.7999605536460876,1.001151079244022,0.0011510791955515742,0.0011510791955515742,0.11510791955515742
Pythia_plus,42,MUR1.0_MUF1.0_PDF26533,pdf,2,0.21,0.42,0.7416394948959351,0.7428067922592163,1.001573941748403,0.0015739417867735028,0.0015739417867735028,0.15739417867735028
Pythia_plus,42,MUR1.0_MUF1.0_PDF26533,pdf,3,0.42,0.63,0.74241703748703,0.7438183426856995,1.001887490625771,0.0018874906236305833,0.0018874906236305833,0.18874906236305833
Pythia_plus,42,MUR1.0_MUF1.0_PDF26533,pdf,4,0.63,0.84,0.716408371925354,0.7161553502082825,0.9996468191509382,-0.00035318086156621575,0.00035318086156621575,-0.035318086156621575
Pythia_plus,42,MUR1.0_MUF1.0_PDF26533,pdf,5,0.84,1.05,0.7636825442314148,0.7652238607406616,1.0020182686129064,0.002018268685787916,0.002018268685787916,0.20182686857879162
Pythia_plus,42,MUR1.0_MUF1.0_PDF26533,pdf,6,1.05,1.37,0.7446764707565308,0.744610071182251,0.999910834332912,-8.916566730476916e-05,8.916566730476916e-05,-0.008916566730476916
Pythia_plus,42,MUR1.0_MUF1.0_PDF26533,pdf,7,1.37,1.52,0.7529962062835693,0.7538831233978271,1.001177850707423,0.0011778507614508271,0.0011778507614508271,0.11778507614508271
Pythia_plus,42,MUR1.0_MUF1.0_PDF26533,pdf,8,1.52,1.74,0.7522943019866943,0.7528635859489441,1.0007567303922764,0.0007567303837276995,0.0007567303837276995,0.07567303837276995
Pythia_plus,42,MUR1.0_MUF1.0_PDF26533,pdf,9,1.74,1.95,0.738723874092102,0.7415351271629333,1.0038055532918662,0.0038055533077567816,0.0038055533077567816,0.38055533077567816
Pythia_plus,42,MUR1.0_MUF1.0_PDF26533,pdf,10,1.95,2.18,0.753097414970398,0.7552454471588135,1.0028522633934416,0.002852263394743204,0.002852263394743204,0.2852263394743204
Pythia_plus,42,MUR1.0_MUF1.0_PDF26533,pdf,11,2.18,2.5,0.7340506911277771,0.7310938239097595,0.9959718487377558,-0.004028151277452707,0.004028151277452707,-0.40281512774527073
Pythia_plus,43,MUR1.0_MUF1.0_PDF26534,pdf,1,0.0,0.21,0.7990407943725586,0.8001631498336792,1.0014046284858358,0.001404628506861627,0.001404628506861627,0.1404628506861627
Pythia_plus,43,MUR1.0_MUF1.0_PDF26534,pdf,2,0.21,0.42,0.7416394948959351,0.7430674433708191,1.0019253943252906,0.001925394288264215,0.001925394288264215,0.1925394288264215
Pythia_plus,43,MUR1.0_MUF1.0_PDF26534,pdf,3,0.42,0.63,0.74241703748703,0.744084894657135,1.002246523296058,0.0022465232759714127,0.0022465232759714127,0.22465232759714127
Pythia_plus,43,MUR1.0_MUF1.0_PDF26534,pdf,4,0.63,0.84,0.716408371925354,0.7161535024642944,0.9996442399739487,-0.00035576001391746104,0.00035576001391746104,-0.035576001391746104
Pythia_plus,43,MUR1.0_MUF1.0_PDF26534,pdf,5,0.84,1.05,0.7636825442314148,0.7655242085456848,1.002411557430743,0.002411557361483574,0.002411557361483574,0.2411557361483574
Pythia_plus,43,MUR1.0_MUF1.0_PDF26534,pdf,6,1.05,1.37,0.7446764707565308,0.7445520162582397,0.9998328744049553,-0.00016712558863218874,0.00016712558863218874,-0.016712558863218874
Pythia_plus,43,MUR1.0_MUF1.0_PDF26534,pdf,7,1.37,1.52,0.7529962062835693,0.7539989948272705,1.00133173120307,0.0013317312113940716,0.0013317312113940716,0.13317312113940716
Pythia_plus,43,MUR1.0_MUF1.0_PDF26534,pdf,8,1.52,1.74,0.7522943019866943,0.7528369426727295,1.0007213143640754,0.0007213143398985267,0.0007213143398985267,0.07213143398985267
Pythia_plus,43,MUR1.0_MUF1.0_PDF26534,pdf,9,1.74,1.95,0.738723874092102,0.7419207692146301,1.004327591451484,0.004327591508626938,0.004327591508626938,0.4327591508626938
Pythia_plus,43,MUR1.0_MUF1.0_PDF26534,pdf,10,1.95,2.18,0.753097414970398,0.7554552555084229,1.003130857298345,0.003130857367068529,0.003130857367068529,0.3130857367068529
Pythia_plus,43,MUR1.0_MUF1.0_PDF26534,pdf,11,2.18,2.5,0.7340506911277771,0.7303896546363831,0.9950125563048386,-0.004987443797290325,0.004987443797290325,-0.4987443797290325
Pythia_plus,44,MUR1.0_MUF1.0_PDF26535,pdf,1,0.0,0.21,0.7990407943725586,0.8000885844230652,1.001311309832847,0.0013113098684698343,0.0013113098684698343,0.13113098684698343
Pythia_plus,44,MUR1.0_MUF1.0_PDF26535,pdf,2,0.21,0.42,0.7416394948959351,0.742971658706665,1.001796241731863,0.0017962417332455516,0.0017962417332455516,0.17962417332455516
Pythia_plus,44,MUR1.0_MUF1.0_PDF26535,pdf,3,0.42,0.63,0.74241703748703,0.7439574003219604,1.0020747945657933,0.0020747946109622717,0.0020747946109622717,0.20747946109622717
Pythia_plus,44,MUR1.0_MUF1.0_PDF26535,pdf,4,0.63,0.84,0.716408371925354,0.7162816524505615,0.999823118378067,-0.00017688162915874273,0.00017688162915874273,-0.017688162915874273
Pythia_plus,44,MUR1.0_MUF1.0_PDF26535,pdf,5,0.84,1.05,0.7636825442314148,0.765531063079834,1.002420533063617,0.0024205329827964306,0.0024205329827964306,0.24205329827964306
Pythia_plus,44,MUR1.0_MUF1.0_PDF26535,pdf,6,1.05,1.37,0.7446764707565308,0.7446507215499878,0.9999654222906804,-3.4577707992866635e-05,3.4577707992866635e-05,-0.0034577707992866635
Pythia_plus,44,MUR1.0_MUF1.0_PDF26535,pdf,7,1.37,1.52,0.7529962062835693,0.7541764974594116,1.0015674596578217,0.0015674596652388573,0.0015674596652388573,0.15674596652388573
Pythia_plus,44,MUR1.0_MUF1.0_PDF26535,pdf,8,1.52,1.74,0.7522943019866943,0.7529448866844177,1.0008648007781067,0.0008648007642477751,0.0008648007642477751,0.08648007642477751
Pythia_plus,44,MUR1.0_MUF1.0_PDF26535,pdf,9,1.74,1.95,0.738723874092102,0.7418815493583679,1.0042745000899649,0.004274500068277121,0.004274500068277121,0.42745000682771206
Pythia_plus,44,MUR1.0_MUF1.0_PDF26535,pdf,10,1.95,2.18,0.753097414970398,0.7552913427352905,1.002913205810139,0.00291320588439703,0.00291320588439703,0.291320588439703
Pythia_plus,44,MUR1.0_MUF1.0_PDF26535,pdf,11,2.18,2.5,0.7340506911277771,0.7305217981338501,0.9951925758853175,-0.0048074242658913136,0.0048074242658913136,-0.48074242658913136
Pythia_plus,45,MUR1.0_MUF1.0_PDF26536,pdf,1,0.0,0.21,0.7990407943725586,0.7999879121780396,1.001185318462025,0.0011853184551000595,0.0011853184551000595,0.11853184551000595
Pythia_plus,45,MUR1.0_MUF1.0_PDF26536,pdf,2,0.21,0.42,0.7416394948959351,0.7428464293479919,1.0016273869721923,0.0016273870132863522,0.0016273870132863522,0.16273870132863522
Pythia_plus,45,MUR1.0_MUF1.0_PDF26536,pdf,3,0.42,0.63,0.74241703748703,0.7438831329345703,1.001974759971165,0.0019747598562389612,0.0019747598562389612,0.19747598562389612
Pythia_plus,45,MUR1.0_MUF1.0_PDF26536,pdf,4,0.63,0.84,0.716408371925354,0.7160468101501465,0.9994953133026129,-0.0005046866717748344,0.0005046866717748344,-0.05046866717748344
Pythia_plus,45,MUR1.0_MUF1.0_PDF26536,pdf,5,0.84,1.05,0.7636825442314148,0.7651796936988831,1.0019604343176065,0.001960434252396226,0.001960434252396226,0.1960434252396226
Pythia_plus,45,MUR1.0_MUF1.0_PDF26536,pdf,6,1.05,1.37,0.7446764707565308,0.7445302605628967,0.9998036594422199,-0.00019634055206552148,0.00019634055206552148,-0.019634055206552148
Pythia_plus,45,MUR1.0_MUF1.0_PDF26536,pdf,7,1.37,1.52,0.7529962062835693,0.7537248730659485,1.0009676898453121,0.0009676898480392992,0.0009676898480392992,0.09676898480392992
Pythia_plus,45,MUR1.0_MUF1.0_PDF26536,pdf,8,1.52,1.74,0.7522943019866943,0.7527654767036438,1.0006263170087892,0.0006263169925659895,0.0006263169925659895,0.06263169925659895
Pythia_plus,45,MUR1.0_MUF1.0_PDF26536,pdf,9,1.74,1.95,0.738723874092102,0.74152010679245,1.0037852204300077,0.003785220440477133,0.003785220440477133,0.3785220440477133
Pythia_plus,45,MUR1.0_MUF1.0_PDF26536,pdf,10,1.95,2.18,0.753097414970398,0.7553390860557556,1.002976601752704,0.0029766017105430365,0.0029766017105430365,0.29766017105430365
Pythia_plus,45,MUR1.0_MUF1.0_PDF26536,pdf,11,2.18,2.5,0.7340506911277771,0.7310320734977722,0.9958877259207165,-0.004112273920327425,0.004112273920327425,-0.4112273920327425
Pythia_plus,46,MUR1.0_MUF1.0_PDF13305,pdf,1,0.0,0.21,0.7990407943725586,0.7990307807922363,0.9999874679986394,-1.2532001164800022e-05,1.2532001164800022e-05,-0.0012532001164800022
Pythia_plus,46,MUR1.0_MUF1.0_PDF13305,pdf,2,0.21,0.42,0.7416394948959351,0.7416300177574158,0.9999872213675451,-1.2778632481058594e-05,1.2778632481058594e-05,-0.0012778632481058594
Pythia_plus,46,MUR1.0_MUF1.0_PDF13305,pdf,3,0.42,0.63,0.74241703748703,0.7424087524414062,0.9999888404424934,-1.1159557288920041e-05,1.1159557288920041e-05,-0.0011159557288920041
Pythia_plus,46,MUR1.0_MUF1.0_PDF13305,pdf,4,0.63,0.84,0.716408371925354,0.7163962125778198,0.9999830273514232,-1.697264815447852e-05,1.697264815447852e-05,-0.001697264815447852
Pythia_plus,46,MUR1.0_MUF1.0_PDF13305,pdf,5,0.84,1.05,0.7636825442314148,0.7636793851852417,0.9999958634039798,-4.136596089665545e-06,4.136596089665545e-06,-0.0004136596089665545
Pythia_plus,46,MUR1.0_MUF1.0_PDF13305,pdf,6,1.05,1.37,0.7446764707565308,0.7446557283401489,0.9999721457341592,-2.785426659102086e-05,2.785426659102086e-05,-0.002785426659102086
Pythia_plus,46,MUR1.0_MUF1.0_PDF13305,pdf,7,1.37,1.52,0.7529962062835693,0.7530050277709961,1.0000117151817673,1.1715182154148351e-05,1.1715182154148351e-05,0.0011715182154148351
Pythia_plus,46,MUR1.0_MUF1.0_PDF13305,pdf,8,1.52,1.74,0.7522943019866943,0.7523104548454285,1.0000214714622875,2.1471461877808906e-05,2.1471461877808906e-05,0.0021471461877808906
Pythia_plus,46,MUR1.0_MUF1.0_PDF13305,pdf,9,1.74,1.95,0.738723874092102,0.73874831199646,1.0000330812434997,3.3081243600463495e-05,3.3081243600463495e-05,0.0033081243600463495
Pythia_plus,46,MUR1.0_MUF1.0_PDF13305,pdf,10,1.95,2.18,0.753097414970398,0.7531166672706604,1.0000255641566147,2.5564157112967223e-05,2.5564157112967223e-05,0.0025564157112967223
Pythia_plus,46,MUR1.0_MUF1.0_PDF13305,pdf,11,2.18,2.5,0.7340506911277771,0.7340468168258667,0.9999947220240275,-5.27797601534985e-06,5.27797601534985e-06,-0.000527797601534985
Pythia_plus,47,MUR1.0_MUF1.0_PDF26537,pdf,1,0.0,0.21,0.7990407943725586,0.8001712560653687,1.0014147734393182,0.0014147734036669135,0.0014147734036669135,0.14147734036669135
Pythia_plus,47,MUR1.0_MUF1.0_PDF26537,pdf,2,0.21,0.42,0.7416394948959351,0.7430681586265564,1.0019263587503815,0.0019263587892055511,0.0019263587892055511,0.19263587892055511
Pythia_plus,47,MUR1.0_MUF1.0_PDF26537,pdf,3,0.42,0.63,0.74241703748703,0.7440496683120728,1.002199075105508,0.002199075184762478,0.002199075184762478,0.2199075184762478
Pythia_plus,47,MUR1.0_MUF1.0_PDF26537,pdf,4,0.63,0.84,0.716408371925354,0.7163221836090088,0.9998796938733231,-0.00012030612560920417,0.00012030612560920417,-0.012030612560920417
Pythia_plus,47,MUR1.0_MUF1.0_PDF26537,pdf,5,0.84,1.05,0.7636825442314148,0.7656022310256958,1.0025137235475416,0.002513723447918892,0.002513723447918892,0.2513723447918892
Pythia_plus,47,MUR1.0_MUF1.0_PDF26537,pdf,6,1.05,1.37,0.7446764707565308,0.7446790337562561,1.0000034417627333,3.4417628285154933e-06,3.4417628285154933e-06,0.00034417628285154933
Pythia_plus,47,MUR1.0_MUF1.0_PDF26537,pdf,7,1.37,1.52,0.7529962062835693,0.7542250156402588,1.0016318931575423,0.0016318931011483073,0.0016318931011483073,0.16318931011483073
Pythia_plus,47,MUR1.0_MUF1.0_PDF26537,pdf,8,1.52,1.74,0.7522943019866943,0.7529511451721191,1.0008731199793621,0.0008731199777685106,0.0008731199777685106,0.08731199777685106
Pythia_plus,47,MUR1.0_MUF1.0_PDF26537,pdf,9,1.74,1.95,0.738723874092102,0.7418674230575562,1.0042553775175027,0.004255377687513828,0.004255377687513828,0.42553776875138283
Pythia_plus,47,MUR1.0_MUF1.0_PDF26537,pdf,10,1.95,2.18,0.753097414970398,0.755318820476532,1.002949692114162,0.002949692076072097,0.002949692076072097,0.2949692076072097
Pythia_plus,47,MUR1.0_MUF1.0_PDF26537,pdf,11,2.18,2.5,0.7340506911277771,0.7305939793586731,0.9952909086376676,-0.004709091503173113,0.004709091503173113,-0.4709091503173113
Pythia_plus,48,MUR1.0_MUF1.0_PDF26538,pdf,1,0.0,0.21,0.7990407943725586,0.7999293804168701,1.0011120659302624,0.00111206597648561,0.00111206597648561,0.111206597648561
Pythia_plus,48,MUR1.0_MUF1.0_PDF26538,pdf,2,0.21,0.42,0.7416394948959351,0.7427745461463928,1.0015304622505534,0.0015304622938856483,0.0015304622938856483,0.15304622938856483
Pythia_plus,48,MUR1.0_MUF1.0_PDF26538,pdf,3,0.42,0.63,0.74241703748703,0.7438144087791443,1.00188219184307,0.0018821918638423085,0.0018821918638423085,0.18821918638423085
Pythia_plus,48,MUR1.0_MUF1.0_PDF26538,pdf,4,0.63,0.84,0.716408371925354,0.7160170674324036,0.9994537968730058,-0.0005462031112983823,0.0005462031112983823,-0.05462031112983823
Pythia_plus,48,MUR1.0_MUF1.0_PDF26538,pdf,5,0.84,1.05,0.7636825442314148,0.7651277184486389,1.0018923756057283,0.0018923756433650851,0.0018923756433650851,0.1892375643365085
Pythia_plus,48,MUR1.0_MUF1.0_PDF26538,pdf,6,1.05,1.37,0.7446764707565308,0.7445124983787537,0.9997798072260689,-0.00022019277093932033,0.00022019277093932033,-0.022019277093932033
Pythia_plus,48,MUR1.0_MUF1.0_PDF26538,pdf,7,1.37,1.52,0.7529962062835693,0.7536901831626892,1.0009216206845781,0.0009216206963174045,0.0009216206963174045,0.09216206963174045
Pythia_plus,48,MUR1.0_MUF1.0_PDF26538,pdf,8,1.52,1.74,0.7522943019866943,0.7527774572372437,1.0006422423369064,0.0006422423175536096,0.0006422423175536096,0.06422423175536096
Pythia_plus,48,MUR1.0_MUF1.0_PDF26538,pdf,9,1.74,1.95,0.738723874092102,0.7415404915809631,1.0038128150282442,0.003812815062701702,0.003812815062701702,0.3812815062701702
Pythia_plus,48,MUR1.0_MUF1.0_PDF26538,pdf,10,1.95,2.18,0.753097414970398,0.755333423614502,1.0029690828831113,0.002969082910567522,0.002969082910567522,0.2969082910567522
Pythia_plus,48,MUR1.0_MUF1.0_PDF26538,pdf,11,2.18,2.5,0.7340506911277771,0.7309986352920532,0.995842172928092,-0.004157827235758305,0.004157827235758305,-0.41578272357583046
Pythia_plus,49,MUR1.0_MUF1.0_PDF26539,pdf,1,0.0,0.21,0.7990407943725586,0.7995239496231079,1.0006046690656498,0.0006046690396033227,0.0006046690396033227,0.060466903960332274
Pythia_plus,49,MUR1.0_MUF1.0_PDF26539,pdf,2,0.21,0.42,0.7416394948959351,0.7422651052474976,1.0008435504795363,0.0008435504860244691,0.0008435504860244691,0.08435504860244691
Pythia_plus,49,MUR1.0_MUF1.0_PDF26539,pdf,3,0.42,0.63,0.74241703748703,0.7433843612670898,1.0013029385523453,0.0013029385590925813,0.0013029385590925813,0.13029385590925813
Pythia_plus,49,MUR1.0_MUF1.0_PDF26539,pdf,4,0.63,0.84,0.716408371925354,0.7156732082366943,0.9989738203551644,-0.0010261796414852142,0.0010261796414852142,-0.10261796414852142
Pythia_plus,49,MUR1.0_MUF1.0_PDF26539,pdf,5,0.84,1.05,0.7636825442314148,0.7637209296226501,1.0000502635440933,5.02635448356159e-05,5.02635448356159e-05,0.00502635448356159
Pythia_plus,49,MUR1.0_MUF1.0_PDF26539,pdf,6,1.05,1.37,0.7446764707565308,0.744318962097168,0.9995199141192153,-0.0004800858732778579,0.0004800858732778579,-0.04800858732778579
Pythia_plus,49,MUR1.0_MUF1.0_PDF26539,pdf,7,1.37,1.52,0.7529962062835693,0.7521881461143494,0.9989268735187815,-0.0010731264483183622,0.0010731264483183622,-0.10731264483183622
Pythia_plus,49,MUR1.0_MUF1.0_PDF26539,pdf,8,1.52,1.74,0.7522943019866943,0.7518381476402283,0.9993936490742235,-0.0006063509499654174,0.0006063509499654174,-0.06063509499654174
Pythia_plus,49,MUR1.0_MUF1.0_PDF26539,pdf,9,1.74,1.95,0.738723874092102,0.7388955354690552,1.0002323755640956,0.0002323755616089329,0.0002323755616089329,0.02323755616089329
Pythia_plus,49,MUR1.0_MUF1.0_PDF26539,pdf,10,1.95,2.18,0.753097414970398,0.7542984485626221,1.0015947918135815,0.0015947917709127069,0.0015947917709127069,0.15947917709127069
Pythia_plus,49,MUR1.0_MUF1.0_PDF26539,pdf,11,2.18,2.5,0.7340506911277771,0.733705997467041,0.9995304225377044,-0.0004695774696301669,0.0004695774696301669,-0.04695774696301669
Pythia_plus,50,MUR1.0_MUF1.0_PDF26540,pdf,1,0.0,0.21,0.7990407943725586,0.8002868294715881,1.0015594136216888,0.0015594136202707887,0.0015594136202707887,0.15594136202707887
Pythia_plus,50,MUR1.0_MUF1.0_PDF26540,pdf,2,0.21,0.42,0.7416394948959351,0.7432461977005005,1.0021664202292664,0.0021664202213287354,0.0021664202213287354,0.21664202213287354
Pythia_plus,50,MUR1.0_MUF1.0_PDF26540,pdf,3,0.42,0.63,0.74241703748703,0.7442260384559631,1.0024366371966036,0.002436637179926038,0.002436637179926038,0.24366371799260378
Pythia_plus,50,MUR1.0_MUF1.0_PDF26540,pdf,4,0.63,0.84,0.716408371925354,0.7163273096084595,0.9998868490094879,-0.00011315099254716188,0.00011315099254716188,-0.011315099254716188
Pythia_plus,50,MUR1.0_MUF1.0_PDF26540,pdf,5,0.84,1.05,0.7636825442314148,0.7660927176475525,1.0031559886163999,0.0031559886410832405,0.0031559886410832405,0.31559886410832405
Pythia_plus,50,MUR1.0_MUF1.0_PDF26540,pdf,6,1.05,1.37,0.7446764707565308,0.7446691393852234,0.9999901549577632,-9.845041859080084e-06,9.845041859080084e-06,-0.0009845041859080084
Pythia_plus,50,MUR1.0_MUF1.0_PDF26540,pdf,7,1.37,1.52,0.7529962062835693,0.7545445561408997,1.0020562518700755,0.0020562519785016775,0.0020562519785016775,0.20562519785016775
Pythia_plus,50,MUR1.0_MUF1.0_PDF26540,pdf,8,1.52,1.74,0.7522943019866943,0.7530591487884521,1.0010166856238814,0.0010166856227442622,0.0010166856227442622,0.10166856227442622
Pythia_plus,50,MUR1.0_MUF1.0_PDF26540,pdf,9,1.74,1.95,0.738723874092102,0.7426199316978455,1.0052740377594154,0.005274037830531597,0.005274037830531597,0.5274037830531597
Pythia_plus,50,MUR1.0_MUF1.0_PDF26540,pdf,10,1.95,2.18,0.753097414970398,0.7552886605262756,1.0029096442403322,0.0029096442740410566,0.0029096442740410566,0.29096442740410566
Pythia_plus,50,MUR1.0_MUF1.0_PDF26540,pdf,11,2.18,2.5,0.7340506911277771,0.7287622094154358,0.9927954815978496,-0.007204518187791109,0.007204518187791109,-0.7204518187791109
Pythia_plus,51,MUR1.0_MUF1.0_PDF26541,pdf,1,0.0,0.21,0.7990407943725586,0.8005141615867615,1.0018439198906732,0.0018439198611304164,0.0018439198611304164,0.18439198611304164
Pythia_plus,51,MUR1.0_MUF1.0_PDF26541,pdf,2,0.21,0.42,0.7416394948959351,0.7434963583946228,1.0025037279048203,0.0025037277955561876,0.0025037277955561876,0.25037277955561876
Pythia_plus,51,MUR1.0_MUF1.0_PDF26541,pdf,3,0.42,0.63,0.74241703748703,0.7446364164352417,1.0029893965738232,0.002989396685734391,0.002989396685734391,0.2989396685734391
Pythia_plus,51,MUR1.0_MUF1.0_PDF26541,pdf,4,0.63,0.84,0.716408371925354,0.7156760096549988,0.9989777307202776,-0.0010222692508250475,0.0010222692508250475,-0.10222692508250475
Pythia_plus,51,MUR1.0_MUF1.0_PDF26541,pdf,5,0.84,1.05,0.7636825442314148,0.7648671865463257,1.0015512235075414,0.0015512234531342983,0.0015512234531342983,0.15512234531342983
Pythia_plus,51,MUR1.0_MUF1.0_PDF26541,pdf,6,1.05,1.37,0.7446764707565308,0.7442676424980164,0.9994509988235575,-0.0005490011535584927,0.0005490011535584927,-0.054900115355849266
Pythia_plus,51,MUR1.0_MUF1.0_PDF26541,pdf,7,1.37,1.52,0.7529962062835693,0.7529828548431396,0.9999822689140818,-1.7731086700223386e-05,1.7731086700223386e-05,-0.0017731086700223386
Pythia_plus,51,MUR1.0_MUF1.0_PDF26541,pdf,8,1.52,1.74,0.7522943019866943,0.7520541548728943,0.9996807803632622,-0.00031921963091008365,0.00031921963091008365,-0.031921963091008365
Pythia_plus,51,MUR1.0_MUF1.0_PDF26541,pdf,9,1.74,1.95,0.738723874092102,0.7404983639717102,1.0024021017078797,0.002402101643383503,0.002402101643383503,0.2402101643383503
Pythia_plus,51,MUR1.0_MUF1.0_PDF26541,pdf,10,1.95,2.18,0.753097414970398,0.7560571432113647,1.0039300735630372,0.003930073697119951,0.003930073697119951,0.3930073697119951
Pythia_plus,51,MUR1.0_MUF1.0_PDF26541,pdf,11,2.18,2.5,0.7340506911277771,0.7331048250198364,0.9987114430660265,-0.0012885569594800472,0.0012885569594800472,-0.12885569594800472
Pythia_plus,52,MUR1.0_MUF1.0_PDF26542,pdf,1,0.0,0.21,0.7990407943725586,0.7998679280281067,1.0010351582314363,0.0010351582895964384,0.0010351582895964384,0.10351582895964384
Pythia_plus,52,MUR1.0_MUF1.0_PDF26542,pdf,2,0.21,0.42,0.7416394948959351,0.7427148222923279,1.0014499327554605,0.0014499328099191189,0.0014499328099191189,0.1449932809919119
Pythia_plus,52,MUR1.0_MUF1.0_PDF26542,pdf,3,0.42,0.63,0.74241703748703,0.7437418699264526,1.0017844855014466,0.0017844855319708586,0.0017844855319708586,0.17844855319708586
Pythia_plus,52,MUR1.0_MUF1.0_PDF26542,pdf,4,0.63,0.84,0.716408371925354,0.716060996055603,0.9995151147259524,-0.00048488526954315603,0.00048488526954315603,-0.0484885269543156
Pythia_plus,52,MUR1.0_MUF1.0_PDF26542,pdf,5,0.84,1.05,0.7636825442314148,0.7652705907821655,1.0020794590144115,0.0020794589072465897,0.0020794589072465897,0.20794589072465897
Pythia_plus,52,MUR1.0_MUF1.0_PDF26542,pdf,6,1.05,1.37,0.7446764707565308,0.7444945573806763,0.9997557148869365,-0.0002442851255182177,0.0002442851255182177,-0.02442851255182177
Pythia_plus,52,MUR1.0_MUF1.0_PDF26542,pdf,7,1.37,1.52,0.7529962062835693,0.7536858916282654,1.0009159214069616,0.0009159214096143842,0.0009159214096143842,0.09159214096143842
Pythia_plus,52,MUR1.0_MUF1.0_PDF26542,pdf,8,1.52,1.74,0.7522943019866943,0.752717137336731,1.0005620610829034,0.0005620610900223255,0.0005620610900223255,0.05620610900223255
Pythia_plus,52,MUR1.0_MUF1.0_PDF26542,pdf,9,1.74,1.95,0.738723874092102,0.7416403889656067,1.0039480446967943,0.0039480444975197315,0.0039480444975197315,0.39480444975197315
Pythia_plus,52,MUR1.0_MUF1.0_PDF26542,pdf,10,1.95,2.18,0.753097414970398,0.7548641562461853,1.0023459664588767,0.0023459664080291986,0.0023459664080291986,0.23459664080291986
Pythia_plus,52,MUR1.0_MUF1.0_PDF26542,pdf,11,2.18,2.5,0.7340506911277771,0.7298185229301453,0.9942345014468557,-0.005765498615801334,0.005765498615801334,-0.5765498615801334
Pythia_plus,53,MUR1.0_MUF1.0_PDF26543,pdf,1,0.0,0.21,0.7990407943725586,0.7999282479286194,1.0011106486205847,0.001110648619942367,0.001110648619942367,0.11106486199423671
Pythia_plus,53,MUR1.0_MUF1.0_PDF26543,pdf,2,0.21,0.42,0.7416394948959351,0.7427924275398254,1.0015545728778268,0.001554572838358581,0.001554572838358581,0.1554572838358581
Pythia_plus,53,MUR1.0_MUF1.0_PDF26543,pdf,3,0.42,0.63,0.74241703748703,0.7437371611595154,1.0017781430191228,0.0017781429924070835,0.0017781429924070835,0.17781429924070835
Pythia_plus,53,MUR1.0_MUF1.0_PDF26543,pdf,4,0.63,0.84,0.716408371925354,0.7164619565010071,1.0000747961326988,7.479613122995943e-05,7.479613122995943e-05,0.007479613122995943
Pythia_plus,53,MUR1.0_MUF1.0_PDF26543,pdf,5,0.84,1.05,0.7636825442314148,0.7654411196708679,1.002302757150516,0.002302757231518626,0.002302757231518626,0.23027572315186262
Pythia_plus,53,MUR1.0_MUF1.0_PDF26543,pdf,6,1.05,1.37,0.7446764707565308,0.7447891235351562,1.0001512774782733,0.00015127747610677034,0.00015127747610677034,0.015127747610677034
Pythia_plus,53,MUR1.0_MUF1.0_PDF26543,pdf,7,1.37,1.52,0.7529962062835693,0.7543169260025024,1.001753952686497,0.0017539527034386992,0.0017539527034386992,0.17539527034386992
Pythia_plus,53,MUR1.0_MUF1.0_PDF26543,pdf,8,1.52,1.74,0.7522943019866943,0.7528865337371826,1.0007872341302124,0.0007872341084294021,0.0007872341084294021,0.07872341084294021
Pythia_plus,53,MUR1.0_MUF1.0_PDF26543,pdf,9,1.74,1.95,0.738723874092102,0.7414124011993408,1.0036394209007296,0.003639420960098505,0.003639420960098505,0.3639420960098505
Pythia_plus,53,MUR1.0_MUF1.0_PDF26543,pdf,10,1.95,2.18,0.753097414970398,0.7547079920768738,1.0021386039501132,0.0021386039443314075,0.0021386039443314075,0.21386039443314075
Pythia_plus,53,MUR1.0_MUF1.0_PDF26543,pdf,11,2.18,2.5,0.7340506911277771,0.7307832837104797,0.995548798663649,-0.004451201297342777,0.004451201297342777,-0.4451201297342777
Pythia_plus,54,MUR1.0_MUF1.0_PDF26544,pdf,1,0.0,0.21,0.7990407943725586,0.8004802465438843,1.0018014751955888,0.0018014751840382814,0.0018014751840382814,0.18014751840382814
Pythia_plus,54,MUR1.0_MUF1.0_PDF26544,pdf,2,0.21,0.42,0.7416394948959351,0.7434386610984802,1.002425930947485,0.002425930928438902,0.002425930928438902,0.2425930928438902
Pythia_plus,54,MUR1.0_MUF1.0_PDF26544,pdf,3,0.42,0.63,0.74241703748703,0.7447717785835266,1.0031717228694899,0.0031717228703200817,0.0031717228703200817,0.31717228703200817
Pythia_plus,54,MUR1.0_MUF1.0_PDF26544,pdf,4,0.63,0.84,0.716408371925354,0.7148321866989136,0.997799878828601,-0.002200121060013771,0.002200121060013771,-0.2200121060013771
Pythia_plus,54,MUR1.0_MUF1.0_PDF26544,pdf,5,0.84,1.05,0.7636825442314148,0.7651131749153137,1.0018733316542396,0.0018733316101133823,0.0018733316101133823,0.18733316101133823
Pythia_plus,54,MUR1.0_MUF1.0_PDF26544,pdf,6,1.05,1.37,0.7446764707565308,0.7437451481819153,0.9987493594719472,-0.0012506404891610146,0.0012506404891610146,-0.12506404891610146
Pythia_plus,54,MUR1.0_MUF1.0_PDF26544,pdf,7,1.37,1.52,0.7529962062835693,0.7524731755256653,0.9993054005404814,-0.0006945994682610035,0.0006945994682610035,-0.06945994682610035
Pythia_plus,54,MUR1.0_MUF1.0_PDF26544,pdf,8,1.52,1.74,0.7522943019866943,0.7525270581245422,1.0003093950562076,0.00030939505086280406,0.00030939505086280406,0.030939505086280406
Pythia_plus,54,MUR1.0_MUF1.0_PDF26544,pdf,9,1.74,1.95,0.738723874092102,0.7429390549659729,1.0057060303879461,0.005706030409783125,0.005706030409783125,0.5706030409783125
Pythia_plus,54,MUR1.0_MUF1.0_PDF26544,pdf,10,1.95,2.18,0.753097414970398,0.7577720284461975,1.0062071830056452,0.006207183003425598,0.006207183003425598,0.6207183003425598
Pythia_plus,54,MUR1.0_MUF1.0_PDF26544,pdf,11,2.18,2.5,0.7340506911277771,0.7301421761512756,0.9946754154396388,-0.005324584431946278,0.005324584431946278,-0.5324584431946278
Pythia_plus,55,MUR1.0_MUF1.0_PDF26545,pdf,1,0.0,0.21,0.7990407943725586,0.8000614047050476,1.0012772944005823,0.0012772943591699004,0.0012772943591699004,0.12772943591699004
Pythia_plus,55,MUR1.0_MUF1.0_PDF26545,pdf,2,0.21,0.42,0.7416394948959351,0.7429223656654358,1.0017297767693463,0.0017297767335548997,0.0017297767335548997,0.17297767335548997
Pythia_plus,55,MUR1.0_MUF1.0_PDF26545,pdf,3,0.42,0.63,0.74241703748703,0.7439808249473572,1.0021063464082403,0.002106346422806382,0.002106346422806382,0.21063464228063822
Pythia_plus,55,MUR1.0_MUF1.0_PDF26545,pdf,4,0.63,0.84,0.716408371925354,0.7159584760665894,0.9993720120026577,-0.0006279880180954933,0.0006279880180954933,-0.06279880180954933
Pythia_plus,55,MUR1.0_MUF1.0_PDF26545,pdf,5,0.84,1.05,0.7636825442314148,0.7652151584625244,1.0020068734616059,0.0020068734884262085,0.0020068734884262085,0.20068734884262085
Pythia_plus,55,MUR1.0_MUF1.0_PDF26545,pdf,6,1.05,1.37,0.7446764707565308,0.7444626092910767,0.9997128129142622,-0.00028718708199448884,0.00028718708199448884,-0.028718708199448884
Pythia_plus,55,MUR1.0_MUF1.0_PDF26545,pdf,7,1.37,1.52,0.7529962062835693,0.7536425590515137,1.000858374534361,0.0008583745220676064,0.0008583745220676064,0.08583745220676064
Pythia_plus,55,MUR1.0_MUF1.0_PDF26545,pdf,8,1.52,1.74,0.7522943019866943,0.7528148293495178,1.0006919198529736,0.000691919878590852,0.000691919878590852,0.0691919878590852
Pythia_plus,55,MUR1.0_MUF1.0_PDF26545,pdf,9,1.74,1.95,0.738723874092102,0.7417649030685425,1.0041165976667235,0.004116597585380077,0.004116597585380077,0.41165975853800774
Pythia_plus,55,MUR1.0_MUF1.0_PDF26545,pdf,10,1.95,2.18,0.753097414970398,0.7556459307670593,1.0033840453386254,0.003384045325219631,0.003384045325219631,0.3384045325219631
Pythia_plus,55,MUR1.0_MUF1.0_PDF26545,pdf,11,2.18,2.5,0.7340506911277771,0.7309247255325317,0.9957414853864619,-0.004258514381945133,0.004258514381945133,-0.4258514381945133
Pythia_plus,56,MUR1.0_MUF1.0_PDF26546,pdf,1,0.0,0.21,0.7990407943725586,0.799912691116333,1.001091179261328,0.0010911792051047087,0.0010911792051047087,0.10911792051047087
Pythia_plus,56,MUR1.0_MUF1.0_PDF26546,pdf,2,0.21,0.42,0.7416394948959351,0.7428195476531982,1.0015911406625246,0.0015911406371742487,0.0015911406371742487,0.15911406371742487
Pythia_plus,56,MUR1.0_MUF1.0_PDF26546,pdf,3,0.42,0.63,0.74241703748703,0.7437524199485779,1.0017986958732357,0.0017986958846449852,0.0017986958846449852,0.17986958846449852
Pythia_plus,56,MUR1.0_MUF1.0_PDF26546,pdf,4,0.63,0.84,0.716408371925354,0.7165565490722656,1.0002068333547156,0.00020683335606008768,0.00020683335606008768,0.020683335606008768
Pythia_plus,56,MUR1.0_MUF1.0_PDF26546,pdf,5,0.84,1.05,0.7636825442314148,0.7656651139259338,1.0025960652230363,0.002596065169200301,0.002596065169200301,0.2596065169200301
Pythia_plus,56,MUR1.0_MUF1.0_PDF26546,pdf,6,1.05,1.37,0.7446764707565308,0.7448853254318237,1.000280463642259,0.00028046363149769604,0.00028046363149769604,0.028046363149769604
Pythia_plus,56,MUR1.0_MUF1.0_PDF26546,pdf,7,1.37,1.52,0.7529962062835693,0.754681408405304,1.002237995500737,0.0022379953879863024,0.0022379953879863024,0.22379953879863024
Pythia_plus,56,MUR1.0_MUF1.0_PDF26546,pdf,8,1.52,1.74,0.7522943019866943,0.7529606223106384,1.0008857176269772,0.0008857176289893687,0.0008857176289893687,0.08857176289893687
Pythia_plus,56,MUR1.0_MUF1.0_PDF26546,pdf,9,1.74,1.95,0.738723874092102,0.7416685819625854,1.0039862091557585,0.003986209165304899,0.003986209165304899,0.3986209165304899
Pythia_plus,56,MUR1.0_MUF1.0_PDF26546,pdf,10,1.95,2.18,0.753097414970398,0.7546504139900208,1.0020621489182562,0.002062148880213499,0.002062148880213499,0.2062148880213499
Pythia_plus,56,MUR1.0_MUF1.0_PDF26546,pdf,11,2.18,2.5,0.7340506911277771,0.730344831943512,0.9949514941828179,-0.005048505961894989,0.005048505961894989,-0.5048505961894989
Pythia_plus,57,MUR1.0_MUF1.0_PDF13306,pdf,1,0.0,0.21,0.7990407943725586,0.7990284562110901,0.9999845587840378,-1.5441215509781614e-05,1.5441215509781614e-05,-0.0015441215509781614
Pythia_plus,57,MUR1.0_MUF1.0_PDF13306,pdf,2,0.21,0.42,0.7416394948959351,0.7416287064552307,0.9999854532548784,-1.4546744750987273e-05,1.4546744750987273e-05,-0.0014546744750987273
Pythia_plus,57,MUR1.0_MUF1.0_PDF13306,pdf,3,0.42,0.63,0.74241703748703,0.7424113750457764,0.999992372964294,-7.627035756740952e-06,7.627035756740952e-06,-0.0007627035756740952
Pythia_plus,57,MUR1.0_MUF1.0_PDF13306,pdf,4,0.63,0.84,0.716408371925354,0.7163946628570557,0.9999808641707222,-1.9135828551952727e-05,1.9135828551952727e-05,-0.0019135828551952727
Pythia_plus,57,MUR1.0_MUF1.0_PDF13306,pdf,5,0.84,1.05,0.7636825442314148,0.7636792063713074,0.9999956292570353,-4.37074277215288e-06,4.37074277215288e-06,-0.000437074277215288
Pythia_plus,57,MUR1.0_MUF1.0_PDF13306,pdf,6,1.05,1.37,0.7446764707565308,0.7446588277816772,0.9999763078658366,-2.3692133254371583e-05,2.3692133254371583e-05,-0.0023692133254371583
Pythia_plus,57,MUR1.0_MUF1.0_PDF13306,pdf,7,1.37,1.52,0.7529962062835693,0.753002941608429,1.0000089446995926,8.944699402491096e-06,8.944699402491096e-06,0.0008944699402491096
Pythia_plus,57,MUR1.0_MUF1.0_PDF13306,pdf,8,1.52,1.74,0.7522943019866943,0.7523110508918762,1.0000222637671687,2.226376636826899e-05,2.226376636826899e-05,0.002226376636826899
Pythia_plus,57,MUR1.0_MUF1.0_PDF13306,pdf,9,1.74,1.95,0.738723874092102,0.7387506365776062,1.0000362279959303,3.6227997043170035e-05,3.6227997043170035e-05,0.0036227997043170035
Pythia_plus,57,MUR1.0_MUF1.0_PDF13306,pdf,10,1.95,2.18,0.753097414970398,0.7531203627586365,1.0000304712083488,3.047120844712481e-05,3.047120844712481e-05,0.003047120844712481
Pythia_plus,57,MUR1.0_MUF1.0_PDF13306,pdf,11,2.18,2.5,0.7340506911277771,0.7340444326400757,0.9999914740388136,-8.525960765837226e-06,8.525960765837226e-06,-0.0008525960765837226
Pythia_plus,58,MUR1.0_MUF1.0_PDF26547,pdf,1,0.0,0.21,0.7990407943725586,0.7998113036155701,1.0009642927475517,0.0009642927325330675,0.0009642927325330675,0.09642927325330675
Pythia_plus,58,MUR1.0_MUF1.0_PDF26547,pdf,2,0.21,0.42,0.7416394948959351,0.7425196170806885,1.0011867250743933,0.0011867251014336944,0.0011867251014336944,0.11867251014336944
Pythia_plus,58,MUR1.0_MUF1.0_PDF26547,pdf,3,0.42,0.63,0.74241703748703,0.7435556054115295,1.0015335961690122,0.0015335961943492293,0.0015335961943492293,0.15335961943492293
Pythia_plus,58,MUR1.0_MUF1.0_PDF26547,pdf,4,0.63,0.84,0.716408371925354,0.7160861492156982,0.9995502248127143,-0.0004497751942835748,0.0004497751942835748,-0.04497751942835748
Pythia_plus,58,MUR1.0_MUF1.0_PDF26547,pdf,5,0.84,1.05,0.7636825442314148,0.7650726437568665,1.0018202583468117,0.00182025833055377,0.00182025833055377,0.182025833055377
Pythia_plus,58,MUR1.0_MUF1.0_PDF26547,pdf,6,1.05,1.37,0.7446764707565308,0.7445600032806396,0.9998435998981238,-0.00015640009951312095,0.00015640009951312095,-0.015640009951312095
Pythia_plus,58,MUR1.0_MUF1.0_PDF26547,pdf,7,1.37,1.52,0.7529962062835693,0.7538140416145325,1.001086108169123,0.0010861081536859274,0.0010861081536859274,0.10861081536859274
Pythia_plus,58,MUR1.0_MUF1.0_PDF26547,pdf,8,1.52,1.74,0.7522943019866943,0.7535314559936523,1.0016445080119454,0.0016445079818367958,0.0016445079818367958,0.16445079818367958
Pythia_plus,58,MUR1.0_MUF1.0_PDF26547,pdf,9,1.74,1.95,0.738723874092102,0.7424032092094421,1.0049806636097447,0.0049806637689471245,0.0049806637689471245,0.49806637689471245
Pythia_plus,58,MUR1.0_MUF1.0_PDF26547,pdf,10,1.95,2.18,0.753097414970398,0.7561644911766052,1.004072615501313,0.004072615411132574,0.004072615411132574,0.4072615411132574
Pythia_plus,58,MUR1.0_MUF1.0_PDF26547,pdf,11,2.18,2.5,0.7340506911277771,0.7314549684524536,0.9964638372980271,-0.0035361626651138067,0.0035361626651138067,-0.3536162665113807
Pythia_plus,59,MUR1.0_MUF1.0_PDF26548,pdf,1,0.0,0.21,0.7990407943725586,0.7999699711799622,1.0011628652929205,0.0011628653155639768,0.0011628653155639768,0.11628653155639768
Pythia_plus,59,MUR1.0_MUF1.0_PDF26548,pdf,2,0.21,0.42,0.7416394948959351,0.7429085373878479,1.0017111312175884,0.0017111311899498105,0.0017111311899498105,0.17111311899498105
Pythia_plus,59,MUR1.0_MUF1.0_PDF26548,pdf,3,0.42,0.63,0.74241703748703,0.7439830303192139,1.0021093169379363,0.0021093168761581182,0.0021093168761581182,0.21093168761581182
Pythia_plus,59,MUR1.0_MUF1.0_PDF26548,pdf,4,0.63,0.84,0.716408371925354,0.7159608006477356,0.9993752567737092,-0.0006247432320378721,0.0006247432320378721,-0.06247432320378721
Pythia_plus,59,MUR1.0_MUF1.0_PDF26548,pdf,5,0.84,1.05,0.7636825442314148,0.7652775049209595,1.0020885126962669,0.002088512759655714,0.002088512759655714,0.2088512759655714
Pythia_plus,59,MUR1.0_MUF1.0_PDF26548,pdf,6,1.05,1.37,0.7446764707565308,0.7445551753044128,0.9998371165776264,-0.00016288342885673046,0.00016288342885673046,-0.016288342885673046
Pythia_plus,59,MUR1.0_MUF1.0_PDF26548,pdf,7,1.37,1.52,0.7529962062835693,0.7539016604423523,1.001202468420461,0.001202468411065638,0.001202468411065638,0.1202468411065638
Pythia_plus,59,MUR1.0_MUF1.0_PDF26548,pdf,8,1.52,1.74,0.7522943019866943,0.7525802850723267,1.0003801478821215,0.00038014788879081607,0.00038014788879081607,0.03801478887908161
Pythia_plus,59,MUR1.0_MUF1.0_PDF26548,pdf,9,1.74,1.95,0.738723874092102,0.7415141463279724,1.0037771518340322,0.0037771519273519516,0.0037771519273519516,0.37771519273519516
Pythia_plus,59,MUR1.0_MUF1.0_PDF26548,pdf,10,1.95,2.18,0.753097414970398,0.7553209066390991,1.002952462224012,0.0029524622950702906,0.0029524622950702906,0.29524622950702906
Pythia_plus,59,MUR1.0_MUF1.0_PDF26548,pdf,11,2.18,2.5,0.7340506911277771,0.7307993769645691,0.9955707225638426,-0.004429277498275042,0.004429277498275042,-0.44292774982750416
Pythia_plus,60,MUR1.0_MUF1.0_PDF26549,pdf,1,0.0,0.21,0.7990407943725586,0.8004723787307739,1.001791628623091,0.0017916286597028375,0.0017916286597028375,0.17916286597028375
Pythia_plus,60,MUR1.0_MUF1.0_PDF26549,pdf,2,0.21,0.42,0.7416394948959351,0.7434552311897278,1.0024482734620916,0.0024482733570039272,0.0024482733570039272,0.24482733570039272
Pythia_plus,60,MUR1.0_MUF1.0_PDF26549,pdf,3,0.42,0.63,0.74241703748703,0.7445802688598633,1.0029137684934541,0.0029137684032320976,0.0029137684032320976,0.29137684032320976
Pythia_plus,60,MUR1.0_MUF1.0_PDF26549,pdf,4,0.63,0.84,0.716408371925354,0.7155565023422241,0.9988109162085299,-0.0011890837922692299,0.0011890837922692299,-0.11890837922692299
Pythia_plus,60,MUR1.0_MUF1.0_PDF26549,pdf,5,0.84,1.05,0.7636825442314148,0.7650822997093201,1.0018329022818167,0.0018329023150727153,0.0018329023150727153,0.18329023150727153
Pythia_plus,60,MUR1.0_MUF1.0_PDF26549,pdf,6,1.05,1.37,0.7446764707565308,0.7439022064208984,0.998960267490598,-0.0010397324804216623,0.0010397324804216623,-0.10397324804216623
Pythia_plus,60,MUR1.0_MUF1.0_PDF26549,pdf,7,1.37,1.52,0.7529962062835693,0.7522121071815491,0.9989586944854739,-0.0010413054842501879,0.0010413054842501879,-0.10413054842501879
Pythia_plus,60,MUR1.0_MUF1.0_PDF26549,pdf,8,1.52,1.74,0.7522943019866943,0.7515139579772949,0.9989627144492007,-0.001037285546772182,0.001037285546772182,-0.1037285546772182
Pythia_plus,60,MUR1.0_MUF1.0_PDF26549,pdf,9,1.74,1.95,0.738723874092102,0.7405168414115906,1.002427114355404,0.0024271144066005945,0.0024271144066005945,0.24271144066005945
Pythia_plus,60,MUR1.0_MUF1.0_PDF26549,pdf,10,1.95,2.18,0.753097414970398,0.7547788023948669,1.0022326293930184,0.0022326293401420116,0.0022326293401420116,0.22326293401420116
Pythia_plus,60,MUR1.0_MUF1.0_PDF26549,pdf,11,2.18,2.5,0.7340506911277771,0.7296173572540283,0.9939604526944351,-0.0060395472683012486,0.0060395472683012486,-0.6039547268301249
Pythia_plus,61,MUR1.0_MUF1.0_PDF26550,pdf,1,0.0,0.21,0.7990407943725586,0.7993810176849365,1.0004257896652762,0.0004257896507624537,0.0004257896507624537,0.04257896507624537
Pythia_plus,61,MUR1.0_MUF1.0_PDF26550,pdf,2,0.21,0.42,0.7416394948959351,0.7419575452804565,1.000428847690435,0.00042884767754003406,0.00042884767754003406,0.042884767754003406
Pythia_plus,61,MUR1.0_MUF1.0_PDF26550,pdf,3,0.42,0.63,0.74241703748703,0.7430346608161926,1.0008319088840596,0.0008319088956341147,0.0008319088956341147,0.08319088956341147
Pythia_plus,61,MUR1.0_MUF1.0_PDF26550,pdf,4,0.63,0.84,0.716408371925354,0.716042697429657,0.9994895725538295,-0.000510427460540086,0.000510427460540086,-0.0510427460540086
Pythia_plus,61,MUR1.0_MUF1.0_PDF26550,pdf,5,0.84,1.05,0.7636825442314148,0.764710545539856,1.0013461107841293,0.0013461108319461346,0.0013461108319461346,0.13461108319461346
Pythia_plus,61,MUR1.0_MUF1.0_PDF26550,pdf,6,1.05,1.37,0.7446764707565308,0.7447059154510498,1.000039540250935,3.954024941776879e-05,3.954024941776879e-05,0.003954024941776879
Pythia_plus,61,MUR1.0_MUF1.0_PDF26550,pdf,7,1.37,1.52,0.7529962062835693,0.7552645802497864,1.003012464003521,0.003012463916093111,0.003012463916093111,0.3012463916093111
Pythia_plus,61,MUR1.0_MUF1.0_PDF26550,pdf,8,1.52,1.74,0.7522943019866943,0.7553175091743469,1.0040186495892216,0.004018649458885193,0.004018649458885193,0.4018649458885193
Pythia_plus,61,MUR1.0_MUF1.0_PDF26550,pdf,9,1.74,1.95,0.738723874092102,0.7443329095840454,1.0075928715568274,0.007592871785163879,0.007592871785163879,0.7592871785163879
Pythia_plus,61,MUR1.0_MUF1.0_PDF26550,pdf,10,1.95,2.18,0.753097414970398,0.7598959803581238,1.0090274714168195,0.009027471765875816,0.009027471765875816,0.9027471765875816
Pythia_plus,61,MUR1.0_MUF1.0_PDF26550,pdf,11,2.18,2.5,0.7340506911277771,0.7345108389854431,1.0006268611462774,0.0006268611177802086,0.0006268611177802086,0.06268611177802086
Pythia_plus,62,MUR1.0_MUF1.0_PDF26551,pdf,1,0.0,0.21,0.7990407943725586,0.8000355958938599,1.0012449946589803,0.0012449946952983737,0.0012449946952983737,0.12449946952983737
Pythia_plus,62,MUR1.0_MUF1.0_PDF26551,pdf,2,0.21,0.42,0.7416394948959351,0.7429016828536987,1.0017018888104667,0.0017018888611346483,0.0017018888611346483,0.17018888611346483
Pythia_plus,62,MUR1.0_MUF1.0_PDF26551,pdf,3,0.42,0.63,0.74241703748703,0.7439165115356445,1.0020197193395373,0.0020197194535285234,0.0020197194535285234,0.20197194535285234
Pythia_plus,62,MUR1.0_MUF1.0_PDF26551,pdf,4,0.63,0.84,0.716408371925354,0.7161516547203064,0.999641660796959,-0.0003583391953725368,0.0003583391953725368,-0.03583391953725368
Pythia_plus,62,MUR1.0_MUF1.0_PDF26551,pdf,5,0.84,1.05,0.7636825442314148,0.7653348445892334,1.002163595816481,0.0021635957527905703,0.0021635957527905703,0.21635957527905703
Pythia_plus,62,MUR1.0_MUF1.0_PDF26551,pdf,6,1.05,1.37,0.7446764707565308,0.744584858417511,0.9998769769925365,-0.00012302301183808595,0.00012302301183808595,-0.012302301183808595
Pythia_plus,62,MUR1.0_MUF1.0_PDF26551,pdf,7,1.37,1.52,0.7529962062835693,0.7539265155792236,1.001235476736657,0.0012354766950011253,0.0012354766950011253,0.12354766950011253
Pythia_plus,62,MUR1.0_MUF1.0_PDF26551,pdf,8,1.52,1.74,0.7522943019866943,0.7528461217880249,1.0007335158592499,0.0007335158879868686,0.0007335158879868686,0.07335158879868686
Pythia_plus,62,MUR1.0_MUF1.0_PDF26551,pdf,9,1.74,1.95,0.738723874092102,0.7416770458221436,1.0039976665620438,0.003997666761279106,0.003997666761279106,0.3997666761279106
Pythia_plus,62,MUR1.0_MUF1.0_PDF26551,pdf,10,1.95,2.18,0.753097414970398,0.7553167343139648,1.0029469220043121,0.0029469220899045467,0.0029469220899045467,0.2946922089904547
Pythia_plus,62,MUR1.0_MUF1.0_PDF26551,pdf,11,2.18,2.5,0.7340506911277771,0.7308128476142883,0.995589073680301,-0.004410926252603531,0.004410926252603531,-0.4410926252603531
Pythia_plus,63,MUR1.0_MUF1.0_PDF26552,pdf,1,0.0,0.21,0.7990407943725586,0.8000363707542419,1.001245964397181,0.001245964434929192,0.001245964434929192,0.1245964434929192
Pythia_plus,63,MUR1.0_MUF1.0_PDF26552,pdf,2,0.21,0.42,0.7416394948959351,0.7429021000862122,1.0017024513917698,0.001702451379969716,0.001702451379969716,0.1702451379969716
Pythia_plus,63,MUR1.0_MUF1.0_PDF26552,pdf,3,0.42,0.63,0.74241703748703,0.7439165711402893,1.0020197996241236,0.0020197995472699404,0.0020197995472699404,0.20197995472699404
Pythia_plus,63,MUR1.0_MUF1.0_PDF26552,pdf,4,0.63,0.84,0.716408371925354,0.7161514163017273,0.9996413279999281,-0.00035867199767380953,0.00035867199767380953,-0.03586719976738095
Pythia_plus,63,MUR1.0_MUF1.0_PDF26552,pdf,5,0.84,1.05,0.7636825442314148,0.7653344869613647,1.002163127522592,0.0021631275303661823,0.0021631275303661823,0.21631275303661823
Pythia_plus,63,MUR1.0_MUF1.0_PDF26552,pdf,6,1.05,1.37,0.7446764707565308,0.7445846199989319,0.9998766568285613,-0.00012334316852502525,0.00012334316852502525,-0.012334316852502525
Pythia_plus,63,MUR1.0_MUF1.0_PDF26552,pdf,7,1.37,1.52,0.7529962062835693,0.7539268732070923,1.0012359516764584,0.0012359516695141792,0.0012359516695141792,0.12359516695141792
Pythia_plus,63,MUR1.0_MUF1.0_PDF26552,pdf,8,1.52,1.74,0.7522943019866943,0.752845823764801,1.0007331197068092,0.0007331197266466916,0.0007331197266466916,0.07331197266466916
Pythia_plus,63,MUR1.0_MUF1.0_PDF26552,pdf,9,1.74,1.95,0.738723874092102,0.7416765689849854,1.0039970210743658,0.00399702088907361,0.00399702088907361,0.39970208890736103
Pythia_plus,63,MUR1.0_MUF1.0_PDF26552,pdf,10,1.95,2.18,0.753097414970398,0.7553181648254395,1.0029488215082092,0.002948821522295475,0.002948821522295475,0.2948821522295475
Pythia_plus,63,MUR1.0_MUF1.0_PDF26552,pdf,11,2.18,2.5,0.7340506911277771,0.7308139801025391,0.9955906164732775,-0.00440938351675868,0.00440938351675868,-0.44093835167586803
Pythia_plus,64,MUR1.0_MUF1.0_PDF26553,pdf,1,0.0,0.21,0.7990407943725586,0.8000363111495972,1.0012458898019347,0.001245889812707901,0.001245889812707901,0.1245889812707901
Pythia_plus,64,MUR1.0_MUF1.0_PDF26553,pdf,2,0.21,0.42,0.7416394948959351,0.7429028153419495,1.0017034158168607,0.0017034157644957304,0.0017034157644957304,0.17034157644957304
Pythia_plus,64,MUR1.0_MUF1.0_PDF26553,pdf,3,0.42,0.63,0.74241703748703,0.7439166903495789,1.0020199601932964,0.0020199602004140615,0.0020199602004140615,0.20199602004140615
Pythia_plus,64,MUR1.0_MUF1.0_PDF26553,pdf,4,0.63,0.84,0.716408371925354,0.7161519527435303,0.9996420767932477,-0.0003579232143238187,0.0003579232143238187,-0.03579232143238187
Pythia_plus,64,MUR1.0_MUF1.0_PDF26553,pdf,5,0.84,1.05,0.7636825442314148,0.7653340101242065,1.0021625031307397,0.0021625030785799026,0.0021625030785799026,0.21625030785799026
Pythia_plus,64,MUR1.0_MUF1.0_PDF26553,pdf,6,1.05,1.37,0.7446764707565308,0.7445849776268005,0.9998771370745241,-0.00012286292621865869,0.00012286292621865869,-0.012286292621865869
Pythia_plus,64,MUR1.0_MUF1.0_PDF26553,pdf,7,1.37,1.52,0.7529962062835693,0.7539267539978027,1.0012357933631912,0.0012357933446764946,0.0012357933446764946,0.12357933446764946
Pythia_plus,64,MUR1.0_MUF1.0_PDF26553,pdf,8,1.52,1.74,0.7522943019866943,0.7528453469276428,1.000732485862904,0.0007324858452193439,0.0007324858452193439,0.07324858452193439
Pythia_plus,64,MUR1.0_MUF1.0_PDF26553,pdf,9,1.74,1.95,0.738723874092102,0.7416775226593018,1.003998312049722,0.003998312167823315,0.003998312167823315,0.39983121678233147
Pythia_plus,64,MUR1.0_MUF1.0_PDF26553,pdf,10,1.95,2.18,0.753097414970398,0.7553184628486633,1.0029492172381878,0.0029492173343896866,0.0029492173343896866,0.29492173343896866
Pythia_plus,64,MUR1.0_MUF1.0_PDF26553,pdf,11,2.18,2.5,0.7340506911277771,0.7308139204978943,0.9955905352736473,-0.004409464541822672,0.004409464541822672,-0.4409464541822672
Pythia_plus,65,MUR1.0_MUF1.0_PDF26554,pdf,1,0.0,0.21,0.7990407943725586,0.8000358939170837,1.0012453676352113,0.0012453676899895072,0.0012453676899895072,0.12453676899895072
Pythia_plus,65,MUR1.0_MUF1.0_PDF26554,pdf,2,0.21,0.42,0.7416394948959351,0.7429014444351196,1.0017015673354366,0.0017015673220157623,0.0017015673220157623,0.17015673220157623
Pythia_plus,65,MUR1.0_MUF1.0_PDF26554,pdf,3,0.42,0.63,0.74241703748703,0.743916392326355,1.0020195587703644,0.0020195588003844023,0.0020195588003844023,0.20195588003844023
Pythia_plus,65,MUR1.0_MUF1.0_PDF26554,pdf,4,0.63,0.84,0.716408371925354,0.7161511778831482,0.9996409952028972,-0.0003590047999750823,0.0003590047999750823,-0.03590047999750823
Pythia_plus,65,MUR1.0_MUF1.0_PDF26554,pdf,5,0.84,1.05,0.7636825442314148,0.7653350830078125,1.002163908012407,0.00216390797868371,0.00216390797868371,0.216390797868371
Pythia_plus,65,MUR1.0_MUF1.0_PDF26554,pdf,6,1.05,1.37,0.7446764707565308,0.7445850968360901,0.9998772971565116,-0.00012270284059923142,0.00012270284059923142,-0.012270284059923142
Pythia_plus,65,MUR1.0_MUF1.0_PDF26554,pdf,7,1.37,1.52,0.7529962062835693,0.7539268732070923,1.0012359516764584,0.0012359516695141792,0.0012359516695141792,0.12359516695141792
Pythia_plus,65,MUR1.0_MUF1.0_PDF26554,pdf,8,1.52,1.74,0.7522943019866943,0.7528459429740906,1.0007332781677853,0.000733278167899698,0.000733278167899698,0.0733278167899698
Pythia_plus,65,MUR1.0_MUF1.0_PDF26554,pdf,9,1.74,1.95,0.738723874092102,0.7416770458221436,1.0039976665620438,0.003997666761279106,0.003997666761279106,0.3997666761279106
Pythia_plus,65,MUR1.0_MUF1.0_PDF26554,pdf,10,1.95,2.18,0.753097414970398,0.7553173303604126,1.0029477134642693,0.0029477134812623262,0.0029477134812623262,0.2947713481262326
Pythia_plus,65,MUR1.0_MUF1.0_PDF26554,pdf,11,2.18,2.5,0.7340506911277771,0.7308127880096436,0.9955889924806707,-0.00441100774332881,0.00441100774332881,-0.441100774332881
Pythia_plus,66,MUR1.0_MUF1.0_PDF26555,pdf,1,0.0,0.21,0.7990407943725586,0.8000317215919495,1.0012401459679778,0.0012401459971442819,0.0012401459971442819,0.12401459971442819
Pythia_plus,66,MUR1.0_MUF1.0_PDF26555,pdf,2,0.21,0.42,0.7416394948959351,0.7429028749465942,1.0017034961856184,0.0017034962074831128,0.0017034962074831128,0.17034962074831128
Pythia_plus,66,MUR1.0_MUF1.0_PDF26555,pdf,3,0.42,0.63,0.74241703748703,0.7439159154891968,1.0020189164936735,0.0020189164206385612,0.0020189164206385612,0.20189164206385612
Pythia_plus,66,MUR1.0_MUF1.0_PDF26555,pdf,4,0.63,0.84,0.716408371925354,0.7161526083946228,0.9996429919850827,-0.00035700801527127624,0.00035700801527127624,-0.035700801527127624
Pythia_plus,66,MUR1.0_MUF1.0_PDF26555,pdf,5,0.84,1.05,0.7636825442314148,0.7653355002403259,1.0021644543552775,0.0021644544322043657,0.0021644544322043657,0.21644544322043657
Pythia_plus,66,MUR1.0_MUF1.0_PDF26555,pdf,6,1.05,1.37,0.7446764707565308,0.7445836067199707,0.9998752961316668,-0.00012470387446228415,0.00012470387446228415,-0.012470387446228415
Pythia_plus,66,MUR1.0_MUF1.0_PDF26555,pdf,7,1.37,1.52,0.7529962062835693,0.7539249658584595,1.0012334186641842,0.0012334187049418688,0.0012334187049418688,0.12334187049418688
Pythia_plus,66,MUR1.0_MUF1.0_PDF26555,pdf,8,1.52,1.74,0.7522943019866943,0.7528444528579712,1.0007312974055818,0.0007312974194064736,0.0007312974194064736,0.07312974194064736
Pythia_plus,66,MUR1.0_MUF1.0_PDF26555,pdf,9,1.74,1.95,0.738723874092102,0.7416772842407227,1.0039979893058828,0.00399798946455121,0.00399798946455121,0.39979894645512104
Pythia_plus,66,MUR1.0_MUF1.0_PDF26555,pdf,10,1.95,2.18,0.753097414970398,0.755315899848938,1.0029458139603722,0.002945814048871398,0.002945814048871398,0.2945814048871398
Pythia_plus,66,MUR1.0_MUF1.0_PDF26555,pdf,11,2.18,2.5,0.7340506911277771,0.7308102250099182,0.9955855008965657,-0.004414499271661043,0.004414499271661043,-0.4414499271661043
Pythia_plus,67,MUR1.0_MUF1.0_PDF26556,pdf,1,0.0,0.21,0.7990407943725586,0.8000348210334778,1.00124402492078,0.0012440249556675553,0.0012440249556675553,0.12440249556675553
Pythia_plus,67,MUR1.0_MUF1.0_PDF26556,pdf,2,0.21,0.42,0.7416394948959351,0.7429047226905823,1.0017059876171033,0.001705987611785531,0.001705987611785531,0.1705987611785531
Pythia_plus,67,MUR1.0_MUF1.0_PDF26556,pdf,3,0.42,0.63,0.74241703748703,0.7439151406288147,1.0020178727940505,0.0020178728736937046,0.0020178728736937046,0.20178728736937046
Pythia_plus,67,MUR1.0_MUF1.0_PDF26556,pdf,4,0.63,0.84,0.716408371925354,0.716152012348175,0.9996421599925054,-0.0003578400064725429,0.0003578400064725429,-0.03578400064725429
Pythia_plus,67,MUR1.0_MUF1.0_PDF26556,pdf,5,0.84,1.05,0.7636825442314148,0.7653350830078125,1.002163908012407,0.00216390797868371,0.00216390797868371,0.216390797868371
Pythia_plus,67,MUR1.0_MUF1.0_PDF26556,pdf,6,1.05,1.37,0.7446764707565308,0.7445835471153259,0.999875216090673,-0.00012478390999604017,0.00012478390999604017,-0.012478390999604017
Pythia_plus,67,MUR1.0_MUF1.0_PDF26556,pdf,7,1.37,1.52,0.7529962062835693,0.7539265155792236,1.001235476736657,0.0012354766950011253,0.0012354766950011253,0.12354766950011253
Pythia_plus,67,MUR1.0_MUF1.0_PDF26556,pdf,8,1.52,1.74,0.7522943019866943,0.7528484463691711,1.0007366058482876,0.00073660584166646,0.00073660584166646,0.073660584166646
Pythia_plus,67,MUR1.0_MUF1.0_PDF26556,pdf,9,1.74,1.95,0.738723874092102,0.7416777610778809,1.003998634793561,0.003998634871095419,0.003998634871095419,0.3998634871095419
Pythia_plus,67,MUR1.0_MUF1.0_PDF26556,pdf,10,1.95,2.18,0.753097414970398,0.7553199529647827,1.0029511958880806,0.002951195929199457,0.002951195929199457,0.2951195929199457
Pythia_plus,67,MUR1.0_MUF1.0_PDF26556,pdf,11,2.18,2.5,0.7340506911277771,0.7308130860328674,0.9955893984788223,-0.004410601686686277,0.004410601686686277,-0.44106016866862774
Pythia_plus,68,MUR1.0_MUF1.0_PDF13307,pdf,1,0.0,0.21,0.7990407943725586,0.7990301251411438,0.9999866474509312,-1.3352549103728961e-05,1.3352549103728961e-05,-0.0013352549103728961
Pythia_plus,68,MUR1.0_MUF1.0_PDF13307,pdf,2,0.21,0.42,0.7416394948959351,0.7416296601295471,0.9999867391549997,-1.3260844752949197e-05,1.3260844752949197e-05,-0.0013260844752949197
Pythia_plus,68,MUR1.0_MUF1.0_PDF13307,pdf,3,0.42,0.63,0.74241703748703,0.7424113750457764,0.999992372964294,-7.627035756740952e-06,7.627035756740952e-06,-0.0007627035756740952
Pythia_plus,68,MUR1.0_MUF1.0_PDF13307,pdf,4,0.63,0.84,0.716408371925354,0.7163923978805542,0.9999777025989285,-2.2297401301329955e-05,2.2297401301329955e-05,-0.0022297401301329955
Pythia_plus,68,MUR1.0_MUF1.0_PDF13307,pdf,5,0.84,1.05,0.7636825442314148,0.7636789679527283,0.9999953170611093,-4.682939106714912e-06,4.682939106714912e-06,-0.0004682939106714912
Pythia_plus,68,MUR1.0_MUF1.0_PDF13307,pdf,6,1.05,1.37,0.7446764707565308,0.74465411901474,0.9999699846273268,-3.0015373340575024e-05,3.0015373340575024e-05,-0.0030015373340575024
Pythia_plus,68,MUR1.0_MUF1.0_PDF13307,pdf,7,1.37,1.52,0.7529962062835693,0.753002941608429,1.0000089446995926,8.944699402491096e-06,8.944699402491096e-06,0.0008944699402491096
Pythia_plus,68,MUR1.0_MUF1.0_PDF13307,pdf,8,1.52,1.74,0.7522943019866943,0.7523104548454285,1.0000214714622875,2.1471461877808906e-05,2.1471461877808906e-05,0.0021471461877808906
Pythia_plus,68,MUR1.0_MUF1.0_PDF13307,pdf,9,1.74,1.95,0.738723874092102,0.7387524843215942,1.0000387292606827,3.8729260268155485e-05,3.8729260268155485e-05,0.0038729260268155485
Pythia_plus,68,MUR1.0_MUF1.0_PDF13307,pdf,10,1.95,2.18,0.753097414970398,0.7531203627586365,1.0000304712083488,3.047120844712481e-05,3.047120844712481e-05,0.003047120844712481
Pythia_plus,68,MUR1.0_MUF1.0_PDF13307,pdf,11,2.18,2.5,0.7340506911277771,0.7340412735939026,0.9999871704584052,-1.2829541446990333e-05,1.2829541446990333e-05,-0.0012829541446990333
Pythia_plus,69,MUR1.0_MUF1.0_PDF26557,pdf,1,0.0,0.21,0.7990407943725586,0.8000362515449524,1.0012458152066885,0.00124581519048661,0.00124581519048661,0.124581519048661
Pythia_plus,69,MUR1.0_MUF1.0_PDF26557,pdf,2,0.21,0.42,0.7416394948959351,0.7429028749465942,1.0017034961856184,0.0017034962074831128,0.0017034962074831128,0.17034962074831128
Pythia_plus,69,MUR1.0_MUF1.0_PDF26557,pdf,3,0.42,0.63,0.74241703748703,0.7439165711402893,1.0020197996241236,0.0020197995472699404,0.0020197995472699404,0.20197995472699404
Pythia_plus,69,MUR1.0_MUF1.0_PDF26557,pdf,4,0.63,0.84,0.716408371925354,0.7161515355110168,0.9996414943984435,-0.0003585056110750884,0.0003585056110750884,-0.03585056110750884
Pythia_plus,69,MUR1.0_MUF1.0_PDF26557,pdf,5,0.84,1.05,0.7636825442314148,0.765333890914917,1.0021623470327767,0.0021623470820486546,0.0021623470820486546,0.21623470820486546
Pythia_plus,69,MUR1.0_MUF1.0_PDF26557,pdf,6,1.05,1.37,0.7446764707565308,0.7445849180221558,0.9998770570335302,-0.0001229429617524147,0.0001229429617524147,-0.01229429617524147
Pythia_plus,69,MUR1.0_MUF1.0_PDF26557,pdf,7,1.37,1.52,0.7529962062835693,0.7539266347885132,1.001235635049924,0.00123563501983881,0.00123563501983881,0.123563501983881
Pythia_plus,69,MUR1.0_MUF1.0_PDF26557,pdf,8,1.52,1.74,0.7522943019866943,0.7528455853462219,1.0007328027848565,0.0007328027859330177,0.0007328027859330177,0.07328027859330177
Pythia_plus,69,MUR1.0_MUF1.0_PDF26557,pdf,9,1.74,1.95,0.738723874092102,0.7416775822639465,1.0039983927356817,0.003998392727226019,0.003998392727226019,0.3998392727226019
Pythia_plus,69,MUR1.0_MUF1.0_PDF26557,pdf,10,1.95,2.18,0.753097414970398,0.7553185820579529,1.0029493755301793,0.0029493754263967276,0.0029493754263967276,0.29493754263967276
Pythia_plus,69,MUR1.0_MUF1.0_PDF26557,pdf,11,2.18,2.5,0.7340506911277771,0.7308138608932495,0.9955904540740169,-0.004409546032547951,0.004409546032547951,-0.4409546032547951
Pythia_plus,70,MUR1.0_MUF1.0_PDF26558,pdf,1,0.0,0.21,0.7990407943725586,0.8000354766845703,1.001244845468488,0.0012448454508557916,0.0012448454508557916,0.12448454508557916
Pythia_plus,70,MUR1.0_MUF1.0_PDF26558,pdf,2,0.21,0.42,0.7416394948959351,0.7429015636444092,1.0017017280729517,0.0017017280915752053,0.0017017280915752053,0.17017280915752053
Pythia_plus,70,MUR1.0_MUF1.0_PDF26558,pdf,3,0.42,0.63,0.74241703748703,0.7439165115356445,1.0020197193395373,0.0020197194535285234,0.0020197194535285234,0.20197194535285234
Pythia_plus,70,MUR1.0_MUF1.0_PDF26558,pdf,4,0.63,0.84,0.716408371925354,0.7161515355110168,0.9996414943984435,-0.0003585056110750884,0.0003585056110750884,-0.03585056110750884
Pythia_plus,70,MUR1.0_MUF1.0_PDF26558,pdf,5,0.84,1.05,0.7636825442314148,0.7653350830078125,1.002163908012407,0.00216390797868371,0.00216390797868371,0.216390797868371
Pythia_plus,70,MUR1.0_MUF1.0_PDF26558,pdf,6,1.05,1.37,0.7446764707565308,0.7445849776268005,0.9998771370745241,-0.00012286292621865869,0.00012286292621865869,-0.012286292621865869
Pythia_plus,70,MUR1.0_MUF1.0_PDF26558,pdf,7,1.37,1.52,0.7529962062835693,0.753926694393158,1.0012357142065575,0.0012357141822576523,0.0012357141822576523,0.12357141822576523
Pythia_plus,70,MUR1.0_MUF1.0_PDF26558,pdf,8,1.52,1.74,0.7522943019866943,0.7528460621833801,1.0007334366287617,0.0007334366091527045,0.0007334366091527045,0.07334366091527045
Pythia_plus,70,MUR1.0_MUF1.0_PDF26558,pdf,9,1.74,1.95,0.738723874092102,0.741676926612854,1.0039975051901244,0.00399750517681241,0.00399750517681241,0.39975051768124104
Pythia_plus,70,MUR1.0_MUF1.0_PDF26558,pdf,10,1.95,2.18,0.753097414970398,0.755317211151123,1.002947555172278,0.0029475551564246416,0.0029475551564246416,0.29475551564246416
Pythia_plus,70,MUR1.0_MUF1.0_PDF26558,pdf,11,2.18,2.5,0.7340506911277771,0.7308129668235779,0.9955892360795616,-0.0044107637368142605,0.0044107637368142605,-0.44107637368142605
Pythia_plus,71,MUR1.0_MUF1.0_PDF26559,pdf,1,0.0,0.21,0.7990407943725586,0.8000358939170837,1.0012453676352113,0.0012453676899895072,0.0012453676899895072,0.12453676899895072
Pythia_plus,71,MUR1.0_MUF1.0_PDF26559,pdf,2,0.21,0.42,0.7416394948959351,0.7429022192955017,1.0017026121292851,0.001702612149529159,0.001702612149529159,0.1702612149529159
Pythia_plus,71,MUR1.0_MUF1.0_PDF26559,pdf,3,0.42,0.63,0.74241703748703,0.7439168691635132,1.0020202010470556,0.0020202009472995996,0.0020202009472995996,0.20202009472995996
Pythia_plus,71,MUR1.0_MUF1.0_PDF26559,pdf,4,0.63,0.84,0.716408371925354,0.7161507606506348,0.9996404128080931,-0.000359587196726352,0.000359587196726352,-0.0359587196726352
Pythia_plus,71,MUR1.0_MUF1.0_PDF26559,pdf,5,0.84,1.05,0.7636825442314148,0.7653353810310364,1.0021642982573145,0.002164298202842474,0.002164298202842474,0.2164298202842474
Pythia_plus,71,MUR1.0_MUF1.0_PDF26559,pdf,6,1.05,1.37,0.7446764707565308,0.744584858417511,0.9998769769925365,-0.00012302301183808595,0.00012302301183808595,-0.012302301183808595
Pythia_plus,71,MUR1.0_MUF1.0_PDF26559,pdf,7,1.37,1.52,0.7529962062835693,0.7539281845092773,1.0012376931223967,0.0012376931263133883,0.0012376931263133883,0.12376931263133883
Pythia_plus,71,MUR1.0_MUF1.0_PDF26559,pdf,8,1.52,1.74,0.7522943019866943,0.7528474926948547,1.0007353381604773,0.0007353381370194256,0.0007353381370194256,0.07353381370194256
Pythia_plus,71,MUR1.0_MUF1.0_PDF26559,pdf,9,1.74,1.95,0.738723874092102,0.7416791319847107,1.0040004905706352,0.00400049053132534,0.00400049053132534,0.400049053132534
Pythia_plus,71,MUR1.0_MUF1.0_PDF26559,pdf,10,1.95,2.18,0.753097414970398,0.7553161382675171,1.002946130544355,0.0029461304657161236,0.0029461304657161236,0.29461304657161236
Pythia_plus,71,MUR1.0_MUF1.0_PDF26559,pdf,11,2.18,2.5,0.7340506911277771,0.7308107614517212,0.9955862316932388,-0.00441376818343997,0.00441376818343997,-0.441376818343997
Pythia_plus,72,MUR1.0_MUF1.0_PDF26560,pdf,1,0.0,0.21,0.7990407943725586,0.800035834312439,1.0012452930399651,0.0012452930677682161,0.0012452930677682161,0.12452930677682161
Pythia_plus,72,MUR1.0_MUF1.0_PDF26560,pdf,2,0.21,0.42,0.7416394948959351,0.742903470993042,1.0017042998731942,0.0017042998224496841,0.0017042998224496841,0.17042998224496841
Pythia_plus,72,MUR1.0_MUF1.0_PDF26560,pdf,3,0.42,0.63,0.74241703748703,0.7439171075820923,1.002020522185401,0.002020522253587842,0.002020522253587842,0.2020522253587842
Pythia_plus,72,MUR1.0_MUF1.0_PDF26560,pdf,4,0.63,0.84,0.716408371925354,0.7161513566970825,0.9996412448006704,-0.00035875520552508533,0.00035875520552508533,-0.03587552055250853
Pythia_plus,72,MUR1.0_MUF1.0_PDF26560,pdf,5,0.84,1.05,0.7636825442314148,0.7653352618217468,1.0021641421593515,0.002164142206311226,0.002164142206311226,0.2164142206311226
Pythia_plus,72,MUR1.0_MUF1.0_PDF26560,pdf,6,1.05,1.37,0.7446764707565308,0.7445855736732483,0.9998779374844621,-0.0001220625126734376,0.0001220625126734376,-0.01220625126734376
Pythia_plus,72,MUR1.0_MUF1.0_PDF26560,pdf,7,1.37,1.52,0.7529962062835693,0.7539255023002625,1.0012341310738864,0.0012341310502961278,0.0012341310502961278,0.12341310502961278
Pythia_plus,72,MUR1.0_MUF1.0_PDF26560,pdf,8,1.52,1.74,0.7522943019866943,0.7528451085090637,1.0007321689409514,0.000732168962713331,0.000732168962713331,0.0732168962713331
Pythia_plus,72,MUR1.0_MUF1.0_PDF26560,pdf,9,1.74,1.95,0.738723874092102,0.7416778802871704,1.0039987961654804,0.003998795989900827,0.003998795989900827,0.39987959899008274
Pythia_plus,72,MUR1.0_MUF1.0_PDF26560,pdf,10,1.95,2.18,0.753097414970398,0.7553176283836365,1.0029481091942478,0.002948109293356538,0.002948109293356538,0.2948109293356538
Pythia_plus,72,MUR1.0_MUF1.0_PDF26560,pdf,11,2.18,2.5,0.7340506911277771,0.7308121919631958,0.9955881804843671,-0.004411819390952587,0.004411819390952587,-0.4411819390952587
Pythia_plus,73,MUR1.0_MUF1.0_PDF26561,pdf,1,0.0,0.21,0.7990407943725586,0.8000355958938599,1.0012449946589803,0.0012449946952983737,0.0012449946952983737,0.12449946952983737
Pythia_plus,73,MUR1.0_MUF1.0_PDF26561,pdf,2,0.21,0.42,0.7416394948959351,0.7429029941558838,1.0017036569231335,0.0017036569770425558,0.0017036569770425558,0.17036569770425558
Pythia_plus,73,MUR1.0_MUF1.0_PDF26561,pdf,3,0.42,0.63,0.74241703748703,0.7439165711402893,1.0020197996241236,0.0020197995472699404,0.0020197995472699404,0.20197995472699404
Pythia_plus,73,MUR1.0_MUF1.0_PDF26561,pdf,4,0.63,0.84,0.716408371925354,0.7161522507667542,0.9996424927895363,-0.00035750720417127013,0.00035750720417127013,-0.03575072041712701
Pythia_plus,73,MUR1.0_MUF1.0_PDF26561,pdf,5,0.84,1.05,0.7636825442314148,0.7653346061706543,1.002163283620555,0.0021632835268974304,0.0021632835268974304,0.21632835268974304
Pythia_plus,73,MUR1.0_MUF1.0_PDF26561,pdf,6,1.05,1.37,0.7446764707565308,0.7445851564407349,0.9998773771975055,-0.0001226228050654754,0.0001226228050654754,-0.01226228050654754
Pythia_plus,73,MUR1.0_MUF1.0_PDF26561,pdf,7,1.37,1.52,0.7529962062835693,0.7539267539978027,1.0012357933631912,0.0012357933446764946,0.0012357933446764946,0.12357933446764946
Pythia_plus,73,MUR1.0_MUF1.0_PDF26561,pdf,8,1.52,1.74,0.7522943019866943,0.7528454661369324,1.0007326443238802,0.0007326443446800113,0.0007326443446800113,0.07326443446800113
Pythia_plus,73,MUR1.0_MUF1.0_PDF26561,pdf,9,1.74,1.95,0.738723874092102,0.7416777014732361,1.003998554107601,0.003998554311692715,0.003998554311692715,0.39985543116927147
Pythia_plus,73,MUR1.0_MUF1.0_PDF26561,pdf,10,1.95,2.18,0.753097414970398,0.7553181052207947,1.0029487423622137,0.0029487423598766327,0.0029487423598766327,0.29487423598766327
Pythia_plus,73,MUR1.0_MUF1.0_PDF26561,pdf,11,2.18,2.5,0.7340506911277771,0.7308123111724854,0.9955883428836279,-0.004411657340824604,0.004411657340824604,-0.4411657340824604
Pythia_plus,74,MUR1.0_MUF1.0_PDF26562,pdf,1,0.0,0.21,0.7990407943725586,0.8000355958938599,1.0012449946589803,0.0012449946952983737,0.0012449946952983737,0.12449946952983737
Pythia_plus,74,MUR1.0_MUF1.0_PDF26562,pdf,2,0.21,0.42,0.7416394948959351,0.742901086807251,1.0017010851228911,0.0017010851297527552,0.0017010851297527552,0.17010851297527552
Pythia_plus,74,MUR1.0_MUF1.0_PDF26562,pdf,3,0.42,0.63,0.74241703748703,0.7439162135124207,1.0020193179166053,0.0020193178206682205,0.0020193178206682205,0.20193178206682205
Pythia_plus,74,MUR1.0_MUF1.0_PDF26562,pdf,4,0.63,0.84,0.716408371925354,0.7161514759063721,0.9996414111991858,-0.0003585887898225337,0.0003585887898225337,-0.03585887898225337
Pythia_plus,74,MUR1.0_MUF1.0_PDF26562,pdf,5,0.84,1.05,0.7636825442314148,0.7653360366821289,1.0021651567961112,0.0021651568822562695,0.0021651568822562695,0.21651568822562695
Pythia_plus,74,MUR1.0_MUF1.0_PDF26562,pdf,6,1.05,1.37,0.7446764707565308,0.7445847392082214,0.9998768169105489,-0.00012318308290559798,0.00012318308290559798,-0.012318308290559798
Pythia_plus,74,MUR1.0_MUF1.0_PDF26562,pdf,7,1.37,1.52,0.7529962062835693,0.7539276480674744,1.0012369807126946,0.0012369806645438075,0.0012369806645438075,0.12369806645438075
Pythia_plus,74,MUR1.0_MUF1.0_PDF26562,pdf,8,1.52,1.74,0.7522943019866943,0.7528473138809204,1.0007351004690128,0.0007351004751399159,0.0007351004751399159,0.0735100475139916
Pythia_plus,74,MUR1.0_MUF1.0_PDF26562,pdf,9,1.74,1.95,0.738723874092102,0.741678774356842,1.0040000064548769,0.00400000624358654,0.00400000624358654,0.400000624358654
Pythia_plus,74,MUR1.0_MUF1.0_PDF26562,pdf,10,1.95,2.18,0.753097414970398,0.7553161978721619,1.0029462096903508,0.002946209628134966,0.002946209628134966,0.2946209628134966
Pythia_plus,74,MUR1.0_MUF1.0_PDF26562,pdf,11,2.18,2.5,0.7340506911277771,0.7308115363121033,0.9955872872884334,-0.004412712529301643,0.004412712529301643,-0.44127125293016434
Pythia_plus,75,MUR1.0_MUF1.0_PDF26100,pdf,1,0.0,0.21,0.7990407943725586,0.7993249893188477,1.0003556701338536,0.00035567014128901064,0.00035567014128901064,0.035567014128901064
Pythia_plus,75,MUR1.0_MUF1.0_PDF26100,pdf,2,0.21,0.42,0.7416394948959351,0.7419074177742004,1.000361257565312,0.0003612575528677553,0.0003612575528677553,0.03612575528677553
Pythia_plus,75,MUR1.0_MUF1.0_PDF26100,pdf,3,0.42,0.63,0.74241703748703,0.7425541877746582,1.0001847348332582,0.000184734832146205,0.000184734832146205,0.0184734832146205
Pythia_plus,75,MUR1.0_MUF1.0_PDF26100,pdf,4,0.63,0.84,0.716408371925354,0.7171570658683777,1.0010450658763403,0.0010450659319758415,0.0010450659319758415,0.10450659319758415
Pythia_plus,75,MUR1.0_MUF1.0_PDF26100,pdf,5,0.84,1.05,0.7636825442314148,0.7644798755645752,1.0010440612256797,0.001044061267748475,0.001044061267748475,0.10440612677484751
Pythia_plus,75,MUR1.0_MUF1.0_PDF26100,pdf,6,1.05,1.37,0.7446764707565308,0.7453613877296448,1.0009197510597028,0.0009197510662488639,0.0009197510662488639,0.0919751066248864
Pythia_plus,75,MUR1.0_MUF1.0_PDF26100,pdf,7,1.37,1.52,0.7529962062835693,0.7547804713249207,1.0023695538257194,0.0023695537820458412,0.0023695537820458412,0.23695537820458412
Pythia_plus,75,MUR1.0_MUF1.0_PDF26100,pdf,8,1.52,1.74,0.7522943019866943,0.7535760998725891,1.0017038516475663,0.0017038516234606504,0.0017038516234606504,0.17038516234606504
Pythia_plus,75,MUR1.0_MUF1.0_PDF26100,pdf,9,1.74,1.95,0.738723874092102,0.7399771809577942,1.001696583675778,0.001696583698503673,0.001696583698503673,0.1696583698503673
Pythia_plus,75,MUR1.0_MUF1.0_PDF26100,pdf,10,1.95,2.18,0.753097414970398,0.7540306448936462,1.0012391888548509,0.0012391888303682208,0.0012391888303682208,0.12391888303682208
Pythia_plus,75,MUR1.0_MUF1.0_PDF26100,pdf,11,2.18,2.5,0.7340506911277771,0.7350220084190369,1.0013232291761316,0.0013232291676104069,0.0013232291676104069,0.1323229167610407
Pythia_plus,76,MUR1.0_MUF1.0_PDF26101,pdf,1,0.0,0.21,0.7990407943725586,0.7992982268333435,1.0003221768683126,0.00032217687112279236,0.00032217687112279236,0.032217687112279236
Pythia_plus,76,MUR1.0_MUF1.0_PDF26101,pdf,2,0.21,0.42,0.7416394948959351,0.7418765425682068,1.0003196265488867,0.0003196265606675297,0.0003196265606675297,0.03196265606675297
Pythia_plus,76,MUR1.0_MUF1.0_PDF26101,pdf,3,0.42,0.63,0.74241703748703,0.7425519227981567,1.0001816840189757,0.0001816840231185779,0.0001816840231185779,0.01816840231185779
Pythia_plus,76,MUR1.0_MUF1.0_PDF26101,pdf,4,0.63,0.84,0.716408371925354,0.7170889973640442,1.0009500523240131,0.0009500523447059095,0.0009500523447059095,0.09500523447059095
Pythia_plus,76,MUR1.0_MUF1.0_PDF26101,pdf,5,0.84,1.05,0.7636825442314148,0.7644333839416504,1.0009831830201006,0.0009831830393522978,0.0009831830393522978,0.09831830393522978
Pythia_plus,76,MUR1.0_MUF1.0_PDF26101,pdf,6,1.05,1.37,0.7446764707565308,0.7453494668006897,1.0009037428609437,0.000903742853552103,0.000903742853552103,0.0903742853552103
Pythia_plus,76,MUR1.0_MUF1.0_PDF26101,pdf,7,1.37,1.52,0.7529962062835693,0.7547375559806824,1.0023125610495536,0.0023125610314309597,0.0023125610314309597,0.23125610314309597
Pythia_plus,76,MUR1.0_MUF1.0_PDF26101,pdf,8,1.52,1.74,0.7522943019866943,0.7536063194274902,1.001744021505056,0.001744021545164287,0.001744021545164287,0.1744021545164287
Pythia_plus,76,MUR1.0_MUF1.0_PDF26101,pdf,9,1.74,1.95,0.738723874092102,0.7400425672531128,1.0017850961736297,0.0017850961303338408,0.0017850961303338408,0.17850961303338408
Pythia_plus,76,MUR1.0_MUF1.0_PDF26101,pdf,10,1.95,2.18,0.753097414970398,0.7541751861572266,1.0014311178944506,0.0014311178820207715,0.0014311178820207715,0.14311178820207715
Pythia_plus,76,MUR1.0_MUF1.0_PDF26101,pdf,11,2.18,2.5,0.7340506911277771,0.7351260781288147,1.0014650037307171,0.0014650037046521902,0.0014650037046521902,0.14650037046521902
Pythia_plus,77,MUR1.0_MUF1.0_PDF26102,pdf,1,0.0,0.21,0.7990407943725586,0.7993539571762085,1.0003919234235041,0.00039192341500893235,0.00039192341500893235,0.039192341500893235
Pythia_plus,77,MUR1.0_MUF1.0_PDF26102,pdf,2,0.21,0.42,0.7416394948959351,0.7419400215148926,1.0004052192757071,0.0004052192671224475,0.0004052192671224475,0.04052192671224475
Pythia_plus,77,MUR1.0_MUF1.0_PDF26102,pdf,3,0.42,0.63,0.74241703748703,0.7425602674484253,1.0001929238610687,0.00019292386423330754,0.00019292386423330754,0.019292386423330754
Pythia_plus,77,MUR1.0_MUF1.0_PDF26102,pdf,4,0.63,0.84,0.716408371925354,0.7172289490699768,1.001145404181162,0.0011454041814431548,0.0011454041814431548,0.11454041814431548
Pythia_plus,77,MUR1.0_MUF1.0_PDF26102,pdf,5,0.84,1.05,0.7636825442314148,0.7645265460014343,1.0011051735782033,0.0011051736073568463,0.0011051736073568463,0.11051736073568463
Pythia_plus,77,MUR1.0_MUF1.0_PDF26102,pdf,6,1.05,1.37,0.7446764707565308,0.7453712224960327,1.000932957823679,0.0009329578024335206,0.0009329578024335206,0.09329578024335206
Pythia_plus,77,MUR1.0_MUF1.0_PDF26102,pdf,7,1.37,1.52,0.7529962062835693,0.7548274993896484,1.0024320084096008,0.002432008506730199,0.002432008506730199,0.24320085067301989
Pythia_plus,77,MUR1.0_MUF1.0_PDF26102,pdf,8,1.52,1.74,0.7522943019866943,0.7535537481307983,1.0016741402145117,0.001674140221439302,0.001674140221439302,0.1674140221439302
Pythia_plus,77,MUR1.0_MUF1.0_PDF26102,pdf,9,1.74,1.95,0.738723874092102,0.7399108409881592,1.00160678020257,0.0016067802207544446,0.0016067802207544446,0.16067802207544446
Pythia_plus,77,MUR1.0_MUF1.0_PDF26102,pdf,10,1.95,2.18,0.753097414970398,0.7538821697235107,1.0010420361795342,0.0010420362232252955,0.0010420362232252955,0.10420362232252955
Pythia_plus,77,MUR1.0_MUF1.0_PDF26102,pdf,11,2.18,2.5,0.7340506911277771,0.7349157929420471,1.0011785314348536,0.0011785314418375492,0.0011785314418375492,0.11785314418375492
Pythia_plus,78,MUR1.0_MUF1.0_PDF26103,pdf,1,0.0,0.21,0.7990407943725586,0.7993011474609375,1.000325832035376,0.00032583202118985355,0.00032583202118985355,0.032583202118985355
Pythia_plus,78,MUR1.0_MUF1.0_PDF26103,pdf,2,0.21,0.42,0.7416394948959351,0.7418848276138306,1.0003307978061902,0.0003307978040538728,0.0003307978040538728,0.03307978040538728
Pythia_plus,78,MUR1.0_MUF1.0_PDF26103,pdf,3,0.42,0.63,0.74241703748703,0.7425815463066101,1.0002215854584062,0.00022158546198625118,0.00022158546198625118,0.022158546198625118
Pythia_plus,78,MUR1.0_MUF1.0_PDF26103,pdf,4,0.63,0.84,0.716408371925354,0.7169908881187439,1.0008131063457903,0.0008131063659675419,0.0008131063659675419,0.0813106365967542
Pythia_plus,78,MUR1.0_MUF1.0_PDF26103,pdf,5,0.84,1.05,0.7636825442314148,0.7643862366676331,1.000921446275725,0.0009214462479576468,0.0009214462479576468,0.09214462479576468
Pythia_plus,78,MUR1.0_MUF1.0_PDF26103,pdf,6,1.05,1.37,0.7446764707565308,0.7452998161315918,1.000837068713112,0.0008370687137357891,0.0008370687137357891,0.0837068713735789
Pythia_plus,78,MUR1.0_MUF1.0_PDF26103,pdf,7,1.37,1.52,0.7529962062835693,0.7546390891075134,1.002181794290907,0.002181794261559844,0.002181794261559844,0.2181794261559844
Pythia_plus,78,MUR1.0_MUF1.0_PDF26103,pdf,8,1.52,1.74,0.7522943019866943,0.7535442113876343,1.0016614633364085,0.0016614632913842797,0.0016614632913842797,0.16614632913842797
Pythia_plus,78,MUR1.0_MUF1.0_PDF26103,pdf,9,1.74,1.95,0.738723874092102,0.7400506734848022,1.0017960694641566,0.0017960694385692477,0.0017960694385692477,0.17960694385692477
Pythia_plus,78,MUR1.0_MUF1.0_PDF26103,pdf,10,1.95,2.18,0.753097414970398,0.7542833089828491,1.0015746887306707,0.0015746887074783444,0.0015746887074783444,0.15746887074783444
Pythia_plus,78,MUR1.0_MUF1.0_PDF26103,pdf,11,2.18,2.5,0.7340506911277771,0.7351399660110474,1.0014839232445878,0.00148392328992486,0.00148392328992486,0.148392328992486
Pythia_plus,79,MUR1.0_MUF1.0_PDF13308,pdf,1,0.0,0.21,0.7990407943725586,0.7990288138389587,0.999985006355515,-1.4993644072092138e-05,1.4993644072092138e-05,-0.0014993644072092138
Pythia_plus,79,MUR1.0_MUF1.0_PDF13308,pdf,2,0.21,0.42,0.7416394948959351,0.7416296601295471,0.9999867391549997,-1.3260844752949197e-05,1.3260844752949197e-05,-0.0013260844752949197
Pythia_plus,79,MUR1.0_MUF1.0_PDF13308,pdf,3,0.42,0.63,0.74241703748703,0.7424118518829346,0.999993015240985,-6.984759238548577e-06,6.984759238548577e-06,-0.0006984759238548577
Pythia_plus,79,MUR1.0_MUF1.0_PDF13308,pdf,4,0.63,0.84,0.716408371925354,0.7163909077644348,0.9999756226174853,-2.437738294247538e-05,2.437738294247538e-05,-0.002437738294247538
Pythia_plus,79,MUR1.0_MUF1.0_PDF13308,pdf,5,0.84,1.05,0.7636825442314148,0.7636762261390686,0.9999917268079598,-8.27319217933109e-06,8.27319217933109e-06,-0.000827319217933109
Pythia_plus,79,MUR1.0_MUF1.0_PDF13308,pdf,6,1.05,1.37,0.7446764707565308,0.7446523308753967,0.9999675833975129,-3.2416603062301874e-05,3.2416603062301874e-05,-0.0032416603062301874
Pythia_plus,79,MUR1.0_MUF1.0_PDF13308,pdf,7,1.37,1.52,0.7529962062835693,0.7530008554458618,1.000006174217418,6.174217560328543e-06,6.174217560328543e-06,0.0006174217560328543
Pythia_plus,79,MUR1.0_MUF1.0_PDF13308,pdf,8,1.52,1.74,0.7522943019866943,0.7523092031478882,1.0000198076220363,1.980762135644909e-05,1.980762135644909e-05,0.001980762135644909
Pythia_plus,79,MUR1.0_MUF1.0_PDF13308,pdf,9,1.74,1.95,0.738723874092102,0.7387546300888062,1.0000416339552338,4.1633953514974564e-05,4.1633953514974564e-05,0.004163395351497456
Pythia_plus,79,MUR1.0_MUF1.0_PDF13308,pdf,10,1.95,2.18,0.753097414970398,0.7531213760375977,1.000031816690276,3.181668944307603e-05,3.181668944307603e-05,0.003181668944307603
Pythia_plus,79,MUR1.0_MUF1.0_PDF13308,pdf,11,2.18,2.5,0.7340506911277771,0.7340359091758728,0.999979862491674,-2.0137507817707956e-05,2.0137507817707956e-05,-0.0020137507817707956
Pythia_plus,80,MUR1.0_MUF1.0_PDF26104,pdf,1,0.0,0.21,0.7990407943725586,0.79933762550354,1.000371484326047,0.0003714843187481165,0.0003714843187481165,0.03714843187481165
Pythia_plus,80,MUR1.0_MUF1.0_PDF26104,pdf,2,0.21,0.42,0.7416394948959351,0.7419208884239197,1.0003794209045247,0.0003794209042098373,0.0003794209042098373,0.03794209042098373
Pythia_plus,80,MUR1.0_MUF1.0_PDF26104,pdf,3,0.42,0.63,0.74241703748703,0.7425432801246643,1.0001700427539508,0.00017004275287035853,0.00017004275287035853,0.017004275287035853
Pythia_plus,80,MUR1.0_MUF1.0_PDF26104,pdf,4,0.63,0.84,0.716408371925354,0.7172509431838989,1.0011761047072643,0.0011761047644540668,0.0011761047644540668,0.11761047644540668
Pythia_plus,80,MUR1.0_MUF1.0_PDF26104,pdf,5,0.84,1.05,0.7636825442314148,0.7645339369773865,1.0011148516519106,0.0011148516787216067,0.0011148516787216067,0.11148516787216067
Pythia_plus,80,MUR1.0_MUF1.0_PDF26104,pdf,6,1.05,1.37,0.7446764707565308,0.7453930974006653,1.0009623328684019,0.000962332880590111,0.000962332880590111,0.0962332880590111
Pythia_plus,80,MUR1.0_MUF1.0_PDF26104,pdf,7,1.37,1.52,0.7529962062835693,0.7548586130142212,1.0024733281723208,0.00247332826256752,0.00247332826256752,0.24733282625675201
Pythia_plus,80,MUR1.0_MUF1.0_PDF26104,pdf,8,1.52,1.74,0.7522943019866943,0.7535973191261292,1.001732057701346,0.0017320576589554548,0.0017320576589554548,0.17320576589554548
Pythia_plus,80,MUR1.0_MUF1.0_PDF26104,pdf,9,1.74,1.95,0.738723874092102,0.739937961101532,1.001643492314259,0.0016434922581538558,0.0016434922581538558,0.16434922581538558
Pythia_plus,80,MUR1.0_MUF1.0_PDF26104,pdf,10,1.95,2.18,0.753097414970398,0.7538931369781494,1.001056599042745,0.0010565990814939141,0.0010565990814939141,0.10565990814939141
Pythia_plus,80,MUR1.0_MUF1.0_PDF26104,pdf,11,2.18,2.5,0.7340506911277771,0.7349608540534973,1.0012399183553957,0.0012399184051901102,0.0012399184051901102,0.12399184051901102
Pythia_plus,81,MUR1.0_MUF1.0_PDF26105,pdf,1,0.0,0.21,0.7990407943725586,0.7992845177650452,1.0003050199616879,0.00030501995934173465,0.00030501995934173465,0.030501995934173465
Pythia_plus,81,MUR1.0_MUF1.0_PDF26105,pdf,2,0.21,0.42,0.7416394948959351,0.7418657541275024,1.0003050798037652,0.0003050797968171537,0.0003050797968171537,0.03050797968171537
Pythia_plus,81,MUR1.0_MUF1.0_PDF26105,pdf,3,0.42,0.63,0.74241703748703,0.7425181269645691,1.0001361626584988,0.0001361626636935398,0.0001361626636935398,0.01361626636935398
Pythia_plus,81,MUR1.0_MUF1.0_PDF26105,pdf,4,0.63,0.84,0.716408371925354,0.7170761227607727,1.0009320812843436,0.0009320813114754856,0.0009320813114754856,0.09320813114754856
Pythia_plus,81,MUR1.0_MUF1.0_PDF26105,pdf,5,0.84,1.05,0.7636825442314148,0.7643842697143555,1.0009188706593353,0.0009188706753775477,0.0009188706753775477,0.09188706753775477
Pythia_plus,81,MUR1.0_MUF1.0_PDF26105,pdf,6,1.05,1.37,0.7446764707565308,0.7452912330627441,1.0008255428100055,0.0008255427819676697,0.0008255427819676697,0.08255427819676697
Pythia_plus,81,MUR1.0_MUF1.0_PDF26105,pdf,7,1.37,1.52,0.7529962062835693,0.7546687722206116,1.0022212142944216,0.0022212143521755934,0.0022212143521755934,0.22212143521755934
Pythia_plus,81,MUR1.0_MUF1.0_PDF26105,pdf,8,1.52,1.74,0.7522943019866943,0.75348299741745,1.0015800936250832,0.0015800936380401254,0.0015800936380401254,0.15800936380401254
Pythia_plus,81,MUR1.0_MUF1.0_PDF26105,pdf,9,1.74,1.95,0.738723874092102,0.7399039268493652,1.0015974206312386,0.0015974206617102027,0.0015974206617102027,0.15974206617102027
Pythia_plus,81,MUR1.0_MUF1.0_PDF26105,pdf,10,1.95,2.18,0.753097414970398,0.7540126442909241,1.001215286764146,0.00121528678573668,0.00121528678573668,0.121528678573668
Pythia_plus,81,MUR1.0_MUF1.0_PDF26105,pdf,11,2.18,2.5,0.7340506911277771,0.7349838018417358,1.0012711802130791,0.0012711802264675498,0.0012711802264675498,0.12711802264675498
Pythia_plus,82,MUR1.0_MUF1.0_PDF26106,pdf,1,0.0,0.21,0.7990407943725586,0.7993829846382141,1.0004282513084006,0.0004282513109501451,0.0004282513109501451,0.04282513109501451
Pythia_plus,82,MUR1.0_MUF1.0_PDF26106,pdf,2,0.21,0.42,0.7416394948959351,0.7419641613960266,1.000437768622526,0.00043776861275546253,0.00043776861275546253,0.04377686127554625
Pythia_plus,82,MUR1.0_MUF1.0_PDF26106,pdf,3,0.42,0.63,0.74241703748703,0.7426109313964844,1.000261165759491,0.0002611657546367496,0.0002611657546367496,0.026116575463674963
Pythia_plus,82,MUR1.0_MUF1.0_PDF26106,pdf,4,0.63,0.84,0.716408371925354,0.7172749042510986,1.0012095508088714,0.0012095507699996233,0.0012095507699996233,0.12095507699996233
Pythia_plus,82,MUR1.0_MUF1.0_PDF26106,pdf,5,0.84,1.05,0.7636825442314148,0.7646148204803467,1.0012207641198216,0.0012207641266286373,0.0012207641266286373,0.12207641266286373
Pythia_plus,82,MUR1.0_MUF1.0_PDF26106,pdf,6,1.05,1.37,0.7446764707565308,0.7454571723937988,1.001048376936732,0.0010483769001439214,0.0010483769001439214,0.10483769001439214
Pythia_plus,82,MUR1.0_MUF1.0_PDF26106,pdf,7,1.37,1.52,0.7529962062835693,0.7549354434013367,1.002575361072984,0.002575361169874668,0.002575361169874668,0.2575361169874668
Pythia_plus,82,MUR1.0_MUF1.0_PDF26106,pdf,8,1.52,1.74,0.7522943019866943,0.7537078857421875,1.0018790302568557,0.0018790302565321326,0.0018790302565321326,0.18790302565321326
Pythia_plus,82,MUR1.0_MUF1.0_PDF26106,pdf,9,1.74,1.95,0.738723874092102,0.7400789260864258,1.0018343146090805,0.0018343146657571197,0.0018343146657571197,0.18343146657571197
Pythia_plus,82,MUR1.0_MUF1.0_PDF26106,pdf,10,1.95,2.18,0.753097414970398,0.7540587782859802,1.0012765457648265,0.0012765458086505532,0.0012765458086505532,0.12765458086505532
Pythia_plus,82,MUR1.0_MUF1.0_PDF26106,pdf,11,2.18,2.5,0.7340506911277771,0.7350767254829407,1.0013977704367898,0.0013977704802528024,0.0013977704802528024,0.13977704802528024
Pythia_plus,83,MUR1.0_MUF1.0_PDF26107,pdf,1,0.0,0.21,0.7990407943725586,0.7992874979972839,1.0003087497239975,0.0003087497316300869,0.0003087497316300869,0.03087497316300869
Pythia_plus,83,MUR1.0_MUF1.0_PDF26107,pdf,2,0.21,0.42,0.7416394948959351,0.7418592572212219,1.0002963196091892,0.00029631960205733776,0.00029631960205733776,0.029631960205733776
Pythia_plus,83,MUR1.0_MUF1.0_PDF26107,pdf,3,0.42,0.63,0.74241703748703,0.7425022721290588,1.000114806958522,0.00011480695684440434,0.00011480695684440434,0.011480695684440434
Pythia_plus,83,MUR1.0_MUF1.0_PDF26107,pdf,4,0.63,0.84,0.716408371925354,0.7171754240989685,1.001070691247721,0.0010706912726163864,0.0010706912726163864,0.10706912726163864
Pythia_plus,83,MUR1.0_MUF1.0_PDF26107,pdf,5,0.84,1.05,0.7636825442314148,0.7644498944282532,1.0010048025879794,0.0010048026451840997,0.0010048026451840997,0.10048026451840997
Pythia_plus,83,MUR1.0_MUF1.0_PDF26107,pdf,6,1.05,1.37,0.7446764707565308,0.7453697323799133,1.000930956798834,0.0009309567976742983,0.0009309567976742983,0.09309567976742983
Pythia_plus,83,MUR1.0_MUF1.0_PDF26107,pdf,7,1.37,1.52,0.7529962062835693,0.7547776103019714,1.0023657543073081,0.0023657542187720537,0.0023657542187720537,0.23657542187720537
Pythia_plus,83,MUR1.0_MUF1.0_PDF26107,pdf,8,1.52,1.74,0.7522943019866943,0.7535943388938904,1.0017280961769388,0.001728096161969006,0.001728096161969006,0.1728096161969006
Pythia_plus,83,MUR1.0_MUF1.0_PDF26107,pdf,9,1.74,1.95,0.738723874092102,0.7399493455886841,1.0016589033325722,0.0016589033184573054,0.0016589033184573054,0.16589033184573054
Pythia_plus,83,MUR1.0_MUF1.0_PDF26107,pdf,10,1.95,2.18,0.753097414970398,0.753975510597229,1.0011659788088179,0.0011659788433462381,0.0011659788433462381,0.11659788433462381
Pythia_plus,83,MUR1.0_MUF1.0_PDF26107,pdf,11,2.18,2.5,0.7340506911277771,0.7350450158119202,1.0013545722334454,0.0013545722467824817,0.0013545722467824817,0.13545722467824817
Pythia_plus,84,MUR1.0_MUF1.0_PDF26108,pdf,1,0.0,0.21,0.7990407943725586,0.7993596196174622,1.0003990099718925,0.00039900996489450336,0.00039900996489450336,0.039900996489450336
Pythia_plus,84,MUR1.0_MUF1.0_PDF26108,pdf,2,0.21,0.42,0.7416394948959351,0.7419522404670715,1.0004216948710105,0.00042169485823251307,0.00042169485823251307,0.04216948582325131
Pythia_plus,84,MUR1.0_MUF1.0_PDF26108,pdf,3,0.42,0.63,0.74241703748703,0.7426043748855591,1.0002523344549894,0.0002523344592191279,0.0002523344592191279,0.02523344592191279
Pythia_plus,84,MUR1.0_MUF1.0_PDF26108,pdf,4,0.63,0.84,0.716408371925354,0.7171406149864197,1.001022102881207,0.0010221028933301568,0.0010221028933301568,0.10221028933301568
Pythia_plus,84,MUR1.0_MUF1.0_PDF26108,pdf,5,0.84,1.05,0.7636825442314148,0.7645077109336853,1.0010805101000455,0.0010805100901052356,0.0010805100901052356,0.10805100901052356
Pythia_plus,84,MUR1.0_MUF1.0_PDF26108,pdf,6,1.05,1.37,0.7446764707565308,0.7453517913818359,1.0009068644597017,0.0009068644721992314,0.0009068644721992314,0.09068644721992314
Pythia_plus,84,MUR1.0_MUF1.0_PDF26108,pdf,7,1.37,1.52,0.7529962062835693,0.7547847032546997,1.0023751739467022,0.0023751738481223583,0.0023751738481223583,0.23751738481223583
Pythia_plus,84,MUR1.0_MUF1.0_PDF26108,pdf,8,1.52,1.74,0.7522943019866943,0.7535679340362549,1.0016929970706905,0.001692997058853507,0.001692997058853507,0.1692997058853507
Pythia_plus,84,MUR1.0_MUF1.0_PDF26108,pdf,9,1.74,1.95,0.738723874092102,0.7400078177452087,1.0017380562590923,0.0017380563076585531,0.0017380563076585531,0.1738056307658553
Pythia_plus,84,MUR1.0_MUF1.0_PDF26108,pdf,10,1.95,2.18,0.753097414970398,0.7540850639343262,1.0013114491489352,0.0013114491011947393,0.0013114491011947393,0.13114491011947393
Pythia_plus,84,MUR1.0_MUF1.0_PDF26108,pdf,11,2.18,2.5,0.7340506911277771,0.7350013852119446,1.0012951341040315,0.0012951340759173036,0.0012951340759173036,0.12951340759173036
Pythia_plus,85,MUR1.0_MUF1.0_PDF26109,pdf,1,0.0,0.21,0.7990407943725586,0.7994616627693176,1.000526717033377,0.0005267170490697026,0.0005267170490697026,0.05267170490697026
Pythia_plus,85,MUR1.0_MUF1.0_PDF26109,pdf,2,0.21,0.42,0.7416394948959351,0.7420667409896851,1.0005760832543173,0.0005760832573287189,0.0005760832573287189,0.05760832573287189
Pythia_plus,85,MUR1.0_MUF1.0_PDF26109,pdf,3,0.42,0.63,0.74241703748703,0.7427167892456055,1.0004037511849002,0.00040375118260271847,0.00040375118260271847,0.04037511826027185
Pythia_plus,85,MUR1.0_MUF1.0_PDF26109,pdf,4,0.63,0.84,0.716408371925354,0.7172278761863708,1.001143906594523,0.0011439066147431731,0.0011439066147431731,0.11439066147431731
Pythia_plus,85,MUR1.0_MUF1.0_PDF26109,pdf,5,0.84,1.05,0.7636825442314148,0.7647062540054321,1.0013404912574604,0.0013404912315309048,0.0013404912315309048,0.13404912315309048
Pythia_plus,85,MUR1.0_MUF1.0_PDF26109,pdf,6,1.05,1.37,0.7446764707565308,0.7454081773757935,1.000982583239832,0.0009825832676142454,0.0009825832676142454,0.09825832676142454
Pythia_plus,85,MUR1.0_MUF1.0_PDF26109,pdf,7,1.37,1.52,0.7529962062835693,0.7549576759338379,1.0026048864973032,0.0026048864237964153,0.0026048864237964153,0.26048864237964153
Pythia_plus,85,MUR1.0_MUF1.0_PDF26109,pdf,8,1.52,1.74,0.7522943019866943,0.7536879181861877,1.001852488043327,0.0018524880288168788,0.0018524880288168788,0.18524880288168788
Pythia_plus,85,MUR1.0_MUF1.0_PDF26109,pdf,9,1.74,1.95,0.738723874092102,0.7402451038360596,1.0020592670648787,0.002059267135336995,0.002059267135336995,0.2059267135336995
Pythia_plus,85,MUR1.0_MUF1.0_PDF26109,pdf,10,1.95,2.18,0.753097414970398,0.7541921138763428,1.0014535953572326,0.001453595352359116,0.001453595352359116,0.1453595352359116
Pythia_plus,85,MUR1.0_MUF1.0_PDF26109,pdf,11,2.18,2.5,0.7340506911277771,0.734832227230072,1.0010646895531072,0.0010646895971149206,0.0010646895971149206,0.10646895971149206
Pythia_plus,86,MUR1.0_MUF1.0_PDF26110,pdf,1,0.0,0.21,0.7990407943725586,0.7991880774497986,1.0001843248533457,0.000184324846486561,0.000184324846486561,0.0184324846486561
Pythia_plus,86,MUR1.0_MUF1.0_PDF26110,pdf,2,0.21,0.42,0.7416394948959351,0.7417433261871338,1.0001400023757006,0.00014000237570144236,0.00014000237570144236,0.014000237570144236
Pythia_plus,86,MUR1.0_MUF1.0_PDF26110,pdf,3,0.42,0.63,0.74241703748703,0.7423912882804871,0.9999653170586843,-3.468294016784057e-05,3.468294016784057e-05,-0.003468294016784057
Pythia_plus,86,MUR1.0_MUF1.0_PDF26110,pdf,4,0.63,0.84,0.716408371925354,0.7170814871788025,1.0009395692175393,0.0009395692031830549,0.0009395692031830549,0.09395692031830549
Pythia_plus,86,MUR1.0_MUF1.0_PDF26110,pdf,5,0.84,1.05,0.7636825442314148,0.7642484903335571,1.0007410750794519,0.000741075084079057,0.000741075084079057,0.0741075084079057
Pythia_plus,86,MUR1.0_MUF1.0_PDF26110,pdf,6,1.05,1.37,0.7446764707565308,0.7453114986419678,1.000852756747896,0.000852756726089865,0.000852756726089865,0.0852756726089865
Pythia_plus,86,MUR1.0_MUF1.0_PDF26110,pdf,7,1.37,1.52,0.7529962062835693,0.7545984983444214,1.0021278886234504,0.002127888612449169,0.002127888612449169,0.21278886124491692
Pythia_plus,86,MUR1.0_MUF1.0_PDF26110,pdf,8,1.52,1.74,0.7522943019866943,0.7534651756286621,1.0015564037091278,0.0015564037021249533,0.0015564037021249533,0.15564037021249533
Pythia_plus,86,MUR1.0_MUF1.0_PDF26110,pdf,9,1.74,1.95,0.738723874092102,0.73970627784729,1.0013298659886893,0.0013298660051077604,0.0013298660051077604,0.13298660051077604
Pythia_plus,86,MUR1.0_MUF1.0_PDF26110,pdf,10,1.95,2.18,0.753097414970398,0.7538661956787109,1.0010208250526835,0.0010208250023424625,0.0010208250023424625,0.10208250023424625
Pythia_plus,86,MUR1.0_MUF1.0_PDF26110,pdf,11,2.18,2.5,0.7340506911277771,0.735211968421936,1.0015820123980468,0.001582012395374477,0.001582012395374477,0.1582012395374477
Pythia_plus,87,MUR1.0_MUF1.0_PDF26111,pdf,1,0.0,0.21,0.7990407943725586,0.799028754234314,0.9999849317602688,-1.5068239918036852e-05,1.5068239918036852e-05,-0.0015068239918036852
Pythia_plus,87,MUR1.0_MUF1.0_PDF26111,pdf,2,0.21,0.42,0.7416394948959351,0.7415310740470886,0.999853809229966,-0.00014619076682720333,0.00014619076682720333,-0.014619076682720333
Pythia_plus,87,MUR1.0_MUF1.0_PDF26111,pdf,3,0.42,0.63,0.74241703748703,0.7422209978103638,0.9997359439953993,-0.00026405599783174694,0.00026405599783174694,-0.026405599783174694
Pythia_plus,87,MUR1.0_MUF1.0_PDF26111,pdf,4,0.63,0.84,0.716408371925354,0.7170186042785645,1.0008517940006347,0.0008517940295860171,0.0008517940295860171,0.08517940295860171
Pythia_plus,87,MUR1.0_MUF1.0_PDF26111,pdf,5,0.84,1.05,0.7636825442314148,0.7638841867446899,1.0002640397044535,0.00026403969968669116,0.00026403969968669116,0.026403969968669116
Pythia_plus,87,MUR1.0_MUF1.0_PDF26111,pdf,6,1.05,1.37,0.7446764707565308,0.7453550100326538,1.0009111866733666,0.0009111866820603609,0.0009111866820603609,0.09111866820603609
Pythia_plus,87,MUR1.0_MUF1.0_PDF26111,pdf,7,1.37,1.52,0.7529962062835693,0.7542961835861206,1.001726406178017,0.0017264061607420444,0.0017264061607420444,0.17264061607420444
Pythia_plus,87,MUR1.0_MUF1.0_PDF26111,pdf,8,1.52,1.74,0.7522943019866943,0.7533830404281616,1.0014472240964634,0.0014472240582108498,0.0014472240582108498,0.14472240582108498
Pythia_plus,87,MUR1.0_MUF1.0_PDF26111,pdf,9,1.74,1.95,0.738723874092102,0.7391535639762878,1.000581665083877,0.0005816650809720159,0.0005816650809720159,0.058166508097201586
Pythia_plus,87,MUR1.0_MUF1.0_PDF26111,pdf,10,1.95,2.18,0.753097414970398,0.7536974549293518,1.000796762738825,0.0007967627607285976,0.0007967627607285976,0.07967627607285976
Pythia_plus,87,MUR1.0_MUF1.0_PDF26111,pdf,11,2.18,2.5,0.7340506911277771,0.7360337376594543,1.0027015117016382,0.0027015116065740585,0.0027015116065740585,0.27015116065740585
Pythia_plus,88,MUR1.0_MUF1.0_PDF26112,pdf,1,0.0,0.21,0.7990407943725586,0.7996243834495544,1.0007303620554868,0.0007303620805032551,0.0007303620805032551,0.07303620805032551
Pythia_plus,88,MUR1.0_MUF1.0_PDF26112,pdf,2,0.21,0.42,0.7416394948959351,0.7422831654548645,1.0008679022130824,0.0008679021848365664,0.0008679021848365664,0.08679021848365664
Pythia_plus,88,MUR1.0_MUF1.0_PDF26112,pdf,3,0.42,0.63,0.74241703748703,0.7428945302963257,1.0006431598214824,0.0006431598449125886,0.0006431598449125886,0.06431598449125886
Pythia_plus,88,MUR1.0_MUF1.0_PDF26112,pdf,4,0.63,0.84,0.716408371925354,0.7172960042953491,1.0012390033461078,0.0012390033807605505,0.0012390033807605505,0.12390033807605505
Pythia_plus,88,MUR1.0_MUF1.0_PDF26112,pdf,5,0.84,1.05,0.7636825442314148,0.7650842666625977,1.0018354778982066,0.0018354778876528144,0.0018354778876528144,0.18354778876528144
Pythia_plus,88,MUR1.0_MUF1.0_PDF26112,pdf,6,1.05,1.37,0.7446764707565308,0.7453643679618835,1.0009237531093924,0.0009237531339749694,0.0009237531339749694,0.09237531339749694
Pythia_plus,88,MUR1.0_MUF1.0_PDF26112,pdf,7,1.37,1.52,0.7529962062835693,0.7552757859230042,1.0030273454506309,0.0030273455195128918,0.0030273455195128918,0.3027345519512892
Pythia_plus,88,MUR1.0_MUF1.0_PDF26112,pdf,8,1.52,1.74,0.7522943019866943,0.753779411315918,1.0019741068426302,0.001974106766283512,0.001974106766283512,0.1974106766283512
Pythia_plus,88,MUR1.0_MUF1.0_PDF26112,pdf,9,1.74,1.95,0.738723874092102,0.7408314943313599,1.002853055536953,0.0028530554845929146,0.0028530554845929146,0.28530554845929146
Pythia_plus,88,MUR1.0_MUF1.0_PDF26112,pdf,10,1.95,2.18,0.753097414970398,0.7543812990188599,1.00170480474762,0.0017048047157004476,0.0017048047157004476,0.17048047157004476
Pythia_plus,88,MUR1.0_MUF1.0_PDF26112,pdf,11,2.18,2.5,0.7340506911277771,0.7339515686035156,0.9998649650147333,-0.00013503499212674797,0.00013503499212674797,-0.013503499212674797
Pythia_plus,89,MUR1.0_MUF1.0_PDF26113,pdf,1,0.0,0.21,0.7990407943725586,0.799628734588623,1.0007358075084591,0.0007358075235970318,0.0007358075235970318,0.07358075235970318
Pythia_plus,89,MUR1.0_MUF1.0_PDF26113,pdf,2,0.21,0.42,0.7416394948959351,0.742286741733551,1.000872724338537,0.0008727243402972817,0.0008727243402972817,0.08727243402972817
Pythia_plus,89,MUR1.0_MUF1.0_PDF26113,pdf,3,0.42,0.63,0.74241703748703,0.7429163455963135,1.0006725439800972,0.0006725440034642816,0.0006725440034642816,0.06725440034642816
Pythia_plus,89,MUR1.0_MUF1.0_PDF26113,pdf,4,0.63,0.84,0.716408371925354,0.7172524929046631,1.0011782678879653,0.001178267877548933,0.001178267877548933,0.1178267877548933
Pythia_plus,89,MUR1.0_MUF1.0_PDF26113,pdf,5,0.84,1.05,0.7636825442314148,0.7649977207183838,1.0017221507770517,0.0017221508314833045,0.0017221508314833045,0.17221508314833045
Pythia_plus,89,MUR1.0_MUF1.0_PDF26113,pdf,6,1.05,1.37,0.7446764707565308,0.7453576922416687,1.0009147885180874,0.0009147885139100254,0.0009147885139100254,0.09147885139100254
Pythia_plus,89,MUR1.0_MUF1.0_PDF26113,pdf,7,1.37,1.52,0.7529962062835693,0.755148708820343,1.0028585835078736,0.0028585835825651884,0.0028585835825651884,0.28585835825651884
Pythia_plus,89,MUR1.0_MUF1.0_PDF26113,pdf,8,1.52,1.74,0.7522943019866943,0.7537065148353577,1.0018772079556284,0.0018772080074995756,0.0018772080074995756,0.18772080074995756
Pythia_plus,89,MUR1.0_MUF1.0_PDF26113,pdf,9,1.74,1.95,0.738723874092102,0.7406492829322815,1.0026063985579805,0.002606398658826947,0.002606398658826947,0.2606398658826947
Pythia_plus,89,MUR1.0_MUF1.0_PDF26113,pdf,10,1.95,2.18,0.753097414970398,0.7543560862541199,1.0016713259914343,0.0016713259974494576,0.0016713259974494576,0.16713259974494576
Pythia_plus,89,MUR1.0_MUF1.0_PDF26113,pdf,11,2.18,2.5,0.7340506911277771,0.7341746091842651,1.000168814031491,0.00016881403280422091,0.00016881403280422091,0.01688140328042209
Pythia_plus,90,MUR1.0_MUF1.0_PDF13309,pdf,1,0.0,0.21,0.7990407943725586,0.7990283370018005,0.9999844095935454,-1.559040720167104e-05,1.559040720167104e-05,-0.0015590407201671042
Pythia_plus,90,MUR1.0_MUF1.0_PDF13309,pdf,2,0.21,0.42,0.7416394948959351,0.741629958152771,0.9999871409987876,-1.285900088987546e-05,1.285900088987546e-05,-0.001285900088987546
Pythia_plus,90,MUR1.0_MUF1.0_PDF13309,pdf,3,0.42,0.63,0.74241703748703,0.7424127459526062,0.9999942195097807,-5.780490027973428e-06,5.780490027973428e-06,-0.0005780490027973428
Pythia_plus,90,MUR1.0_MUF1.0_PDF13309,pdf,4,0.63,0.84,0.716408371925354,0.7163894772529602,0.9999736258352997,-2.6374164008302614e-05,2.6374164008302614e-05,-0.0026374164008302614
Pythia_plus,90,MUR1.0_MUF1.0_PDF13309,pdf,5,0.84,1.05,0.7636825442314148,0.7636796236038208,0.999996175599906,-3.8244002098508645e-06,3.8244002098508645e-06,-0.00038244002098508645
Pythia_plus,90,MUR1.0_MUF1.0_PDF13309,pdf,6,1.05,1.37,0.7446764707565308,0.744651198387146,0.9999660626186307,-3.393738006707281e-05,3.393738006707281e-05,-0.003393738006707281
Pythia_plus,90,MUR1.0_MUF1.0_PDF13309,pdf,7,1.37,1.52,0.7529962062835693,0.7530001401901245,1.0000052243378152,5.22433765581809e-06,5.22433765581809e-06,0.000522433765581809
Pythia_plus,90,MUR1.0_MUF1.0_PDF13309,pdf,8,1.52,1.74,0.7522943019866943,0.7523088455200195,1.0000193322391076,1.93322393897688e-05,1.93322393897688e-05,0.0019332239389768802
Pythia_plus,90,MUR1.0_MUF1.0_PDF13309,pdf,9,1.74,1.95,0.738723874092102,0.7387573719024658,1.0000453455093825,4.534551044343971e-05,4.534551044343971e-05,0.004534551044343971
Pythia_plus,90,MUR1.0_MUF1.0_PDF13309,pdf,10,1.95,2.18,0.753097414970398,0.7531254887580872,1.0000372777639799,3.7277764931786805e-05,3.7277764931786805e-05,0.0037277764931786805
Pythia_plus,90,MUR1.0_MUF1.0_PDF13309,pdf,11,2.18,2.5,0.7340506911277771,0.7340338230133057,0.9999770205046119,-2.29794950428186e-05,2.29794950428186e-05,-0.00229794950428186
Pythia_plus,91,MUR1.0_MUF1.0_PDF26114,pdf,1,0.0,0.21,0.7990407943725586,0.7990514039993286,1.0000132779538227,1.327795416727895e-05,1.327795416727895e-05,0.001327795416727895
Pythia_plus,91,MUR1.0_MUF1.0_PDF26114,pdf,2,0.21,0.42,0.7416394948959351,0.7415664196014404,0.9999014679032097,-9.853209485299885e-05,9.853209485299885e-05,-0.009853209485299885
Pythia_plus,91,MUR1.0_MUF1.0_PDF26114,pdf,3,0.42,0.63,0.74241703748703,0.7422342896461487,0.9997538474581619,-0.00024615254369564354,0.00024615254369564354,-0.024615254369564354
Pythia_plus,91,MUR1.0_MUF1.0_PDF26114,pdf,4,0.63,0.84,0.716408371925354,0.7170739769935608,1.0009290861110653,0.0009290861198678613,0.0009290861198678613,0.09290861198678613
Pythia_plus,91,MUR1.0_MUF1.0_PDF26114,pdf,5,0.84,1.05,0.7636825442314148,0.7640203237533569,1.0004423035782257,0.0004423035716172308,0.0004423035716172308,0.04423035716172308
Pythia_plus,91,MUR1.0_MUF1.0_PDF26114,pdf,6,1.05,1.37,0.7446764707565308,0.7453649640083313,1.0009245535193305,0.0009245535475201905,0.0009245535475201905,0.09245535475201905
Pythia_plus,91,MUR1.0_MUF1.0_PDF26114,pdf,7,1.37,1.52,0.7529962062835693,0.7544601559638977,1.0019441660769497,0.0019441660260781646,0.0019441660260781646,0.19441660260781646
Pythia_plus,91,MUR1.0_MUF1.0_PDF26114,pdf,8,1.52,1.74,0.7522943019866943,0.7534690499305725,1.0015615536908573,0.0015615536831319332,0.0015615536831319332,0.15615536831319332
Pythia_plus,91,MUR1.0_MUF1.0_PDF26114,pdf,9,1.74,1.95,0.738723874092102,0.7393928170204163,1.0009055385263355,0.0009055385016836226,0.0009055385016836226,0.09055385016836226
Pythia_plus,91,MUR1.0_MUF1.0_PDF26114,pdf,10,1.95,2.18,0.753097414970398,0.7537460327148438,1.0008612667253296,0.0008612667443230748,0.0008612667443230748,0.08612667443230748
Pythia_plus,91,MUR1.0_MUF1.0_PDF26114,pdf,11,2.18,2.5,0.7340506911277771,0.7357478737831116,1.0023120782744948,0.0023120783735066652,0.0023120783735066652,0.23120783735066652
Pythia_plus,92,MUR1.0_MUF1.0_PDF26115,pdf,1,0.0,0.21,0.7990407943725586,0.799444317817688,1.0005050098167343,0.000505009840708226,0.000505009840708226,0.0505009840708226
Pythia_plus,92,MUR1.0_MUF1.0_PDF26115,pdf,2,0.21,0.42,0.7416394948959351,0.7420508861541748,1.0005547051648018,0.000554705155082047,0.000554705155082047,0.0554705155082047
Pythia_plus,92,MUR1.0_MUF1.0_PDF26115,pdf,3,0.42,0.63,0.74241703748703,0.7426931262016296,1.0003718782041076,0.00037187820998951793,0.00037187820998951793,0.03718782099895179
Pythia_plus,92,MUR1.0_MUF1.0_PDF26115,pdf,4,0.63,0.84,0.716408371925354,0.7171968817710876,1.0011006429805036,0.0011006429558619857,0.0011006429558619857,0.11006429558619857
Pythia_plus,92,MUR1.0_MUF1.0_PDF26115,pdf,5,0.84,1.05,0.7636825442314148,0.7646772861480713,1.0013025594524458,0.001302559394389391,0.001302559394389391,0.1302559394389391
Pythia_plus,92,MUR1.0_MUF1.0_PDF26115,pdf,6,1.05,1.37,0.7446764707565308,0.7453680634498596,1.0009287156510078,0.000928715628106147,0.000928715628106147,0.0928715628106147
Pythia_plus,92,MUR1.0_MUF1.0_PDF26115,pdf,7,1.37,1.52,0.7529962062835693,0.7549293637275696,1.0025672870963604,0.0025672870688140392,0.0025672870688140392,0.2567287068814039
Pythia_plus,92,MUR1.0_MUF1.0_PDF26115,pdf,8,1.52,1.74,0.7522943019866943,0.753636360168457,1.0017839536710813,0.0017839536303654313,0.0017839536303654313,0.17839536303654313
Pythia_plus,92,MUR1.0_MUF1.0_PDF26115,pdf,9,1.74,1.95,0.738723874092102,0.7402335405349731,1.0020436139886861,0.0020436139311641455,0.0020436139311641455,0.20436139311641455
Pythia_plus,92,MUR1.0_MUF1.0_PDF26115,pdf,10,1.95,2.18,0.753097414970398,0.7541694045066833,1.0014234407328666,0.0014234407572075725,0.0014234407572075725,0.14234407572075725
Pythia_plus,92,MUR1.0_MUF1.0_PDF26115,pdf,11,2.18,2.5,0.7340506911277771,0.7347456812858582,1.0009467876898437,0.0009467877098359168,0.0009467877098359168,0.09467877098359168
Pythia_plus,93,MUR1.0_MUF1.0_PDF26116,pdf,1,0.0,0.21,0.7990407943725586,0.799194872379303,1.000192828711412,0.00019282870925962925,0.00019282870925962925,0.019282870925962925
Pythia_plus,93,MUR1.0_MUF1.0_PDF26116,pdf,2,0.21,0.42,0.7416394948959351,0.7417502403259277,1.0001493251515794,0.00014932514750398695,0.00014932514750398695,0.014932514750398695
Pythia_plus,93,MUR1.0_MUF1.0_PDF26116,pdf,3,0.42,0.63,0.74241703748703,0.7424035668373108,0.9999818556834783,-1.8144315617973916e-05,1.8144315617973916e-05,-0.0018144315617973916
Pythia_plus,93,MUR1.0_MUF1.0_PDF26116,pdf,4,0.63,0.84,0.716408371925354,0.7171144485473633,1.0009855784070636,0.0009855784010142088,0.0009855784010142088,0.09855784010142088
Pythia_plus,93,MUR1.0_MUF1.0_PDF26116,pdf,5,0.84,1.05,0.7636825442314148,0.7642609477043152,1.0007573873165878,0.0007573873153887689,0.0007573873153887689,0.07573873153887689
Pythia_plus,93,MUR1.0_MUF1.0_PDF26116,pdf,6,1.05,1.37,0.7446764707565308,0.7453493475914001,1.000903582778956,0.000903582782484591,0.000903582782484591,0.0903582782484591
Pythia_plus,93,MUR1.0_MUF1.0_PDF26116,pdf,7,1.37,1.52,0.7529962062835693,0.7546145915985107,1.0021492609145124,0.002149260835722089,0.002149260835722089,0.21492608357220888
Pythia_plus,93,MUR1.0_MUF1.0_PDF26116,pdf,8,1.52,1.74,0.7522943019866943,0.7535136938095093,1.0016208973264782,0.0016208973247557878,0.0016208973247557878,0.16208973247557878
Pythia_plus,93,MUR1.0_MUF1.0_PDF26116,pdf,9,1.74,1.95,0.738723874092102,0.739698052406311,1.0013187313262433,0.0013187313452363014,0.0013187313452363014,0.13187313452363014
Pythia_plus,93,MUR1.0_MUF1.0_PDF26116,pdf,10,1.95,2.18,0.753097414970398,0.7538806796073914,1.0010400575296414,0.0010400575120002031,0.0010400575120002031,0.10400575120002031
Pythia_plus,93,MUR1.0_MUF1.0_PDF26116,pdf,11,2.18,2.5,0.7340506911277771,0.7353264093399048,1.0017379156883126,0.0017379156779497862,0.0017379156779497862,0.17379156779497862
Pythia_plus,94,MUR1.0_MUF1.0_PDF26117,pdf,1,0.0,0.21,0.7990407943725586,0.7991741895675659,1.0001669441609826,0.00016694415535312146,0.00016694415535312146,0.016694415535312146
Pythia_plus,94,MUR1.0_MUF1.0_PDF26117,pdf,2,0.21,0.42,0.7416394948959351,0.7417134046554565,1.0000996572593965,9.965725621441379e-05,9.965725621441379e-05,0.00996572562144138
Pythia_plus,94,MUR1.0_MUF1.0_PDF26117,pdf,3,0.42,0.63,0.74241703748703,0.7422653436660767,0.9997956757276654,-0.00020432427118066698,0.00020432427118066698,-0.0204324271180667
Pythia_plus,94,MUR1.0_MUF1.0_PDF26117,pdf,4,0.63,0.84,0.716408371925354,0.7174910306930542,1.0015112313173986,0.0015112312976270914,0.0015112312976270914,0.15112312976270914
Pythia_plus,94,MUR1.0_MUF1.0_PDF26117,pdf,5,0.84,1.05,0.7636825442314148,0.764553964138031,1.0011410761096984,0.001141076092608273,0.001141076092608273,0.1141076092608273
Pythia_plus,94,MUR1.0_MUF1.0_PDF26117,pdf,6,1.05,1.37,0.7446764707565308,0.7455432415008545,1.0011639561317724,0.0011639561271294951,0.0011639561271294951,0.11639561271294951
Pythia_plus,94,MUR1.0_MUF1.0_PDF26117,pdf,7,1.37,1.52,0.7529962062835693,0.7551819682121277,1.0029027529094021,0.0029027529526501894,0.0029027529526501894,0.29027529526501894
Pythia_plus,94,MUR1.0_MUF1.0_PDF26117,pdf,8,1.52,1.74,0.7522943019866943,0.7538077235221863,1.0020117413244993,0.00201174127869308,0.00201174127869308,0.201174127869308
Pythia_plus,94,MUR1.0_MUF1.0_PDF26117,pdf,9,1.74,1.95,0.738723874092102,0.7399645447731018,1.0016794782523097,0.0016794782131910324,0.0016794782131910324,0.16794782131910324
Pythia_plus,94,MUR1.0_MUF1.0_PDF26117,pdf,10,1.95,2.18,0.753097414970398,0.7535921931266785,1.000656990910399,0.0006569909164682031,0.0006569909164682031,0.0656990916468203
Pythia_plus,94,MUR1.0_MUF1.0_PDF26117,pdf,11,2.18,2.5,0.7340506911277771,0.7349840402603149,1.0012715050116006,0.001271505025215447,0.001271505025215447,0.1271505025215447
Pythia_plus,95,MUR1.0_MUF1.0_PDF26118,pdf,1,0.0,0.21,0.7990407943725586,0.7994973659515381,1.0005713995858472,0.0005713995778933167,0.0005713995778933167,0.057139957789331675
Pythia_plus,95,MUR1.0_MUF1.0_PDF26118,pdf,2,0.21,0.42,0.7416394948959351,0.7421241998672485,1.0006535587366223,0.0006535587599501014,0.0006535587599501014,0.06535587599501014
Pythia_plus,95,MUR1.0_MUF1.0_PDF26118,pdf,3,0.42,0.63,0.74241703748703,0.7428823113441467,1.0006267014812746,0.000626701454166323,0.000626701454166323,0.0626701454166323
Pythia_plus,95,MUR1.0_MUF1.0_PDF26118,pdf,4,0.63,0.84,0.716408371925354,0.7167830467224121,1.0005229905340876,0.0005229905364103615,0.0005229905364103615,0.05229905364103615
Pythia_plus,95,MUR1.0_MUF1.0_PDF26118,pdf,5,0.84,1.05,0.7636825442314148,0.7643952369689941,1.0009332316719333,0.0009332316694781184,0.0009332316694781184,0.09332316694781184
Pythia_plus,95,MUR1.0_MUF1.0_PDF26118,pdf,6,1.05,1.37,0.7446764707565308,0.7451542615890503,1.0006416086062637,0.0006416086107492447,0.0006416086107492447,0.06416086107492447
Pythia_plus,95,MUR1.0_MUF1.0_PDF26118,pdf,7,1.37,1.52,0.7529962062835693,0.7543260455131531,1.0017660636514323,0.001766063622198999,0.001766063622198999,0.1766063622198999
Pythia_plus,95,MUR1.0_MUF1.0_PDF26118,pdf,8,1.52,1.74,0.7522943019866943,0.7533218860626221,1.0013659336156262,0.0013659335672855377,0.0013659335672855377,0.13659335672855377
Pythia_plus,95,MUR1.0_MUF1.0_PDF26118,pdf,9,1.74,1.95,0.738723874092102,0.7399953603744507,1.0017211928935035,0.0017211928497999907,0.0017211928497999907,0.17211928497999907
Pythia_plus,95,MUR1.0_MUF1.0_PDF26118,pdf,10,1.95,2.18,0.753097414970398,0.7545300126075745,1.0019022740069197,0.001902273972518742,0.001902273972518742,0.1902273972518742
Pythia_plus,95,MUR1.0_MUF1.0_PDF26118,pdf,11,2.18,2.5,0.7340506911277771,0.73506760597229,1.001385346893347,0.0013853468699380755,0.0013853468699380755,0.13853468699380755
Pythia_plus,96,MUR1.0_MUF1.0_PDF26119,pdf,1,0.0,0.21,0.7990407943725586,0.7985673546791077,0.9994074899594798,-0.0005925100413151085,0.0005925100413151085,-0.059251004131510854
Pythia_plus,96,MUR1.0_MUF1.0_PDF26119,pdf,2,0.21,0.42,0.7416394948959351,0.7409111857414246,0.9990179741511572,-0.000982025871053338,0.000982025871053338,-0.0982025871053338
Pythia_plus,96,MUR1.0_MUF1.0_PDF26119,pdf,3,0.42,0.63,0.74241703748703,0.7412561178207397,0.9984362971110956,-0.001563702942803502,0.001563702942803502,-0.1563702942803502
Pythia_plus,96,MUR1.0_MUF1.0_PDF26119,pdf,4,0.63,0.84,0.716408371925354,0.7183226346969604,1.0026720273612406,0.0026720273308455944,0.0026720273308455944,0.26720273308455944
Pythia_plus,96,MUR1.0_MUF1.0_PDF26119,pdf,5,0.84,1.05,0.7636825442314148,0.7644686102867126,1.001029309968174,0.0010293099330738187,0.0010293099330738187,0.10293099330738187
Pythia_plus,96,MUR1.0_MUF1.0_PDF26119,pdf,6,1.05,1.37,0.7446764707565308,0.7461276054382324,1.0019486780349425,0.001948678051121533,0.001948678051121533,0.1948678051121533
Pythia_plus,96,MUR1.0_MUF1.0_PDF26119,pdf,7,1.37,1.52,0.7529962062835693,0.7561516761779785,1.0041905521808445,0.004190552048385143,0.004190552048385143,0.41905520483851433
Pythia_plus,96,MUR1.0_MUF1.0_PDF26119,pdf,8,1.52,1.74,0.7522943019866943,0.754594087600708,1.0030570291546013,0.0030570290982723236,0.0030570290982723236,0.30570290982723236
Pythia_plus,96,MUR1.0_MUF1.0_PDF26119,pdf,9,1.74,1.95,0.738723874092102,0.7398223280906677,1.0014869615523334,0.0014869614969938993,0.0014869614969938993,0.14869614969938993
Pythia_plus,96,MUR1.0_MUF1.0_PDF26119,pdf,10,1.95,2.18,0.753097414970398,0.7526176571846008,0.9993629538805202,-0.0006370461196638644,0.0006370461196638644,-0.06370461196638644
Pythia_plus,96,MUR1.0_MUF1.0_PDF26119,pdf,11,2.18,2.5,0.7340506911277771,0.7356981635093689,1.0022443577827855,0.002244357718154788,0.002244357718154788,0.2244357718154788
Pythia_plus,97,MUR1.0_MUF1.0_PDF26120,pdf,1,0.0,0.21,0.7990407943725586,0.799852192401886,1.001015465086441,0.0010154651245102286,0.0010154651245102286,0.10154651245102286
Pythia_plus,97,MUR1.0_MUF1.0_PDF26120,pdf,2,0.21,0.42,0.7416394948959351,0.7426036596298218,1.001300045022578,0.0013000450562685728,0.0013000450562685728,0.13000450562685728
Pythia_plus,97,MUR1.0_MUF1.0_PDF26120,pdf,3,0.42,0.63,0.74241703748703,0.7434680461883545,1.0014156581116214,0.0014156581601127982,0.0014156581601127982,0.14156581601127982
Pythia_plus,97,MUR1.0_MUF1.0_PDF26120,pdf,4,0.63,0.84,0.716408371925354,0.7163347005844116,0.9998971657174464,-0.00010283428127877414,0.00010283428127877414,-0.010283428127877414
Pythia_plus,97,MUR1.0_MUF1.0_PDF26120,pdf,5,0.84,1.05,0.7636825442314148,0.7644883394241333,1.0010551441810542,0.001055144239217043,0.001055144239217043,0.10551442392170429
Pythia_plus,97,MUR1.0_MUF1.0_PDF26120,pdf,6,1.05,1.37,0.7446764707565308,0.7448116540908813,1.0001815329739279,0.00018153297423850745,0.00018153297423850745,0.018153297423850745
Pythia_plus,97,MUR1.0_MUF1.0_PDF26120,pdf,7,1.37,1.52,0.7529962062835693,0.7537915706634521,1.0010562661182696,0.001056266133673489,0.001056266133673489,0.10562661336734891
Pythia_plus,97,MUR1.0_MUF1.0_PDF26120,pdf,8,1.52,1.74,0.7522943019866943,0.7528452277183533,1.0007323274019277,0.0007323274039663374,0.0007323274039663374,0.07323274039663374
Pythia_plus,97,MUR1.0_MUF1.0_PDF26120,pdf,9,1.74,1.95,0.738723874092102,0.7400925755500793,1.0018527916938647,0.0018527916399762034,0.0018527916399762034,0.18527916399762034
Pythia_plus,97,MUR1.0_MUF1.0_PDF26120,pdf,10,1.95,2.18,0.753097414970398,0.7550669312477112,1.0026152211362864,0.0026152210775762796,0.0026152210775762796,0.26152210775762796
Pythia_plus,97,MUR1.0_MUF1.0_PDF26120,pdf,11,2.18,2.5,0.7340506911277771,0.7345346212387085,1.0006592597987858,0.0006592597928829491,0.0006592597928829491,0.06592597928829491
Pythia_plus,98,MUR1.0_MUF1.0_PDF26121,pdf,1,0.0,0.21,0.7990407943725586,0.7992335557937622,1.0002412410261918,0.00024124102492351085,0.00024124102492351085,0.024124102492351085
Pythia_plus,98,MUR1.0_MUF1.0_PDF26121,pdf,2,0.21,0.42,0.7416394948959351,0.7417908310890198,1.00020405627549,0.00020405626855790615,0.00020405626855790615,0.020405626855790615
Pythia_plus,98,MUR1.0_MUF1.0_PDF26121,pdf,3,0.42,0.63,0.74241703748703,0.7424184679985046,1.000001926830073,1.926830009324476e-06,1.926830009324476e-06,0.0001926830009324476
Pythia_plus,98,MUR1.0_MUF1.0_PDF26121,pdf,4,0.63,0.84,0.716408371925354,0.717240571975708,1.0011616280364193,0.0011616280535236,0.0011616280535236,0.11616280535236001
Pythia_plus,98,MUR1.0_MUF1.0_PDF26121,pdf,5,0.84,1.05,0.7636825442314148,0.7644026279449463,1.0009429097456408,0.0009429097408428788,0.0009429097408428788,0.09429097408428788
Pythia_plus,98,MUR1.0_MUF1.0_PDF26121,pdf,6,1.05,1.37,0.7446764707565308,0.7454288601875305,1.0010103574646791,0.0010103575186803937,0.0010103575186803937,0.10103575186803937
Pythia_plus,98,MUR1.0_MUF1.0_PDF26121,pdf,7,1.37,1.52,0.7529962062835693,0.7548284530639648,1.0024332749157379,0.0024332748726010323,0.0024332748726010323,0.24332748726010323
Pythia_plus,98,MUR1.0_MUF1.0_PDF26121,pdf,8,1.52,1.74,0.7522943019866943,0.7536187171936035,1.0017605014465902,0.0017605014145374298,0.0017605014145374298,0.17605014145374298
Pythia_plus,98,MUR1.0_MUF1.0_PDF26121,pdf,9,1.74,1.95,0.738723874092102,0.7398160099983215,1.0014784088405992,0.00147840881254524,0.00147840881254524,0.147840881254524
Pythia_plus,98,MUR1.0_MUF1.0_PDF26121,pdf,10,1.95,2.18,0.753097414970398,0.7538456916809082,1.0009935988301588,0.0009935988346114755,0.0009935988346114755,0.09935988346114755
Pythia_plus,98,MUR1.0_MUF1.0_PDF26121,pdf,11,2.18,2.5,0.7340506911277771,0.7352469563484192,1.0016296765810604,0.0016296765534207225,0.0016296765534207225,0.16296765534207225
Pythia_plus,99,MUR1.0_MUF1.0_PDF26122,pdf,1,0.0,0.21,0.7990407943725586,0.799453616142273,1.0005166466751407,0.0005166466580703855,0.0005166466580703855,0.051664665807038546
Pythia_plus,99,MUR1.0_MUF1.0_PDF26122,pdf,2,0.21,0.42,0.7416394948959351,0.7420750260353088,1.0005872545116208,0.0005872545298188925,0.0005872545298188925,0.05872545298188925
Pythia_plus,99,MUR1.0_MUF1.0_PDF26122,pdf,3,0.42,0.63,0.74241703748703,0.742751955986023,1.0004511190908638,0.00045111909275874496,0.00045111909275874496,0.045111909275874496
Pythia_plus,99,MUR1.0_MUF1.0_PDF26122,pdf,4,0.63,0.84,0.716408371925354,0.7170398235321045,1.0008814129363863,0.0008814129396341741,0.0008814129396341741,0.08814129396341741
Pythia_plus,99,MUR1.0_MUF1.0_PDF26122,pdf,5,0.84,1.05,0.7636825442314148,0.7645931243896484,1.0011923542905516,0.001192354247905314,0.001192354247905314,0.1192354247905314
Pythia_plus,99,MUR1.0_MUF1.0_PDF26122,pdf,6,1.05,1.37,0.7446764707565308,0.745263934135437,1.0007888840348473,0.0007888840627856553,0.0007888840627856553,0.07888840627856553
Pythia_plus,99,MUR1.0_MUF1.0_PDF26122,pdf,7,1.37,1.52,0.7529962062835693,0.7547125816345215,1.0022793944200905,0.002279394306242466,0.002279394306242466,0.2279394306242466
Pythia_plus,99,MUR1.0_MUF1.0_PDF26122,pdf,8,1.52,1.74,0.7522943019866943,0.7535201907157898,1.0016295334496859,0.0016295334789901972,0.0016295334789901972,0.16295334789901972
Pythia_plus,99,MUR1.0_MUF1.0_PDF26122,pdf,9,1.74,1.95,0.738723874092102,0.74020916223526,1.0020106134311462,0.0020106134470552206,0.0020106134470552206,0.20106134470552206
Pythia_plus,99,MUR1.0_MUF1.0_PDF26122,pdf,10,1.95,2.18,0.753097414970398,0.7542992234230042,1.0015958207115256,0.0015958207659423351,0.0015958207659423351,0.1595820765942335
Pythia_plus,99,MUR1.0_MUF1.0_PDF26122,pdf,11,2.18,2.5,0.7340506911277771,0.7347028851509094,1.0008884863552547,0.0008884863345883787,0.0008884863345883787,0.08884863345883787
Pythia_plus,100,MUR1.0_MUF1.0_PDF26123,pdf,1,0.0,0.21,0.7990407943725586,0.7994232773780823,1.0004786776948278,0.00047867768444120884,0.00047867768444120884,0.047867768444120884
Pythia_plus,100,MUR1.0_MUF1.0_PDF26123,pdf,2,0.21,0.42,0.7416394948959351,0.7420312762260437,1.0005282638435586,0.0005282638594508171,0.0005282638594508171,0.05282638594508171
Pythia_plus,100,MUR1.0_MUF1.0_PDF26123,pdf,3,0.42,0.63,0.74241703748703,0.7426621317863464,1.0003301302191905,0.00033013022039085627,0.00033013022039085627,0.03301302203908563
Pythia_plus,100,MUR1.0_MUF1.0_PDF26123,pdf,4,0.63,0.84,0.716408371925354,0.7171669602394104,1.0010588769531235,0.0010588769800961018,0.0010588769800961018,0.10588769800961018
Pythia_plus,100,MUR1.0_MUF1.0_PDF26123,pdf,5,0.84,1.05,0.7636825442314148,0.7644374370574951,1.0009884903508435,0.000988490297459066,0.000988490297459066,0.09884902974590659
Pythia_plus,100,MUR1.0_MUF1.0_PDF26123,pdf,6,1.05,1.37,0.7446764707565308,0.7452989220619202,1.0008358680982052,0.0008358681225217879,0.0008358681225217879,0.08358681225217879
Pythia_plus,100,MUR1.0_MUF1.0_PDF26123,pdf,7,1.37,1.52,0.7529962062835693,0.7545895576477051,1.0021160151284159,0.0021160151809453964,0.0021160151809453964,0.21160151809453964
Pythia_plus,100,MUR1.0_MUF1.0_PDF26123,pdf,8,1.52,1.74,0.7522943019866943,0.7533025145530701,1.001340183706979,0.001340183662250638,0.001340183662250638,0.1340183662250638
Pythia_plus,100,MUR1.0_MUF1.0_PDF26123,pdf,9,1.74,1.95,0.738723874092102,0.7395512461662292,1.0011200018073656,0.0011200017761439085,0.0011200017761439085,0.11200017761439085
Pythia_plus,100,MUR1.0_MUF1.0_PDF26123,pdf,10,1.95,2.18,0.753097414970398,0.7537283897399902,1.0008378395105992,0.0008378394995816052,0.0008378394995816052,0.08378394995816052
Pythia_plus,100,MUR1.0_MUF1.0_PDF26123,pdf,11,2.18,2.5,0.7340506911277771,0.7350229620933533,1.001324528370217,0.0013245283626019955,0.0013245283626019955,0.13245283626019955
Pythia_plus,101,MUR1.0_MUF1.0_PDF13310,pdf,1,0.0,0.21,0.7990407943725586,0.7990288138389587,0.999985006355515,-1.4993644072092138e-05,1.4993644072092138e-05,-0.0014993644072092138
Pythia_plus,101,MUR1.0_MUF1.0_PDF13310,pdf,2,0.21,0.42,0.7416394948959351,0.7416322827339172,0.9999902753803331,-9.724619303597137e-06,9.724619303597137e-06,-0.0009724619303597137
Pythia_plus,101,MUR1.0_MUF1.0_PDF13310,pdf,3,0.42,0.63,0.74241703748703,0.7424144148826599,0.9999964674781994,-3.5325217595527647e-06,3.5325217595527647e-06,-0.00035325217595527647
Pythia_plus,101,MUR1.0_MUF1.0_PDF13310,pdf,4,0.63,0.84,0.716408371925354,0.7163889408111572,0.9999728770419802,-2.712295827222988e-05,2.712295827222988e-05,-0.002712295827222988
Pythia_plus,101,MUR1.0_MUF1.0_PDF13310,pdf,5,0.84,1.05,0.7636825442314148,0.7636789679527283,0.9999953170611093,-4.682939106714912e-06,4.682939106714912e-06,-0.0004682939106714912
Pythia_plus,101,MUR1.0_MUF1.0_PDF13310,pdf,6,1.05,1.37,0.7446764707565308,0.744648277759552,0.9999621406099348,-3.78593904315494e-05,3.78593904315494e-05,-0.00378593904315494
Pythia_plus,101,MUR1.0_MUF1.0_PDF13310,pdf,7,1.37,1.52,0.7529962062835693,0.7530003786087036,1.0000055409643493,5.540964139072457e-06,5.540964139072457e-06,0.0005540964139072457
Pythia_plus,101,MUR1.0_MUF1.0_PDF13310,pdf,8,1.52,1.74,0.7522943019866943,0.7523083686828613,1.0000186983952024,1.8698394342209212e-05,1.8698394342209212e-05,0.0018698394342209212
Pythia_plus,101,MUR1.0_MUF1.0_PDF13310,pdf,9,1.74,1.95,0.738723874092102,0.738757848739624,1.0000459909970607,4.599099702318199e-05,4.599099702318199e-05,0.004599099702318199
Pythia_plus,101,MUR1.0_MUF1.0_PDF13310,pdf,10,1.95,2.18,0.753097414970398,0.753126859664917,1.0000390981218814,3.909812221536413e-05,3.909812221536413e-05,0.003909812221536413
Pythia_plus,101,MUR1.0_MUF1.0_PDF13310,pdf,11,2.18,2.5,0.7340506911277771,0.7340300679206848,0.9999719049279,-2.8095071684219874e-05,2.8095071684219874e-05,-0.0028095071684219874
Pythia_plus,102,MUR1.0_MUF1.0_PDF26124,pdf,1,0.0,0.21,0.7990407943725586,0.7992449402809143,1.000255488718215,0.0002554887323640287,0.0002554887323640287,0.02554887323640287
Pythia_plus,102,MUR1.0_MUF1.0_PDF26124,pdf,2,0.21,0.42,0.7416394948959351,0.7418035268783569,1.000221174820854,0.0002211748214904219,0.0002211748214904219,0.02211748214904219
Pythia_plus,102,MUR1.0_MUF1.0_PDF26124,pdf,3,0.42,0.63,0.74241703748703,0.7424676418304443,1.0000681616138358,6.81616147630848e-05,6.81616147630848e-05,0.00681616147630848
Pythia_plus,102,MUR1.0_MUF1.0_PDF26124,pdf,4,0.63,0.84,0.716408371925354,0.7171556353569031,1.0010430690941547,0.0010430690599605441,0.0010430690599605441,0.10430690599605441
Pythia_plus,102,MUR1.0_MUF1.0_PDF26124,pdf,5,0.84,1.05,0.7636825442314148,0.7645218372344971,1.0010990077086637,0.0010990076698362827,0.0010990076698362827,0.10990076698362827
Pythia_plus,102,MUR1.0_MUF1.0_PDF26124,pdf,6,1.05,1.37,0.7446764707565308,0.7454155087471008,1.000992428282069,0.0009924282785505056,0.0009924282785505056,0.09924282785505056
Pythia_plus,102,MUR1.0_MUF1.0_PDF26124,pdf,7,1.37,1.52,0.7529962062835693,0.7549492120742798,1.002593646255337,0.002593646291643381,0.002593646291643381,0.2593646291643381
Pythia_plus,102,MUR1.0_MUF1.0_PDF26124,pdf,8,1.52,1.74,0.7522943019866943,0.7538172602653503,1.0020244182026026,0.002024418208748102,0.002024418208748102,0.20244182087481022
Pythia_plus,102,MUR1.0_MUF1.0_PDF26124,pdf,9,1.74,1.95,0.738723874092102,0.7403376698493958,1.002184572360379,0.002184572396799922,0.002184572396799922,0.2184572396799922
Pythia_plus,102,MUR1.0_MUF1.0_PDF26124,pdf,10,1.95,2.18,0.753097414970398,0.7542867660522461,1.001579279198422,0.0015792791964486241,0.0015792791964486241,0.1579279196448624
Pythia_plus,102,MUR1.0_MUF1.0_PDF26124,pdf,11,2.18,2.5,0.7340506911277771,0.7350337505340576,1.0013392255033098,0.0013392254477366805,0.0013392254477366805,0.13392254477366805
Pythia_plus,103,MUR1.0_MUF1.0_PDF26125,pdf,1,0.0,0.21,0.7990407943725586,0.799708902835846,1.0008361381145903,0.0008361380896531045,0.0008361380896531045,0.08361380896531045
Pythia_plus,103,MUR1.0_MUF1.0_PDF26125,pdf,2,0.21,0.42,0.7416394948959351,0.7423387765884399,1.0009428862639025,0.0009428862831555307,0.0009428862831555307,0.09428862831555307
Pythia_plus,103,MUR1.0_MUF1.0_PDF26125,pdf,3,0.42,0.63,0.74241703748703,0.7428584694862366,1.000594587646723,0.0005945876473560929,0.0005945876473560929,0.05945876473560929
Pythia_plus,103,MUR1.0_MUF1.0_PDF26125,pdf,4,0.63,0.84,0.716408371925354,0.7175325751304626,1.0015692212000362,0.0015692211454734206,0.0015692211454734206,0.15692211454734206
Pythia_plus,103,MUR1.0_MUF1.0_PDF26125,pdf,5,0.84,1.05,0.7636825442314148,0.764879584312439,1.0015674576956959,0.0015674576861783862,0.0015674576861783862,0.15674576861783862
Pythia_plus,103,MUR1.0_MUF1.0_PDF26125,pdf,6,1.05,1.37,0.7446764707565308,0.7454336881637573,1.0010168407851765,0.0010168408043682575,0.0010168408043682575,0.10168408043682575
Pythia_plus,103,MUR1.0_MUF1.0_PDF26125,pdf,7,1.37,1.52,0.7529962062835693,0.7551061511039734,1.0028020656715095,0.002802065573632717,0.002802065573632717,0.2802065573632717
Pythia_plus,103,MUR1.0_MUF1.0_PDF26125,pdf,8,1.52,1.74,0.7522943019866943,0.7534851431846619,1.0015829459226564,0.001582945929840207,0.001582945929840207,0.1582945929840207
Pythia_plus,103,MUR1.0_MUF1.0_PDF26125,pdf,9,1.74,1.95,0.738723874092102,0.7398022413253784,1.0014597703838957,0.0014597703702747822,0.0014597703702747822,0.14597703702747822
Pythia_plus,103,MUR1.0_MUF1.0_PDF26125,pdf,10,1.95,2.18,0.753097414970398,0.753637433052063,1.000717062721144,0.0007170627359300852,0.0007170627359300852,0.07170627359300852
Pythia_plus,103,MUR1.0_MUF1.0_PDF26125,pdf,11,2.18,2.5,0.7340506911277771,0.7347174882888794,1.0009083802646896,0.000908380257897079,0.000908380257897079,0.0908380257897079
Pythia_plus,104,MUR1.0_MUF1.0_PDF26126,pdf,1,0.0,0.21,0.7990407943725586,0.79873126745224,0.9996126268865138,-0.0003873731184285134,0.0003873731184285134,-0.03873731184285134
Pythia_plus,104,MUR1.0_MUF1.0_PDF26126,pdf,2,0.21,0.42,0.7416394948959351,0.7412453293800354,0.9994685214061382,-0.000531478610355407,0.000531478610355407,-0.0531478610355407
Pythia_plus,104,MUR1.0_MUF1.0_PDF26126,pdf,3,0.42,0.63,0.74241703748703,0.742066502571106,0.9995278463475049,-0.0004721536533907056,0.0004721536533907056,-0.04721536533907056
Pythia_plus,104,MUR1.0_MUF1.0_PDF26126,pdf,4,0.63,0.84,0.716408371925354,0.7165771126747131,1.0002355370986322,0.00023553709615953267,0.00023553709615953267,0.023553709615953267
Pythia_plus,104,MUR1.0_MUF1.0_PDF26126,pdf,5,0.84,1.05,0.7636825442314148,0.7638223767280579,1.000183102910626,0.0001831029076129198,0.0001831029076129198,0.01831029076129198
Pythia_plus,104,MUR1.0_MUF1.0_PDF26126,pdf,6,1.05,1.37,0.7446764707565308,0.7451900839805603,1.0006897132435348,0.0006897132261656225,0.0006897132261656225,0.06897132261656225
Pythia_plus,104,MUR1.0_MUF1.0_PDF26126,pdf,7,1.37,1.52,0.7529962062835693,0.7542118430137634,1.0016143995415248,0.0016143994871526957,0.0016143994871526957,0.16143994871526957
Pythia_plus,104,MUR1.0_MUF1.0_PDF26126,pdf,8,1.52,1.74,0.7522943019866943,0.753617525100708,1.0017589168368273,0.0017589168855920434,0.0017589168855920434,0.17589168855920434
Pythia_plus,104,MUR1.0_MUF1.0_PDF26126,pdf,9,1.74,1.95,0.738723874092102,0.7401158809661865,1.0018843399041288,0.0018843399593606591,0.0018843399593606591,0.1884339959360659
Pythia_plus,104,MUR1.0_MUF1.0_PDF26126,pdf,10,1.95,2.18,0.753097414970398,0.754481315612793,1.0018376117284236,0.001837611780501902,0.001837611780501902,0.1837611780501902
Pythia_plus,104,MUR1.0_MUF1.0_PDF26126,pdf,11,2.18,2.5,0.7340506911277771,0.735379695892334,1.0018105081578426,0.0018105081981047988,0.0018105081981047988,0.18105081981047988
Pythia_plus,105,MUR1.0_MUF1.0_PDF26127,pdf,1,0.0,0.21,0.7990407943725586,0.799341082572937,1.0003758108503262,0.0003758108359761536,0.0003758108359761536,0.03758108359761536
Pythia_plus,105,MUR1.0_MUF1.0_PDF26127,pdf,2,0.21,0.42,0.7416394948959351,0.7419165968894958,1.000373634353979,0.0003736343642231077,0.0003736343642231077,0.03736343642231077
Pythia_plus,105,MUR1.0_MUF1.0_PDF26127,pdf,3,0.42,0.63,0.74241703748703,0.7425363063812256,1.0001606494573445,0.00016064946248661727,0.00016064946248661727,0.016064946248661727
Pythia_plus,105,MUR1.0_MUF1.0_PDF26127,pdf,4,0.63,0.84,0.716408371925354,0.717293918132782,1.0012360913720872,0.0012360913679003716,0.0012360913679003716,0.12360913679003716
Pythia_plus,105,MUR1.0_MUF1.0_PDF26127,pdf,5,0.84,1.05,0.7636825442314148,0.7645859718322754,1.00118298841277,0.0011829884024336934,0.0011829884024336934,0.11829884024336934
Pythia_plus,105,MUR1.0_MUF1.0_PDF26127,pdf,6,1.05,1.37,0.7446764707565308,0.7454487085342407,1.001037011115613,0.001037011155858636,0.001037011155858636,0.10370111558586359
Pythia_plus,105,MUR1.0_MUF1.0_PDF26127,pdf,7,1.37,1.52,0.7529962062835693,0.7549727559089661,1.0026249131255947,0.0026249131187796593,0.0026249131187796593,0.2624913118779659
Pythia_plus,105,MUR1.0_MUF1.0_PDF26127,pdf,8,1.52,1.74,0.7522943019866943,0.753690779209137,1.0018562911067581,0.001856291084550321,0.001856291084550321,0.1856291084550321
Pythia_plus,105,MUR1.0_MUF1.0_PDF26127,pdf,9,1.74,1.95,0.738723874092102,0.7400402426719666,1.0017819494211992,0.0017819494241848588,0.0017819494241848588,0.17819494241848588
Pythia_plus,105,MUR1.0_MUF1.0_PDF26127,pdf,10,1.95,2.18,0.753097414970398,0.7539582252502441,1.0011430264700616,0.0011430265149101615,0.0011430265149101615,0.11430265149101615
Pythia_plus,105,MUR1.0_MUF1.0_PDF26127,pdf,11,2.18,2.5,0.7340506911277771,0.735020637512207,1.0013213615846335,0.0013213616330176592,0.0013213616330176592,0.13213616330176592
Pythia_plus,106,MUR1.0_MUF1.0_PDF26128,pdf,1,0.0,0.21,0.7990407943725586,0.7993493676185608,1.000386179589547,0.0003861795994453132,0.0003861795994453132,0.03861795994453132
Pythia_plus,106,MUR1.0_MUF1.0_PDF26128,pdf,2,0.21,0.42,0.7416394948959351,0.7419370412826538,1.0004012008378282,0.00040120084304362535,0.00040120084304362535,0.040120084304362535
Pythia_plus,106,MUR1.0_MUF1.0_PDF26128,pdf,3,0.42,0.63,0.74241703748703,0.7426087260246277,1.0002581952297949,0.00025819524307735264,0.00025819524307735264,0.025819524307735264
Pythia_plus,106,MUR1.0_MUF1.0_PDF26128,pdf,4,0.63,0.84,0.716408371925354,0.7170832753181458,1.0009420651952712,0.0009420652058906853,0.0009420652058906853,0.09420652058906853
Pythia_plus,106,MUR1.0_MUF1.0_PDF26128,pdf,5,0.84,1.05,0.7636825442314148,0.7644429206848145,1.0009956708571426,0.000995670910924673,0.000995670910924673,0.09956709109246731
Pythia_plus,106,MUR1.0_MUF1.0_PDF26128,pdf,6,1.05,1.37,0.7446764707565308,0.7453234195709229,1.000868764946655,0.0008687649387866259,0.0008687649387866259,0.08687649387866259
Pythia_plus,106,MUR1.0_MUF1.0_PDF26128,pdf,7,1.37,1.52,0.7529962062835693,0.7546718716621399,1.002225330439367,0.0022253303322941065,0.0022253303322941065,0.22253303322941065
Pythia_plus,106,MUR1.0_MUF1.0_PDF26128,pdf,8,1.52,1.74,0.7522943019866943,0.7535297274589539,1.001642210327789,0.0016422102926298976,0.0016422102926298976,0.16422102926298976
Pythia_plus,106,MUR1.0_MUF1.0_PDF26128,pdf,9,1.74,1.95,0.738723874092102,0.7399487495422363,1.0016580964729747,0.001658096443861723,0.001658096443861723,0.1658096443861723
Pythia_plus,106,MUR1.0_MUF1.0_PDF26128,pdf,10,1.95,2.18,0.753097414970398,0.7541128993034363,1.0013484103289323,0.001348410383798182,0.001348410383798182,0.1348410383798182
Pythia_plus,106,MUR1.0_MUF1.0_PDF26128,pdf,11,2.18,2.5,0.7340506911277771,0.7350700497627258,1.001388676078191,0.0013886761153116822,0.0013886761153116822,0.13886761153116822
Pythia_plus,107,MUR1.0_MUF1.0_PDF26129,pdf,1,0.0,0.21,0.7990407943725586,0.799495279788971,1.0005687887522303,0.0005687887314707041,0.0005687887314707041,0.05687887314707041
Pythia_plus,107,MUR1.0_MUF1.0_PDF26129,pdf,2,0.21,0.42,0.7416394948959351,0.7420846223831177,1.0006001938815907,0.0006001938600093126,0.0006001938600093126,0.06001938600093126
Pythia_plus,107,MUR1.0_MUF1.0_PDF26129,pdf,3,0.42,0.63,0.74241703748703,0.742693305015564,1.0003721190578667,0.0003721190441865474,0.0003721190441865474,0.03721190441865474
Pythia_plus,107,MUR1.0_MUF1.0_PDF26129,pdf,4,0.63,0.84,0.716408371925354,0.717417299747467,1.0014083138355874,0.0014083138667047024,0.0014083138667047024,0.14083138667047024
Pythia_plus,107,MUR1.0_MUF1.0_PDF26129,pdf,5,0.84,1.05,0.7636825442314148,0.7646832466125488,1.001310364350597,0.001310364343225956,0.001310364343225956,0.1310364343225956
Pythia_plus,107,MUR1.0_MUF1.0_PDF26129,pdf,6,1.05,1.37,0.7446764707565308,0.745530903339386,1.0011473876460568,0.0011473876656964421,0.0011473876656964421,0.11473876656964421
Pythia_plus,107,MUR1.0_MUF1.0_PDF26129,pdf,7,1.37,1.52,0.7529962062835693,0.7550657391548157,1.0027483974739535,0.0027483974117785692,0.0027483974117785692,0.2748397411778569
Pythia_plus,107,MUR1.0_MUF1.0_PDF26129,pdf,8,1.52,1.74,0.7522943019866943,0.7536510229110718,1.001803444371165,0.001803444349206984,0.001803444349206984,0.1803444349206984
Pythia_plus,107,MUR1.0_MUF1.0_PDF26129,pdf,9,1.74,1.95,0.738723874092102,0.7398388385772705,1.0015093115631857,0.0015093116089701653,0.0015093116089701653,0.15093116089701653
Pythia_plus,107,MUR1.0_MUF1.0_PDF26129,pdf,10,1.95,2.18,0.753097414970398,0.7538744807243347,1.0010318263460873,0.0010318263666704297,0.0010318263666704297,0.10318263666704297
Pythia_plus,107,MUR1.0_MUF1.0_PDF26129,pdf,11,2.18,2.5,0.7340506911277771,0.7352865934371948,1.0016836743352409,0.0016836742870509624,0.0016836742870509624,0.16836742870509624
Pythia_plus,108,MUR1.0_MUF1.0_PDF26130,pdf,1,0.0,0.21,0.7990407943725586,0.7990843057632446,1.0000544545297216,5.445452916319482e-05,5.445452916319482e-05,0.005445452916319482
Pythia_plus,108,MUR1.0_MUF1.0_PDF26130,pdf,2,0.21,0.42,0.7416394948959351,0.741648256778717,1.000011814207364,1.1814207027782686e-05,1.1814207027782686e-05,0.0011814207027782686
Pythia_plus,108,MUR1.0_MUF1.0_PDF26130,pdf,3,0.42,0.63,0.74241703748703,0.7423550486564636,0.9999165040301659,-8.349597192136571e-05,8.349597192136571e-05,-0.00834959719213657
Pythia_plus,108,MUR1.0_MUF1.0_PDF26130,pdf,4,0.63,0.84,0.716408371925354,0.7167856097221375,1.00052656810217,0.0005265680956654251,0.0005265680956654251,0.052656809566542506
Pythia_plus,108,MUR1.0_MUF1.0_PDF26130,pdf,5,0.84,1.05,0.7636825442314148,0.7641777992248535,1.0006485089873793,0.0006485090125352144,0.0006485090125352144,0.06485090125352144
Pythia_plus,108,MUR1.0_MUF1.0_PDF26130,pdf,6,1.05,1.37,0.7446764707565308,0.7451121211051941,1.0005850196236505,0.0005850196466781199,0.0005850196466781199,0.05850196466781199
Pythia_plus,108,MUR1.0_MUF1.0_PDF26130,pdf,7,1.37,1.52,0.7529962062835693,0.7543509006500244,1.0017990719676282,0.001799072022549808,0.001799072022549808,0.1799072022549808
Pythia_plus,108,MUR1.0_MUF1.0_PDF26130,pdf,8,1.52,1.74,0.7522943019866943,0.7534618377685547,1.0015519668017916,0.0015519667649641633,0.0015519667649641633,0.15519667649641633
Pythia_plus,108,MUR1.0_MUF1.0_PDF26130,pdf,9,1.74,1.95,0.738723874092102,0.7401418685913086,1.0019195189825822,0.0019195190398022532,0.0019195190398022532,0.19195190398022532
Pythia_plus,108,MUR1.0_MUF1.0_PDF26130,pdf,10,1.95,2.18,0.753097414970398,0.7542276978492737,1.0015008455166723,0.001500845537520945,0.001500845537520945,0.1500845537520945
Pythia_plus,108,MUR1.0_MUF1.0_PDF26130,pdf,11,2.18,2.5,0.7340506911277771,0.7346495389938354,1.0008158126860944,0.0008158126729540527,0.0008158126729540527,0.08158126729540527
Pythia_plus,109,MUR1.0_MUF1.0_PDF26131,pdf,1,0.0,0.21,0.7990407943725586,0.7987220883369446,0.9996011392185998,-0.00039886077865958214,0.00039886077865958214,-0.039886077865958214
Pythia_plus,109,MUR1.0_MUF1.0_PDF26131,pdf,2,0.21,0.42,0.7416394948959351,0.741202712059021,0.9994110577444701,-0.0005889422609470785,0.0005889422609470785,-0.05889422609470785
Pythia_plus,109,MUR1.0_MUF1.0_PDF26131,pdf,3,0.42,0.63,0.74241703748703,0.7419233918190002,0.9993350830556089,-0.0006649169372394681,0.0006649169372394681,-0.06649169372394681
Pythia_plus,109,MUR1.0_MUF1.0_PDF26131,pdf,4,0.63,0.84,0.716408371925354,0.7165947556495667,1.0002601640789202,0.0002601640881039202,0.0002601640881039202,0.026016408810392022
Pythia_plus,109,MUR1.0_MUF1.0_PDF26131,pdf,5,0.84,1.05,0.7636825442314148,0.763597309589386,0.9998883899564385,-0.00011161004658788443,0.00011161004658788443,-0.011161004658788443
Pythia_plus,109,MUR1.0_MUF1.0_PDF26131,pdf,6,1.05,1.37,0.7446764707565308,0.745018720626831,1.000459595386373,0.00045959537965245545,0.00045959537965245545,0.045959537965245545
Pythia_plus,109,MUR1.0_MUF1.0_PDF26131,pdf,7,1.37,1.52,0.7529962062835693,0.7538896799087524,1.0011865579371149,0.0011865579290315509,0.0011865579290315509,0.11865579290315509
Pythia_plus,109,MUR1.0_MUF1.0_PDF26131,pdf,8,1.52,1.74,0.7522943019866943,0.753333568572998,1.0013814627913027,0.0013814627891406417,0.0013814627891406417,0.13814627891406417
Pythia_plus,109,MUR1.0_MUF1.0_PDF26131,pdf,9,1.74,1.95,0.738723874092102,0.7396215200424194,1.0012151305539172,0.0012151305563747883,0.0012151305563747883,0.12151305563747883
Pythia_plus,109,MUR1.0_MUF1.0_PDF26131,pdf,10,1.95,2.18,0.753097414970398,0.7539883852005005,1.0011830743438916,0.0011830743169412017,0.0011830743169412017,0.11830743169412017
Pythia_plus,109,MUR1.0_MUF1.0_PDF26131,pdf,11,2.18,2.5,0.7340506911277771,0.7352465391159058,1.001629108183648,0.0016291082138195634,0.0016291082138195634,0.16291082138195634
Pythia_plus,110,MUR1.0_MUF1.0_PDF26132,pdf,1,0.0,0.21,0.7990407943725586,0.7998472452163696,1.0010092736810068,0.001009273692034185,0.001009273692034185,0.1009273692034185
Pythia_plus,110,MUR1.0_MUF1.0_PDF26132,pdf,2,0.21,0.42,0.7416394948959351,0.7425159811973572,1.0011818225801812,0.0011818226194009185,0.0011818226194009185,0.11818226194009185
Pythia_plus,110,MUR1.0_MUF1.0_PDF26132,pdf,3,0.42,0.63,0.74241703748703,0.7431026697158813,1.000923513597118,0.0009235136094503105,0.0009235136094503105,0.09235136094503105
Pythia_plus,110,MUR1.0_MUF1.0_PDF26132,pdf,4,0.63,0.84,0.716408371925354,0.7176298499107361,1.0017050023886507,0.0017050023889169097,0.0017050023889169097,0.17050023889169097
Pythia_plus,110,MUR1.0_MUF1.0_PDF26132,pdf,5,0.84,1.05,0.7636825442314148,0.7652245759963989,1.0020192052006847,0.002019205130636692,0.002019205130636692,0.2019205130636692
Pythia_plus,110,MUR1.0_MUF1.0_PDF26132,pdf,6,1.05,1.37,0.7446764707565308,0.7456332445144653,1.0012848180324034,0.0012848180485889316,0.0012848180485889316,0.12848180485889316
Pythia_plus,110,MUR1.0_MUF1.0_PDF26132,pdf,7,1.37,1.52,0.7529962062835693,0.7555019855499268,1.0033277448750038,0.0033277447801083326,0.0033277447801083326,0.33277447801083326
Pythia_plus,110,MUR1.0_MUF1.0_PDF26132,pdf,8,1.52,1.74,0.7522943019866943,0.7537482380867004,1.00193266929733,0.0019326693145558238,0.0019326693145558238,0.19326693145558238
Pythia_plus,110,MUR1.0_MUF1.0_PDF26132,pdf,9,1.74,1.95,0.738723874092102,0.7402416467666626,1.002054587279213,0.0020545872393995523,0.0020545872393995523,0.20545872393995523
Pythia_plus,110,MUR1.0_MUF1.0_PDF26132,pdf,10,1.95,2.18,0.753097414970398,0.7540175914764404,1.00122185588179,0.0012218558695167303,0.0012218558695167303,0.12218558695167303
Pythia_plus,110,MUR1.0_MUF1.0_PDF26132,pdf,11,2.18,2.5,0.7340506911277771,0.7347660660743713,1.0009745579634224,0.000974557944573462,0.000974557944573462,0.0974557944573462
Pythia_plus,111,MUR1.0_MUF1.0_PDF26133,pdf,1,0.0,0.21,0.7990407943725586,0.799225389957428,1.0002310214774632,0.00023102147679310292,0.00023102147679310292,0.023102147679310292
Pythia_plus,111,MUR1.0_MUF1.0_PDF26133,pdf,2,0.21,0.42,0.7416394948959351,0.7417871952056885,1.0001991537812778,0.00019915378652513027,0.00019915378652513027,0.019915378652513027
Pythia_plus,111,MUR1.0_MUF1.0_PDF26133,pdf,3,0.42,0.63,0.74241703748703,0.7424687743186951,1.000069687020977,6.968701927689835e-05,6.968701927689835e-05,0.006968701927689835
Pythia_plus,111,MUR1.0_MUF1.0_PDF26133,pdf,4,0.63,0.84,0.716408371925354,0.7169938087463379,1.0008171831094193,0.0008171831141225994,0.0008171831141225994,0.08171831141225994
Pythia_plus,111,MUR1.0_MUF1.0_PDF26133,pdf,5,0.84,1.05,0.7636825442314148,0.7642261981964111,1.0007118847603667,0.0007118847570382059,0.0007118847570382059,0.07118847570382059
Pythia_plus,111,MUR1.0_MUF1.0_PDF26133,pdf,6,1.05,1.37,0.7446764707565308,0.7452757954597473,1.0008048121926125,0.0008048121817409992,0.0008048121817409992,0.08048121817409992
Pythia_plus,111,MUR1.0_MUF1.0_PDF26133,pdf,7,1.37,1.52,0.7529962062835693,0.754473090171814,1.001961343066433,0.001961342990398407,0.001961342990398407,0.1961342990398407
Pythia_plus,111,MUR1.0_MUF1.0_PDF26133,pdf,8,1.52,1.74,0.7522943019866943,0.7534481883049011,1.0015338230200064,0.0015338229713961482,0.0015338229713961482,0.15338229713961482
Pythia_plus,111,MUR1.0_MUF1.0_PDF26133,pdf,9,1.74,1.95,0.738723874092102,0.7397308945655823,1.0013631892900685,0.0013631893089041114,0.0013631893089041114,0.13631893089041114
Pythia_plus,111,MUR1.0_MUF1.0_PDF26133,pdf,10,1.95,2.18,0.753097414970398,0.754019558429718,1.0012244676996485,0.0012244676472619176,0.0012244676472619176,0.12244676472619176
Pythia_plus,111,MUR1.0_MUF1.0_PDF26133,pdf,11,2.18,2.5,0.7340506911277771,0.7352830171585083,1.0016788023574201,0.0016788023058325052,0.0016788023058325052,0.16788023058325052
Pythia_plus,112,MUR0.5_MUF1.0_PDF13300,scale,1,0.0,0.21,0.7990407943725586,0.7993049621582031,1.0003306061311326,0.0003306061262264848,0.0003306061262264848,0.03306061262264848
Pythia_plus,112,MUR0.5_MUF1.0_PDF13300,scale,2,0.21,0.42,0.7416394948959351,0.7419838309288025,1.0004642903125267,0.00046429032227024436,0.00046429032227024436,0.046429032227024436
Pythia_plus,112,MUR0.5_MUF1.0_PDF13300,scale,3,0.42,0.63,0.74241703748703,0.7426844835281372,1.0003602369390827,0.00036023693974129856,0.00036023693974129856,0.036023693974129856
Pythia_plus,112,MUR0.5_MUF1.0_PDF13300,scale,4,0.63,0.84,0.716408371925354,0.7166454792022705,1.000330966647248,0.00033096663537435234,0.00033096663537435234,0.033096663537435234
Pythia_plus,112,MUR0.5_MUF1.0_PDF13300,scale,5,0.84,1.05,0.7636825442314148,0.7640703320503235,1.000507786673714,0.0005077866953797638,0.0005077866953797638,0.050778669537976384
Pythia_plus,112,MUR0.5_MUF1.0_PDF13300,scale,6,1.05,1.37,0.7446764707565308,0.7448359727859497,1.0002141896993963,0.0002141896984539926,0.0002141896984539926,0.02141896984539926
Pythia_plus,112,MUR0.5_MUF1.0_PDF13300,scale,7,1.37,1.52,0.7529962062835693,0.7533522844314575,1.0004728817289075,0.00047288171481341124,0.00047288171481341124,0.047288171481341124
Pythia_plus,112,MUR0.5_MUF1.0_PDF13300,scale,8,1.52,1.74,0.7522943019866943,0.7526342272758484,1.0004518514738932,0.0004518514615483582,0.0004518514615483582,0.04518514615483582
Pythia_plus,112,MUR0.5_MUF1.0_PDF13300,scale,9,1.74,1.95,0.738723874092102,0.7389420866966248,1.0002953912986647,0.0002953913062810898,0.0002953913062810898,0.02953913062810898
Pythia_plus,112,MUR0.5_MUF1.0_PDF13300,scale,10,1.95,2.18,0.753097414970398,0.7532060742378235,1.0001442831501817,0.00014428315625991672,0.00014428315625991672,0.014428315625991672
Pythia_plus,112,MUR0.5_MUF1.0_PDF13300,scale,11,2.18,2.5,0.7340506911277771,0.7342722415924072,1.0003018190259991,0.0003018190327566117,0.0003018190327566117,0.03018190327566117
Pythia_plus,113,MUR1.0_MUF1.0_PDF13311,pdf,1,0.0,0.21,0.7990407943725586,0.7990266680717468,0.999982320926652,-1.7679072698228993e-05,1.7679072698228993e-05,-0.0017679072698228993
Pythia_plus,113,MUR1.0_MUF1.0_PDF13311,pdf,2,0.21,0.42,0.7416394948959351,0.741631805896759,0.9999896324302725,-1.0367569302616175e-05,1.0367569302616175e-05,-0.0010367569302616175
Pythia_plus,113,MUR1.0_MUF1.0_PDF13311,pdf,3,0.42,0.63,0.74241703748703,0.7424132823944092,0.9999949420710581,-5.05792877447675e-06,5.05792877447675e-06,-0.000505792877447675
Pythia_plus,113,MUR1.0_MUF1.0_PDF13311,pdf,4,0.63,0.84,0.716408371925354,0.7163881659507751,0.9999717954516297,-2.8204547561472282e-05,2.8204547561472282e-05,-0.002820454756147228
Pythia_plus,113,MUR1.0_MUF1.0_PDF13311,pdf,5,0.84,1.05,0.7636825442314148,0.7636796832084656,0.9999962536488874,-3.746351012523519e-06,3.746351012523519e-06,-0.0003746351012523519
Pythia_plus,113,MUR1.0_MUF1.0_PDF13311,pdf,6,1.05,1.37,0.7446764707565308,0.7446498870849609,0.9999643017167673,-3.569828186300583e-05,3.569828186300583e-05,-0.003569828186300583
Pythia_plus,113,MUR1.0_MUF1.0_PDF13311,pdf,7,1.37,1.52,0.7529962062835693,0.752998411655426,1.000002928795442,2.928795538537088e-06,2.928795538537088e-06,0.0002928795538537088
Pythia_plus,113,MUR1.0_MUF1.0_PDF13311,pdf,8,1.52,1.74,0.7522943019866943,0.7523077130317688,1.0000178268598328,1.7826860130298883e-05,1.7826860130298883e-05,0.0017826860130298883
Pythia_plus,113,MUR1.0_MUF1.0_PDF13311,pdf,9,1.74,1.95,0.738723874092102,0.7387603521347046,1.0000493798073704,4.9379807023797184e-05,4.9379807023797184e-05,0.004937980702379718
Pythia_plus,113,MUR1.0_MUF1.0_PDF13311,pdf,10,1.95,2.18,0.753097414970398,0.7531293630599976,1.0000424222537012,4.242225259076804e-05,4.242225259076804e-05,0.004242225259076804
Pythia_plus,113,MUR1.0_MUF1.0_PDF13311,pdf,11,2.18,2.5,0.7340506911277771,0.734028697013855,0.999970037336402,-2.9962664484628476e-05,2.9962664484628476e-05,-0.0029962664484628476
Pythia_plus,114,MUR1.0_MUF1.0_PDF26134,pdf,1,0.0,0.21,0.7990407943725586,0.7994692325592041,1.0005361906296435,0.000536190636921674,0.000536190636921674,0.0536190636921674
Pythia_plus,114,MUR1.0_MUF1.0_PDF26134,pdf,2,0.21,0.42,0.7416394948959351,0.74208003282547,1.0005940054872573,0.0005940055125392973,0.0005940055125392973,0.059400551253929734
Pythia_plus,114,MUR1.0_MUF1.0_PDF26134,pdf,3,0.42,0.63,0.74241703748703,0.7426812052726746,1.0003558212868318,0.00035582127748057246,0.00035582127748057246,0.035582127748057246
Pythia_plus,114,MUR1.0_MUF1.0_PDF26134,pdf,4,0.63,0.84,0.716408371925354,0.7173882722854614,1.001367795797073,0.0013677957467734814,0.0013677957467734814,0.13677957467734814
Pythia_plus,114,MUR1.0_MUF1.0_PDF26134,pdf,5,0.84,1.05,0.7636825442314148,0.7648466229438782,1.00152429660892,0.0015242965891957283,0.0015242965891957283,0.15242965891957283
Pythia_plus,114,MUR1.0_MUF1.0_PDF26134,pdf,6,1.05,1.37,0.7446764707565308,0.7454772591590881,1.001075350751641,0.0010753507958725095,0.0010753507958725095,0.10753507958725095
Pythia_plus,114,MUR1.0_MUF1.0_PDF26134,pdf,7,1.37,1.52,0.7529962062835693,0.7552251815795898,1.0029601414687355,0.0029601415153592825,0.0029601415153592825,0.29601415153592825
Pythia_plus,114,MUR1.0_MUF1.0_PDF26134,pdf,8,1.52,1.74,0.7522943019866943,0.7537660002708435,1.0019562799827975,0.0019562800880521536,0.0019562800880521536,0.19562800880521536
Pythia_plus,114,MUR1.0_MUF1.0_PDF26134,pdf,9,1.74,1.95,0.738723874092102,0.7403396964073181,1.0021873156830108,0.002187315607443452,0.002187315607443452,0.2187315607443452
Pythia_plus,114,MUR1.0_MUF1.0_PDF26134,pdf,10,1.95,2.18,0.753097414970398,0.754047155380249,1.001261112295663,0.001261112280189991,0.001261112280189991,0.1261112280189991
Pythia_plus,114,MUR1.0_MUF1.0_PDF26134,pdf,11,2.18,2.5,0.7340506911277771,0.7346279621124268,1.0007864184199087,0.0007864184444770217,0.0007864184444770217,0.07864184444770217
Pythia_plus,115,MUR1.0_MUF1.0_PDF26135,pdf,1,0.0,0.21,0.7990407943725586,0.7992511987686157,1.0002633212190652,0.0002633212134242058,0.0002633212134242058,0.026332121342420578
Pythia_plus,115,MUR1.0_MUF1.0_PDF26135,pdf,2,0.21,0.42,0.7416394948959351,0.7418236136436462,1.0002482590921578,0.00024825907894410193,0.00024825907894410193,0.024825907894410193
Pythia_plus,115,MUR1.0_MUF1.0_PDF26135,pdf,3,0.42,0.63,0.74241703748703,0.7424964904785156,1.0001070193536432,0.00010701935389079154,0.00010701935389079154,0.010701935389079154
Pythia_plus,115,MUR1.0_MUF1.0_PDF26135,pdf,4,0.63,0.84,0.716408371925354,0.7170436382293701,1.000886737688881,0.0008867376600392163,0.0008867376600392163,0.08867376600392163
Pythia_plus,115,MUR1.0_MUF1.0_PDF26135,pdf,5,0.84,1.05,0.7636825442314148,0.764341413974762,1.0008627534416283,0.0008627534261904657,0.0008627534261904657,0.08627534261904657
Pythia_plus,115,MUR1.0_MUF1.0_PDF26135,pdf,6,1.05,1.37,0.7446764707565308,0.745302140712738,1.0008401903118702,0.0008401903323829174,0.0008401903323829174,0.08401903323829174
Pythia_plus,115,MUR1.0_MUF1.0_PDF26135,pdf,7,1.37,1.52,0.7529962062835693,0.7546103596687317,1.0021436407935294,0.0021436407696455717,0.0021436407696455717,0.21436407696455717
Pythia_plus,115,MUR1.0_MUF1.0_PDF26135,pdf,8,1.52,1.74,0.7522943019866943,0.7535236477851868,1.0016341288179984,0.0016341288574039936,0.0016341288574039936,0.16341288574039936
Pythia_plus,115,MUR1.0_MUF1.0_PDF26135,pdf,9,1.74,1.95,0.738723874092102,0.7399139404296875,1.0016109758724774,0.0016109758289530873,0.0016109758289530873,0.16109758289530873
Pythia_plus,115,MUR1.0_MUF1.0_PDF26135,pdf,10,1.95,2.18,0.753097414970398,0.7540708780288696,1.0012926124019559,0.0012926124036312103,0.0012926124036312103,0.12926124036312103
Pythia_plus,115,MUR1.0_MUF1.0_PDF26135,pdf,11,2.18,2.5,0.7340506911277771,0.7350971698760986,1.0014256219099988,0.001425621914677322,0.001425621914677322,0.1425621914677322
Pythia_plus,116,MUR1.0_MUF1.0_PDF26136,pdf,1,0.0,0.21,0.7990407943725586,0.7995606064796448,1.000650545142059,0.0006505451165139675,0.0006505451165139675,0.06505451165139675
Pythia_plus,116,MUR1.0_MUF1.0_PDF26136,pdf,2,0.21,0.42,0.7416394948959351,0.7421674728393555,1.000711906454624,0.0007119064684957266,0.0007119064684957266,0.07119064684957266
Pythia_plus,116,MUR1.0_MUF1.0_PDF26136,pdf,3,0.42,0.63,0.74241703748703,0.7427555918693542,1.0004560164506329,0.00045601645251736045,0.00045601645251736045,0.045601645251736045
Pythia_plus,116,MUR1.0_MUF1.0_PDF26136,pdf,4,0.63,0.84,0.716408371925354,0.7174850702285767,1.0015029113916258,0.0015029114438220859,0.0015029114438220859,0.15029114438220859
Pythia_plus,116,MUR1.0_MUF1.0_PDF26136,pdf,5,0.84,1.05,0.7636825442314148,0.7648852467536926,1.0015748723489395,0.0015748722944408655,0.0015748722944408655,0.15748722944408655
Pythia_plus,116,MUR1.0_MUF1.0_PDF26136,pdf,6,1.05,1.37,0.7446764707565308,0.7455445528030396,1.0011657170336359,0.0011657170252874494,0.0011657170252874494,0.11657170252874494
Pythia_plus,116,MUR1.0_MUF1.0_PDF26136,pdf,7,1.37,1.52,0.7529962062835693,0.7552558779716492,1.0030009071350205,0.0030009071342647076,0.0030009071342647076,0.30009071342647076
Pythia_plus,116,MUR1.0_MUF1.0_PDF26136,pdf,8,1.52,1.74,0.7522943019866943,0.75377357006073,1.001966342254792,0.001966342329978943,0.001966342329978943,0.1966342329978943
Pythia_plus,116,MUR1.0_MUF1.0_PDF26136,pdf,9,1.74,1.95,0.738723874092102,0.7401788830757141,1.0019696249635905,0.0019696250092238188,0.0019696250092238188,0.19696250092238188
Pythia_plus,116,MUR1.0_MUF1.0_PDF26136,pdf,10,1.95,2.18,0.753097414970398,0.753977358341217,1.001168432334685,0.0011684322962537408,0.0011684322962537408,0.11684322962537408
Pythia_plus,116,MUR1.0_MUF1.0_PDF26136,pdf,11,2.18,2.5,0.7340506911277771,0.7348892092704773,1.0011423163997188,0.0011423163814470172,0.0011423163814470172,0.11423163814470172
Pythia_plus,117,MUR1.0_MUF1.0_PDF26137,pdf,1,0.0,0.21,0.7990407943725586,0.7993186116218567,1.0003476884425109,0.0003476884448900819,0.0003476884448900819,0.03476884448900819
Pythia_plus,117,MUR1.0_MUF1.0_PDF26137,pdf,2,0.21,0.42,0.7416394948959351,0.7418941259384155,1.0003433353323723,0.0003433353267610073,0.0003433353267610073,0.03433353267610073
Pythia_plus,117,MUR1.0_MUF1.0_PDF26137,pdf,3,0.42,0.63,0.74241703748703,0.7425515651702881,1.0001812023114576,0.00018120231106877327,0.00018120231106877327,0.018120231106877327
Pythia_plus,117,MUR1.0_MUF1.0_PDF26137,pdf,4,0.63,0.84,0.716408371925354,0.7171451449394226,1.0010284260247944,0.0010284259915351868,0.0010284259915351868,0.10284259915351868
Pythia_plus,117,MUR1.0_MUF1.0_PDF26137,pdf,5,0.84,1.05,0.7636825442314148,0.7644280791282654,1.0009762366607462,0.0009762366535142064,0.0009762366535142064,0.09762366535142064
Pythia_plus,117,MUR1.0_MUF1.0_PDF26137,pdf,6,1.05,1.37,0.7446764707565308,0.7453866004943848,1.000953608400078,0.000953608425334096,0.000953608425334096,0.0953608425334096
Pythia_plus,117,MUR1.0_MUF1.0_PDF26137,pdf,7,1.37,1.52,0.7529962062835693,0.7547591328620911,1.0023412157509035,0.002341215731576085,0.002341215731576085,0.2341215731576085
Pythia_plus,117,MUR1.0_MUF1.0_PDF26137,pdf,8,1.52,1.74,0.7522943019866943,0.7535971403121948,1.0017318200098817,0.001731820055283606,0.001731820055283606,0.1731820055283606
Pythia_plus,117,MUR1.0_MUF1.0_PDF26137,pdf,9,1.74,1.95,0.738723874092102,0.7399066090583801,1.0016010514994276,0.001601051539182663,0.001601051539182663,0.1601051539182663
Pythia_plus,117,MUR1.0_MUF1.0_PDF26137,pdf,10,1.95,2.18,0.753097414970398,0.7540802359580994,1.0013050383232827,0.0013050383422523737,0.0013050383422523737,0.13050383422523737
Pythia_plus,117,MUR1.0_MUF1.0_PDF26137,pdf,11,2.18,2.5,0.7340506911277771,0.7352792620658875,1.0016736867807083,0.001673686783760786,0.001673686783760786,0.1673686783760786
Pythia_plus,118,MUR1.0_MUF1.0_PDF26138,pdf,1,0.0,0.21,0.7990407943725586,0.7993381023406982,1.0003720810880163,0.0003720810927916318,0.0003720810927916318,0.03720810927916318
Pythia_plus,118,MUR1.0_MUF1.0_PDF26138,pdf,2,0.21,0.42,0.7416394948959351,0.7419283986091614,1.0003895473679794,0.0003895473782904446,0.0003895473782904446,0.03895473782904446
Pythia_plus,118,MUR1.0_MUF1.0_PDF26138,pdf,3,0.42,0.63,0.74241703748703,0.7425687909126282,1.000204404556921,0.00020440455409698188,0.00020440455409698188,0.02044045540969819
Pythia_plus,118,MUR1.0_MUF1.0_PDF26138,pdf,4,0.63,0.84,0.716408371925354,0.7171704173088074,1.0010637025100717,0.00106370251160115,0.00106370251160115,0.106370251160115
Pythia_plus,118,MUR1.0_MUF1.0_PDF26138,pdf,5,0.84,1.05,0.7636825442314148,0.7645330429077148,1.0011136809171879,0.0011136808898299932,0.0011136808898299932,0.11136808898299932
Pythia_plus,118,MUR1.0_MUF1.0_PDF26138,pdf,6,1.05,1.37,0.7446764707565308,0.7453510165214539,1.0009058239267823,0.0009058239520527422,0.0009058239520527422,0.09058239520527422
Pythia_plus,118,MUR1.0_MUF1.0_PDF26138,pdf,7,1.37,1.52,0.7529962062835693,0.7548174262046814,1.0024186309385286,0.002418630989268422,0.002418630989268422,0.2418630989268422
Pythia_plus,118,MUR1.0_MUF1.0_PDF26138,pdf,8,1.52,1.74,0.7522943019866943,0.7535858154296875,1.001716766217134,0.0017167662736028433,0.0017167662736028433,0.17167662736028433
Pythia_plus,118,MUR1.0_MUF1.0_PDF26138,pdf,9,1.74,1.95,0.738723874092102,0.7400580644607544,1.001806074523166,0.00180607452057302,0.00180607452057302,0.180607452057302
Pythia_plus,118,MUR1.0_MUF1.0_PDF26138,pdf,10,1.95,2.18,0.753097414970398,0.7540245056152344,1.0012310368172925,0.0012310368474572897,0.0012310368474572897,0.12310368474572897
Pythia_plus,118,MUR1.0_MUF1.0_PDF26138,pdf,11,2.18,2.5,0.7340506911277771,0.7348491549491882,1.0010877502481257,0.0010877501918002963,0.0010877501918002963,0.10877501918002963
Pythia_plus,119,MUR1.0_MUF1.0_PDF26139,pdf,1,0.0,0.21,0.7990407943725586,0.7997757196426392,1.0009197593855739,0.0009197593899443746,0.0009197593899443746,0.09197593899443746
Pythia_plus,119,MUR1.0_MUF1.0_PDF26139,pdf,2,0.21,0.42,0.7416394948959351,0.7424777746200562,1.0011303062065737,0.0011303061619400978,0.0011303061619400978,0.11303061619400978
Pythia_plus,119,MUR1.0_MUF1.0_PDF26139,pdf,3,0.42,0.63,0.74241703748703,0.7431080341339111,1.000930739209892,0.0009307392174378037,0.0009307392174378037,0.09307392174378037
Pythia_plus,119,MUR1.0_MUF1.0_PDF26139,pdf,4,0.63,0.84,0.716408371925354,0.7172802686691284,1.0012170387420671,0.0012170387199148536,0.0012170387199148536,0.12170387199148536
Pythia_plus,119,MUR1.0_MUF1.0_PDF26139,pdf,5,0.84,1.05,0.7636825442314148,0.7654393315315247,1.0023004156810706,0.0023004156537353992,0.0023004156537353992,0.23004156537353992
Pythia_plus,119,MUR1.0_MUF1.0_PDF26139,pdf,6,1.05,1.37,0.7446764707565308,0.745399534702301,1.0009709772957318,0.0009709773003123701,0.0009709773003123701,0.097097730031237
Pythia_plus,119,MUR1.0_MUF1.0_PDF26139,pdf,7,1.37,1.52,0.7529962062835693,0.7555635571479797,1.0034095136774748,0.0034095137380063534,0.0034095137380063534,0.34095137380063534
Pythia_plus,119,MUR1.0_MUF1.0_PDF26139,pdf,8,1.52,1.74,0.7522943019866943,0.754012405872345,1.0022838188207905,0.0022838187869638205,0.0022838187869638205,0.22838187869638205
Pythia_plus,119,MUR1.0_MUF1.0_PDF26139,pdf,9,1.74,1.95,0.738723874092102,0.7415569424629211,1.0038350843531367,0.00383508438244462,0.00383508438244462,0.383508438244462
Pythia_plus,119,MUR1.0_MUF1.0_PDF26139,pdf,10,1.95,2.18,0.753097414970398,0.7548280358314514,1.0022980039854759,0.0022980039939284325,0.0022980039939284325,0.22980039939284325
Pythia_plus,119,MUR1.0_MUF1.0_PDF26139,pdf,11,2.18,2.5,0.7340506911277771,0.7334011793136597,0.9991151676281109,-0.0008848323486745358,0.0008848323486745358,-0.08848323486745358
Pythia_plus,120,MUR1.0_MUF1.0_PDF26140,pdf,1,0.0,0.21,0.7990407943725586,0.7988959550857544,0.9998187335517482,-0.00018126644135918468,0.00018126644135918468,-0.018126644135918468
Pythia_plus,120,MUR1.0_MUF1.0_PDF26140,pdf,2,0.21,0.42,0.7416394948959351,0.7413839101791382,0.9996553787675065,-0.0003446212213020772,0.0003446212213020772,-0.03446212213020772
Pythia_plus,120,MUR1.0_MUF1.0_PDF26140,pdf,3,0.42,0.63,0.74241703748703,0.7420879602432251,0.9995567487986013,-0.000443251192336902,0.000443251192336902,-0.0443251192336902
Pythia_plus,120,MUR1.0_MUF1.0_PDF26140,pdf,4,0.63,0.84,0.716408371925354,0.7168931365013123,1.000676659563114,0.0006766595761291683,0.0006766595761291683,0.06766595761291683
Pythia_plus,120,MUR1.0_MUF1.0_PDF26140,pdf,5,0.84,1.05,0.7636825442314148,0.7633830904960632,0.9996078819168861,-0.00039211809053085744,0.00039211809053085744,-0.039211809053085744
Pythia_plus,120,MUR1.0_MUF1.0_PDF26140,pdf,6,1.05,1.37,0.7446764707565308,0.7452393770217896,1.0007559071454035,0.0007559071527794003,0.0007559071527794003,0.07559071527794003
Pythia_plus,120,MUR1.0_MUF1.0_PDF26140,pdf,7,1.37,1.52,0.7529962062835693,0.7536268830299377,1.000837556339734,0.0008375563193112612,0.0008375563193112612,0.08375563193112612
Pythia_plus,120,MUR1.0_MUF1.0_PDF26140,pdf,8,1.52,1.74,0.7522943019866943,0.7527971863746643,1.0006684676284825,0.0006684676045551896,0.0006684676045551896,0.06684676045551896
Pythia_plus,120,MUR1.0_MUF1.0_PDF26140,pdf,9,1.74,1.95,0.738723874092102,0.7379132509231567,0.9989026709473258,-0.0010973290773108602,0.0010973290773108602,-0.10973290773108602
Pythia_plus,120,MUR1.0_MUF1.0_PDF26140,pdf,10,1.95,2.18,0.753097414970398,0.7528889775276184,0.9997232264529978,-0.0002767735568340868,0.0002767735568340868,-0.027677355683408678
Pythia_plus,120,MUR1.0_MUF1.0_PDF26140,pdf,11,2.18,2.5,0.7340506911277771,0.7363878488540649,1.0031839187055285,0.003183918772265315,0.003183918772265315,0.3183918772265315
Pythia_plus,121,MUR1.0_MUF1.0_PDF26141,pdf,1,0.0,0.21,0.7990407943725586,0.799392580986023,1.0004402611430379,0.00044026115210726857,0.00044026115210726857,0.04402611521072686
Pythia_plus,121,MUR1.0_MUF1.0_PDF26141,pdf,2,0.21,0.42,0.7416394948959351,0.7419840097427368,1.0004645314187994,0.00046453141840174794,0.00046453141840174794,0.046453141840174794
Pythia_plus,121,MUR1.0_MUF1.0_PDF26141,pdf,3,0.42,0.63,0.74241703748703,0.7427635788917542,1.0004667745852076,0.0004667745961342007,0.0004667745961342007,0.04667745961342007
Pythia_plus,121,MUR1.0_MUF1.0_PDF26141,pdf,4,0.63,0.84,0.716408371925354,0.716810405254364,1.0005611789933855,0.0005611790111288428,0.0005611790111288428,0.05611790111288428
Pythia_plus,121,MUR1.0_MUF1.0_PDF26141,pdf,5,0.84,1.05,0.7636825442314148,0.7638347744941711,1.0001993370987805,0.000199337097001262,0.000199337097001262,0.0199337097001262
Pythia_plus,121,MUR1.0_MUF1.0_PDF26141,pdf,6,1.05,1.37,0.7446764707565308,0.7452401518821716,1.000756947678323,0.0007569476729258895,0.0007569476729258895,0.07569476729258895
Pythia_plus,121,MUR1.0_MUF1.0_PDF26141,pdf,7,1.37,1.52,0.7529962062835693,0.7538105845451355,1.0010815170843763,0.0010815170826390386,0.0010815170826390386,0.10815170826390386
Pythia_plus,121,MUR1.0_MUF1.0_PDF26141,pdf,8,1.52,1.74,0.7522943019866943,0.7529803514480591,1.0009119429185533,0.0009119429159909487,0.0009119429159909487,0.09119429159909487
Pythia_plus,121,MUR1.0_MUF1.0_PDF26141,pdf,9,1.74,1.95,0.738723874092102,0.7385305166244507,0.9997382547465533,-0.00026174524100497365,0.00026174524100497365,-0.026174524100497365
Pythia_plus,121,MUR1.0_MUF1.0_PDF26141,pdf,10,1.95,2.18,0.753097414970398,0.7538679838180542,1.001023199432555,0.0010231994092464447,0.0010231994092464447,0.10231994092464447
Pythia_plus,121,MUR1.0_MUF1.0_PDF26141,pdf,11,2.18,2.5,0.7340506911277771,0.7366364002227783,1.0035225211640746,0.0035225211177021265,0.0035225211177021265,0.35225211177021265
Pythia_plus,122,MUR1.0_MUF1.0_PDF26142,pdf,1,0.0,0.21,0.7990407943725586,0.7993808388710022,1.0004255658795376,0.00042556587141007185,0.00042556587141007185,0.042556587141007185
Pythia_plus,122,MUR1.0_MUF1.0_PDF26142,pdf,2,0.21,0.42,0.7416394948959351,0.7420218586921692,1.0005155655798614,0.0005155655671842396,0.0005155655671842396,0.05155655671842396
Pythia_plus,122,MUR1.0_MUF1.0_PDF26142,pdf,3,0.42,0.63,0.74241703748703,0.7426671981811523,1.0003369544090328,0.0003369543992448598,0.0003369543992448598,0.03369543992448598
Pythia_plus,122,MUR1.0_MUF1.0_PDF26142,pdf,4,0.63,0.84,0.716408371925354,0.71695476770401,1.0007626875956064,0.0007626875885762274,0.0007626875885762274,0.07626875885762274
Pythia_plus,122,MUR1.0_MUF1.0_PDF26142,pdf,5,0.84,1.05,0.7636825442314148,0.7646412253379822,1.0012553398186312,0.0012553398264572024,0.0012553398264572024,0.12553398264572024
Pythia_plus,122,MUR1.0_MUF1.0_PDF26142,pdf,6,1.05,1.37,0.7446764707565308,0.7450882196426392,1.0005529231851384,0.0005529231857508421,0.0005529231857508421,0.05529231857508421
Pythia_plus,122,MUR1.0_MUF1.0_PDF26142,pdf,7,1.37,1.52,0.7529962062835693,0.7545327544212341,1.00204057885663,0.0020405787508934736,0.0020405787508934736,0.20405787508934736
Pythia_plus,122,MUR1.0_MUF1.0_PDF26142,pdf,8,1.52,1.74,0.7522943019866943,0.753200888633728,1.0012050957246912,0.0012050956720486283,0.0012050956720486283,0.12050956720486283
Pythia_plus,122,MUR1.0_MUF1.0_PDF26142,pdf,9,1.74,1.95,0.738723874092102,0.7402157187461853,1.0020194888867193,0.002019488951191306,0.002019488951191306,0.2019488951191306
Pythia_plus,122,MUR1.0_MUF1.0_PDF26142,pdf,10,1.95,2.18,0.753097414970398,0.7537533044815063,1.0008709225368064,0.0008709225221537054,0.0008709225221537054,0.08709225221537054
Pythia_plus,122,MUR1.0_MUF1.0_PDF26142,pdf,11,2.18,2.5,0.7340506911277771,0.733319878578186,0.9990044113323179,-0.0009955887217074633,0.0009955887217074633,-0.09955887217074633
Pythia_plus,123,MUR1.0_MUF1.0_PDF26143,pdf,1,0.0,0.21,0.7990407943725586,0.7994214296340942,1.0004763652421957,0.00047636523959226906,0.00047636523959226906,0.047636523959226906
Pythia_plus,123,MUR1.0_MUF1.0_PDF26143,pdf,2,0.21,0.42,0.7416394948959351,0.7420405745506287,1.0005408013697408,0.0005408013821579516,0.0005408013821579516,0.05408013821579516
Pythia_plus,123,MUR1.0_MUF1.0_PDF26143,pdf,3,0.42,0.63,0.74241703748703,0.7426190376281738,1.0002720844632385,0.00027208446408621967,0.00027208446408621967,0.027208446408621967
Pythia_plus,123,MUR1.0_MUF1.0_PDF26143,pdf,4,0.63,0.84,0.716408371925354,0.7174410223960876,1.0014414271401637,0.0014414271572604775,0.0014414271572604775,0.14414271572604775
Pythia_plus,123,MUR1.0_MUF1.0_PDF26143,pdf,5,0.84,1.05,0.7636825442314148,0.7648228406906128,1.001493155065297,0.001493155024945736,0.001493155024945736,0.1493155024945736
Pythia_plus,123,MUR1.0_MUF1.0_PDF26143,pdf,6,1.05,1.37,0.7446764707565308,0.7454560399055481,1.0010468561578498,0.0010468561667948961,0.0010468561667948961,0.10468561667948961
Pythia_plus,123,MUR1.0_MUF1.0_PDF26143,pdf,7,1.37,1.52,0.7529962062835693,0.7550870180130005,1.0027766563921356,0.002776656299829483,0.002776656299829483,0.2776656299829483
Pythia_plus,123,MUR1.0_MUF1.0_PDF26143,pdf,8,1.52,1.74,0.7522943019866943,0.7535408735275269,1.0016570264290723,0.0016570264706388116,0.0016570264706388116,0.16570264706388116
Pythia_plus,123,MUR1.0_MUF1.0_PDF26143,pdf,9,1.74,1.95,0.738723874092102,0.7399646639823914,1.0016796396242293,0.0016796396812424064,0.0016796396812424064,0.16796396812424064
Pythia_plus,123,MUR1.0_MUF1.0_PDF26143,pdf,10,1.95,2.18,0.753097414970398,0.7534709572792053,1.0004960079551224,0.0004960079677402973,0.0004960079677402973,0.04960079677402973
Pythia_plus,123,MUR1.0_MUF1.0_PDF26143,pdf,11,2.18,2.5,0.7340506911277771,0.7341583371162415,1.0001466465324063,0.00014664653281215578,0.00014664653281215578,0.014664653281215578
Pythia_plus,124,MUR1.0_MUF1.0_PDF13312,pdf,1,0.0,0.21,0.7990407943725586,0.7990295886993408,0.9999859760937155,-1.4023906260263175e-05,1.4023906260263175e-05,-0.0014023906260263175
Pythia_plus,124,MUR1.0_MUF1.0_PDF13312,pdf,2,0.21,0.42,0.7416394948959351,0.7416295409202576,0.9999865784174845,-1.3421582480077632e-05,1.3421582480077632e-05,-0.0013421582480077632
Pythia_plus,124,MUR1.0_MUF1.0_PDF13312,pdf,3,0.42,0.63,0.74241703748703,0.7424145340919495,0.9999966280473721,-3.3719525163178332e-06,3.3719525163178332e-06,-0.0003371952516317833
Pythia_plus,124,MUR1.0_MUF1.0_PDF13312,pdf,4,0.63,0.84,0.716408371925354,0.7163853049278259,0.9999678018872586,-3.219811333110556e-05,3.219811333110556e-05,-0.003219811333110556
Pythia_plus,124,MUR1.0_MUF1.0_PDF13312,pdf,5,0.84,1.05,0.7636825442314148,0.7636790871620178,0.9999954731590723,-4.5268407120602205e-06,4.5268407120602205e-06,-0.00045268407120602205
Pythia_plus,124,MUR1.0_MUF1.0_PDF13312,pdf,6,1.05,1.37,0.7446764707565308,0.7446466684341431,0.9999599795031023,-4.002049536211416e-05,4.002049536211416e-05,-0.004002049536211416
Pythia_plus,124,MUR1.0_MUF1.0_PDF13312,pdf,7,1.37,1.52,0.7529962062835693,0.7529960870742798,0.9999998416867328,-1.5831327004889317e-07,1.5831327004889317e-07,-1.5831327004889317e-05
Pythia_plus,124,MUR1.0_MUF1.0_PDF13312,pdf,8,1.52,1.74,0.7522943019866943,0.7523065209388733,1.0000162422500698,1.6242249330389313e-05,1.6242249330389313e-05,0.0016242249330389313
Pythia_plus,124,MUR1.0_MUF1.0_PDF13312,pdf,9,1.74,1.95,0.738723874092102,0.7387629151344299,1.0000528493036398,5.2849303756374866e-05,5.2849303756374866e-05,0.005284930375637487
Pythia_plus,124,MUR1.0_MUF1.0_PDF13312,pdf,10,1.95,2.18,0.753097414970398,0.7531315088272095,1.000045271509547,4.5271510316524655e-05,4.5271510316524655e-05,0.0045271510316524655
Pythia_plus,124,MUR1.0_MUF1.0_PDF13312,pdf,11,2.18,2.5,0.7340506911277771,0.7340235114097595,0.9999629729685618,-3.702703179442324e-05,3.702703179442324e-05,-0.0037027031794423237
Pythia_plus,125,MUR1.0_MUF1.0_PDF26144,pdf,1,0.0,0.21,0.7990407943725586,0.7996689081192017,1.000786084704394,0.0007860846817493439,0.0007860846817493439,0.07860846817493439
Pythia_plus,125,MUR1.0_MUF1.0_PDF26144,pdf,2,0.21,0.42,0.7416394948959351,0.7423369884490967,1.000940475201175,0.000940475205425173,0.000940475205425173,0.0940475205425173
Pythia_plus,125,MUR1.0_MUF1.0_PDF26144,pdf,3,0.42,0.63,0.74241703748703,0.7431281208992004,1.0009577951155018,0.0009577951277606189,0.0009577951277606189,0.09577951277606189
Pythia_plus,125,MUR1.0_MUF1.0_PDF26144,pdf,4,0.63,0.84,0.716408371925354,0.7166130542755127,1.000285706251043,0.00028570624999701977,0.00028570624999701977,0.028570624999701977
Pythia_plus,125,MUR1.0_MUF1.0_PDF26144,pdf,5,0.84,1.05,0.7636825442314148,0.7645794153213501,1.001174403024804,0.0011744030052796006,0.0011744030052796006,0.11744030052796006
Pythia_plus,125,MUR1.0_MUF1.0_PDF26144,pdf,6,1.05,1.37,0.7446764707565308,0.7450542449951172,1.000507299818675,0.0005072998465038836,0.0005072998465038836,0.05072998465038836
Pythia_plus,125,MUR1.0_MUF1.0_PDF26144,pdf,7,1.37,1.52,0.7529962062835693,0.7544199228286743,1.0018907353492945,0.0018907353514805436,0.0018907353514805436,0.18907353514805436
Pythia_plus,125,MUR1.0_MUF1.0_PDF26144,pdf,8,1.52,1.74,0.7522943019866943,0.7534868121147156,1.0015851643763245,0.0015851643402129412,0.0015851643402129412,0.15851643402129412
Pythia_plus,125,MUR1.0_MUF1.0_PDF26144,pdf,9,1.74,1.95,0.738723874092102,0.7407122254371643,1.0026916029314823,0.002691603032872081,0.002691603032872081,0.2691603032872081
Pythia_plus,125,MUR1.0_MUF1.0_PDF26144,pdf,10,1.95,2.18,0.753097414970398,0.7553417682647705,1.0029801633225108,0.0029801633208990097,0.0029801633208990097,0.29801633208990097
Pythia_plus,125,MUR1.0_MUF1.0_PDF26144,pdf,11,2.18,2.5,0.7340506911277771,0.7349477410316467,1.0012220544367194,0.001222054474055767,0.001222054474055767,0.1222054474055767
Pythia_plus,126,MUR1.0_MUF1.0_PDF26145,pdf,1,0.0,0.21,0.7990407943725586,0.7998635172843933,1.0010296381832178,0.0010296382242813706,0.0010296382242813706,0.10296382242813706
Pythia_plus,126,MUR1.0_MUF1.0_PDF26145,pdf,2,0.21,0.42,0.7416394948959351,0.7426474094390869,1.00135903569064,0.0013590357266366482,0.0013590357266366482,0.13590357266366482
Pythia_plus,126,MUR1.0_MUF1.0_PDF26145,pdf,3,0.42,0.63,0.74241703748703,0.7434609532356262,1.0014061042458424,0.0014061043038964272,0.0014061043038964272,0.14061043038964272
Pythia_plus,126,MUR1.0_MUF1.0_PDF26145,pdf,4,0.63,0.84,0.716408371925354,0.7161990404129028,0.999707804206854,-0.0002921957930084318,0.0002921957930084318,-0.02921957930084318
Pythia_plus,126,MUR1.0_MUF1.0_PDF26145,pdf,5,0.84,1.05,0.7636825442314148,0.7640149593353271,1.0004352791698898,0.0004352791584096849,0.0004352791584096849,0.04352791584096849
Pythia_plus,126,MUR1.0_MUF1.0_PDF26145,pdf,6,1.05,1.37,0.7446764707565308,0.7444477081298828,0.9996928026658133,-0.0003071973333135247,0.0003071973333135247,-0.030719733331352472
Pythia_plus,126,MUR1.0_MUF1.0_PDF26145,pdf,7,1.37,1.52,0.7529962062835693,0.7527835369110107,0.9997175691314459,-0.0002824308758135885,0.0002824308758135885,-0.02824308758135885
Pythia_plus,126,MUR1.0_MUF1.0_PDF26145,pdf,8,1.52,1.74,0.7522943019866943,0.7517969608306885,0.999338900806915,-0.0006610992131754756,0.0006610992131754756,-0.06610992131754756
Pythia_plus,126,MUR1.0_MUF1.0_PDF26145,pdf,9,1.74,1.95,0.738723874092102,0.7386338710784912,0.9998781642007692,-0.00012183580111013725,0.00012183580111013725,-0.012183580111013725
Pythia_plus,126,MUR1.0_MUF1.0_PDF26145,pdf,10,1.95,2.18,0.753097414970398,0.7539283037185669,1.0011032951802146,0.001103295129723847,0.001103295129723847,0.11032951297238469
Pythia_plus,126,MUR1.0_MUF1.0_PDF26145,pdf,11,2.18,2.5,0.7340506911277771,0.7343528270721436,1.000411600926228,0.0004116009222343564,0.0004116009222343564,0.04116009222343564
Pythia_plus,127,MUR1.0_MUF1.0_PDF26146,pdf,1,0.0,0.21,0.7990407943725586,0.7988436222076416,0.9997532389255898,-0.0002467610756866634,0.0002467610756866634,-0.02467610756866634
Pythia_plus,127,MUR1.0_MUF1.0_PDF26146,pdf,2,0.21,0.42,0.7416394948959351,0.7411658763885498,0.9993613898522871,-0.0006386101595126092,0.0006386101595126092,-0.06386101595126092
Pythia_plus,127,MUR1.0_MUF1.0_PDF26146,pdf,3,0.42,0.63,0.74241703748703,0.7418301105499268,0.9992094376779257,-0.0007905623060651124,0.0007905623060651124,-0.07905623060651124
Pythia_plus,127,MUR1.0_MUF1.0_PDF26146,pdf,4,0.63,0.84,0.716408371925354,0.7172387838363647,1.0011591320586875,0.0011591321090236306,0.0011591321090236306,0.11591321090236306
Pythia_plus,127,MUR1.0_MUF1.0_PDF26146,pdf,5,0.84,1.05,0.7636825442314148,0.7641169428825378,1.000568820977256,0.0005688209785148501,0.0005688209785148501,0.056882097851485014
Pythia_plus,127,MUR1.0_MUF1.0_PDF26146,pdf,6,1.05,1.37,0.7446764707565308,0.7455190420150757,1.0011314594882916,0.0011314594885334373,0.0011314594885334373,0.11314594885334373
Pythia_plus,127,MUR1.0_MUF1.0_PDF26146,pdf,7,1.37,1.52,0.7529962062835693,0.7559237480163574,1.0038878572140981,0.003887857310473919,0.003887857310473919,0.3887857310473919
Pythia_plus,127,MUR1.0_MUF1.0_PDF26146,pdf,8,1.52,1.74,0.7522943019866943,0.755635678768158,1.0044415819349417,0.004441582132130861,0.004441582132130861,0.44415821321308613
Pythia_plus,127,MUR1.0_MUF1.0_PDF26146,pdf,9,1.74,1.95,0.738723874092102,0.7421585917472839,1.0046495284309083,0.004649528302252293,0.004649528302252293,0.46495283022522926
Pythia_plus,127,MUR1.0_MUF1.0_PDF26146,pdf,10,1.95,2.18,0.753097414970398,0.757430911064148,1.0057542304721898,0.005754230543971062,0.005754230543971062,0.5754230543971062
Pythia_plus,127,MUR1.0_MUF1.0_PDF26146,pdf,11,2.18,2.5,0.7340506911277771,0.7376154065132141,1.0048562250925208,0.004856225103139877,0.004856225103139877,0.48562251031398773
Pythia_plus,128,MUR1.0_MUF1.0_PDF26147,pdf,1,0.0,0.21,0.7990407943725586,0.7989457845687866,0.9998810951775665,-0.00011890481982845813,0.00011890481982845813,-0.011890481982845813
Pythia_plus,128,MUR1.0_MUF1.0_PDF26147,pdf,2,0.21,0.42,0.7416394948959351,0.7415583729743958,0.9998906181209366,-0.00010938187915598974,0.00010938187915598974,-0.010938187915598974
Pythia_plus,128,MUR1.0_MUF1.0_PDF26147,pdf,3,0.42,0.63,0.74241703748703,0.7422199249267578,0.9997344988728446,-0.0002655011194292456,0.0002655011194292456,-0.02655011194292456
Pythia_plus,128,MUR1.0_MUF1.0_PDF26147,pdf,4,0.63,0.84,0.716408371925354,0.717273473739624,1.001207554026686,0.0012075540143996477,0.0012075540143996477,0.12075540143996477
Pythia_plus,128,MUR1.0_MUF1.0_PDF26147,pdf,5,0.84,1.05,0.7636825442314148,0.7644350528717041,1.000985368391583,0.000985368387773633,0.000985368387773633,0.0985368387773633
Pythia_plus,128,MUR1.0_MUF1.0_PDF26147,pdf,6,1.05,1.37,0.7446764707565308,0.7455769777297974,1.0012092593342605,0.0012092593824490905,0.0012092593824490905,0.12092593824490905
Pythia_plus,128,MUR1.0_MUF1.0_PDF26147,pdf,7,1.37,1.52,0.7529962062835693,0.7552157640457153,1.0029476347206325,0.0029476347845047712,0.0029476347845047712,0.2947634784504771
Pythia_plus,128,MUR1.0_MUF1.0_PDF26147,pdf,8,1.52,1.74,0.7522943019866943,0.7535676956176758,1.0016926801487378,0.0016926801763474941,0.0016926801763474941,0.1692680176347494
Pythia_plus,128,MUR1.0_MUF1.0_PDF26147,pdf,9,1.74,1.95,0.738723874092102,0.7397965788841248,1.001452105217719,0.0014521052362397313,0.0014521052362397313,0.14521052362397313
Pythia_plus,128,MUR1.0_MUF1.0_PDF26147,pdf,10,1.95,2.18,0.753097414970398,0.7535906434059143,1.0006549331145105,0.0006549331010319293,0.0006549331010319293,0.06549331010319293
Pythia_plus,128,MUR1.0_MUF1.0_PDF26147,pdf,11,2.18,2.5,0.7340506911277771,0.7351424694061279,1.0014873336290624,0.00148733367677778,0.00148733367677778,0.148733367677778
Pythia_plus,129,MUR1.0_MUF1.0_PDF26148,pdf,1,0.0,0.21,0.7990407943725586,0.799167275428772,1.000158291112424,0.000158291106345132,0.000158291106345132,0.0158291106345132
Pythia_plus,129,MUR1.0_MUF1.0_PDF26148,pdf,2,0.21,0.42,0.7416394948959351,0.7416027784347534,0.9999504928453321,-4.950715447193943e-05,4.950715447193943e-05,-0.004950715447193943
Pythia_plus,129,MUR1.0_MUF1.0_PDF26148,pdf,3,0.42,0.63,0.74241703748703,0.7424581050872803,1.0000553160800152,5.531607894226909e-05,5.531607894226909e-05,0.005531607894226909
Pythia_plus,129,MUR1.0_MUF1.0_PDF26148,pdf,4,0.63,0.84,0.716408371925354,0.7163625359535217,0.999936019770806,-6.39802310615778e-05,6.39802310615778e-05,-0.00639802310615778
Pythia_plus,129,MUR1.0_MUF1.0_PDF26148,pdf,5,0.84,1.05,0.7636825442314148,0.7638635635375977,1.0002370347568506,0.00023703475017100573,0.00023703475017100573,0.023703475017100573
Pythia_plus,129,MUR1.0_MUF1.0_PDF26148,pdf,6,1.05,1.37,0.7446764707565308,0.744965136051178,1.000387638532951,0.0003876385453622788,0.0003876385453622788,0.03876385453622788
Pythia_plus,129,MUR1.0_MUF1.0_PDF26148,pdf,7,1.37,1.52,0.7529962062835693,0.7537219524383545,1.0009638111702674,0.0009638111805543303,0.0009638111805543303,0.09638111805543303
Pythia_plus,129,MUR1.0_MUF1.0_PDF26148,pdf,8,1.52,1.74,0.7522943019866943,0.7537943720817566,1.0019939936951547,0.0019939937628805637,0.0019939937628805637,0.19939937628805637
Pythia_plus,129,MUR1.0_MUF1.0_PDF26148,pdf,9,1.74,1.95,0.738723874092102,0.7405409812927246,1.002459792169105,0.002459792187437415,0.002459792187437415,0.2459792187437415
Pythia_plus,129,MUR1.0_MUF1.0_PDF26148,pdf,10,1.95,2.18,0.753097414970398,0.7552112340927124,1.0028068335919034,0.002806833479553461,0.002806833479553461,0.2806833479553461
Pythia_plus,129,MUR1.0_MUF1.0_PDF26148,pdf,11,2.18,2.5,0.7340506911277771,0.7351955771446228,1.0015596824997013,0.0015596825396642089,0.0015596825396642089,0.1559682539664209
Pythia_plus,130,MUR1.0_MUF1.0_PDF26149,pdf,1,0.0,0.21,0.7990407943725586,0.799329936504364,1.0003618615392877,0.0003618615446612239,0.0003618615446612239,0.03618615446612239
Pythia_plus,130,MUR1.0_MUF1.0_PDF26149,pdf,2,0.21,0.42,0.7416394948959351,0.7419224977493286,1.0003815908609792,0.0003815908567048609,0.0003815908567048609,0.03815908567048609
Pythia_plus,130,MUR1.0_MUF1.0_PDF26149,pdf,3,0.42,0.63,0.74241703748703,0.7425547242164612,1.0001854573945355,0.00018545739294495434,0.00018545739294495434,0.018545739294495434
Pythia_plus,130,MUR1.0_MUF1.0_PDF26149,pdf,4,0.63,0.84,0.716408371925354,0.7172276973724365,1.0011436569967498,0.0011436570202931762,0.0011436570202931762,0.11436570202931762
Pythia_plus,130,MUR1.0_MUF1.0_PDF26149,pdf,5,0.84,1.05,0.7636825442314148,0.7645699977874756,1.001162071285725,0.0011620712466537952,0.0011620712466537952,0.11620712466537952
Pythia_plus,130,MUR1.0_MUF1.0_PDF26149,pdf,6,1.05,1.37,0.7446764707565308,0.7454003691673279,1.000972097869645,0.0009720978559926152,0.0009720978559926152,0.09720978559926152
Pythia_plus,130,MUR1.0_MUF1.0_PDF26149,pdf,7,1.37,1.52,0.7529962062835693,0.7549229264259338,1.0025587381799357,0.002558738226071,0.002558738226071,0.2558738226071
Pythia_plus,130,MUR1.0_MUF1.0_PDF26149,pdf,8,1.52,1.74,0.7522943019866943,0.7536181211471558,1.0017597091417088,0.0017597090918570757,0.0017597090918570757,0.17597090918570757
Pythia_plus,130,MUR1.0_MUF1.0_PDF26149,pdf,9,1.74,1.95,0.738723874092102,0.7400593757629395,1.0018078496142808,0.001807849621400237,0.001807849621400237,0.1807849621400237
Pythia_plus,130,MUR1.0_MUF1.0_PDF26149,pdf,10,1.95,2.18,0.753097414970398,0.7539870738983154,1.0011813331319859,0.0011813330929726362,0.0011813330929726362,0.11813330929726362
Pythia_plus,130,MUR1.0_MUF1.0_PDF26149,pdf,11,2.18,2.5,0.7340506911277771,0.7349028587341309,1.0011609111150683,0.0011609111679717898,0.0011609111679717898,0.11609111679717898
Pythia_plus,131,MUR1.0_MUF1.0_PDF26150,pdf,1,0.0,0.21,0.7990407943725586,0.7993185520172119,1.0003476138472647,0.0003476138517726213,0.0003476138517726213,0.03476138517726213
Pythia_plus,131,MUR1.0_MUF1.0_PDF26150,pdf,2,0.21,0.42,0.7416394948959351,0.7418944239616394,1.00034373717616,0.00034373716334812343,0.00034373716334812343,0.03437371633481234
Pythia_plus,131,MUR1.0_MUF1.0_PDF26150,pdf,3,0.42,0.63,0.74241703748703,0.7425539493560791,1.0001844136949127,0.0001844137004809454,0.0001844137004809454,0.01844137004809454
Pythia_plus,131,MUR1.0_MUF1.0_PDF26150,pdf,4,0.63,0.84,0.716408371925354,0.7170999050140381,1.0009652777881777,0.0009652777807787061,0.0009652777807787061,0.09652777807787061
Pythia_plus,131,MUR1.0_MUF1.0_PDF26150,pdf,5,0.84,1.05,0.7636825442314148,0.7644110321998596,1.0009539146520339,0.0009539146558381617,0.0009539146558381617,0.09539146558381617
Pythia_plus,131,MUR1.0_MUF1.0_PDF26150,pdf,6,1.05,1.37,0.7446764707565308,0.7453314065933228,1.0008794904398237,0.0008794904570095241,0.0008794904570095241,0.08794904570095241
Pythia_plus,131,MUR1.0_MUF1.0_PDF26150,pdf,7,1.37,1.52,0.7529962062835693,0.7546752095222473,1.0022297632108463,0.0022297631949186325,0.0022297631949186325,0.22297631949186325
Pythia_plus,131,MUR1.0_MUF1.0_PDF26150,pdf,8,1.52,1.74,0.7522943019866943,0.7535478472709656,1.0016662963961853,0.0016662963898852468,0.0016662963898852468,0.16662963898852468
Pythia_plus,131,MUR1.0_MUF1.0_PDF26150,pdf,9,1.74,1.95,0.738723874092102,0.7399178147315979,1.0016162204598615,0.0016162204556167126,0.0016162204556167126,0.16162204556167126
Pythia_plus,131,MUR1.0_MUF1.0_PDF26150,pdf,10,1.95,2.18,0.753097414970398,0.7540647983551025,1.0012845395103933,0.0012845394667237997,0.0012845394667237997,0.12845394667237997
Pythia_plus,131,MUR1.0_MUF1.0_PDF26150,pdf,11,2.18,2.5,0.7340506911277771,0.7351115345954895,1.0014451910209123,0.0014451909810304642,0.0014451909810304642,0.14451909810304642
Pythia_plus,132,MUR1.0_MUF1.0_PDF26151,pdf,1,0.0,0.21,0.7990407943725586,0.7993251085281372,1.000355819324346,0.00035581932752393186,0.00035581932752393186,0.035581932752393186
Pythia_plus,132,MUR1.0_MUF1.0_PDF26151,pdf,2,0.21,0.42,0.7416394948959351,0.7419073581695557,1.0003611771965546,0.00036117719719186425,0.00036117719719186425,0.036117719719186425
Pythia_plus,132,MUR1.0_MUF1.0_PDF26151,pdf,3,0.42,0.63,0.74241703748703,0.7425543665885925,1.0001849756870174,0.0001849756808951497,0.0001849756808951497,0.01849756808951497
Pythia_plus,132,MUR1.0_MUF1.0_PDF26151,pdf,4,0.63,0.84,0.716408371925354,0.717157244682312,1.0010453154741135,0.0010453155264258385,0.0010453155264258385,0.10453155264258385
Pythia_plus,132,MUR1.0_MUF1.0_PDF26151,pdf,5,0.84,1.05,0.7636825442314148,0.7644801735877991,1.0010444514705872,0.001044451491907239,0.001044451491907239,0.1044451491907239
Pythia_plus,132,MUR1.0_MUF1.0_PDF26151,pdf,6,1.05,1.37,0.7446764707565308,0.7453614473342896,1.0009198311006966,0.00091983110178262,0.00091983110178262,0.091983110178262
Pythia_plus,132,MUR1.0_MUF1.0_PDF26151,pdf,7,1.37,1.52,0.7529962062835693,0.7547805905342102,1.0023697121389863,0.002369712106883526,0.002369712106883526,0.23697121068835258
Pythia_plus,132,MUR1.0_MUF1.0_PDF26151,pdf,8,1.52,1.74,0.7522943019866943,0.7535761594772339,1.0017039308780544,0.0017039309022948146,0.0017039309022948146,0.17039309022948146
Pythia_plus,132,MUR1.0_MUF1.0_PDF26151,pdf,9,1.74,1.95,0.738723874092102,0.7399768829345703,1.0016961802459792,0.001696180202998221,0.001696180202998221,0.1696180202998221
Pythia_plus,132,MUR1.0_MUF1.0_PDF26151,pdf,10,1.95,2.18,0.753097414970398,0.7540302872657776,1.0012387139788765,0.0012387139722704887,0.0012387139722704887,0.12387139722704887
Pythia_plus,132,MUR1.0_MUF1.0_PDF26151,pdf,11,2.18,2.5,0.7340506911277771,0.735022246837616,1.0013235539746528,0.001323553966358304,0.001323553966358304,0.1323553966358304
Pythia_plus,133,MUR1.0_MUF1.0_PDF26152,pdf,1,0.0,0.21,0.7990407943725586,0.7993252277374268,1.0003559685148384,0.0003559685137588531,0.0003559685137588531,0.03559685137588531
Pythia_plus,133,MUR1.0_MUF1.0_PDF26152,pdf,2,0.21,0.42,0.7416394948959351,0.7419083118438721,1.0003624630966756,0.0003624630917329341,0.0003624630917329341,0.03624630917329341
Pythia_plus,133,MUR1.0_MUF1.0_PDF26152,pdf,3,0.42,0.63,0.74241703748703,0.7425541877746582,1.0001847348332582,0.000184734832146205,0.000184734832146205,0.0184734832146205
Pythia_plus,133,MUR1.0_MUF1.0_PDF26152,pdf,4,0.63,0.84,0.716408371925354,0.7171570062637329,1.0010449826770826,0.0010449826950207353,0.0010449826950207353,0.10449826950207353
Pythia_plus,133,MUR1.0_MUF1.0_PDF26152,pdf,5,0.84,1.05,0.7636825442314148,0.7644802927970886,1.0010446075685502,0.0010446076048538089,0.0010446076048538089,0.10446076048538089
Pythia_plus,133,MUR1.0_MUF1.0_PDF26152,pdf,6,1.05,1.37,0.7446764707565308,0.7453609108924866,1.0009191107317523,0.0009191107237711549,0.0009191107237711549,0.09191107237711549
Pythia_plus,133,MUR1.0_MUF1.0_PDF26152,pdf,7,1.37,1.52,0.7529962062835693,0.7547804117202759,1.0023694746690857,0.002369474619626999,0.002369474619626999,0.2369474619626999
Pythia_plus,133,MUR1.0_MUF1.0_PDF26152,pdf,8,1.52,1.74,0.7522943019866943,0.75357586145401,1.0017035347256138,0.0017035347409546375,0.0017035347409546375,0.17035347409546375
Pythia_plus,133,MUR1.0_MUF1.0_PDF26152,pdf,9,1.74,1.95,0.738723874092102,0.7399771809577942,1.001696583675778,0.001696583698503673,0.001696583698503673,0.1696583698503673
Pythia_plus,133,MUR1.0_MUF1.0_PDF26152,pdf,10,1.95,2.18,0.753097414970398,0.754030704498291,1.0012392680008466,0.0012392679927870631,0.0012392679927870631,0.12392679927870631
Pythia_plus,133,MUR1.0_MUF1.0_PDF26152,pdf,11,2.18,2.5,0.7340506911277771,0.7350220680236816,1.001323310375762,0.001323310425505042,0.001323310425505042,0.1323310425505042
Pythia_plus,134,MUR1.0_MUF1.0_PDF26153,pdf,1,0.0,0.21,0.7990407943725586,0.7993252873420715,1.0003560431100846,0.0003560431068763137,0.0003560431068763137,0.03560431068763137
Pythia_plus,134,MUR1.0_MUF1.0_PDF26153,pdf,2,0.21,0.42,0.7416394948959351,0.7419084310531616,1.000362623834191,0.00036262383218854666,0.00036262383218854666,0.036262383218854666
Pythia_plus,134,MUR1.0_MUF1.0_PDF26153,pdf,3,0.42,0.63,0.74241703748703,0.7425544261932373,1.0001850559716037,0.00018505597836337984,0.00018505597836337984,0.018505597836337984
Pythia_plus,134,MUR1.0_MUF1.0_PDF26153,pdf,4,0.63,0.84,0.716408371925354,0.7171574831008911,1.0010456482711443,0.0010456482414156199,0.0010456482414156199,0.10456482414156199
Pythia_plus,134,MUR1.0_MUF1.0_PDF26153,pdf,5,0.84,1.05,0.7636825442314148,0.7644802927970886,1.0010446075685502,0.0010446076048538089,0.0010446076048538089,0.10446076048538089
Pythia_plus,134,MUR1.0_MUF1.0_PDF26153,pdf,6,1.05,1.37,0.7446764707565308,0.7453609108924866,1.0009191107317523,0.0009191107237711549,0.0009191107237711549,0.09191107237711549
Pythia_plus,134,MUR1.0_MUF1.0_PDF26153,pdf,7,1.37,1.52,0.7529962062835693,0.7547805309295654,1.0023696329823528,0.0023696329444646835,0.0023696329444646835,0.23696329444646835
Pythia_plus,134,MUR1.0_MUF1.0_PDF26153,pdf,8,1.52,1.74,0.7522943019866943,0.7535759806632996,1.00170369318659,0.001703693182207644,0.001703693182207644,0.1703693182207644
Pythia_plus,134,MUR1.0_MUF1.0_PDF26153,pdf,9,1.74,1.95,0.738723874092102,0.7399770617485046,1.0016964223038585,0.001696422346867621,0.001696422346867621,0.1696422346867621
Pythia_plus,134,MUR1.0_MUF1.0_PDF26153,pdf,10,1.95,2.18,0.753097414970398,0.7540303468704224,1.0012387931248723,0.001238793134689331,0.001238793134689331,0.1238793134689331
Pythia_plus,134,MUR1.0_MUF1.0_PDF26153,pdf,11,2.18,2.5,0.7340506911277771,0.7350219488143921,1.0013231479765012,0.0013231480261310935,0.0013231480261310935,0.13231480261310935
Pythia_plus,135,MUR1.0_MUF1.0_PDF13313,pdf,1,0.0,0.21,0.7990407943725586,0.7990283370018005,0.9999844095935454,-1.559040720167104e-05,1.559040720167104e-05,-0.0015590407201671042
Pythia_plus,135,MUR1.0_MUF1.0_PDF13313,pdf,2,0.21,0.42,0.7416394948959351,0.7416311502456665,0.9999887483739391,-1.1251626347075216e-05,1.1251626347075216e-05,-0.0011251626347075216
Pythia_plus,135,MUR1.0_MUF1.0_PDF13313,pdf,3,0.42,0.63,0.74241703748703,0.7424153089523315,0.999997671746995,-2.328253003724967e-06,2.328253003724967e-06,-0.0002328253003724967
Pythia_plus,135,MUR1.0_MUF1.0_PDF13313,pdf,4,0.63,0.84,0.716408371925354,0.7163837552070618,0.9999656387065577,-3.4361291909590364e-05,3.4361291909590364e-05,-0.0034361291909590364
Pythia_plus,135,MUR1.0_MUF1.0_PDF13313,pdf,5,0.84,1.05,0.7636825442314148,0.7636798024177551,0.9999964097468504,-3.5902530726161785e-06,3.5902530726161785e-06,-0.00035902530726161785
Pythia_plus,135,MUR1.0_MUF1.0_PDF13313,pdf,6,1.05,1.37,0.7446764707565308,0.7446445226669312,0.9999570980273257,-4.290197102818638e-05,4.290197102818638e-05,-0.004290197102818638
Pythia_plus,135,MUR1.0_MUF1.0_PDF13313,pdf,7,1.37,1.52,0.7529962062835693,0.7529966235160828,1.000000554096435,5.540964593819808e-07,5.540964593819808e-07,5.540964593819808e-05
Pythia_plus,135,MUR1.0_MUF1.0_PDF13313,pdf,8,1.52,1.74,0.7522943019866943,0.7523064613342285,1.0000161630195816,1.6163019608939067e-05,1.6163019608939067e-05,0.0016163019608939067
Pythia_plus,135,MUR1.0_MUF1.0_PDF13313,pdf,9,1.74,1.95,0.738723874092102,0.7387644648551941,1.0000549471385936,5.494713695952669e-05,5.494713695952669e-05,0.005494713695952669
Pythia_plus,135,MUR1.0_MUF1.0_PDF13313,pdf,10,1.95,2.18,0.753097414970398,0.7531331181526184,1.000047408451431,4.740845179185271e-05,4.740845179185271e-05,0.004740845179185271
Pythia_plus,135,MUR1.0_MUF1.0_PDF13313,pdf,11,2.18,2.5,0.7340506911277771,0.734021008014679,0.9999595625840872,-4.0437415009364486e-05,4.0437415009364486e-05,-0.004043741500936449
Pythia_plus,136,MUR1.0_MUF1.0_PDF26154,pdf,1,0.0,0.21,0.7990407943725586,0.7993252277374268,1.0003559685148384,0.0003559685137588531,0.0003559685137588531,0.03559685137588531
Pythia_plus,136,MUR1.0_MUF1.0_PDF26154,pdf,2,0.21,0.42,0.7416394948959351,0.7419065237045288,1.0003600520339484,0.00036005204310640693,0.00036005204310640693,0.03600520431064069
Pythia_plus,136,MUR1.0_MUF1.0_PDF26154,pdf,3,0.42,0.63,0.74241703748703,0.7425546050071716,1.0001852968253628,0.00018529682711232454,0.00018529682711232454,0.018529682711232454
Pythia_plus,136,MUR1.0_MUF1.0_PDF26154,pdf,4,0.63,0.84,0.716408371925354,0.7171565294265747,1.0010443170830208,0.0010443170322105289,0.0010443170322105289,0.10443170322105289
Pythia_plus,136,MUR1.0_MUF1.0_PDF26154,pdf,5,0.84,1.05,0.7636825442314148,0.7644805908203125,1.0010449978134577,0.0010449978290125728,0.0010449978290125728,0.10449978290125728
Pythia_plus,136,MUR1.0_MUF1.0_PDF26154,pdf,6,1.05,1.37,0.7446764707565308,0.7453608512878418,1.0009190306907585,0.0009190306882373989,0.0009190306882373989,0.09190306882373989
Pythia_plus,136,MUR1.0_MUF1.0_PDF26154,pdf,7,1.37,1.52,0.7529962062835693,0.754780650138855,1.00236979129562,0.002369791269302368,0.002369791269302368,0.23697912693023682
Pythia_plus,136,MUR1.0_MUF1.0_PDF26154,pdf,8,1.52,1.74,0.7522943019866943,0.7535757422447205,1.0017033762646375,0.001703376299701631,0.001703376299701631,0.1703376299701631
Pythia_plus,136,MUR1.0_MUF1.0_PDF26154,pdf,9,1.74,1.95,0.738723874092102,0.7399769425392151,1.0016962609319389,0.001696260878816247,0.001696260878816247,0.1696260878816247
Pythia_plus,136,MUR1.0_MUF1.0_PDF26154,pdf,10,1.95,2.18,0.753097414970398,0.754030168056488,1.0012385556868852,0.001238555647432804,0.001238555647432804,0.12385556474328041
Pythia_plus,136,MUR1.0_MUF1.0_PDF26154,pdf,11,2.18,2.5,0.7340506911277771,0.7350220084190369,1.0013232291761316,0.0013232291676104069,0.0013232291676104069,0.1323229167610407
Pythia_plus,137,MUR1.0_MUF1.0_PDF26155,pdf,1,0.0,0.21,0.7990407943725586,0.7993237972259521,1.0003541782289298,0.00035417822073213756,0.00035417822073213756,0.035417822073213756
Pythia_plus,137,MUR1.0_MUF1.0_PDF26155,pdf,2,0.21,0.42,0.7416394948959351,0.7419083118438721,1.0003624630966756,0.0003624630917329341,0.0003624630917329341,0.03624630917329341
Pythia_plus,137,MUR1.0_MUF1.0_PDF26155,pdf,3,0.42,0.63,0.74241703748703,0.7425554394721985,1.000186420809572,0.00018642080249264836,0.00018642080249264836,0.018642080249264836
Pythia_plus,137,MUR1.0_MUF1.0_PDF26155,pdf,4,0.63,0.84,0.716408371925354,0.7171570658683777,1.0010450658763403,0.0010450659319758415,0.0010450659319758415,0.10450659319758415
Pythia_plus,137,MUR1.0_MUF1.0_PDF26155,pdf,5,0.84,1.05,0.7636825442314148,0.7644813656806946,1.0010460124502174,0.0010460125049576163,0.0010460125049576163,0.10460125049576163
Pythia_plus,137,MUR1.0_MUF1.0_PDF26155,pdf,6,1.05,1.37,0.7446764707565308,0.7453605532646179,1.0009186304857896,0.0009186305105686188,0.0009186305105686188,0.09186305105686188
Pythia_plus,137,MUR1.0_MUF1.0_PDF26155,pdf,7,1.37,1.52,0.7529962062835693,0.7547807097434998,1.0023698704522535,0.0023698704317212105,0.0023698704317212105,0.23698704317212105
Pythia_plus,137,MUR1.0_MUF1.0_PDF26155,pdf,8,1.52,1.74,0.7522943019866943,0.7535773515701294,1.0017055154878174,0.001705515431240201,0.001705515431240201,0.1705515431240201
Pythia_plus,137,MUR1.0_MUF1.0_PDF26155,pdf,9,1.74,1.95,0.738723874092102,0.7399778366088867,1.0016974712213353,0.0016974712489172816,0.0016974712489172816,0.16974712489172816
Pythia_plus,137,MUR1.0_MUF1.0_PDF26155,pdf,10,1.95,2.18,0.753097414970398,0.7540298700332642,1.0012381599569067,0.0012381599517539144,0.0012381599517539144,0.12381599517539144
Pythia_plus,137,MUR1.0_MUF1.0_PDF26155,pdf,11,2.18,2.5,0.7340506911277771,0.735020637512207,1.0013213615846335,0.0013213616330176592,0.0013213616330176592,0.13213616330176592
Pythia_plus,138,MUR1.0_MUF1.0_PDF26156,pdf,1,0.0,0.21,0.7990407943725586,0.7993265390396118,1.0003576096102547,0.0003576096205506474,0.0003576096205506474,0.03576096205506474
Pythia_plus,138,MUR1.0_MUF1.0_PDF26156,pdf,2,0.21,0.42,0.7416394948959351,0.7419077754020691,1.0003617397778575,0.0003617397742345929,0.0003617397742345929,0.03617397742345929
Pythia_plus,138,MUR1.0_MUF1.0_PDF26156,pdf,3,0.42,0.63,0.74241703748703,0.7425559163093567,1.000187063086263,0.0001870630803750828,0.0001870630803750828,0.01870630803750828
Pythia_plus,138,MUR1.0_MUF1.0_PDF26156,pdf,4,0.63,0.84,0.716408371925354,0.7171574234962463,1.0010455650718866,0.0010455651208758354,0.0010455651208758354,0.10455651208758354
Pythia_plus,138,MUR1.0_MUF1.0_PDF26156,pdf,5,0.84,1.05,0.7636825442314148,0.7644795775413513,1.0010436709807722,0.0010436709271743894,0.0010436709271743894,0.10436709271743894
Pythia_plus,138,MUR1.0_MUF1.0_PDF26156,pdf,6,1.05,1.37,0.7446764707565308,0.7453572750091553,1.000914228231131,0.0009142282069660723,0.0009142282069660723,0.09142282069660723
Pythia_plus,138,MUR1.0_MUF1.0_PDF26156,pdf,7,1.37,1.52,0.7529962062835693,0.7547797560691833,1.0023686039461166,0.0023686038330197334,0.0023686038330197334,0.23686038330197334
Pythia_plus,138,MUR1.0_MUF1.0_PDF26156,pdf,8,1.52,1.74,0.7522943019866943,0.7535771727561951,1.0017052777963529,0.0017052778275683522,0.0017052778275683522,0.17052778275683522
Pythia_plus,138,MUR1.0_MUF1.0_PDF26156,pdf,9,1.74,1.95,0.738723874092102,0.7399775385856628,1.0016970677915364,0.0016970677534118295,0.0016970677534118295,0.16970677534118295
Pythia_plus,138,MUR1.0_MUF1.0_PDF26156,pdf,10,1.95,2.18,0.753097414970398,0.7540335655212402,1.0012430670086407,0.0012430669739842415,0.0012430669739842415,0.12430669739842415
Pythia_plus,138,MUR1.0_MUF1.0_PDF26156,pdf,11,2.18,2.5,0.7340506911277771,0.7350253462791443,1.001327776355431,0.001327776350080967,0.001327776350080967,0.1327776350080967
Pythia_plus,139,MUR1.0_MUF1.0_PDF26157,pdf,1,0.0,0.21,0.7990407943725586,0.7993263602256775,1.0003573858245163,0.0003573858120944351,0.0003573858120944351,0.03573858120944351
Pythia_plus,139,MUR1.0_MUF1.0_PDF26157,pdf,2,0.21,0.42,0.7416394948959351,0.7419073581695557,1.0003611771965546,0.00036117719719186425,0.00036117719719186425,0.036117719719186425
Pythia_plus,139,MUR1.0_MUF1.0_PDF26157,pdf,3,0.42,0.63,0.74241703748703,0.7425562739372253,1.0001875447937814,0.00018754479242488742,0.00018754479242488742,0.018754479242488742
Pythia_plus,139,MUR1.0_MUF1.0_PDF26157,pdf,4,0.63,0.84,0.716408371925354,0.717157781124115,1.001046064267433,0.0010460643097758293,0.0010460643097758293,0.10460643097758293
Pythia_plus,139,MUR1.0_MUF1.0_PDF26157,pdf,5,0.84,1.05,0.7636825442314148,0.7644797563552856,1.0010439051277167,0.0010439051548019052,0.0010439051548019052,0.10439051548019052
Pythia_plus,139,MUR1.0_MUF1.0_PDF26157,pdf,6,1.05,1.37,0.7446764707565308,0.7453573942184448,1.0009143883131184,0.0009143883362412453,0.0009143883362412453,0.09143883362412453
Pythia_plus,139,MUR1.0_MUF1.0_PDF26157,pdf,7,1.37,1.52,0.7529962062835693,0.7547796964645386,1.002368524789483,0.0023685249034315348,0.0023685249034315348,0.23685249034315348
Pythia_plus,139,MUR1.0_MUF1.0_PDF26157,pdf,8,1.52,1.74,0.7522943019866943,0.7535769939422607,1.0017050401048886,0.0017050401074811816,0.0017050401074811816,0.17050401074811816
Pythia_plus,139,MUR1.0_MUF1.0_PDF26157,pdf,9,1.74,1.95,0.738723874092102,0.7399781942367554,1.001697955337094,0.001697955303825438,0.001697955303825438,0.1697955303825438
Pythia_plus,139,MUR1.0_MUF1.0_PDF26157,pdf,10,1.95,2.18,0.753097414970398,0.7540338039398193,1.0012433835926235,0.0012433836236596107,0.0012433836236596107,0.12433836236596107
Pythia_plus,139,MUR1.0_MUF1.0_PDF26157,pdf,11,2.18,2.5,0.7340506911277771,0.7350257039070129,1.001328263553213,0.0013282635482028127,0.0013282635482028127,0.13282635482028127
Pythia_plus,140,MUR1.0_MUF1.0_PDF26158,pdf,1,0.0,0.21,0.7990407943725586,0.7993267178535461,1.0003578333959933,0.0003578333999030292,0.0003578333999030292,0.03578333999030292
Pythia_plus,140,MUR1.0_MUF1.0_PDF26158,pdf,2,0.21,0.42,0.7416394948959351,0.7419074773788452,1.0003613379340697,0.0003613379376474768,0.0003613379376474768,0.03613379376474768
Pythia_plus,140,MUR1.0_MUF1.0_PDF26158,pdf,3,0.42,0.63,0.74241703748703,0.7425564527511597,1.0001877856475405,0.00018778564117383212,0.00018778564117383212,0.018778564117383212
Pythia_plus,140,MUR1.0_MUF1.0_PDF26158,pdf,4,0.63,0.84,0.716408371925354,0.717157781124115,1.001046064267433,0.0010460643097758293,0.0010460643097758293,0.10460643097758293
Pythia_plus,140,MUR1.0_MUF1.0_PDF26158,pdf,5,0.84,1.05,0.7636825442314148,0.7644795179367065,1.0010435929317907,0.0010435929289087653,0.0010435929289087653,0.10435929289087653
Pythia_plus,140,MUR1.0_MUF1.0_PDF26158,pdf,6,1.05,1.37,0.7446764707565308,0.7453569173812866,1.0009137479851682,0.0009137479937635362,0.0009137479937635362,0.09137479937635362
Pythia_plus,140,MUR1.0_MUF1.0_PDF26158,pdf,7,1.37,1.52,0.7529962062835693,0.754779040813446,1.0023676540665138,0.0023676541168242693,0.0023676541168242693,0.23676541168242693
Pythia_plus,140,MUR1.0_MUF1.0_PDF26158,pdf,8,1.52,1.74,0.7522943019866943,0.7535774111747742,1.0017055947183056,0.0017055947100743651,0.0017055947100743651,0.17055947100743651
Pythia_plus,140,MUR1.0_MUF1.0_PDF26158,pdf,9,1.74,1.95,0.738723874092102,0.739977240562439,1.0016966643617378,0.0016966643743216991,0.0016966643743216991,0.16966643743216991
Pythia_plus,140,MUR1.0_MUF1.0_PDF26158,pdf,10,1.95,2.18,0.753097414970398,0.7540331482887268,1.0012425129866707,0.001242512953467667,0.001242512953467667,0.12425129534676671
Pythia_plus,140,MUR1.0_MUF1.0_PDF26158,pdf,11,2.18,2.5,0.7340506911277771,0.7350254058837891,1.0013278575550613,0.0013278576079756021,0.0013278576079756021,0.13278576079756021
Pythia_plus,141,MUR1.0_MUF1.0_PDF26159,pdf,1,0.0,0.21,0.7990407943725586,0.7993271946907043,1.0003584301579629,0.00035843014484271407,0.00035843014484271407,0.03584301448427141
Pythia_plus,141,MUR1.0_MUF1.0_PDF26159,pdf,2,0.21,0.42,0.7416394948959351,0.7419071197509766,1.0003608557215242,0.00036085571628063917,0.00036085571628063917,0.03608557162806392
Pythia_plus,141,MUR1.0_MUF1.0_PDF26159,pdf,3,0.42,0.63,0.74241703748703,0.7425561547279358,1.0001873842246087,0.00018738422659225762,0.00018738422659225762,0.018738422659225762
Pythia_plus,141,MUR1.0_MUF1.0_PDF26159,pdf,4,0.63,0.84,0.716408371925354,0.717157781124115,1.001046064267433,0.0010460643097758293,0.0010460643097758293,0.10460643097758293
Pythia_plus,141,MUR1.0_MUF1.0_PDF26159,pdf,5,0.84,1.05,0.7636825442314148,0.7644799947738647,1.0010442173236427,0.001044217380695045,0.001044217380695045,0.1044217380695045
Pythia_plus,141,MUR1.0_MUF1.0_PDF26159,pdf,6,1.05,1.37,0.7446764707565308,0.7453585267066956,1.0009159090920006,0.0009159090695902705,0.0009159090695902705,0.09159090695902705
Pythia_plus,141,MUR1.0_MUF1.0_PDF26159,pdf,7,1.37,1.52,0.7529962062835693,0.7547801733016968,1.0023691580425513,0.0023691579699516296,0.0023691579699516296,0.23691579699516296
Pythia_plus,141,MUR1.0_MUF1.0_PDF26159,pdf,8,1.52,1.74,0.7522943019866943,0.7535783052444458,1.0017067831756277,0.0017067831940948963,0.0017067831940948963,0.17067831940948963
Pythia_plus,141,MUR1.0_MUF1.0_PDF26159,pdf,9,1.74,1.95,0.738723874092102,0.7399784922599792,1.0016983587668926,0.0016983587993308902,0.0016983587993308902,0.16983587993308902
Pythia_plus,141,MUR1.0_MUF1.0_PDF26159,pdf,10,1.95,2.18,0.753097414970398,0.7540330290794373,1.0012423546946794,0.0012423547450453043,0.0012423547450453043,0.12423547450453043
Pythia_plus,141,MUR1.0_MUF1.0_PDF26159,pdf,11,2.18,2.5,0.7340506911277771,0.735026478767395,1.0013293191484076,0.0013293192023411393,0.0013293192023411393,0.13293192023411393
Pythia_plus,142,MUR1.0_MUF1.0_PDF26160,pdf,1,0.0,0.21,0.7990407943725586,0.79932701587677,1.0003582063722243,0.00035820636549033225,0.00035820636549033225,0.035820636549033225
Pythia_plus,142,MUR1.0_MUF1.0_PDF26160,pdf,2,0.21,0.42,0.7416394948959351,0.741907000541687,1.000360694984009,0.00036069497582502663,0.00036069497582502663,0.03606949758250266
Pythia_plus,142,MUR1.0_MUF1.0_PDF26160,pdf,3,0.42,0.63,0.74241703748703,0.7425544261932373,1.0001850559716037,0.00018505597836337984,0.00018505597836337984,0.018505597836337984
Pythia_plus,142,MUR1.0_MUF1.0_PDF26160,pdf,4,0.63,0.84,0.716408371925354,0.7171562910079956,1.0010439842859897,0.0010439843172207475,0.0010439843172207475,0.10439843172207475
Pythia_plus,142,MUR1.0_MUF1.0_PDF26160,pdf,5,0.84,1.05,0.7636825442314148,0.7644788026809692,1.0010426563440125,0.0010426563676446676,0.0010426563676446676,0.10426563676446676
Pythia_plus,142,MUR1.0_MUF1.0_PDF26160,pdf,6,1.05,1.37,0.7446764707565308,0.7453595995903015,1.000917349829889,0.0009173498256132007,0.0009173498256132007,0.09173498256132007
Pythia_plus,142,MUR1.0_MUF1.0_PDF26160,pdf,7,1.37,1.52,0.7529962062835693,0.7547804713249207,1.0023695538257194,0.0023695537820458412,0.0023695537820458412,0.23695537820458412
Pythia_plus,142,MUR1.0_MUF1.0_PDF26160,pdf,8,1.52,1.74,0.7522943019866943,0.7535787224769592,1.0017073377890446,0.0017073377966880798,0.0017073377966880798,0.17073377966880798
Pythia_plus,142,MUR1.0_MUF1.0_PDF26160,pdf,9,1.74,1.95,0.738723874092102,0.7399789094924927,1.001698923568611,0.0016989235300570726,0.0016989235300570726,0.16989235300570726
Pythia_plus,142,MUR1.0_MUF1.0_PDF26160,pdf,10,1.95,2.18,0.753097414970398,0.7540334463119507,1.0012429087166492,0.0012429087655618787,0.0012429087655618787,0.12429087655618787
Pythia_plus,142,MUR1.0_MUF1.0_PDF26160,pdf,11,2.18,2.5,0.7340506911277771,0.7350252270698547,1.0013276139561702,0.0013276139507070184,0.0013276139507070184,0.13276139507070184
Pythia_plus,143,MUR1.0_MUF1.0_PDF26161,pdf,1,0.0,0.21,0.7990407943725586,0.799326479434967,1.0003575350150085,0.00035753502743318677,0.00035753502743318677,0.03575350274331868
Pythia_plus,143,MUR1.0_MUF1.0_PDF26161,pdf,2,0.21,0.42,0.7416394948959351,0.7419077754020691,1.0003617397778575,0.0003617397742345929,0.0003617397742345929,0.03617397742345929
Pythia_plus,143,MUR1.0_MUF1.0_PDF26161,pdf,3,0.42,0.63,0.74241703748703,0.7425562143325806,1.000187464509195,0.00018746450950857252,0.00018746450950857252,0.018746450950857252
Pythia_plus,143,MUR1.0_MUF1.0_PDF26161,pdf,4,0.63,0.84,0.716408371925354,0.7171573042869568,1.0010453986733712,0.001045398646965623,0.001045398646965623,0.10453986469656229
Pythia_plus,143,MUR1.0_MUF1.0_PDF26161,pdf,5,0.84,1.05,0.7636825442314148,0.7644795179367065,1.0010435929317907,0.0010435929289087653,0.0010435929289087653,0.10435929289087653
Pythia_plus,143,MUR1.0_MUF1.0_PDF26161,pdf,6,1.05,1.37,0.7446764707565308,0.7453574538230896,1.0009144683541122,0.0009144683717750013,0.0009144683717750013,0.09144683717750013
Pythia_plus,143,MUR1.0_MUF1.0_PDF26161,pdf,7,1.37,1.52,0.7529962062835693,0.7547800540924072,1.0023689997292844,0.002368999645113945,0.002368999645113945,0.2368999645113945
Pythia_plus,143,MUR1.0_MUF1.0_PDF26161,pdf,8,1.52,1.74,0.7522943019866943,0.753576934337616,1.0017049608744004,0.0017049608286470175,0.0017049608286470175,0.17049608286470175
Pythia_plus,143,MUR1.0_MUF1.0_PDF26161,pdf,9,1.74,1.95,0.738723874092102,0.7399773597717285,1.0016968257336574,0.0016968257259577513,0.0016968257259577513,0.16968257259577513
Pythia_plus,143,MUR1.0_MUF1.0_PDF26161,pdf,10,1.95,2.18,0.753097414970398,0.7540335655212402,1.0012430670086407,0.0012430669739842415,0.0012430669739842415,0.12430669739842415
Pythia_plus,143,MUR1.0_MUF1.0_PDF26161,pdf,11,2.18,2.5,0.7340506911277771,0.7350254654884338,1.0013279387546916,0.0013279387494549155,0.0013279387494549155,0.13279387494549155
Pythia_plus,144,MUR1.0_MUF1.0_PDF26162,pdf,1,0.0,0.21,0.7990407943725586,0.7993271946907043,1.0003584301579629,0.00035843014484271407,0.00035843014484271407,0.03584301448427141
Pythia_plus,144,MUR1.0_MUF1.0_PDF26162,pdf,2,0.21,0.42,0.7416394948959351,0.7419071197509766,1.0003608557215242,0.00036085571628063917,0.00036085571628063917,0.03608557162806392
Pythia_plus,144,MUR1.0_MUF1.0_PDF26162,pdf,3,0.42,0.63,0.74241703748703,0.7425557971000671,1.0001869025170904,0.000186902514542453,0.000186902514542453,0.0186902514542453
Pythia_plus,144,MUR1.0_MUF1.0_PDF26162,pdf,4,0.63,0.84,0.716408371925354,0.7171579003334045,1.0010462306659484,0.00104623066727072,0.00104623066727072,0.104623066727072
Pythia_plus,144,MUR1.0_MUF1.0_PDF26162,pdf,5,0.84,1.05,0.7636825442314148,0.7644804120063782,1.0010447636665132,0.0010447637178003788,0.0010447637178003788,0.10447637178003788
Pythia_plus,144,MUR1.0_MUF1.0_PDF26162,pdf,6,1.05,1.37,0.7446764707565308,0.7453582882881165,1.0009155889280255,0.0009155889274552464,0.0009155889274552464,0.09155889274552464
Pythia_plus,144,MUR1.0_MUF1.0_PDF26162,pdf,7,1.37,1.52,0.7529962062835693,0.754780650138855,1.00236979129562,0.002369791269302368,0.002369791269302368,0.23697912693023682
Pythia_plus,144,MUR1.0_MUF1.0_PDF26162,pdf,8,1.52,1.74,0.7522943019866943,0.7535785436630249,1.0017071000975803,0.0017071000766009092,0.0017071000766009092,0.17071000766009092
Pythia_plus,144,MUR1.0_MUF1.0_PDF26162,pdf,9,1.74,1.95,0.738723874092102,0.7399778962135315,1.001697551907295,0.0016975519247353077,0.0016975519247353077,0.16975519247353077
Pythia_plus,144,MUR1.0_MUF1.0_PDF26162,pdf,10,1.95,2.18,0.753097414970398,0.7540308833122253,1.0012395054388337,0.00123950548004359,0.00123950548004359,0.123950548004359
Pythia_plus,144,MUR1.0_MUF1.0_PDF26162,pdf,11,2.18,2.5,0.7340506911277771,0.73502516746521,1.0013275327565399,0.001327532809227705,0.001327532809227705,0.1327532809227705
Pythia_plus,145,MUR1.0_MUF1.0_PDF26200,pdf,1,0.0,0.21,0.7990407943725586,0.7993249893188477,1.0003556701338536,0.00035567014128901064,0.00035567014128901064,0.035567014128901064
Pythia_plus,145,MUR1.0_MUF1.0_PDF26200,pdf,2,0.21,0.42,0.7416394948959351,0.7419074177742004,1.000361257565312,0.0003612575528677553,0.0003612575528677553,0.03612575528677553
Pythia_plus,145,MUR1.0_MUF1.0_PDF26200,pdf,3,0.42,0.63,0.74241703748703,0.7425541877746582,1.0001847348332582,0.000184734832146205,0.000184734832146205,0.0184734832146205
Pythia_plus,145,MUR1.0_MUF1.0_PDF26200,pdf,4,0.63,0.84,0.716408371925354,0.7171570658683777,1.0010450658763403,0.0010450659319758415,0.0010450659319758415,0.10450659319758415
Pythia_plus,145,MUR1.0_MUF1.0_PDF26200,pdf,5,0.84,1.05,0.7636825442314148,0.7644798755645752,1.0010440612256797,0.001044061267748475,0.001044061267748475,0.10440612677484751
Pythia_plus,145,MUR1.0_MUF1.0_PDF26200,pdf,6,1.05,1.37,0.7446764707565308,0.7453613877296448,1.0009197510597028,0.0009197510662488639,0.0009197510662488639,0.0919751066248864
Pythia_plus,145,MUR1.0_MUF1.0_PDF26200,pdf,7,1.37,1.52,0.7529962062835693,0.7547804713249207,1.0023695538257194,0.0023695537820458412,0.0023695537820458412,0.23695537820458412
Pythia_plus,145,MUR1.0_MUF1.0_PDF26200,pdf,8,1.52,1.74,0.7522943019866943,0.7535760998725891,1.0017038516475663,0.0017038516234606504,0.0017038516234606504,0.17038516234606504
Pythia_plus,145,MUR1.0_MUF1.0_PDF26200,pdf,9,1.74,1.95,0.738723874092102,0.7399771809577942,1.001696583675778,0.001696583698503673,0.001696583698503673,0.1696583698503673
Pythia_plus,145,MUR1.0_MUF1.0_PDF26200,pdf,10,1.95,2.18,0.753097414970398,0.7540306448936462,1.0012391888548509,0.0012391888303682208,0.0012391888303682208,0.12391888303682208
Pythia_plus,145,MUR1.0_MUF1.0_PDF26200,pdf,11,2.18,2.5,0.7340506911277771,0.7350220084190369,1.0013232291761316,0.0013232291676104069,0.0013232291676104069,0.1323229167610407
Pythia_plus,146,MUR1.0_MUF1.0_PDF13314,pdf,1,0.0,0.21,0.7990407943725586,0.7990292310714722,0.9999855285222383,-1.447147769795265e-05,1.447147769795265e-05,-0.001447147769795265
Pythia_plus,146,MUR1.0_MUF1.0_PDF13314,pdf,2,0.21,0.42,0.7416394948959351,0.741632878780365,0.9999910790679089,-8.920932486944366e-06,8.920932486944366e-06,-0.0008920932486944366
Pythia_plus,146,MUR1.0_MUF1.0_PDF13314,pdf,3,0.42,0.63,0.74241703748703,0.7424139976501465,0.9999959054860946,-4.094513769814512e-06,4.094513769814512e-06,-0.0004094513769814512
Pythia_plus,146,MUR1.0_MUF1.0_PDF13314,pdf,4,0.63,0.84,0.716408371925354,0.7163811922073364,0.9999620611384753,-3.793886207859032e-05,3.793886207859032e-05,-0.003793886207859032
Pythia_plus,146,MUR1.0_MUF1.0_PDF13314,pdf,5,0.84,1.05,0.7636825442314148,0.7636784911155701,0.9999946926692572,-5.307330866344273e-06,5.307330866344273e-06,-0.0005307330866344273
Pythia_plus,146,MUR1.0_MUF1.0_PDF13314,pdf,6,1.05,1.37,0.7446764707565308,0.7446451187133789,0.9999578984372637,-4.21015611209441e-05,4.21015611209441e-05,-0.00421015611209441
Pythia_plus,146,MUR1.0_MUF1.0_PDF13314,pdf,7,1.37,1.52,0.7529962062835693,0.7529948353767395,0.9999981793974281,-1.8206026197731262e-06,1.8206026197731262e-06,-0.00018206026197731262
Pythia_plus,146,MUR1.0_MUF1.0_PDF13314,pdf,8,1.52,1.74,0.7522943019866943,0.7523053288459778,1.0000146576403068,1.4657640349469148e-05,1.4657640349469148e-05,0.0014657640349469148
Pythia_plus,146,MUR1.0_MUF1.0_PDF13314,pdf,9,1.74,1.95,0.738723874092102,0.738766610622406,1.0000578518331447,5.7851833844324574e-05,5.7851833844324574e-05,0.005785183384432457
Pythia_plus,146,MUR1.0_MUF1.0_PDF13314,pdf,10,1.95,2.18,0.753097414970398,0.7531358599662781,1.0000510491672336,5.104916635900736e-05,5.104916635900736e-05,0.005104916635900736
Pythia_plus,146,MUR1.0_MUF1.0_PDF13314,pdf,11,2.18,2.5,0.7340506911277771,0.7340178489685059,0.9999552590036789,-4.474099478102289e-05,4.474099478102289e-05,-0.004474099478102289
Pythia_plus,147,MUR1.0_MUF1.0_PDF26201,pdf,1,0.0,0.21,0.7990407943725586,0.7992982268333435,1.0003221768683126,0.00032217687112279236,0.00032217687112279236,0.032217687112279236
Pythia_plus,147,MUR1.0_MUF1.0_PDF26201,pdf,2,0.21,0.42,0.7416394948959351,0.7418765425682068,1.0003196265488867,0.0003196265606675297,0.0003196265606675297,0.03196265606675297
Pythia_plus,147,MUR1.0_MUF1.0_PDF26201,pdf,3,0.42,0.63,0.74241703748703,0.7425519227981567,1.0001816840189757,0.0001816840231185779,0.0001816840231185779,0.01816840231185779
Pythia_plus,147,MUR1.0_MUF1.0_PDF26201,pdf,4,0.63,0.84,0.716408371925354,0.7170889973640442,1.0009500523240131,0.0009500523447059095,0.0009500523447059095,0.09500523447059095
Pythia_plus,147,MUR1.0_MUF1.0_PDF26201,pdf,5,0.84,1.05,0.7636825442314148,0.7644333839416504,1.0009831830201006,0.0009831830393522978,0.0009831830393522978,0.09831830393522978
Pythia_plus,147,MUR1.0_MUF1.0_PDF26201,pdf,6,1.05,1.37,0.7446764707565308,0.7453494668006897,1.0009037428609437,0.000903742853552103,0.000903742853552103,0.0903742853552103
Pythia_plus,147,MUR1.0_MUF1.0_PDF26201,pdf,7,1.37,1.52,0.7529962062835693,0.7547375559806824,1.0023125610495536,0.0023125610314309597,0.0023125610314309597,0.23125610314309597
Pythia_plus,147,MUR1.0_MUF1.0_PDF26201,pdf,8,1.52,1.74,0.7522943019866943,0.7536063194274902,1.001744021505056,0.001744021545164287,0.001744021545164287,0.1744021545164287
Pythia_plus,147,MUR1.0_MUF1.0_PDF26201,pdf,9,1.74,1.95,0.738723874092102,0.7400425672531128,1.0017850961736297,0.0017850961303338408,0.0017850961303338408,0.17850961303338408
Pythia_plus,147,MUR1.0_MUF1.0_PDF26201,pdf,10,1.95,2.18,0.753097414970398,0.7541751861572266,1.0014311178944506,0.0014311178820207715,0.0014311178820207715,0.14311178820207715
Pythia_plus,147,MUR1.0_MUF1.0_PDF26201,pdf,11,2.18,2.5,0.7340506911277771,0.7351260781288147,1.0014650037307171,0.0014650037046521902,0.0014650037046521902,0.14650037046521902
Pythia_plus,148,MUR1.0_MUF1.0_PDF26202,pdf,1,0.0,0.21,0.7990407943725586,0.7993539571762085,1.0003919234235041,0.00039192341500893235,0.00039192341500893235,0.039192341500893235
Pythia_plus,148,MUR1.0_MUF1.0_PDF26202,pdf,2,0.21,0.42,0.7416394948959351,0.7419400215148926,1.0004052192757071,0.0004052192671224475,0.0004052192671224475,0.04052192671224475
Pythia_plus,148,MUR1.0_MUF1.0_PDF26202,pdf,3,0.42,0.63,0.74241703748703,0.7425602674484253,1.0001929238610687,0.00019292386423330754,0.00019292386423330754,0.019292386423330754
Pythia_plus,148,MUR1.0_MUF1.0_PDF26202,pdf,4,0.63,0.84,0.716408371925354,0.7172289490699768,1.001145404181162,0.0011454041814431548,0.0011454041814431548,0.11454041814431548
Pythia_plus,148,MUR1.0_MUF1.0_PDF26202,pdf,5,0.84,1.05,0.7636825442314148,0.7645265460014343,1.0011051735782033,0.0011051736073568463,0.0011051736073568463,0.11051736073568463
Pythia_plus,148,MUR1.0_MUF1.0_PDF26202,pdf,6,1.05,1.37,0.7446764707565308,0.7453712224960327,1.000932957823679,0.0009329578024335206,0.0009329578024335206,0.09329578024335206
Pythia_plus,148,MUR1.0_MUF1.0_PDF26202,pdf,7,1.37,1.52,0.7529962062835693,0.7548274993896484,1.0024320084096008,0.002432008506730199,0.002432008506730199,0.24320085067301989
Pythia_plus,148,MUR1.0_MUF1.0_PDF26202,pdf,8,1.52,1.74,0.7522943019866943,0.7535537481307983,1.0016741402145117,0.001674140221439302,0.001674140221439302,0.1674140221439302
Pythia_plus,148,MUR1.0_MUF1.0_PDF26202,pdf,9,1.74,1.95,0.738723874092102,0.7399108409881592,1.00160678020257,0.0016067802207544446,0.0016067802207544446,0.16067802207544446
Pythia_plus,148,MUR1.0_MUF1.0_PDF26202,pdf,10,1.95,2.18,0.753097414970398,0.7538821697235107,1.0010420361795342,0.0010420362232252955,0.0010420362232252955,0.10420362232252955
Pythia_plus,148,MUR1.0_MUF1.0_PDF26202,pdf,11,2.18,2.5,0.7340506911277771,0.7349157929420471,1.0011785314348536,0.0011785314418375492,0.0011785314418375492,0.11785314418375492
Pythia_plus,149,MUR1.0_MUF1.0_PDF26203,pdf,1,0.0,0.21,0.7990407943725586,0.7993011474609375,1.000325832035376,0.00032583202118985355,0.00032583202118985355,0.032583202118985355
Pythia_plus,149,MUR1.0_MUF1.0_PDF26203,pdf,2,0.21,0.42,0.7416394948959351,0.7418848276138306,1.0003307978061902,0.0003307978040538728,0.0003307978040538728,0.03307978040538728
Pythia_plus,149,MUR1.0_MUF1.0_PDF26203,pdf,3,0.42,0.63,0.74241703748703,0.7425815463066101,1.0002215854584062,0.00022158546198625118,0.00022158546198625118,0.022158546198625118
Pythia_plus,149,MUR1.0_MUF1.0_PDF26203,pdf,4,0.63,0.84,0.716408371925354,0.7169908881187439,1.0008131063457903,0.0008131063659675419,0.0008131063659675419,0.0813106365967542
Pythia_plus,149,MUR1.0_MUF1.0_PDF26203,pdf,5,0.84,1.05,0.7636825442314148,0.7643862366676331,1.000921446275725,0.0009214462479576468,0.0009214462479576468,0.09214462479576468
Pythia_plus,149,MUR1.0_MUF1.0_PDF26203,pdf,6,1.05,1.37,0.7446764707565308,0.7452998161315918,1.000837068713112,0.0008370687137357891,0.0008370687137357891,0.0837068713735789
Pythia_plus,149,MUR1.0_MUF1.0_PDF26203,pdf,7,1.37,1.52,0.7529962062835693,0.7546390891075134,1.002181794290907,0.002181794261559844,0.002181794261559844,0.2181794261559844
Pythia_plus,149,MUR1.0_MUF1.0_PDF26203,pdf,8,1.52,1.74,0.7522943019866943,0.7535442113876343,1.0016614633364085,0.0016614632913842797,0.0016614632913842797,0.16614632913842797
Pythia_plus,149,MUR1.0_MUF1.0_PDF26203,pdf,9,1.74,1.95,0.738723874092102,0.7400506734848022,1.0017960694641566,0.0017960694385692477,0.0017960694385692477,0.17960694385692477
Pythia_plus,149,MUR1.0_MUF1.0_PDF26203,pdf,10,1.95,2.18,0.753097414970398,0.7542833089828491,1.0015746887306707,0.0015746887074783444,0.0015746887074783444,0.15746887074783444
Pythia_plus,149,MUR1.0_MUF1.0_PDF26203,pdf,11,2.18,2.5,0.7340506911277771,0.7351399660110474,1.0014839232445878,0.00148392328992486,0.00148392328992486,0.148392328992486
Pythia_plus,150,MUR1.0_MUF1.0_PDF26204,pdf,1,0.0,0.21,0.7990407943725586,0.79933762550354,1.000371484326047,0.0003714843187481165,0.0003714843187481165,0.03714843187481165
Pythia_plus,150,MUR1.0_MUF1.0_PDF26204,pdf,2,0.21,0.42,0.7416394948959351,0.7419208884239197,1.0003794209045247,0.0003794209042098373,0.0003794209042098373,0.03794209042098373
Pythia_plus,150,MUR1.0_MUF1.0_PDF26204,pdf,3,0.42,0.63,0.74241703748703,0.7425432801246643,1.0001700427539508,0.00017004275287035853,0.00017004275287035853,0.017004275287035853
Pythia_plus,150,MUR1.0_MUF1.0_PDF26204,pdf,4,0.63,0.84,0.716408371925354,0.7172509431838989,1.0011761047072643,0.0011761047644540668,0.0011761047644540668,0.11761047644540668
Pythia_plus,150,MUR1.0_MUF1.0_PDF26204,pdf,5,0.84,1.05,0.7636825442314148,0.7645339369773865,1.0011148516519106,0.0011148516787216067,0.0011148516787216067,0.11148516787216067
Pythia_plus,150,MUR1.0_MUF1.0_PDF26204,pdf,6,1.05,1.37,0.7446764707565308,0.7453930974006653,1.0009623328684019,0.000962332880590111,0.000962332880590111,0.0962332880590111
Pythia_plus,150,MUR1.0_MUF1.0_PDF26204,pdf,7,1.37,1.52,0.7529962062835693,0.7548586130142212,1.0024733281723208,0.00247332826256752,0.00247332826256752,0.24733282625675201
Pythia_plus,150,MUR1.0_MUF1.0_PDF26204,pdf,8,1.52,1.74,0.7522943019866943,0.7535973191261292,1.001732057701346,0.0017320576589554548,0.0017320576589554548,0.17320576589554548
Pythia_plus,150,MUR1.0_MUF1.0_PDF26204,pdf,9,1.74,1.95,0.738723874092102,0.739937961101532,1.001643492314259,0.0016434922581538558,0.0016434922581538558,0.16434922581538558
Pythia_plus,150,MUR1.0_MUF1.0_PDF26204,pdf,10,1.95,2.18,0.753097414970398,0.7538931369781494,1.001056599042745,0.0010565990814939141,0.0010565990814939141,0.10565990814939141
Pythia_plus,150,MUR1.0_MUF1.0_PDF26204,pdf,11,2.18,2.5,0.7340506911277771,0.7349608540534973,1.0012399183553957,0.0012399184051901102,0.0012399184051901102,0.12399184051901102
Pythia_plus,151,MUR1.0_MUF1.0_PDF26205,pdf,1,0.0,0.21,0.7990407943725586,0.7992845177650452,1.0003050199616879,0.00030501995934173465,0.00030501995934173465,0.030501995934173465
Pythia_plus,151,MUR1.0_MUF1.0_PDF26205,pdf,2,0.21,0.42,0.7416394948959351,0.7418657541275024,1.0003050798037652,0.0003050797968171537,0.0003050797968171537,0.03050797968171537
Pythia_plus,151,MUR1.0_MUF1.0_PDF26205,pdf,3,0.42,0.63,0.74241703748703,0.7425181269645691,1.0001361626584988,0.0001361626636935398,0.0001361626636935398,0.01361626636935398
Pythia_plus,151,MUR1.0_MUF1.0_PDF26205,pdf,4,0.63,0.84,0.716408371925354,0.7170761227607727,1.0009320812843436,0.0009320813114754856,0.0009320813114754856,0.09320813114754856
Pythia_plus,151,MUR1.0_MUF1.0_PDF26205,pdf,5,0.84,1.05,0.7636825442314148,0.7643842697143555,1.0009188706593353,0.0009188706753775477,0.0009188706753775477,0.09188706753775477
Pythia_plus,151,MUR1.0_MUF1.0_PDF26205,pdf,6,1.05,1.37,0.7446764707565308,0.7452912330627441,1.0008255428100055,0.0008255427819676697,0.0008255427819676697,0.08255427819676697
Pythia_plus,151,MUR1.0_MUF1.0_PDF26205,pdf,7,1.37,1.52,0.7529962062835693,0.7546687722206116,1.0022212142944216,0.0022212143521755934,0.0022212143521755934,0.22212143521755934
Pythia_plus,151,MUR1.0_MUF1.0_PDF26205,pdf,8,1.52,1.74,0.7522943019866943,0.75348299741745,1.0015800936250832,0.0015800936380401254,0.0015800936380401254,0.15800936380401254
Pythia_plus,151,MUR1.0_MUF1.0_PDF26205,pdf,9,1.74,1.95,0.738723874092102,0.7399039268493652,1.0015974206312386,0.0015974206617102027,0.0015974206617102027,0.15974206617102027
Pythia_plus,151,MUR1.0_MUF1.0_PDF26205,pdf,10,1.95,2.18,0.753097414970398,0.7540126442909241,1.001215286764146,0.00121528678573668,0.00121528678573668,0.121528678573668
Pythia_plus,151,MUR1.0_MUF1.0_PDF26205,pdf,11,2.18,2.5,0.7340506911277771,0.7349838018417358,1.0012711802130791,0.0012711802264675498,0.0012711802264675498,0.12711802264675498
Pythia_plus,152,MUR1.0_MUF1.0_PDF26206,pdf,1,0.0,0.21,0.7990407943725586,0.7993829846382141,1.0004282513084006,0.0004282513109501451,0.0004282513109501451,0.04282513109501451
Pythia_plus,152,MUR1.0_MUF1.0_PDF26206,pdf,2,0.21,0.42,0.7416394948959351,0.7419641613960266,1.000437768622526,0.00043776861275546253,0.00043776861275546253,0.04377686127554625
Pythia_plus,152,MUR1.0_MUF1.0_PDF26206,pdf,3,0.42,0.63,0.74241703748703,0.7426109313964844,1.000261165759491,0.0002611657546367496,0.0002611657546367496,0.026116575463674963
Pythia_plus,152,MUR1.0_MUF1.0_PDF26206,pdf,4,0.63,0.84,0.716408371925354,0.7172749042510986,1.0012095508088714,0.0012095507699996233,0.0012095507699996233,0.12095507699996233
Pythia_plus,152,MUR1.0_MUF1.0_PDF26206,pdf,5,0.84,1.05,0.7636825442314148,0.7646148204803467,1.0012207641198216,0.0012207641266286373,0.0012207641266286373,0.12207641266286373
Pythia_plus,152,MUR1.0_MUF1.0_PDF26206,pdf,6,1.05,1.37,0.7446764707565308,0.7454571723937988,1.001048376936732,0.0010483769001439214,0.0010483769001439214,0.10483769001439214
Pythia_plus,152,MUR1.0_MUF1.0_PDF26206,pdf,7,1.37,1.52,0.7529962062835693,0.7549354434013367,1.002575361072984,0.002575361169874668,0.002575361169874668,0.2575361169874668
Pythia_plus,152,MUR1.0_MUF1.0_PDF26206,pdf,8,1.52,1.74,0.7522943019866943,0.7537078857421875,1.0018790302568557,0.0018790302565321326,0.0018790302565321326,0.18790302565321326
Pythia_plus,152,MUR1.0_MUF1.0_PDF26206,pdf,9,1.74,1.95,0.738723874092102,0.7400789260864258,1.0018343146090805,0.0018343146657571197,0.0018343146657571197,0.18343146657571197
Pythia_plus,152,MUR1.0_MUF1.0_PDF26206,pdf,10,1.95,2.18,0.753097414970398,0.7540587782859802,1.0012765457648265,0.0012765458086505532,0.0012765458086505532,0.12765458086505532
Pythia_plus,152,MUR1.0_MUF1.0_PDF26206,pdf,11,2.18,2.5,0.7340506911277771,0.7350767254829407,1.0013977704367898,0.0013977704802528024,0.0013977704802528024,0.13977704802528024
Pythia_plus,153,MUR1.0_MUF1.0_PDF26207,pdf,1,0.0,0.21,0.7990407943725586,0.7992874979972839,1.0003087497239975,0.0003087497316300869,0.0003087497316300869,0.03087497316300869
Pythia_plus,153,MUR1.0_MUF1.0_PDF26207,pdf,2,0.21,0.42,0.7416394948959351,0.7418592572212219,1.0002963196091892,0.00029631960205733776,0.00029631960205733776,0.029631960205733776
Pythia_plus,153,MUR1.0_MUF1.0_PDF26207,pdf,3,0.42,0.63,0.74241703748703,0.7425022721290588,1.000114806958522,0.00011480695684440434,0.00011480695684440434,0.011480695684440434
Pythia_plus,153,MUR1.0_MUF1.0_PDF26207,pdf,4,0.63,0.84,0.716408371925354,0.7171754240989685,1.001070691247721,0.0010706912726163864,0.0010706912726163864,0.10706912726163864
Pythia_plus,153,MUR1.0_MUF1.0_PDF26207,pdf,5,0.84,1.05,0.7636825442314148,0.7644498944282532,1.0010048025879794,0.0010048026451840997,0.0010048026451840997,0.10048026451840997
Pythia_plus,153,MUR1.0_MUF1.0_PDF26207,pdf,6,1.05,1.37,0.7446764707565308,0.7453697323799133,1.000930956798834,0.0009309567976742983,0.0009309567976742983,0.09309567976742983
Pythia_plus,153,MUR1.0_MUF1.0_PDF26207,pdf,7,1.37,1.52,0.7529962062835693,0.7547776103019714,1.0023657543073081,0.0023657542187720537,0.0023657542187720537,0.23657542187720537
Pythia_plus,153,MUR1.0_MUF1.0_PDF26207,pdf,8,1.52,1.74,0.7522943019866943,0.7535943388938904,1.0017280961769388,0.001728096161969006,0.001728096161969006,0.1728096161969006
Pythia_plus,153,MUR1.0_MUF1.0_PDF26207,pdf,9,1.74,1.95,0.738723874092102,0.7399493455886841,1.0016589033325722,0.0016589033184573054,0.0016589033184573054,0.16589033184573054
Pythia_plus,153,MUR1.0_MUF1.0_PDF26207,pdf,10,1.95,2.18,0.753097414970398,0.753975510597229,1.0011659788088179,0.0011659788433462381,0.0011659788433462381,0.11659788433462381
Pythia_plus,153,MUR1.0_MUF1.0_PDF26207,pdf,11,2.18,2.5,0.7340506911277771,0.7350450158119202,1.0013545722334454,0.0013545722467824817,0.0013545722467824817,0.13545722467824817
Pythia_plus,154,MUR1.0_MUF1.0_PDF26208,pdf,1,0.0,0.21,0.7990407943725586,0.7993596196174622,1.0003990099718925,0.00039900996489450336,0.00039900996489450336,0.039900996489450336
Pythia_plus,154,MUR1.0_MUF1.0_PDF26208,pdf,2,0.21,0.42,0.7416394948959351,0.7419522404670715,1.0004216948710105,0.00042169485823251307,0.00042169485823251307,0.04216948582325131
Pythia_plus,154,MUR1.0_MUF1.0_PDF26208,pdf,3,0.42,0.63,0.74241703748703,0.7426043748855591,1.0002523344549894,0.0002523344592191279,0.0002523344592191279,0.02523344592191279
Pythia_plus,154,MUR1.0_MUF1.0_PDF26208,pdf,4,0.63,0.84,0.716408371925354,0.7171406149864197,1.001022102881207,0.0010221028933301568,0.0010221028933301568,0.10221028933301568
Pythia_plus,154,MUR1.0_MUF1.0_PDF26208,pdf,5,0.84,1.05,0.7636825442314148,0.7645077109336853,1.0010805101000455,0.0010805100901052356,0.0010805100901052356,0.10805100901052356
Pythia_plus,154,MUR1.0_MUF1.0_PDF26208,pdf,6,1.05,1.37,0.7446764707565308,0.7453517913818359,1.0009068644597017,0.0009068644721992314,0.0009068644721992314,0.09068644721992314
Pythia_plus,154,MUR1.0_MUF1.0_PDF26208,pdf,7,1.37,1.52,0.7529962062835693,0.7547847032546997,1.0023751739467022,0.0023751738481223583,0.0023751738481223583,0.23751738481223583
Pythia_plus,154,MUR1.0_MUF1.0_PDF26208,pdf,8,1.52,1.74,0.7522943019866943,0.7535679340362549,1.0016929970706905,0.001692997058853507,0.001692997058853507,0.1692997058853507
Pythia_plus,154,MUR1.0_MUF1.0_PDF26208,pdf,9,1.74,1.95,0.738723874092102,0.7400078177452087,1.0017380562590923,0.0017380563076585531,0.0017380563076585531,0.1738056307658553
Pythia_plus,154,MUR1.0_MUF1.0_PDF26208,pdf,10,1.95,2.18,0.753097414970398,0.7540850639343262,1.0013114491489352,0.0013114491011947393,0.0013114491011947393,0.13114491011947393
Pythia_plus,154,MUR1.0_MUF1.0_PDF26208,pdf,11,2.18,2.5,0.7340506911277771,0.7350013852119446,1.0012951341040315,0.0012951340759173036,0.0012951340759173036,0.12951340759173036
Pythia_plus,155,MUR1.0_MUF1.0_PDF26209,pdf,1,0.0,0.21,0.7990407943725586,0.7994616627693176,1.000526717033377,0.0005267170490697026,0.0005267170490697026,0.05267170490697026
Pythia_plus,155,MUR1.0_MUF1.0_PDF26209,pdf,2,0.21,0.42,0.7416394948959351,0.7420667409896851,1.0005760832543173,0.0005760832573287189,0.0005760832573287189,0.05760832573287189
Pythia_plus,155,MUR1.0_MUF1.0_PDF26209,pdf,3,0.42,0.63,0.74241703748703,0.7427167892456055,1.0004037511849002,0.00040375118260271847,0.00040375118260271847,0.04037511826027185
Pythia_plus,155,MUR1.0_MUF1.0_PDF26209,pdf,4,0.63,0.84,0.716408371925354,0.7172278761863708,1.001143906594523,0.0011439066147431731,0.0011439066147431731,0.11439066147431731
Pythia_plus,155,MUR1.0_MUF1.0_PDF26209,pdf,5,0.84,1.05,0.7636825442314148,0.7647062540054321,1.0013404912574604,0.0013404912315309048,0.0013404912315309048,0.13404912315309048
Pythia_plus,155,MUR1.0_MUF1.0_PDF26209,pdf,6,1.05,1.37,0.7446764707565308,0.7454081773757935,1.000982583239832,0.0009825832676142454,0.0009825832676142454,0.09825832676142454
Pythia_plus,155,MUR1.0_MUF1.0_PDF26209,pdf,7,1.37,1.52,0.7529962062835693,0.7549576759338379,1.0026048864973032,0.0026048864237964153,0.0026048864237964153,0.26048864237964153
Pythia_plus,155,MUR1.0_MUF1.0_PDF26209,pdf,8,1.52,1.74,0.7522943019866943,0.7536879181861877,1.001852488043327,0.0018524880288168788,0.0018524880288168788,0.18524880288168788
Pythia_plus,155,MUR1.0_MUF1.0_PDF26209,pdf,9,1.74,1.95,0.738723874092102,0.7402451038360596,1.0020592670648787,0.002059267135336995,0.002059267135336995,0.2059267135336995
Pythia_plus,155,MUR1.0_MUF1.0_PDF26209,pdf,10,1.95,2.18,0.753097414970398,0.7541921138763428,1.0014535953572326,0.001453595352359116,0.001453595352359116,0.1453595352359116
Pythia_plus,155,MUR1.0_MUF1.0_PDF26209,pdf,11,2.18,2.5,0.7340506911277771,0.734832227230072,1.0010646895531072,0.0010646895971149206,0.0010646895971149206,0.10646895971149206
Pythia_plus,156,MUR1.0_MUF1.0_PDF26210,pdf,1,0.0,0.21,0.7990407943725586,0.7991880774497986,1.0001843248533457,0.000184324846486561,0.000184324846486561,0.0184324846486561
Pythia_plus,156,MUR1.0_MUF1.0_PDF26210,pdf,2,0.21,0.42,0.7416394948959351,0.7417433261871338,1.0001400023757006,0.00014000237570144236,0.00014000237570144236,0.014000237570144236
Pythia_plus,156,MUR1.0_MUF1.0_PDF26210,pdf,3,0.42,0.63,0.74241703748703,0.7423912882804871,0.9999653170586843,-3.468294016784057e-05,3.468294016784057e-05,-0.003468294016784057
Pythia_plus,156,MUR1.0_MUF1.0_PDF26210,pdf,4,0.63,0.84,0.716408371925354,0.7170814871788025,1.0009395692175393,0.0009395692031830549,0.0009395692031830549,0.09395692031830549
Pythia_plus,156,MUR1.0_MUF1.0_PDF26210,pdf,5,0.84,1.05,0.7636825442314148,0.7642484903335571,1.0007410750794519,0.000741075084079057,0.000741075084079057,0.0741075084079057
Pythia_plus,156,MUR1.0_MUF1.0_PDF26210,pdf,6,1.05,1.37,0.7446764707565308,0.7453114986419678,1.000852756747896,0.000852756726089865,0.000852756726089865,0.0852756726089865
Pythia_plus,156,MUR1.0_MUF1.0_PDF26210,pdf,7,1.37,1.52,0.7529962062835693,0.7545984983444214,1.0021278886234504,0.002127888612449169,0.002127888612449169,0.21278886124491692
Pythia_plus,156,MUR1.0_MUF1.0_PDF26210,pdf,8,1.52,1.74,0.7522943019866943,0.7534651756286621,1.0015564037091278,0.0015564037021249533,0.0015564037021249533,0.15564037021249533
Pythia_plus,156,MUR1.0_MUF1.0_PDF26210,pdf,9,1.74,1.95,0.738723874092102,0.73970627784729,1.0013298659886893,0.0013298660051077604,0.0013298660051077604,0.13298660051077604
Pythia_plus,156,MUR1.0_MUF1.0_PDF26210,pdf,10,1.95,2.18,0.753097414970398,0.7538661956787109,1.0010208250526835,0.0010208250023424625,0.0010208250023424625,0.10208250023424625
Pythia_plus,156,MUR1.0_MUF1.0_PDF26210,pdf,11,2.18,2.5,0.7340506911277771,0.735211968421936,1.0015820123980468,0.001582012395374477,0.001582012395374477,0.1582012395374477
Pythia_plus,157,MUR1.0_MUF1.0_PDF13315,pdf,1,0.0,0.21,0.7990407943725586,0.7990291714668274,0.9999854539269921,-1.4546072634402663e-05,1.4546072634402663e-05,-0.0014546072634402663
Pythia_plus,157,MUR1.0_MUF1.0_PDF13315,pdf,2,0.21,0.42,0.7416394948959351,0.7416331768035889,0.9999914809116968,-8.51908862387063e-06,8.51908862387063e-06,-0.000851908862387063
Pythia_plus,157,MUR1.0_MUF1.0_PDF13315,pdf,3,0.42,0.63,0.74241703748703,0.7424149513244629,0.9999971900394767,-2.809960506056086e-06,2.809960506056086e-06,-0.0002809960506056086
Pythia_plus,157,MUR1.0_MUF1.0_PDF13315,pdf,4,0.63,0.84,0.716408371925354,0.7163801193237305,0.9999605635518363,-3.9436446968466043e-05,3.9436446968466043e-05,-0.003943644696846604
Pythia_plus,157,MUR1.0_MUF1.0_PDF13315,pdf,5,0.84,1.05,0.7636825442314148,0.7636798620223999,0.999996487795832,-3.5122041026625084e-06,3.5122041026625084e-06,-0.00035122041026625084
Pythia_plus,157,MUR1.0_MUF1.0_PDF13315,pdf,6,1.05,1.37,0.7446764707565308,0.744644284248352,0.9999567778633505,-4.3222134991083294e-05,4.3222134991083294e-05,-0.004322213499108329
Pythia_plus,157,MUR1.0_MUF1.0_PDF13315,pdf,7,1.37,1.52,0.7529962062835693,0.752993106842041,0.9999958838550547,-4.116144737054128e-06,4.116144737054128e-06,-0.0004116144737054128
Pythia_plus,157,MUR1.0_MUF1.0_PDF13315,pdf,8,1.52,1.74,0.7522943019866943,0.7523040175437927,1.0000129145695678,1.2914569197164383e-05,1.2914569197164383e-05,0.0012914569197164383
Pythia_plus,157,MUR1.0_MUF1.0_PDF13315,pdf,9,1.74,1.95,0.738723874092102,0.7387699484825134,1.000062370246891,6.237024354049936e-05,6.237024354049936e-05,0.006237024354049936
Pythia_plus,157,MUR1.0_MUF1.0_PDF13315,pdf,10,1.95,2.18,0.753097414970398,0.7531362771987915,1.0000516031892037,5.160319051356055e-05,5.160319051356055e-05,0.005160319051356055
Pythia_plus,157,MUR1.0_MUF1.0_PDF13315,pdf,11,2.18,2.5,0.7340506911277771,0.7340157628059387,0.9999524170166167,-4.758298382512294e-05,4.758298382512294e-05,-0.004758298382512294
Pythia_plus,158,MUR1.0_MUF1.0_PDF26211,pdf,1,0.0,0.21,0.7990407943725586,0.799028754234314,0.9999849317602688,-1.5068239918036852e-05,1.5068239918036852e-05,-0.0015068239918036852
Pythia_plus,158,MUR1.0_MUF1.0_PDF26211,pdf,2,0.21,0.42,0.7416394948959351,0.7415310740470886,0.999853809229966,-0.00014619076682720333,0.00014619076682720333,-0.014619076682720333
Pythia_plus,158,MUR1.0_MUF1.0_PDF26211,pdf,3,0.42,0.63,0.74241703748703,0.7422209978103638,0.9997359439953993,-0.00026405599783174694,0.00026405599783174694,-0.026405599783174694
Pythia_plus,158,MUR1.0_MUF1.0_PDF26211,pdf,4,0.63,0.84,0.716408371925354,0.7170186042785645,1.0008517940006347,0.0008517940295860171,0.0008517940295860171,0.08517940295860171
Pythia_plus,158,MUR1.0_MUF1.0_PDF26211,pdf,5,0.84,1.05,0.7636825442314148,0.7638841867446899,1.0002640397044535,0.00026403969968669116,0.00026403969968669116,0.026403969968669116
Pythia_plus,158,MUR1.0_MUF1.0_PDF26211,pdf,6,1.05,1.37,0.7446764707565308,0.7453550100326538,1.0009111866733666,0.0009111866820603609,0.0009111866820603609,0.09111866820603609
Pythia_plus,158,MUR1.0_MUF1.0_PDF26211,pdf,7,1.37,1.52,0.7529962062835693,0.7542961835861206,1.001726406178017,0.0017264061607420444,0.0017264061607420444,0.17264061607420444
Pythia_plus,158,MUR1.0_MUF1.0_PDF26211,pdf,8,1.52,1.74,0.7522943019866943,0.7533830404281616,1.0014472240964634,0.0014472240582108498,0.0014472240582108498,0.14472240582108498
Pythia_plus,158,MUR1.0_MUF1.0_PDF26211,pdf,9,1.74,1.95,0.738723874092102,0.7391535639762878,1.000581665083877,0.0005816650809720159,0.0005816650809720159,0.058166508097201586
Pythia_plus,158,MUR1.0_MUF1.0_PDF26211,pdf,10,1.95,2.18,0.753097414970398,0.7536974549293518,1.000796762738825,0.0007967627607285976,0.0007967627607285976,0.07967627607285976
Pythia_plus,158,MUR1.0_MUF1.0_PDF26211,pdf,11,2.18,2.5,0.7340506911277771,0.7360337376594543,1.0027015117016382,0.0027015116065740585,0.0027015116065740585,0.27015116065740585
Pythia_plus,159,MUR1.0_MUF1.0_PDF26212,pdf,1,0.0,0.21,0.7990407943725586,0.7996243834495544,1.0007303620554868,0.0007303620805032551,0.0007303620805032551,0.07303620805032551
Pythia_plus,159,MUR1.0_MUF1.0_PDF26212,pdf,2,0.21,0.42,0.7416394948959351,0.7422831654548645,1.0008679022130824,0.0008679021848365664,0.0008679021848365664,0.08679021848365664
Pythia_plus,159,MUR1.0_MUF1.0_PDF26212,pdf,3,0.42,0.63,0.74241703748703,0.7428945302963257,1.0006431598214824,0.0006431598449125886,0.0006431598449125886,0.06431598449125886
Pythia_plus,159,MUR1.0_MUF1.0_PDF26212,pdf,4,0.63,0.84,0.716408371925354,0.7172960042953491,1.0012390033461078,0.0012390033807605505,0.0012390033807605505,0.12390033807605505
Pythia_plus,159,MUR1.0_MUF1.0_PDF26212,pdf,5,0.84,1.05,0.7636825442314148,0.7650842666625977,1.0018354778982066,0.0018354778876528144,0.0018354778876528144,0.18354778876528144
Pythia_plus,159,MUR1.0_MUF1.0_PDF26212,pdf,6,1.05,1.37,0.7446764707565308,0.7453643679618835,1.0009237531093924,0.0009237531339749694,0.0009237531339749694,0.09237531339749694
Pythia_plus,159,MUR1.0_MUF1.0_PDF26212,pdf,7,1.37,1.52,0.7529962062835693,0.7552757859230042,1.0030273454506309,0.0030273455195128918,0.0030273455195128918,0.3027345519512892
Pythia_plus,159,MUR1.0_MUF1.0_PDF26212,pdf,8,1.52,1.74,0.7522943019866943,0.753779411315918,1.0019741068426302,0.001974106766283512,0.001974106766283512,0.1974106766283512
Pythia_plus,159,MUR1.0_MUF1.0_PDF26212,pdf,9,1.74,1.95,0.738723874092102,0.7408314943313599,1.002853055536953,0.0028530554845929146,0.0028530554845929146,0.28530554845929146
Pythia_plus,159,MUR1.0_MUF1.0_PDF26212,pdf,10,1.95,2.18,0.753097414970398,0.7543812990188599,1.00170480474762,0.0017048047157004476,0.0017048047157004476,0.17048047157004476
Pythia_plus,159,MUR1.0_MUF1.0_PDF26212,pdf,11,2.18,2.5,0.7340506911277771,0.7339515686035156,0.9998649650147333,-0.00013503499212674797,0.00013503499212674797,-0.013503499212674797
Pythia_plus,160,MUR1.0_MUF1.0_PDF26213,pdf,1,0.0,0.21,0.7990407943725586,0.799628734588623,1.0007358075084591,0.0007358075235970318,0.0007358075235970318,0.07358075235970318
Pythia_plus,160,MUR1.0_MUF1.0_PDF26213,pdf,2,0.21,0.42,0.7416394948959351,0.742286741733551,1.000872724338537,0.0008727243402972817,0.0008727243402972817,0.08727243402972817
Pythia_plus,160,MUR1.0_MUF1.0_PDF26213,pdf,3,0.42,0.63,0.74241703748703,0.7429163455963135,1.0006725439800972,0.0006725440034642816,0.0006725440034642816,0.06725440034642816
Pythia_plus,160,MUR1.0_MUF1.0_PDF26213,pdf,4,0.63,0.84,0.716408371925354,0.7172524929046631,1.0011782678879653,0.001178267877548933,0.001178267877548933,0.1178267877548933
Pythia_plus,160,MUR1.0_MUF1.0_PDF26213,pdf,5,0.84,1.05,0.7636825442314148,0.7649977207183838,1.0017221507770517,0.0017221508314833045,0.0017221508314833045,0.17221508314833045
Pythia_plus,160,MUR1.0_MUF1.0_PDF26213,pdf,6,1.05,1.37,0.7446764707565308,0.7453576922416687,1.0009147885180874,0.0009147885139100254,0.0009147885139100254,0.09147885139100254
Pythia_plus,160,MUR1.0_MUF1.0_PDF26213,pdf,7,1.37,1.52,0.7529962062835693,0.755148708820343,1.0028585835078736,0.0028585835825651884,0.0028585835825651884,0.28585835825651884
Pythia_plus,160,MUR1.0_MUF1.0_PDF26213,pdf,8,1.52,1.74,0.7522943019866943,0.7537065148353577,1.0018772079556284,0.0018772080074995756,0.0018772080074995756,0.18772080074995756
Pythia_plus,160,MUR1.0_MUF1.0_PDF26213,pdf,9,1.74,1.95,0.738723874092102,0.7406492829322815,1.0026063985579805,0.002606398658826947,0.002606398658826947,0.2606398658826947
Pythia_plus,160,MUR1.0_MUF1.0_PDF26213,pdf,10,1.95,2.18,0.753097414970398,0.7543560862541199,1.0016713259914343,0.0016713259974494576,0.0016713259974494576,0.16713259974494576
Pythia_plus,160,MUR1.0_MUF1.0_PDF26213,pdf,11,2.18,2.5,0.7340506911277771,0.7341746091842651,1.000168814031491,0.00016881403280422091,0.00016881403280422091,0.01688140328042209
Pythia_plus,161,MUR1.0_MUF1.0_PDF26214,pdf,1,0.0,0.21,0.7990407943725586,0.7990514039993286,1.0000132779538227,1.327795416727895e-05,1.327795416727895e-05,0.001327795416727895
Pythia_plus,161,MUR1.0_MUF1.0_PDF26214,pdf,2,0.21,0.42,0.7416394948959351,0.7415664196014404,0.9999014679032097,-9.853209485299885e-05,9.853209485299885e-05,-0.009853209485299885
Pythia_plus,161,MUR1.0_MUF1.0_PDF26214,pdf,3,0.42,0.63,0.74241703748703,0.7422342896461487,0.9997538474581619,-0.00024615254369564354,0.00024615254369564354,-0.024615254369564354
Pythia_plus,161,MUR1.0_MUF1.0_PDF26214,pdf,4,0.63,0.84,0.716408371925354,0.7170739769935608,1.0009290861110653,0.0009290861198678613,0.0009290861198678613,0.09290861198678613
Pythia_plus,161,MUR1.0_MUF1.0_PDF26214,pdf,5,0.84,1.05,0.7636825442314148,0.7640203237533569,1.0004423035782257,0.0004423035716172308,0.0004423035716172308,0.04423035716172308
Pythia_plus,161,MUR1.0_MUF1.0_PDF26214,pdf,6,1.05,1.37,0.7446764707565308,0.7453649640083313,1.0009245535193305,0.0009245535475201905,0.0009245535475201905,0.09245535475201905
Pythia_plus,161,MUR1.0_MUF1.0_PDF26214,pdf,7,1.37,1.52,0.7529962062835693,0.7544601559638977,1.0019441660769497,0.0019441660260781646,0.0019441660260781646,0.19441660260781646
Pythia_plus,161,MUR1.0_MUF1.0_PDF26214,pdf,8,1.52,1.74,0.7522943019866943,0.7534690499305725,1.0015615536908573,0.0015615536831319332,0.0015615536831319332,0.15615536831319332
Pythia_plus,161,MUR1.0_MUF1.0_PDF26214,pdf,9,1.74,1.95,0.738723874092102,0.7393928170204163,1.0009055385263355,0.0009055385016836226,0.0009055385016836226,0.09055385016836226
Pythia_plus,161,MUR1.0_MUF1.0_PDF26214,pdf,10,1.95,2.18,0.753097414970398,0.7537460327148438,1.0008612667253296,0.0008612667443230748,0.0008612667443230748,0.08612667443230748
Pythia_plus,161,MUR1.0_MUF1.0_PDF26214,pdf,11,2.18,2.5,0.7340506911277771,0.7357478737831116,1.0023120782744948,0.0023120783735066652,0.0023120783735066652,0.23120783735066652
Pythia_plus,162,MUR1.0_MUF1.0_PDF26215,pdf,1,0.0,0.21,0.7990407943725586,0.799444317817688,1.0005050098167343,0.000505009840708226,0.000505009840708226,0.0505009840708226
Pythia_plus,162,MUR1.0_MUF1.0_PDF26215,pdf,2,0.21,0.42,0.7416394948959351,0.7420508861541748,1.0005547051648018,0.000554705155082047,0.000554705155082047,0.0554705155082047
Pythia_plus,162,MUR1.0_MUF1.0_PDF26215,pdf,3,0.42,0.63,0.74241703748703,0.7426931262016296,1.0003718782041076,0.00037187820998951793,0.00037187820998951793,0.03718782099895179
Pythia_plus,162,MUR1.0_MUF1.0_PDF26215,pdf,4,0.63,0.84,0.716408371925354,0.7171968817710876,1.0011006429805036,0.0011006429558619857,0.0011006429558619857,0.11006429558619857
Pythia_plus,162,MUR1.0_MUF1.0_PDF26215,pdf,5,0.84,1.05,0.7636825442314148,0.7646772861480713,1.0013025594524458,0.001302559394389391,0.001302559394389391,0.1302559394389391
Pythia_plus,162,MUR1.0_MUF1.0_PDF26215,pdf,6,1.05,1.37,0.7446764707565308,0.7453680634498596,1.0009287156510078,0.000928715628106147,0.000928715628106147,0.0928715628106147
Pythia_plus,162,MUR1.0_MUF1.0_PDF26215,pdf,7,1.37,1.52,0.7529962062835693,0.7549293637275696,1.0025672870963604,0.0025672870688140392,0.0025672870688140392,0.2567287068814039
Pythia_plus,162,MUR1.0_MUF1.0_PDF26215,pdf,8,1.52,1.74,0.7522943019866943,0.753636360168457,1.0017839536710813,0.0017839536303654313,0.0017839536303654313,0.17839536303654313
Pythia_plus,162,MUR1.0_MUF1.0_PDF26215,pdf,9,1.74,1.95,0.738723874092102,0.7402335405349731,1.0020436139886861,0.0020436139311641455,0.0020436139311641455,0.20436139311641455
Pythia_plus,162,MUR1.0_MUF1.0_PDF26215,pdf,10,1.95,2.18,0.753097414970398,0.7541694045066833,1.0014234407328666,0.0014234407572075725,0.0014234407572075725,0.14234407572075725
Pythia_plus,162,MUR1.0_MUF1.0_PDF26215,pdf,11,2.18,2.5,0.7340506911277771,0.7347456812858582,1.0009467876898437,0.0009467877098359168,0.0009467877098359168,0.09467877098359168
Pythia_plus,163,MUR1.0_MUF1.0_PDF26216,pdf,1,0.0,0.21,0.7990407943725586,0.799194872379303,1.000192828711412,0.00019282870925962925,0.00019282870925962925,0.019282870925962925
Pythia_plus,163,MUR1.0_MUF1.0_PDF26216,pdf,2,0.21,0.42,0.7416394948959351,0.7417502403259277,1.0001493251515794,0.00014932514750398695,0.00014932514750398695,0.014932514750398695
Pythia_plus,163,MUR1.0_MUF1.0_PDF26216,pdf,3,0.42,0.63,0.74241703748703,0.7424035668373108,0.9999818556834783,-1.8144315617973916e-05,1.8144315617973916e-05,-0.0018144315617973916
Pythia_plus,163,MUR1.0_MUF1.0_PDF26216,pdf,4,0.63,0.84,0.716408371925354,0.7171144485473633,1.0009855784070636,0.0009855784010142088,0.0009855784010142088,0.09855784010142088
Pythia_plus,163,MUR1.0_MUF1.0_PDF26216,pdf,5,0.84,1.05,0.7636825442314148,0.7642609477043152,1.0007573873165878,0.0007573873153887689,0.0007573873153887689,0.07573873153887689
Pythia_plus,163,MUR1.0_MUF1.0_PDF26216,pdf,6,1.05,1.37,0.7446764707565308,0.7453493475914001,1.000903582778956,0.000903582782484591,0.000903582782484591,0.0903582782484591
Pythia_plus,163,MUR1.0_MUF1.0_PDF26216,pdf,7,1.37,1.52,0.7529962062835693,0.7546145915985107,1.0021492609145124,0.002149260835722089,0.002149260835722089,0.21492608357220888
Pythia_plus,163,MUR1.0_MUF1.0_PDF26216,pdf,8,1.52,1.74,0.7522943019866943,0.7535136938095093,1.0016208973264782,0.0016208973247557878,0.0016208973247557878,0.16208973247557878
Pythia_plus,163,MUR1.0_MUF1.0_PDF26216,pdf,9,1.74,1.95,0.738723874092102,0.739698052406311,1.0013187313262433,0.0013187313452363014,0.0013187313452363014,0.13187313452363014
Pythia_plus,163,MUR1.0_MUF1.0_PDF26216,pdf,10,1.95,2.18,0.753097414970398,0.7538806796073914,1.0010400575296414,0.0010400575120002031,0.0010400575120002031,0.10400575120002031
Pythia_plus,163,MUR1.0_MUF1.0_PDF26216,pdf,11,2.18,2.5,0.7340506911277771,0.7353264093399048,1.0017379156883126,0.0017379156779497862,0.0017379156779497862,0.17379156779497862
Pythia_plus,164,MUR1.0_MUF1.0_PDF26217,pdf,1,0.0,0.21,0.7990407943725586,0.7991741895675659,1.0001669441609826,0.00016694415535312146,0.00016694415535312146,0.016694415535312146
Pythia_plus,164,MUR1.0_MUF1.0_PDF26217,pdf,2,0.21,0.42,0.7416394948959351,0.7417134046554565,1.0000996572593965,9.965725621441379e-05,9.965725621441379e-05,0.00996572562144138
Pythia_plus,164,MUR1.0_MUF1.0_PDF26217,pdf,3,0.42,0.63,0.74241703748703,0.7422653436660767,0.9997956757276654,-0.00020432427118066698,0.00020432427118066698,-0.0204324271180667
Pythia_plus,164,MUR1.0_MUF1.0_PDF26217,pdf,4,0.63,0.84,0.716408371925354,0.7174910306930542,1.0015112313173986,0.0015112312976270914,0.0015112312976270914,0.15112312976270914
Pythia_plus,164,MUR1.0_MUF1.0_PDF26217,pdf,5,0.84,1.05,0.7636825442314148,0.764553964138031,1.0011410761096984,0.001141076092608273,0.001141076092608273,0.1141076092608273
Pythia_plus,164,MUR1.0_MUF1.0_PDF26217,pdf,6,1.05,1.37,0.7446764707565308,0.7455432415008545,1.0011639561317724,0.0011639561271294951,0.0011639561271294951,0.11639561271294951
Pythia_plus,164,MUR1.0_MUF1.0_PDF26217,pdf,7,1.37,1.52,0.7529962062835693,0.7551819682121277,1.0029027529094021,0.0029027529526501894,0.0029027529526501894,0.29027529526501894
Pythia_plus,164,MUR1.0_MUF1.0_PDF26217,pdf,8,1.52,1.74,0.7522943019866943,0.7538077235221863,1.0020117413244993,0.00201174127869308,0.00201174127869308,0.201174127869308
Pythia_plus,164,MUR1.0_MUF1.0_PDF26217,pdf,9,1.74,1.95,0.738723874092102,0.7399645447731018,1.0016794782523097,0.0016794782131910324,0.0016794782131910324,0.16794782131910324
Pythia_plus,164,MUR1.0_MUF1.0_PDF26217,pdf,10,1.95,2.18,0.753097414970398,0.7535921931266785,1.000656990910399,0.0006569909164682031,0.0006569909164682031,0.0656990916468203
Pythia_plus,164,MUR1.0_MUF1.0_PDF26217,pdf,11,2.18,2.5,0.7340506911277771,0.7349840402603149,1.0012715050116006,0.001271505025215447,0.001271505025215447,0.1271505025215447
Pythia_plus,165,MUR1.0_MUF1.0_PDF26218,pdf,1,0.0,0.21,0.7990407943725586,0.7994973659515381,1.0005713995858472,0.0005713995778933167,0.0005713995778933167,0.057139957789331675
Pythia_plus,165,MUR1.0_MUF1.0_PDF26218,pdf,2,0.21,0.42,0.7416394948959351,0.7421241998672485,1.0006535587366223,0.0006535587599501014,0.0006535587599501014,0.06535587599501014
Pythia_plus,165,MUR1.0_MUF1.0_PDF26218,pdf,3,0.42,0.63,0.74241703748703,0.7428823113441467,1.0006267014812746,0.000626701454166323,0.000626701454166323,0.0626701454166323
Pythia_plus,165,MUR1.0_MUF1.0_PDF26218,pdf,4,0.63,0.84,0.716408371925354,0.7167830467224121,1.0005229905340876,0.0005229905364103615,0.0005229905364103615,0.05229905364103615
Pythia_plus,165,MUR1.0_MUF1.0_PDF26218,pdf,5,0.84,1.05,0.7636825442314148,0.7643952369689941,1.0009332316719333,0.0009332316694781184,0.0009332316694781184,0.09332316694781184
Pythia_plus,165,MUR1.0_MUF1.0_PDF26218,pdf,6,1.05,1.37,0.7446764707565308,0.7451542615890503,1.0006416086062637,0.0006416086107492447,0.0006416086107492447,0.06416086107492447
Pythia_plus,165,MUR1.0_MUF1.0_PDF26218,pdf,7,1.37,1.52,0.7529962062835693,0.7543260455131531,1.0017660636514323,0.001766063622198999,0.001766063622198999,0.1766063622198999
Pythia_plus,165,MUR1.0_MUF1.0_PDF26218,pdf,8,1.52,1.74,0.7522943019866943,0.7533218860626221,1.0013659336156262,0.0013659335672855377,0.0013659335672855377,0.13659335672855377
Pythia_plus,165,MUR1.0_MUF1.0_PDF26218,pdf,9,1.74,1.95,0.738723874092102,0.7399953603744507,1.0017211928935035,0.0017211928497999907,0.0017211928497999907,0.17211928497999907
Pythia_plus,165,MUR1.0_MUF1.0_PDF26218,pdf,10,1.95,2.18,0.753097414970398,0.7545300126075745,1.0019022740069197,0.001902273972518742,0.001902273972518742,0.1902273972518742
Pythia_plus,165,MUR1.0_MUF1.0_PDF26218,pdf,11,2.18,2.5,0.7340506911277771,0.73506760597229,1.001385346893347,0.0013853468699380755,0.0013853468699380755,0.13853468699380755
Pythia_plus,166,MUR1.0_MUF1.0_PDF26219,pdf,1,0.0,0.21,0.7990407943725586,0.7985673546791077,0.9994074899594798,-0.0005925100413151085,0.0005925100413151085,-0.059251004131510854
Pythia_plus,166,MUR1.0_MUF1.0_PDF26219,pdf,2,0.21,0.42,0.7416394948959351,0.7409111857414246,0.9990179741511572,-0.000982025871053338,0.000982025871053338,-0.0982025871053338
Pythia_plus,166,MUR1.0_MUF1.0_PDF26219,pdf,3,0.42,0.63,0.74241703748703,0.7412561178207397,0.9984362971110956,-0.001563702942803502,0.001563702942803502,-0.1563702942803502
Pythia_plus,166,MUR1.0_MUF1.0_PDF26219,pdf,4,0.63,0.84,0.716408371925354,0.7183226346969604,1.0026720273612406,0.0026720273308455944,0.0026720273308455944,0.26720273308455944
Pythia_plus,166,MUR1.0_MUF1.0_PDF26219,pdf,5,0.84,1.05,0.7636825442314148,0.7644686102867126,1.001029309968174,0.0010293099330738187,0.0010293099330738187,0.10293099330738187
Pythia_plus,166,MUR1.0_MUF1.0_PDF26219,pdf,6,1.05,1.37,0.7446764707565308,0.7461276054382324,1.0019486780349425,0.001948678051121533,0.001948678051121533,0.1948678051121533
Pythia_plus,166,MUR1.0_MUF1.0_PDF26219,pdf,7,1.37,1.52,0.7529962062835693,0.7561516761779785,1.0041905521808445,0.004190552048385143,0.004190552048385143,0.41905520483851433
Pythia_plus,166,MUR1.0_MUF1.0_PDF26219,pdf,8,1.52,1.74,0.7522943019866943,0.754594087600708,1.0030570291546013,0.0030570290982723236,0.0030570290982723236,0.30570290982723236
Pythia_plus,166,MUR1.0_MUF1.0_PDF26219,pdf,9,1.74,1.95,0.738723874092102,0.7398223280906677,1.0014869615523334,0.0014869614969938993,0.0014869614969938993,0.14869614969938993
Pythia_plus,166,MUR1.0_MUF1.0_PDF26219,pdf,10,1.95,2.18,0.753097414970398,0.7526176571846008,0.9993629538805202,-0.0006370461196638644,0.0006370461196638644,-0.06370461196638644
Pythia_plus,166,MUR1.0_MUF1.0_PDF26219,pdf,11,2.18,2.5,0.7340506911277771,0.7356981635093689,1.0022443577827855,0.002244357718154788,0.002244357718154788,0.2244357718154788
Pythia_plus,167,MUR1.0_MUF1.0_PDF26220,pdf,1,0.0,0.21,0.7990407943725586,0.799852192401886,1.001015465086441,0.0010154651245102286,0.0010154651245102286,0.10154651245102286
Pythia_plus,167,MUR1.0_MUF1.0_PDF26220,pdf,2,0.21,0.42,0.7416394948959351,0.7426036596298218,1.001300045022578,0.0013000450562685728,0.0013000450562685728,0.13000450562685728
Pythia_plus,167,MUR1.0_MUF1.0_PDF26220,pdf,3,0.42,0.63,0.74241703748703,0.7434680461883545,1.0014156581116214,0.0014156581601127982,0.0014156581601127982,0.14156581601127982
Pythia_plus,167,MUR1.0_MUF1.0_PDF26220,pdf,4,0.63,0.84,0.716408371925354,0.7163347005844116,0.9998971657174464,-0.00010283428127877414,0.00010283428127877414,-0.010283428127877414
Pythia_plus,167,MUR1.0_MUF1.0_PDF26220,pdf,5,0.84,1.05,0.7636825442314148,0.7644883394241333,1.0010551441810542,0.001055144239217043,0.001055144239217043,0.10551442392170429
Pythia_plus,167,MUR1.0_MUF1.0_PDF26220,pdf,6,1.05,1.37,0.7446764707565308,0.7448116540908813,1.0001815329739279,0.00018153297423850745,0.00018153297423850745,0.018153297423850745
Pythia_plus,167,MUR1.0_MUF1.0_PDF26220,pdf,7,1.37,1.52,0.7529962062835693,0.7537915706634521,1.0010562661182696,0.001056266133673489,0.001056266133673489,0.10562661336734891
Pythia_plus,167,MUR1.0_MUF1.0_PDF26220,pdf,8,1.52,1.74,0.7522943019866943,0.7528452277183533,1.0007323274019277,0.0007323274039663374,0.0007323274039663374,0.07323274039663374
Pythia_plus,167,MUR1.0_MUF1.0_PDF26220,pdf,9,1.74,1.95,0.738723874092102,0.7400925755500793,1.0018527916938647,0.0018527916399762034,0.0018527916399762034,0.18527916399762034
Pythia_plus,167,MUR1.0_MUF1.0_PDF26220,pdf,10,1.95,2.18,0.753097414970398,0.7550669312477112,1.0026152211362864,0.0026152210775762796,0.0026152210775762796,0.26152210775762796
Pythia_plus,167,MUR1.0_MUF1.0_PDF26220,pdf,11,2.18,2.5,0.7340506911277771,0.7345346212387085,1.0006592597987858,0.0006592597928829491,0.0006592597928829491,0.06592597928829491
Pythia_plus,168,MUR1.0_MUF1.0_PDF13316,pdf,1,0.0,0.21,0.7990407943725586,0.7990281581878662,0.9999841858078068,-1.5814192011021078e-05,1.5814192011021078e-05,-0.0015814192011021078
Pythia_plus,168,MUR1.0_MUF1.0_PDF13316,pdf,2,0.21,0.42,0.7416394948959351,0.7416319847106934,0.9999898735365452,-1.0126463166670874e-05,1.0126463166670874e-05,-0.0010126463166670874
Pythia_plus,168,MUR1.0_MUF1.0_PDF13316,pdf,3,0.42,0.63,0.74241703748703,0.7424166798591614,0.9999995182924817,-4.81707502331119e-07,4.81707502331119e-07,-4.81707502331119e-05
Pythia_plus,168,MUR1.0_MUF1.0_PDF13316,pdf,4,0.63,0.84,0.716408371925354,0.7163786888122559,0.9999585667696507,-4.1433231672272086e-05,4.1433231672272086e-05,-0.004143323167227209
Pythia_plus,168,MUR1.0_MUF1.0_PDF13316,pdf,5,0.84,1.05,0.7636825442314148,0.7636807560920715,0.9999976585305547,-2.341469553357456e-06,2.341469553357456e-06,-0.0002341469553357456
Pythia_plus,168,MUR1.0_MUF1.0_PDF13316,pdf,6,1.05,1.37,0.7446764707565308,0.7446424961090088,0.9999543766335366,-4.5623364712810144e-05,4.5623364712810144e-05,-0.004562336471281014
Pythia_plus,168,MUR1.0_MUF1.0_PDF13316,pdf,7,1.37,1.52,0.7529962062835693,0.7529925107955933,0.9999950922887191,-4.907711172563722e-06,4.907711172563722e-06,-0.0004907711172563722
Pythia_plus,168,MUR1.0_MUF1.0_PDF13316,pdf,8,1.52,1.74,0.7522943019866943,0.7523035407066345,1.0000122807256626,1.2280725968594197e-05,1.2280725968594197e-05,0.0012280725968594197
Pythia_plus,168,MUR1.0_MUF1.0_PDF13316,pdf,9,1.74,1.95,0.738723874092102,0.7387716770172119,1.000064710139724,6.471014057751745e-05,6.471014057751745e-05,0.006471014057751745
Pythia_plus,168,MUR1.0_MUF1.0_PDF13316,pdf,10,1.95,2.18,0.753097414970398,0.7531396746635437,1.0000561145109592,5.611450978904031e-05,5.611450978904031e-05,0.005611450978904031
Pythia_plus,168,MUR1.0_MUF1.0_PDF13316,pdf,11,2.18,2.5,0.7340506911277771,0.7340112924575806,0.9999463270443407,-5.367295671021566e-05,5.367295671021566e-05,-0.005367295671021566
Pythia_plus,169,MUR1.0_MUF1.0_PDF26221,pdf,1,0.0,0.21,0.7990407943725586,0.7992335557937622,1.0002412410261918,0.00024124102492351085,0.00024124102492351085,0.024124102492351085
Pythia_plus,169,MUR1.0_MUF1.0_PDF26221,pdf,2,0.21,0.42,0.7416394948959351,0.7417908310890198,1.00020405627549,0.00020405626855790615,0.00020405626855790615,0.020405626855790615
Pythia_plus,169,MUR1.0_MUF1.0_PDF26221,pdf,3,0.42,0.63,0.74241703748703,0.7424184679985046,1.000001926830073,1.926830009324476e-06,1.926830009324476e-06,0.0001926830009324476
Pythia_plus,169,MUR1.0_MUF1.0_PDF26221,pdf,4,0.63,0.84,0.716408371925354,0.717240571975708,1.0011616280364193,0.0011616280535236,0.0011616280535236,0.11616280535236001
Pythia_plus,169,MUR1.0_MUF1.0_PDF26221,pdf,5,0.84,1.05,0.7636825442314148,0.7644026279449463,1.0009429097456408,0.0009429097408428788,0.0009429097408428788,0.09429097408428788
Pythia_plus,169,MUR1.0_MUF1.0_PDF26221,pdf,6,1.05,1.37,0.7446764707565308,0.7454288601875305,1.0010103574646791,0.0010103575186803937,0.0010103575186803937,0.10103575186803937
Pythia_plus,169,MUR1.0_MUF1.0_PDF26221,pdf,7,1.37,1.52,0.7529962062835693,0.7548284530639648,1.0024332749157379,0.0024332748726010323,0.0024332748726010323,0.24332748726010323
Pythia_plus,169,MUR1.0_MUF1.0_PDF26221,pdf,8,1.52,1.74,0.7522943019866943,0.7536187171936035,1.0017605014465902,0.0017605014145374298,0.0017605014145374298,0.17605014145374298
Pythia_plus,169,MUR1.0_MUF1.0_PDF26221,pdf,9,1.74,1.95,0.738723874092102,0.7398160099983215,1.0014784088405992,0.00147840881254524,0.00147840881254524,0.147840881254524
Pythia_plus,169,MUR1.0_MUF1.0_PDF26221,pdf,10,1.95,2.18,0.753097414970398,0.7538456916809082,1.0009935988301588,0.0009935988346114755,0.0009935988346114755,0.09935988346114755
Pythia_plus,169,MUR1.0_MUF1.0_PDF26221,pdf,11,2.18,2.5,0.7340506911277771,0.7352469563484192,1.0016296765810604,0.0016296765534207225,0.0016296765534207225,0.16296765534207225
Pythia_plus,170,MUR1.0_MUF1.0_PDF26222,pdf,1,0.0,0.21,0.7990407943725586,0.799453616142273,1.0005166466751407,0.0005166466580703855,0.0005166466580703855,0.051664665807038546
Pythia_plus,170,MUR1.0_MUF1.0_PDF26222,pdf,2,0.21,0.42,0.7416394948959351,0.7420750260353088,1.0005872545116208,0.0005872545298188925,0.0005872545298188925,0.05872545298188925
Pythia_plus,170,MUR1.0_MUF1.0_PDF26222,pdf,3,0.42,0.63,0.74241703748703,0.742751955986023,1.0004511190908638,0.00045111909275874496,0.00045111909275874496,0.045111909275874496
Pythia_plus,170,MUR1.0_MUF1.0_PDF26222,pdf,4,0.63,0.84,0.716408371925354,0.7170398235321045,1.0008814129363863,0.0008814129396341741,0.0008814129396341741,0.08814129396341741
Pythia_plus,170,MUR1.0_MUF1.0_PDF26222,pdf,5,0.84,1.05,0.7636825442314148,0.7645931243896484,1.0011923542905516,0.001192354247905314,0.001192354247905314,0.1192354247905314
Pythia_plus,170,MUR1.0_MUF1.0_PDF26222,pdf,6,1.05,1.37,0.7446764707565308,0.745263934135437,1.0007888840348473,0.0007888840627856553,0.0007888840627856553,0.07888840627856553
Pythia_plus,170,MUR1.0_MUF1.0_PDF26222,pdf,7,1.37,1.52,0.7529962062835693,0.7547125816345215,1.0022793944200905,0.002279394306242466,0.002279394306242466,0.2279394306242466
Pythia_plus,170,MUR1.0_MUF1.0_PDF26222,pdf,8,1.52,1.74,0.7522943019866943,0.7535201907157898,1.0016295334496859,0.0016295334789901972,0.0016295334789901972,0.16295334789901972
Pythia_plus,170,MUR1.0_MUF1.0_PDF26222,pdf,9,1.74,1.95,0.738723874092102,0.74020916223526,1.0020106134311462,0.0020106134470552206,0.0020106134470552206,0.20106134470552206
Pythia_plus,170,MUR1.0_MUF1.0_PDF26222,pdf,10,1.95,2.18,0.753097414970398,0.7542992234230042,1.0015958207115256,0.0015958207659423351,0.0015958207659423351,0.1595820765942335
Pythia_plus,170,MUR1.0_MUF1.0_PDF26222,pdf,11,2.18,2.5,0.7340506911277771,0.7347028851509094,1.0008884863552547,0.0008884863345883787,0.0008884863345883787,0.08884863345883787
Pythia_plus,171,MUR1.0_MUF1.0_PDF26223,pdf,1,0.0,0.21,0.7990407943725586,0.7994232773780823,1.0004786776948278,0.00047867768444120884,0.00047867768444120884,0.047867768444120884
Pythia_plus,171,MUR1.0_MUF1.0_PDF26223,pdf,2,0.21,0.42,0.7416394948959351,0.7420312762260437,1.0005282638435586,0.0005282638594508171,0.0005282638594508171,0.05282638594508171
Pythia_plus,171,MUR1.0_MUF1.0_PDF26223,pdf,3,0.42,0.63,0.74241703748703,0.7426621317863464,1.0003301302191905,0.00033013022039085627,0.00033013022039085627,0.03301302203908563
Pythia_plus,171,MUR1.0_MUF1.0_PDF26223,pdf,4,0.63,0.84,0.716408371925354,0.7171669602394104,1.0010588769531235,0.0010588769800961018,0.0010588769800961018,0.10588769800961018
Pythia_plus,171,MUR1.0_MUF1.0_PDF26223,pdf,5,0.84,1.05,0.7636825442314148,0.7644374370574951,1.0009884903508435,0.000988490297459066,0.000988490297459066,0.09884902974590659
Pythia_plus,171,MUR1.0_MUF1.0_PDF26223,pdf,6,1.05,1.37,0.7446764707565308,0.7452989220619202,1.0008358680982052,0.0008358681225217879,0.0008358681225217879,0.08358681225217879
Pythia_plus,171,MUR1.0_MUF1.0_PDF26223,pdf,7,1.37,1.52,0.7529962062835693,0.7545895576477051,1.0021160151284159,0.0021160151809453964,0.0021160151809453964,0.21160151809453964
Pythia_plus,171,MUR1.0_MUF1.0_PDF26223,pdf,8,1.52,1.74,0.7522943019866943,0.7533025145530701,1.001340183706979,0.001340183662250638,0.001340183662250638,0.1340183662250638
Pythia_plus,171,MUR1.0_MUF1.0_PDF26223,pdf,9,1.74,1.95,0.738723874092102,0.7395512461662292,1.0011200018073656,0.0011200017761439085,0.0011200017761439085,0.11200017761439085
Pythia_plus,171,MUR1.0_MUF1.0_PDF26223,pdf,10,1.95,2.18,0.753097414970398,0.7537283897399902,1.0008378395105992,0.0008378394995816052,0.0008378394995816052,0.08378394995816052
Pythia_plus,171,MUR1.0_MUF1.0_PDF26223,pdf,11,2.18,2.5,0.7340506911277771,0.7350229620933533,1.001324528370217,0.0013245283626019955,0.0013245283626019955,0.13245283626019955
Pythia_plus,172,MUR1.0_MUF1.0_PDF26224,pdf,1,0.0,0.21,0.7990407943725586,0.7992449402809143,1.000255488718215,0.0002554887323640287,0.0002554887323640287,0.02554887323640287
Pythia_plus,172,MUR1.0_MUF1.0_PDF26224,pdf,2,0.21,0.42,0.7416394948959351,0.7418035268783569,1.000221174820854,0.0002211748214904219,0.0002211748214904219,0.02211748214904219
Pythia_plus,172,MUR1.0_MUF1.0_PDF26224,pdf,3,0.42,0.63,0.74241703748703,0.7424676418304443,1.0000681616138358,6.81616147630848e-05,6.81616147630848e-05,0.00681616147630848
Pythia_plus,172,MUR1.0_MUF1.0_PDF26224,pdf,4,0.63,0.84,0.716408371925354,0.7171556353569031,1.0010430690941547,0.0010430690599605441,0.0010430690599605441,0.10430690599605441
Pythia_plus,172,MUR1.0_MUF1.0_PDF26224,pdf,5,0.84,1.05,0.7636825442314148,0.7645218372344971,1.0010990077086637,0.0010990076698362827,0.0010990076698362827,0.10990076698362827
Pythia_plus,172,MUR1.0_MUF1.0_PDF26224,pdf,6,1.05,1.37,0.7446764707565308,0.7454155087471008,1.000992428282069,0.0009924282785505056,0.0009924282785505056,0.09924282785505056
Pythia_plus,172,MUR1.0_MUF1.0_PDF26224,pdf,7,1.37,1.52,0.7529962062835693,0.7549492120742798,1.002593646255337,0.002593646291643381,0.002593646291643381,0.2593646291643381
Pythia_plus,172,MUR1.0_MUF1.0_PDF26224,pdf,8,1.52,1.74,0.7522943019866943,0.7538172602653503,1.0020244182026026,0.002024418208748102,0.002024418208748102,0.20244182087481022
Pythia_plus,172,MUR1.0_MUF1.0_PDF26224,pdf,9,1.74,1.95,0.738723874092102,0.7403376698493958,1.002184572360379,0.002184572396799922,0.002184572396799922,0.2184572396799922
Pythia_plus,172,MUR1.0_MUF1.0_PDF26224,pdf,10,1.95,2.18,0.753097414970398,0.7542867660522461,1.001579279198422,0.0015792791964486241,0.0015792791964486241,0.1579279196448624
Pythia_plus,172,MUR1.0_MUF1.0_PDF26224,pdf,11,2.18,2.5,0.7340506911277771,0.7350337505340576,1.0013392255033098,0.0013392254477366805,0.0013392254477366805,0.13392254477366805
Pythia_plus,173,MUR1.0_MUF1.0_PDF26225,pdf,1,0.0,0.21,0.7990407943725586,0.799708902835846,1.0008361381145903,0.0008361380896531045,0.0008361380896531045,0.08361380896531045
Pythia_plus,173,MUR1.0_MUF1.0_PDF26225,pdf,2,0.21,0.42,0.7416394948959351,0.7423387765884399,1.0009428862639025,0.0009428862831555307,0.0009428862831555307,0.09428862831555307
Pythia_plus,173,MUR1.0_MUF1.0_PDF26225,pdf,3,0.42,0.63,0.74241703748703,0.7428584694862366,1.000594587646723,0.0005945876473560929,0.0005945876473560929,0.05945876473560929
Pythia_plus,173,MUR1.0_MUF1.0_PDF26225,pdf,4,0.63,0.84,0.716408371925354,0.7175325751304626,1.0015692212000362,0.0015692211454734206,0.0015692211454734206,0.15692211454734206
Pythia_plus,173,MUR1.0_MUF1.0_PDF26225,pdf,5,0.84,1.05,0.7636825442314148,0.764879584312439,1.0015674576956959,0.0015674576861783862,0.0015674576861783862,0.15674576861783862
Pythia_plus,173,MUR1.0_MUF1.0_PDF26225,pdf,6,1.05,1.37,0.7446764707565308,0.7454336881637573,1.0010168407851765,0.0010168408043682575,0.0010168408043682575,0.10168408043682575
Pythia_plus,173,MUR1.0_MUF1.0_PDF26225,pdf,7,1.37,1.52,0.7529962062835693,0.7551061511039734,1.0028020656715095,0.002802065573632717,0.002802065573632717,0.2802065573632717
Pythia_plus,173,MUR1.0_MUF1.0_PDF26225,pdf,8,1.52,1.74,0.7522943019866943,0.7534851431846619,1.0015829459226564,0.001582945929840207,0.001582945929840207,0.1582945929840207
Pythia_plus,173,MUR1.0_MUF1.0_PDF26225,pdf,9,1.74,1.95,0.738723874092102,0.7398022413253784,1.0014597703838957,0.0014597703702747822,0.0014597703702747822,0.14597703702747822
Pythia_plus,173,MUR1.0_MUF1.0_PDF26225,pdf,10,1.95,2.18,0.753097414970398,0.753637433052063,1.000717062721144,0.0007170627359300852,0.0007170627359300852,0.07170627359300852
Pythia_plus,173,MUR1.0_MUF1.0_PDF26225,pdf,11,2.18,2.5,0.7340506911277771,0.7347174882888794,1.0009083802646896,0.000908380257897079,0.000908380257897079,0.0908380257897079
Pythia_plus,174,MUR1.0_MUF1.0_PDF26226,pdf,1,0.0,0.21,0.7990407943725586,0.79873126745224,0.9996126268865138,-0.0003873731184285134,0.0003873731184285134,-0.03873731184285134
Pythia_plus,174,MUR1.0_MUF1.0_PDF26226,pdf,2,0.21,0.42,0.7416394948959351,0.7412453293800354,0.9994685214061382,-0.000531478610355407,0.000531478610355407,-0.0531478610355407
Pythia_plus,174,MUR1.0_MUF1.0_PDF26226,pdf,3,0.42,0.63,0.74241703748703,0.742066502571106,0.9995278463475049,-0.0004721536533907056,0.0004721536533907056,-0.04721536533907056
Pythia_plus,174,MUR1.0_MUF1.0_PDF26226,pdf,4,0.63,0.84,0.716408371925354,0.7165771126747131,1.0002355370986322,0.00023553709615953267,0.00023553709615953267,0.023553709615953267
Pythia_plus,174,MUR1.0_MUF1.0_PDF26226,pdf,5,0.84,1.05,0.7636825442314148,0.7638223767280579,1.000183102910626,0.0001831029076129198,0.0001831029076129198,0.01831029076129198
Pythia_plus,174,MUR1.0_MUF1.0_PDF26226,pdf,6,1.05,1.37,0.7446764707565308,0.7451900839805603,1.0006897132435348,0.0006897132261656225,0.0006897132261656225,0.06897132261656225
Pythia_plus,174,MUR1.0_MUF1.0_PDF26226,pdf,7,1.37,1.52,0.7529962062835693,0.7542118430137634,1.0016143995415248,0.0016143994871526957,0.0016143994871526957,0.16143994871526957
Pythia_plus,174,MUR1.0_MUF1.0_PDF26226,pdf,8,1.52,1.74,0.7522943019866943,0.753617525100708,1.0017589168368273,0.0017589168855920434,0.0017589168855920434,0.17589168855920434
Pythia_plus,174,MUR1.0_MUF1.0_PDF26226,pdf,9,1.74,1.95,0.738723874092102,0.7401158809661865,1.0018843399041288,0.0018843399593606591,0.0018843399593606591,0.1884339959360659
Pythia_plus,174,MUR1.0_MUF1.0_PDF26226,pdf,10,1.95,2.18,0.753097414970398,0.754481315612793,1.0018376117284236,0.001837611780501902,0.001837611780501902,0.1837611780501902
Pythia_plus,174,MUR1.0_MUF1.0_PDF26226,pdf,11,2.18,2.5,0.7340506911277771,0.735379695892334,1.0018105081578426,0.0018105081981047988,0.0018105081981047988,0.18105081981047988
Pythia_plus,175,MUR1.0_MUF1.0_PDF26227,pdf,1,0.0,0.21,0.7990407943725586,0.799341082572937,1.0003758108503262,0.0003758108359761536,0.0003758108359761536,0.03758108359761536
Pythia_plus,175,MUR1.0_MUF1.0_PDF26227,pdf,2,0.21,0.42,0.7416394948959351,0.7419165968894958,1.000373634353979,0.0003736343642231077,0.0003736343642231077,0.03736343642231077
Pythia_plus,175,MUR1.0_MUF1.0_PDF26227,pdf,3,0.42,0.63,0.74241703748703,0.7425363063812256,1.0001606494573445,0.00016064946248661727,0.00016064946248661727,0.016064946248661727
Pythia_plus,175,MUR1.0_MUF1.0_PDF26227,pdf,4,0.63,0.84,0.716408371925354,0.717293918132782,1.0012360913720872,0.0012360913679003716,0.0012360913679003716,0.12360913679003716
Pythia_plus,175,MUR1.0_MUF1.0_PDF26227,pdf,5,0.84,1.05,0.7636825442314148,0.7645859718322754,1.00118298841277,0.0011829884024336934,0.0011829884024336934,0.11829884024336934
Pythia_plus,175,MUR1.0_MUF1.0_PDF26227,pdf,6,1.05,1.37,0.7446764707565308,0.7454487085342407,1.001037011115613,0.001037011155858636,0.001037011155858636,0.10370111558586359
Pythia_plus,175,MUR1.0_MUF1.0_PDF26227,pdf,7,1.37,1.52,0.7529962062835693,0.7549727559089661,1.0026249131255947,0.0026249131187796593,0.0026249131187796593,0.2624913118779659
Pythia_plus,175,MUR1.0_MUF1.0_PDF26227,pdf,8,1.52,1.74,0.7522943019866943,0.753690779209137,1.0018562911067581,0.001856291084550321,0.001856291084550321,0.1856291084550321
Pythia_plus,175,MUR1.0_MUF1.0_PDF26227,pdf,9,1.74,1.95,0.738723874092102,0.7400402426719666,1.0017819494211992,0.0017819494241848588,0.0017819494241848588,0.17819494241848588
Pythia_plus,175,MUR1.0_MUF1.0_PDF26227,pdf,10,1.95,2.18,0.753097414970398,0.7539582252502441,1.0011430264700616,0.0011430265149101615,0.0011430265149101615,0.11430265149101615
Pythia_plus,175,MUR1.0_MUF1.0_PDF26227,pdf,11,2.18,2.5,0.7340506911277771,0.735020637512207,1.0013213615846335,0.0013213616330176592,0.0013213616330176592,0.13213616330176592
Pythia_plus,176,MUR1.0_MUF1.0_PDF26228,pdf,1,0.0,0.21,0.7990407943725586,0.7993493676185608,1.000386179589547,0.0003861795994453132,0.0003861795994453132,0.03861795994453132
Pythia_plus,176,MUR1.0_MUF1.0_PDF26228,pdf,2,0.21,0.42,0.7416394948959351,0.7419370412826538,1.0004012008378282,0.00040120084304362535,0.00040120084304362535,0.040120084304362535
Pythia_plus,176,MUR1.0_MUF1.0_PDF26228,pdf,3,0.42,0.63,0.74241703748703,0.7426087260246277,1.0002581952297949,0.00025819524307735264,0.00025819524307735264,0.025819524307735264
Pythia_plus,176,MUR1.0_MUF1.0_PDF26228,pdf,4,0.63,0.84,0.716408371925354,0.7170832753181458,1.0009420651952712,0.0009420652058906853,0.0009420652058906853,0.09420652058906853
Pythia_plus,176,MUR1.0_MUF1.0_PDF26228,pdf,5,0.84,1.05,0.7636825442314148,0.7644429206848145,1.0009956708571426,0.000995670910924673,0.000995670910924673,0.09956709109246731
Pythia_plus,176,MUR1.0_MUF1.0_PDF26228,pdf,6,1.05,1.37,0.7446764707565308,0.7453234195709229,1.000868764946655,0.0008687649387866259,0.0008687649387866259,0.08687649387866259
Pythia_plus,176,MUR1.0_MUF1.0_PDF26228,pdf,7,1.37,1.52,0.7529962062835693,0.7546718716621399,1.002225330439367,0.0022253303322941065,0.0022253303322941065,0.22253303322941065
Pythia_plus,176,MUR1.0_MUF1.0_PDF26228,pdf,8,1.52,1.74,0.7522943019866943,0.7535297274589539,1.001642210327789,0.0016422102926298976,0.0016422102926298976,0.16422102926298976
Pythia_plus,176,MUR1.0_MUF1.0_PDF26228,pdf,9,1.74,1.95,0.738723874092102,0.7399487495422363,1.0016580964729747,0.001658096443861723,0.001658096443861723,0.1658096443861723
Pythia_plus,176,MUR1.0_MUF1.0_PDF26228,pdf,10,1.95,2.18,0.753097414970398,0.7541128993034363,1.0013484103289323,0.001348410383798182,0.001348410383798182,0.1348410383798182
Pythia_plus,176,MUR1.0_MUF1.0_PDF26228,pdf,11,2.18,2.5,0.7340506911277771,0.7350700497627258,1.001388676078191,0.0013886761153116822,0.0013886761153116822,0.13886761153116822
Pythia_plus,177,MUR1.0_MUF1.0_PDF26229,pdf,1,0.0,0.21,0.7990407943725586,0.799495279788971,1.0005687887522303,0.0005687887314707041,0.0005687887314707041,0.05687887314707041
Pythia_plus,177,MUR1.0_MUF1.0_PDF26229,pdf,2,0.21,0.42,0.7416394948959351,0.7420846223831177,1.0006001938815907,0.0006001938600093126,0.0006001938600093126,0.06001938600093126
Pythia_plus,177,MUR1.0_MUF1.0_PDF26229,pdf,3,0.42,0.63,0.74241703748703,0.742693305015564,1.0003721190578667,0.0003721190441865474,0.0003721190441865474,0.03721190441865474
Pythia_plus,177,MUR1.0_MUF1.0_PDF26229,pdf,4,0.63,0.84,0.716408371925354,0.717417299747467,1.0014083138355874,0.0014083138667047024,0.0014083138667047024,0.14083138667047024
Pythia_plus,177,MUR1.0_MUF1.0_PDF26229,pdf,5,0.84,1.05,0.7636825442314148,0.7646832466125488,1.001310364350597,0.001310364343225956,0.001310364343225956,0.1310364343225956
Pythia_plus,177,MUR1.0_MUF1.0_PDF26229,pdf,6,1.05,1.37,0.7446764707565308,0.745530903339386,1.0011473876460568,0.0011473876656964421,0.0011473876656964421,0.11473876656964421
Pythia_plus,177,MUR1.0_MUF1.0_PDF26229,pdf,7,1.37,1.52,0.7529962062835693,0.7550657391548157,1.0027483974739535,0.0027483974117785692,0.0027483974117785692,0.2748397411778569
Pythia_plus,177,MUR1.0_MUF1.0_PDF26229,pdf,8,1.52,1.74,0.7522943019866943,0.7536510229110718,1.001803444371165,0.001803444349206984,0.001803444349206984,0.1803444349206984
Pythia_plus,177,MUR1.0_MUF1.0_PDF26229,pdf,9,1.74,1.95,0.738723874092102,0.7398388385772705,1.0015093115631857,0.0015093116089701653,0.0015093116089701653,0.15093116089701653
Pythia_plus,177,MUR1.0_MUF1.0_PDF26229,pdf,10,1.95,2.18,0.753097414970398,0.7538744807243347,1.0010318263460873,0.0010318263666704297,0.0010318263666704297,0.10318263666704297
Pythia_plus,177,MUR1.0_MUF1.0_PDF26229,pdf,11,2.18,2.5,0.7340506911277771,0.7352865934371948,1.0016836743352409,0.0016836742870509624,0.0016836742870509624,0.16836742870509624
Pythia_plus,178,MUR1.0_MUF1.0_PDF26230,pdf,1,0.0,0.21,0.7990407943725586,0.7990843057632446,1.0000544545297216,5.445452916319482e-05,5.445452916319482e-05,0.005445452916319482
Pythia_plus,178,MUR1.0_MUF1.0_PDF26230,pdf,2,0.21,0.42,0.7416394948959351,0.741648256778717,1.000011814207364,1.1814207027782686e-05,1.1814207027782686e-05,0.0011814207027782686
Pythia_plus,178,MUR1.0_MUF1.0_PDF26230,pdf,3,0.42,0.63,0.74241703748703,0.7423550486564636,0.9999165040301659,-8.349597192136571e-05,8.349597192136571e-05,-0.00834959719213657
Pythia_plus,178,MUR1.0_MUF1.0_PDF26230,pdf,4,0.63,0.84,0.716408371925354,0.7167856097221375,1.00052656810217,0.0005265680956654251,0.0005265680956654251,0.052656809566542506
Pythia_plus,178,MUR1.0_MUF1.0_PDF26230,pdf,5,0.84,1.05,0.7636825442314148,0.7641777992248535,1.0006485089873793,0.0006485090125352144,0.0006485090125352144,0.06485090125352144
Pythia_plus,178,MUR1.0_MUF1.0_PDF26230,pdf,6,1.05,1.37,0.7446764707565308,0.7451121211051941,1.0005850196236505,0.0005850196466781199,0.0005850196466781199,0.05850196466781199
Pythia_plus,178,MUR1.0_MUF1.0_PDF26230,pdf,7,1.37,1.52,0.7529962062835693,0.7543509006500244,1.0017990719676282,0.001799072022549808,0.001799072022549808,0.1799072022549808
Pythia_plus,178,MUR1.0_MUF1.0_PDF26230,pdf,8,1.52,1.74,0.7522943019866943,0.7534618377685547,1.0015519668017916,0.0015519667649641633,0.0015519667649641633,0.15519667649641633
Pythia_plus,178,MUR1.0_MUF1.0_PDF26230,pdf,9,1.74,1.95,0.738723874092102,0.7401418685913086,1.0019195189825822,0.0019195190398022532,0.0019195190398022532,0.19195190398022532
Pythia_plus,178,MUR1.0_MUF1.0_PDF26230,pdf,10,1.95,2.18,0.753097414970398,0.7542276978492737,1.0015008455166723,0.001500845537520945,0.001500845537520945,0.1500845537520945
Pythia_plus,178,MUR1.0_MUF1.0_PDF26230,pdf,11,2.18,2.5,0.7340506911277771,0.7346495389938354,1.0008158126860944,0.0008158126729540527,0.0008158126729540527,0.08158126729540527
Pythia_plus,179,MUR1.0_MUF1.0_PDF13317,pdf,1,0.0,0.21,0.7990407943725586,0.7990289330482483,0.9999851555460073,-1.4844454199192114e-05,1.4844454199192114e-05,-0.0014844454199192114
Pythia_plus,179,MUR1.0_MUF1.0_PDF13317,pdf,2,0.21,0.42,0.7416394948959351,0.7416300773620605,0.9999873017363027,-1.2698264072241727e-05,1.2698264072241727e-05,-0.0012698264072241727
Pythia_plus,179,MUR1.0_MUF1.0_PDF13317,pdf,3,0.42,0.63,0.74241703748703,0.7424166798591614,0.9999995182924817,-4.81707502331119e-07,4.81707502331119e-07,-4.81707502331119e-05
Pythia_plus,179,MUR1.0_MUF1.0_PDF13317,pdf,4,0.63,0.84,0.716408371925354,0.7163762450218201,0.9999551556000837,-4.4844400690635666e-05,4.4844400690635666e-05,-0.004484440069063567
Pythia_plus,179,MUR1.0_MUF1.0_PDF13317,pdf,5,0.84,1.05,0.7636825442314148,0.7636785507202148,0.9999947707182387,-5.2292816690169275e-06,5.2292816690169275e-06,-0.0005229281669016927
Pythia_plus,179,MUR1.0_MUF1.0_PDF13317,pdf,6,1.05,1.37,0.7446764707565308,0.744641900062561,0.9999535762235987,-4.642377462005243e-05,4.642377462005243e-05,-0.004642377462005243
Pythia_plus,179,MUR1.0_MUF1.0_PDF13317,pdf,7,1.37,1.52,0.7529962062835693,0.7529906034469604,0.999992559276445,-7.440723493346013e-06,7.440723493346013e-06,-0.0007440723493346013
Pythia_plus,179,MUR1.0_MUF1.0_PDF13317,pdf,8,1.52,1.74,0.7522943019866943,0.7523030042648315,1.0000115676512693,1.1567651199584361e-05,1.1567651199584361e-05,0.0011567651199584361
Pythia_plus,179,MUR1.0_MUF1.0_PDF13317,pdf,9,1.74,1.95,0.738723874092102,0.7387725710868835,1.0000659204291202,6.592043064301834e-05,6.592043064301834e-05,0.0065920430643018335
Pythia_plus,179,MUR1.0_MUF1.0_PDF13317,pdf,10,1.95,2.18,0.753097414970398,0.7531406283378601,1.0000573808468907,5.738084655604325e-05,5.738084655604325e-05,0.005738084655604325
Pythia_plus,179,MUR1.0_MUF1.0_PDF13317,pdf,11,2.18,2.5,0.7340506911277771,0.7340087890625,0.9999429166598662,-5.7083339925156906e-05,5.7083339925156906e-05,-0.005708333992515691
Pythia_plus,180,MUR1.0_MUF1.0_PDF26231,pdf,1,0.0,0.21,0.7990407943725586,0.7987220883369446,0.9996011392185998,-0.00039886077865958214,0.00039886077865958214,-0.039886077865958214
Pythia_plus,180,MUR1.0_MUF1.0_PDF26231,pdf,2,0.21,0.42,0.7416394948959351,0.741202712059021,0.9994110577444701,-0.0005889422609470785,0.0005889422609470785,-0.05889422609470785
Pythia_plus,180,MUR1.0_MUF1.0_PDF26231,pdf,3,0.42,0.63,0.74241703748703,0.7419233918190002,0.9993350830556089,-0.0006649169372394681,0.0006649169372394681,-0.06649169372394681
Pythia_plus,180,MUR1.0_MUF1.0_PDF26231,pdf,4,0.63,0.84,0.716408371925354,0.7165947556495667,1.0002601640789202,0.0002601640881039202,0.0002601640881039202,0.026016408810392022
Pythia_plus,180,MUR1.0_MUF1.0_PDF26231,pdf,5,0.84,1.05,0.7636825442314148,0.763597309589386,0.9998883899564385,-0.00011161004658788443,0.00011161004658788443,-0.011161004658788443
Pythia_plus,180,MUR1.0_MUF1.0_PDF26231,pdf,6,1.05,1.37,0.7446764707565308,0.745018720626831,1.000459595386373,0.00045959537965245545,0.00045959537965245545,0.045959537965245545
Pythia_plus,180,MUR1.0_MUF1.0_PDF26231,pdf,7,1.37,1.52,0.7529962062835693,0.7538896799087524,1.0011865579371149,0.0011865579290315509,0.0011865579290315509,0.11865579290315509
Pythia_plus,180,MUR1.0_MUF1.0_PDF26231,pdf,8,1.52,1.74,0.7522943019866943,0.753333568572998,1.0013814627913027,0.0013814627891406417,0.0013814627891406417,0.13814627891406417
Pythia_plus,180,MUR1.0_MUF1.0_PDF26231,pdf,9,1.74,1.95,0.738723874092102,0.7396215200424194,1.0012151305539172,0.0012151305563747883,0.0012151305563747883,0.12151305563747883
Pythia_plus,180,MUR1.0_MUF1.0_PDF26231,pdf,10,1.95,2.18,0.753097414970398,0.7539883852005005,1.0011830743438916,0.0011830743169412017,0.0011830743169412017,0.11830743169412017
Pythia_plus,180,MUR1.0_MUF1.0_PDF26231,pdf,11,2.18,2.5,0.7340506911277771,0.7352465391159058,1.001629108183648,0.0016291082138195634,0.0016291082138195634,0.16291082138195634
Pythia_plus,181,MUR1.0_MUF1.0_PDF26232,pdf,1,0.0,0.21,0.7990407943725586,0.7998472452163696,1.0010092736810068,0.001009273692034185,0.001009273692034185,0.1009273692034185
Pythia_plus,181,MUR1.0_MUF1.0_PDF26232,pdf,2,0.21,0.42,0.7416394948959351,0.7425159811973572,1.0011818225801812,0.0011818226194009185,0.0011818226194009185,0.11818226194009185
Pythia_plus,181,MUR1.0_MUF1.0_PDF26232,pdf,3,0.42,0.63,0.74241703748703,0.7431026697158813,1.000923513597118,0.0009235136094503105,0.0009235136094503105,0.09235136094503105
Pythia_plus,181,MUR1.0_MUF1.0_PDF26232,pdf,4,0.63,0.84,0.716408371925354,0.7176298499107361,1.0017050023886507,0.0017050023889169097,0.0017050023889169097,0.17050023889169097
Pythia_plus,181,MUR1.0_MUF1.0_PDF26232,pdf,5,0.84,1.05,0.7636825442314148,0.7652245759963989,1.0020192052006847,0.002019205130636692,0.002019205130636692,0.2019205130636692
Pythia_plus,181,MUR1.0_MUF1.0_PDF26232,pdf,6,1.05,1.37,0.7446764707565308,0.7456332445144653,1.0012848180324034,0.0012848180485889316,0.0012848180485889316,0.12848180485889316
Pythia_plus,181,MUR1.0_MUF1.0_PDF26232,pdf,7,1.37,1.52,0.7529962062835693,0.7555019855499268,1.0033277448750038,0.0033277447801083326,0.0033277447801083326,0.33277447801083326
Pythia_plus,181,MUR1.0_MUF1.0_PDF26232,pdf,8,1.52,1.74,0.7522943019866943,0.7537482380867004,1.00193266929733,0.0019326693145558238,0.0019326693145558238,0.19326693145558238
Pythia_plus,181,MUR1.0_MUF1.0_PDF26232,pdf,9,1.74,1.95,0.738723874092102,0.7402416467666626,1.002054587279213,0.0020545872393995523,0.0020545872393995523,0.20545872393995523
Pythia_plus,181,MUR1.0_MUF1.0_PDF26232,pdf,10,1.95,2.18,0.753097414970398,0.7540175914764404,1.00122185588179,0.0012218558695167303,0.0012218558695167303,0.12218558695167303
Pythia_plus,181,MUR1.0_MUF1.0_PDF26232,pdf,11,2.18,2.5,0.7340506911277771,0.7347660660743713,1.0009745579634224,0.000974557944573462,0.000974557944573462,0.0974557944573462
Pythia_plus,182,MUR1.0_MUF1.0_PDF26233,pdf,1,0.0,0.21,0.7990407943725586,0.799225389957428,1.0002310214774632,0.00023102147679310292,0.00023102147679310292,0.023102147679310292
Pythia_plus,182,MUR1.0_MUF1.0_PDF26233,pdf,2,0.21,0.42,0.7416394948959351,0.7417871952056885,1.0001991537812778,0.00019915378652513027,0.00019915378652513027,0.019915378652513027
Pythia_plus,182,MUR1.0_MUF1.0_PDF26233,pdf,3,0.42,0.63,0.74241703748703,0.7424687743186951,1.000069687020977,6.968701927689835e-05,6.968701927689835e-05,0.006968701927689835
Pythia_plus,182,MUR1.0_MUF1.0_PDF26233,pdf,4,0.63,0.84,0.716408371925354,0.7169938087463379,1.0008171831094193,0.0008171831141225994,0.0008171831141225994,0.08171831141225994
Pythia_plus,182,MUR1.0_MUF1.0_PDF26233,pdf,5,0.84,1.05,0.7636825442314148,0.7642261981964111,1.0007118847603667,0.0007118847570382059,0.0007118847570382059,0.07118847570382059
Pythia_plus,182,MUR1.0_MUF1.0_PDF26233,pdf,6,1.05,1.37,0.7446764707565308,0.7452757954597473,1.0008048121926125,0.0008048121817409992,0.0008048121817409992,0.08048121817409992
Pythia_plus,182,MUR1.0_MUF1.0_PDF26233,pdf,7,1.37,1.52,0.7529962062835693,0.754473090171814,1.001961343066433,0.001961342990398407,0.001961342990398407,0.1961342990398407
Pythia_plus,182,MUR1.0_MUF1.0_PDF26233,pdf,8,1.52,1.74,0.7522943019866943,0.7534481883049011,1.0015338230200064,0.0015338229713961482,0.0015338229713961482,0.15338229713961482
Pythia_plus,182,MUR1.0_MUF1.0_PDF26233,pdf,9,1.74,1.95,0.738723874092102,0.7397308945655823,1.0013631892900685,0.0013631893089041114,0.0013631893089041114,0.13631893089041114
Pythia_plus,182,MUR1.0_MUF1.0_PDF26233,pdf,10,1.95,2.18,0.753097414970398,0.754019558429718,1.0012244676996485,0.0012244676472619176,0.0012244676472619176,0.12244676472619176
Pythia_plus,182,MUR1.0_MUF1.0_PDF26233,pdf,11,2.18,2.5,0.7340506911277771,0.7352830171585083,1.0016788023574201,0.0016788023058325052,0.0016788023058325052,0.16788023058325052
Pythia_plus,183,MUR1.0_MUF1.0_PDF26234,pdf,1,0.0,0.21,0.7990407943725586,0.7994692325592041,1.0005361906296435,0.000536190636921674,0.000536190636921674,0.0536190636921674
Pythia_plus,183,MUR1.0_MUF1.0_PDF26234,pdf,2,0.21,0.42,0.7416394948959351,0.74208003282547,1.0005940054872573,0.0005940055125392973,0.0005940055125392973,0.059400551253929734
Pythia_plus,183,MUR1.0_MUF1.0_PDF26234,pdf,3,0.42,0.63,0.74241703748703,0.7426812052726746,1.0003558212868318,0.00035582127748057246,0.00035582127748057246,0.035582127748057246
Pythia_plus,183,MUR1.0_MUF1.0_PDF26234,pdf,4,0.63,0.84,0.716408371925354,0.7173882722854614,1.001367795797073,0.0013677957467734814,0.0013677957467734814,0.13677957467734814
Pythia_plus,183,MUR1.0_MUF1.0_PDF26234,pdf,5,0.84,1.05,0.7636825442314148,0.7648466229438782,1.00152429660892,0.0015242965891957283,0.0015242965891957283,0.15242965891957283
Pythia_plus,183,MUR1.0_MUF1.0_PDF26234,pdf,6,1.05,1.37,0.7446764707565308,0.7454772591590881,1.001075350751641,0.0010753507958725095,0.0010753507958725095,0.10753507958725095
Pythia_plus,183,MUR1.0_MUF1.0_PDF26234,pdf,7,1.37,1.52,0.7529962062835693,0.7552251815795898,1.0029601414687355,0.0029601415153592825,0.0029601415153592825,0.29601415153592825
Pythia_plus,183,MUR1.0_MUF1.0_PDF26234,pdf,8,1.52,1.74,0.7522943019866943,0.7537660002708435,1.0019562799827975,0.0019562800880521536,0.0019562800880521536,0.19562800880521536
Pythia_plus,183,MUR1.0_MUF1.0_PDF26234,pdf,9,1.74,1.95,0.738723874092102,0.7403396964073181,1.0021873156830108,0.002187315607443452,0.002187315607443452,0.2187315607443452
Pythia_plus,183,MUR1.0_MUF1.0_PDF26234,pdf,10,1.95,2.18,0.753097414970398,0.754047155380249,1.001261112295663,0.001261112280189991,0.001261112280189991,0.1261112280189991
Pythia_plus,183,MUR1.0_MUF1.0_PDF26234,pdf,11,2.18,2.5,0.7340506911277771,0.7346279621124268,1.0007864184199087,0.0007864184444770217,0.0007864184444770217,0.07864184444770217
Pythia_plus,184,MUR1.0_MUF1.0_PDF26235,pdf,1,0.0,0.21,0.7990407943725586,0.7992511987686157,1.0002633212190652,0.0002633212134242058,0.0002633212134242058,0.026332121342420578
Pythia_plus,184,MUR1.0_MUF1.0_PDF26235,pdf,2,0.21,0.42,0.7416394948959351,0.7418236136436462,1.0002482590921578,0.00024825907894410193,0.00024825907894410193,0.024825907894410193
Pythia_plus,184,MUR1.0_MUF1.0_PDF26235,pdf,3,0.42,0.63,0.74241703748703,0.7424964904785156,1.0001070193536432,0.00010701935389079154,0.00010701935389079154,0.010701935389079154
Pythia_plus,184,MUR1.0_MUF1.0_PDF26235,pdf,4,0.63,0.84,0.716408371925354,0.7170436382293701,1.000886737688881,0.0008867376600392163,0.0008867376600392163,0.08867376600392163
Pythia_plus,184,MUR1.0_MUF1.0_PDF26235,pdf,5,0.84,1.05,0.7636825442314148,0.764341413974762,1.0008627534416283,0.0008627534261904657,0.0008627534261904657,0.08627534261904657
Pythia_plus,184,MUR1.0_MUF1.0_PDF26235,pdf,6,1.05,1.37,0.7446764707565308,0.745302140712738,1.0008401903118702,0.0008401903323829174,0.0008401903323829174,0.08401903323829174
Pythia_plus,184,MUR1.0_MUF1.0_PDF26235,pdf,7,1.37,1.52,0.7529962062835693,0.7546103596687317,1.0021436407935294,0.0021436407696455717,0.0021436407696455717,0.21436407696455717
Pythia_plus,184,MUR1.0_MUF1.0_PDF26235,pdf,8,1.52,1.74,0.7522943019866943,0.7535236477851868,1.0016341288179984,0.0016341288574039936,0.0016341288574039936,0.16341288574039936
Pythia_plus,184,MUR1.0_MUF1.0_PDF26235,pdf,9,1.74,1.95,0.738723874092102,0.7399139404296875,1.0016109758724774,0.0016109758289530873,0.0016109758289530873,0.16109758289530873
Pythia_plus,184,MUR1.0_MUF1.0_PDF26235,pdf,10,1.95,2.18,0.753097414970398,0.7540708780288696,1.0012926124019559,0.0012926124036312103,0.0012926124036312103,0.12926124036312103
Pythia_plus,184,MUR1.0_MUF1.0_PDF26235,pdf,11,2.18,2.5,0.7340506911277771,0.7350971698760986,1.0014256219099988,0.001425621914677322,0.001425621914677322,0.1425621914677322
Pythia_plus,185,MUR1.0_MUF1.0_PDF26236,pdf,1,0.0,0.21,0.7990407943725586,0.7995606064796448,1.000650545142059,0.0006505451165139675,0.0006505451165139675,0.06505451165139675
Pythia_plus,185,MUR1.0_MUF1.0_PDF26236,pdf,2,0.21,0.42,0.7416394948959351,0.7421674728393555,1.000711906454624,0.0007119064684957266,0.0007119064684957266,0.07119064684957266
Pythia_plus,185,MUR1.0_MUF1.0_PDF26236,pdf,3,0.42,0.63,0.74241703748703,0.7427555918693542,1.0004560164506329,0.00045601645251736045,0.00045601645251736045,0.045601645251736045
Pythia_plus,185,MUR1.0_MUF1.0_PDF26236,pdf,4,0.63,0.84,0.716408371925354,0.7174850702285767,1.0015029113916258,0.0015029114438220859,0.0015029114438220859,0.15029114438220859
Pythia_plus,185,MUR1.0_MUF1.0_PDF26236,pdf,5,0.84,1.05,0.7636825442314148,0.7648852467536926,1.0015748723489395,0.0015748722944408655,0.0015748722944408655,0.15748722944408655
Pythia_plus,185,MUR1.0_MUF1.0_PDF26236,pdf,6,1.05,1.37,0.7446764707565308,0.7455445528030396,1.0011657170336359,0.0011657170252874494,0.0011657170252874494,0.11657170252874494
Pythia_plus,185,MUR1.0_MUF1.0_PDF26236,pdf,7,1.37,1.52,0.7529962062835693,0.7552558779716492,1.0030009071350205,0.0030009071342647076,0.0030009071342647076,0.30009071342647076
Pythia_plus,185,MUR1.0_MUF1.0_PDF26236,pdf,8,1.52,1.74,0.7522943019866943,0.75377357006073,1.001966342254792,0.001966342329978943,0.001966342329978943,0.1966342329978943
Pythia_plus,185,MUR1.0_MUF1.0_PDF26236,pdf,9,1.74,1.95,0.738723874092102,0.7401788830757141,1.0019696249635905,0.0019696250092238188,0.0019696250092238188,0.19696250092238188
Pythia_plus,185,MUR1.0_MUF1.0_PDF26236,pdf,10,1.95,2.18,0.753097414970398,0.753977358341217,1.001168432334685,0.0011684322962537408,0.0011684322962537408,0.11684322962537408
Pythia_plus,185,MUR1.0_MUF1.0_PDF26236,pdf,11,2.18,2.5,0.7340506911277771,0.7348892092704773,1.0011423163997188,0.0011423163814470172,0.0011423163814470172,0.11423163814470172
Pythia_plus,186,MUR1.0_MUF1.0_PDF26237,pdf,1,0.0,0.21,0.7990407943725586,0.7993186116218567,1.0003476884425109,0.0003476884448900819,0.0003476884448900819,0.03476884448900819
Pythia_plus,186,MUR1.0_MUF1.0_PDF26237,pdf,2,0.21,0.42,0.7416394948959351,0.7418941259384155,1.0003433353323723,0.0003433353267610073,0.0003433353267610073,0.03433353267610073
Pythia_plus,186,MUR1.0_MUF1.0_PDF26237,pdf,3,0.42,0.63,0.74241703748703,0.7425515651702881,1.0001812023114576,0.00018120231106877327,0.00018120231106877327,0.018120231106877327
Pythia_plus,186,MUR1.0_MUF1.0_PDF26237,pdf,4,0.63,0.84,0.716408371925354,0.7171451449394226,1.0010284260247944,0.0010284259915351868,0.0010284259915351868,0.10284259915351868
Pythia_plus,186,MUR1.0_MUF1.0_PDF26237,pdf,5,0.84,1.05,0.7636825442314148,0.7644280791282654,1.0009762366607462,0.0009762366535142064,0.0009762366535142064,0.09762366535142064
Pythia_plus,186,MUR1.0_MUF1.0_PDF26237,pdf,6,1.05,1.37,0.7446764707565308,0.7453866004943848,1.000953608400078,0.000953608425334096,0.000953608425334096,0.0953608425334096
Pythia_plus,186,MUR1.0_MUF1.0_PDF26237,pdf,7,1.37,1.52,0.7529962062835693,0.7547591328620911,1.0023412157509035,0.002341215731576085,0.002341215731576085,0.2341215731576085
Pythia_plus,186,MUR1.0_MUF1.0_PDF26237,pdf,8,1.52,1.74,0.7522943019866943,0.7535971403121948,1.0017318200098817,0.001731820055283606,0.001731820055283606,0.1731820055283606
Pythia_plus,186,MUR1.0_MUF1.0_PDF26237,pdf,9,1.74,1.95,0.738723874092102,0.7399066090583801,1.0016010514994276,0.001601051539182663,0.001601051539182663,0.1601051539182663
Pythia_plus,186,MUR1.0_MUF1.0_PDF26237,pdf,10,1.95,2.18,0.753097414970398,0.7540802359580994,1.0013050383232827,0.0013050383422523737,0.0013050383422523737,0.13050383422523737
Pythia_plus,186,MUR1.0_MUF1.0_PDF26237,pdf,11,2.18,2.5,0.7340506911277771,0.7352792620658875,1.0016736867807083,0.001673686783760786,0.001673686783760786,0.1673686783760786
Pythia_plus,187,MUR1.0_MUF1.0_PDF26238,pdf,1,0.0,0.21,0.7990407943725586,0.7993381023406982,1.0003720810880163,0.0003720810927916318,0.0003720810927916318,0.03720810927916318
Pythia_plus,187,MUR1.0_MUF1.0_PDF26238,pdf,2,0.21,0.42,0.7416394948959351,0.7419283986091614,1.0003895473679794,0.0003895473782904446,0.0003895473782904446,0.03895473782904446
Pythia_plus,187,MUR1.0_MUF1.0_PDF26238,pdf,3,0.42,0.63,0.74241703748703,0.7425687909126282,1.000204404556921,0.00020440455409698188,0.00020440455409698188,0.02044045540969819
Pythia_plus,187,MUR1.0_MUF1.0_PDF26238,pdf,4,0.63,0.84,0.716408371925354,0.7171704173088074,1.0010637025100717,0.00106370251160115,0.00106370251160115,0.106370251160115
Pythia_plus,187,MUR1.0_MUF1.0_PDF26238,pdf,5,0.84,1.05,0.7636825442314148,0.7645330429077148,1.0011136809171879,0.0011136808898299932,0.0011136808898299932,0.11136808898299932
Pythia_plus,187,MUR1.0_MUF1.0_PDF26238,pdf,6,1.05,1.37,0.7446764707565308,0.7453510165214539,1.0009058239267823,0.0009058239520527422,0.0009058239520527422,0.09058239520527422
Pythia_plus,187,MUR1.0_MUF1.0_PDF26238,pdf,7,1.37,1.52,0.7529962062835693,0.7548174262046814,1.0024186309385286,0.002418630989268422,0.002418630989268422,0.2418630989268422
Pythia_plus,187,MUR1.0_MUF1.0_PDF26238,pdf,8,1.52,1.74,0.7522943019866943,0.7535858154296875,1.001716766217134,0.0017167662736028433,0.0017167662736028433,0.17167662736028433
Pythia_plus,187,MUR1.0_MUF1.0_PDF26238,pdf,9,1.74,1.95,0.738723874092102,0.7400580644607544,1.001806074523166,0.00180607452057302,0.00180607452057302,0.180607452057302
Pythia_plus,187,MUR1.0_MUF1.0_PDF26238,pdf,10,1.95,2.18,0.753097414970398,0.7540245056152344,1.0012310368172925,0.0012310368474572897,0.0012310368474572897,0.12310368474572897
Pythia_plus,187,MUR1.0_MUF1.0_PDF26238,pdf,11,2.18,2.5,0.7340506911277771,0.7348491549491882,1.0010877502481257,0.0010877501918002963,0.0010877501918002963,0.10877501918002963
Pythia_plus,188,MUR1.0_MUF1.0_PDF26239,pdf,1,0.0,0.21,0.7990407943725586,0.7997757196426392,1.0009197593855739,0.0009197593899443746,0.0009197593899443746,0.09197593899443746
Pythia_plus,188,MUR1.0_MUF1.0_PDF26239,pdf,2,0.21,0.42,0.7416394948959351,0.7424777746200562,1.0011303062065737,0.0011303061619400978,0.0011303061619400978,0.11303061619400978
Pythia_plus,188,MUR1.0_MUF1.0_PDF26239,pdf,3,0.42,0.63,0.74241703748703,0.7431080341339111,1.000930739209892,0.0009307392174378037,0.0009307392174378037,0.09307392174378037
Pythia_plus,188,MUR1.0_MUF1.0_PDF26239,pdf,4,0.63,0.84,0.716408371925354,0.7172802686691284,1.0012170387420671,0.0012170387199148536,0.0012170387199148536,0.12170387199148536
Pythia_plus,188,MUR1.0_MUF1.0_PDF26239,pdf,5,0.84,1.05,0.7636825442314148,0.7654393315315247,1.0023004156810706,0.0023004156537353992,0.0023004156537353992,0.23004156537353992
Pythia_plus,188,MUR1.0_MUF1.0_PDF26239,pdf,6,1.05,1.37,0.7446764707565308,0.745399534702301,1.0009709772957318,0.0009709773003123701,0.0009709773003123701,0.097097730031237
Pythia_plus,188,MUR1.0_MUF1.0_PDF26239,pdf,7,1.37,1.52,0.7529962062835693,0.7555635571479797,1.0034095136774748,0.0034095137380063534,0.0034095137380063534,0.34095137380063534
Pythia_plus,188,MUR1.0_MUF1.0_PDF26239,pdf,8,1.52,1.74,0.7522943019866943,0.754012405872345,1.0022838188207905,0.0022838187869638205,0.0022838187869638205,0.22838187869638205
Pythia_plus,188,MUR1.0_MUF1.0_PDF26239,pdf,9,1.74,1.95,0.738723874092102,0.7415569424629211,1.0038350843531367,0.00383508438244462,0.00383508438244462,0.383508438244462
Pythia_plus,188,MUR1.0_MUF1.0_PDF26239,pdf,10,1.95,2.18,0.753097414970398,0.7548280358314514,1.0022980039854759,0.0022980039939284325,0.0022980039939284325,0.22980039939284325
Pythia_plus,188,MUR1.0_MUF1.0_PDF26239,pdf,11,2.18,2.5,0.7340506911277771,0.7334011793136597,0.9991151676281109,-0.0008848323486745358,0.0008848323486745358,-0.08848323486745358
Pythia_plus,189,MUR1.0_MUF1.0_PDF26240,pdf,1,0.0,0.21,0.7990407943725586,0.7988959550857544,0.9998187335517482,-0.00018126644135918468,0.00018126644135918468,-0.018126644135918468
Pythia_plus,189,MUR1.0_MUF1.0_PDF26240,pdf,2,0.21,0.42,0.7416394948959351,0.7413839101791382,0.9996553787675065,-0.0003446212213020772,0.0003446212213020772,-0.03446212213020772
Pythia_plus,189,MUR1.0_MUF1.0_PDF26240,pdf,3,0.42,0.63,0.74241703748703,0.7420879602432251,0.9995567487986013,-0.000443251192336902,0.000443251192336902,-0.0443251192336902
Pythia_plus,189,MUR1.0_MUF1.0_PDF26240,pdf,4,0.63,0.84,0.716408371925354,0.7168931365013123,1.000676659563114,0.0006766595761291683,0.0006766595761291683,0.06766595761291683
Pythia_plus,189,MUR1.0_MUF1.0_PDF26240,pdf,5,0.84,1.05,0.7636825442314148,0.7633830904960632,0.9996078819168861,-0.00039211809053085744,0.00039211809053085744,-0.039211809053085744
Pythia_plus,189,MUR1.0_MUF1.0_PDF26240,pdf,6,1.05,1.37,0.7446764707565308,0.7452393770217896,1.0007559071454035,0.0007559071527794003,0.0007559071527794003,0.07559071527794003
Pythia_plus,189,MUR1.0_MUF1.0_PDF26240,pdf,7,1.37,1.52,0.7529962062835693,0.7536268830299377,1.000837556339734,0.0008375563193112612,0.0008375563193112612,0.08375563193112612
Pythia_plus,189,MUR1.0_MUF1.0_PDF26240,pdf,8,1.52,1.74,0.7522943019866943,0.7527971863746643,1.0006684676284825,0.0006684676045551896,0.0006684676045551896,0.06684676045551896
Pythia_plus,189,MUR1.0_MUF1.0_PDF26240,pdf,9,1.74,1.95,0.738723874092102,0.7379132509231567,0.9989026709473258,-0.0010973290773108602,0.0010973290773108602,-0.10973290773108602
Pythia_plus,189,MUR1.0_MUF1.0_PDF26240,pdf,10,1.95,2.18,0.753097414970398,0.7528889775276184,0.9997232264529978,-0.0002767735568340868,0.0002767735568340868,-0.027677355683408678
Pythia_plus,189,MUR1.0_MUF1.0_PDF26240,pdf,11,2.18,2.5,0.7340506911277771,0.7363878488540649,1.0031839187055285,0.003183918772265315,0.003183918772265315,0.3183918772265315
Pythia_plus,190,MUR1.0_MUF1.0_PDF13318,pdf,1,0.0,0.21,0.7990407943725586,0.7990289330482483,0.9999851555460073,-1.4844454199192114e-05,1.4844454199192114e-05,-0.0014844454199192114
Pythia_plus,190,MUR1.0_MUF1.0_PDF13318,pdf,2,0.21,0.42,0.7416394948959351,0.7416332364082336,0.9999915612804543,-8.438719305559061e-06,8.438719305559061e-06,-0.0008438719305559061
Pythia_plus,190,MUR1.0_MUF1.0_PDF13318,pdf,3,0.42,0.63,0.74241703748703,0.7424163222312927,0.9999990365849635,-9.63415004662238e-07,9.63415004662238e-07,-9.63415004662238e-05
Pythia_plus,190,MUR1.0_MUF1.0_PDF13318,pdf,4,0.63,0.84,0.716408371925354,0.7163762450218201,0.9999551556000837,-4.4844400690635666e-05,4.4844400690635666e-05,-0.004484440069063567
Pythia_plus,190,MUR1.0_MUF1.0_PDF13318,pdf,5,0.84,1.05,0.7636825442314148,0.7636795043945312,0.999996019501943,-3.980498149758205e-06,3.980498149758205e-06,-0.0003980498149758205
Pythia_plus,190,MUR1.0_MUF1.0_PDF13318,pdf,6,1.05,1.37,0.7446764707565308,0.7446408271789551,0.9999521354857104,-4.7864516091067344e-05,4.7864516091067344e-05,-0.004786451609106734
Pythia_plus,190,MUR1.0_MUF1.0_PDF13318,pdf,7,1.37,1.52,0.7529962062835693,0.7529903650283813,0.9999922426499108,-7.757350431347732e-06,7.757350431347732e-06,-0.0007757350431347732
Pythia_plus,190,MUR1.0_MUF1.0_PDF13318,pdf,8,1.52,1.74,0.7522943019866943,0.7523022294044495,1.0000105376549233,1.0537654816289432e-05,1.0537654816289432e-05,0.0010537654816289432
Pythia_plus,190,MUR1.0_MUF1.0_PDF13318,pdf,9,1.74,1.95,0.738723874092102,0.738774836063385,1.000068986495591,6.898649735376239e-05,6.898649735376239e-05,0.006898649735376239
Pythia_plus,190,MUR1.0_MUF1.0_PDF13318,pdf,10,1.95,2.18,0.753097414970398,0.7531424760818481,1.0000598343727578,5.9834372223122045e-05,5.9834372223122045e-05,0.0059834372223122045
Pythia_plus,190,MUR1.0_MUF1.0_PDF13318,pdf,11,2.18,2.5,0.7340506911277771,0.7340054512023926,0.9999383694805668,-6.163051875773817e-05,6.163051875773817e-05,-0.006163051875773817
Pythia_plus,191,MUR1.0_MUF1.0_PDF26241,pdf,1,0.0,0.21,0.7990407943725586,0.799392580986023,1.0004402611430379,0.00044026115210726857,0.00044026115210726857,0.04402611521072686
Pythia_plus,191,MUR1.0_MUF1.0_PDF26241,pdf,2,0.21,0.42,0.7416394948959351,0.7419840097427368,1.0004645314187994,0.00046453141840174794,0.00046453141840174794,0.046453141840174794
Pythia_plus,191,MUR1.0_MUF1.0_PDF26241,pdf,3,0.42,0.63,0.74241703748703,0.7427635788917542,1.0004667745852076,0.0004667745961342007,0.0004667745961342007,0.04667745961342007
Pythia_plus,191,MUR1.0_MUF1.0_PDF26241,pdf,4,0.63,0.84,0.716408371925354,0.716810405254364,1.0005611789933855,0.0005611790111288428,0.0005611790111288428,0.05611790111288428
Pythia_plus,191,MUR1.0_MUF1.0_PDF26241,pdf,5,0.84,1.05,0.7636825442314148,0.7638347744941711,1.0001993370987805,0.000199337097001262,0.000199337097001262,0.0199337097001262
Pythia_plus,191,MUR1.0_MUF1.0_PDF26241,pdf,6,1.05,1.37,0.7446764707565308,0.7452401518821716,1.000756947678323,0.0007569476729258895,0.0007569476729258895,0.07569476729258895
Pythia_plus,191,MUR1.0_MUF1.0_PDF26241,pdf,7,1.37,1.52,0.7529962062835693,0.7538105845451355,1.0010815170843763,0.0010815170826390386,0.0010815170826390386,0.10815170826390386
Pythia_plus,191,MUR1.0_MUF1.0_PDF26241,pdf,8,1.52,1.74,0.7522943019866943,0.7529803514480591,1.0009119429185533,0.0009119429159909487,0.0009119429159909487,0.09119429159909487
Pythia_plus,191,MUR1.0_MUF1.0_PDF26241,pdf,9,1.74,1.95,0.738723874092102,0.7385305166244507,0.9997382547465533,-0.00026174524100497365,0.00026174524100497365,-0.026174524100497365
Pythia_plus,191,MUR1.0_MUF1.0_PDF26241,pdf,10,1.95,2.18,0.753097414970398,0.7538679838180542,1.001023199432555,0.0010231994092464447,0.0010231994092464447,0.10231994092464447
Pythia_plus,191,MUR1.0_MUF1.0_PDF26241,pdf,11,2.18,2.5,0.7340506911277771,0.7366364002227783,1.0035225211640746,0.0035225211177021265,0.0035225211177021265,0.35225211177021265
Pythia_plus,192,MUR1.0_MUF1.0_PDF26242,pdf,1,0.0,0.21,0.7990407943725586,0.7993808388710022,1.0004255658795376,0.00042556587141007185,0.00042556587141007185,0.042556587141007185
Pythia_plus,192,MUR1.0_MUF1.0_PDF26242,pdf,2,0.21,0.42,0.7416394948959351,0.7420218586921692,1.0005155655798614,0.0005155655671842396,0.0005155655671842396,0.05155655671842396
Pythia_plus,192,MUR1.0_MUF1.0_PDF26242,pdf,3,0.42,0.63,0.74241703748703,0.7426671981811523,1.0003369544090328,0.0003369543992448598,0.0003369543992448598,0.03369543992448598
Pythia_plus,192,MUR1.0_MUF1.0_PDF26242,pdf,4,0.63,0.84,0.716408371925354,0.71695476770401,1.0007626875956064,0.0007626875885762274,0.0007626875885762274,0.07626875885762274
Pythia_plus,192,MUR1.0_MUF1.0_PDF26242,pdf,5,0.84,1.05,0.7636825442314148,0.7646412253379822,1.0012553398186312,0.0012553398264572024,0.0012553398264572024,0.12553398264572024
Pythia_plus,192,MUR1.0_MUF1.0_PDF26242,pdf,6,1.05,1.37,0.7446764707565308,0.7450882196426392,1.0005529231851384,0.0005529231857508421,0.0005529231857508421,0.05529231857508421
Pythia_plus,192,MUR1.0_MUF1.0_PDF26242,pdf,7,1.37,1.52,0.7529962062835693,0.7545327544212341,1.00204057885663,0.0020405787508934736,0.0020405787508934736,0.20405787508934736
Pythia_plus,192,MUR1.0_MUF1.0_PDF26242,pdf,8,1.52,1.74,0.7522943019866943,0.753200888633728,1.0012050957246912,0.0012050956720486283,0.0012050956720486283,0.12050956720486283
Pythia_plus,192,MUR1.0_MUF1.0_PDF26242,pdf,9,1.74,1.95,0.738723874092102,0.7402157187461853,1.0020194888867193,0.002019488951191306,0.002019488951191306,0.2019488951191306
Pythia_plus,192,MUR1.0_MUF1.0_PDF26242,pdf,10,1.95,2.18,0.753097414970398,0.7537533044815063,1.0008709225368064,0.0008709225221537054,0.0008709225221537054,0.08709225221537054
Pythia_plus,192,MUR1.0_MUF1.0_PDF26242,pdf,11,2.18,2.5,0.7340506911277771,0.733319878578186,0.9990044113323179,-0.0009955887217074633,0.0009955887217074633,-0.09955887217074633
Pythia_plus,193,MUR1.0_MUF1.0_PDF26243,pdf,1,0.0,0.21,0.7990407943725586,0.7994214296340942,1.0004763652421957,0.00047636523959226906,0.00047636523959226906,0.047636523959226906
Pythia_plus,193,MUR1.0_MUF1.0_PDF26243,pdf,2,0.21,0.42,0.7416394948959351,0.7420405745506287,1.0005408013697408,0.0005408013821579516,0.0005408013821579516,0.05408013821579516
Pythia_plus,193,MUR1.0_MUF1.0_PDF26243,pdf,3,0.42,0.63,0.74241703748703,0.7426190376281738,1.0002720844632385,0.00027208446408621967,0.00027208446408621967,0.027208446408621967
Pythia_plus,193,MUR1.0_MUF1.0_PDF26243,pdf,4,0.63,0.84,0.716408371925354,0.7174410223960876,1.0014414271401637,0.0014414271572604775,0.0014414271572604775,0.14414271572604775
Pythia_plus,193,MUR1.0_MUF1.0_PDF26243,pdf,5,0.84,1.05,0.7636825442314148,0.7648228406906128,1.001493155065297,0.001493155024945736,0.001493155024945736,0.1493155024945736
Pythia_plus,193,MUR1.0_MUF1.0_PDF26243,pdf,6,1.05,1.37,0.7446764707565308,0.7454560399055481,1.0010468561578498,0.0010468561667948961,0.0010468561667948961,0.10468561667948961
Pythia_plus,193,MUR1.0_MUF1.0_PDF26243,pdf,7,1.37,1.52,0.7529962062835693,0.7550870180130005,1.0027766563921356,0.002776656299829483,0.002776656299829483,0.2776656299829483
Pythia_plus,193,MUR1.0_MUF1.0_PDF26243,pdf,8,1.52,1.74,0.7522943019866943,0.7535408735275269,1.0016570264290723,0.0016570264706388116,0.0016570264706388116,0.16570264706388116
Pythia_plus,193,MUR1.0_MUF1.0_PDF26243,pdf,9,1.74,1.95,0.738723874092102,0.7399646639823914,1.0016796396242293,0.0016796396812424064,0.0016796396812424064,0.16796396812424064
Pythia_plus,193,MUR1.0_MUF1.0_PDF26243,pdf,10,1.95,2.18,0.753097414970398,0.7534709572792053,1.0004960079551224,0.0004960079677402973,0.0004960079677402973,0.04960079677402973
Pythia_plus,193,MUR1.0_MUF1.0_PDF26243,pdf,11,2.18,2.5,0.7340506911277771,0.7341583371162415,1.0001466465324063,0.00014664653281215578,0.00014664653281215578,0.014664653281215578
Pythia_plus,194,MUR1.0_MUF1.0_PDF26244,pdf,1,0.0,0.21,0.7990407943725586,0.7996689081192017,1.000786084704394,0.0007860846817493439,0.0007860846817493439,0.07860846817493439
Pythia_plus,194,MUR1.0_MUF1.0_PDF26244,pdf,2,0.21,0.42,0.7416394948959351,0.7423369884490967,1.000940475201175,0.000940475205425173,0.000940475205425173,0.0940475205425173
Pythia_plus,194,MUR1.0_MUF1.0_PDF26244,pdf,3,0.42,0.63,0.74241703748703,0.7431281208992004,1.0009577951155018,0.0009577951277606189,0.0009577951277606189,0.09577951277606189
Pythia_plus,194,MUR1.0_MUF1.0_PDF26244,pdf,4,0.63,0.84,0.716408371925354,0.7166130542755127,1.000285706251043,0.00028570624999701977,0.00028570624999701977,0.028570624999701977
Pythia_plus,194,MUR1.0_MUF1.0_PDF26244,pdf,5,0.84,1.05,0.7636825442314148,0.7645794153213501,1.001174403024804,0.0011744030052796006,0.0011744030052796006,0.11744030052796006
Pythia_plus,194,MUR1.0_MUF1.0_PDF26244,pdf,6,1.05,1.37,0.7446764707565308,0.7450542449951172,1.000507299818675,0.0005072998465038836,0.0005072998465038836,0.05072998465038836
Pythia_plus,194,MUR1.0_MUF1.0_PDF26244,pdf,7,1.37,1.52,0.7529962062835693,0.7544199228286743,1.0018907353492945,0.0018907353514805436,0.0018907353514805436,0.18907353514805436
Pythia_plus,194,MUR1.0_MUF1.0_PDF26244,pdf,8,1.52,1.74,0.7522943019866943,0.7534868121147156,1.0015851643763245,0.0015851643402129412,0.0015851643402129412,0.15851643402129412
Pythia_plus,194,MUR1.0_MUF1.0_PDF26244,pdf,9,1.74,1.95,0.738723874092102,0.7407122254371643,1.0026916029314823,0.002691603032872081,0.002691603032872081,0.2691603032872081
Pythia_plus,194,MUR1.0_MUF1.0_PDF26244,pdf,10,1.95,2.18,0.753097414970398,0.7553417682647705,1.0029801633225108,0.0029801633208990097,0.0029801633208990097,0.29801633208990097
Pythia_plus,194,MUR1.0_MUF1.0_PDF26244,pdf,11,2.18,2.5,0.7340506911277771,0.7349477410316467,1.0012220544367194,0.001222054474055767,0.001222054474055767,0.1222054474055767
Pythia_plus,195,MUR1.0_MUF1.0_PDF26245,pdf,1,0.0,0.21,0.7990407943725586,0.7998635172843933,1.0010296381832178,0.0010296382242813706,0.0010296382242813706,0.10296382242813706
Pythia_plus,195,MUR1.0_MUF1.0_PDF26245,pdf,2,0.21,0.42,0.7416394948959351,0.7426474094390869,1.00135903569064,0.0013590357266366482,0.0013590357266366482,0.13590357266366482
Pythia_plus,195,MUR1.0_MUF1.0_PDF26245,pdf,3,0.42,0.63,0.74241703748703,0.7434609532356262,1.0014061042458424,0.0014061043038964272,0.0014061043038964272,0.14061043038964272
Pythia_plus,195,MUR1.0_MUF1.0_PDF26245,pdf,4,0.63,0.84,0.716408371925354,0.7161990404129028,0.999707804206854,-0.0002921957930084318,0.0002921957930084318,-0.02921957930084318
Pythia_plus,195,MUR1.0_MUF1.0_PDF26245,pdf,5,0.84,1.05,0.7636825442314148,0.7640149593353271,1.0004352791698898,0.0004352791584096849,0.0004352791584096849,0.04352791584096849
Pythia_plus,195,MUR1.0_MUF1.0_PDF26245,pdf,6,1.05,1.37,0.7446764707565308,0.7444477081298828,0.9996928026658133,-0.0003071973333135247,0.0003071973333135247,-0.030719733331352472
Pythia_plus,195,MUR1.0_MUF1.0_PDF26245,pdf,7,1.37,1.52,0.7529962062835693,0.7527835369110107,0.9997175691314459,-0.0002824308758135885,0.0002824308758135885,-0.02824308758135885
Pythia_plus,195,MUR1.0_MUF1.0_PDF26245,pdf,8,1.52,1.74,0.7522943019866943,0.7517969608306885,0.999338900806915,-0.0006610992131754756,0.0006610992131754756,-0.06610992131754756
Pythia_plus,195,MUR1.0_MUF1.0_PDF26245,pdf,9,1.74,1.95,0.738723874092102,0.7386338710784912,0.9998781642007692,-0.00012183580111013725,0.00012183580111013725,-0.012183580111013725
Pythia_plus,195,MUR1.0_MUF1.0_PDF26245,pdf,10,1.95,2.18,0.753097414970398,0.7539283037185669,1.0011032951802146,0.001103295129723847,0.001103295129723847,0.11032951297238469
Pythia_plus,195,MUR1.0_MUF1.0_PDF26245,pdf,11,2.18,2.5,0.7340506911277771,0.7343528270721436,1.000411600926228,0.0004116009222343564,0.0004116009222343564,0.04116009222343564
Pythia_plus,196,MUR1.0_MUF1.0_PDF26246,pdf,1,0.0,0.21,0.7990407943725586,0.7988436222076416,0.9997532389255898,-0.0002467610756866634,0.0002467610756866634,-0.02467610756866634
Pythia_plus,196,MUR1.0_MUF1.0_PDF26246,pdf,2,0.21,0.42,0.7416394948959351,0.7411658763885498,0.9993613898522871,-0.0006386101595126092,0.0006386101595126092,-0.06386101595126092
Pythia_plus,196,MUR1.0_MUF1.0_PDF26246,pdf,3,0.42,0.63,0.74241703748703,0.7418301105499268,0.9992094376779257,-0.0007905623060651124,0.0007905623060651124,-0.07905623060651124
Pythia_plus,196,MUR1.0_MUF1.0_PDF26246,pdf,4,0.63,0.84,0.716408371925354,0.7172387838363647,1.0011591320586875,0.0011591321090236306,0.0011591321090236306,0.11591321090236306
Pythia_plus,196,MUR1.0_MUF1.0_PDF26246,pdf,5,0.84,1.05,0.7636825442314148,0.7641169428825378,1.000568820977256,0.0005688209785148501,0.0005688209785148501,0.056882097851485014
Pythia_plus,196,MUR1.0_MUF1.0_PDF26246,pdf,6,1.05,1.37,0.7446764707565308,0.7455190420150757,1.0011314594882916,0.0011314594885334373,0.0011314594885334373,0.11314594885334373
Pythia_plus,196,MUR1.0_MUF1.0_PDF26246,pdf,7,1.37,1.52,0.7529962062835693,0.7559237480163574,1.0038878572140981,0.003887857310473919,0.003887857310473919,0.3887857310473919
Pythia_plus,196,MUR1.0_MUF1.0_PDF26246,pdf,8,1.52,1.74,0.7522943019866943,0.755635678768158,1.0044415819349417,0.004441582132130861,0.004441582132130861,0.44415821321308613
Pythia_plus,196,MUR1.0_MUF1.0_PDF26246,pdf,9,1.74,1.95,0.738723874092102,0.7421585917472839,1.0046495284309083,0.004649528302252293,0.004649528302252293,0.46495283022522926
Pythia_plus,196,MUR1.0_MUF1.0_PDF26246,pdf,10,1.95,2.18,0.753097414970398,0.757430911064148,1.0057542304721898,0.005754230543971062,0.005754230543971062,0.5754230543971062
Pythia_plus,196,MUR1.0_MUF1.0_PDF26246,pdf,11,2.18,2.5,0.7340506911277771,0.7376154065132141,1.0048562250925208,0.004856225103139877,0.004856225103139877,0.48562251031398773
Pythia_plus,197,MUR1.0_MUF1.0_PDF26247,pdf,1,0.0,0.21,0.7990407943725586,0.7989457845687866,0.9998810951775665,-0.00011890481982845813,0.00011890481982845813,-0.011890481982845813
Pythia_plus,197,MUR1.0_MUF1.0_PDF26247,pdf,2,0.21,0.42,0.7416394948959351,0.7415583729743958,0.9998906181209366,-0.00010938187915598974,0.00010938187915598974,-0.010938187915598974
Pythia_plus,197,MUR1.0_MUF1.0_PDF26247,pdf,3,0.42,0.63,0.74241703748703,0.7422199249267578,0.9997344988728446,-0.0002655011194292456,0.0002655011194292456,-0.02655011194292456
Pythia_plus,197,MUR1.0_MUF1.0_PDF26247,pdf,4,0.63,0.84,0.716408371925354,0.717273473739624,1.001207554026686,0.0012075540143996477,0.0012075540143996477,0.12075540143996477
Pythia_plus,197,MUR1.0_MUF1.0_PDF26247,pdf,5,0.84,1.05,0.7636825442314148,0.7644350528717041,1.000985368391583,0.000985368387773633,0.000985368387773633,0.0985368387773633
Pythia_plus,197,MUR1.0_MUF1.0_PDF26247,pdf,6,1.05,1.37,0.7446764707565308,0.7455769777297974,1.0012092593342605,0.0012092593824490905,0.0012092593824490905,0.12092593824490905
Pythia_plus,197,MUR1.0_MUF1.0_PDF26247,pdf,7,1.37,1.52,0.7529962062835693,0.7552157640457153,1.0029476347206325,0.0029476347845047712,0.0029476347845047712,0.2947634784504771
Pythia_plus,197,MUR1.0_MUF1.0_PDF26247,pdf,8,1.52,1.74,0.7522943019866943,0.7535676956176758,1.0016926801487378,0.0016926801763474941,0.0016926801763474941,0.1692680176347494
Pythia_plus,197,MUR1.0_MUF1.0_PDF26247,pdf,9,1.74,1.95,0.738723874092102,0.7397965788841248,1.001452105217719,0.0014521052362397313,0.0014521052362397313,0.14521052362397313
Pythia_plus,197,MUR1.0_MUF1.0_PDF26247,pdf,10,1.95,2.18,0.753097414970398,0.7535906434059143,1.0006549331145105,0.0006549331010319293,0.0006549331010319293,0.06549331010319293
Pythia_plus,197,MUR1.0_MUF1.0_PDF26247,pdf,11,2.18,2.5,0.7340506911277771,0.7351424694061279,1.0014873336290624,0.00148733367677778,0.00148733367677778,0.148733367677778
Pythia_plus,198,MUR1.0_MUF1.0_PDF26248,pdf,1,0.0,0.21,0.7990407943725586,0.799167275428772,1.000158291112424,0.000158291106345132,0.000158291106345132,0.0158291106345132
Pythia_plus,198,MUR1.0_MUF1.0_PDF26248,pdf,2,0.21,0.42,0.7416394948959351,0.7416027784347534,0.9999504928453321,-4.950715447193943e-05,4.950715447193943e-05,-0.004950715447193943
Pythia_plus,198,MUR1.0_MUF1.0_PDF26248,pdf,3,0.42,0.63,0.74241703748703,0.7424581050872803,1.0000553160800152,5.531607894226909e-05,5.531607894226909e-05,0.005531607894226909
Pythia_plus,198,MUR1.0_MUF1.0_PDF26248,pdf,4,0.63,0.84,0.716408371925354,0.7163625359535217,0.999936019770806,-6.39802310615778e-05,6.39802310615778e-05,-0.00639802310615778
Pythia_plus,198,MUR1.0_MUF1.0_PDF26248,pdf,5,0.84,1.05,0.7636825442314148,0.7638635635375977,1.0002370347568506,0.00023703475017100573,0.00023703475017100573,0.023703475017100573
Pythia_plus,198,MUR1.0_MUF1.0_PDF26248,pdf,6,1.05,1.37,0.7446764707565308,0.744965136051178,1.000387638532951,0.0003876385453622788,0.0003876385453622788,0.03876385453622788
Pythia_plus,198,MUR1.0_MUF1.0_PDF26248,pdf,7,1.37,1.52,0.7529962062835693,0.7537219524383545,1.0009638111702674,0.0009638111805543303,0.0009638111805543303,0.09638111805543303
Pythia_plus,198,MUR1.0_MUF1.0_PDF26248,pdf,8,1.52,1.74,0.7522943019866943,0.7537943720817566,1.0019939936951547,0.0019939937628805637,0.0019939937628805637,0.19939937628805637
Pythia_plus,198,MUR1.0_MUF1.0_PDF26248,pdf,9,1.74,1.95,0.738723874092102,0.7405409812927246,1.002459792169105,0.002459792187437415,0.002459792187437415,0.2459792187437415
Pythia_plus,198,MUR1.0_MUF1.0_PDF26248,pdf,10,1.95,2.18,0.753097414970398,0.7552112340927124,1.0028068335919034,0.002806833479553461,0.002806833479553461,0.2806833479553461
Pythia_plus,198,MUR1.0_MUF1.0_PDF26248,pdf,11,2.18,2.5,0.7340506911277771,0.7351955771446228,1.0015596824997013,0.0015596825396642089,0.0015596825396642089,0.1559682539664209
Pythia_plus,199,MUR1.0_MUF1.0_PDF26249,pdf,1,0.0,0.21,0.7990407943725586,0.799329936504364,1.0003618615392877,0.0003618615446612239,0.0003618615446612239,0.03618615446612239
Pythia_plus,199,MUR1.0_MUF1.0_PDF26249,pdf,2,0.21,0.42,0.7416394948959351,0.7419224977493286,1.0003815908609792,0.0003815908567048609,0.0003815908567048609,0.03815908567048609
Pythia_plus,199,MUR1.0_MUF1.0_PDF26249,pdf,3,0.42,0.63,0.74241703748703,0.7425547242164612,1.0001854573945355,0.00018545739294495434,0.00018545739294495434,0.018545739294495434
Pythia_plus,199,MUR1.0_MUF1.0_PDF26249,pdf,4,0.63,0.84,0.716408371925354,0.7172276973724365,1.0011436569967498,0.0011436570202931762,0.0011436570202931762,0.11436570202931762
Pythia_plus,199,MUR1.0_MUF1.0_PDF26249,pdf,5,0.84,1.05,0.7636825442314148,0.7645699977874756,1.001162071285725,0.0011620712466537952,0.0011620712466537952,0.11620712466537952
Pythia_plus,199,MUR1.0_MUF1.0_PDF26249,pdf,6,1.05,1.37,0.7446764707565308,0.7454003691673279,1.000972097869645,0.0009720978559926152,0.0009720978559926152,0.09720978559926152
Pythia_plus,199,MUR1.0_MUF1.0_PDF26249,pdf,7,1.37,1.52,0.7529962062835693,0.7549229264259338,1.0025587381799357,0.002558738226071,0.002558738226071,0.2558738226071
Pythia_plus,199,MUR1.0_MUF1.0_PDF26249,pdf,8,1.52,1.74,0.7522943019866943,0.7536181211471558,1.0017597091417088,0.0017597090918570757,0.0017597090918570757,0.17597090918570757
Pythia_plus,199,MUR1.0_MUF1.0_PDF26249,pdf,9,1.74,1.95,0.738723874092102,0.7400593757629395,1.0018078496142808,0.001807849621400237,0.001807849621400237,0.1807849621400237
Pythia_plus,199,MUR1.0_MUF1.0_PDF26249,pdf,10,1.95,2.18,0.753097414970398,0.7539870738983154,1.0011813331319859,0.0011813330929726362,0.0011813330929726362,0.11813330929726362
Pythia_plus,199,MUR1.0_MUF1.0_PDF26249,pdf,11,2.18,2.5,0.7340506911277771,0.7349028587341309,1.0011609111150683,0.0011609111679717898,0.0011609111679717898,0.11609111679717898
Pythia_plus,200,MUR1.0_MUF1.0_PDF26250,pdf,1,0.0,0.21,0.7990407943725586,0.7993185520172119,1.0003476138472647,0.0003476138517726213,0.0003476138517726213,0.03476138517726213
Pythia_plus,200,MUR1.0_MUF1.0_PDF26250,pdf,2,0.21,0.42,0.7416394948959351,0.7418944239616394,1.00034373717616,0.00034373716334812343,0.00034373716334812343,0.03437371633481234
Pythia_plus,200,MUR1.0_MUF1.0_PDF26250,pdf,3,0.42,0.63,0.74241703748703,0.7425539493560791,1.0001844136949127,0.0001844137004809454,0.0001844137004809454,0.01844137004809454
Pythia_plus,200,MUR1.0_MUF1.0_PDF26250,pdf,4,0.63,0.84,0.716408371925354,0.7170999050140381,1.0009652777881777,0.0009652777807787061,0.0009652777807787061,0.09652777807787061
Pythia_plus,200,MUR1.0_MUF1.0_PDF26250,pdf,5,0.84,1.05,0.7636825442314148,0.7644110321998596,1.0009539146520339,0.0009539146558381617,0.0009539146558381617,0.09539146558381617
Pythia_plus,200,MUR1.0_MUF1.0_PDF26250,pdf,6,1.05,1.37,0.7446764707565308,0.7453314065933228,1.0008794904398237,0.0008794904570095241,0.0008794904570095241,0.08794904570095241
Pythia_plus,200,MUR1.0_MUF1.0_PDF26250,pdf,7,1.37,1.52,0.7529962062835693,0.7546752095222473,1.0022297632108463,0.0022297631949186325,0.0022297631949186325,0.22297631949186325
Pythia_plus,200,MUR1.0_MUF1.0_PDF26250,pdf,8,1.52,1.74,0.7522943019866943,0.7535478472709656,1.0016662963961853,0.0016662963898852468,0.0016662963898852468,0.16662963898852468
Pythia_plus,200,MUR1.0_MUF1.0_PDF26250,pdf,9,1.74,1.95,0.738723874092102,0.7399178147315979,1.0016162204598615,0.0016162204556167126,0.0016162204556167126,0.16162204556167126
Pythia_plus,200,MUR1.0_MUF1.0_PDF26250,pdf,10,1.95,2.18,0.753097414970398,0.7540647983551025,1.0012845395103933,0.0012845394667237997,0.0012845394667237997,0.12845394667237997
Pythia_plus,200,MUR1.0_MUF1.0_PDF26250,pdf,11,2.18,2.5,0.7340506911277771,0.7351115345954895,1.0014451910209123,0.0014451909810304642,0.0014451909810304642,0.14451909810304642
Pythia_plus,201,MUR1.0_MUF1.0_PDF13319,pdf,1,0.0,0.21,0.7990407943725586,0.7990289926528931,0.9999852301412535,-1.47698583532474e-05,1.47698583532474e-05,-0.00147698583532474
Pythia_plus,201,MUR1.0_MUF1.0_PDF13319,pdf,2,0.21,0.42,0.7416394948959351,0.7416322231292725,0.9999901950115755,-9.804988621908706e-06,9.804988621908706e-06,-0.0009804988621908706
Pythia_plus,201,MUR1.0_MUF1.0_PDF13319,pdf,3,0.42,0.63,0.74241703748703,0.7424154877662659,0.9999979126007541,-2.0873992525594076e-06,2.0873992525594076e-06,-0.00020873992525594076
Pythia_plus,201,MUR1.0_MUF1.0_PDF13319,pdf,4,0.63,0.84,0.716408371925354,0.716374397277832,0.9999525764230942,-4.74235785077326e-05,4.74235785077326e-05,-0.00474235785077326
Pythia_plus,201,MUR1.0_MUF1.0_PDF13319,pdf,5,0.84,1.05,0.7636825442314148,0.7636793255805969,0.9999957853549983,-4.21464483224554e-06,4.21464483224554e-06,-0.000421464483224554
Pythia_plus,201,MUR1.0_MUF1.0_PDF13319,pdf,6,1.05,1.37,0.7446764707565308,0.7446397542953491,0.999950694747822,-4.9305253924103454e-05,4.9305253924103454e-05,-0.004930525392410345
Pythia_plus,201,MUR1.0_MUF1.0_PDF13319,pdf,7,1.37,1.52,0.7529962062835693,0.7529875636100769,0.9999885222881333,-1.1477712178020738e-05,1.1477712178020738e-05,-0.0011477712178020738
Pythia_plus,201,MUR1.0_MUF1.0_PDF13319,pdf,8,1.52,1.74,0.7522943019866943,0.7523022890090942,1.0000106168854115,1.0616885447234381e-05,1.0616885447234381e-05,0.001061688544723438
Pythia_plus,201,MUR1.0_MUF1.0_PDF13319,pdf,9,1.74,1.95,0.738723874092102,0.7387771606445312,1.0000721332480214,7.213324715849012e-05,7.213324715849012e-05,0.007213324715849012
Pythia_plus,201,MUR1.0_MUF1.0_PDF13319,pdf,10,1.95,2.18,0.753097414970398,0.7531445622444153,1.0000626044826075,6.260448571993038e-05,6.260448571993038e-05,0.006260448571993038
Pythia_plus,201,MUR1.0_MUF1.0_PDF13319,pdf,11,2.18,2.5,0.7340506911277771,0.7340015172958374,0.9999330103049638,-6.698969809804112e-05,6.698969809804112e-05,-0.006698969809804112
Pythia_plus,202,MUR1.0_MUF1.0_PDF26251,pdf,1,0.0,0.21,0.7990407943725586,0.7993251085281372,1.000355819324346,0.00035581932752393186,0.00035581932752393186,0.035581932752393186
Pythia_plus,202,MUR1.0_MUF1.0_PDF26251,pdf,2,0.21,0.42,0.7416394948959351,0.7419073581695557,1.0003611771965546,0.00036117719719186425,0.00036117719719186425,0.036117719719186425
Pythia_plus,202,MUR1.0_MUF1.0_PDF26251,pdf,3,0.42,0.63,0.74241703748703,0.7425543665885925,1.0001849756870174,0.0001849756808951497,0.0001849756808951497,0.01849756808951497
Pythia_plus,202,MUR1.0_MUF1.0_PDF26251,pdf,4,0.63,0.84,0.716408371925354,0.717157244682312,1.0010453154741135,0.0010453155264258385,0.0010453155264258385,0.10453155264258385
Pythia_plus,202,MUR1.0_MUF1.0_PDF26251,pdf,5,0.84,1.05,0.7636825442314148,0.7644801735877991,1.0010444514705872,0.001044451491907239,0.001044451491907239,0.1044451491907239
Pythia_plus,202,MUR1.0_MUF1.0_PDF26251,pdf,6,1.05,1.37,0.7446764707565308,0.7453614473342896,1.0009198311006966,0.00091983110178262,0.00091983110178262,0.091983110178262
Pythia_plus,202,MUR1.0_MUF1.0_PDF26251,pdf,7,1.37,1.52,0.7529962062835693,0.7547805905342102,1.0023697121389863,0.002369712106883526,0.002369712106883526,0.23697121068835258
Pythia_plus,202,MUR1.0_MUF1.0_PDF26251,pdf,8,1.52,1.74,0.7522943019866943,0.7535761594772339,1.0017039308780544,0.0017039309022948146,0.0017039309022948146,0.17039309022948146
Pythia_plus,202,MUR1.0_MUF1.0_PDF26251,pdf,9,1.74,1.95,0.738723874092102,0.7399768829345703,1.0016961802459792,0.001696180202998221,0.001696180202998221,0.1696180202998221
Pythia_plus,202,MUR1.0_MUF1.0_PDF26251,pdf,10,1.95,2.18,0.753097414970398,0.7540302872657776,1.0012387139788765,0.0012387139722704887,0.0012387139722704887,0.12387139722704887
Pythia_plus,202,MUR1.0_MUF1.0_PDF26251,pdf,11,2.18,2.5,0.7340506911277771,0.735022246837616,1.0013235539746528,0.001323553966358304,0.001323553966358304,0.1323553966358304
Pythia_plus,203,MUR1.0_MUF1.0_PDF26252,pdf,1,0.0,0.21,0.7990407943725586,0.7993252277374268,1.0003559685148384,0.0003559685137588531,0.0003559685137588531,0.03559685137588531
Pythia_plus,203,MUR1.0_MUF1.0_PDF26252,pdf,2,0.21,0.42,0.7416394948959351,0.7419083118438721,1.0003624630966756,0.0003624630917329341,0.0003624630917329341,0.03624630917329341
Pythia_plus,203,MUR1.0_MUF1.0_PDF26252,pdf,3,0.42,0.63,0.74241703748703,0.7425541877746582,1.0001847348332582,0.000184734832146205,0.000184734832146205,0.0184734832146205
Pythia_plus,203,MUR1.0_MUF1.0_PDF26252,pdf,4,0.63,0.84,0.716408371925354,0.7171570062637329,1.0010449826770826,0.0010449826950207353,0.0010449826950207353,0.10449826950207353
Pythia_plus,203,MUR1.0_MUF1.0_PDF26252,pdf,5,0.84,1.05,0.7636825442314148,0.7644802927970886,1.0010446075685502,0.0010446076048538089,0.0010446076048538089,0.10446076048538089
Pythia_plus,203,MUR1.0_MUF1.0_PDF26252,pdf,6,1.05,1.37,0.7446764707565308,0.7453609108924866,1.0009191107317523,0.0009191107237711549,0.0009191107237711549,0.09191107237711549
Pythia_plus,203,MUR1.0_MUF1.0_PDF26252,pdf,7,1.37,1.52,0.7529962062835693,0.7547804117202759,1.0023694746690857,0.002369474619626999,0.002369474619626999,0.2369474619626999
Pythia_plus,203,MUR1.0_MUF1.0_PDF26252,pdf,8,1.52,1.74,0.7522943019866943,0.75357586145401,1.0017035347256138,0.0017035347409546375,0.0017035347409546375,0.17035347409546375
Pythia_plus,203,MUR1.0_MUF1.0_PDF26252,pdf,9,1.74,1.95,0.738723874092102,0.7399771809577942,1.001696583675778,0.001696583698503673,0.001696583698503673,0.1696583698503673
Pythia_plus,203,MUR1.0_MUF1.0_PDF26252,pdf,10,1.95,2.18,0.753097414970398,0.754030704498291,1.0012392680008466,0.0012392679927870631,0.0012392679927870631,0.12392679927870631
Pythia_plus,203,MUR1.0_MUF1.0_PDF26252,pdf,11,2.18,2.5,0.7340506911277771,0.7350220680236816,1.001323310375762,0.001323310425505042,0.001323310425505042,0.1323310425505042
Pythia_plus,204,MUR1.0_MUF1.0_PDF26253,pdf,1,0.0,0.21,0.7990407943725586,0.7993252873420715,1.0003560431100846,0.0003560431068763137,0.0003560431068763137,0.03560431068763137
Pythia_plus,204,MUR1.0_MUF1.0_PDF26253,pdf,2,0.21,0.42,0.7416394948959351,0.7419084310531616,1.000362623834191,0.00036262383218854666,0.00036262383218854666,0.036262383218854666
Pythia_plus,204,MUR1.0_MUF1.0_PDF26253,pdf,3,0.42,0.63,0.74241703748703,0.7425544261932373,1.0001850559716037,0.00018505597836337984,0.00018505597836337984,0.018505597836337984
Pythia_plus,204,MUR1.0_MUF1.0_PDF26253,pdf,4,0.63,0.84,0.716408371925354,0.7171574831008911,1.0010456482711443,0.0010456482414156199,0.0010456482414156199,0.10456482414156199
Pythia_plus,204,MUR1.0_MUF1.0_PDF26253,pdf,5,0.84,1.05,0.7636825442314148,0.7644802927970886,1.0010446075685502,0.0010446076048538089,0.0010446076048538089,0.10446076048538089
Pythia_plus,204,MUR1.0_MUF1.0_PDF26253,pdf,6,1.05,1.37,0.7446764707565308,0.7453609108924866,1.0009191107317523,0.0009191107237711549,0.0009191107237711549,0.09191107237711549
Pythia_plus,204,MUR1.0_MUF1.0_PDF26253,pdf,7,1.37,1.52,0.7529962062835693,0.7547805309295654,1.0023696329823528,0.0023696329444646835,0.0023696329444646835,0.23696329444646835
Pythia_plus,204,MUR1.0_MUF1.0_PDF26253,pdf,8,1.52,1.74,0.7522943019866943,0.7535759806632996,1.00170369318659,0.001703693182207644,0.001703693182207644,0.1703693182207644
Pythia_plus,204,MUR1.0_MUF1.0_PDF26253,pdf,9,1.74,1.95,0.738723874092102,0.7399770617485046,1.0016964223038585,0.001696422346867621,0.001696422346867621,0.1696422346867621
Pythia_plus,204,MUR1.0_MUF1.0_PDF26253,pdf,10,1.95,2.18,0.753097414970398,0.7540303468704224,1.0012387931248723,0.001238793134689331,0.001238793134689331,0.1238793134689331
Pythia_plus,204,MUR1.0_MUF1.0_PDF26253,pdf,11,2.18,2.5,0.7340506911277771,0.7350219488143921,1.0013231479765012,0.0013231480261310935,0.0013231480261310935,0.13231480261310935
Pythia_plus,205,MUR1.0_MUF1.0_PDF26254,pdf,1,0.0,0.21,0.7990407943725586,0.7993252277374268,1.0003559685148384,0.0003559685137588531,0.0003559685137588531,0.03559685137588531
Pythia_plus,205,MUR1.0_MUF1.0_PDF26254,pdf,2,0.21,0.42,0.7416394948959351,0.7419065237045288,1.0003600520339484,0.00036005204310640693,0.00036005204310640693,0.03600520431064069
Pythia_plus,205,MUR1.0_MUF1.0_PDF26254,pdf,3,0.42,0.63,0.74241703748703,0.7425546050071716,1.0001852968253628,0.00018529682711232454,0.00018529682711232454,0.018529682711232454
Pythia_plus,205,MUR1.0_MUF1.0_PDF26254,pdf,4,0.63,0.84,0.716408371925354,0.7171565294265747,1.0010443170830208,0.0010443170322105289,0.0010443170322105289,0.10443170322105289
Pythia_plus,205,MUR1.0_MUF1.0_PDF26254,pdf,5,0.84,1.05,0.7636825442314148,0.7644805908203125,1.0010449978134577,0.0010449978290125728,0.0010449978290125728,0.10449978290125728
Pythia_plus,205,MUR1.0_MUF1.0_PDF26254,pdf,6,1.05,1.37,0.7446764707565308,0.7453608512878418,1.0009190306907585,0.0009190306882373989,0.0009190306882373989,0.09190306882373989
Pythia_plus,205,MUR1.0_MUF1.0_PDF26254,pdf,7,1.37,1.52,0.7529962062835693,0.754780650138855,1.00236979129562,0.002369791269302368,0.002369791269302368,0.23697912693023682
Pythia_plus,205,MUR1.0_MUF1.0_PDF26254,pdf,8,1.52,1.74,0.7522943019866943,0.7535757422447205,1.0017033762646375,0.001703376299701631,0.001703376299701631,0.1703376299701631
Pythia_plus,205,MUR1.0_MUF1.0_PDF26254,pdf,9,1.74,1.95,0.738723874092102,0.7399769425392151,1.0016962609319389,0.001696260878816247,0.001696260878816247,0.1696260878816247
Pythia_plus,205,MUR1.0_MUF1.0_PDF26254,pdf,10,1.95,2.18,0.753097414970398,0.754030168056488,1.0012385556868852,0.001238555647432804,0.001238555647432804,0.12385556474328041
Pythia_plus,205,MUR1.0_MUF1.0_PDF26254,pdf,11,2.18,2.5,0.7340506911277771,0.7350220084190369,1.0013232291761316,0.0013232291676104069,0.0013232291676104069,0.1323229167610407
Pythia_plus,206,MUR1.0_MUF1.0_PDF26255,pdf,1,0.0,0.21,0.7990407943725586,0.7993237972259521,1.0003541782289298,0.00035417822073213756,0.00035417822073213756,0.035417822073213756
Pythia_plus,206,MUR1.0_MUF1.0_PDF26255,pdf,2,0.21,0.42,0.7416394948959351,0.7419083118438721,1.0003624630966756,0.0003624630917329341,0.0003624630917329341,0.03624630917329341
Pythia_plus,206,MUR1.0_MUF1.0_PDF26255,pdf,3,0.42,0.63,0.74241703748703,0.7425554394721985,1.000186420809572,0.00018642080249264836,0.00018642080249264836,0.018642080249264836
Pythia_plus,206,MUR1.0_MUF1.0_PDF26255,pdf,4,0.63,0.84,0.716408371925354,0.7171570658683777,1.0010450658763403,0.0010450659319758415,0.0010450659319758415,0.10450659319758415
Pythia_plus,206,MUR1.0_MUF1.0_PDF26255,pdf,5,0.84,1.05,0.7636825442314148,0.7644813656806946,1.0010460124502174,0.0010460125049576163,0.0010460125049576163,0.10460125049576163
Pythia_plus,206,MUR1.0_MUF1.0_PDF26255,pdf,6,1.05,1.37,0.7446764707565308,0.7453605532646179,1.0009186304857896,0.0009186305105686188,0.0009186305105686188,0.09186305105686188
Pythia_plus,206,MUR1.0_MUF1.0_PDF26255,pdf,7,1.37,1.52,0.7529962062835693,0.7547807097434998,1.0023698704522535,0.0023698704317212105,0.0023698704317212105,0.23698704317212105
Pythia_plus,206,MUR1.0_MUF1.0_PDF26255,pdf,8,1.52,1.74,0.7522943019866943,0.7535773515701294,1.0017055154878174,0.001705515431240201,0.001705515431240201,0.1705515431240201
Pythia_plus,206,MUR1.0_MUF1.0_PDF26255,pdf,9,1.74,1.95,0.738723874092102,0.7399778366088867,1.0016974712213353,0.0016974712489172816,0.0016974712489172816,0.16974712489172816
Pythia_plus,206,MUR1.0_MUF1.0_PDF26255,pdf,10,1.95,2.18,0.753097414970398,0.7540298700332642,1.0012381599569067,0.0012381599517539144,0.0012381599517539144,0.12381599517539144
Pythia_plus,206,MUR1.0_MUF1.0_PDF26255,pdf,11,2.18,2.5,0.7340506911277771,0.735020637512207,1.0013213615846335,0.0013213616330176592,0.0013213616330176592,0.13213616330176592
Pythia_plus,207,MUR1.0_MUF1.0_PDF26256,pdf,1,0.0,0.21,0.7990407943725586,0.7993265390396118,1.0003576096102547,0.0003576096205506474,0.0003576096205506474,0.03576096205506474
Pythia_plus,207,MUR1.0_MUF1.0_PDF26256,pdf,2,0.21,0.42,0.7416394948959351,0.7419077754020691,1.0003617397778575,0.0003617397742345929,0.0003617397742345929,0.03617397742345929
Pythia_plus,207,MUR1.0_MUF1.0_PDF26256,pdf,3,0.42,0.63,0.74241703748703,0.7425559163093567,1.000187063086263,0.0001870630803750828,0.0001870630803750828,0.01870630803750828
Pythia_plus,207,MUR1.0_MUF1.0_PDF26256,pdf,4,0.63,0.84,0.716408371925354,0.7171574234962463,1.0010455650718866,0.0010455651208758354,0.0010455651208758354,0.10455651208758354
Pythia_plus,207,MUR1.0_MUF1.0_PDF26256,pdf,5,0.84,1.05,0.7636825442314148,0.7644795775413513,1.0010436709807722,0.0010436709271743894,0.0010436709271743894,0.10436709271743894
Pythia_plus,207,MUR1.0_MUF1.0_PDF26256,pdf,6,1.05,1.37,0.7446764707565308,0.7453572750091553,1.000914228231131,0.0009142282069660723,0.0009142282069660723,0.09142282069660723
Pythia_plus,207,MUR1.0_MUF1.0_PDF26256,pdf,7,1.37,1.52,0.7529962062835693,0.7547797560691833,1.0023686039461166,0.0023686038330197334,0.0023686038330197334,0.23686038330197334
Pythia_plus,207,MUR1.0_MUF1.0_PDF26256,pdf,8,1.52,1.74,0.7522943019866943,0.7535771727561951,1.0017052777963529,0.0017052778275683522,0.0017052778275683522,0.17052778275683522
Pythia_plus,207,MUR1.0_MUF1.0_PDF26256,pdf,9,1.74,1.95,0.738723874092102,0.7399775385856628,1.0016970677915364,0.0016970677534118295,0.0016970677534118295,0.16970677534118295
Pythia_plus,207,MUR1.0_MUF1.0_PDF26256,pdf,10,1.95,2.18,0.753097414970398,0.7540335655212402,1.0012430670086407,0.0012430669739842415,0.0012430669739842415,0.12430669739842415
Pythia_plus,207,MUR1.0_MUF1.0_PDF26256,pdf,11,2.18,2.5,0.7340506911277771,0.7350253462791443,1.001327776355431,0.001327776350080967,0.001327776350080967,0.1327776350080967
Pythia_plus,208,MUR1.0_MUF1.0_PDF26257,pdf,1,0.0,0.21,0.7990407943725586,0.7993263602256775,1.0003573858245163,0.0003573858120944351,0.0003573858120944351,0.03573858120944351
Pythia_plus,208,MUR1.0_MUF1.0_PDF26257,pdf,2,0.21,0.42,0.7416394948959351,0.7419073581695557,1.0003611771965546,0.00036117719719186425,0.00036117719719186425,0.036117719719186425
Pythia_plus,208,MUR1.0_MUF1.0_PDF26257,pdf,3,0.42,0.63,0.74241703748703,0.7425562739372253,1.0001875447937814,0.00018754479242488742,0.00018754479242488742,0.018754479242488742
Pythia_plus,208,MUR1.0_MUF1.0_PDF26257,pdf,4,0.63,0.84,0.716408371925354,0.717157781124115,1.001046064267433,0.0010460643097758293,0.0010460643097758293,0.10460643097758293
Pythia_plus,208,MUR1.0_MUF1.0_PDF26257,pdf,5,0.84,1.05,0.7636825442314148,0.7644797563552856,1.0010439051277167,0.0010439051548019052,0.0010439051548019052,0.10439051548019052
Pythia_plus,208,MUR1.0_MUF1.0_PDF26257,pdf,6,1.05,1.37,0.7446764707565308,0.7453573942184448,1.0009143883131184,0.0009143883362412453,0.0009143883362412453,0.09143883362412453
Pythia_plus,208,MUR1.0_MUF1.0_PDF26257,pdf,7,1.37,1.52,0.7529962062835693,0.7547796964645386,1.002368524789483,0.0023685249034315348,0.0023685249034315348,0.23685249034315348
Pythia_plus,208,MUR1.0_MUF1.0_PDF26257,pdf,8,1.52,1.74,0.7522943019866943,0.7535769939422607,1.0017050401048886,0.0017050401074811816,0.0017050401074811816,0.17050401074811816
Pythia_plus,208,MUR1.0_MUF1.0_PDF26257,pdf,9,1.74,1.95,0.738723874092102,0.7399781942367554,1.001697955337094,0.001697955303825438,0.001697955303825438,0.1697955303825438
Pythia_plus,208,MUR1.0_MUF1.0_PDF26257,pdf,10,1.95,2.18,0.753097414970398,0.7540338039398193,1.0012433835926235,0.0012433836236596107,0.0012433836236596107,0.12433836236596107
Pythia_plus,208,MUR1.0_MUF1.0_PDF26257,pdf,11,2.18,2.5,0.7340506911277771,0.7350257039070129,1.001328263553213,0.0013282635482028127,0.0013282635482028127,0.13282635482028127
Pythia_plus,209,MUR1.0_MUF1.0_PDF26258,pdf,1,0.0,0.21,0.7990407943725586,0.7993267178535461,1.0003578333959933,0.0003578333999030292,0.0003578333999030292,0.03578333999030292
Pythia_plus,209,MUR1.0_MUF1.0_PDF26258,pdf,2,0.21,0.42,0.7416394948959351,0.7419074773788452,1.0003613379340697,0.0003613379376474768,0.0003613379376474768,0.03613379376474768
Pythia_plus,209,MUR1.0_MUF1.0_PDF26258,pdf,3,0.42,0.63,0.74241703748703,0.7425564527511597,1.0001877856475405,0.00018778564117383212,0.00018778564117383212,0.018778564117383212
Pythia_plus,209,MUR1.0_MUF1.0_PDF26258,pdf,4,0.63,0.84,0.716408371925354,0.717157781124115,1.001046064267433,0.0010460643097758293,0.0010460643097758293,0.10460643097758293
Pythia_plus,209,MUR1.0_MUF1.0_PDF26258,pdf,5,0.84,1.05,0.7636825442314148,0.7644795179367065,1.0010435929317907,0.0010435929289087653,0.0010435929289087653,0.10435929289087653
Pythia_plus,209,MUR1.0_MUF1.0_PDF26258,pdf,6,1.05,1.37,0.7446764707565308,0.7453569173812866,1.0009137479851682,0.0009137479937635362,0.0009137479937635362,0.09137479937635362
Pythia_plus,209,MUR1.0_MUF1.0_PDF26258,pdf,7,1.37,1.52,0.7529962062835693,0.754779040813446,1.0023676540665138,0.0023676541168242693,0.0023676541168242693,0.23676541168242693
Pythia_plus,209,MUR1.0_MUF1.0_PDF26258,pdf,8,1.52,1.74,0.7522943019866943,0.7535774111747742,1.0017055947183056,0.0017055947100743651,0.0017055947100743651,0.17055947100743651
Pythia_plus,209,MUR1.0_MUF1.0_PDF26258,pdf,9,1.74,1.95,0.738723874092102,0.739977240562439,1.0016966643617378,0.0016966643743216991,0.0016966643743216991,0.16966643743216991
Pythia_plus,209,MUR1.0_MUF1.0_PDF26258,pdf,10,1.95,2.18,0.753097414970398,0.7540331482887268,1.0012425129866707,0.001242512953467667,0.001242512953467667,0.12425129534676671
Pythia_plus,209,MUR1.0_MUF1.0_PDF26258,pdf,11,2.18,2.5,0.7340506911277771,0.7350254058837891,1.0013278575550613,0.0013278576079756021,0.0013278576079756021,0.13278576079756021
Pythia_plus,210,MUR1.0_MUF1.0_PDF26259,pdf,1,0.0,0.21,0.7990407943725586,0.7993271946907043,1.0003584301579629,0.00035843014484271407,0.00035843014484271407,0.03584301448427141
Pythia_plus,210,MUR1.0_MUF1.0_PDF26259,pdf,2,0.21,0.42,0.7416394948959351,0.7419071197509766,1.0003608557215242,0.00036085571628063917,0.00036085571628063917,0.03608557162806392
Pythia_plus,210,MUR1.0_MUF1.0_PDF26259,pdf,3,0.42,0.63,0.74241703748703,0.7425561547279358,1.0001873842246087,0.00018738422659225762,0.00018738422659225762,0.018738422659225762
Pythia_plus,210,MUR1.0_MUF1.0_PDF26259,pdf,4,0.63,0.84,0.716408371925354,0.717157781124115,1.001046064267433,0.0010460643097758293,0.0010460643097758293,0.10460643097758293
Pythia_plus,210,MUR1.0_MUF1.0_PDF26259,pdf,5,0.84,1.05,0.7636825442314148,0.7644799947738647,1.0010442173236427,0.001044217380695045,0.001044217380695045,0.1044217380695045
Pythia_plus,210,MUR1.0_MUF1.0_PDF26259,pdf,6,1.05,1.37,0.7446764707565308,0.7453585267066956,1.0009159090920006,0.0009159090695902705,0.0009159090695902705,0.09159090695902705
Pythia_plus,210,MUR1.0_MUF1.0_PDF26259,pdf,7,1.37,1.52,0.7529962062835693,0.7547801733016968,1.0023691580425513,0.0023691579699516296,0.0023691579699516296,0.23691579699516296
Pythia_plus,210,MUR1.0_MUF1.0_PDF26259,pdf,8,1.52,1.74,0.7522943019866943,0.7535783052444458,1.0017067831756277,0.0017067831940948963,0.0017067831940948963,0.17067831940948963
Pythia_plus,210,MUR1.0_MUF1.0_PDF26259,pdf,9,1.74,1.95,0.738723874092102,0.7399784922599792,1.0016983587668926,0.0016983587993308902,0.0016983587993308902,0.16983587993308902
Pythia_plus,210,MUR1.0_MUF1.0_PDF26259,pdf,10,1.95,2.18,0.753097414970398,0.7540330290794373,1.0012423546946794,0.0012423547450453043,0.0012423547450453043,0.12423547450453043
Pythia_plus,210,MUR1.0_MUF1.0_PDF26259,pdf,11,2.18,2.5,0.7340506911277771,0.735026478767395,1.0013293191484076,0.0013293192023411393,0.0013293192023411393,0.13293192023411393
Pythia_plus,211,MUR1.0_MUF1.0_PDF26260,pdf,1,0.0,0.21,0.7990407943725586,0.79932701587677,1.0003582063722243,0.00035820636549033225,0.00035820636549033225,0.035820636549033225
Pythia_plus,211,MUR1.0_MUF1.0_PDF26260,pdf,2,0.21,0.42,0.7416394948959351,0.741907000541687,1.000360694984009,0.00036069497582502663,0.00036069497582502663,0.03606949758250266
Pythia_plus,211,MUR1.0_MUF1.0_PDF26260,pdf,3,0.42,0.63,0.74241703748703,0.7425544261932373,1.0001850559716037,0.00018505597836337984,0.00018505597836337984,0.018505597836337984
Pythia_plus,211,MUR1.0_MUF1.0_PDF26260,pdf,4,0.63,0.84,0.716408371925354,0.7171562910079956,1.0010439842859897,0.0010439843172207475,0.0010439843172207475,0.10439843172207475
Pythia_plus,211,MUR1.0_MUF1.0_PDF26260,pdf,5,0.84,1.05,0.7636825442314148,0.7644788026809692,1.0010426563440125,0.0010426563676446676,0.0010426563676446676,0.10426563676446676
Pythia_plus,211,MUR1.0_MUF1.0_PDF26260,pdf,6,1.05,1.37,0.7446764707565308,0.7453595995903015,1.000917349829889,0.0009173498256132007,0.0009173498256132007,0.09173498256132007
Pythia_plus,211,MUR1.0_MUF1.0_PDF26260,pdf,7,1.37,1.52,0.7529962062835693,0.7547804713249207,1.0023695538257194,0.0023695537820458412,0.0023695537820458412,0.23695537820458412
Pythia_plus,211,MUR1.0_MUF1.0_PDF26260,pdf,8,1.52,1.74,0.7522943019866943,0.7535787224769592,1.0017073377890446,0.0017073377966880798,0.0017073377966880798,0.17073377966880798
Pythia_plus,211,MUR1.0_MUF1.0_PDF26260,pdf,9,1.74,1.95,0.738723874092102,0.7399789094924927,1.001698923568611,0.0016989235300570726,0.0016989235300570726,0.16989235300570726
Pythia_plus,211,MUR1.0_MUF1.0_PDF26260,pdf,10,1.95,2.18,0.753097414970398,0.7540334463119507,1.0012429087166492,0.0012429087655618787,0.0012429087655618787,0.12429087655618787
Pythia_plus,211,MUR1.0_MUF1.0_PDF26260,pdf,11,2.18,2.5,0.7340506911277771,0.7350252270698547,1.0013276139561702,0.0013276139507070184,0.0013276139507070184,0.13276139507070184
Pythia_plus,212,MUR1.0_MUF1.0_PDF13320,pdf,1,0.0,0.21,0.7990407943725586,0.7990280985832214,0.9999841112125607,-1.588878694747109e-05,1.588878694747109e-05,-0.001588878694747109
Pythia_plus,212,MUR1.0_MUF1.0_PDF13320,pdf,2,0.21,0.42,0.7416394948959351,0.7416322231292725,0.9999901950115755,-9.804988621908706e-06,9.804988621908706e-06,-0.0009804988621908706
Pythia_plus,212,MUR1.0_MUF1.0_PDF13320,pdf,3,0.42,0.63,0.74241703748703,0.742417573928833,1.0000007225612775,7.225612534966785e-07,7.225612534966785e-07,7.225612534966785e-05
Pythia_plus,212,MUR1.0_MUF1.0_PDF13320,pdf,4,0.63,0.84,0.716408371925354,0.7163721919059753,0.9999494980505582,-5.050194886280224e-05,5.050194886280224e-05,-0.005050194886280224
Pythia_plus,212,MUR1.0_MUF1.0_PDF13320,pdf,5,0.84,1.05,0.7636825442314148,0.7636796832084656,0.9999962536488874,-3.746351012523519e-06,3.746351012523519e-06,-0.0003746351012523519
Pythia_plus,212,MUR1.0_MUF1.0_PDF13320,pdf,6,1.05,1.37,0.7446764707565308,0.7446392774581909,0.9999500544198717,-4.994558184989728e-05,4.994558184989728e-05,-0.004994558184989728
Pythia_plus,212,MUR1.0_MUF1.0_PDF13320,pdf,7,1.37,1.52,0.7529962062835693,0.7529882192611694,0.9999893930111025,-1.060698923538439e-05,1.060698923538439e-05,-0.001060698923538439
Pythia_plus,212,MUR1.0_MUF1.0_PDF13320,pdf,8,1.52,1.74,0.7522943019866943,0.7523012757301331,1.000009269967113,9.26996744965436e-06,9.26996744965436e-06,0.0009269967449654359
Pythia_plus,212,MUR1.0_MUF1.0_PDF13320,pdf,9,1.74,1.95,0.738723874092102,0.7387791275978088,1.0000747958846934,7.479588384740055e-05,7.479588384740055e-05,0.007479588384740055
Pythia_plus,212,MUR1.0_MUF1.0_PDF13320,pdf,10,1.95,2.18,0.753097414970398,0.7531472444534302,1.0000661660524146,6.616605242015794e-05,6.616605242015794e-05,0.006616605242015794
Pythia_plus,212,MUR1.0_MUF1.0_PDF13320,pdf,11,2.18,2.5,0.7340506911277771,0.73399817943573,0.9999284631256644,-7.153687329264358e-05,7.153687329264358e-05,-0.007153687329264358
Pythia_plus,213,MUR1.0_MUF1.0_PDF26261,pdf,1,0.0,0.21,0.7990407943725586,0.799326479434967,1.0003575350150085,0.00035753502743318677,0.00035753502743318677,0.03575350274331868
Pythia_plus,213,MUR1.0_MUF1.0_PDF26261,pdf,2,0.21,0.42,0.7416394948959351,0.7419077754020691,1.0003617397778575,0.0003617397742345929,0.0003617397742345929,0.03617397742345929
Pythia_plus,213,MUR1.0_MUF1.0_PDF26261,pdf,3,0.42,0.63,0.74241703748703,0.7425562143325806,1.000187464509195,0.00018746450950857252,0.00018746450950857252,0.018746450950857252
Pythia_plus,213,MUR1.0_MUF1.0_PDF26261,pdf,4,0.63,0.84,0.716408371925354,0.7171573042869568,1.0010453986733712,0.001045398646965623,0.001045398646965623,0.10453986469656229
Pythia_plus,213,MUR1.0_MUF1.0_PDF26261,pdf,5,0.84,1.05,0.7636825442314148,0.7644795179367065,1.0010435929317907,0.0010435929289087653,0.0010435929289087653,0.10435929289087653
Pythia_plus,213,MUR1.0_MUF1.0_PDF26261,pdf,6,1.05,1.37,0.7446764707565308,0.7453574538230896,1.0009144683541122,0.0009144683717750013,0.0009144683717750013,0.09144683717750013
Pythia_plus,213,MUR1.0_MUF1.0_PDF26261,pdf,7,1.37,1.52,0.7529962062835693,0.7547800540924072,1.0023689997292844,0.002368999645113945,0.002368999645113945,0.2368999645113945
Pythia_plus,213,MUR1.0_MUF1.0_PDF26261,pdf,8,1.52,1.74,0.7522943019866943,0.753576934337616,1.0017049608744004,0.0017049608286470175,0.0017049608286470175,0.17049608286470175
Pythia_plus,213,MUR1.0_MUF1.0_PDF26261,pdf,9,1.74,1.95,0.738723874092102,0.7399773597717285,1.0016968257336574,0.0016968257259577513,0.0016968257259577513,0.16968257259577513
Pythia_plus,213,MUR1.0_MUF1.0_PDF26261,pdf,10,1.95,2.18,0.753097414970398,0.7540335655212402,1.0012430670086407,0.0012430669739842415,0.0012430669739842415,0.12430669739842415
Pythia_plus,213,MUR1.0_MUF1.0_PDF26261,pdf,11,2.18,2.5,0.7340506911277771,0.7350254654884338,1.0013279387546916,0.0013279387494549155,0.0013279387494549155,0.13279387494549155
Pythia_plus,214,MUR1.0_MUF1.0_PDF26262,pdf,1,0.0,0.21,0.7990407943725586,0.7993271946907043,1.0003584301579629,0.00035843014484271407,0.00035843014484271407,0.03584301448427141
Pythia_plus,214,MUR1.0_MUF1.0_PDF26262,pdf,2,0.21,0.42,0.7416394948959351,0.7419071197509766,1.0003608557215242,0.00036085571628063917,0.00036085571628063917,0.03608557162806392
Pythia_plus,214,MUR1.0_MUF1.0_PDF26262,pdf,3,0.42,0.63,0.74241703748703,0.7425557971000671,1.0001869025170904,0.000186902514542453,0.000186902514542453,0.0186902514542453
Pythia_plus,214,MUR1.0_MUF1.0_PDF26262,pdf,4,0.63,0.84,0.716408371925354,0.7171579003334045,1.0010462306659484,0.00104623066727072,0.00104623066727072,0.104623066727072
Pythia_plus,214,MUR1.0_MUF1.0_PDF26262,pdf,5,0.84,1.05,0.7636825442314148,0.7644804120063782,1.0010447636665132,0.0010447637178003788,0.0010447637178003788,0.10447637178003788
Pythia_plus,214,MUR1.0_MUF1.0_PDF26262,pdf,6,1.05,1.37,0.7446764707565308,0.7453582882881165,1.0009155889280255,0.0009155889274552464,0.0009155889274552464,0.09155889274552464
Pythia_plus,214,MUR1.0_MUF1.0_PDF26262,pdf,7,1.37,1.52,0.7529962062835693,0.754780650138855,1.00236979129562,0.002369791269302368,0.002369791269302368,0.23697912693023682
Pythia_plus,214,MUR1.0_MUF1.0_PDF26262,pdf,8,1.52,1.74,0.7522943019866943,0.7535785436630249,1.0017071000975803,0.0017071000766009092,0.0017071000766009092,0.17071000766009092
Pythia_plus,214,MUR1.0_MUF1.0_PDF26262,pdf,9,1.74,1.95,0.738723874092102,0.7399778962135315,1.001697551907295,0.0016975519247353077,0.0016975519247353077,0.16975519247353077
Pythia_plus,214,MUR1.0_MUF1.0_PDF26262,pdf,10,1.95,2.18,0.753097414970398,0.7540308833122253,1.0012395054388337,0.00123950548004359,0.00123950548004359,0.123950548004359
Pythia_plus,214,MUR1.0_MUF1.0_PDF26262,pdf,11,2.18,2.5,0.7340506911277771,0.73502516746521,1.0013275327565399,0.001327532809227705,0.001327532809227705,0.1327532809227705
Pythia_plus,215,MUR0.5_MUF2.0_PDF13300,scale,1,0.0,0.21,0.7990407943725586,0.8015132546424866,1.0030942854073797,0.0030942854937165976,0.0030942854937165976,0.30942854937165976
Pythia_plus,215,MUR0.5_MUF2.0_PDF13300,scale,2,0.21,0.42,0.7416394948959351,0.7443095445632935,1.0036001988644538,0.0036001987755298615,0.0036001987755298615,0.36001987755298615
Pythia_plus,215,MUR0.5_MUF2.0_PDF13300,scale,3,0.42,0.63,0.74241703748703,0.7450108528137207,1.0034937443454561,0.0034937444142997265,0.0034937444142997265,0.34937444142997265
Pythia_plus,215,MUR0.5_MUF2.0_PDF13300,scale,4,0.63,0.84,0.716408371925354,0.7190183997154236,1.0036432122967172,0.0036432123742997646,0.0036432123742997646,0.36432123742997646
Pythia_plus,215,MUR0.5_MUF2.0_PDF13300,scale,5,0.84,1.05,0.7636825442314148,0.7671125531196594,1.004491406690062,0.0044914064928889275,0.0044914064928889275,0.44914064928889275
Pythia_plus,215,MUR0.5_MUF2.0_PDF13300,scale,6,1.05,1.37,0.7446764707565308,0.7467397451400757,1.0027706990412208,0.002770699094980955,0.002770699094980955,0.2770699094980955
Pythia_plus,215,MUR0.5_MUF2.0_PDF13300,scale,7,1.37,1.52,0.7529962062835693,0.7565457224845886,1.0047138566853318,0.004713856615126133,0.004713856615126133,0.4713856615126133
Pythia_plus,215,MUR0.5_MUF2.0_PDF13300,scale,8,1.52,1.74,0.7522943019866943,0.7546613216400146,1.0031464011452291,0.0031464011408388615,0.0031464011408388615,0.31464011408388615
Pythia_plus,215,MUR0.5_MUF2.0_PDF13300,scale,9,1.74,1.95,0.738723874092102,0.7401473522186279,1.0019269420908798,0.001926942146383226,0.001926942146383226,0.1926942146383226
Pythia_plus,215,MUR0.5_MUF2.0_PDF13300,scale,10,1.95,2.18,0.753097414970398,0.7539851069450378,1.0011787213141274,0.001178721315227449,0.001178721315227449,0.1178721315227449
Pythia_plus,215,MUR0.5_MUF2.0_PDF13300,scale,11,2.18,2.5,0.7340506911277771,0.735947847366333,1.0025845030343083,0.0025845030322670937,0.0025845030322670937,0.25845030322670937
Pythia_plus,216,MUR1.0_MUF1.0_PDF13321,pdf,1,0.0,0.21,0.7990407943725586,0.7990292906761169,0.9999856031174845,-1.4396882761502638e-05,1.4396882761502638e-05,-0.0014396882761502638
Pythia_plus,216,MUR1.0_MUF1.0_PDF13321,pdf,2,0.21,0.42,0.7416394948959351,0.7416327595710754,0.9999909183303937,-9.0816693045781e-06,9.0816693045781e-06,-0.0009081669304578099
Pythia_plus,216,MUR1.0_MUF1.0_PDF13321,pdf,3,0.42,0.63,0.74241703748703,0.742417573928833,1.0000007225612775,7.225612534966785e-07,7.225612534966785e-07,7.225612534966785e-05
Pythia_plus,216,MUR1.0_MUF1.0_PDF13321,pdf,4,0.63,0.84,0.716408371925354,0.7163707613945007,0.9999475012683727,-5.249872992862947e-05,5.249872992862947e-05,-0.005249872992862947
Pythia_plus,216,MUR1.0_MUF1.0_PDF13321,pdf,5,0.84,1.05,0.7636825442314148,0.7636771202087402,0.9999928975426825,-7.102457402652362e-06,7.102457402652362e-06,-0.0007102457402652362
Pythia_plus,216,MUR1.0_MUF1.0_PDF13321,pdf,6,1.05,1.37,0.7446764707565308,0.744636058807373,0.9999457322062067,-5.426779534900561e-05,5.426779534900561e-05,-0.005426779534900561
Pythia_plus,216,MUR1.0_MUF1.0_PDF13321,pdf,7,1.37,1.52,0.7529962062835693,0.7529852986335754,0.9999855143360579,-1.4485663996310905e-05,1.4485663996310905e-05,-0.0014485663996310905
Pythia_plus,216,MUR1.0_MUF1.0_PDF13321,pdf,8,1.52,1.74,0.7522943019866943,0.7523016929626465,1.00000982458053,9.824580956774298e-06,9.824580956774298e-06,0.0009824580956774298
Pythia_plus,216,MUR1.0_MUF1.0_PDF13321,pdf,9,1.74,1.95,0.738723874092102,0.7387813925743103,1.000077861951164,7.78619505581446e-05,7.78619505581446e-05,0.00778619505581446
Pythia_plus,216,MUR1.0_MUF1.0_PDF13321,pdf,10,1.95,2.18,0.753097414970398,0.75314861536026,1.000067986410316,6.798640970373526e-05,6.798640970373526e-05,0.006798640970373526
Pythia_plus,216,MUR1.0_MUF1.0_PDF13321,pdf,11,2.18,2.5,0.7340506911277771,0.7339960932731628,0.9999256211386023,-7.437886233674362e-05,7.437886233674362e-05,-0.007437886233674362
Pythia_plus,217,MUR1.0_MUF1.0_PDF13322,pdf,1,0.0,0.21,0.7990407943725586,0.7990285158157349,0.999984633379284,-1.5366620573331602e-05,1.5366620573331602e-05,-0.0015366620573331602
Pythia_plus,217,MUR1.0_MUF1.0_PDF13322,pdf,2,0.21,0.42,0.7416394948959351,0.741632878780365,0.9999910790679089,-8.920932486944366e-06,8.920932486944366e-06,-0.0008920932486944366
Pythia_plus,217,MUR1.0_MUF1.0_PDF13322,pdf,3,0.42,0.63,0.74241703748703,0.7424175143241882,1.000000642276691,6.422766887226317e-07,6.422766887226317e-07,6.422766887226317e-05
Pythia_plus,217,MUR1.0_MUF1.0_PDF13322,pdf,4,0.63,0.84,0.716408371925354,0.7163698077201843,0.999946170080249,-5.382992094382644e-05,5.382992094382644e-05,-0.005382992094382644
Pythia_plus,217,MUR1.0_MUF1.0_PDF13322,pdf,5,0.84,1.05,0.7636825442314148,0.7636773586273193,0.9999932097386085,-6.790261522837682e-06,6.790261522837682e-06,-0.0006790261522837682
Pythia_plus,217,MUR1.0_MUF1.0_PDF13322,pdf,6,1.05,1.37,0.7446764707565308,0.7446343302726746,0.9999434110173867,-5.658898226101883e-05,5.658898226101883e-05,-0.005658898226101883
Pythia_plus,217,MUR1.0_MUF1.0_PDF13322,pdf,7,1.37,1.52,0.7529962062835693,0.7529858350753784,0.99998622674576,-1.3773254067928065e-05,1.3773254067928065e-05,-0.0013773254067928065
Pythia_plus,217,MUR1.0_MUF1.0_PDF13322,pdf,8,1.52,1.74,0.7522943019866943,0.7523008584976196,1.000008715353696,8.71535394253442e-06,8.71535394253442e-06,0.0008715353942534421
Pythia_plus,217,MUR1.0_MUF1.0_PDF13322,pdf,9,1.74,1.95,0.738723874092102,0.7387820482254028,1.0000787494967214,7.874949369579554e-05,7.874949369579554e-05,0.007874949369579554
Pythia_plus,217,MUR1.0_MUF1.0_PDF13322,pdf,10,1.95,2.18,0.753097414970398,0.7531505823135376,1.0000705982281743,7.059823110466823e-05,7.059823110466823e-05,0.007059823110466823
Pythia_plus,217,MUR1.0_MUF1.0_PDF13322,pdf,11,2.18,2.5,0.7340506911277771,0.7339920401573181,0.9999200995637387,-7.990043377503753e-05,7.990043377503753e-05,-0.007990043377503753
Pythia_plus,218,MUR1.0_MUF1.0_PDF13323,pdf,1,0.0,0.21,0.7990407943725586,0.7990305423736572,0.9999871696176547,-1.2830382729589473e-05,1.2830382729589473e-05,-0.0012830382729589473
Pythia_plus,218,MUR1.0_MUF1.0_PDF13323,pdf,2,0.21,0.42,0.7416394948959351,0.7416335940361023,0.9999920434929997,-7.956507033668458e-06,7.956507033668458e-06,-0.0007956507033668458
Pythia_plus,218,MUR1.0_MUF1.0_PDF13323,pdf,3,0.42,0.63,0.74241703748703,0.7424200177192688,1.000004014229319,4.014229489257559e-06,4.014229489257559e-06,0.0004014229489257559
Pythia_plus,218,MUR1.0_MUF1.0_PDF13323,pdf,4,0.63,0.84,0.716408371925354,0.7163681983947754,0.9999439237002903,-5.607630009762943e-05,5.607630009762943e-05,-0.005607630009762943
Pythia_plus,218,MUR1.0_MUF1.0_PDF13323,pdf,5,0.84,1.05,0.7636825442314148,0.7636776566505432,0.999993599983516,-6.400016445695655e-06,6.400016445695655e-06,-0.0006400016445695655
Pythia_plus,218,MUR1.0_MUF1.0_PDF13323,pdf,6,1.05,1.37,0.7446764707565308,0.7446358799934387,0.9999454920832254,-5.450791650218889e-05,5.450791650218889e-05,-0.005450791650218889
Pythia_plus,218,MUR1.0_MUF1.0_PDF13323,pdf,7,1.37,1.52,0.7529962062835693,0.7529846429824829,0.9999846436130887,-1.5356386938947253e-05,1.5356386938947253e-05,-0.0015356386938947253
Pythia_plus,218,MUR1.0_MUF1.0_PDF13323,pdf,8,1.52,1.74,0.7522943019866943,0.7523000240325928,1.000007606126862,7.606126928294543e-06,7.606126928294543e-06,0.0007606126928294543
Pythia_plus,218,MUR1.0_MUF1.0_PDF13323,pdf,9,1.74,1.95,0.738723874092102,0.7387849688529968,1.0000827031087494,8.270311082014814e-05,8.270311082014814e-05,0.008270311082014814
Pythia_plus,218,MUR1.0_MUF1.0_PDF13323,pdf,10,1.95,2.18,0.753097414970398,0.7531543374061584,1.0000755844259042,7.558442302979529e-05,7.558442302979529e-05,0.007558442302979529
Pythia_plus,218,MUR1.0_MUF1.0_PDF13323,pdf,11,2.18,2.5,0.7340506911277771,0.733988881111145,0.9999157959833304,-8.420401718467474e-05,8.420401718467474e-05,-0.008420401718467474
Pythia_plus,219,MUR1.0_MUF1.0_PDF13324,pdf,1,0.0,0.21,0.7990407943725586,0.7990280389785767,0.9999840366173145,-1.59633818839211e-05,1.59633818839211e-05,-0.0015963381883921102
Pythia_plus,219,MUR1.0_MUF1.0_PDF13324,pdf,2,0.21,0.42,0.7416394948959351,0.7416349053382874,0.9999938116056665,-6.188394308992429e-06,6.188394308992429e-06,-0.0006188394308992429
Pythia_plus,219,MUR1.0_MUF1.0_PDF13324,pdf,3,0.42,0.63,0.74241703748703,0.7424202561378479,1.0000043353676644,4.335367520980071e-06,4.335367520980071e-06,0.00043353675209800713
Pythia_plus,219,MUR1.0_MUF1.0_PDF13324,pdf,4,0.63,0.84,0.716408371925354,0.7163650393486023,0.9999395141396307,-6.048586146789603e-05,6.048586146789603e-05,-0.006048586146789603
Pythia_plus,219,MUR1.0_MUF1.0_PDF13324,pdf,5,0.84,1.05,0.7636825442314148,0.7636784911155701,0.9999946926692572,-5.307330866344273e-06,5.307330866344273e-06,-0.0005307330866344273
Pythia_plus,219,MUR1.0_MUF1.0_PDF13324,pdf,6,1.05,1.37,0.7446764707565308,0.7446340322494507,0.9999430108124177,-5.698918903362937e-05,5.698918903362937e-05,-0.005698918903362937
Pythia_plus,219,MUR1.0_MUF1.0_PDF13324,pdf,7,1.37,1.52,0.7529962062835693,0.7529832124710083,0.9999827438538832,-1.725614674796816e-05,1.725614674796816e-05,-0.001725614674796816
Pythia_plus,219,MUR1.0_MUF1.0_PDF13324,pdf,8,1.52,1.74,0.7522943019866943,0.7522985935211182,1.0000057045951465,5.704594968847232e-06,5.704594968847232e-06,0.0005704594968847232
Pythia_plus,219,MUR1.0_MUF1.0_PDF13324,pdf,9,1.74,1.95,0.738723874092102,0.7387872338294983,1.00008576917522,8.57691775308922e-05,8.57691775308922e-05,0.00857691775308922
Pythia_plus,219,MUR1.0_MUF1.0_PDF13324,pdf,10,1.95,2.18,0.753097414970398,0.7531554698944092,1.0000770881998227,7.708820339757949e-05,7.708820339757949e-05,0.007708820339757949
Pythia_plus,219,MUR1.0_MUF1.0_PDF13324,pdf,11,2.18,2.5,0.7340506911277771,0.7339851260185242,0.9999106804066186,-8.931959018809721e-05,8.931959018809721e-05,-0.008931959018809721
Pythia_plus,220,MUR1.0_MUF1.0_PDF13325,pdf,1,0.0,0.21,0.7990407943725586,0.7990267276763916,0.9999823955218982,-1.760447776177898e-05,1.760447776177898e-05,-0.001760447776177898
Pythia_plus,220,MUR1.0_MUF1.0_PDF13325,pdf,2,0.21,0.42,0.7416394948959351,0.7416350245475769,0.9999939723431817,-6.027657036611345e-06,6.027657036611345e-06,-0.0006027657036611345
Pythia_plus,220,MUR1.0_MUF1.0_PDF13325,pdf,3,0.42,0.63,0.74241703748703,0.7424200773239136,1.0000040945139053,4.094513769814512e-06,4.094513769814512e-06,0.0004094513769814512
Pythia_plus,220,MUR1.0_MUF1.0_PDF13325,pdf,4,0.63,0.84,0.716408371925354,0.7163636088371277,0.9999375173574452,-6.248264253372326e-05,6.248264253372326e-05,-0.0062482642533723265
Pythia_plus,220,MUR1.0_MUF1.0_PDF13325,pdf,5,0.84,1.05,0.7636825442314148,0.7636789679527283,0.9999953170611093,-4.682939106714912e-06,4.682939106714912e-06,-0.0004682939106714912
Pythia_plus,220,MUR1.0_MUF1.0_PDF13325,pdf,6,1.05,1.37,0.7446764707565308,0.7446339726448059,0.9999429307714239,-5.70692282053642e-05,5.70692282053642e-05,-0.00570692282053642
Pythia_plus,220,MUR1.0_MUF1.0_PDF13325,pdf,7,1.37,1.52,0.7529962062835693,0.7529823184013367,0.9999815565043797,-1.8443495719111525e-05,1.8443495719111525e-05,-0.0018443495719111525
Pythia_plus,220,MUR1.0_MUF1.0_PDF13325,pdf,8,1.52,1.74,0.7522943019866943,0.7522968053817749,1.000003327680502,3.3276805879722815e-06,3.3276805879722815e-06,0.00033276805879722815
Pythia_plus,220,MUR1.0_MUF1.0_PDF13325,pdf,9,1.74,1.95,0.738723874092102,0.7387883067131042,1.0000872215224956,8.722152415430173e-05,8.722152415430173e-05,0.008722152415430173
Pythia_plus,220,MUR1.0_MUF1.0_PDF13325,pdf,10,1.95,2.18,0.753097414970398,0.7531577944755554,1.0000801748936554,8.017489017220214e-05,8.017489017220214e-05,0.008017489017220214
Pythia_plus,220,MUR1.0_MUF1.0_PDF13325,pdf,11,2.18,2.5,0.7340506911277771,0.7339823246002197,0.9999068640239922,-9.31359754758887e-05,9.31359754758887e-05,-0.00931359754758887
Pythia_plus,221,MUR1.0_MUF1.0_PDF13326,pdf,1,0.0,0.21,0.7990407943725586,0.7990285754203796,0.9999847079745302,-1.529202563688159e-05,1.529202563688159e-05,-0.001529202563688159
Pythia_plus,221,MUR1.0_MUF1.0_PDF13326,pdf,2,0.21,0.42,0.7416394948959351,0.7416338920593262,0.9999924453367877,-7.554663170594722e-06,7.554663170594722e-06,-0.0007554663170594722
Pythia_plus,221,MUR1.0_MUF1.0_PDF13326,pdf,3,0.42,0.63,0.74241703748703,0.7424217462539673,1.000006342482324,6.342482265608851e-06,6.342482265608851e-06,0.0006342482265608851
Pythia_plus,221,MUR1.0_MUF1.0_PDF13326,pdf,4,0.63,0.84,0.716408371925354,0.716362476348877,0.9999359365715483,-6.406343163689598e-05,6.406343163689598e-05,-0.0064063431636895984
Pythia_plus,221,MUR1.0_MUF1.0_PDF13326,pdf,5,0.84,1.05,0.7636825442314148,0.763679027557373,0.9999953951100908,-4.604889909387566e-06,4.604889909387566e-06,-0.0004604889909387566
Pythia_plus,221,MUR1.0_MUF1.0_PDF13326,pdf,6,1.05,1.37,0.7446764707565308,0.7446305751800537,0.9999383684347776,-6.163156649563462e-05,6.163156649563462e-05,-0.0061631566495634615
Pythia_plus,221,MUR1.0_MUF1.0_PDF13326,pdf,7,1.37,1.52,0.7529962062835693,0.7529799938201904,0.9999784693956708,-2.1530604499275796e-05,2.1530604499275796e-05,-0.0021530604499275796
Pythia_plus,221,MUR1.0_MUF1.0_PDF13326,pdf,8,1.52,1.74,0.7522943019866943,0.7522974610328674,1.0000041992158717,4.199215709377313e-06,4.199215709377313e-06,0.0004199215709377313
Pythia_plus,221,MUR1.0_MUF1.0_PDF13326,pdf,9,1.74,1.95,0.738723874092102,0.7387911081314087,1.0000910137626042,9.101376053877175e-05,9.101376053877175e-05,0.009101376053877175
Pythia_plus,221,MUR1.0_MUF1.0_PDF13326,pdf,10,1.95,2.18,0.753097414970398,0.7531595826148987,1.0000825492735268,8.254927524831146e-05,8.254927524831146e-05,0.008254927524831146
Pythia_plus,221,MUR1.0_MUF1.0_PDF13326,pdf,11,2.18,2.5,0.7340506911277771,0.7339802980422974,0.9999041032365604,-9.589676483301446e-05,9.589676483301446e-05,-0.009589676483301446
Pythia_plus,222,MUR1.0_MUF1.0_PDF13327,pdf,1,0.0,0.21,0.7990407943725586,0.7990280985832214,0.9999841112125607,-1.588878694747109e-05,1.588878694747109e-05,-0.001588878694747109
Pythia_plus,222,MUR1.0_MUF1.0_PDF13327,pdf,2,0.21,0.42,0.7416394948959351,0.7416319847106934,0.9999898735365452,-1.0126463166670874e-05,1.0126463166670874e-05,-0.0010126463166670874
Pythia_plus,222,MUR1.0_MUF1.0_PDF13327,pdf,3,0.42,0.63,0.74241703748703,0.7424201965332031,1.000004255083078,4.255083240423119e-06,4.255083240423119e-06,0.00042550832404231187
Pythia_plus,222,MUR1.0_MUF1.0_PDF13327,pdf,4,0.63,0.84,0.716408371925354,0.7163602113723755,0.9999327749997545,-6.722500256728381e-05,6.722500256728381e-05,-0.006722500256728381
Pythia_plus,222,MUR1.0_MUF1.0_PDF13327,pdf,5,0.84,1.05,0.7636825442314148,0.7636779546737671,0.9999939902284236,-6.009771368553629e-06,6.009771368553629e-06,-0.0006009771368553629
Pythia_plus,222,MUR1.0_MUF1.0_PDF13327,pdf,6,1.05,1.37,0.7446764707565308,0.7446314096450806,0.9999394890086907,-6.051099262549542e-05,6.051099262549542e-05,-0.006051099262549542
Pythia_plus,222,MUR1.0_MUF1.0_PDF13327,pdf,7,1.37,1.52,0.7529962062835693,0.7529807090759277,0.9999794192752736,-2.0580724594765343e-05,2.0580724594765343e-05,-0.0020580724594765343
Pythia_plus,222,MUR1.0_MUF1.0_PDF13327,pdf,8,1.52,1.74,0.7522943019866943,0.7522964477539062,1.0000028522975732,2.852297484423616e-06,2.852297484423616e-06,0.0002852297484423616
Pythia_plus,222,MUR1.0_MUF1.0_PDF13327,pdf,9,1.74,1.95,0.738723874092102,0.7387933135032654,1.000093999143115,9.399914415553212e-05,9.399914415553212e-05,0.009399914415553212
Pythia_plus,222,MUR1.0_MUF1.0_PDF13327,pdf,10,1.95,2.18,0.753097414970398,0.7531607151031494,1.0000840530474453,8.405304834013805e-05,8.405304834013805e-05,0.008405304834013805
Pythia_plus,222,MUR1.0_MUF1.0_PDF13327,pdf,11,2.18,2.5,0.7340506911277771,0.7339767813682556,0.9998993124583699,-0.00010068753908853978,0.00010068753908853978,-0.010068753908853978
Pythia_plus,223,MUR1.0_MUF1.0_PDF13328,pdf,1,0.0,0.21,0.7990407943725586,0.7990277409553528,0.9999836636410835,-1.6336358385160565e-05,1.6336358385160565e-05,-0.0016336358385160565
Pythia_plus,223,MUR1.0_MUF1.0_PDF13328,pdf,2,0.21,0.42,0.7416394948959351,0.7416332960128784,0.999991641649212,-8.358350896742195e-06,8.358350896742195e-06,-0.0008358350896742195
Pythia_plus,223,MUR1.0_MUF1.0_PDF13328,pdf,3,0.42,0.63,0.74241703748703,0.7424218654632568,1.0000065030514966,6.503051281470107e-06,6.503051281470107e-06,0.0006503051281470107
Pythia_plus,223,MUR1.0_MUF1.0_PDF13328,pdf,4,0.63,0.84,0.716408371925354,0.716358482837677,0.9999303622212804,-6.963777559576556e-05,6.963777559576556e-05,-0.006963777559576556
Pythia_plus,223,MUR1.0_MUF1.0_PDF13328,pdf,5,0.84,1.05,0.7636825442314148,0.7636775374412537,0.999993443885553,-6.556114385602996e-06,6.556114385602996e-06,-0.0006556114385602996
Pythia_plus,223,MUR1.0_MUF1.0_PDF13328,pdf,6,1.05,1.37,0.7446764707565308,0.7446299195289612,0.9999374879838459,-6.251201557461172e-05,6.251201557461172e-05,-0.006251201557461172
Pythia_plus,223,MUR1.0_MUF1.0_PDF13328,pdf,7,1.37,1.52,0.7529962062835693,0.7529782652854919,0.9999761738532974,-2.3826147298677824e-05,2.3826147298677824e-05,-0.0023826147298677824
Pythia_plus,223,MUR1.0_MUF1.0_PDF13328,pdf,8,1.52,1.74,0.7522943019866943,0.7522962093353271,1.0000025353756206,2.5353756427648477e-06,2.5353756427648477e-06,0.00025353756427648477
Pythia_plus,223,MUR1.0_MUF1.0_PDF13328,pdf,9,1.74,1.95,0.738723874092102,0.7387951016426086,1.0000964197219078,9.641972428653389e-05,9.641972428653389e-05,0.00964197242865339
Pythia_plus,223,MUR1.0_MUF1.0_PDF13328,pdf,10,1.95,2.18,0.753097414970398,0.7531642317771912,1.0000887226611923,8.872266334947199e-05,8.872266334947199e-05,0.008872266334947199
Pythia_plus,223,MUR1.0_MUF1.0_PDF13328,pdf,11,2.18,2.5,0.7340506911277771,0.7339732050895691,0.9998944404805492,-0.000105559520306997,0.000105559520306997,-0.0105559520306997
Pythia_plus,224,MUR1.0_MUF1.0_PDF13329,pdf,1,0.0,0.21,0.7990407943725586,0.7990268468856812,0.9999825447123906,-1.7455287888878956e-05,1.7455287888878956e-05,-0.0017455287888878956
Pythia_plus,224,MUR1.0_MUF1.0_PDF13329,pdf,2,0.21,0.42,0.7416394948959351,0.7416343688964844,0.9999930882868483,-6.911713171575684e-06,6.911713171575684e-06,-0.0006911713171575684
Pythia_plus,224,MUR1.0_MUF1.0_PDF13329,pdf,3,0.42,0.63,0.74241703748703,0.7424228191375732,1.0000077876048787,7.787604772602208e-06,7.787604772602208e-06,0.0007787604772602208
Pythia_plus,224,MUR1.0_MUF1.0_PDF13329,pdf,4,0.63,0.84,0.716408371925354,0.7163572907447815,0.9999286982361258,-7.130176527425647e-05,7.130176527425647e-05,-0.007130176527425647
Pythia_plus,224,MUR1.0_MUF1.0_PDF13329,pdf,5,0.84,1.05,0.7636825442314148,0.7636786103248596,0.9999948487672202,-5.151232926436933e-06,5.151232926436933e-06,-0.0005151232926436933
Pythia_plus,224,MUR1.0_MUF1.0_PDF13329,pdf,6,1.05,1.37,0.7446764707565308,0.7446281909942627,0.9999351667950257,-6.483320612460375e-05,6.483320612460375e-05,-0.006483320612460375
Pythia_plus,224,MUR1.0_MUF1.0_PDF13329,pdf,7,1.37,1.52,0.7529962062835693,0.7529783248901367,0.999976253009931,-2.374699033680372e-05,2.374699033680372e-05,-0.002374699033680372
Pythia_plus,224,MUR1.0_MUF1.0_PDF13329,pdf,8,1.52,1.74,0.7522943019866943,0.7522950768470764,1.000001029996346,1.0299963832949288e-06,1.0299963832949288e-06,0.00010299963832949288
Pythia_plus,224,MUR1.0_MUF1.0_PDF13329,pdf,9,1.74,1.95,0.738723874092102,0.7387977242469788,1.000099969904137,9.996990411309525e-05,9.996990411309525e-05,0.009996990411309525
Pythia_plus,224,MUR1.0_MUF1.0_PDF13329,pdf,10,1.95,2.18,0.753097414970398,0.7531659603118896,1.000091017895068,9.10178932826966e-05,9.10178932826966e-05,0.00910178932826966
Pythia_plus,224,MUR1.0_MUF1.0_PDF13329,pdf,11,2.18,2.5,0.7340506911277771,0.7339696288108826,0.9998895685027284,-0.00011043149424949661,0.00011043149424949661,-0.011043149424949661
Pythia_plus,225,MUR1.0_MUF1.0_PDF13330,pdf,1,0.0,0.21,0.7990407943725586,0.7990278005599976,0.9999837382363297,-1.6261763448710553e-05,1.6261763448710553e-05,-0.0016261763448710553
Pythia_plus,225,MUR1.0_MUF1.0_PDF13330,pdf,2,0.21,0.42,0.7416394948959351,0.7416343688964844,0.9999930882868483,-6.911713171575684e-06,6.911713171575684e-06,-0.0006911713171575684
Pythia_plus,225,MUR1.0_MUF1.0_PDF13330,pdf,3,0.42,0.63,0.74241703748703,0.7424241900444031,1.0000096341503655,9.63415004662238e-06,9.63415004662238e-06,0.0009634150046622381
Pythia_plus,225,MUR1.0_MUF1.0_PDF13330,pdf,4,0.63,0.84,0.716408371925354,0.7163562774658203,0.9999272838487444,-7.271615322679281e-05,7.271615322679281e-05,-0.007271615322679281
Pythia_plus,225,MUR1.0_MUF1.0_PDF13330,pdf,5,0.84,1.05,0.7636825442314148,0.7636784911155701,0.9999946926692572,-5.307330866344273e-06,5.307330866344273e-06,-0.0005307330866344273
Pythia_plus,225,MUR1.0_MUF1.0_PDF13330,pdf,6,1.05,1.37,0.7446764707565308,0.7446274161338806,0.9999341262621064,-6.587374082300812e-05,6.587374082300812e-05,-0.006587374082300812
Pythia_plus,225,MUR1.0_MUF1.0_PDF13330,pdf,7,1.37,1.52,0.7529962062835693,0.75297611951828,0.9999733242144891,-2.667578519321978e-05,2.667578519321978e-05,-0.002667578519321978
Pythia_plus,225,MUR1.0_MUF1.0_PDF13330,pdf,8,1.52,1.74,0.7522943019866943,0.7522935271263123,0.9999989700036541,-1.0299963832949288e-06,1.0299963832949288e-06,-0.00010299963832949288
Pythia_plus,225,MUR1.0_MUF1.0_PDF13330,pdf,9,1.74,1.95,0.738723874092102,0.7387983202934265,1.0001007767637347,0.00010077676415676251,0.00010077676415676251,0.010077676415676251
Pythia_plus,225,MUR1.0_MUF1.0_PDF13330,pdf,10,1.95,2.18,0.753097414970398,0.7531682252883911,1.000094025442905,9.402543946634978e-05,9.402543946634978e-05,0.009402543946634978
Pythia_plus,225,MUR1.0_MUF1.0_PDF13330,pdf,11,2.18,2.5,0.7340506911277771,0.7339679002761841,0.9998872137134482,-0.00011278628517175093,0.00011278628517175093,-0.011278628517175093
Pythia_plus,226,MUR1.0_MUF0.5_PDF13300,scale,1,0.0,0.21,0.7990407943725586,0.7963688373565674,0.9966560443036087,-0.0033439556136727333,0.0033439556136727333,-0.33439556136727333
Pythia_plus,226,MUR1.0_MUF0.5_PDF13300,scale,2,0.21,0.42,0.7416394948959351,0.7387990355491638,0.9961700268576315,-0.0038299730513244867,0.0038299730513244867,-0.3829973051324487
Pythia_plus,226,MUR1.0_MUF0.5_PDF13300,scale,3,0.42,0.63,0.74241703748703,0.7396306991577148,0.9962469364405395,-0.003753063501790166,0.003753063501790166,-0.3753063501790166
Pythia_plus,226,MUR1.0_MUF0.5_PDF13300,scale,4,0.63,0.84,0.716408371925354,0.7135576605796814,0.9960208291005711,-0.003979170694947243,0.003979170694947243,-0.3979170694947243
Pythia_plus,226,MUR1.0_MUF0.5_PDF13300,scale,5,0.84,1.05,0.7636825442314148,0.7600007057189941,0.9951788363630517,-0.004821163602173328,0.004821163602173328,-0.48211636021733284
Pythia_plus,226,MUR1.0_MUF0.5_PDF13300,scale,6,1.05,1.37,0.7446764707565308,0.7423611283302307,0.9968908075960183,-0.0031091924756765366,0.0031091924756765366,-0.31091924756765366
Pythia_plus,226,MUR1.0_MUF0.5_PDF13300,scale,7,1.37,1.52,0.7529962062835693,0.7491292953491211,0.9948646342409433,-0.005135365761816502,0.005135365761816502,-0.5135365761816502
Pythia_plus,226,MUR1.0_MUF0.5_PDF13300,scale,8,1.52,1.74,0.7522943019866943,0.749837338924408,0.9967340400481595,-0.003265959909185767,0.003265959909185767,-0.3265959909185767
Pythia_plus,226,MUR1.0_MUF0.5_PDF13300,scale,9,1.74,1.95,0.738723874092102,0.7373102903366089,0.9980864517784396,-0.0019135482143610716,0.0019135482143610716,-0.19135482143610716
Pythia_plus,226,MUR1.0_MUF0.5_PDF13300,scale,10,1.95,2.18,0.753097414970398,0.7521700859069824,0.9987686465987246,-0.0012313533807173371,0.0012313533807173371,-0.12313533807173371
Pythia_plus,226,MUR1.0_MUF0.5_PDF13300,scale,11,2.18,2.5,0.7340506911277771,0.7318745255470276,0.9970354014960382,-0.0029645985923707485,0.0029645985923707485,-0.29645985923707485
Pythia_plus,227,MUR1.0_MUF1.0_PDF26400,pdf,1,0.0,0.21,0.7990407943725586,0.8000355958938599,1.0012449946589803,0.0012449946952983737,0.0012449946952983737,0.12449946952983737
Pythia_plus,227,MUR1.0_MUF1.0_PDF26400,pdf,2,0.21,0.42,0.7416394948959351,0.7429016828536987,1.0017018888104667,0.0017018888611346483,0.0017018888611346483,0.17018888611346483
Pythia_plus,227,MUR1.0_MUF1.0_PDF26400,pdf,3,0.42,0.63,0.74241703748703,0.7439166307449341,1.00201987990871,0.002019879873842001,0.002019879873842001,0.2019879873842001
Pythia_plus,227,MUR1.0_MUF1.0_PDF26400,pdf,4,0.63,0.84,0.716408371925354,0.7161516547203064,0.999641660796959,-0.0003583391953725368,0.0003583391953725368,-0.03583391953725368
Pythia_plus,227,MUR1.0_MUF1.0_PDF26400,pdf,5,0.84,1.05,0.7636825442314148,0.765334963798523,1.002163751914444,0.002163751982152462,0.002163751982152462,0.2163751982152462
Pythia_plus,227,MUR1.0_MUF1.0_PDF26400,pdf,6,1.05,1.37,0.7446764707565308,0.7445846796035767,0.9998767368695551,-0.00012326313299126923,0.00012326313299126923,-0.012326313299126923
Pythia_plus,227,MUR1.0_MUF1.0_PDF26400,pdf,7,1.37,1.52,0.7529962062835693,0.7539265155792236,1.001235476736657,0.0012354766950011253,0.0012354766950011253,0.12354766950011253
Pythia_plus,227,MUR1.0_MUF1.0_PDF26400,pdf,8,1.52,1.74,0.7522943019866943,0.7528460025787354,1.0007333573982735,0.0007333573885262012,0.0007333573885262012,0.07333573885262012
Pythia_plus,227,MUR1.0_MUF1.0_PDF26400,pdf,9,1.74,1.95,0.738723874092102,0.7416768074035645,1.0039973438182048,0.003997343592345715,0.003997343592345715,0.39973435923457146
Pythia_plus,227,MUR1.0_MUF1.0_PDF26400,pdf,10,1.95,2.18,0.753097414970398,0.7553166747093201,1.0029468428583166,0.0029468429274857044,0.0029468429274857044,0.29468429274857044
Pythia_plus,227,MUR1.0_MUF1.0_PDF26400,pdf,11,2.18,2.5,0.7340506911277771,0.7308129668235779,0.9955892360795616,-0.0044107637368142605,0.0044107637368142605,-0.44107637368142605
Pythia_plus,228,MUR1.0_MUF1.0_PDF26401,pdf,1,0.0,0.21,0.7990407943725586,0.8000079989433289,1.0012104570599925,0.001210457063280046,0.001210457063280046,0.1210457063280046
Pythia_plus,228,MUR1.0_MUF1.0_PDF26401,pdf,2,0.21,0.42,0.7416394948959351,0.7428701519966125,1.0016593737377082,0.001659373752772808,0.001659373752772808,0.1659373752772808
Pythia_plus,228,MUR1.0_MUF1.0_PDF26401,pdf,3,0.42,0.63,0.74241703748703,0.7439174652099609,1.0020210038929194,0.002021003980189562,0.002021003980189562,0.20210039801895618
Pythia_plus,228,MUR1.0_MUF1.0_PDF26401,pdf,4,0.63,0.84,0.716408371925354,0.7160717248916626,0.9995300905923438,-0.00046990939881652594,0.00046990939881652594,-0.046990939881652594
Pythia_plus,228,MUR1.0_MUF1.0_PDF26401,pdf,5,0.84,1.05,0.7636825442314148,0.765288770198822,1.0021032639537726,0.0021032639779150486,0.0021032639779150486,0.21032639779150486
Pythia_plus,228,MUR1.0_MUF1.0_PDF26401,pdf,6,1.05,1.37,0.7446764707565308,0.7445765137672424,0.9998657712534051,-0.0001342287432635203,0.0001342287432635203,-0.01342287432635203
Pythia_plus,228,MUR1.0_MUF1.0_PDF26401,pdf,7,1.37,1.52,0.7529962062835693,0.7538807988166809,1.0011747635987138,0.0011747635435312986,0.0011747635435312986,0.11747635435312986
Pythia_plus,228,MUR1.0_MUF1.0_PDF26401,pdf,8,1.52,1.74,0.7522943019866943,0.7528920769691467,1.00079460256561,0.000794602558016777,0.000794602558016777,0.0794602558016777
Pythia_plus,228,MUR1.0_MUF1.0_PDF26401,pdf,9,1.74,1.95,0.738723874092102,0.7417736053466797,1.0041283778168477,0.0041283778846263885,0.0041283778846263885,0.41283778846263885
Pythia_plus,228,MUR1.0_MUF1.0_PDF26401,pdf,10,1.95,2.18,0.753097414970398,0.7555139064788818,1.003208736958125,0.003208736889064312,0.003208736889064312,0.3208736889064312
Pythia_plus,228,MUR1.0_MUF1.0_PDF26401,pdf,11,2.18,2.5,0.7340506911277771,0.730954110622406,0.9957815168042229,-0.004218483343720436,0.004218483343720436,-0.4218483343720436
Pythia_plus,229,MUR1.0_MUF1.0_PDF26402,pdf,1,0.0,0.21,0.7990407943725586,0.8000667691230774,1.0012840079727399,0.0012840080307796597,0.0012840080307796597,0.12840080307796597
Pythia_plus,229,MUR1.0_MUF1.0_PDF26402,pdf,2,0.21,0.42,0.7416394948959351,0.742942750453949,1.001757262884438,0.0017572628566995263,0.0017572628566995263,0.17572628566995263
Pythia_plus,229,MUR1.0_MUF1.0_PDF26402,pdf,3,0.42,0.63,0.74241703748703,0.7439135909080505,1.0020157853948046,0.002015785314142704,0.002015785314142704,0.2015785314142704
Pythia_plus,229,MUR1.0_MUF1.0_PDF26402,pdf,4,0.63,0.84,0.716408371925354,0.7162449359893799,0.9997718676353057,-0.00022813236864749342,0.00022813236864749342,-0.022813236864749342
Pythia_plus,229,MUR1.0_MUF1.0_PDF26402,pdf,5,0.84,1.05,0.7636825442314148,0.765390932559967,1.0022370399080833,0.002237039851024747,0.002237039851024747,0.2237039851024747
Pythia_plus,229,MUR1.0_MUF1.0_PDF26402,pdf,6,1.05,1.37,0.7446764707565308,0.7445934414863586,0.999888502895643,-0.00011149710189783946,0.00011149710189783946,-0.011149710189783946
Pythia_plus,229,MUR1.0_MUF1.0_PDF26402,pdf,7,1.37,1.52,0.7529962062835693,0.7539807558059692,1.0013075092731996,0.0013075092574581504,0.0013075092574581504,0.13075092574581504
Pythia_plus,229,MUR1.0_MUF1.0_PDF26402,pdf,8,1.52,1.74,0.7522943019866943,0.7527933716773987,1.0006633968772412,0.0006633969023823738,0.0006633969023823738,0.06633969023823738
Pythia_plus,229,MUR1.0_MUF1.0_PDF26402,pdf,9,1.74,1.95,0.738723874092102,0.7415639162063599,1.003844524610428,0.0038445245008915663,0.0038445245008915663,0.3844524500891566
Pythia_plus,229,MUR1.0_MUF1.0_PDF26402,pdf,10,1.95,2.18,0.753097414970398,0.7550814151763916,1.0026344536132443,0.0026344535872340202,0.0026344535872340202,0.263445358723402
Pythia_plus,229,MUR1.0_MUF1.0_PDF26402,pdf,11,2.18,2.5,0.7340506911277771,0.7306423187255859,0.9953567615378788,-0.004643238615244627,0.004643238615244627,-0.4643238615244627
Pythia_plus,230,MUR1.0_MUF1.0_PDF26403,pdf,1,0.0,0.21,0.7990407943725586,0.8000261187553406,1.0012331340148355,0.001233134069480002,0.001233134069480002,0.12331340694800019
Pythia_plus,230,MUR1.0_MUF1.0_PDF26403,pdf,2,0.21,0.42,0.7416394948959351,0.7428930401802063,1.001690235340618,0.0016902353381738067,0.0016902353381738067,0.16902353381738067
Pythia_plus,230,MUR1.0_MUF1.0_PDF26403,pdf,3,0.42,0.63,0.74241703748703,0.7439059019088745,1.0020054286831617,0.0020054287742823362,0.0020054287742823362,0.20054287742823362
Pythia_plus,230,MUR1.0_MUF1.0_PDF26403,pdf,4,0.63,0.84,0.716408371925354,0.7161440849304199,0.9996310944912273,-0.0003689055156428367,0.0003689055156428367,-0.03689055156428367
Pythia_plus,230,MUR1.0_MUF1.0_PDF26403,pdf,5,0.84,1.05,0.7636825442314148,0.7653202414512634,1.0021444738160106,0.0021444738376885653,0.0021444738376885653,0.21444738376885653
Pythia_plus,230,MUR1.0_MUF1.0_PDF26403,pdf,6,1.05,1.37,0.7446764707565308,0.7445756793022156,0.999864650679492,-0.0001353493134956807,0.0001353493134956807,-0.013534931349568069
Pythia_plus,230,MUR1.0_MUF1.0_PDF26403,pdf,7,1.37,1.52,0.7529962062835693,0.7539134621620178,1.0012181414339065,0.0012181414058431983,0.0012181414058431983,0.12181414058431983
Pythia_plus,230,MUR1.0_MUF1.0_PDF26403,pdf,8,1.52,1.74,0.7522943019866943,0.7528331875801086,1.0007163228433222,0.0007163228583522141,0.0007163228583522141,0.07163228583522141
Pythia_plus,230,MUR1.0_MUF1.0_PDF26403,pdf,9,1.74,1.95,0.738723874092102,0.7416521310806274,1.0039639398308662,0.003963939845561981,0.003963939845561981,0.3963939845561981
Pythia_plus,230,MUR1.0_MUF1.0_PDF26403,pdf,10,1.95,2.18,0.753097414970398,0.7552903294563293,1.0029118603282121,0.002911860356107354,0.002911860356107354,0.2911860356107354
Pythia_plus,230,MUR1.0_MUF1.0_PDF26403,pdf,11,2.18,2.5,0.7340506911277771,0.7307949066162109,0.9955646325915666,-0.004435367416590452,0.004435367416590452,-0.4435367416590452
Pythia_plus,231,MUR1.0_MUF1.0_PDF26404,pdf,1,0.0,0.21,0.7990407943725586,0.8000446557998657,1.001256333136402,0.0012563330819830298,0.0012563330819830298,0.12563330819830298
Pythia_plus,231,MUR1.0_MUF1.0_PDF26404,pdf,2,0.21,0.42,0.7416394948959351,0.7429145574569702,1.0017192484621036,0.0017192484810948372,0.0017192484810948372,0.17192484810948372
Pythia_plus,231,MUR1.0_MUF1.0_PDF26404,pdf,3,0.42,0.63,0.74241703748703,0.7439277768135071,1.002034893126363,0.002034893026575446,0.002034893026575446,0.2034893026575446
Pythia_plus,231,MUR1.0_MUF1.0_PDF26404,pdf,4,0.63,0.84,0.716408371925354,0.7161641120910645,0.9996590494418245,-0.00034095055889338255,0.00034095055889338255,-0.034095055889338255
Pythia_plus,231,MUR1.0_MUF1.0_PDF26404,pdf,5,0.84,1.05,0.7636825442314148,0.765355110168457,1.002190132470195,0.0021901323925703764,0.0021901323925703764,0.21901323925703764
Pythia_plus,231,MUR1.0_MUF1.0_PDF26404,pdf,6,1.05,1.37,0.7446764707565308,0.7445957064628601,0.9998915444534072,-0.00010845554788829759,0.00010845554788829759,-0.010845554788829759
Pythia_plus,231,MUR1.0_MUF1.0_PDF26404,pdf,7,1.37,1.52,0.7529962062835693,0.7539442777633667,1.0012590654134588,0.0012590654660016298,0.0012590654660016298,0.12590654660016298
Pythia_plus,231,MUR1.0_MUF1.0_PDF26404,pdf,8,1.52,1.74,0.7522943019866943,0.7528643012046814,1.0007576811581342,0.0007576811476610601,0.0007576811476610601,0.07576811476610601
Pythia_plus,231,MUR1.0_MUF1.0_PDF26404,pdf,9,1.74,1.95,0.738723874092102,0.7417078614234924,1.0040393812032375,0.004039381165057421,0.004039381165057421,0.4039381165057421
Pythia_plus,231,MUR1.0_MUF1.0_PDF26404,pdf,10,1.95,2.18,0.753097414970398,0.7553443312644958,1.0029835666003264,0.0029835666064172983,0.0029835666064172983,0.29835666064172983
Pythia_plus,231,MUR1.0_MUF1.0_PDF26404,pdf,11,2.18,2.5,0.7340506911277771,0.7308294177055359,0.9956116471775374,-0.004388352856040001,0.004388352856040001,-0.4388352856040001
Pythia_plus,232,MUR1.0_MUF1.0_PDF26405,pdf,1,0.0,0.21,0.7990407943725586,0.8000465631484985,1.0012587201842802,0.0012587201781570911,0.0012587201781570911,0.12587201781570911
Pythia_plus,232,MUR1.0_MUF1.0_PDF26405,pdf,2,0.21,0.42,0.7416394948959351,0.7429142594337463,1.0017188466183158,0.0017188466154038906,0.0017188466154038906,0.17188466154038906
Pythia_plus,232,MUR1.0_MUF1.0_PDF26405,pdf,3,0.42,0.63,0.74241703748703,0.7439004778862,1.0019981227858012,0.0019981227815151215,0.0019981227815151215,0.19981227815151215
Pythia_plus,232,MUR1.0_MUF1.0_PDF26405,pdf,4,0.63,0.84,0.716408371925354,0.7162523865699768,0.9997822675425219,-0.00021773246407974511,0.00021773246407974511,-0.02177324640797451
Pythia_plus,232,MUR1.0_MUF1.0_PDF26405,pdf,5,0.84,1.05,0.7636825442314148,0.7653956413269043,1.0022432057776227,0.0022432056721299887,0.0022432056721299887,0.22432056721299887
Pythia_plus,232,MUR1.0_MUF1.0_PDF26405,pdf,6,1.05,1.37,0.7446764707565308,0.7446271181106567,0.9999337260571374,-6.627394031966105e-05,6.627394031966105e-05,-0.006627394031966105
Pythia_plus,232,MUR1.0_MUF1.0_PDF26405,pdf,7,1.37,1.52,0.7529962062835693,0.7540186643600464,1.0013578528921458,0.0013578529469668865,0.0013578529469668865,0.13578529469668865
Pythia_plus,232,MUR1.0_MUF1.0_PDF26405,pdf,8,1.52,1.74,0.7522943019866943,0.7528790235519409,1.000777251088706,0.0007772510871291161,0.0007772510871291161,0.0777251087129116
Pythia_plus,232,MUR1.0_MUF1.0_PDF26405,pdf,9,1.74,1.95,0.738723874092102,0.7416443228721619,1.0039533699701382,0.003953369800001383,0.003953369800001383,0.3953369800001383
Pythia_plus,232,MUR1.0_MUF1.0_PDF26405,pdf,10,1.95,2.18,0.753097414970398,0.7551653385162354,1.0027458911752056,0.002745891222730279,0.002745891222730279,0.2745891222730279
Pythia_plus,232,MUR1.0_MUF1.0_PDF26405,pdf,11,2.18,2.5,0.7340506911277771,0.7307437062263489,0.9954948821090986,-0.004505117889493704,0.004505117889493704,-0.4505117889493704
Pythia_plus,233,MUR1.0_MUF1.0_PDF26406,pdf,1,0.0,0.21,0.7990407943725586,0.8000089526176453,1.0012116505839317,0.0012116505531594157,0.0012116505531594157,0.12116505531594157
Pythia_plus,233,MUR1.0_MUF1.0_PDF26406,pdf,2,0.21,0.42,0.7416394948959351,0.7428810596466064,1.0016740812203448,0.0016740811988711357,0.0016740811988711357,0.16740811988711357
Pythia_plus,233,MUR1.0_MUF1.0_PDF26406,pdf,3,0.42,0.63,0.74241703748703,0.7439469695091248,1.0020607447631769,0.0020607446786016226,0.0020607446786016226,0.20607446786016226
Pythia_plus,233,MUR1.0_MUF1.0_PDF26406,pdf,4,0.63,0.84,0.716408371925354,0.7159481048583984,0.9993575353318128,-0.0006424646708182991,0.0006424646708182991,-0.0642464670818299
Pythia_plus,233,MUR1.0_MUF1.0_PDF26406,pdf,5,0.84,1.05,0.7636825442314148,0.7652106285095215,1.002000941739011,0.002000941662117839,0.002000941662117839,0.20009416621178389
Pythia_plus,233,MUR1.0_MUF1.0_PDF26406,pdf,6,1.05,1.37,0.7446764707565308,0.7444968819618225,0.9997588364856945,-0.00024116352142300457,0.00024116352142300457,-0.024116352142300457
Pythia_plus,233,MUR1.0_MUF1.0_PDF26406,pdf,7,1.37,1.52,0.7529962062835693,0.753743052482605,1.000991832618549,0.0009918325813487172,0.0009918325813487172,0.09918325813487172
Pythia_plus,233,MUR1.0_MUF1.0_PDF26406,pdf,8,1.52,1.74,0.7522943019866943,0.7527871131896973,1.000655077675986,0.0006550776888616383,0.0006550776888616383,0.06550776888616383
Pythia_plus,233,MUR1.0_MUF1.0_PDF26406,pdf,9,1.74,1.95,0.738723874092102,0.7417498826980591,1.004096264804865,0.004096264950931072,0.004096264950931072,0.4096264950931072
Pythia_plus,233,MUR1.0_MUF1.0_PDF26406,pdf,10,1.95,2.18,0.753097414970398,0.7556249499320984,1.003356185948135,0.0033561859745532274,0.0033561859745532274,0.33561859745532274
Pythia_plus,233,MUR1.0_MUF1.0_PDF26406,pdf,11,2.18,2.5,0.7340506911277771,0.730947732925415,0.9957728284437758,-0.004227171652019024,0.004227171652019024,-0.4227171652019024
Pythia_plus,234,MUR1.0_MUF1.0_PDF26407,pdf,1,0.0,0.21,0.7990407943725586,0.7999652624130249,1.0011569722684712,0.0011569722555577755,0.0011569722555577755,0.11569722555577755
Pythia_plus,234,MUR1.0_MUF1.0_PDF26407,pdf,2,0.21,0.42,0.7416394948959351,0.7428262829780579,1.001600222332131,0.0016002223128452897,0.0016002223128452897,0.16002223128452897
Pythia_plus,234,MUR1.0_MUF1.0_PDF26407,pdf,3,0.42,0.63,0.74241703748703,0.7438226342201233,1.0018932711159902,0.001893271110020578,0.001893271110020578,0.1893271110020578
Pythia_plus,234,MUR1.0_MUF1.0_PDF26407,pdf,4,0.63,0.84,0.716408371925354,0.7161627411842346,0.9996571358588967,-0.0003428641357459128,0.0003428641357459128,-0.03428641357459128
Pythia_plus,234,MUR1.0_MUF1.0_PDF26407,pdf,5,0.84,1.05,0.7636825442314148,0.7652732133865356,1.002082893169598,0.0020828931592404842,0.0020828931592404842,0.20828931592404842
Pythia_plus,234,MUR1.0_MUF1.0_PDF26407,pdf,6,1.05,1.37,0.7446764707565308,0.7445685267448425,0.9998550457602365,-0.00014495424693450332,0.00014495424693450332,-0.014495424693450332
Pythia_plus,234,MUR1.0_MUF1.0_PDF26407,pdf,7,1.37,1.52,0.7529962062835693,0.7538989782333374,1.0011989063719506,0.0011989063350483775,0.0011989063350483775,0.11989063350483775
Pythia_plus,234,MUR1.0_MUF1.0_PDF26407,pdf,8,1.52,1.74,0.7522943019866943,0.7528183460235596,1.000696594451774,0.0006965944776311517,0.0006965944776311517,0.06965944776311517
Pythia_plus,234,MUR1.0_MUF1.0_PDF26407,pdf,9,1.74,1.95,0.738723874092102,0.7415943145751953,1.0038856744499034,0.003885674523189664,0.003885674523189664,0.3885674523189664
Pythia_plus,234,MUR1.0_MUF1.0_PDF26407,pdf,10,1.95,2.18,0.753097414970398,0.7551734447479248,1.0027566550306224,0.0027566549833863974,0.0027566549833863974,0.27566549833863974
Pythia_plus,234,MUR1.0_MUF1.0_PDF26407,pdf,11,2.18,2.5,0.7340506911277771,0.7307711243629456,0.9955322339390582,-0.0044677662663161755,0.0044677662663161755,-0.44677662663161755
Pythia_plus,235,MUR1.0_MUF1.0_PDF26408,pdf,1,0.0,0.21,0.7990407943725586,0.800103485584259,1.0013299586443956,0.0013299586717039347,0.0013299586717039347,0.13299586717039347
Pythia_plus,235,MUR1.0_MUF1.0_PDF26408,pdf,2,0.21,0.42,0.7416394948959351,0.7429817914962769,1.0018099044206514,0.0018099044682458043,0.0018099044682458043,0.18099044682458043
Pythia_plus,235,MUR1.0_MUF1.0_PDF26408,pdf,3,0.42,0.63,0.74241703748703,0.7440141439437866,1.0021512254920262,0.00215122546069324,0.00215122546069324,0.21512254606932402
Pythia_plus,235,MUR1.0_MUF1.0_PDF26408,pdf,4,0.63,0.84,0.716408371925354,0.7161375284194946,0.9996219425728772,-0.0003780574188567698,0.0003780574188567698,-0.03780574188567698
Pythia_plus,235,MUR1.0_MUF1.0_PDF26408,pdf,5,0.84,1.05,0.7636825442314148,0.7653993368148804,1.0022480448144764,0.0022480448242276907,0.0022480448242276907,0.22480448242276907
Pythia_plus,235,MUR1.0_MUF1.0_PDF26408,pdf,6,1.05,1.37,0.7446764707565308,0.7446014285087585,0.9998992283888116,-0.00010077161277877167,0.00010077161277877167,-0.010077161277877167
Pythia_plus,235,MUR1.0_MUF1.0_PDF26408,pdf,7,1.37,1.52,0.7529962062835693,0.753954291343689,1.0012723637278975,0.0012723637046292424,0.0012723637046292424,0.12723637046292424
Pythia_plus,235,MUR1.0_MUF1.0_PDF26408,pdf,8,1.52,1.74,0.7522943019866943,0.7528759241104126,1.0007731311033226,0.0007731310906819999,0.0007731310906819999,0.07731310906819999
Pythia_plus,235,MUR1.0_MUF1.0_PDF26408,pdf,9,1.74,1.95,0.738723874092102,0.7417638897895813,1.0041152260054076,0.004115226212888956,0.004115226212888956,0.4115226212888956
Pythia_plus,235,MUR1.0_MUF1.0_PDF26408,pdf,10,1.95,2.18,0.753097414970398,0.7554652690887451,1.0031441538256245,0.0031441538594663143,0.0031441538594663143,0.31441538594663143
Pythia_plus,235,MUR1.0_MUF1.0_PDF26408,pdf,11,2.18,2.5,0.7340506911277771,0.7308539152145386,0.99564502022561,-0.00435497984290123,0.00435497984290123,-0.435497984290123
Pythia_plus,236,MUR1.0_MUF1.0_PDF26409,pdf,1,0.0,0.21,0.7990407943725586,0.7998409867286682,1.0010014411801564,0.001001441152766347,0.001001441152766347,0.1001441152766347
Pythia_plus,236,MUR1.0_MUF1.0_PDF26409,pdf,2,0.21,0.42,0.7416394948959351,0.7426720261573792,1.0013922279875196,0.001392227946780622,0.001392227946780622,0.1392227946780622
Pythia_plus,236,MUR1.0_MUF1.0_PDF26409,pdf,3,0.42,0.63,0.74241703748703,0.7436966896057129,1.0017236297849714,0.0017236297717317939,0.0017236297717317939,0.1723629771731794
Pythia_plus,236,MUR1.0_MUF1.0_PDF26409,pdf,4,0.63,0.84,0.716408371925354,0.7160398960113525,0.9994856621887163,-0.0005143377929925919,0.0005143377929925919,-0.051433779299259186
Pythia_plus,236,MUR1.0_MUF1.0_PDF26409,pdf,5,0.84,1.05,0.7636825442314148,0.7650401592254639,1.001777721651888,0.0017777216853573918,0.0017777216853573918,0.17777216853573918
Pythia_plus,236,MUR1.0_MUF1.0_PDF26409,pdf,6,1.05,1.37,0.7446764707565308,0.7445448637008667,0.9998232694856998,-0.00017673050751909614,0.00017673050751909614,-0.017673050751909614
Pythia_plus,236,MUR1.0_MUF1.0_PDF26409,pdf,7,1.37,1.52,0.7529962062835693,0.7537392973899841,1.0009868457506343,0.0009868456982076168,0.0009868456982076168,0.09868456982076168
Pythia_plus,236,MUR1.0_MUF1.0_PDF26409,pdf,8,1.52,1.74,0.7522943019866943,0.7527816295623779,1.0006477884710765,0.0006477884599007666,0.0006477884599007666,0.06477884599007666
Pythia_plus,236,MUR1.0_MUF1.0_PDF26409,pdf,9,1.74,1.95,0.738723874092102,0.7414231896400452,1.0036540250594455,0.0036540250293910503,0.0036540250293910503,0.36540250293910503
Pythia_plus,236,MUR1.0_MUF1.0_PDF26409,pdf,10,1.95,2.18,0.753097414970398,0.7552345395088196,1.0028377796762264,0.002837779698893428,0.002837779698893428,0.2837779698893428
Pythia_plus,236,MUR1.0_MUF1.0_PDF26409,pdf,11,2.18,2.5,0.7340506911277771,0.7312106490135193,0.9961310000132355,-0.0038689998909831047,0.0038689998909831047,-0.38689998909831047
Pythia_plus,237,MUR1.0_MUF2.0_PDF13300,scale,1,0.0,0.21,0.7990407943725586,0.8012447357177734,1.002758233823275,0.0027582338079810143,0.0027582338079810143,0.2758233807981014
Pythia_plus,237,MUR1.0_MUF2.0_PDF13300,scale,2,0.21,0.42,0.7416394948959351,0.7439590692520142,1.0031276305698964,0.00312763056717813,0.00312763056717813,0.312763056717813
Pythia_plus,237,MUR1.0_MUF2.0_PDF13300,scale,3,0.42,0.63,0.74241703748703,0.7447320222854614,1.003118173050375,0.00311817298643291,0.00311817298643291,0.311817298643291
Pythia_plus,237,MUR1.0_MUF2.0_PDF13300,scale,4,0.63,0.84,0.716408371925354,0.7187773585319519,1.003306754498459,0.0033067543990910053,0.0033067543990910053,0.33067543990910053
Pythia_plus,237,MUR1.0_MUF2.0_PDF13300,scale,5,0.84,1.05,0.7636825442314148,0.7667315602302551,1.0039925176002404,0.003992517478764057,0.003992517478764057,0.3992517478764057
Pythia_plus,237,MUR1.0_MUF2.0_PDF13300,scale,6,1.05,1.37,0.7446764707565308,0.7465640902519226,1.002534818232506,0.002534818137064576,0.002534818137064576,0.2534818137064576
Pythia_plus,237,MUR1.0_MUF2.0_PDF13300,scale,7,1.37,1.52,0.7529962062835693,0.7562137842178345,1.0042730333930174,0.004273033235222101,0.004273033235222101,0.4273033235222101
Pythia_plus,237,MUR1.0_MUF2.0_PDF13300,scale,8,1.52,1.74,0.7522943019866943,0.7543458938598633,1.0027271134019637,0.0027271134313195944,0.0027271134313195944,0.27271134313195944
Pythia_plus,237,MUR1.0_MUF2.0_PDF13300,scale,9,1.74,1.95,0.738723874092102,0.7399489283561707,1.001658338530854,0.001658338587731123,0.001658338587731123,0.1658338587731123
Pythia_plus,237,MUR1.0_MUF2.0_PDF13300,scale,10,1.95,2.18,0.753097414970398,0.7538862824440002,1.0010474972532382,0.001047497265972197,0.001047497265972197,0.1047497265972197
Pythia_plus,237,MUR1.0_MUF2.0_PDF13300,scale,11,2.18,2.5,0.7340506911277771,0.7357476353645325,1.0023117534759736,0.002311753574758768,0.002311753574758768,0.2311753574758768
Pythia_plus,238,MUR1.0_MUF1.0_PDF26410,pdf,1,0.0,0.21,0.7990407943725586,0.8001958131790161,1.0014455066807502,0.0014455066993832588,0.0014455066993832588,0.14455066993832588
Pythia_plus,238,MUR1.0_MUF1.0_PDF26410,pdf,2,0.21,0.42,0.7416394948959351,0.7430955767631531,1.0019633283788674,0.0019633283372968435,0.0019633283372968435,0.19633283372968435
Pythia_plus,238,MUR1.0_MUF1.0_PDF26410,pdf,3,0.42,0.63,0.74241703748703,0.7440982460975647,1.0022645070434069,0.0022645071148872375,0.0022645071148872375,0.22645071148872375
Pythia_plus,238,MUR1.0_MUF1.0_PDF26410,pdf,4,0.63,0.84,0.716408371925354,0.7162424921989441,0.9997684564657388,-0.0002315435413038358,0.0002315435413038358,-0.02315435413038358
Pythia_plus,238,MUR1.0_MUF1.0_PDF26410,pdf,5,0.84,1.05,0.7636825442314148,0.7655819058418274,1.0024871088448462,0.0024871088098734617,0.0024871088098734617,0.24871088098734617
Pythia_plus,238,MUR1.0_MUF1.0_PDF26410,pdf,6,1.05,1.37,0.7446764707565308,0.7446141242980957,0.99991627712049,-8.372287993552163e-05,8.372287993552163e-05,-0.008372287993552163
Pythia_plus,238,MUR1.0_MUF1.0_PDF26410,pdf,7,1.37,1.52,0.7529962062835693,0.7540827393531799,1.0014429462732266,0.0014429462607949972,0.0014429462607949972,0.14429462607949972
Pythia_plus,238,MUR1.0_MUF1.0_PDF26410,pdf,8,1.52,1.74,0.7522943019866943,0.7529022097587585,1.0008080717485948,0.0008080717525444925,0.0008080717525444925,0.08080717525444925
Pythia_plus,238,MUR1.0_MUF1.0_PDF26410,pdf,9,1.74,1.95,0.738723874092102,0.741895854473114,1.0042938647203061,0.004293864592909813,0.004293864592909813,0.4293864592909813
Pythia_plus,238,MUR1.0_MUF1.0_PDF26410,pdf,10,1.95,2.18,0.753097414970398,0.7553903460502625,1.0030446673090156,0.0030446674209088087,0.0030446674209088087,0.30446674209088087
Pythia_plus,238,MUR1.0_MUF1.0_PDF26410,pdf,11,2.18,2.5,0.7340506911277771,0.7304731607437134,0.9951263169869545,-0.004873683210462332,0.004873683210462332,-0.4873683210462332
Pythia_plus,239,MUR1.0_MUF1.0_PDF26411,pdf,1,0.0,0.21,0.7990407943725586,0.8003203868865967,1.001601410745296,0.0016014107968658209,0.0016014107968658209,0.1601410796865821
Pythia_plus,239,MUR1.0_MUF1.0_PDF26411,pdf,2,0.21,0.42,0.7416394948959351,0.743278980255127,1.0022106230459342,0.0022106231190264225,0.0022106231190264225,0.22106231190264225
Pythia_plus,239,MUR1.0_MUF1.0_PDF26411,pdf,3,0.42,0.63,0.74241703748703,0.7442690134048462,1.0024945223833828,0.0024945223703980446,0.0024945223703980446,0.24945223703980446
Pythia_plus,239,MUR1.0_MUF1.0_PDF26411,pdf,4,0.63,0.84,0.716408371925354,0.7162096500396729,0.9997226136747298,-0.0002773863379843533,0.0002773863379843533,-0.02773863379843533
Pythia_plus,239,MUR1.0_MUF1.0_PDF26411,pdf,5,0.84,1.05,0.7636825442314148,0.765856146812439,1.0028462122087807,0.00284621212631464,0.00284621212631464,0.284621212631464
Pythia_plus,239,MUR1.0_MUF1.0_PDF26411,pdf,6,1.05,1.37,0.7446764707565308,0.7445278763771057,0.9998004578024681,-0.0001995421916944906,0.0001995421916944906,-0.01995421916944906
Pythia_plus,239,MUR1.0_MUF1.0_PDF26411,pdf,7,1.37,1.52,0.7529962062835693,0.7542529106140137,1.0016689384620499,0.001668938435614109,0.001668938435614109,0.1668938435614109
Pythia_plus,239,MUR1.0_MUF1.0_PDF26411,pdf,8,1.52,1.74,0.7522943019866943,0.7529067397117615,1.0008140932656937,0.0008140932768583298,0.0008140932768583298,0.08140932768583298
Pythia_plus,239,MUR1.0_MUF1.0_PDF26411,pdf,9,1.74,1.95,0.738723874092102,0.7424163818359375,1.0049984952068505,0.004998495336622,0.004998495336622,0.4998495336622
Pythia_plus,239,MUR1.0_MUF1.0_PDF26411,pdf,10,1.95,2.18,0.753097414970398,0.7556420564651489,1.003378900848904,0.003378900932148099,0.003378900932148099,0.3378900932148099
Pythia_plus,239,MUR1.0_MUF1.0_PDF26411,pdf,11,2.18,2.5,0.7340506911277771,0.729604959487915,0.993943563171323,-0.0060564368031919,0.0060564368031919,-0.60564368031919
Pythia_plus,240,MUR1.0_MUF1.0_PDF26412,pdf,1,0.0,0.21,0.7990407943725586,0.7997678518295288,1.0009099128130763,0.0009099128074012697,0.0009099128074012697,0.09099128074012697
Pythia_plus,240,MUR1.0_MUF1.0_PDF26412,pdf,2,0.21,0.42,0.7416394948959351,0.7425571084022522,1.0012372770229097,0.0012372770579531789,0.0012372770579531789,0.12372770579531789
Pythia_plus,240,MUR1.0_MUF1.0_PDF26412,pdf,3,0.42,0.63,0.74241703748703,0.743591845035553,1.0015824091975307,0.001582409255206585,0.001582409255206585,0.1582409255206585
Pythia_plus,240,MUR1.0_MUF1.0_PDF26412,pdf,4,0.63,0.84,0.716408371925354,0.7160991430282593,0.9995683622508993,-0.0004316377453505993,0.0004316377453505993,-0.04316377453505993
Pythia_plus,240,MUR1.0_MUF1.0_PDF26412,pdf,5,0.84,1.05,0.7636825442314148,0.7648606896400452,1.0015427161685568,0.0015427161706611514,0.0015427161706611514,0.15427161706611514
Pythia_plus,240,MUR1.0_MUF1.0_PDF26412,pdf,6,1.05,1.37,0.7446764707565308,0.744634747505188,0.9999439713043432,-5.602869714493863e-05,5.602869714493863e-05,-0.005602869714493863
Pythia_plus,240,MUR1.0_MUF1.0_PDF26412,pdf,7,1.37,1.52,0.7529962062835693,0.7536290884017944,1.0008404851351758,0.0008404851541854441,0.0008404851541854441,0.08404851541854441
Pythia_plus,240,MUR1.0_MUF1.0_PDF26412,pdf,8,1.52,1.74,0.7522943019866943,0.7527919411659241,1.0006614953455257,0.0006614953745156527,0.0006614953745156527,0.06614953745156527
Pythia_plus,240,MUR1.0_MUF1.0_PDF26412,pdf,9,1.74,1.95,0.738723874092102,0.7410188317298889,1.0031066515084643,0.003106651594862342,0.003106651594862342,0.3106651594862342
Pythia_plus,240,MUR1.0_MUF1.0_PDF26412,pdf,10,1.95,2.18,0.753097414970398,0.7550310492515564,1.0025675752468681,0.0025675753131508827,0.0025675753131508827,0.25675753131508827
Pythia_plus,240,MUR1.0_MUF1.0_PDF26412,pdf,11,2.18,2.5,0.7340506911277771,0.7318751215934753,0.9970362134923417,-0.002963786479085684,0.002963786479085684,-0.2963786479085684
Pythia_plus,241,MUR1.0_MUF1.0_PDF26413,pdf,1,0.0,0.21,0.7990407943725586,0.7999783754348755,1.001173383222634,0.0011733832070603967,0.0011733832070603967,0.11733832070603967
Pythia_plus,241,MUR1.0_MUF1.0_PDF26413,pdf,2,0.21,0.42,0.7416394948959351,0.742834210395813,1.0016109113768887,0.0016109113348647952,0.0016109113348647952,0.16109113348647952
Pythia_plus,241,MUR1.0_MUF1.0_PDF26413,pdf,3,0.42,0.63,0.74241703748703,0.7438538074493408,1.0019352599546665,0.0019352599047124386,0.0019352599047124386,0.19352599047124386
Pythia_plus,241,MUR1.0_MUF1.0_PDF26413,pdf,4,0.63,0.84,0.716408371925354,0.7161310911178589,0.9996129570530423,-0.00038704293547198176,0.00038704293547198176,-0.038704293547198176
Pythia_plus,241,MUR1.0_MUF1.0_PDF26413,pdf,5,0.84,1.05,0.7636825442314148,0.7652420401573181,1.0020420735522675,0.0020420735236257315,0.0020420735236257315,0.20420735236257315
Pythia_plus,241,MUR1.0_MUF1.0_PDF26413,pdf,6,1.05,1.37,0.7446764707565308,0.7445924282073975,0.9998871421987485,-0.00011285780055914074,0.00011285780055914074,-0.011285780055914074
Pythia_plus,241,MUR1.0_MUF1.0_PDF26413,pdf,7,1.37,1.52,0.7529962062835693,0.7538715600967407,1.0011624943205115,0.0011624942999333143,0.0011624942999333143,0.11624942999333143
Pythia_plus,241,MUR1.0_MUF1.0_PDF26413,pdf,8,1.52,1.74,0.7522943019866943,0.7528448104858398,1.0007317727885108,0.0007317728013731539,0.0007317728013731539,0.07317728013731539
Pythia_plus,241,MUR1.0_MUF1.0_PDF26413,pdf,9,1.74,1.95,0.738723874092102,0.7415753602981567,1.0038600163147011,0.003860016353428364,0.003860016353428364,0.3860016353428364
Pythia_plus,241,MUR1.0_MUF1.0_PDF26413,pdf,10,1.95,2.18,0.753097414970398,0.7552940249443054,1.0029167673799462,0.002916767494753003,0.002916767494753003,0.2916767494753003
Pythia_plus,241,MUR1.0_MUF1.0_PDF26413,pdf,11,2.18,2.5,0.7340506911277771,0.7310243248939514,0.9958771699687714,-0.004122829996049404,0.004122829996049404,-0.4122829996049404
Pythia_plus,242,MUR1.0_MUF1.0_PDF26414,pdf,1,0.0,0.21,0.7990407943725586,0.8000815510749817,1.001302507593796,0.001302507589571178,0.001302507589571178,0.1302507589571178
Pythia_plus,242,MUR1.0_MUF1.0_PDF26414,pdf,2,0.21,0.42,0.7416394948959351,0.7429640889167786,1.0017860348996508,0.0017860349034890532,0.0017860349034890532,0.17860349034890532
Pythia_plus,242,MUR1.0_MUF1.0_PDF26414,pdf,3,0.42,0.63,0.74241703748703,0.7439702749252319,1.0020921360364512,0.0020921360701322556,0.0020921360701322556,0.20921360701322556
Pythia_plus,242,MUR1.0_MUF1.0_PDF26414,pdf,4,0.63,0.84,0.716408371925354,0.716170608997345,0.999668118160917,-0.0003318818344268948,0.0003318818344268948,-0.03318818344268948
Pythia_plus,242,MUR1.0_MUF1.0_PDF26414,pdf,5,0.84,1.05,0.7636825442314148,0.7654170989990234,1.002271303410967,0.002271303441375494,0.002271303441375494,0.2271303441375494
Pythia_plus,242,MUR1.0_MUF1.0_PDF26414,pdf,6,1.05,1.37,0.7446764707565308,0.744576632976532,0.9998659313353927,-0.00013406865764409304,0.00013406865764409304,-0.013406865764409304
Pythia_plus,242,MUR1.0_MUF1.0_PDF26414,pdf,7,1.37,1.52,0.7529962062835693,0.7539746165275574,1.0012993561399426,0.001299356110394001,0.001299356110394001,0.1299356110394001
Pythia_plus,242,MUR1.0_MUF1.0_PDF26414,pdf,8,1.52,1.74,0.7522943019866943,0.7528504133224487,1.0007392204543963,0.0007392204715870321,0.0007392204715870321,0.07392204715870321
Pythia_plus,242,MUR1.0_MUF1.0_PDF26414,pdf,9,1.74,1.95,0.738723874092102,0.741767168045044,1.0041196637331942,0.004119663964956999,0.004119663964956999,0.4119663964956999
Pythia_plus,242,MUR1.0_MUF1.0_PDF26414,pdf,10,1.95,2.18,0.753097414970398,0.755337655544281,1.002974702248807,0.002974702278152108,0.002974702278152108,0.2974702278152108
Pythia_plus,242,MUR1.0_MUF1.0_PDF26414,pdf,11,2.18,2.5,0.7340506911277771,0.7306278347969055,0.9953370300277045,-0.004662970080971718,0.004662970080971718,-0.4662970080971718
Pythia_plus,243,MUR1.0_MUF1.0_PDF26415,pdf,1,0.0,0.21,0.7990407943725586,0.8004568219184875,1.0017721592638344,0.001772159244865179,0.001772159244865179,0.1772159244865179
Pythia_plus,243,MUR1.0_MUF1.0_PDF26415,pdf,2,0.21,0.42,0.7416394948959351,0.7434377074241638,1.0024246450473637,0.0024246450047940016,0.0024246450047940016,0.24246450047940016
Pythia_plus,243,MUR1.0_MUF1.0_PDF26415,pdf,3,0.42,0.63,0.74241703748703,0.744462251663208,1.0027548050124235,0.0027548049110919237,0.0027548049110919237,0.27548049110919237
Pythia_plus,243,MUR1.0_MUF1.0_PDF26415,pdf,4,0.63,0.84,0.716408371925354,0.7161378860473633,0.9996224417684235,-0.0003775582299567759,0.0003775582299567759,-0.03775582299567759
Pythia_plus,243,MUR1.0_MUF1.0_PDF26415,pdf,5,0.84,1.05,0.7636825442314148,0.7659041881561279,1.002909119687879,0.0029091197066009045,0.0029091197066009045,0.29091197066009045
Pythia_plus,243,MUR1.0_MUF1.0_PDF26415,pdf,6,1.05,1.37,0.7446764707565308,0.7444922924041748,0.9997526733291723,-0.00024732667952775955,0.00024732667952775955,-0.024732667952775955
Pythia_plus,243,MUR1.0_MUF1.0_PDF26415,pdf,7,1.37,1.52,0.7529962062835693,0.7541421055793762,1.0015217862802557,0.001521786325611174,0.001521786325611174,0.1521786325611174
Pythia_plus,243,MUR1.0_MUF1.0_PDF26415,pdf,8,1.52,1.74,0.7522943019866943,0.7528302073478699,1.000712361318915,0.0007123613031581044,0.0007123613031581044,0.07123613031581044
Pythia_plus,243,MUR1.0_MUF1.0_PDF26415,pdf,9,1.74,1.95,0.738723874092102,0.7424139976501465,1.0049952677684604,0.00499526783823967,0.00499526783823967,0.499526783823967
Pythia_plus,243,MUR1.0_MUF1.0_PDF26415,pdf,10,1.95,2.18,0.753097414970398,0.755827784538269,1.0036255197715402,0.0036255198065191507,0.0036255198065191507,0.3625519806519151
Pythia_plus,243,MUR1.0_MUF1.0_PDF26415,pdf,11,2.18,2.5,0.7340506911277771,0.7296612858772278,0.9940202968220008,-0.005979703273624182,0.005979703273624182,-0.5979703273624182
Pythia_plus,244,MUR1.0_MUF1.0_PDF26416,pdf,1,0.0,0.21,0.7990407943725586,0.7996490597724915,1.0007612444874112,0.0007612445042468607,0.0007612445042468607,0.07612445042468607
Pythia_plus,244,MUR1.0_MUF1.0_PDF26416,pdf,2,0.21,0.42,0.7416394948959351,0.7424140572547913,1.0010443920047232,0.0010443920036777854,0.0010443920036777854,0.10443920036777854
Pythia_plus,244,MUR1.0_MUF1.0_PDF26416,pdf,3,0.42,0.63,0.74241703748703,0.743417501449585,1.001347576782372,0.0013475767336785793,0.0013475767336785793,0.13475767336785793
Pythia_plus,244,MUR1.0_MUF1.0_PDF26416,pdf,4,0.63,0.84,0.716408371925354,0.7161628603935242,0.9996573022574122,-0.00034269774914719164,0.00034269774914719164,-0.034269774914719164
Pythia_plus,244,MUR1.0_MUF1.0_PDF26416,pdf,5,0.84,1.05,0.7636825442314148,0.7648195624351501,1.0014888623713138,0.0014888623263686895,0.0014888623263686895,0.14888623263686895
Pythia_plus,244,MUR1.0_MUF1.0_PDF26416,pdf,6,1.05,1.37,0.7446764707565308,0.7446673512458801,0.9999877537279493,-1.2246272490301635e-05,1.2246272490301635e-05,-0.0012246272490301635
Pythia_plus,244,MUR1.0_MUF1.0_PDF26416,pdf,7,1.37,1.52,0.7529962062835693,0.7537325620651245,1.0009779010510418,0.000977901043370366,0.000977901043370366,0.09779010433703661
Pythia_plus,244,MUR1.0_MUF1.0_PDF26416,pdf,8,1.52,1.74,0.7522943019866943,0.7528581023216248,1.0007494411873672,0.0007494412129744887,0.0007494412129744887,0.07494412129744887
Pythia_plus,244,MUR1.0_MUF1.0_PDF26416,pdf,9,1.74,1.95,0.738723874092102,0.7410247325897217,1.0031146394184802,0.003114639315754175,0.003114639315754175,0.3114639315754175
Pythia_plus,244,MUR1.0_MUF1.0_PDF26416,pdf,10,1.95,2.18,0.753097414970398,0.7548646926879883,1.0023466787728381,0.0023466788697987795,0.0023466788697987795,0.23466788697987795
Pythia_plus,244,MUR1.0_MUF1.0_PDF26416,pdf,11,2.18,2.5,0.7340506911277771,0.7318072319030762,0.9969437271133766,-0.003056272864341736,0.003056272864341736,-0.3056272864341736
Pythia_plus,245,MUR1.0_MUF1.0_PDF26417,pdf,1,0.0,0.21,0.7990407943725586,0.7996319532394409,1.0007398356517536,0.0007398356683552265,0.0007398356683552265,0.07398356683552265
Pythia_plus,245,MUR1.0_MUF1.0_PDF26417,pdf,2,0.21,0.42,0.7416394948959351,0.7423804402351379,1.0009990640254494,0.0009990640683099627,0.0009990640683099627,0.09990640683099627
Pythia_plus,245,MUR1.0_MUF1.0_PDF26417,pdf,3,0.42,0.63,0.74241703748703,0.7430703043937683,1.0008799190667141,0.00087991904001683,0.00087991904001683,0.087991904001683
Pythia_plus,245,MUR1.0_MUF1.0_PDF26417,pdf,4,0.63,0.84,0.716408371925354,0.717358410358429,1.0013261129689506,0.0013261130079627037,0.0013261130079627037,0.13261130079627037
Pythia_plus,245,MUR1.0_MUF1.0_PDF26417,pdf,5,0.84,1.05,0.7636825442314148,0.7658592462539673,1.0028502707558193,0.0028502708300948143,0.0028502708300948143,0.28502708300948143
Pythia_plus,245,MUR1.0_MUF1.0_PDF26417,pdf,6,1.05,1.37,0.7446764707565308,0.7453107237815857,1.0008517162149766,0.0008517162059433758,0.0008517162059433758,0.08517162059433758
Pythia_plus,245,MUR1.0_MUF1.0_PDF26417,pdf,7,1.37,1.52,0.7529962062835693,0.7555618286132812,1.0034072181351015,0.0034072180278599262,0.0034072180278599262,0.3407218027859926
Pythia_plus,245,MUR1.0_MUF1.0_PDF26417,pdf,8,1.52,1.74,0.7522943019866943,0.7537427544593811,1.0019253800924208,0.001925380085594952,0.001925380085594952,0.1925380085594952
Pythia_plus,245,MUR1.0_MUF1.0_PDF26417,pdf,9,1.74,1.95,0.738723874092102,0.741830587387085,1.004205513594374,0.004205513745546341,0.004205513745546341,0.4205513745546341
Pythia_plus,245,MUR1.0_MUF1.0_PDF26417,pdf,10,1.95,2.18,0.753097414970398,0.7537071108818054,1.0008095843901303,0.0008095843950286508,0.0008095843950286508,0.08095843950286508
Pythia_plus,245,MUR1.0_MUF1.0_PDF26417,pdf,11,2.18,2.5,0.7340506911277771,0.730259358882904,0.9948350539129006,-0.005164945963770151,0.005164945963770151,-0.5164945963770151
Pythia_plus,246,MUR1.0_MUF1.0_PDF26418,pdf,1,0.0,0.21,0.7990407943725586,0.8003026247024536,1.0015791813619301,0.0015791814075782895,0.0015791814075782895,0.15791814075782895
Pythia_plus,246,MUR1.0_MUF1.0_PDF26418,pdf,2,0.21,0.42,0.7416394948959351,0.7432523965835571,1.0021747785800543,0.0021747786086052656,0.0021747786086052656,0.21747786086052656
Pythia_plus,246,MUR1.0_MUF1.0_PDF26418,pdf,3,0.42,0.63,0.74241703748703,0.7444811463356018,1.0027802552263059,0.002780255163088441,0.002780255163088441,0.2780255163088441
Pythia_plus,246,MUR1.0_MUF1.0_PDF26418,pdf,4,0.63,0.84,0.716408371925354,0.7153400182723999,0.9985087365044564,-0.001491263508796692,0.001491263508796692,-0.1491263508796692
Pythia_plus,246,MUR1.0_MUF1.0_PDF26418,pdf,5,0.84,1.05,0.7636825442314148,0.7649778723716736,1.0016961604662085,0.0016961604123935103,0.0016961604123935103,0.16961604123935103
Pythia_plus,246,MUR1.0_MUF1.0_PDF26418,pdf,6,1.05,1.37,0.7446764707565308,0.7440871596336365,0.9992086346943451,-0.0007913652807474136,0.0007913652807474136,-0.07913652807474136
Pythia_plus,246,MUR1.0_MUF1.0_PDF26418,pdf,7,1.37,1.52,0.7529962062835693,0.7528089880943298,0.9997513690139774,-0.00024863099679350853,0.00024863099679350853,-0.024863099679350853
Pythia_plus,246,MUR1.0_MUF1.0_PDF26418,pdf,8,1.52,1.74,0.7522943019866943,0.7522299885749817,0.9999145103032911,-8.548969344701618e-05,8.548969344701618e-05,-0.008548969344701618
Pythia_plus,246,MUR1.0_MUF1.0_PDF26418,pdf,9,1.74,1.95,0.738723874092102,0.7415636777877808,1.003844201866589,0.003844201797619462,0.003844201797619462,0.3844201797619462
Pythia_plus,246,MUR1.0_MUF1.0_PDF26418,pdf,10,1.95,2.18,0.753097414970398,0.7563889622688293,1.0043706793211615,0.004370679147541523,0.004370679147541523,0.4370679147541523
Pythia_plus,246,MUR1.0_MUF1.0_PDF26418,pdf,11,2.18,2.5,0.7340506911277771,0.731174647808075,0.996081955436506,-0.003918044734746218,0.003918044734746218,-0.3918044734746218
Pythia_plus,247,MUR1.0_MUF1.0_PDF26419,pdf,1,0.0,0.21,0.7990407943725586,0.8004992008209229,1.0018251964838785,0.001825196435675025,0.001825196435675025,0.1825196435675025
Pythia_plus,247,MUR1.0_MUF1.0_PDF26419,pdf,2,0.21,0.42,0.7416394948959351,0.7435153722763062,1.0025293655384875,0.002529365476220846,0.002529365476220846,0.2529365476220846
Pythia_plus,247,MUR1.0_MUF1.0_PDF26419,pdf,3,0.42,0.63,0.74241703748703,0.7447017431259155,1.0030773884804947,0.003077388508245349,0.003077388508245349,0.3077388508245349
Pythia_plus,247,MUR1.0_MUF1.0_PDF26419,pdf,4,0.63,0.84,0.716408371925354,0.7154095768928528,0.9986058300382268,-0.001394169987179339,0.001394169987179339,-0.1394169987179339
Pythia_plus,247,MUR1.0_MUF1.0_PDF26419,pdf,5,0.84,1.05,0.7636825442314148,0.7652615904808044,1.0020676736182033,0.0020676737185567617,0.0020676737185567617,0.20676737185567617
Pythia_plus,247,MUR1.0_MUF1.0_PDF26419,pdf,6,1.05,1.37,0.7446764707565308,0.7440277934074402,0.9991289138645248,-0.0008710861438885331,0.0008710861438885331,-0.08710861438885331
Pythia_plus,247,MUR1.0_MUF1.0_PDF26419,pdf,7,1.37,1.52,0.7529962062835693,0.7529569268226624,0.9999478357784818,-5.21642214152962e-05,5.21642214152962e-05,-0.00521642214152962
Pythia_plus,247,MUR1.0_MUF1.0_PDF26419,pdf,8,1.52,1.74,0.7522943019866943,0.7521182298660278,0.9997659531380185,-0.00023404686362482607,0.00023404686362482607,-0.023404686362482607
Pythia_plus,247,MUR1.0_MUF1.0_PDF26419,pdf,9,1.74,1.95,0.738723874092102,0.7417597770690918,1.0041096586741844,0.004109658766537905,0.004109658766537905,0.4109658766537905
Pythia_plus,247,MUR1.0_MUF1.0_PDF26419,pdf,10,1.95,2.18,0.753097414970398,0.7563681602478027,1.0043430573686585,0.00434305751696229,0.00434305751696229,0.434305751696229
Pythia_plus,247,MUR1.0_MUF1.0_PDF26419,pdf,11,2.18,2.5,0.7340506911277771,0.7304731011390686,0.9951262357873242,-0.004873764235526323,0.004873764235526323,-0.48737642355263233
Pythia_plus,248,MUR2.0_MUF0.5_PDF13300,scale,1,0.0,0.21,0.7990407943725586,0.7961388230323792,0.9963681812485454,-0.0036318188067525625,0.0036318188067525625,-0.36318188067525625
Pythia_plus,248,MUR2.0_MUF0.5_PDF13300,scale,2,0.21,0.42,0.7416394948959351,0.7385075092315674,0.9957769432643185,-0.004223056603223085,0.004223056603223085,-0.42230566032230854
Pythia_plus,248,MUR2.0_MUF0.5_PDF13300,scale,3,0.42,0.63,0.74241703748703,0.7394136786460876,0.9959546202615335,-0.004045379813760519,0.004045379813760519,-0.4045379813760519
Pythia_plus,248,MUR2.0_MUF0.5_PDF13300,scale,4,0.63,0.84,0.716408371925354,0.7133608460426331,0.9957461051515483,-0.0042538950219750404,0.0042538950219750404,-0.42538950219750404
Pythia_plus,248,MUR2.0_MUF0.5_PDF13300,scale,5,0.84,1.05,0.7636825442314148,0.7596768736839294,0.9947547962464997,-0.005245203617960215,0.005245203617960215,-0.5245203617960215
Pythia_plus,248,MUR2.0_MUF0.5_PDF13300,scale,6,1.05,1.37,0.7446764707565308,0.7422165870666504,0.9966967081860646,-0.003303291741758585,0.003303291741758585,-0.3303291741758585
Pythia_plus,248,MUR2.0_MUF0.5_PDF13300,scale,7,1.37,1.52,0.7529962062835693,0.7488448619842529,0.9944868987855789,-0.005513101350516081,0.005513101350516081,-0.5513101350516081
Pythia_plus,248,MUR2.0_MUF0.5_PDF13300,scale,8,1.52,1.74,0.7522943019866943,0.7495831251144409,0.9963961220162194,-0.00360387796536088,0.00360387796536088,-0.360387796536088
Pythia_plus,248,MUR2.0_MUF0.5_PDF13300,scale,9,1.74,1.95,0.738723874092102,0.7371417284011841,0.9978582718842511,-0.002141728065907955,0.002141728065907955,-0.21417280659079552
Pythia_plus,248,MUR2.0_MUF0.5_PDF13300,scale,10,1.95,2.18,0.753097414970398,0.7520892024040222,0.9986612454825444,-0.0013387545477598906,0.0013387545477598906,-0.13387545477598906
Pythia_plus,248,MUR2.0_MUF0.5_PDF13300,scale,11,2.18,2.5,0.7340506911277771,0.7316997051239014,0.9967972429802311,-0.0032027570996433496,0.0032027570996433496,-0.32027570996433496
Pythia_plus,249,MUR1.0_MUF1.0_PDF26420,pdf,1,0.0,0.21,0.7990407943725586,0.7993613481521606,1.000401173234032,0.0004011732235085219,0.0004011732235085219,0.04011732235085219
Pythia_plus,249,MUR1.0_MUF1.0_PDF26420,pdf,2,0.21,0.42,0.7416394948959351,0.7420239448547363,1.0005183784863767,0.0005183785106055439,0.0005183785106055439,0.051837851060554385
Pythia_plus,249,MUR1.0_MUF1.0_PDF26420,pdf,3,0.42,0.63,0.74241703748703,0.7427913546562195,1.0005041872024603,0.0005041871918365359,0.0005041871918365359,0.05041871918365359
Pythia_plus,249,MUR1.0_MUF1.0_PDF26420,pdf,4,0.63,0.84,0.716408371925354,0.7172128558158875,1.0011229403815751,0.001122940331697464,0.001122940331697464,0.1122940331697464
Pythia_plus,249,MUR1.0_MUF1.0_PDF26420,pdf,5,0.84,1.05,0.7636825442314148,0.7654426693916321,1.0023047864240353,0.0023047863505780697,0.0023047863505780697,0.23047863505780697
Pythia_plus,249,MUR1.0_MUF1.0_PDF26420,pdf,6,1.05,1.37,0.7446764707565308,0.7453687787055969,1.0009296761429334,0.0009296761709265411,0.0009296761709265411,0.09296761709265411
Pythia_plus,249,MUR1.0_MUF1.0_PDF26420,pdf,7,1.37,1.52,0.7529962062835693,0.7552892565727234,1.0030452348498162,0.003045234829187393,0.003045234829187393,0.3045234829187393
Pythia_plus,249,MUR1.0_MUF1.0_PDF26420,pdf,8,1.52,1.74,0.7522943019866943,0.7538681030273438,1.0020920018089905,0.0020920017268508673,0.0020920017268508673,0.20920017268508673
Pythia_plus,249,MUR1.0_MUF1.0_PDF26420,pdf,9,1.74,1.95,0.738723874092102,0.7415716648101807,1.0038550137851963,0.0038550137542188168,0.0038550137542188168,0.3855013754218817
Pythia_plus,249,MUR1.0_MUF1.0_PDF26420,pdf,10,1.95,2.18,0.753097414970398,0.7538650631904602,1.001019321278765,0.001019321265630424,0.001019321265630424,0.1019321265630424
Pythia_plus,249,MUR1.0_MUF1.0_PDF26420,pdf,11,2.18,2.5,0.7340506911277771,0.7312883138656616,0.9962368031315775,-0.0037631967570632696,0.0037631967570632696,-0.37631967570632696
Pythia_plus,250,MUR1.0_MUF1.0_PDF26421,pdf,1,0.0,0.21,0.7990407943725586,0.8001939058303833,1.0014431196328721,0.0014431196032091975,0.0014431196032091975,0.14431196032091975
Pythia_plus,250,MUR1.0_MUF1.0_PDF26421,pdf,2,0.21,0.42,0.7416394948959351,0.743111252784729,1.0019844653621104,0.0019844654016196728,0.0019844654016196728,0.19844654016196728
Pythia_plus,250,MUR1.0_MUF1.0_PDF26421,pdf,3,0.42,0.63,0.74241703748703,0.7441866397857666,1.002383569085007,0.002383569022640586,0.002383569022640586,0.2383569022640586
Pythia_plus,250,MUR1.0_MUF1.0_PDF26421,pdf,4,0.63,0.84,0.716408371925354,0.7158376574516296,0.99920336710724,-0.0007966328994370997,0.0007966328994370997,-0.07966328994370997
Pythia_plus,250,MUR1.0_MUF1.0_PDF26421,pdf,5,0.84,1.05,0.7636825442314148,0.7651624083518982,1.0019378001129682,0.0019378000870347023,0.0019378000870347023,0.19378000870347023
Pythia_plus,250,MUR1.0_MUF1.0_PDF26421,pdf,6,1.05,1.37,0.7446764707565308,0.744342029094696,0.9995508899838141,-0.00044911002623848617,0.00044911002623848617,-0.04491100262384862
Pythia_plus,250,MUR1.0_MUF1.0_PDF26421,pdf,7,1.37,1.52,0.7529962062835693,0.7534052729606628,1.0005432519761455,0.0005432519828900695,0.0005432519828900695,0.05432519828900695
Pythia_plus,250,MUR1.0_MUF1.0_PDF26421,pdf,8,1.52,1.74,0.7522943019866943,0.7524272203445435,1.0001766839885642,0.00017668398504611105,0.00017668398504611105,0.017668398504611105
Pythia_plus,250,MUR1.0_MUF1.0_PDF26421,pdf,9,1.74,1.95,0.738723874092102,0.7413850426673889,1.003602386045202,0.003602385986596346,0.003602385986596346,0.3602385986596346
Pythia_plus,250,MUR1.0_MUF1.0_PDF26421,pdf,10,1.95,2.18,0.753097414970398,0.7555724382400513,1.0032864583259133,0.003286458319053054,0.003286458319053054,0.3286458319053054
Pythia_plus,250,MUR1.0_MUF1.0_PDF26421,pdf,11,2.18,2.5,0.7340506911277771,0.7309832572937012,0.9958212234234625,-0.004178776405751705,0.004178776405751705,-0.4178776405751705
Pythia_plus,251,MUR1.0_MUF1.0_PDF26422,pdf,1,0.0,0.21,0.7990407943725586,0.7997584939002991,1.0008982013594239,0.0008982013678178191,0.0008982013678178191,0.08982013678178191
Pythia_plus,251,MUR1.0_MUF1.0_PDF26422,pdf,2,0.21,0.42,0.7416394948959351,0.7425451874732971,1.0012212032713943,0.0012212032452225685,0.0012212032452225685,0.12212032452225685
Pythia_plus,251,MUR1.0_MUF1.0_PDF26422,pdf,3,0.42,0.63,0.74241703748703,0.7434508204460144,1.001392455866158,0.0013924558879807591,0.0013924558879807591,0.13924558879807591
Pythia_plus,251,MUR1.0_MUF1.0_PDF26422,pdf,4,0.63,0.84,0.716408371925354,0.7166970372200012,1.0004029340051839,0.0004029340052511543,0.0004029340052511543,0.04029340052511543
Pythia_plus,251,MUR1.0_MUF1.0_PDF26422,pdf,5,0.84,1.05,0.7636825442314148,0.7656371593475342,1.0025594602507073,0.0025594602338969707,0.0025594602338969707,0.2559460233896971
Pythia_plus,251,MUR1.0_MUF1.0_PDF26422,pdf,6,1.05,1.37,0.7446764707565308,0.7449995875358582,1.0004339022273647,0.00043390222708694637,0.00043390222708694637,0.04339022270869464
Pythia_plus,251,MUR1.0_MUF1.0_PDF26422,pdf,7,1.37,1.52,0.7529962062835693,0.7548225522041321,1.002425438409015,0.002425438491627574,0.002425438491627574,0.2425438491627574
Pythia_plus,251,MUR1.0_MUF1.0_PDF26422,pdf,8,1.52,1.74,0.7522943019866943,0.7535626888275146,1.0016860247877335,0.00168602482881397,0.00168602482881397,0.168602482881397
Pythia_plus,251,MUR1.0_MUF1.0_PDF26422,pdf,9,1.74,1.95,0.738723874092102,0.7421829104423523,1.0046824483024885,0.004682448226958513,0.004682448226958513,0.4682448226958513
Pythia_plus,251,MUR1.0_MUF1.0_PDF26422,pdf,10,1.95,2.18,0.753097414970398,0.7548741698265076,1.0023592629861562,0.002359262900426984,0.002359262900426984,0.23592629004269838
Pythia_plus,251,MUR1.0_MUF1.0_PDF26422,pdf,11,2.18,2.5,0.7340506911277771,0.7305006980895996,0.9951638312161748,-0.004836168605834246,0.004836168605834246,-0.48361686058342457
Pythia_plus,252,MUR1.0_MUF1.0_PDF26423,pdf,1,0.0,0.21,0.7990407943725586,0.7997498512268066,1.0008873850487257,0.0008873850456438959,0.0008873850456438959,0.08873850456438959
Pythia_plus,252,MUR1.0_MUF1.0_PDF26423,pdf,2,0.21,0.42,0.7416394948959351,0.7425512075424194,1.0012293205159095,0.0012293205363675952,0.0012293205363675952,0.12293205363675952
Pythia_plus,252,MUR1.0_MUF1.0_PDF26423,pdf,3,0.42,0.63,0.74241703748703,0.7435622215270996,1.0015425077581004,0.0015425077872350812,0.0015425077872350812,0.15425077872350812
Pythia_plus,252,MUR1.0_MUF1.0_PDF26423,pdf,4,0.63,0.84,0.716408371925354,0.7162413597106934,0.9997668756798419,-0.0002331243158550933,0.0002331243158550933,-0.02331243158550933
Pythia_plus,252,MUR1.0_MUF1.0_PDF26423,pdf,5,0.84,1.05,0.7636825442314148,0.7651488184928894,1.0019200049451835,0.0019200049573555589,0.0019200049573555589,0.1920004957355559
Pythia_plus,252,MUR1.0_MUF1.0_PDF26423,pdf,6,1.05,1.37,0.7446764707565308,0.744723916053772,1.0000637126310612,6.371262861648574e-05,6.371262861648574e-05,0.0063712628616485745
Pythia_plus,252,MUR1.0_MUF1.0_PDF26423,pdf,7,1.37,1.52,0.7529962062835693,0.754016637802124,1.0013551615666048,0.0013551615411415696,0.0013551615411415696,0.13551615411415696
Pythia_plus,252,MUR1.0_MUF1.0_PDF26423,pdf,8,1.52,1.74,0.7522943019866943,0.7530587315559387,1.0010161310104644,0.0010161310201510787,0.0010161310201510787,0.10161310201510787
Pythia_plus,252,MUR1.0_MUF1.0_PDF26423,pdf,9,1.74,1.95,0.738723874092102,0.7415614128112793,1.0038411358001182,0.003841135883703828,0.003841135883703828,0.3841135883703828
Pythia_plus,252,MUR1.0_MUF1.0_PDF26423,pdf,10,1.95,2.18,0.753097414970398,0.755089521408081,1.0026452174686609,0.0026452175807207823,0.0026452175807207823,0.26452175807207823
Pythia_plus,252,MUR1.0_MUF1.0_PDF26423,pdf,11,2.18,2.5,0.7340506911277771,0.731230616569519,0.9961582018894017,-0.0038417980540543795,0.0038417980540543795,-0.38417980540543795
Pythia_plus,253,MUR1.0_MUF1.0_PDF26424,pdf,1,0.0,0.21,0.7990407943725586,0.8004204034805298,1.0017265815684098,0.0017265815986320376,0.0017265815986320376,0.17265815986320376
Pythia_plus,253,MUR1.0_MUF1.0_PDF26424,pdf,2,0.21,0.42,0.7416394948959351,0.7433823347091675,1.002349982471574,0.0023499825038015842,0.0023499825038015842,0.23499825038015842
Pythia_plus,253,MUR1.0_MUF1.0_PDF26424,pdf,3,0.42,0.63,0.74241703748703,0.7443954348564148,1.0026648059910928,0.0026648060884326696,0.0026648060884326696,0.26648060884326696
Pythia_plus,253,MUR1.0_MUF1.0_PDF26424,pdf,4,0.63,0.84,0.716408371925354,0.7160329222679138,0.9994759278755618,-0.0005240721511654556,0.0005240721511654556,-0.05240721511654556
Pythia_plus,253,MUR1.0_MUF1.0_PDF26424,pdf,5,0.84,1.05,0.7636825442314148,0.7655844688415527,1.002490464951051,0.0024904650636017323,0.0024904650636017323,0.24904650636017323
Pythia_plus,253,MUR1.0_MUF1.0_PDF26424,pdf,6,1.05,1.37,0.7446764707565308,0.7443833947181702,0.9996064384335082,-0.00039356155321002007,0.00039356155321002007,-0.03935615532100201
Pythia_plus,253,MUR1.0_MUF1.0_PDF26424,pdf,7,1.37,1.52,0.7529962062835693,0.7537930011749268,1.001058165877475,0.0010581659153103828,0.0010581659153103828,0.10581659153103828
Pythia_plus,253,MUR1.0_MUF1.0_PDF26424,pdf,8,1.52,1.74,0.7522943019866943,0.7525309324264526,1.0003145450379372,0.000314545031869784,0.000314545031869784,0.0314545031869784
Pythia_plus,253,MUR1.0_MUF1.0_PDF26424,pdf,9,1.74,1.95,0.738723874092102,0.7418142557144165,1.004183405641401,0.004183405544608831,0.004183405544608831,0.41834055446088314
Pythia_plus,253,MUR1.0_MUF1.0_PDF26424,pdf,10,1.95,2.18,0.753097414970398,0.7556033730506897,1.0033275350976876,0.0033275349996984005,0.0033275349996984005,0.33275349996984005
Pythia_plus,253,MUR1.0_MUF1.0_PDF26424,pdf,11,2.18,2.5,0.7340506911277771,0.7302065491676331,0.9947631110404133,-0.005236888770014048,0.005236888770014048,-0.5236888770014048
Pythia_plus,254,MUR1.0_MUF1.0_PDF26425,pdf,1,0.0,0.21,0.7990407943725586,0.8000838756561279,1.0013054168083977,0.001305416808463633,0.001305416808463633,0.1305416808463633
Pythia_plus,254,MUR1.0_MUF1.0_PDF26425,pdf,2,0.21,0.42,0.7416394948959351,0.7429553866386414,1.0017743010610445,0.001774301053956151,0.001774301053956151,0.1774301053956151
Pythia_plus,254,MUR1.0_MUF1.0_PDF26425,pdf,3,0.42,0.63,0.74241703748703,0.743961751461029,1.002080655340599,0.002080655423924327,0.002080655423924327,0.2080655423924327
Pythia_plus,254,MUR1.0_MUF1.0_PDF26425,pdf,4,0.63,0.84,0.716408371925354,0.7161779403686523,0.9996783516696177,-0.0003216483164578676,0.0003216483164578676,-0.03216483164578676
Pythia_plus,254,MUR1.0_MUF1.0_PDF26425,pdf,5,0.84,1.05,0.7636825442314148,0.7654018998146057,1.0022514009206813,0.0022514008451253176,0.0022514008451253176,0.22514008451253176
Pythia_plus,254,MUR1.0_MUF1.0_PDF26425,pdf,6,1.05,1.37,0.7446764707565308,0.7446022629737854,0.9999003489627247,-9.965103527065367e-05,9.965103527065367e-05,-0.009965103527065367
Pythia_plus,254,MUR1.0_MUF1.0_PDF26425,pdf,7,1.37,1.52,0.7529962062835693,0.7540057301521301,1.0013406759026626,0.0013406758662313223,0.0013406758662313223,0.13406758662313223
Pythia_plus,254,MUR1.0_MUF1.0_PDF26425,pdf,8,1.52,1.74,0.7522943019866943,0.7528846859931946,1.00078477798508,0.0007847779779694974,0.0007847779779694974,0.07847779779694974
Pythia_plus,254,MUR1.0_MUF1.0_PDF26425,pdf,9,1.74,1.95,0.738723874092102,0.7417612075805664,1.0041115951372186,0.00411159498617053,0.00411159498617053,0.41115949861705303
Pythia_plus,254,MUR1.0_MUF1.0_PDF26425,pdf,10,1.95,2.18,0.753097414970398,0.7553833723068237,1.0030354072275174,0.003035407280549407,0.003035407280549407,0.3035407280549407
Pythia_plus,254,MUR1.0_MUF1.0_PDF26425,pdf,11,2.18,2.5,0.7340506911277771,0.7307905554771423,0.9955587050185513,-0.004441294819116592,0.004441294819116592,-0.44412948191165924
Pythia_plus,255,MUR1.0_MUF1.0_PDF26426,pdf,1,0.0,0.21,0.7990407943725586,0.7999324202537537,1.0011158702878182,0.0011158703127875924,0.0011158703127875924,0.11158703127875924
Pythia_plus,255,MUR1.0_MUF1.0_PDF26426,pdf,2,0.21,0.42,0.7416394948959351,0.742794930934906,1.0015579483656452,0.0015579484170302749,0.0015579484170302749,0.1557948417030275
Pythia_plus,255,MUR1.0_MUF1.0_PDF26426,pdf,3,0.42,0.63,0.74241703748703,0.7438207268714905,1.0018907020092263,0.0018907020566985011,0.0018907020566985011,0.1890702056698501
Pythia_plus,255,MUR1.0_MUF1.0_PDF26426,pdf,4,0.63,0.84,0.716408371925354,0.7160974144935608,0.9995659494724252,-0.0004340505402069539,0.0004340505402069539,-0.04340505402069539
Pythia_plus,255,MUR1.0_MUF1.0_PDF26426,pdf,5,0.84,1.05,0.7636825442314148,0.7651967406272888,1.0019827563263188,0.0019827564246952534,0.0019827564246952534,0.19827564246952534
Pythia_plus,255,MUR1.0_MUF1.0_PDF26426,pdf,6,1.05,1.37,0.7446764707565308,0.7445471882820129,0.9998263910844578,-0.00017360891797579825,0.00017360891797579825,-0.017360891797579825
Pythia_plus,255,MUR1.0_MUF1.0_PDF26426,pdf,7,1.37,1.52,0.7529962062835693,0.7537642121315002,1.001019933223464,0.0010199332609772682,0.0010199332609772682,0.10199332609772682
Pythia_plus,255,MUR1.0_MUF1.0_PDF26426,pdf,8,1.52,1.74,0.7522943019866943,0.7527686357498169,1.000630516224661,0.0006305162096396089,0.0006305162096396089,0.06305162096396089
Pythia_plus,255,MUR1.0_MUF1.0_PDF26426,pdf,9,1.74,1.95,0.738723874092102,0.7415030002593994,1.0037620635595579,0.0037620635703206062,0.0037620635703206062,0.3762063570320606
Pythia_plus,255,MUR1.0_MUF1.0_PDF26426,pdf,10,1.95,2.18,0.753097414970398,0.7551835179328918,1.0027700307038976,0.002770030638203025,0.002770030638203025,0.2770030638203025
Pythia_plus,255,MUR1.0_MUF1.0_PDF26426,pdf,11,2.18,2.5,0.7340506911277771,0.7308694124221802,0.9956661321295001,-0.004333867691457272,0.004333867691457272,-0.43338676914572716
Pythia_plus,256,MUR1.0_MUF1.0_PDF26427,pdf,1,0.0,0.21,0.7990407943725586,0.8003105521202087,1.001589102529674,0.0015891025541350245,0.0015891025541350245,0.15891025541350245
Pythia_plus,256,MUR1.0_MUF1.0_PDF26427,pdf,2,0.21,0.42,0.7416394948959351,0.74321448802948,1.002123664050235,0.0021236641332507133,0.0021236641332507133,0.21236641332507133
Pythia_plus,256,MUR1.0_MUF1.0_PDF26427,pdf,3,0.42,0.63,0.74241703748703,0.7441465258598328,1.0023295375583738,0.002329537644982338,0.002329537644982338,0.2329537644982338
Pythia_plus,256,MUR1.0_MUF1.0_PDF26427,pdf,4,0.63,0.84,0.716408371925354,0.7165861129760742,1.0002481001865493,0.00024810017202980816,0.00024810017202980816,0.024810017202980816
Pythia_plus,256,MUR1.0_MUF1.0_PDF26427,pdf,5,0.84,1.05,0.7636825442314148,0.7658150792121887,1.0027924364605192,0.002792436396703124,0.002792436396703124,0.2792436396703124
Pythia_plus,256,MUR1.0_MUF1.0_PDF26427,pdf,6,1.05,1.37,0.7446764707565308,0.7448564767837524,1.000241723801262,0.00024172379926312715,0.00024172379926312715,0.024172379926312715
Pythia_plus,256,MUR1.0_MUF1.0_PDF26427,pdf,7,1.37,1.52,0.7529962062835693,0.7545685172080994,1.002088072836768,0.002088072942569852,0.002088072942569852,0.2088072942569852
Pythia_plus,256,MUR1.0_MUF1.0_PDF26427,pdf,8,1.52,1.74,0.7522943019866943,0.7530664205551147,1.0010263517434352,0.0010263517033308744,0.0010263517033308744,0.10263517033308744
Pythia_plus,256,MUR1.0_MUF1.0_PDF26427,pdf,9,1.74,1.95,0.738723874092102,0.741804838180542,1.0041706572597595,0.004170657135546207,0.004170657135546207,0.41706571355462074
Pythia_plus,256,MUR1.0_MUF1.0_PDF26427,pdf,10,1.95,2.18,0.753097414970398,0.7551891803741455,1.00277754957349,0.002777549671009183,0.002777549671009183,0.2777549671009183
Pythia_plus,256,MUR1.0_MUF1.0_PDF26427,pdf,11,2.18,2.5,0.7340506911277771,0.7308592200279236,0.9956522469927108,-0.004347752779722214,0.004347752779722214,-0.4347752779722214
Pythia_plus,257,MUR1.0_MUF1.0_PDF26428,pdf,1,0.0,0.21,0.7990407943725586,0.7998895049095154,1.0010621617105586,0.0010621617548167706,0.0010621617548167706,0.10621617548167706
Pythia_plus,257,MUR1.0_MUF1.0_PDF26428,pdf,2,0.21,0.42,0.7416394948959351,0.7427355051040649,1.00147782071434,0.0014778206823393703,0.0014778206823393703,0.14778206823393703
Pythia_plus,257,MUR1.0_MUF1.0_PDF26428,pdf,3,0.42,0.63,0.74241703748703,0.7438048720359802,1.0018693463092494,0.0018693463644012809,0.0018693463644012809,0.1869346364401281
Pythia_plus,257,MUR1.0_MUF1.0_PDF26428,pdf,4,0.63,0.84,0.716408371925354,0.7158958315849304,0.999284569582784,-0.0007154304184950888,0.0007154304184950888,-0.07154304184950888
Pythia_plus,257,MUR1.0_MUF1.0_PDF26428,pdf,5,0.84,1.05,0.7636825442314148,0.7650633454322815,1.0018080827056959,0.0018080826848745346,0.0018080826848745346,0.18080826848745346
Pythia_plus,257,MUR1.0_MUF1.0_PDF26428,pdf,6,1.05,1.37,0.7446764707565308,0.7444368004798889,0.9996781551639488,-0.0003218448255211115,0.0003218448255211115,-0.03218448255211115
Pythia_plus,257,MUR1.0_MUF1.0_PDF26428,pdf,7,1.37,1.52,0.7529962062835693,0.7535306215286255,1.000709718376529,0.0007097183843143284,0.0007097183843143284,0.07097183843143284
Pythia_plus,257,MUR1.0_MUF1.0_PDF26428,pdf,8,1.52,1.74,0.7522943019866943,0.7527400851249695,1.0005925648208394,0.0005925648147240281,0.0005925648147240281,0.05925648147240281
Pythia_plus,257,MUR1.0_MUF1.0_PDF26428,pdf,9,1.74,1.95,0.738723874092102,0.7416123151779175,1.0039100416097495,0.00391004141420126,0.00391004141420126,0.39100414142012596
Pythia_plus,257,MUR1.0_MUF1.0_PDF26428,pdf,10,1.95,2.18,0.753097414970398,0.7554282546043396,1.003095004162288,0.003095004241913557,0.003095004241913557,0.3095004241913557
Pythia_plus,257,MUR1.0_MUF1.0_PDF26428,pdf,11,2.18,2.5,0.7340506911277771,0.7308311462402344,0.9956140019668175,-0.004385998006910086,0.004385998006910086,-0.43859980069100857
Pythia_plus,258,MUR1.0_MUF1.0_PDF26429,pdf,1,0.0,0.21,0.7990407943725586,0.8004849553108215,1.0018073682200381,0.0018073682440444827,0.0018073682440444827,0.18073682440444827
Pythia_plus,258,MUR1.0_MUF1.0_PDF26429,pdf,2,0.21,0.42,0.7416394948959351,0.7434138655662537,1.0023924975443326,0.0023924976121634245,0.0023924976121634245,0.23924976121634245
Pythia_plus,258,MUR1.0_MUF1.0_PDF26429,pdf,3,0.42,0.63,0.74241703748703,0.7443339228630066,1.0025819522979496,0.0025819523725658655,0.0025819523725658655,0.25819523725658655
Pythia_plus,258,MUR1.0_MUF1.0_PDF26429,pdf,4,0.63,0.84,0.716408371925354,0.7166487574577332,1.000335542606423,0.0003355426015332341,0.0003355426015332341,0.03355426015332341
Pythia_plus,258,MUR1.0_MUF1.0_PDF26429,pdf,5,0.84,1.05,0.7636825442314148,0.7658821940422058,1.0028803196137013,0.002880319720134139,0.002880319720134139,0.2880319720134139
Pythia_plus,258,MUR1.0_MUF1.0_PDF26429,pdf,6,1.05,1.37,0.7446764707565308,0.7448650598526001,1.0002532497043686,0.00025324971647933125,0.00025324971647933125,0.025324971647933125
Pythia_plus,258,MUR1.0_MUF1.0_PDF26429,pdf,7,1.37,1.52,0.7529962062835693,0.7545738220214844,1.002095117777155,0.002095117699354887,0.002095117699354887,0.2095117699354887
Pythia_plus,258,MUR1.0_MUF1.0_PDF26429,pdf,8,1.52,1.74,0.7522943019866943,0.7529424428939819,1.0008615523280928,0.0008615523111075163,0.0008615523111075163,0.08615523111075163
Pythia_plus,258,MUR1.0_MUF1.0_PDF26429,pdf,9,1.74,1.95,0.738723874092102,0.7415894269943237,1.0038790582012034,0.003879058174788952,0.003879058174788952,0.3879058174788952
Pythia_plus,258,MUR1.0_MUF1.0_PDF26429,pdf,10,1.95,2.18,0.753097414970398,0.7551645040512085,1.0027447831312657,0.00274478318169713,0.00274478318169713,0.274478318169713
Pythia_plus,258,MUR1.0_MUF1.0_PDF26429,pdf,11,2.18,2.5,0.7340506911277771,0.7311105728149414,0.9959946658338833,-0.004005334340035915,0.004005334340035915,-0.40053343400359154
Pythia_plus,259,MUR2.0_MUF1.0_PDF13300,scale,1,0.0,0.21,0.7990407943725586,0.7988032102584839,0.9997026633486701,-0.0002973366645164788,0.0002973366645164788,-0.029733666451647878
Pythia_plus,259,MUR2.0_MUF1.0_PDF13300,scale,2,0.21,0.42,0.7416394948959351,0.7413469552993774,0.9996055501378083,-0.0003944498603232205,0.0003944498603232205,-0.03944498603232205
Pythia_plus,259,MUR2.0_MUF1.0_PDF13300,scale,3,0.42,0.63,0.74241703748703,0.7421905398368835,0.9996949185717597,-0.00030508142663165927,0.00030508142663165927,-0.030508142663165927
Pythia_plus,259,MUR2.0_MUF1.0_PDF13300,scale,4,0.63,0.84,0.716408371925354,0.7162109613418579,0.9997244440583999,-0.0002755559398792684,0.0002755559398792684,-0.02755559398792684
Pythia_plus,259,MUR2.0_MUF1.0_PDF13300,scale,5,0.84,1.05,0.7636825442314148,0.7633656859397888,0.9995850916142848,-0.00041490839794278145,0.00041490839794278145,-0.041490839794278145
Pythia_plus,259,MUR2.0_MUF1.0_PDF13300,scale,6,1.05,1.37,0.7446764707565308,0.7445217967033386,0.999792293621101,-0.00020770638366229832,0.00020770638366229832,-0.020770638366229832
Pythia_plus,259,MUR2.0_MUF1.0_PDF13300,scale,7,1.37,1.52,0.7529962062835693,0.7527369856834412,0.9996557478006329,-0.00034425221383571625,0.00034425221383571625,-0.034425221383571625
Pythia_plus,259,MUR2.0_MUF1.0_PDF13300,scale,8,1.52,1.74,0.7522943019866943,0.7520620226860046,0.9996912387876975,-0.00030876119853928685,0.00030876119853928685,-0.030876119853928685
Pythia_plus,259,MUR2.0_MUF1.0_PDF13300,scale,9,1.74,1.95,0.738723874092102,0.7385755777359009,0.9997992533321284,-0.00020074666826985776,0.00020074666826985776,-0.020074666826985776
Pythia_plus,259,MUR2.0_MUF1.0_PDF13300,scale,10,1.95,2.18,0.753097414970398,0.7530291676521301,0.9999093778349106,-9.06221684999764e-05,9.06221684999764e-05,-0.00906221684999764
Pythia_plus,259,MUR2.0_MUF1.0_PDF13300,scale,11,2.18,2.5,0.7340506911277771,0.7338966727256775,0.9997901801551838,-0.0002098198456224054,0.0002098198456224054,-0.02098198456224054
Pythia_plus,260,MUR1.0_MUF1.0_PDF26430,pdf,1,0.0,0.21,0.7990407943725586,0.7996091842651367,1.0007113402677075,0.0007113402825780213,0.0007113402825780213,0.07113402825780213
Pythia_plus,260,MUR1.0_MUF1.0_PDF26430,pdf,2,0.21,0.42,0.7416394948959351,0.7424139380455017,1.0010442312672079,0.0010442312341183424,0.0010442312341183424,0.10442312341183424
Pythia_plus,260,MUR1.0_MUF1.0_PDF26430,pdf,3,0.42,0.63,0.74241703748703,0.7435243129730225,1.0014914467611633,0.0014914467465132475,0.0014914467465132475,0.14914467465132475
Pythia_plus,260,MUR1.0_MUF1.0_PDF26430,pdf,4,0.63,0.84,0.716408371925354,0.7156656980514526,0.9989633372486904,-0.0010366627248004079,0.0010366627248004079,-0.10366627248004079
Pythia_plus,260,MUR1.0_MUF1.0_PDF26430,pdf,5,0.84,1.05,0.7636825442314148,0.7647892236709595,1.0014491354397244,0.0014491354813799262,0.0014491354813799262,0.14491354813799262
Pythia_plus,260,MUR1.0_MUF1.0_PDF26430,pdf,6,1.05,1.37,0.7446764707565308,0.7443050742149353,0.999501264567661,-0.0004987354041077197,0.0004987354041077197,-0.049873540410771966
Pythia_plus,260,MUR1.0_MUF1.0_PDF26430,pdf,7,1.37,1.52,0.7529962062835693,0.7532312870025635,1.000312193762774,0.00031219376251101494,0.00031219376251101494,0.031219376251101494
Pythia_plus,260,MUR1.0_MUF1.0_PDF26430,pdf,8,1.52,1.74,0.7522943019866943,0.752738893032074,1.0005909802110764,0.0005909802275709808,0.0005909802275709808,0.05909802275709808
Pythia_plus,260,MUR1.0_MUF1.0_PDF26430,pdf,9,1.74,1.95,0.738723874092102,0.7417111992835999,1.0040438996169838,0.004043899476528168,0.004043899476528168,0.4043899476528168
Pythia_plus,260,MUR1.0_MUF1.0_PDF26430,pdf,10,1.95,2.18,0.753097414970398,0.7554274797439575,1.0030939752643437,0.0030939753632992506,0.0030939753632992506,0.30939753632992506
Pythia_plus,260,MUR1.0_MUF1.0_PDF26430,pdf,11,2.18,2.5,0.7340506911277771,0.7305200695991516,0.9951902210960375,-0.004809779115021229,0.004809779115021229,-0.4809779115021229
Pythia_plus,261,MUR1.0_MUF1.0_PDF26431,pdf,1,0.0,0.21,0.7990407943725586,0.8002235293388367,1.0014801934702304,0.0014801934594288468,0.0014801934594288468,0.14801934594288468
Pythia_plus,261,MUR1.0_MUF1.0_PDF26431,pdf,2,0.21,0.42,0.7416394948959351,0.7431286573410034,1.002007933039323,0.0020079331006854773,0.0020079331006854773,0.20079331006854773
Pythia_plus,261,MUR1.0_MUF1.0_PDF26431,pdf,3,0.42,0.63,0.74241703748703,0.7441175580024719,1.0022905192493936,0.0022905191872268915,0.0022905191872268915,0.22905191872268915
Pythia_plus,261,MUR1.0_MUF1.0_PDF26431,pdf,4,0.63,0.84,0.716408371925354,0.7162997126579285,0.9998483277531591,-0.00015167224046308547,0.00015167224046308547,-0.015167224046308547
Pythia_plus,261,MUR1.0_MUF1.0_PDF26431,pdf,5,0.84,1.05,0.7636825442314148,0.7656043171882629,1.0025164552618946,0.0025164552498608828,0.0025164552498608828,0.2516455249860883
Pythia_plus,261,MUR1.0_MUF1.0_PDF26431,pdf,6,1.05,1.37,0.7446764707565308,0.7446596026420593,0.999977348398756,-2.2651600374956615e-05,2.2651600374956615e-05,-0.0022651600374956615
Pythia_plus,261,MUR1.0_MUF1.0_PDF26431,pdf,7,1.37,1.52,0.7529962062835693,0.7541845440864563,1.0015781458033528,0.001578145776875317,0.001578145776875317,0.1578145776875317
Pythia_plus,261,MUR1.0_MUF1.0_PDF26431,pdf,8,1.52,1.74,0.7522943019866943,0.7528955340385437,1.0007991979339224,0.0007991979364305735,0.0007991979364305735,0.07991979364305735
Pythia_plus,261,MUR1.0_MUF1.0_PDF26431,pdf,9,1.74,1.95,0.738723874092102,0.7418155670166016,1.0041851807325155,0.0041851806454360485,0.0041851806454360485,0.41851806454360485
Pythia_plus,261,MUR1.0_MUF1.0_PDF26431,pdf,10,1.95,2.18,0.753097414970398,0.7553708553314209,1.003018786568418,0.0030187866650521755,0.0030187866650521755,0.30187866650521755
Pythia_plus,261,MUR1.0_MUF1.0_PDF26431,pdf,11,2.18,2.5,0.7340506911277771,0.7306904196739197,0.9954222896395687,-0.004577710293233395,0.004577710293233395,-0.45777102932333946
Pythia_plus,262,MUR1.0_MUF1.0_PDF26432,pdf,1,0.0,0.21,0.7990407943725586,0.7998051643371582,1.0009566094371938,0.0009566094377078116,0.0009566094377078116,0.09566094377078116
Pythia_plus,262,MUR1.0_MUF1.0_PDF26432,pdf,2,0.21,0.42,0.7416394948959351,0.7426286339759827,1.0013337195320031,0.0013337195850908756,0.0013337195850908756,0.13337195850908756
Pythia_plus,262,MUR1.0_MUF1.0_PDF26432,pdf,3,0.42,0.63,0.74241703748703,0.7436721920967102,1.0016906328199695,0.0016906327800825238,0.0016906327800825238,0.16906327800825238
Pythia_plus,262,MUR1.0_MUF1.0_PDF26432,pdf,4,0.63,0.84,0.716408371925354,0.7159677743911743,0.9993849910868635,-0.0006150089320726693,0.0006150089320726693,-0.06150089320726693
Pythia_plus,262,MUR1.0_MUF1.0_PDF26432,pdf,5,0.84,1.05,0.7636825442314148,0.7650030255317688,1.0017290971364063,0.001729097100906074,0.001729097100906074,0.1729097100906074
Pythia_plus,262,MUR1.0_MUF1.0_PDF26432,pdf,6,1.05,1.37,0.7446764707565308,0.7444864511489868,0.9997448293117803,-0.0002551706857047975,0.0002551706857047975,-0.02551706857047975
Pythia_plus,262,MUR1.0_MUF1.0_PDF26432,pdf,7,1.37,1.52,0.7529962062835693,0.7535945773124695,1.0007946534443426,0.0007946534315124154,0.0007946534315124154,0.07946534315124154
Pythia_plus,262,MUR1.0_MUF1.0_PDF26432,pdf,8,1.52,1.74,0.7522943019866943,0.7527846097946167,1.000651749995484,0.0006517500150948763,0.0006517500150948763,0.06517500150948763
Pythia_plus,262,MUR1.0_MUF1.0_PDF26432,pdf,9,1.74,1.95,0.738723874092102,0.741502583026886,1.0037614987578396,0.003761498723179102,0.003761498723179102,0.3761498723179102
Pythia_plus,262,MUR1.0_MUF1.0_PDF26432,pdf,10,1.95,2.18,0.753097414970398,0.7552490830421448,1.0028570912991799,0.0028570913709700108,0.0028570913709700108,0.2857091370970011
Pythia_plus,262,MUR1.0_MUF1.0_PDF26432,pdf,11,2.18,2.5,0.7340506911277771,0.7309589982032776,0.9957881751739114,-0.004211824852973223,0.004211824852973223,-0.4211824852973223
Pythia_plus,263,MUR1.0_MUF1.0_PDF26433,pdf,1,0.0,0.21,0.7990407943725586,0.7999605536460876,1.001151079244022,0.0011510791955515742,0.0011510791955515742,0.11510791955515742
Pythia_plus,263,MUR1.0_MUF1.0_PDF26433,pdf,2,0.21,0.42,0.7416394948959351,0.7428067922592163,1.001573941748403,0.0015739417867735028,0.0015739417867735028,0.15739417867735028
Pythia_plus,263,MUR1.0_MUF1.0_PDF26433,pdf,3,0.42,0.63,0.74241703748703,0.7438183426856995,1.001887490625771,0.0018874906236305833,0.0018874906236305833,0.18874906236305833
Pythia_plus,263,MUR1.0_MUF1.0_PDF26433,pdf,4,0.63,0.84,0.716408371925354,0.7161553502082825,0.9996468191509382,-0.00035318086156621575,0.00035318086156621575,-0.035318086156621575
Pythia_plus,263,MUR1.0_MUF1.0_PDF26433,pdf,5,0.84,1.05,0.7636825442314148,0.7652238607406616,1.0020182686129064,0.002018268685787916,0.002018268685787916,0.20182686857879162
Pythia_plus,263,MUR1.0_MUF1.0_PDF26433,pdf,6,1.05,1.37,0.7446764707565308,0.744610071182251,0.999910834332912,-8.916566730476916e-05,8.916566730476916e-05,-0.008916566730476916
Pythia_plus,263,MUR1.0_MUF1.0_PDF26433,pdf,7,1.37,1.52,0.7529962062835693,0.7538831233978271,1.001177850707423,0.0011778507614508271,0.0011778507614508271,0.11778507614508271
Pythia_plus,263,MUR1.0_MUF1.0_PDF26433,pdf,8,1.52,1.74,0.7522943019866943,0.7528635859489441,1.0007567303922764,0.0007567303837276995,0.0007567303837276995,0.07567303837276995
Pythia_plus,263,MUR1.0_MUF1.0_PDF26433,pdf,9,1.74,1.95,0.738723874092102,0.7415351271629333,1.0038055532918662,0.0038055533077567816,0.0038055533077567816,0.38055533077567816
Pythia_plus,263,MUR1.0_MUF1.0_PDF26433,pdf,10,1.95,2.18,0.753097414970398,0.7552454471588135,1.0028522633934416,0.002852263394743204,0.002852263394743204,0.2852263394743204
Pythia_plus,263,MUR1.0_MUF1.0_PDF26433,pdf,11,2.18,2.5,0.7340506911277771,0.7310938239097595,0.9959718487377558,-0.004028151277452707,0.004028151277452707,-0.40281512774527073
Pythia_plus,264,MUR1.0_MUF1.0_PDF26434,pdf,1,0.0,0.21,0.7990407943725586,0.8001631498336792,1.0014046284858358,0.001404628506861627,0.001404628506861627,0.1404628506861627
Pythia_plus,264,MUR1.0_MUF1.0_PDF26434,pdf,2,0.21,0.42,0.7416394948959351,0.7430674433708191,1.0019253943252906,0.001925394288264215,0.001925394288264215,0.1925394288264215
Pythia_plus,264,MUR1.0_MUF1.0_PDF26434,pdf,3,0.42,0.63,0.74241703748703,0.744084894657135,1.002246523296058,0.0022465232759714127,0.0022465232759714127,0.22465232759714127
Pythia_plus,264,MUR1.0_MUF1.0_PDF26434,pdf,4,0.63,0.84,0.716408371925354,0.7161535024642944,0.9996442399739487,-0.00035576001391746104,0.00035576001391746104,-0.035576001391746104
Pythia_plus,264,MUR1.0_MUF1.0_PDF26434,pdf,5,0.84,1.05,0.7636825442314148,0.7655242085456848,1.002411557430743,0.002411557361483574,0.002411557361483574,0.2411557361483574
Pythia_plus,264,MUR1.0_MUF1.0_PDF26434,pdf,6,1.05,1.37,0.7446764707565308,0.7445520162582397,0.9998328744049553,-0.00016712558863218874,0.00016712558863218874,-0.016712558863218874
Pythia_plus,264,MUR1.0_MUF1.0_PDF26434,pdf,7,1.37,1.52,0.7529962062835693,0.7539989948272705,1.00133173120307,0.0013317312113940716,0.0013317312113940716,0.13317312113940716
Pythia_plus,264,MUR1.0_MUF1.0_PDF26434,pdf,8,1.52,1.74,0.7522943019866943,0.7528369426727295,1.0007213143640754,0.0007213143398985267,0.0007213143398985267,0.07213143398985267
Pythia_plus,264,MUR1.0_MUF1.0_PDF26434,pdf,9,1.74,1.95,0.738723874092102,0.7419207692146301,1.004327591451484,0.004327591508626938,0.004327591508626938,0.4327591508626938
Pythia_plus,264,MUR1.0_MUF1.0_PDF26434,pdf,10,1.95,2.18,0.753097414970398,0.7554552555084229,1.003130857298345,0.003130857367068529,0.003130857367068529,0.3130857367068529
Pythia_plus,264,MUR1.0_MUF1.0_PDF26434,pdf,11,2.18,2.5,0.7340506911277771,0.7303896546363831,0.9950125563048386,-0.004987443797290325,0.004987443797290325,-0.4987443797290325
Pythia_plus,265,MUR1.0_MUF1.0_PDF26435,pdf,1,0.0,0.21,0.7990407943725586,0.8000885844230652,1.001311309832847,0.0013113098684698343,0.0013113098684698343,0.13113098684698343
Pythia_plus,265,MUR1.0_MUF1.0_PDF26435,pdf,2,0.21,0.42,0.7416394948959351,0.742971658706665,1.001796241731863,0.0017962417332455516,0.0017962417332455516,0.17962417332455516
Pythia_plus,265,MUR1.0_MUF1.0_PDF26435,pdf,3,0.42,0.63,0.74241703748703,0.7439574003219604,1.0020747945657933,0.0020747946109622717,0.0020747946109622717,0.20747946109622717
Pythia_plus,265,MUR1.0_MUF1.0_PDF26435,pdf,4,0.63,0.84,0.716408371925354,0.7162816524505615,0.999823118378067,-0.00017688162915874273,0.00017688162915874273,-0.017688162915874273
Pythia_plus,265,MUR1.0_MUF1.0_PDF26435,pdf,5,0.84,1.05,0.7636825442314148,0.765531063079834,1.002420533063617,0.0024205329827964306,0.0024205329827964306,0.24205329827964306
Pythia_plus,265,MUR1.0_MUF1.0_PDF26435,pdf,6,1.05,1.37,0.7446764707565308,0.7446507215499878,0.9999654222906804,-3.4577707992866635e-05,3.4577707992866635e-05,-0.0034577707992866635
Pythia_plus,265,MUR1.0_MUF1.0_PDF26435,pdf,7,1.37,1.52,0.7529962062835693,0.7541764974594116,1.0015674596578217,0.0015674596652388573,0.0015674596652388573,0.15674596652388573
Pythia_plus,265,MUR1.0_MUF1.0_PDF26435,pdf,8,1.52,1.74,0.7522943019866943,0.7529448866844177,1.0008648007781067,0.0008648007642477751,0.0008648007642477751,0.08648007642477751
Pythia_plus,265,MUR1.0_MUF1.0_PDF26435,pdf,9,1.74,1.95,0.738723874092102,0.7418815493583679,1.0042745000899649,0.004274500068277121,0.004274500068277121,0.42745000682771206
Pythia_plus,265,MUR1.0_MUF1.0_PDF26435,pdf,10,1.95,2.18,0.753097414970398,0.7552913427352905,1.002913205810139,0.00291320588439703,0.00291320588439703,0.291320588439703
Pythia_plus,265,MUR1.0_MUF1.0_PDF26435,pdf,11,2.18,2.5,0.7340506911277771,0.7305217981338501,0.9951925758853175,-0.0048074242658913136,0.0048074242658913136,-0.48074242658913136
Pythia_plus,266,MUR1.0_MUF1.0_PDF26436,pdf,1,0.0,0.21,0.7990407943725586,0.7999879121780396,1.001185318462025,0.0011853184551000595,0.0011853184551000595,0.11853184551000595
Pythia_plus,266,MUR1.0_MUF1.0_PDF26436,pdf,2,0.21,0.42,0.7416394948959351,0.7428464293479919,1.0016273869721923,0.0016273870132863522,0.0016273870132863522,0.16273870132863522
Pythia_plus,266,MUR1.0_MUF1.0_PDF26436,pdf,3,0.42,0.63,0.74241703748703,0.7438831329345703,1.001974759971165,0.0019747598562389612,0.0019747598562389612,0.19747598562389612
Pythia_plus,266,MUR1.0_MUF1.0_PDF26436,pdf,4,0.63,0.84,0.716408371925354,0.7160468101501465,0.9994953133026129,-0.0005046866717748344,0.0005046866717748344,-0.05046866717748344
Pythia_plus,266,MUR1.0_MUF1.0_PDF26436,pdf,5,0.84,1.05,0.7636825442314148,0.7651796936988831,1.0019604343176065,0.001960434252396226,0.001960434252396226,0.1960434252396226
Pythia_plus,266,MUR1.0_MUF1.0_PDF26436,pdf,6,1.05,1.37,0.7446764707565308,0.7445302605628967,0.9998036594422199,-0.00019634055206552148,0.00019634055206552148,-0.019634055206552148
Pythia_plus,266,MUR1.0_MUF1.0_PDF26436,pdf,7,1.37,1.52,0.7529962062835693,0.7537248730659485,1.0009676898453121,0.0009676898480392992,0.0009676898480392992,0.09676898480392992
Pythia_plus,266,MUR1.0_MUF1.0_PDF26436,pdf,8,1.52,1.74,0.7522943019866943,0.7527654767036438,1.0006263170087892,0.0006263169925659895,0.0006263169925659895,0.06263169925659895
Pythia_plus,266,MUR1.0_MUF1.0_PDF26436,pdf,9,1.74,1.95,0.738723874092102,0.74152010679245,1.0037852204300077,0.003785220440477133,0.003785220440477133,0.3785220440477133
Pythia_plus,266,MUR1.0_MUF1.0_PDF26436,pdf,10,1.95,2.18,0.753097414970398,0.7553390860557556,1.002976601752704,0.0029766017105430365,0.0029766017105430365,0.29766017105430365
Pythia_plus,266,MUR1.0_MUF1.0_PDF26436,pdf,11,2.18,2.5,0.7340506911277771,0.7310320734977722,0.9958877259207165,-0.004112273920327425,0.004112273920327425,-0.4112273920327425
Pythia_plus,267,MUR1.0_MUF1.0_PDF26437,pdf,1,0.0,0.21,0.7990407943725586,0.8001712560653687,1.0014147734393182,0.0014147734036669135,0.0014147734036669135,0.14147734036669135
Pythia_plus,267,MUR1.0_MUF1.0_PDF26437,pdf,2,0.21,0.42,0.7416394948959351,0.7430681586265564,1.0019263587503815,0.0019263587892055511,0.0019263587892055511,0.19263587892055511
Pythia_plus,267,MUR1.0_MUF1.0_PDF26437,pdf,3,0.42,0.63,0.74241703748703,0.7440496683120728,1.002199075105508,0.002199075184762478,0.002199075184762478,0.2199075184762478
Pythia_plus,267,MUR1.0_MUF1.0_PDF26437,pdf,4,0.63,0.84,0.716408371925354,0.7163221836090088,0.9998796938733231,-0.00012030612560920417,0.00012030612560920417,-0.012030612560920417
Pythia_plus,267,MUR1.0_MUF1.0_PDF26437,pdf,5,0.84,1.05,0.7636825442314148,0.7656022310256958,1.0025137235475416,0.002513723447918892,0.002513723447918892,0.2513723447918892
Pythia_plus,267,MUR1.0_MUF1.0_PDF26437,pdf,6,1.05,1.37,0.7446764707565308,0.7446790337562561,1.0000034417627333,3.4417628285154933e-06,3.4417628285154933e-06,0.00034417628285154933
Pythia_plus,267,MUR1.0_MUF1.0_PDF26437,pdf,7,1.37,1.52,0.7529962062835693,0.7542250156402588,1.0016318931575423,0.0016318931011483073,0.0016318931011483073,0.16318931011483073
Pythia_plus,267,MUR1.0_MUF1.0_PDF26437,pdf,8,1.52,1.74,0.7522943019866943,0.7529511451721191,1.0008731199793621,0.0008731199777685106,0.0008731199777685106,0.08731199777685106
Pythia_plus,267,MUR1.0_MUF1.0_PDF26437,pdf,9,1.74,1.95,0.738723874092102,0.7418674230575562,1.0042553775175027,0.004255377687513828,0.004255377687513828,0.42553776875138283
Pythia_plus,267,MUR1.0_MUF1.0_PDF26437,pdf,10,1.95,2.18,0.753097414970398,0.755318820476532,1.002949692114162,0.002949692076072097,0.002949692076072097,0.2949692076072097
Pythia_plus,267,MUR1.0_MUF1.0_PDF26437,pdf,11,2.18,2.5,0.7340506911277771,0.7305939793586731,0.9952909086376676,-0.004709091503173113,0.004709091503173113,-0.4709091503173113
Pythia_plus,268,MUR1.0_MUF1.0_PDF26438,pdf,1,0.0,0.21,0.7990407943725586,0.7999293804168701,1.0011120659302624,0.00111206597648561,0.00111206597648561,0.111206597648561
Pythia_plus,268,MUR1.0_MUF1.0_PDF26438,pdf,2,0.21,0.42,0.7416394948959351,0.7427745461463928,1.0015304622505534,0.0015304622938856483,0.0015304622938856483,0.15304622938856483
Pythia_plus,268,MUR1.0_MUF1.0_PDF26438,pdf,3,0.42,0.63,0.74241703748703,0.7438144087791443,1.00188219184307,0.0018821918638423085,0.0018821918638423085,0.18821918638423085
Pythia_plus,268,MUR1.0_MUF1.0_PDF26438,pdf,4,0.63,0.84,0.716408371925354,0.7160170674324036,0.9994537968730058,-0.0005462031112983823,0.0005462031112983823,-0.05462031112983823
Pythia_plus,268,MUR1.0_MUF1.0_PDF26438,pdf,5,0.84,1.05,0.7636825442314148,0.7651277184486389,1.0018923756057283,0.0018923756433650851,0.0018923756433650851,0.1892375643365085
Pythia_plus,268,MUR1.0_MUF1.0_PDF26438,pdf,6,1.05,1.37,0.7446764707565308,0.7445124983787537,0.9997798072260689,-0.00022019277093932033,0.00022019277093932033,-0.022019277093932033
Pythia_plus,268,MUR1.0_MUF1.0_PDF26438,pdf,7,1.37,1.52,0.7529962062835693,0.7536901831626892,1.0009216206845781,0.0009216206963174045,0.0009216206963174045,0.09216206963174045
Pythia_plus,268,MUR1.0_MUF1.0_PDF26438,pdf,8,1.52,1.74,0.7522943019866943,0.7527774572372437,1.0006422423369064,0.0006422423175536096,0.0006422423175536096,0.06422423175536096
Pythia_plus,268,MUR1.0_MUF1.0_PDF26438,pdf,9,1.74,1.95,0.738723874092102,0.7415404915809631,1.0038128150282442,0.003812815062701702,0.003812815062701702,0.3812815062701702
Pythia_plus,268,MUR1.0_MUF1.0_PDF26438,pdf,10,1.95,2.18,0.753097414970398,0.755333423614502,1.0029690828831113,0.002969082910567522,0.002969082910567522,0.2969082910567522
Pythia_plus,268,MUR1.0_MUF1.0_PDF26438,pdf,11,2.18,2.5,0.7340506911277771,0.7309986352920532,0.995842172928092,-0.004157827235758305,0.004157827235758305,-0.41578272357583046
Pythia_plus,269,MUR1.0_MUF1.0_PDF26439,pdf,1,0.0,0.21,0.7990407943725586,0.7995239496231079,1.0006046690656498,0.0006046690396033227,0.0006046690396033227,0.060466903960332274
Pythia_plus,269,MUR1.0_MUF1.0_PDF26439,pdf,2,0.21,0.42,0.7416394948959351,0.7422651052474976,1.0008435504795363,0.0008435504860244691,0.0008435504860244691,0.08435504860244691
Pythia_plus,269,MUR1.0_MUF1.0_PDF26439,pdf,3,0.42,0.63,0.74241703748703,0.7433843612670898,1.0013029385523453,0.0013029385590925813,0.0013029385590925813,0.13029385590925813
Pythia_plus,269,MUR1.0_MUF1.0_PDF26439,pdf,4,0.63,0.84,0.716408371925354,0.7156732082366943,0.9989738203551644,-0.0010261796414852142,0.0010261796414852142,-0.10261796414852142
Pythia_plus,269,MUR1.0_MUF1.0_PDF26439,pdf,5,0.84,1.05,0.7636825442314148,0.7637209296226501,1.0000502635440933,5.02635448356159e-05,5.02635448356159e-05,0.00502635448356159
Pythia_plus,269,MUR1.0_MUF1.0_PDF26439,pdf,6,1.05,1.37,0.7446764707565308,0.744318962097168,0.9995199141192153,-0.0004800858732778579,0.0004800858732778579,-0.04800858732778579
Pythia_plus,269,MUR1.0_MUF1.0_PDF26439,pdf,7,1.37,1.52,0.7529962062835693,0.7521881461143494,0.9989268735187815,-0.0010731264483183622,0.0010731264483183622,-0.10731264483183622
Pythia_plus,269,MUR1.0_MUF1.0_PDF26439,pdf,8,1.52,1.74,0.7522943019866943,0.7518381476402283,0.9993936490742235,-0.0006063509499654174,0.0006063509499654174,-0.06063509499654174
Pythia_plus,269,MUR1.0_MUF1.0_PDF26439,pdf,9,1.74,1.95,0.738723874092102,0.7388955354690552,1.0002323755640956,0.0002323755616089329,0.0002323755616089329,0.02323755616089329
Pythia_plus,269,MUR1.0_MUF1.0_PDF26439,pdf,10,1.95,2.18,0.753097414970398,0.7542984485626221,1.0015947918135815,0.0015947917709127069,0.0015947917709127069,0.15947917709127069
Pythia_plus,269,MUR1.0_MUF1.0_PDF26439,pdf,11,2.18,2.5,0.7340506911277771,0.733705997467041,0.9995304225377044,-0.0004695774696301669,0.0004695774696301669,-0.04695774696301669
Pythia_plus,270,MUR2.0_MUF2.0_PDF13300,scale,1,0.0,0.21,0.7990407943725586,0.8010258674621582,1.00248432007925,0.0024843199644237757,0.0024843199644237757,0.24843199644237757
Pythia_plus,270,MUR2.0_MUF2.0_PDF13300,scale,2,0.21,0.42,0.7416394948959351,0.7436818480491638,1.0027538354784022,0.002753835404291749,0.002753835404291749,0.2753835404291749
Pythia_plus,270,MUR2.0_MUF2.0_PDF13300,scale,3,0.42,0.63,0.74241703748703,0.7445113062858582,1.0028208792270137,0.0028208792209625244,0.0028208792209625244,0.28208792209625244
Pythia_plus,270,MUR2.0_MUF2.0_PDF13300,scale,4,0.63,0.84,0.716408371925354,0.7185841798782349,1.0030371057041578,0.003037105780094862,0.003037105780094862,0.3037105780094862
Pythia_plus,270,MUR2.0_MUF2.0_PDF13300,scale,5,0.84,1.05,0.7636825442314148,0.7664215564727783,1.003586584847399,0.003586584934964776,0.003586584934964776,0.3586584934964776
Pythia_plus,270,MUR2.0_MUF2.0_PDF13300,scale,6,1.05,1.37,0.7446764707565308,0.7464262247085571,1.0023496834138572,0.002349683316424489,0.002349683316424489,0.2349683316424489
Pythia_plus,270,MUR2.0_MUF2.0_PDF13300,scale,7,1.37,1.52,0.7529962062835693,0.7559450268745422,1.0039161161322803,0.003916115965694189,0.003916115965694189,0.3916115965694189
Pythia_plus,270,MUR2.0_MUF2.0_PDF13300,scale,8,1.52,1.74,0.7522943019866943,0.7540958523750305,1.002394741504194,0.002394741401076317,0.002394741401076317,0.23947414010763168
Pythia_plus,270,MUR2.0_MUF2.0_PDF13300,scale,9,1.74,1.95,0.738723874092102,0.7397893667221069,1.0014423422165886,0.0014423421816900373,0.0014423421816900373,0.14423421816900373
Pythia_plus,270,MUR2.0_MUF2.0_PDF13300,scale,10,1.95,2.18,0.753097414970398,0.7538097500801086,1.000945873794745,0.0009458737913519144,0.0009458737913519144,0.09458737913519144
Pythia_plus,270,MUR2.0_MUF2.0_PDF13300,scale,11,2.18,2.5,0.7340506911277771,0.735588788986206,1.0020953564610993,0.0020953563507646322,0.0020953563507646322,0.20953563507646322
Pythia_plus,271,MUR1.0_MUF1.0_PDF26440,pdf,1,0.0,0.21,0.7990407943725586,0.8002868294715881,1.0015594136216888,0.0015594136202707887,0.0015594136202707887,0.15594136202707887
Pythia_plus,271,MUR1.0_MUF1.0_PDF26440,pdf,2,0.21,0.42,0.7416394948959351,0.7432461977005005,1.0021664202292664,0.0021664202213287354,0.0021664202213287354,0.21664202213287354
Pythia_plus,271,MUR1.0_MUF1.0_PDF26440,pdf,3,0.42,0.63,0.74241703748703,0.7442260384559631,1.0024366371966036,0.002436637179926038,0.002436637179926038,0.24366371799260378
Pythia_plus,271,MUR1.0_MUF1.0_PDF26440,pdf,4,0.63,0.84,0.716408371925354,0.7163273096084595,0.9998868490094879,-0.00011315099254716188,0.00011315099254716188,-0.011315099254716188
Pythia_plus,271,MUR1.0_MUF1.0_PDF26440,pdf,5,0.84,1.05,0.7636825442314148,0.7660927176475525,1.0031559886163999,0.0031559886410832405,0.0031559886410832405,0.31559886410832405
Pythia_plus,271,MUR1.0_MUF1.0_PDF26440,pdf,6,1.05,1.37,0.7446764707565308,0.7446691393852234,0.9999901549577632,-9.845041859080084e-06,9.845041859080084e-06,-0.0009845041859080084
Pythia_plus,271,MUR1.0_MUF1.0_PDF26440,pdf,7,1.37,1.52,0.7529962062835693,0.7545445561408997,1.0020562518700755,0.0020562519785016775,0.0020562519785016775,0.20562519785016775
Pythia_plus,271,MUR1.0_MUF1.0_PDF26440,pdf,8,1.52,1.74,0.7522943019866943,0.7530591487884521,1.0010166856238814,0.0010166856227442622,0.0010166856227442622,0.10166856227442622
Pythia_plus,271,MUR1.0_MUF1.0_PDF26440,pdf,9,1.74,1.95,0.738723874092102,0.7426199316978455,1.0052740377594154,0.005274037830531597,0.005274037830531597,0.5274037830531597
Pythia_plus,271,MUR1.0_MUF1.0_PDF26440,pdf,10,1.95,2.18,0.753097414970398,0.7552886605262756,1.0029096442403322,0.0029096442740410566,0.0029096442740410566,0.29096442740410566
Pythia_plus,271,MUR1.0_MUF1.0_PDF26440,pdf,11,2.18,2.5,0.7340506911277771,0.7287622094154358,0.9927954815978496,-0.007204518187791109,0.007204518187791109,-0.7204518187791109
Pythia_plus,272,MUR1.0_MUF1.0_PDF26441,pdf,1,0.0,0.21,0.7990407943725586,0.8005141615867615,1.0018439198906732,0.0018439198611304164,0.0018439198611304164,0.18439198611304164
Pythia_plus,272,MUR1.0_MUF1.0_PDF26441,pdf,2,0.21,0.42,0.7416394948959351,0.7434963583946228,1.0025037279048203,0.0025037277955561876,0.0025037277955561876,0.25037277955561876
Pythia_plus,272,MUR1.0_MUF1.0_PDF26441,pdf,3,0.42,0.63,0.74241703748703,0.7446364164352417,1.0029893965738232,0.002989396685734391,0.002989396685734391,0.2989396685734391
Pythia_plus,272,MUR1.0_MUF1.0_PDF26441,pdf,4,0.63,0.84,0.716408371925354,0.7156760096549988,0.9989777307202776,-0.0010222692508250475,0.0010222692508250475,-0.10222692508250475
Pythia_plus,272,MUR1.0_MUF1.0_PDF26441,pdf,5,0.84,1.05,0.7636825442314148,0.7648671865463257,1.0015512235075414,0.0015512234531342983,0.0015512234531342983,0.15512234531342983
Pythia_plus,272,MUR1.0_MUF1.0_PDF26441,pdf,6,1.05,1.37,0.7446764707565308,0.7442676424980164,0.9994509988235575,-0.0005490011535584927,0.0005490011535584927,-0.054900115355849266
Pythia_plus,272,MUR1.0_MUF1.0_PDF26441,pdf,7,1.37,1.52,0.7529962062835693,0.7529828548431396,0.9999822689140818,-1.7731086700223386e-05,1.7731086700223386e-05,-0.0017731086700223386
Pythia_plus,272,MUR1.0_MUF1.0_PDF26441,pdf,8,1.52,1.74,0.7522943019866943,0.7520541548728943,0.9996807803632622,-0.00031921963091008365,0.00031921963091008365,-0.031921963091008365
Pythia_plus,272,MUR1.0_MUF1.0_PDF26441,pdf,9,1.74,1.95,0.738723874092102,0.7404983639717102,1.0024021017078797,0.002402101643383503,0.002402101643383503,0.2402101643383503
Pythia_plus,272,MUR1.0_MUF1.0_PDF26441,pdf,10,1.95,2.18,0.753097414970398,0.7560571432113647,1.0039300735630372,0.003930073697119951,0.003930073697119951,0.3930073697119951
Pythia_plus,272,MUR1.0_MUF1.0_PDF26441,pdf,11,2.18,2.5,0.7340506911277771,0.7331048250198364,0.9987114430660265,-0.0012885569594800472,0.0012885569594800472,-0.12885569594800472
Pythia_plus,273,MUR1.0_MUF1.0_PDF26442,pdf,1,0.0,0.21,0.7990407943725586,0.7998679280281067,1.0010351582314363,0.0010351582895964384,0.0010351582895964384,0.10351582895964384
Pythia_plus,273,MUR1.0_MUF1.0_PDF26442,pdf,2,0.21,0.42,0.7416394948959351,0.7427148222923279,1.0014499327554605,0.0014499328099191189,0.0014499328099191189,0.1449932809919119
Pythia_plus,273,MUR1.0_MUF1.0_PDF26442,pdf,3,0.42,0.63,0.74241703748703,0.7437418699264526,1.0017844855014466,0.0017844855319708586,0.0017844855319708586,0.17844855319708586
Pythia_plus,273,MUR1.0_MUF1.0_PDF26442,pdf,4,0.63,0.84,0.716408371925354,0.716060996055603,0.9995151147259524,-0.00048488526954315603,0.00048488526954315603,-0.0484885269543156
Pythia_plus,273,MUR1.0_MUF1.0_PDF26442,pdf,5,0.84,1.05,0.7636825442314148,0.7652705907821655,1.0020794590144115,0.0020794589072465897,0.0020794589072465897,0.20794589072465897
Pythia_plus,273,MUR1.0_MUF1.0_PDF26442,pdf,6,1.05,1.37,0.7446764707565308,0.7444945573806763,0.9997557148869365,-0.0002442851255182177,0.0002442851255182177,-0.02442851255182177
Pythia_plus,273,MUR1.0_MUF1.0_PDF26442,pdf,7,1.37,1.52,0.7529962062835693,0.7536858916282654,1.0009159214069616,0.0009159214096143842,0.0009159214096143842,0.09159214096143842
Pythia_plus,273,MUR1.0_MUF1.0_PDF26442,pdf,8,1.52,1.74,0.7522943019866943,0.752717137336731,1.0005620610829034,0.0005620610900223255,0.0005620610900223255,0.05620610900223255
Pythia_plus,273,MUR1.0_MUF1.0_PDF26442,pdf,9,1.74,1.95,0.738723874092102,0.7416403889656067,1.0039480446967943,0.0039480444975197315,0.0039480444975197315,0.39480444975197315
Pythia_plus,273,MUR1.0_MUF1.0_PDF26442,pdf,10,1.95,2.18,0.753097414970398,0.7548641562461853,1.0023459664588767,0.0023459664080291986,0.0023459664080291986,0.23459664080291986
Pythia_plus,273,MUR1.0_MUF1.0_PDF26442,pdf,11,2.18,2.5,0.7340506911277771,0.7298185229301453,0.9942345014468557,-0.005765498615801334,0.005765498615801334,-0.5765498615801334
Pythia_plus,274,MUR1.0_MUF1.0_PDF26443,pdf,1,0.0,0.21,0.7990407943725586,0.7999282479286194,1.0011106486205847,0.001110648619942367,0.001110648619942367,0.11106486199423671
Pythia_plus,274,MUR1.0_MUF1.0_PDF26443,pdf,2,0.21,0.42,0.7416394948959351,0.7427924275398254,1.0015545728778268,0.001554572838358581,0.001554572838358581,0.1554572838358581
Pythia_plus,274,MUR1.0_MUF1.0_PDF26443,pdf,3,0.42,0.63,0.74241703748703,0.7437371611595154,1.0017781430191228,0.0017781429924070835,0.0017781429924070835,0.17781429924070835
Pythia_plus,274,MUR1.0_MUF1.0_PDF26443,pdf,4,0.63,0.84,0.716408371925354,0.7164619565010071,1.0000747961326988,7.479613122995943e-05,7.479613122995943e-05,0.007479613122995943
Pythia_plus,274,MUR1.0_MUF1.0_PDF26443,pdf,5,0.84,1.05,0.7636825442314148,0.7654411196708679,1.002302757150516,0.002302757231518626,0.002302757231518626,0.23027572315186262
Pythia_plus,274,MUR1.0_MUF1.0_PDF26443,pdf,6,1.05,1.37,0.7446764707565308,0.7447891235351562,1.0001512774782733,0.00015127747610677034,0.00015127747610677034,0.015127747610677034
Pythia_plus,274,MUR1.0_MUF1.0_PDF26443,pdf,7,1.37,1.52,0.7529962062835693,0.7543169260025024,1.001753952686497,0.0017539527034386992,0.0017539527034386992,0.17539527034386992
Pythia_plus,274,MUR1.0_MUF1.0_PDF26443,pdf,8,1.52,1.74,0.7522943019866943,0.7528865337371826,1.0007872341302124,0.0007872341084294021,0.0007872341084294021,0.07872341084294021
Pythia_plus,274,MUR1.0_MUF1.0_PDF26443,pdf,9,1.74,1.95,0.738723874092102,0.7414124011993408,1.0036394209007296,0.003639420960098505,0.003639420960098505,0.3639420960098505
Pythia_plus,274,MUR1.0_MUF1.0_PDF26443,pdf,10,1.95,2.18,0.753097414970398,0.7547079920768738,1.0021386039501132,0.0021386039443314075,0.0021386039443314075,0.21386039443314075
Pythia_plus,274,MUR1.0_MUF1.0_PDF26443,pdf,11,2.18,2.5,0.7340506911277771,0.7307832837104797,0.995548798663649,-0.004451201297342777,0.004451201297342777,-0.4451201297342777
Pythia_plus,275,MUR1.0_MUF1.0_PDF26444,pdf,1,0.0,0.21,0.7990407943725586,0.8004802465438843,1.0018014751955888,0.0018014751840382814,0.0018014751840382814,0.18014751840382814
Pythia_plus,275,MUR1.0_MUF1.0_PDF26444,pdf,2,0.21,0.42,0.7416394948959351,0.7434386610984802,1.002425930947485,0.002425930928438902,0.002425930928438902,0.2425930928438902
Pythia_plus,275,MUR1.0_MUF1.0_PDF26444,pdf,3,0.42,0.63,0.74241703748703,0.7447717785835266,1.0031717228694899,0.0031717228703200817,0.0031717228703200817,0.31717228703200817
Pythia_plus,275,MUR1.0_MUF1.0_PDF26444,pdf,4,0.63,0.84,0.716408371925354,0.7148321866989136,0.997799878828601,-0.002200121060013771,0.002200121060013771,-0.2200121060013771
Pythia_plus,275,MUR1.0_MUF1.0_PDF26444,pdf,5,0.84,1.05,0.7636825442314148,0.7651131749153137,1.0018733316542396,0.0018733316101133823,0.0018733316101133823,0.18733316101133823
Pythia_plus,275,MUR1.0_MUF1.0_PDF26444,pdf,6,1.05,1.37,0.7446764707565308,0.7437451481819153,0.9987493594719472,-0.0012506404891610146,0.0012506404891610146,-0.12506404891610146
Pythia_plus,275,MUR1.0_MUF1.0_PDF26444,pdf,7,1.37,1.52,0.7529962062835693,0.7524731755256653,0.9993054005404814,-0.0006945994682610035,0.0006945994682610035,-0.06945994682610035
Pythia_plus,275,MUR1.0_MUF1.0_PDF26444,pdf,8,1.52,1.74,0.7522943019866943,0.7525270581245422,1.0003093950562076,0.00030939505086280406,0.00030939505086280406,0.030939505086280406
Pythia_plus,275,MUR1.0_MUF1.0_PDF26444,pdf,9,1.74,1.95,0.738723874092102,0.7429390549659729,1.0057060303879461,0.005706030409783125,0.005706030409783125,0.5706030409783125
Pythia_plus,275,MUR1.0_MUF1.0_PDF26444,pdf,10,1.95,2.18,0.753097414970398,0.7577720284461975,1.0062071830056452,0.006207183003425598,0.006207183003425598,0.6207183003425598
Pythia_plus,275,MUR1.0_MUF1.0_PDF26444,pdf,11,2.18,2.5,0.7340506911277771,0.7301421761512756,0.9946754154396388,-0.005324584431946278,0.005324584431946278,-0.5324584431946278
Pythia_plus,276,MUR1.0_MUF1.0_PDF26445,pdf,1,0.0,0.21,0.7990407943725586,0.8000614047050476,1.0012772944005823,0.0012772943591699004,0.0012772943591699004,0.12772943591699004
Pythia_plus,276,MUR1.0_MUF1.0_PDF26445,pdf,2,0.21,0.42,0.7416394948959351,0.7429223656654358,1.0017297767693463,0.0017297767335548997,0.0017297767335548997,0.17297767335548997
Pythia_plus,276,MUR1.0_MUF1.0_PDF26445,pdf,3,0.42,0.63,0.74241703748703,0.7439808249473572,1.0021063464082403,0.002106346422806382,0.002106346422806382,0.21063464228063822
Pythia_plus,276,MUR1.0_MUF1.0_PDF26445,pdf,4,0.63,0.84,0.716408371925354,0.7159584760665894,0.9993720120026577,-0.0006279880180954933,0.0006279880180954933,-0.06279880180954933
Pythia_plus,276,MUR1.0_MUF1.0_PDF26445,pdf,5,0.84,1.05,0.7636825442314148,0.7652151584625244,1.0020068734616059,0.0020068734884262085,0.0020068734884262085,0.20068734884262085
Pythia_plus,276,MUR1.0_MUF1.0_PDF26445,pdf,6,1.05,1.37,0.7446764707565308,0.7444626092910767,0.9997128129142622,-0.00028718708199448884,0.00028718708199448884,-0.028718708199448884
Pythia_plus,276,MUR1.0_MUF1.0_PDF26445,pdf,7,1.37,1.52,0.7529962062835693,0.7536425590515137,1.000858374534361,0.0008583745220676064,0.0008583745220676064,0.08583745220676064
Pythia_plus,276,MUR1.0_MUF1.0_PDF26445,pdf,8,1.52,1.74,0.7522943019866943,0.7528148293495178,1.0006919198529736,0.000691919878590852,0.000691919878590852,0.0691919878590852
Pythia_plus,276,MUR1.0_MUF1.0_PDF26445,pdf,9,1.74,1.95,0.738723874092102,0.7417649030685425,1.0041165976667235,0.004116597585380077,0.004116597585380077,0.41165975853800774
Pythia_plus,276,MUR1.0_MUF1.0_PDF26445,pdf,10,1.95,2.18,0.753097414970398,0.7556459307670593,1.0033840453386254,0.003384045325219631,0.003384045325219631,0.3384045325219631
Pythia_plus,276,MUR1.0_MUF1.0_PDF26445,pdf,11,2.18,2.5,0.7340506911277771,0.7309247255325317,0.9957414853864619,-0.004258514381945133,0.004258514381945133,-0.4258514381945133
Pythia_plus,277,MUR1.0_MUF1.0_PDF26446,pdf,1,0.0,0.21,0.7990407943725586,0.799912691116333,1.001091179261328,0.0010911792051047087,0.0010911792051047087,0.10911792051047087
Pythia_plus,277,MUR1.0_MUF1.0_PDF26446,pdf,2,0.21,0.42,0.7416394948959351,0.7428195476531982,1.0015911406625246,0.0015911406371742487,0.0015911406371742487,0.15911406371742487
Pythia_plus,277,MUR1.0_MUF1.0_PDF26446,pdf,3,0.42,0.63,0.74241703748703,0.7437524199485779,1.0017986958732357,0.0017986958846449852,0.0017986958846449852,0.17986958846449852
Pythia_plus,277,MUR1.0_MUF1.0_PDF26446,pdf,4,0.63,0.84,0.716408371925354,0.7165565490722656,1.0002068333547156,0.00020683335606008768,0.00020683335606008768,0.020683335606008768
Pythia_plus,277,MUR1.0_MUF1.0_PDF26446,pdf,5,0.84,1.05,0.7636825442314148,0.7656651139259338,1.0025960652230363,0.002596065169200301,0.002596065169200301,0.2596065169200301
Pythia_plus,277,MUR1.0_MUF1.0_PDF26446,pdf,6,1.05,1.37,0.7446764707565308,0.7448853254318237,1.000280463642259,0.00028046363149769604,0.00028046363149769604,0.028046363149769604
Pythia_plus,277,MUR1.0_MUF1.0_PDF26446,pdf,7,1.37,1.52,0.7529962062835693,0.754681408405304,1.002237995500737,0.0022379953879863024,0.0022379953879863024,0.22379953879863024
Pythia_plus,277,MUR1.0_MUF1.0_PDF26446,pdf,8,1.52,1.74,0.7522943019866943,0.7529606223106384,1.0008857176269772,0.0008857176289893687,0.0008857176289893687,0.08857176289893687
Pythia_plus,277,MUR1.0_MUF1.0_PDF26446,pdf,9,1.74,1.95,0.738723874092102,0.7416685819625854,1.0039862091557585,0.003986209165304899,0.003986209165304899,0.3986209165304899
Pythia_plus,277,MUR1.0_MUF1.0_PDF26446,pdf,10,1.95,2.18,0.753097414970398,0.7546504139900208,1.0020621489182562,0.002062148880213499,0.002062148880213499,0.2062148880213499
Pythia_plus,277,MUR1.0_MUF1.0_PDF26446,pdf,11,2.18,2.5,0.7340506911277771,0.730344831943512,0.9949514941828179,-0.005048505961894989,0.005048505961894989,-0.5048505961894989
Pythia_plus,278,MUR1.0_MUF1.0_PDF26447,pdf,1,0.0,0.21,0.7990407943725586,0.7998113036155701,1.0009642927475517,0.0009642927325330675,0.0009642927325330675,0.09642927325330675
Pythia_plus,278,MUR1.0_MUF1.0_PDF26447,pdf,2,0.21,0.42,0.7416394948959351,0.7425196170806885,1.0011867250743933,0.0011867251014336944,0.0011867251014336944,0.11867251014336944
Pythia_plus,278,MUR1.0_MUF1.0_PDF26447,pdf,3,0.42,0.63,0.74241703748703,0.7435556054115295,1.0015335961690122,0.0015335961943492293,0.0015335961943492293,0.15335961943492293
Pythia_plus,278,MUR1.0_MUF1.0_PDF26447,pdf,4,0.63,0.84,0.716408371925354,0.7160861492156982,0.9995502248127143,-0.0004497751942835748,0.0004497751942835748,-0.04497751942835748
Pythia_plus,278,MUR1.0_MUF1.0_PDF26447,pdf,5,0.84,1.05,0.7636825442314148,0.7650726437568665,1.0018202583468117,0.00182025833055377,0.00182025833055377,0.182025833055377
Pythia_plus,278,MUR1.0_MUF1.0_PDF26447,pdf,6,1.05,1.37,0.7446764707565308,0.7445600032806396,0.9998435998981238,-0.00015640009951312095,0.00015640009951312095,-0.015640009951312095
Pythia_plus,278,MUR1.0_MUF1.0_PDF26447,pdf,7,1.37,1.52,0.7529962062835693,0.7538140416145325,1.001086108169123,0.0010861081536859274,0.0010861081536859274,0.10861081536859274
Pythia_plus,278,MUR1.0_MUF1.0_PDF26447,pdf,8,1.52,1.74,0.7522943019866943,0.7535314559936523,1.0016445080119454,0.0016445079818367958,0.0016445079818367958,0.16445079818367958
Pythia_plus,278,MUR1.0_MUF1.0_PDF26447,pdf,9,1.74,1.95,0.738723874092102,0.7424032092094421,1.0049806636097447,0.0049806637689471245,0.0049806637689471245,0.49806637689471245
Pythia_plus,278,MUR1.0_MUF1.0_PDF26447,pdf,10,1.95,2.18,0.753097414970398,0.7561644911766052,1.004072615501313,0.004072615411132574,0.004072615411132574,0.4072615411132574
Pythia_plus,278,MUR1.0_MUF1.0_PDF26447,pdf,11,2.18,2.5,0.7340506911277771,0.7314549684524536,0.9964638372980271,-0.0035361626651138067,0.0035361626651138067,-0.3536162665113807
Pythia_plus,279,MUR1.0_MUF1.0_PDF26448,pdf,1,0.0,0.21,0.7990407943725586,0.7999699711799622,1.0011628652929205,0.0011628653155639768,0.0011628653155639768,0.11628653155639768
Pythia_plus,279,MUR1.0_MUF1.0_PDF26448,pdf,2,0.21,0.42,0.7416394948959351,0.7429085373878479,1.0017111312175884,0.0017111311899498105,0.0017111311899498105,0.17111311899498105
Pythia_plus,279,MUR1.0_MUF1.0_PDF26448,pdf,3,0.42,0.63,0.74241703748703,0.7439830303192139,1.0021093169379363,0.0021093168761581182,0.0021093168761581182,0.21093168761581182
Pythia_plus,279,MUR1.0_MUF1.0_PDF26448,pdf,4,0.63,0.84,0.716408371925354,0.7159608006477356,0.9993752567737092,-0.0006247432320378721,0.0006247432320378721,-0.06247432320378721
Pythia_plus,279,MUR1.0_MUF1.0_PDF26448,pdf,5,0.84,1.05,0.7636825442314148,0.7652775049209595,1.0020885126962669,0.002088512759655714,0.002088512759655714,0.2088512759655714
Pythia_plus,279,MUR1.0_MUF1.0_PDF26448,pdf,6,1.05,1.37,0.7446764707565308,0.7445551753044128,0.9998371165776264,-0.00016288342885673046,0.00016288342885673046,-0.016288342885673046
Pythia_plus,279,MUR1.0_MUF1.0_PDF26448,pdf,7,1.37,1.52,0.7529962062835693,0.7539016604423523,1.001202468420461,0.001202468411065638,0.001202468411065638,0.1202468411065638
Pythia_plus,279,MUR1.0_MUF1.0_PDF26448,pdf,8,1.52,1.74,0.7522943019866943,0.7525802850723267,1.0003801478821215,0.00038014788879081607,0.00038014788879081607,0.03801478887908161
Pythia_plus,279,MUR1.0_MUF1.0_PDF26448,pdf,9,1.74,1.95,0.738723874092102,0.7415141463279724,1.0037771518340322,0.0037771519273519516,0.0037771519273519516,0.37771519273519516
Pythia_plus,279,MUR1.0_MUF1.0_PDF26448,pdf,10,1.95,2.18,0.753097414970398,0.7553209066390991,1.002952462224012,0.0029524622950702906,0.0029524622950702906,0.29524622950702906
Pythia_plus,279,MUR1.0_MUF1.0_PDF26448,pdf,11,2.18,2.5,0.7340506911277771,0.7307993769645691,0.9955707225638426,-0.004429277498275042,0.004429277498275042,-0.44292774982750416
Pythia_plus,280,MUR1.0_MUF1.0_PDF26449,pdf,1,0.0,0.21,0.7990407943725586,0.8004723787307739,1.001791628623091,0.0017916286597028375,0.0017916286597028375,0.17916286597028375
Pythia_plus,280,MUR1.0_MUF1.0_PDF26449,pdf,2,0.21,0.42,0.7416394948959351,0.7434552311897278,1.0024482734620916,0.0024482733570039272,0.0024482733570039272,0.24482733570039272
Pythia_plus,280,MUR1.0_MUF1.0_PDF26449,pdf,3,0.42,0.63,0.74241703748703,0.7445802688598633,1.0029137684934541,0.0029137684032320976,0.0029137684032320976,0.29137684032320976
Pythia_plus,280,MUR1.0_MUF1.0_PDF26449,pdf,4,0.63,0.84,0.716408371925354,0.7155565023422241,0.9988109162085299,-0.0011890837922692299,0.0011890837922692299,-0.11890837922692299
Pythia_plus,280,MUR1.0_MUF1.0_PDF26449,pdf,5,0.84,1.05,0.7636825442314148,0.7650822997093201,1.0018329022818167,0.0018329023150727153,0.0018329023150727153,0.18329023150727153
Pythia_plus,280,MUR1.0_MUF1.0_PDF26449,pdf,6,1.05,1.37,0.7446764707565308,0.7439022064208984,0.998960267490598,-0.0010397324804216623,0.0010397324804216623,-0.10397324804216623
Pythia_plus,280,MUR1.0_MUF1.0_PDF26449,pdf,7,1.37,1.52,0.7529962062835693,0.7522121071815491,0.9989586944854739,-0.0010413054842501879,0.0010413054842501879,-0.10413054842501879
Pythia_plus,280,MUR1.0_MUF1.0_PDF26449,pdf,8,1.52,1.74,0.7522943019866943,0.7515139579772949,0.9989627144492007,-0.001037285546772182,0.001037285546772182,-0.1037285546772182
Pythia_plus,280,MUR1.0_MUF1.0_PDF26449,pdf,9,1.74,1.95,0.738723874092102,0.7405168414115906,1.002427114355404,0.0024271144066005945,0.0024271144066005945,0.24271144066005945
Pythia_plus,280,MUR1.0_MUF1.0_PDF26449,pdf,10,1.95,2.18,0.753097414970398,0.7547788023948669,1.0022326293930184,0.0022326293401420116,0.0022326293401420116,0.22326293401420116
Pythia_plus,280,MUR1.0_MUF1.0_PDF26449,pdf,11,2.18,2.5,0.7340506911277771,0.7296173572540283,0.9939604526944351,-0.0060395472683012486,0.0060395472683012486,-0.6039547268301249
Pythia_plus,282,MUR1.0_MUF1.0_PDF26450,pdf,1,0.0,0.21,0.7990407943725586,0.7993810176849365,1.0004257896652762,0.0004257896507624537,0.0004257896507624537,0.04257896507624537
Pythia_plus,282,MUR1.0_MUF1.0_PDF26450,pdf,2,0.21,0.42,0.7416394948959351,0.7419575452804565,1.000428847690435,0.00042884767754003406,0.00042884767754003406,0.042884767754003406
Pythia_plus,282,MUR1.0_MUF1.0_PDF26450,pdf,3,0.42,0.63,0.74241703748703,0.7430346608161926,1.0008319088840596,0.0008319088956341147,0.0008319088956341147,0.08319088956341147
Pythia_plus,282,MUR1.0_MUF1.0_PDF26450,pdf,4,0.63,0.84,0.716408371925354,0.716042697429657,0.9994895725538295,-0.000510427460540086,0.000510427460540086,-0.0510427460540086
Pythia_plus,282,MUR1.0_MUF1.0_PDF26450,pdf,5,0.84,1.05,0.7636825442314148,0.764710545539856,1.0013461107841293,0.0013461108319461346,0.0013461108319461346,0.13461108319461346
Pythia_plus,282,MUR1.0_MUF1.0_PDF26450,pdf,6,1.05,1.37,0.7446764707565308,0.7447059154510498,1.000039540250935,3.954024941776879e-05,3.954024941776879e-05,0.003954024941776879
Pythia_plus,282,MUR1.0_MUF1.0_PDF26450,pdf,7,1.37,1.52,0.7529962062835693,0.7552645802497864,1.003012464003521,0.003012463916093111,0.003012463916093111,0.3012463916093111
Pythia_plus,282,MUR1.0_MUF1.0_PDF26450,pdf,8,1.52,1.74,0.7522943019866943,0.7553175091743469,1.0040186495892216,0.004018649458885193,0.004018649458885193,0.4018649458885193
Pythia_plus,282,MUR1.0_MUF1.0_PDF26450,pdf,9,1.74,1.95,0.738723874092102,0.7443329095840454,1.0075928715568274,0.007592871785163879,0.007592871785163879,0.7592871785163879
Pythia_plus,282,MUR1.0_MUF1.0_PDF26450,pdf,10,1.95,2.18,0.753097414970398,0.7598959803581238,1.0090274714168195,0.009027471765875816,0.009027471765875816,0.9027471765875816
Pythia_plus,282,MUR1.0_MUF1.0_PDF26450,pdf,11,2.18,2.5,0.7340506911277771,0.7345108389854431,1.0006268611462774,0.0006268611177802086,0.0006268611177802086,0.06268611177802086
Pythia_plus,283,MUR1.0_MUF1.0_PDF26451,pdf,1,0.0,0.21,0.7990407943725586,0.8000355958938599,1.0012449946589803,0.0012449946952983737,0.0012449946952983737,0.12449946952983737
Pythia_plus,283,MUR1.0_MUF1.0_PDF26451,pdf,2,0.21,0.42,0.7416394948959351,0.7429016828536987,1.0017018888104667,0.0017018888611346483,0.0017018888611346483,0.17018888611346483
Pythia_plus,283,MUR1.0_MUF1.0_PDF26451,pdf,3,0.42,0.63,0.74241703748703,0.7439165115356445,1.0020197193395373,0.0020197194535285234,0.0020197194535285234,0.20197194535285234
Pythia_plus,283,MUR1.0_MUF1.0_PDF26451,pdf,4,0.63,0.84,0.716408371925354,0.7161516547203064,0.999641660796959,-0.0003583391953725368,0.0003583391953725368,-0.03583391953725368
Pythia_plus,283,MUR1.0_MUF1.0_PDF26451,pdf,5,0.84,1.05,0.7636825442314148,0.7653348445892334,1.002163595816481,0.0021635957527905703,0.0021635957527905703,0.21635957527905703
Pythia_plus,283,MUR1.0_MUF1.0_PDF26451,pdf,6,1.05,1.37,0.7446764707565308,0.744584858417511,0.9998769769925365,-0.00012302301183808595,0.00012302301183808595,-0.012302301183808595
Pythia_plus,283,MUR1.0_MUF1.0_PDF26451,pdf,7,1.37,1.52,0.7529962062835693,0.7539265155792236,1.001235476736657,0.0012354766950011253,0.0012354766950011253,0.12354766950011253
Pythia_plus,283,MUR1.0_MUF1.0_PDF26451,pdf,8,1.52,1.74,0.7522943019866943,0.7528461217880249,1.0007335158592499,0.0007335158879868686,0.0007335158879868686,0.07335158879868686
Pythia_plus,283,MUR1.0_MUF1.0_PDF26451,pdf,9,1.74,1.95,0.738723874092102,0.7416770458221436,1.0039976665620438,0.003997666761279106,0.003997666761279106,0.3997666761279106
Pythia_plus,283,MUR1.0_MUF1.0_PDF26451,pdf,10,1.95,2.18,0.753097414970398,0.7553167343139648,1.0029469220043121,0.0029469220899045467,0.0029469220899045467,0.2946922089904547
Pythia_plus,283,MUR1.0_MUF1.0_PDF26451,pdf,11,2.18,2.5,0.7340506911277771,0.7308128476142883,0.995589073680301,-0.004410926252603531,0.004410926252603531,-0.4410926252603531
Pythia_plus,284,MUR1.0_MUF1.0_PDF26452,pdf,1,0.0,0.21,0.7990407943725586,0.8000363707542419,1.001245964397181,0.001245964434929192,0.001245964434929192,0.1245964434929192
Pythia_plus,284,MUR1.0_MUF1.0_PDF26452,pdf,2,0.21,0.42,0.7416394948959351,0.7429021000862122,1.0017024513917698,0.001702451379969716,0.001702451379969716,0.1702451379969716
Pythia_plus,284,MUR1.0_MUF1.0_PDF26452,pdf,3,0.42,0.63,0.74241703748703,0.7439165711402893,1.0020197996241236,0.0020197995472699404,0.0020197995472699404,0.20197995472699404
Pythia_plus,284,MUR1.0_MUF1.0_PDF26452,pdf,4,0.63,0.84,0.716408371925354,0.7161514163017273,0.9996413279999281,-0.00035867199767380953,0.00035867199767380953,-0.03586719976738095
Pythia_plus,284,MUR1.0_MUF1.0_PDF26452,pdf,5,0.84,1.05,0.7636825442314148,0.7653344869613647,1.002163127522592,0.0021631275303661823,0.0021631275303661823,0.21631275303661823
Pythia_plus,284,MUR1.0_MUF1.0_PDF26452,pdf,6,1.05,1.37,0.7446764707565308,0.7445846199989319,0.9998766568285613,-0.00012334316852502525,0.00012334316852502525,-0.012334316852502525
Pythia_plus,284,MUR1.0_MUF1.0_PDF26452,pdf,7,1.37,1.52,0.7529962062835693,0.7539268732070923,1.0012359516764584,0.0012359516695141792,0.0012359516695141792,0.12359516695141792
Pythia_plus,284,MUR1.0_MUF1.0_PDF26452,pdf,8,1.52,1.74,0.7522943019866943,0.752845823764801,1.0007331197068092,0.0007331197266466916,0.0007331197266466916,0.07331197266466916
Pythia_plus,284,MUR1.0_MUF1.0_PDF26452,pdf,9,1.74,1.95,0.738723874092102,0.7416765689849854,1.0039970210743658,0.00399702088907361,0.00399702088907361,0.39970208890736103
Pythia_plus,284,MUR1.0_MUF1.0_PDF26452,pdf,10,1.95,2.18,0.753097414970398,0.7553181648254395,1.0029488215082092,0.002948821522295475,0.002948821522295475,0.2948821522295475
Pythia_plus,284,MUR1.0_MUF1.0_PDF26452,pdf,11,2.18,2.5,0.7340506911277771,0.7308139801025391,0.9955906164732775,-0.00440938351675868,0.00440938351675868,-0.44093835167586803
Pythia_plus,285,MUR1.0_MUF1.0_PDF26453,pdf,1,0.0,0.21,0.7990407943725586,0.8000363111495972,1.0012458898019347,0.001245889812707901,0.001245889812707901,0.1245889812707901
Pythia_plus,285,MUR1.0_MUF1.0_PDF26453,pdf,2,0.21,0.42,0.7416394948959351,0.7429028153419495,1.0017034158168607,0.0017034157644957304,0.0017034157644957304,0.17034157644957304
Pythia_plus,285,MUR1.0_MUF1.0_PDF26453,pdf,3,0.42,0.63,0.74241703748703,0.7439166903495789,1.0020199601932964,0.0020199602004140615,0.0020199602004140615,0.20199602004140615
Pythia_plus,285,MUR1.0_MUF1.0_PDF26453,pdf,4,0.63,0.84,0.716408371925354,0.7161519527435303,0.9996420767932477,-0.0003579232143238187,0.0003579232143238187,-0.03579232143238187
Pythia_plus,285,MUR1.0_MUF1.0_PDF26453,pdf,5,0.84,1.05,0.7636825442314148,0.7653340101242065,1.0021625031307397,0.0021625030785799026,0.0021625030785799026,0.21625030785799026
Pythia_plus,285,MUR1.0_MUF1.0_PDF26453,pdf,6,1.05,1.37,0.7446764707565308,0.7445849776268005,0.9998771370745241,-0.00012286292621865869,0.00012286292621865869,-0.012286292621865869
Pythia_plus,285,MUR1.0_MUF1.0_PDF26453,pdf,7,1.37,1.52,0.7529962062835693,0.7539267539978027,1.0012357933631912,0.0012357933446764946,0.0012357933446764946,0.12357933446764946
Pythia_plus,285,MUR1.0_MUF1.0_PDF26453,pdf,8,1.52,1.74,0.7522943019866943,0.7528453469276428,1.000732485862904,0.0007324858452193439,0.0007324858452193439,0.07324858452193439
Pythia_plus,285,MUR1.0_MUF1.0_PDF26453,pdf,9,1.74,1.95,0.738723874092102,0.7416775226593018,1.003998312049722,0.003998312167823315,0.003998312167823315,0.39983121678233147
Pythia_plus,285,MUR1.0_MUF1.0_PDF26453,pdf,10,1.95,2.18,0.753097414970398,0.7553184628486633,1.0029492172381878,0.0029492173343896866,0.0029492173343896866,0.29492173343896866
Pythia_plus,285,MUR1.0_MUF1.0_PDF26453,pdf,11,2.18,2.5,0.7340506911277771,0.7308139204978943,0.9955905352736473,-0.004409464541822672,0.004409464541822672,-0.4409464541822672
Pythia_plus,286,MUR1.0_MUF1.0_PDF26454,pdf,1,0.0,0.21,0.7990407943725586,0.8000358939170837,1.0012453676352113,0.0012453676899895072,0.0012453676899895072,0.12453676899895072
Pythia_plus,286,MUR1.0_MUF1.0_PDF26454,pdf,2,0.21,0.42,0.7416394948959351,0.7429014444351196,1.0017015673354366,0.0017015673220157623,0.0017015673220157623,0.17015673220157623
Pythia_plus,286,MUR1.0_MUF1.0_PDF26454,pdf,3,0.42,0.63,0.74241703748703,0.743916392326355,1.0020195587703644,0.0020195588003844023,0.0020195588003844023,0.20195588003844023
Pythia_plus,286,MUR1.0_MUF1.0_PDF26454,pdf,4,0.63,0.84,0.716408371925354,0.7161511778831482,0.9996409952028972,-0.0003590047999750823,0.0003590047999750823,-0.03590047999750823
Pythia_plus,286,MUR1.0_MUF1.0_PDF26454,pdf,5,0.84,1.05,0.7636825442314148,0.7653350830078125,1.002163908012407,0.00216390797868371,0.00216390797868371,0.216390797868371
Pythia_plus,286,MUR1.0_MUF1.0_PDF26454,pdf,6,1.05,1.37,0.7446764707565308,0.7445850968360901,0.9998772971565116,-0.00012270284059923142,0.00012270284059923142,-0.012270284059923142
Pythia_plus,286,MUR1.0_MUF1.0_PDF26454,pdf,7,1.37,1.52,0.7529962062835693,0.7539268732070923,1.0012359516764584,0.0012359516695141792,0.0012359516695141792,0.12359516695141792
Pythia_plus,286,MUR1.0_MUF1.0_PDF26454,pdf,8,1.52,1.74,0.7522943019866943,0.7528459429740906,1.0007332781677853,0.000733278167899698,0.000733278167899698,0.0733278167899698
Pythia_plus,286,MUR1.0_MUF1.0_PDF26454,pdf,9,1.74,1.95,0.738723874092102,0.7416770458221436,1.0039976665620438,0.003997666761279106,0.003997666761279106,0.3997666761279106
Pythia_plus,286,MUR1.0_MUF1.0_PDF26454,pdf,10,1.95,2.18,0.753097414970398,0.7553173303604126,1.0029477134642693,0.0029477134812623262,0.0029477134812623262,0.2947713481262326
Pythia_plus,286,MUR1.0_MUF1.0_PDF26454,pdf,11,2.18,2.5,0.7340506911277771,0.7308127880096436,0.9955889924806707,-0.00441100774332881,0.00441100774332881,-0.441100774332881
Pythia_plus,287,MUR1.0_MUF1.0_PDF26455,pdf,1,0.0,0.21,0.7990407943725586,0.8000317215919495,1.0012401459679778,0.0012401459971442819,0.0012401459971442819,0.12401459971442819
Pythia_plus,287,MUR1.0_MUF1.0_PDF26455,pdf,2,0.21,0.42,0.7416394948959351,0.7429028749465942,1.0017034961856184,0.0017034962074831128,0.0017034962074831128,0.17034962074831128
Pythia_plus,287,MUR1.0_MUF1.0_PDF26455,pdf,3,0.42,0.63,0.74241703748703,0.7439159154891968,1.0020189164936735,0.0020189164206385612,0.0020189164206385612,0.20189164206385612
Pythia_plus,287,MUR1.0_MUF1.0_PDF26455,pdf,4,0.63,0.84,0.716408371925354,0.7161526083946228,0.9996429919850827,-0.00035700801527127624,0.00035700801527127624,-0.035700801527127624
Pythia_plus,287,MUR1.0_MUF1.0_PDF26455,pdf,5,0.84,1.05,0.7636825442314148,0.7653355002403259,1.0021644543552775,0.0021644544322043657,0.0021644544322043657,0.21644544322043657
Pythia_plus,287,MUR1.0_MUF1.0_PDF26455,pdf,6,1.05,1.37,0.7446764707565308,0.7445836067199707,0.9998752961316668,-0.00012470387446228415,0.00012470387446228415,-0.012470387446228415
Pythia_plus,287,MUR1.0_MUF1.0_PDF26455,pdf,7,1.37,1.52,0.7529962062835693,0.7539249658584595,1.0012334186641842,0.0012334187049418688,0.0012334187049418688,0.12334187049418688
Pythia_plus,287,MUR1.0_MUF1.0_PDF26455,pdf,8,1.52,1.74,0.7522943019866943,0.7528444528579712,1.0007312974055818,0.0007312974194064736,0.0007312974194064736,0.07312974194064736
Pythia_plus,287,MUR1.0_MUF1.0_PDF26455,pdf,9,1.74,1.95,0.738723874092102,0.7416772842407227,1.0039979893058828,0.00399798946455121,0.00399798946455121,0.39979894645512104
Pythia_plus,287,MUR1.0_MUF1.0_PDF26455,pdf,10,1.95,2.18,0.753097414970398,0.755315899848938,1.0029458139603722,0.002945814048871398,0.002945814048871398,0.2945814048871398
Pythia_plus,287,MUR1.0_MUF1.0_PDF26455,pdf,11,2.18,2.5,0.7340506911277771,0.7308102250099182,0.9955855008965657,-0.004414499271661043,0.004414499271661043,-0.4414499271661043
Pythia_plus,288,MUR1.0_MUF1.0_PDF26456,pdf,1,0.0,0.21,0.7990407943725586,0.8000348210334778,1.00124402492078,0.0012440249556675553,0.0012440249556675553,0.12440249556675553
Pythia_plus,288,MUR1.0_MUF1.0_PDF26456,pdf,2,0.21,0.42,0.7416394948959351,0.7429047226905823,1.0017059876171033,0.001705987611785531,0.001705987611785531,0.1705987611785531
Pythia_plus,288,MUR1.0_MUF1.0_PDF26456,pdf,3,0.42,0.63,0.74241703748703,0.7439151406288147,1.0020178727940505,0.0020178728736937046,0.0020178728736937046,0.20178728736937046
Pythia_plus,288,MUR1.0_MUF1.0_PDF26456,pdf,4,0.63,0.84,0.716408371925354,0.716152012348175,0.9996421599925054,-0.0003578400064725429,0.0003578400064725429,-0.03578400064725429
Pythia_plus,288,MUR1.0_MUF1.0_PDF26456,pdf,5,0.84,1.05,0.7636825442314148,0.7653350830078125,1.002163908012407,0.00216390797868371,0.00216390797868371,0.216390797868371
Pythia_plus,288,MUR1.0_MUF1.0_PDF26456,pdf,6,1.05,1.37,0.7446764707565308,0.7445835471153259,0.999875216090673,-0.00012478390999604017,0.00012478390999604017,-0.012478390999604017
Pythia_plus,288,MUR1.0_MUF1.0_PDF26456,pdf,7,1.37,1.52,0.7529962062835693,0.7539265155792236,1.001235476736657,0.0012354766950011253,0.0012354766950011253,0.12354766950011253
Pythia_plus,288,MUR1.0_MUF1.0_PDF26456,pdf,8,1.52,1.74,0.7522943019866943,0.7528484463691711,1.0007366058482876,0.00073660584166646,0.00073660584166646,0.073660584166646
Pythia_plus,288,MUR1.0_MUF1.0_PDF26456,pdf,9,1.74,1.95,0.738723874092102,0.7416777610778809,1.003998634793561,0.003998634871095419,0.003998634871095419,0.3998634871095419
Pythia_plus,288,MUR1.0_MUF1.0_PDF26456,pdf,10,1.95,2.18,0.753097414970398,0.7553199529647827,1.0029511958880806,0.002951195929199457,0.002951195929199457,0.2951195929199457
Pythia_plus,288,MUR1.0_MUF1.0_PDF26456,pdf,11,2.18,2.5,0.7340506911277771,0.7308130860328674,0.9955893984788223,-0.004410601686686277,0.004410601686686277,-0.44106016866862774
Pythia_plus,289,MUR1.0_MUF1.0_PDF26457,pdf,1,0.0,0.21,0.7990407943725586,0.8000362515449524,1.0012458152066885,0.00124581519048661,0.00124581519048661,0.124581519048661
Pythia_plus,289,MUR1.0_MUF1.0_PDF26457,pdf,2,0.21,0.42,0.7416394948959351,0.7429028749465942,1.0017034961856184,0.0017034962074831128,0.0017034962074831128,0.17034962074831128
Pythia_plus,289,MUR1.0_MUF1.0_PDF26457,pdf,3,0.42,0.63,0.74241703748703,0.7439165711402893,1.0020197996241236,0.0020197995472699404,0.0020197995472699404,0.20197995472699404
Pythia_plus,289,MUR1.0_MUF1.0_PDF26457,pdf,4,0.63,0.84,0.716408371925354,0.7161515355110168,0.9996414943984435,-0.0003585056110750884,0.0003585056110750884,-0.03585056110750884
Pythia_plus,289,MUR1.0_MUF1.0_PDF26457,pdf,5,0.84,1.05,0.7636825442314148,0.765333890914917,1.0021623470327767,0.0021623470820486546,0.0021623470820486546,0.21623470820486546
Pythia_plus,289,MUR1.0_MUF1.0_PDF26457,pdf,6,1.05,1.37,0.7446764707565308,0.7445849180221558,0.9998770570335302,-0.0001229429617524147,0.0001229429617524147,-0.01229429617524147
Pythia_plus,289,MUR1.0_MUF1.0_PDF26457,pdf,7,1.37,1.52,0.7529962062835693,0.7539266347885132,1.001235635049924,0.00123563501983881,0.00123563501983881,0.123563501983881
Pythia_plus,289,MUR1.0_MUF1.0_PDF26457,pdf,8,1.52,1.74,0.7522943019866943,0.7528455853462219,1.0007328027848565,0.0007328027859330177,0.0007328027859330177,0.07328027859330177
Pythia_plus,289,MUR1.0_MUF1.0_PDF26457,pdf,9,1.74,1.95,0.738723874092102,0.7416775822639465,1.0039983927356817,0.003998392727226019,0.003998392727226019,0.3998392727226019
Pythia_plus,289,MUR1.0_MUF1.0_PDF26457,pdf,10,1.95,2.18,0.753097414970398,0.7553185820579529,1.0029493755301793,0.0029493754263967276,0.0029493754263967276,0.29493754263967276
Pythia_plus,289,MUR1.0_MUF1.0_PDF26457,pdf,11,2.18,2.5,0.7340506911277771,0.7308138608932495,0.9955904540740169,-0.004409546032547951,0.004409546032547951,-0.4409546032547951
Pythia_plus,290,MUR1.0_MUF1.0_PDF26458,pdf,1,0.0,0.21,0.7990407943725586,0.8000354766845703,1.001244845468488,0.0012448454508557916,0.0012448454508557916,0.12448454508557916
Pythia_plus,290,MUR1.0_MUF1.0_PDF26458,pdf,2,0.21,0.42,0.7416394948959351,0.7429015636444092,1.0017017280729517,0.0017017280915752053,0.0017017280915752053,0.17017280915752053
Pythia_plus,290,MUR1.0_MUF1.0_PDF26458,pdf,3,0.42,0.63,0.74241703748703,0.7439165115356445,1.0020197193395373,0.0020197194535285234,0.0020197194535285234,0.20197194535285234
Pythia_plus,290,MUR1.0_MUF1.0_PDF26458,pdf,4,0.63,0.84,0.716408371925354,0.7161515355110168,0.9996414943984435,-0.0003585056110750884,0.0003585056110750884,-0.03585056110750884
Pythia_plus,290,MUR1.0_MUF1.0_PDF26458,pdf,5,0.84,1.05,0.7636825442314148,0.7653350830078125,1.002163908012407,0.00216390797868371,0.00216390797868371,0.216390797868371
Pythia_plus,290,MUR1.0_MUF1.0_PDF26458,pdf,6,1.05,1.37,0.7446764707565308,0.7445849776268005,0.9998771370745241,-0.00012286292621865869,0.00012286292621865869,-0.012286292621865869
Pythia_plus,290,MUR1.0_MUF1.0_PDF26458,pdf,7,1.37,1.52,0.7529962062835693,0.753926694393158,1.0012357142065575,0.0012357141822576523,0.0012357141822576523,0.12357141822576523
Pythia_plus,290,MUR1.0_MUF1.0_PDF26458,pdf,8,1.52,1.74,0.7522943019866943,0.7528460621833801,1.0007334366287617,0.0007334366091527045,0.0007334366091527045,0.07334366091527045
Pythia_plus,290,MUR1.0_MUF1.0_PDF26458,pdf,9,1.74,1.95,0.738723874092102,0.741676926612854,1.0039975051901244,0.00399750517681241,0.00399750517681241,0.39975051768124104
Pythia_plus,290,MUR1.0_MUF1.0_PDF26458,pdf,10,1.95,2.18,0.753097414970398,0.755317211151123,1.002947555172278,0.0029475551564246416,0.0029475551564246416,0.29475551564246416
Pythia_plus,290,MUR1.0_MUF1.0_PDF26458,pdf,11,2.18,2.5,0.7340506911277771,0.7308129668235779,0.9955892360795616,-0.0044107637368142605,0.0044107637368142605,-0.44107637368142605
Pythia_plus,291,MUR1.0_MUF1.0_PDF26459,pdf,1,0.0,0.21,0.7990407943725586,0.8000358939170837,1.0012453676352113,0.0012453676899895072,0.0012453676899895072,0.12453676899895072
Pythia_plus,291,MUR1.0_MUF1.0_PDF26459,pdf,2,0.21,0.42,0.7416394948959351,0.7429022192955017,1.0017026121292851,0.001702612149529159,0.001702612149529159,0.1702612149529159
Pythia_plus,291,MUR1.0_MUF1.0_PDF26459,pdf,3,0.42,0.63,0.74241703748703,0.7439168691635132,1.0020202010470556,0.0020202009472995996,0.0020202009472995996,0.20202009472995996
Pythia_plus,291,MUR1.0_MUF1.0_PDF26459,pdf,4,0.63,0.84,0.716408371925354,0.7161507606506348,0.9996404128080931,-0.000359587196726352,0.000359587196726352,-0.0359587196726352
Pythia_plus,291,MUR1.0_MUF1.0_PDF26459,pdf,5,0.84,1.05,0.7636825442314148,0.7653353810310364,1.0021642982573145,0.002164298202842474,0.002164298202842474,0.2164298202842474
Pythia_plus,291,MUR1.0_MUF1.0_PDF26459,pdf,6,1.05,1.37,0.7446764707565308,0.744584858417511,0.9998769769925365,-0.00012302301183808595,0.00012302301183808595,-0.012302301183808595
Pythia_plus,291,MUR1.0_MUF1.0_PDF26459,pdf,7,1.37,1.52,0.7529962062835693,0.7539281845092773,1.0012376931223967,0.0012376931263133883,0.0012376931263133883,0.12376931263133883
Pythia_plus,291,MUR1.0_MUF1.0_PDF26459,pdf,8,1.52,1.74,0.7522943019866943,0.7528474926948547,1.0007353381604773,0.0007353381370194256,0.0007353381370194256,0.07353381370194256
Pythia_plus,291,MUR1.0_MUF1.0_PDF26459,pdf,9,1.74,1.95,0.738723874092102,0.7416791319847107,1.0040004905706352,0.00400049053132534,0.00400049053132534,0.400049053132534
Pythia_plus,291,MUR1.0_MUF1.0_PDF26459,pdf,10,1.95,2.18,0.753097414970398,0.7553161382675171,1.002946130544355,0.0029461304657161236,0.0029461304657161236,0.29461304657161236
Pythia_plus,291,MUR1.0_MUF1.0_PDF26459,pdf,11,2.18,2.5,0.7340506911277771,0.7308107614517212,0.9955862316932388,-0.00441376818343997,0.00441376818343997,-0.441376818343997
Pythia_plus,292,Var3cUp,model,1,0.0,0.21,0.7990407943725586,0.8007132411003113,1.0020930680129616,0.002093068091198802,0.002093068091198802,0.2093068091198802
Pythia_plus,292,Var3cUp,model,2,0.21,0.42,0.7416394948959351,0.7451397180557251,1.0047195749199969,0.004719574935734272,0.004719574935734272,0.4719574935734272
Pythia_plus,292,Var3cUp,model,3,0.42,0.63,0.74241703748703,0.736342191696167,0.9918174752408357,-0.00818252470344305,0.00818252470344305,-0.818252470344305
Pythia_plus,292,Var3cUp,model,4,0.63,0.84,0.716408371925354,0.7128626108169556,0.9950506425561874,-0.004949357360601425,0.004949357360601425,-0.4949357360601425
Pythia_plus,292,Var3cUp,model,5,0.84,1.05,0.7636825442314148,0.7601348757743835,0.9953545246204342,-0.004645475186407566,0.004645475186407566,-0.4645475186407566
Pythia_plus,292,Var3cUp,model,6,1.05,1.37,0.7446764707565308,0.7421402335166931,0.9965941756730127,-0.003405824303627014,0.003405824303627014,-0.3405824303627014
Pythia_plus,292,Var3cUp,model,7,1.37,1.52,0.7529962062835693,0.7498512864112854,0.9958234585432963,-0.004176541231572628,0.004176541231572628,-0.4176541231572628
Pythia_plus,292,Var3cUp,model,8,1.52,1.74,0.7522943019866943,0.757763683795929,1.0072702688227078,0.007270268630236387,0.007270268630236387,0.7270268630236387
Pythia_plus,292,Var3cUp,model,9,1.74,1.95,0.738723874092102,0.7449705600738525,1.0084560499542914,0.008456050418317318,0.008456050418317318,0.8456050418317318
Pythia_plus,292,Var3cUp,model,10,1.95,2.18,0.753097414970398,0.7472856044769287,0.9922827905421802,-0.007717209402471781,0.007717209402471781,-0.7717209402471781
Pythia_plus,292,Var3cUp,model,11,2.18,2.5,0.7340506911277771,0.7454270720481873,1.0154980862465122,0.015498085878789425,0.015498085878789425,1.5498085878789425
Pythia_plus,293,Var3cDown,model,1,0.0,0.21,0.7990407943725586,0.7984659075737,0.9992805288504574,-0.0007194711361080408,0.0007194711361080408,-0.07194711361080408
Pythia_plus,293,Var3cDown,model,2,0.21,0.42,0.7416394948959351,0.7389999628067017,0.9964409499394261,-0.0035590501502156258,0.0035590501502156258,-0.3559050150215626
Pythia_plus,293,Var3cDown,model,3,0.42,0.63,0.74241703748703,0.7464535236358643,1.0054369524741742,0.005436952691525221,0.005436952691525221,0.5436952691525221
Pythia_plus,293,Var3cDown,model,4,0.63,0.84,0.716408371925354,0.7185890078544617,1.0030438448440337,0.0030438448302447796,0.0030438448302447796,0.30438448302447796
Pythia_plus,293,Var3cDown,model,5,0.84,1.05,0.7636825442314148,0.7658578753471375,1.0028484756292446,0.002848475705832243,0.002848475705832243,0.2848475705832243
Pythia_plus,293,Var3cDown,model,6,1.05,1.37,0.7446764707565308,0.7461766600608826,1.002014551772836,0.002014551777392626,0.002014551777392626,0.20145517773926258
Pythia_plus,293,Var3cDown,model,7,1.37,1.52,0.7529962062835693,0.7566800117492676,1.00489219658075,0.0048921965062618256,0.0048921965062618256,0.48921965062618256
Pythia_plus,293,Var3cDown,model,8,1.52,1.74,0.7522943019866943,0.7484127283096313,0.9948403521509969,-0.005159647669643164,0.005159647669643164,-0.5159647669643164
Pythia_plus,293,Var3cDown,model,9,1.74,1.95,0.738723874092102,0.7332098484039307,0.9925357418630226,-0.007464258000254631,0.007464258000254631,-0.7464258000254631
Pythia_plus,293,Var3cDown,model,10,1.95,2.18,0.753097414970398,0.7575958371162415,1.0059732274423228,0.005973227322101593,0.005973227322101593,0.5973227322101593
Pythia_plus,293,Var3cDown,model,11,2.18,2.5,0.7340506911277771,0.7246326208114624,0.987169727608532,-0.012830272316932678,0.012830272316932678,-1.2830272316932678
Pythia_plus,294,isr_muRfac_2.0_fsr_muRfac_2.0,shower,1,0.0,0.21,0.7990407943725586,0.7901228666305542,0.9888392084549236,-0.011160791851580143,0.011160791851580143,-1.1160791851580143
Pythia_plus,294,isr_muRfac_2.0_fsr_muRfac_2.0,shower,2,0.21,0.42,0.7416394948959351,0.7279981374740601,0.9816064846657214,-0.018393514677882195,0.018393514677882195,-1.8393514677882195
Pythia_plus,294,isr_muRfac_2.0_fsr_muRfac_2.0,shower,3,0.42,0.63,0.74241703748703,0.7361557483673096,0.9915663450546421,-0.00843365490436554,0.00843365490436554,-0.843365490436554
Pythia_plus,294,isr_muRfac_2.0_fsr_muRfac_2.0,shower,4,0.63,0.84,0.716408371925354,0.7046100497245789,0.9835312893272491,-0.01646871119737625,0.01646871119737625,-1.6468711197376251
Pythia_plus,294,isr_muRfac_2.0_fsr_muRfac_2.0,shower,5,0.84,1.05,0.7636825442314148,0.7548055648803711,0.9883760871345073,-0.011623912490904331,0.011623912490904331,-1.1623912490904331
Pythia_plus,294,isr_muRfac_2.0_fsr_muRfac_2.0,shower,6,1.05,1.37,0.7446764707565308,0.7379220724105835,0.9909297545831073,-0.009070245549082756,0.009070245549082756,-0.9070245549082756
Pythia_plus,294,isr_muRfac_2.0_fsr_muRfac_2.0,shower,7,1.37,1.52,0.7529962062835693,0.7388563752174377,0.9812219092896642,-0.018778091296553612,0.018778091296553612,-1.8778091296553612
Pythia_plus,294,isr_muRfac_2.0_fsr_muRfac_2.0,shower,8,1.52,1.74,0.7522943019866943,0.7435992360115051,0.9884419356198407,-0.011558064259588718,0.011558064259588718,-1.1558064259588718
Pythia_plus,294,isr_muRfac_2.0_fsr_muRfac_2.0,shower,9,1.74,1.95,0.738723874092102,0.7400153875350952,1.0017483033759813,0.0017483034171164036,0.0017483034171164036,0.17483034171164036
Pythia_plus,294,isr_muRfac_2.0_fsr_muRfac_2.0,shower,10,1.95,2.18,0.753097414970398,0.7738710641860962,1.027584279009263,0.02758427895605564,0.02758427895605564,2.758427895605564
Pythia_plus,294,isr_muRfac_2.0_fsr_muRfac_2.0,shower,11,2.18,2.5,0.7340506911277771,0.6992377042770386,0.9525741379014946,-0.04742586240172386,0.04742586240172386,-4.742586240172386
Pythia_plus,295,isr_muRfac_2.0_fsr_muRfac_1.0,shower,1,0.0,0.21,0.7990407943725586,0.7984587550163269,0.9992715774209141,-0.0007284226012416184,0.0007284226012416184,-0.07284226012416184
Pythia_plus,295,isr_muRfac_2.0_fsr_muRfac_1.0,shower,2,0.21,0.42,0.7416394948959351,0.7389308214187622,0.9963477221806358,-0.0036522778682410717,0.0036522778682410717,-0.36522778682410717
Pythia_plus,295,isr_muRfac_2.0_fsr_muRfac_1.0,shower,3,0.42,0.63,0.74241703748703,0.746543824672699,1.0055585836225385,0.005558583419770002,0.005558583419770002,0.5558583419770002
Pythia_plus,295,isr_muRfac_2.0_fsr_muRfac_1.0,shower,4,0.63,0.84,0.716408371925354,0.7186333537101746,1.0031057450917846,0.0031057451851665974,0.0031057451851665974,0.31057451851665974
Pythia_plus,295,isr_muRfac_2.0_fsr_muRfac_1.0,shower,5,0.84,1.05,0.7636825442314148,0.7659077048301697,1.0029137245777882,0.0029137246310710907,0.0029137246310710907,0.29137246310710907
Pythia_plus,295,isr_muRfac_2.0_fsr_muRfac_1.0,shower,6,1.05,1.37,0.7446764707565308,0.7462096810340881,1.0020588944833986,0.0020588943734765053,0.0020588943734765053,0.20588943734765053
Pythia_plus,295,isr_muRfac_2.0_fsr_muRfac_1.0,shower,7,1.37,1.52,0.7529962062835693,0.7567915916442871,1.0050403777987806,0.005040377844125032,0.005040377844125032,0.5040377844125032
Pythia_plus,295,isr_muRfac_2.0_fsr_muRfac_1.0,shower,8,1.52,1.74,0.7522943019866943,0.7483249306678772,0.9947236456419587,-0.005276354495435953,0.005276354495435953,-0.5276354495435953
Pythia_plus,295,isr_muRfac_2.0_fsr_muRfac_1.0,shower,9,1.74,1.95,0.738723874092102,0.733066737651825,0.9923420148736498,-0.007657985202968121,0.007657985202968121,-0.7657985202968121
Pythia_plus,295,isr_muRfac_2.0_fsr_muRfac_1.0,shower,10,1.95,2.18,0.753097414970398,0.7576987147331238,1.0061098334309204,0.006109833251684904,0.006109833251684904,0.6109833251684904
Pythia_plus,295,isr_muRfac_2.0_fsr_muRfac_1.0,shower,11,2.18,2.5,0.7340506911277771,0.7243995666503906,0.986852237053876,-0.013147762976586819,0.013147762976586819,-1.3147762976586819
Pythia_plus,296,isr_muRfac_2.0_fsr_muRfac_0.5,shower,1,0.0,0.21,0.7990407943725586,0.8308905363082886,1.0398599698038444,0.039859969168901443,0.039859969168901443,3.9859969168901443
Pythia_plus,296,isr_muRfac_2.0_fsr_muRfac_0.5,shower,2,0.21,0.42,0.7416394948959351,0.7754200100898743,1.0455484307758978,0.04554843157529831,0.04554843157529831,4.554843157529831
Pythia_plus,296,isr_muRfac_2.0_fsr_muRfac_0.5,shower,3,0.42,0.63,0.74241703748703,0.7680887579917908,1.0345785713534479,0.03457857295870781,0.03457857295870781,3.457857295870781
Pythia_plus,296,isr_muRfac_2.0_fsr_muRfac_0.5,shower,4,0.63,0.84,0.716408371925354,0.7443346381187439,1.038980932227715,0.03898093104362488,0.03898093104362488,3.898093104362488
Pythia_plus,296,isr_muRfac_2.0_fsr_muRfac_0.5,shower,5,0.84,1.05,0.7636825442314148,0.8049508333206177,1.0540385391821887,0.05403853952884674,0.05403853952884674,5.403853952884674
Pythia_plus,296,isr_muRfac_2.0_fsr_muRfac_0.5,shower,6,1.05,1.37,0.7446764707565308,0.763049304485321,1.0246722361324576,0.024672236293554306,0.024672236293554306,2.4672236293554306
Pythia_plus,296,isr_muRfac_2.0_fsr_muRfac_0.5,shower,7,1.37,1.52,0.7529962062835693,0.811540961265564,1.0777490703053387,0.07774907350540161,0.07774907350540161,7.774907350540161
Pythia_plus,296,isr_muRfac_2.0_fsr_muRfac_0.5,shower,8,1.52,1.74,0.7522943019866943,0.7484656572341919,0.99491070882447,-0.005089291371405125,0.005089291371405125,-0.5089291371405125
Pythia_plus,296,isr_muRfac_2.0_fsr_muRfac_0.5,shower,9,1.74,1.95,0.738723874092102,0.7505707740783691,1.0160369799890752,0.016036979854106903,0.016036979854106903,1.6036979854106903
Pythia_plus,296,isr_muRfac_2.0_fsr_muRfac_0.5,shower,10,1.95,2.18,0.753097414970398,0.737297773361206,0.9790204543328396,-0.020979546010494232,0.020979546010494232,-2.097954601049423
Pythia_plus,296,isr_muRfac_2.0_fsr_muRfac_0.5,shower,11,2.18,2.5,0.7340506911277771,0.7521872520446777,1.0247075047215555,0.024707505479454994,0.024707505479454994,2.4707505479454994
Pythia_plus,297,isr_muRfac_1.0_fsr_muRfac_2.0,shower,1,0.0,0.21,0.7990407943725586,0.7923784852027893,0.9916621163566488,-0.008337883278727531,0.008337883278727531,-0.8337883278727531
Pythia_plus,297,isr_muRfac_1.0_fsr_muRfac_2.0,shower,2,0.21,0.42,0.7416394948959351,0.7284975051879883,0.982279814116708,-0.017720185220241547,0.017720185220241547,-1.7720185220241547
Pythia_plus,297,isr_muRfac_1.0_fsr_muRfac_2.0,shower,3,0.42,0.63,0.74241703748703,0.732591986656189,0.98676612963504,-0.013233870267868042,0.013233870267868042,-1.3233870267868042
Pythia_plus,297,isr_muRfac_1.0_fsr_muRfac_2.0,shower,4,0.63,0.84,0.716408371925354,0.7007073163986206,0.9780836515288945,-0.021916348487138748,0.021916348487138748,-2.191634848713875
Pythia_plus,297,isr_muRfac_1.0_fsr_muRfac_2.0,shower,5,0.84,1.05,0.7636825442314148,0.7517675161361694,0.984397930546865,-0.015602069906890392,0.015602069906890392,-1.5602069906890392
Pythia_plus,297,isr_muRfac_1.0_fsr_muRfac_2.0,shower,6,1.05,1.37,0.7446764707565308,0.7359311580657959,0.9882562253083539,-0.011743774637579918,0.011743774637579918,-1.1743774637579918
Pythia_plus,297,isr_muRfac_1.0_fsr_muRfac_2.0,shower,7,1.37,1.52,0.7529962062835693,0.7375368475914001,0.9794695397358385,-0.0205304604023695,0.0205304604023695,-2.05304604023695
Pythia_plus,297,isr_muRfac_1.0_fsr_muRfac_2.0,shower,8,1.52,1.74,0.7522943019866943,0.7453702092170715,0.9907960318836161,-0.009203968569636345,0.009203968569636345,-0.9203968569636345
Pythia_plus,297,isr_muRfac_1.0_fsr_muRfac_2.0,shower,9,1.74,1.95,0.738723874092102,0.7468299865722656,1.0109731291548227,0.01097312942147255,0.01097312942147255,1.097312942147255
Pythia_plus,297,isr_muRfac_1.0_fsr_muRfac_2.0,shower,10,1.95,2.18,0.753097414970398,0.7715603709220886,1.0245160261935256,0.024516025558114052,0.024516025558114052,2.451602555811405
Pythia_plus,297,isr_muRfac_1.0_fsr_muRfac_2.0,shower,11,2.18,2.5,0.7340506911277771,0.7103734016418457,0.9677443400406665,-0.032255660742521286,0.032255660742521286,-3.2255660742521286
Pythia_plus,298,isr_muRfac_1.0_fsr_muRfac_0.5,shower,1,0.0,0.21,0.7990407943725586,0.8296496868133545,1.0383070459685746,0.03830704465508461,0.03830704465508461,3.830704465508461
Pythia_plus,298,isr_muRfac_1.0_fsr_muRfac_0.5,shower,2,0.21,0.42,0.7416394948959351,0.7805985808372498,1.0525310291717693,0.052531030029058456,0.052531030029058456,5.253103002905846
Pythia_plus,298,isr_muRfac_1.0_fsr_muRfac_0.5,shower,3,0.42,0.63,0.74241703748703,0.7707118391990662,1.0381117354308163,0.03811173513531685,0.03811173513531685,3.811173513531685
Pythia_plus,298,isr_muRfac_1.0_fsr_muRfac_0.5,shower,4,0.63,0.84,0.716408371925354,0.7482751607894897,1.0444813183554702,0.044481318444013596,0.044481318444013596,4.44813184440136
Pythia_plus,298,isr_muRfac_1.0_fsr_muRfac_0.5,shower,5,0.84,1.05,0.7636825442314148,0.8064671754837036,1.0560241052718418,0.05602410435676575,0.05602410435676575,5.602410435676575
Pythia_plus,298,isr_muRfac_1.0_fsr_muRfac_0.5,shower,6,1.05,1.37,0.7446764707565308,0.762729823589325,1.0242432164057143,0.024243216961622238,0.024243216961622238,2.424321696162224
Pythia_plus,298,isr_muRfac_1.0_fsr_muRfac_0.5,shower,7,1.37,1.52,0.7529962062835693,0.8041237592697144,1.067898818824714,0.06789881736040115,0.06789881736040115,6.789881736040115
Pythia_plus,298,isr_muRfac_1.0_fsr_muRfac_0.5,shower,8,1.52,1.74,0.7522943019866943,0.7532023787498474,1.0012070764868948,0.0012070764787495136,0.0012070764787495136,0.12070764787495136
Pythia_plus,298,isr_muRfac_1.0_fsr_muRfac_0.5,shower,9,1.74,1.95,0.738723874092102,0.7592758536338806,1.0278209223534804,0.027820922434329987,0.027820922434329987,2.7820922434329987
Pythia_plus,298,isr_muRfac_1.0_fsr_muRfac_0.5,shower,10,1.95,2.18,0.753097414970398,0.7303540110588074,0.9698001832704677,-0.030199816450476646,0.030199816450476646,-3.0199816450476646
Pythia_plus,298,isr_muRfac_1.0_fsr_muRfac_0.5,shower,11,2.18,2.5,0.7340506911277771,0.7583929896354675,1.0331616042351128,0.033161602914333344,0.033161602914333344,3.3161602914333344
Pythia_plus,299,isr_muRfac_0.5_fsr_muRfac_2.0,shower,1,0.0,0.21,0.7990407943725586,0.7975388169288635,0.9981202743911536,-0.001879725605249405,0.001879725605249405,-0.1879725605249405
Pythia_plus,299,isr_muRfac_0.5_fsr_muRfac_2.0,shower,2,0.21,0.42,0.7416394948959351,0.7301453351974487,0.984501688788703,-0.015498311258852482,0.015498311258852482,-1.5498311258852482
Pythia_plus,299,isr_muRfac_0.5_fsr_muRfac_2.0,shower,3,0.42,0.63,0.74241703748703,0.7254540324211121,0.9771516489932193,-0.022848350927233696,0.022848350927233696,-2.2848350927233696
Pythia_plus,299,isr_muRfac_0.5_fsr_muRfac_2.0,shower,4,0.63,0.84,0.716408371925354,0.6941722631454468,0.9689616849114319,-0.03103831596672535,0.03103831596672535,-3.103831596672535
Pythia_plus,299,isr_muRfac_0.5_fsr_muRfac_2.0,shower,5,0.84,1.05,0.7636825442314148,0.7463037371635437,0.9772434145586483,-0.022756585851311684,0.022756585851311684,-2.2756585851311684
Pythia_plus,299,isr_muRfac_0.5_fsr_muRfac_2.0,shower,6,1.05,1.37,0.7446764707565308,0.7324228286743164,0.9835450124135577,-0.016454987227916718,0.016454987227916718,-1.6454987227916718
Pythia_plus,299,isr_muRfac_0.5_fsr_muRfac_2.0,shower,7,1.37,1.52,0.7529962062835693,0.7385898232460022,0.9808679208243688,-0.019132079556584358,0.019132079556584358,-1.9132079556584358
Pythia_plus,299,isr_muRfac_0.5_fsr_muRfac_2.0,shower,8,1.52,1.74,0.7522943019866943,0.74949711561203,0.9962817924218257,-0.0037182075902819633,0.0037182075902819633,-0.37182075902819633
Pythia_plus,299,isr_muRfac_0.5_fsr_muRfac_2.0,shower,9,1.74,1.95,0.738723874092102,0.7567893862724304,1.0244550268563217,0.024455027654767036,0.024455027654767036,2.4455027654767036
Pythia_plus,299,isr_muRfac_0.5_fsr_muRfac_2.0,shower,10,1.95,2.18,0.753097414970398,0.7668380737304688,1.0182455263913115,0.018245525658130646,0.018245525658130646,1.8245525658130646
Pythia_plus,299,isr_muRfac_0.5_fsr_muRfac_2.0,shower,11,2.18,2.5,0.7340506911277771,0.7274470925331116,0.9910038929538777,-0.008996106684207916,0.008996106684207916,-0.8996106684207916
Pythia_plus,300,isr_muRfac_0.5_fsr_muRfac_1.0,shower,1,0.0,0.21,0.7990407943725586,0.8011236190795898,1.0026066562830085,0.0026066561695188284,0.0026066561695188284,0.26066561695188284
Pythia_plus,300,isr_muRfac_0.5_fsr_muRfac_1.0,shower,2,0.21,0.42,0.7416394948959351,0.7458850741386414,1.005724586233507,0.005724586080759764,0.005724586080759764,0.5724586080759764
Pythia_plus,300,isr_muRfac_0.5_fsr_muRfac_1.0,shower,3,0.42,0.63,0.74241703748703,0.7350943684577942,0.9901367174249908,-0.009863282553851604,0.009863282553851604,-0.9863282553851604
Pythia_plus,300,isr_muRfac_0.5_fsr_muRfac_1.0,shower,4,0.63,0.84,0.716408371925354,0.7121260762214661,0.9940225493284239,-0.005977450869977474,0.005977450869977474,-0.5977450869977474
Pythia_plus,300,isr_muRfac_0.5_fsr_muRfac_1.0,shower,5,0.84,1.05,0.7636825442314148,0.7593700289726257,0.9943530000896783,-0.005646999925374985,0.005646999925374985,-0.5646999925374985
Pythia_plus,300,isr_muRfac_0.5_fsr_muRfac_1.0,shower,6,1.05,1.37,0.7446764707565308,0.7414826154708862,0.9957110833884683,-0.004288916476070881,0.004288916476070881,-0.4288916476070881
Pythia_plus,300,isr_muRfac_0.5_fsr_muRfac_1.0,shower,7,1.37,1.52,0.7529962062835693,0.7493546605110168,0.9951639254724464,-0.0048360745422542095,0.0048360745422542095,-0.48360745422542095
Pythia_plus,300,isr_muRfac_0.5_fsr_muRfac_1.0,shower,8,1.52,1.74,0.7522943019866943,0.7589259743690491,1.0088152633415426,0.008815263397991657,0.008815263397991657,0.8815263397991657
Pythia_plus,300,isr_muRfac_0.5_fsr_muRfac_1.0,shower,9,1.74,1.95,0.738723874092102,0.7461317181587219,1.0100278931362874,0.010027892887592316,0.010027892887592316,1.0027892887592316
Pythia_plus,300,isr_muRfac_0.5_fsr_muRfac_1.0,shower,10,1.95,2.18,0.753097414970398,0.7462371587753296,0.9908906124776194,-0.009109387174248695,0.009109387174248695,-0.9109387174248695
Pythia_plus,300,isr_muRfac_0.5_fsr_muRfac_1.0,shower,11,2.18,2.5,0.7340506911277771,0.7474161386489868,1.0182077991108154,0.018207799643278122,0.018207799643278122,1.8207799643278122
Pythia_plus,301,isr_muRfac_0.5_fsr_muRfac_0.5,shower,1,0.0,0.21,0.7990407943725586,0.8272914886474609,1.035355759648149,0.03535575792193413,0.03535575792193413,3.535575792193413
Pythia_plus,301,isr_muRfac_0.5_fsr_muRfac_0.5,shower,2,0.21,0.42,0.7416394948959351,0.7880093455314636,1.0625234375389285,0.06252343952655792,0.06252343952655792,6.252343952655792
Pythia_plus,301,isr_muRfac_0.5_fsr_muRfac_0.5,shower,3,0.42,0.63,0.74241703748703,0.7749515771865845,1.043822458344543,0.04382245987653732,0.04382245987653732,4.382245987653732
Pythia_plus,301,isr_muRfac_0.5_fsr_muRfac_0.5,shower,4,0.63,0.84,0.716408371925354,0.754559338092804,1.0532530992971494,0.05325309932231903,0.05325309932231903,5.325309932231903
Pythia_plus,301,isr_muRfac_0.5_fsr_muRfac_0.5,shower,5,0.84,1.05,0.7636825442314148,0.8080348372459412,1.0580768715345765,0.05807686969637871,0.05807686969637871,5.807686969637871
Pythia_plus,301,isr_muRfac_0.5_fsr_muRfac_0.5,shower,6,1.05,1.37,0.7446764707565308,0.7599271535873413,1.0204796088364616,0.020479608327150345,0.020479608327150345,2.0479608327150345
Pythia_plus,301,isr_muRfac_0.5_fsr_muRfac_0.5,shower,7,1.37,1.52,0.7529962062835693,0.7985981702804565,1.060560682266856,0.0605606809258461,0.0605606809258461,6.05606809258461
Pythia_plus,301,isr_muRfac_0.5_fsr_muRfac_0.5,shower,8,1.52,1.74,0.7522943019866943,0.7576998472213745,1.007185412969904,0.007185413036495447,0.007185413036495447,0.7185413036495447
Pythia_plus,301,isr_muRfac_0.5_fsr_muRfac_0.5,shower,9,1.74,1.95,0.738723874092102,0.7688528895378113,1.0407852196231482,0.04078521952033043,0.04078521952033043,4.078521952033043
Pythia_plus,301,isr_muRfac_0.5_fsr_muRfac_0.5,shower,10,1.95,2.18,0.753097414970398,0.7211867570877075,0.9576274499840838,-0.04237255081534386,0.04237255081534386,-4.237255081534386
Pythia_plus,301,isr_muRfac_0.5_fsr_muRfac_0.5,shower,11,2.18,2.5,0.7340506911277771,0.766267716884613,1.0438893745980111,0.043889373540878296,0.043889373540878296,4.38893735408783
Pythia_plus,302,isr_muRfac_1.75_fsr_muRfac_1.0,shower,1,0.0,0.21,0.7990407943725586,0.7985086441040039,0.9993340136419786,-0.0006659863865934312,0.0006659863865934312,-0.06659863865934312
Pythia_plus,302,isr_muRfac_1.75_fsr_muRfac_1.0,shower,2,0.21,0.42,0.7416394948959351,0.7394078373908997,0.9969909133475308,-0.0030090867076069117,0.0030090867076069117,-0.30090867076069117
Pythia_plus,302,isr_muRfac_1.75_fsr_muRfac_1.0,shower,3,0.42,0.63,0.74241703748703,0.7459180951118469,1.0047157560347315,0.004715756047517061,0.004715756047517061,0.4715756047517061
Pythia_plus,302,isr_muRfac_1.75_fsr_muRfac_1.0,shower,4,0.63,0.84,0.716408371925354,0.7183166146278381,1.00266362423621,0.0026636242400854826,0.0026636242400854826,0.26636242400854826
Pythia_plus,302,isr_muRfac_1.75_fsr_muRfac_1.0,shower,5,0.84,1.05,0.7636825442314148,0.7655646204948425,1.0024644746402078,0.002464474644511938,0.002464474644511938,0.2464474644511938
Pythia_plus,302,isr_muRfac_1.75_fsr_muRfac_1.0,shower,6,1.05,1.37,0.7446764707565308,0.7459756731987,1.001744653541758,0.0017446535639464855,0.0017446535639464855,0.17446535639464855
Pythia_plus,302,isr_muRfac_1.75_fsr_muRfac_1.0,shower,7,1.37,1.52,0.7529962062835693,0.7560418844223022,1.0040447456618207,0.004044745583087206,0.004044745583087206,0.4044745583087206
Pythia_plus,302,isr_muRfac_1.75_fsr_muRfac_1.0,shower,8,1.52,1.74,0.7522943019866943,0.748946487903595,0.9955498611723387,-0.004450138658285141,0.004450138658285141,-0.4450138658285141
Pythia_plus,302,isr_muRfac_1.75_fsr_muRfac_1.0,shower,9,1.74,1.95,0.738723874092102,0.7340487837791443,0.9936713967465808,-0.0063286032527685165,0.0063286032527685165,-0.6328603252768517
Pythia_plus,302,isr_muRfac_1.75_fsr_muRfac_1.0,shower,10,1.95,2.18,0.753097414970398,0.7569745182991028,1.0051482095830289,0.005148209631443024,0.005148209631443024,0.5148209631443024
Pythia_plus,302,isr_muRfac_1.75_fsr_muRfac_1.0,shower,11,2.18,2.5,0.7340506911277771,0.7260130643844604,0.989050311047364,-0.010949688963592052,0.010949688963592052,-1.0949688963592052
Pythia_plus,303,isr_muRfac_1.5_fsr_muRfac_1.0,shower,1,0.0,0.21,0.7990407943725586,0.7985976934432983,0.9994454589397926,-0.0005545410676859319,0.0005545410676859319,-0.05545410676859319
Pythia_plus,303,isr_muRfac_1.5_fsr_muRfac_1.0,shower,2,0.21,0.42,0.7416394948959351,0.7399792075157166,0.9977613282576713,-0.002238671761006117,0.002238671761006117,-0.2238671761006117
Pythia_plus,303,isr_muRfac_1.5_fsr_muRfac_1.0,shower,3,0.42,0.63,0.74241703748703,0.7451127171516418,1.0036309507035779,0.003630950814113021,0.003630950814113021,0.3630950814113021
Pythia_plus,303,isr_muRfac_1.5_fsr_muRfac_1.0,shower,4,0.63,0.84,0.716408371925354,0.7178933024406433,1.0020727431078151,0.0020727431401610374,0.0020727431401610374,0.20727431401610374
Pythia_plus,303,isr_muRfac_1.5_fsr_muRfac_1.0,shower,5,0.84,1.05,0.7636825442314148,0.765134334564209,1.0019010390426761,0.001901039038784802,0.001901039038784802,0.1901039038784802
Pythia_plus,303,isr_muRfac_1.5_fsr_muRfac_1.0,shower,6,1.05,1.37,0.7446764707565308,0.7456750273704529,1.001340926769054,0.0013409267412498593,0.0013409267412498593,0.13409267412498593
Pythia_plus,303,isr_muRfac_1.5_fsr_muRfac_1.0,shower,7,1.37,1.52,0.7529962062835693,0.7551791071891785,1.002898953390991,0.002898953389376402,0.002898953389376402,0.2898953389376402
Pythia_plus,303,isr_muRfac_1.5_fsr_muRfac_1.0,shower,8,1.52,1.74,0.7522943019866943,0.7497404217720032,0.9966052112744351,-0.0033947888296097517,0.0033947888296097517,-0.33947888296097517
Pythia_plus,303,isr_muRfac_1.5_fsr_muRfac_1.0,shower,9,1.74,1.95,0.738723874092102,0.7352387309074402,0.9952822112471387,-0.0047177886590361595,0.0047177886590361595,-0.47177886590361595
Pythia_plus,303,isr_muRfac_1.5_fsr_muRfac_1.0,shower,10,1.95,2.18,0.753097414970398,0.7560617923736572,1.0039362469507027,0.00393624696880579,0.00393624696880579,0.393624696880579
Pythia_plus,303,isr_muRfac_1.5_fsr_muRfac_1.0,shower,11,2.18,2.5,0.7340506911277771,0.7280025482177734,0.9917605923090795,-0.008239408023655415,0.008239408023655415,-0.8239408023655415
Pythia_plus,304,isr_muRfac_1.25_fsr_muRfac_1.0,shower,1,0.0,0.21,0.7990407943725586,0.7987576127052307,0.9996455979853316,-0.00035440202918834984,0.00035440202918834984,-0.035440202918834984
Pythia_plus,304,isr_muRfac_1.25_fsr_muRfac_1.0,shower,2,0.21,0.42,0.7416394948959351,0.7406853437423706,0.9987134569286951,-0.001286543090827763,0.001286543090827763,-0.1286543090827763
Pythia_plus,304,isr_muRfac_1.25_fsr_muRfac_1.0,shower,3,0.42,0.63,0.74241703748703,0.7440276145935059,1.0021693698085476,0.0021693697199225426,0.0021693697199225426,0.21693697199225426
Pythia_plus,304,isr_muRfac_1.25_fsr_muRfac_1.0,shower,4,0.63,0.84,0.716408371925354,0.7173062562942505,1.0012533136184372,0.0012533136177808046,0.0012533136177808046,0.12533136177808046
Pythia_plus,304,isr_muRfac_1.25_fsr_muRfac_1.0,shower,5,0.84,1.05,0.7636825442314148,0.7645508050918579,1.0011369395136784,0.0011369395069777966,0.0011369395069777966,0.11369395069777966
Pythia_plus,304,isr_muRfac_1.25_fsr_muRfac_1.0,shower,6,1.05,1.37,0.7446764707565308,0.7452777624130249,1.000807453545408,0.0008074535289779305,0.0008074535289779305,0.08074535289779305
Pythia_plus,304,isr_muRfac_1.25_fsr_muRfac_1.0,shower,7,1.37,1.52,0.7529962062835693,0.7541747093200684,1.001565084958815,0.0015650849090889096,0.0015650849090889096,0.15650849090889096
Pythia_plus,304,isr_muRfac_1.25_fsr_muRfac_1.0,shower,8,1.52,1.74,0.7522943019866943,0.7508052587509155,0.9980206639451522,-0.001979336142539978,0.001979336142539978,-0.1979336142539978
Pythia_plus,304,isr_muRfac_1.25_fsr_muRfac_1.0,shower,9,1.74,1.95,0.738723874092102,0.7367271184921265,0.9972970203481922,-0.002702979603782296,0.002702979603782296,-0.2702979603782296
Pythia_plus,304,isr_muRfac_1.25_fsr_muRfac_1.0,shower,10,1.95,2.18,0.753097414970398,0.7548543214797974,1.0023329073695844,0.0023329074028879404,0.0023329074028879404,0.23329074028879404
Pythia_plus,304,isr_muRfac_1.25_fsr_muRfac_1.0,shower,11,2.18,2.5,0.7340506911277771,0.7305575609207153,0.9952412956635256,-0.004758704453706741,0.004758704453706741,-0.47587044537067413
Pythia_plus,305,isr_muRfac_0.625_fsr_muRfac_1.0,shower,1,0.0,0.21,0.7990407943725586,0.800230085849762,1.0014883989473118,0.0014883989933878183,0.0014883989933878183,0.14883989933878183
Pythia_plus,305,isr_muRfac_0.625_fsr_muRfac_1.0,shower,2,0.21,0.42,0.7416394948959351,0.7442235946655273,1.0034843071160267,0.003484307089820504,0.003484307089820504,0.3484307089820504
Pythia_plus,305,isr_muRfac_0.625_fsr_muRfac_1.0,shower,3,0.42,0.63,0.74241703748703,0.7379210591316223,0.9939441336494298,-0.006055866368114948,0.006055866368114948,-0.6055866368114948
Pythia_plus,305,isr_muRfac_0.625_fsr_muRfac_1.0,shower,4,0.63,0.84,0.716408371925354,0.7137822508811951,0.9963343239036958,-0.0036656761076301336,0.0036656761076301336,-0.36656761076301336
Pythia_plus,305,isr_muRfac_0.625_fsr_muRfac_1.0,shower,5,0.84,1.05,0.7636825442314148,0.7610858678817749,0.9965997961204505,-0.0034002037718892097,0.0034002037718892097,-0.340020377188921
Pythia_plus,305,isr_muRfac_0.625_fsr_muRfac_1.0,shower,6,1.05,1.37,0.7446764707565308,0.7429115176200867,0.997629906132725,-0.002370093949139118,0.002370093949139118,-0.23700939491391182
Pythia_plus,305,isr_muRfac_0.625_fsr_muRfac_1.0,shower,7,1.37,1.52,0.7529962062835693,0.7505049109458923,0.9966914901869521,-0.003308509709313512,0.003308509709313512,-0.3308509709313512
Pythia_plus,305,isr_muRfac_0.625_fsr_muRfac_1.0,shower,8,1.52,1.74,0.7522943019866943,0.7563375234603882,1.0053745209328535,0.005374521017074585,0.005374521017074585,0.5374521017074585
Pythia_plus,305,isr_muRfac_0.625_fsr_muRfac_1.0,shower,9,1.74,1.95,0.738723874092102,0.7434685230255127,1.006422763768454,0.00642276369035244,0.00642276369035244,0.642276369035244
Pythia_plus,305,isr_muRfac_0.625_fsr_muRfac_1.0,shower,10,1.95,2.18,0.753097414970398,0.7486394047737122,0.9940804335427694,-0.005919566377997398,0.005919566377997398,-0.5919566377997398
Pythia_plus,305,isr_muRfac_0.625_fsr_muRfac_1.0,shower,11,2.18,2.5,0.7340506911277771,0.742790937423706,1.0119068701951641,0.011906870640814304,0.011906870640814304,1.1906870640814304
Pythia_plus,306,isr_muRfac_0.75_fsr_muRfac_1.0,shower,1,0.0,0.21,0.7990407943725586,0.7996671795845032,1.0007839214422543,0.0007839214522391558,0.0007839214522391558,0.07839214522391558
Pythia_plus,306,isr_muRfac_0.75_fsr_muRfac_1.0,shower,2,0.21,0.42,0.7416394948959351,0.7431299090385437,1.002009620783232,0.002009620890021324,0.002009620890021324,0.20096208900213242
Pythia_plus,306,isr_muRfac_0.75_fsr_muRfac_1.0,shower,3,0.42,0.63,0.74241703748703,0.7398775219917297,0.9965793949127351,-0.0034206050913780928,0.0034206050913780928,-0.3420605091378093
Pythia_plus,306,isr_muRfac_0.75_fsr_muRfac_1.0,shower,4,0.63,0.84,0.716408371925354,0.7149174809455872,0.997918936966412,-0.002081063110381365,0.002081063110381365,-0.20810631103813648
Pythia_plus,306,isr_muRfac_0.75_fsr_muRfac_1.0,shower,5,0.84,1.05,0.7636825442314148,0.7622423768043518,0.9981141805087186,-0.0018858194816857576,0.0018858194816857576,-0.18858194816857576
Pythia_plus,306,isr_muRfac_0.75_fsr_muRfac_1.0,shower,6,1.05,1.37,0.7446764707565308,0.7437145709991455,0.9987082984421302,-0.0012917015701532364,0.0012917015701532364,-0.12917015701532364
Pythia_plus,306,isr_muRfac_0.75_fsr_muRfac_1.0,shower,7,1.37,1.52,0.7529962062835693,0.7514638304710388,0.9979649621077196,-0.002035037847235799,0.002035037847235799,-0.20350378472357988
Pythia_plus,306,isr_muRfac_0.75_fsr_muRfac_1.0,shower,8,1.52,1.74,0.7522943019866943,0.7546185255050659,1.0030895136547409,0.0030895136296749115,0.0030895136296749115,0.30895136296749115
Pythia_plus,306,isr_muRfac_0.75_fsr_muRfac_1.0,shower,9,1.74,1.95,0.738723874092102,0.7415228486061096,1.0037889319841564,0.003788931993767619,0.003788931993767619,0.3788931993767619
Pythia_plus,306,isr_muRfac_0.75_fsr_muRfac_1.0,shower,10,1.95,2.18,0.753097414970398,0.7504838705062866,0.9965296063800537,-0.0034703935962170362,0.0034703935962170362,-0.3470393596217036
Pythia_plus,306,isr_muRfac_0.75_fsr_muRfac_1.0,shower,11,2.18,2.5,0.7340506911277771,0.7392124533653259,1.0070318879880331,0.007031887769699097,0.007031887769699097,0.7031887769699097
Pythia_plus,307,isr_muRfac_0.875_fsr_muRfac_1.0,shower,1,0.0,0.21,0.7990407943725586,0.7992826104164124,1.0003026329138096,0.00030263292137533426,0.00030263292137533426,0.030263292137533426
Pythia_plus,307,isr_muRfac_0.875_fsr_muRfac_1.0,shower,2,0.21,0.42,0.7416394948959351,0.7423021793365479,1.0008935398467496,0.000893539865501225,0.000893539865501225,0.0893539865501225
Pythia_plus,307,isr_muRfac_0.875_fsr_muRfac_1.0,shower,3,0.42,0.63,0.74241703748703,0.7413201928138733,0.9985226030414531,-0.0014773969305679202,0.0014773969305679202,-0.14773969305679202
Pythia_plus,307,isr_muRfac_0.875_fsr_muRfac_1.0,shower,4,0.63,0.84,0.716408371925354,0.7157702445983887,0.999109268746748,-0.0008907312294468284,0.0008907312294468284,-0.08907312294468284
Pythia_plus,307,isr_muRfac_0.875_fsr_muRfac_1.0,shower,5,0.84,1.05,0.7636825442314148,0.7630751132965088,0.999204602829416,-0.0007953971507959068,0.0007953971507959068,-0.07953971507959068
Pythia_plus,307,isr_muRfac_0.875_fsr_muRfac_1.0,shower,6,1.05,1.37,0.7446764707565308,0.7442603707313538,0.9994412338223144,-0.0005587661871686578,0.0005587661871686578,-0.05587661871686578
Pythia_plus,307,isr_muRfac_0.875_fsr_muRfac_1.0,shower,7,1.37,1.52,0.7529962062835693,0.7522908449172974,0.9990632603984112,-0.0009367396123707294,0.0009367396123707294,-0.09367396123707294
Pythia_plus,307,isr_muRfac_0.875_fsr_muRfac_1.0,shower,8,1.52,1.74,0.7522943019866943,0.753317654132843,1.001360308250968,0.0013603082625195384,0.0013603082625195384,0.13603082625195384
Pythia_plus,307,isr_muRfac_0.875_fsr_muRfac_1.0,shower,9,1.74,1.95,0.738723874092102,0.7399969100952148,1.001723290728457,0.0017232907703146338,0.0017232907703146338,0.17232907703146338
Pythia_plus,307,isr_muRfac_0.875_fsr_muRfac_1.0,shower,10,1.95,2.18,0.753097414970398,0.7519208788871765,0.9984377371906559,-0.001562262768857181,0.001562262768857181,-0.1562262768857181
Pythia_plus,307,isr_muRfac_0.875_fsr_muRfac_1.0,shower,11,2.18,2.5,0.7340506911277771,0.7363519072532654,1.0031349553284294,0.003134955419227481,0.003134955419227481,0.3134955419227481
Pythia_plus,308,isr_muRfac_1.0_fsr_muRfac_1.75,shower,1,0.0,0.21,0.7990407943725586,0.7932560443878174,0.9927603821663653,-0.007239617872983217,0.007239617872983217,-0.7239617872983217
Pythia_plus,308,isr_muRfac_1.0_fsr_muRfac_1.75,shower,2,0.21,0.42,0.7416394948959351,0.7306318283081055,0.9851576585880527,-0.014842341654002666,0.014842341654002666,-1.4842341654002666
Pythia_plus,308,isr_muRfac_1.0_fsr_muRfac_1.75,shower,3,0.42,0.63,0.74241703748703,0.7336231470108032,0.9881550529793971,-0.011844947002828121,0.011844947002828121,-1.1844947002828121
Pythia_plus,308,isr_muRfac_1.0_fsr_muRfac_1.75,shower,4,0.63,0.84,0.716408371925354,0.7032946944236755,0.9816952481076745,-0.018304752185940742,0.018304752185940742,-1.8304752185940742
Pythia_plus,308,isr_muRfac_1.0_fsr_muRfac_1.75,shower,5,0.84,1.05,0.7636825442314148,0.7529878616333008,0.9859959053943319,-0.014004094526171684,0.014004094526171684,-1.4004094526171684
Pythia_plus,308,isr_muRfac_1.0_fsr_muRfac_1.75,shower,6,1.05,1.37,0.7446764707565308,0.7374101877212524,0.9902423625283926,-0.009757637046277523,0.009757637046277523,-0.9757637046277523
Pythia_plus,308,isr_muRfac_1.0_fsr_muRfac_1.75,shower,7,1.37,1.52,0.7529962062835693,0.7392501831054688,0.9817448971676174,-0.01825510337948799,0.01825510337948799,-1.8255103379487991
Pythia_plus,308,isr_muRfac_1.0_fsr_muRfac_1.75,shower,8,1.52,1.74,0.7522943019866943,0.7463274002075195,0.9920683942927427,-0.007931605912744999,0.007931605912744999,-0.7931605912744999
Pythia_plus,308,isr_muRfac_1.0_fsr_muRfac_1.75,shower,9,1.74,1.95,0.738723874092102,0.7445540428161621,1.0078922164675204,0.007892216555774212,0.007892216555774212,0.7892216555774212
Pythia_plus,308,isr_muRfac_1.0_fsr_muRfac_1.75,shower,10,1.95,2.18,0.753097414970398,0.7682415246963501,1.020109098006328,0.02010909840464592,0.02010909840464592,2.010909840464592
Pythia_plus,308,isr_muRfac_1.0_fsr_muRfac_1.75,shower,11,2.18,2.5,0.7340506911277771,0.71458899974823,0.9734872650965744,-0.026512734591960907,0.026512734591960907,-2.6512734591960907
Pythia_plus,309,isr_muRfac_1.0_fsr_muRfac_1.5,shower,1,0.0,0.21,0.7990407943725586,0.7944441437721252,0.9942472892087533,-0.005752710625529289,0.005752710625529289,-0.5752710625529289
Pythia_plus,309,isr_muRfac_1.0_fsr_muRfac_1.5,shower,2,0.21,0.42,0.7416394948959351,0.7332425117492676,0.988677810169959,-0.011322190053761005,0.011322190053761005,-1.1322190053761005
Pythia_plus,309,isr_muRfac_1.0_fsr_muRfac_1.5,shower,3,0.42,0.63,0.74241703748703,0.7351568937301636,0.9902209359561023,-0.009779063984751701,0.009779063984751701,-0.9779063984751701
Pythia_plus,309,isr_muRfac_1.0_fsr_muRfac_1.5,shower,4,0.63,0.84,0.716408371925354,0.7065697908401489,0.9862667977221374,-0.01373320259153843,0.01373320259153843,-1.373320259153843
Pythia_plus,309,isr_muRfac_1.0_fsr_muRfac_1.5,shower,5,0.84,1.05,0.7636825442314148,0.7548249363899231,0.9884014530534986,-0.011598546989262104,0.011598546989262104,-1.1598546989262104
Pythia_plus,309,isr_muRfac_1.0_fsr_muRfac_1.5,shower,6,1.05,1.37,0.7446764707565308,0.7392539978027344,0.9927183506304589,-0.007281649392098188,0.007281649392098188,-0.7281649392098188
Pythia_plus,309,isr_muRfac_1.0_fsr_muRfac_1.5,shower,7,1.37,1.52,0.7529962062835693,0.7417707443237305,0.9850922728877448,-0.014907727017998695,0.014907727017998695,-1.4907727017998695
Pythia_plus,309,isr_muRfac_1.0_fsr_muRfac_1.5,shower,8,1.52,1.74,0.7522943019866943,0.7476677298545837,0.9938500502796678,-0.0061499495059251785,0.0061499495059251785,-0.6149949505925179
Pythia_plus,309,isr_muRfac_1.0_fsr_muRfac_1.5,shower,9,1.74,1.95,0.738723874092102,0.742284893989563,1.0048205019796301,0.004820501897484064,0.004820501897484064,0.4820501897484064
Pythia_plus,309,isr_muRfac_1.0_fsr_muRfac_1.5,shower,10,1.95,2.18,0.753097414970398,0.7644005417823792,1.0150088508967003,0.015008850954473019,0.015008850954473019,1.5008850954473019
Pythia_plus,309,isr_muRfac_1.0_fsr_muRfac_1.5,shower,11,2.18,2.5,0.7340506911277771,0.719649612903595,0.980381357311909,-0.019618643447756767,0.019618643447756767,-1.9618643447756767
Pythia_plus,310,isr_muRfac_1.0_fsr_muRfac_1.25,shower,1,0.0,0.21,0.7990407943725586,0.7961792349815369,0.996418756825465,-0.0035812431015074253,0.0035812431015074253,-0.35812431015074253
Pythia_plus,310,isr_muRfac_1.0_fsr_muRfac_1.25,shower,2,0.21,0.42,0.7416394948959351,0.7366570830345154,0.9932818951853167,-0.0067181047052145,0.0067181047052145,-0.67181047052145
Pythia_plus,310,isr_muRfac_1.0_fsr_muRfac_1.25,shower,3,0.42,0.63,0.74241703748703,0.737654983997345,0.9935857432558338,-0.006414256524294615,0.006414256524294615,-0.6414256524294615
Pythia_plus,310,isr_muRfac_1.0_fsr_muRfac_1.25,shower,4,0.63,0.84,0.716408371925354,0.7107322216033936,0.9920769346864196,-0.007923065684735775,0.007923065684735775,-0.7923065684735775
Pythia_plus,310,isr_muRfac_1.0_fsr_muRfac_1.25,shower,5,0.84,1.05,0.7636825442314148,0.7579020261764526,0.992430731724031,-0.007569268345832825,0.007569268345832825,-0.7569268345832825
Pythia_plus,310,isr_muRfac_1.0_fsr_muRfac_1.25,shower,6,1.05,1.37,0.7446764707565308,0.7415844202041626,0.9958477934058707,-0.0041522067040205,0.0041522067040205,-0.41522067040205
Pythia_plus,310,isr_muRfac_1.0_fsr_muRfac_1.25,shower,7,1.37,1.52,0.7529962062835693,0.7458873391151428,0.9905592257847985,-0.009440774098038673,0.009440774098038673,-0.9440774098038673
Pythia_plus,310,isr_muRfac_1.0_fsr_muRfac_1.25,shower,8,1.52,1.74,0.7522943019866943,0.7495364546775818,0.9963340845440016,-0.00366591545753181,0.00366591545753181,-0.366591545753181
Pythia_plus,310,isr_muRfac_1.0_fsr_muRfac_1.25,shower,9,1.74,1.95,0.738723874092102,0.7401382327079773,1.0019145971390373,0.0019145971164107323,0.0019145971164107323,0.19145971164107323
Pythia_plus,310,isr_muRfac_1.0_fsr_muRfac_1.25,shower,10,1.95,2.18,0.753097414970398,0.7594914436340332,1.0084903075439273,0.008490307256579399,0.008490307256579399,0.8490307256579399
Pythia_plus,310,isr_muRfac_1.0_fsr_muRfac_1.25,shower,11,2.18,2.5,0.7340506911277771,0.7259280681610107,0.9889345203744895,-0.01106547936797142,0.01106547936797142,-1.106547936797142
Pythia_plus,311,isr_muRfac_1.0_fsr_muRfac_0.625,shower,1,0.0,0.21,0.7990407943725586,0.8112589716911316,1.0152910557316004,0.015291055664420128,0.015291055664420128,1.5291055664420128
Pythia_plus,311,isr_muRfac_1.0_fsr_muRfac_0.625,shower,2,0.21,0.42,0.7416394948959351,0.7602457404136658,1.025087991734234,0.0250879917293787,0.0250879917293787,2.50879917293787
Pythia_plus,311,isr_muRfac_1.0_fsr_muRfac_0.625,shower,3,0.42,0.63,0.74241703748703,0.7628819942474365,1.0275653113103078,0.027565311640501022,0.027565311640501022,2.7565311640501022
Pythia_plus,311,isr_muRfac_1.0_fsr_muRfac_0.625,shower,4,0.63,0.84,0.716408371925354,0.7334595322608948,1.0238008948579365,0.023800894618034363,0.023800894618034363,2.3800894618034363
Pythia_plus,311,isr_muRfac_1.0_fsr_muRfac_0.625,shower,5,0.84,1.05,0.7636825442314148,0.7886388301849365,1.0326788744119302,0.03267887607216835,0.03267887607216835,3.267887607216835
Pythia_plus,311,isr_muRfac_1.0_fsr_muRfac_0.625,shower,6,1.05,1.37,0.7446764707565308,0.7541027665138245,1.0126582430457582,0.01265824306756258,0.01265824306756258,1.265824306756258
Pythia_plus,311,isr_muRfac_1.0_fsr_muRfac_0.625,shower,7,1.37,1.52,0.7529962062835693,0.782352089881897,1.0389854335962916,0.03898543491959572,0.03898543491959572,3.898543491959572
Pythia_plus,311,isr_muRfac_1.0_fsr_muRfac_0.625,shower,8,1.52,1.74,0.7522943019866943,0.7562912702560425,1.0053130380740527,0.005313037894666195,0.005313037894666195,0.5313037894666195
Pythia_plus,311,isr_muRfac_1.0_fsr_muRfac_0.625,shower,9,1.74,1.95,0.738723874092102,0.7447078227996826,1.0081003862436893,0.008100386708974838,0.008100386708974838,0.8100386708974838
Pythia_plus,311,isr_muRfac_1.0_fsr_muRfac_0.625,shower,10,1.95,2.18,0.753097414970398,0.7366448044776917,0.978153409949823,-0.0218465905636549,0.0218465905636549,-2.18465905636549
Pythia_plus,311,isr_muRfac_1.0_fsr_muRfac_0.625,shower,11,2.18,2.5,0.7340506911277771,0.7523524761199951,1.0249325900968769,0.024932589381933212,0.024932589381933212,2.4932589381933212
Pythia_plus,312,isr_muRfac_1.0_fsr_muRfac_0.75,shower,1,0.0,0.21,0.7990407943725586,0.8046786189079285,1.0070557405517662,0.007055740337818861,0.007055740337818861,0.7055740337818861
Pythia_plus,312,isr_muRfac_1.0_fsr_muRfac_0.75,shower,2,0.21,0.42,0.7416394948959351,0.7507743239402771,1.0123170746800962,0.012317074462771416,0.012317074462771416,1.2317074462771416
Pythia_plus,312,isr_muRfac_1.0_fsr_muRfac_0.75,shower,3,0.42,0.63,0.74241703748703,0.7529351115226746,1.014167339250789,0.01416733954101801,0.01416733954101801,1.416733954101801
Pythia_plus,312,isr_muRfac_1.0_fsr_muRfac_0.75,shower,4,0.63,0.84,0.716408371925354,0.725695788860321,1.0129638587416379,0.012963858433067799,0.012963858433067799,1.2963858433067799
Pythia_plus,312,isr_muRfac_1.0_fsr_muRfac_0.75,shower,5,0.84,1.05,0.7636825442314148,0.7763028144836426,1.0165255450023793,0.016525544226169586,0.016525544226169586,1.6525544226169586
Pythia_plus,312,isr_muRfac_1.0_fsr_muRfac_0.75,shower,6,1.05,1.37,0.7446764707565308,0.7497966885566711,1.0068757614900048,0.006875761318951845,0.006875761318951845,0.6875761318951845
Pythia_plus,312,isr_muRfac_1.0_fsr_muRfac_0.75,shower,7,1.37,1.52,0.7529962062835693,0.7675720453262329,1.0193571214848518,0.019357120618224144,0.019357120618224144,1.9357120618224144
Pythia_plus,312,isr_muRfac_1.0_fsr_muRfac_0.75,shower,8,1.52,1.74,0.7522943019866943,0.755979061126709,1.0048980287771472,0.004898028913885355,0.004898028913885355,0.4898028913885355
Pythia_plus,312,isr_muRfac_1.0_fsr_muRfac_0.75,shower,9,1.74,1.95,0.738723874092102,0.7402540445327759,1.0020713699588422,0.002071369905024767,0.002071369905024767,0.2071369905024767
Pythia_plus,312,isr_muRfac_1.0_fsr_muRfac_0.75,shower,10,1.95,2.18,0.753097414970398,0.7439009547233582,0.9877884851757176,-0.012211514636874199,0.012211514636874199,-1.22115146368742
Pythia_plus,312,isr_muRfac_1.0_fsr_muRfac_0.75,shower,11,2.18,2.5,0.7340506911277771,0.7449960112571716,1.014910850519844,0.014910850673913956,0.014910850673913956,1.4910850673913956
Pythia_plus,313,isr_muRfac_1.0_fsr_muRfac_0.875,shower,1,0.0,0.21,0.7990407943725586,0.8012688159942627,1.0027883703027374,0.002788370242342353,0.002788370242342353,0.2788370242342353
Pythia_plus,313,isr_muRfac_1.0_fsr_muRfac_0.875,shower,2,0.21,0.42,0.7416394948959351,0.745296835899353,1.0049314269649718,0.004931427072733641,0.004931427072733641,0.49314270727336407
Pythia_plus,313,isr_muRfac_1.0_fsr_muRfac_0.875,shower,3,0.42,0.63,0.74241703748703,0.7465679049491882,1.0055910185954355,0.005591018591076136,0.005591018591076136,0.5591018591076136
Pythia_plus,313,isr_muRfac_1.0_fsr_muRfac_0.875,shower,4,0.63,0.84,0.716408371925354,0.7203977108001709,1.0055685263198355,0.005568526219576597,0.005568526219576597,0.5568526219576597
Pythia_plus,313,isr_muRfac_1.0_fsr_muRfac_0.875,shower,5,0.84,1.05,0.7636825442314148,0.76863032579422,1.0064788459552716,0.006478846073150635,0.006478846073150635,0.6478846073150635
Pythia_plus,313,isr_muRfac_1.0_fsr_muRfac_0.875,shower,6,1.05,1.37,0.7446764707565308,0.7468694448471069,1.0029448682437196,0.002944868290796876,0.002944868290796876,0.2944868290796876
Pythia_plus,313,isr_muRfac_1.0_fsr_muRfac_0.875,shower,7,1.37,1.52,0.7529962062835693,0.7587910294532776,1.0076956870716636,0.007695687003433704,0.007695687003433704,0.7695687003433704
Pythia_plus,313,isr_muRfac_1.0_fsr_muRfac_0.875,shower,8,1.52,1.74,0.7522943019866943,0.7541141510009766,1.0024190652640546,0.0024190652184188366,0.0024190652184188366,0.24190652184188366
Pythia_plus,313,isr_muRfac_1.0_fsr_muRfac_0.875,shower,9,1.74,1.95,0.738723874092102,0.7388355135917664,1.000151124802622,0.0001511247974121943,0.0001511247974121943,0.015112479741219431
Pythia_plus,313,isr_muRfac_1.0_fsr_muRfac_0.875,shower,10,1.95,2.18,0.753097414970398,0.7489933371543884,0.9945504024653028,-0.0054495977237820625,0.0054495977237820625,-0.5449597723782063
Pythia_plus,313,isr_muRfac_1.0_fsr_muRfac_0.875,shower,11,2.18,2.5,0.7340506911277771,0.739098846912384,1.006877121492592,0.006877121515572071,0.006877121515572071,0.6877121515572071
Pythia_plus,314,hardHi,model,1,0.0,0.21,0.7990407943725586,0.8029361963272095,1.0048750977197725,0.004875097889453173,0.004875097889453173,0.48750978894531727
Pythia_plus,314,hardHi,model,2,0.21,0.42,0.7416394948959351,0.7453216314315796,1.0049648603681243,0.004964860156178474,0.004964860156178474,0.49648601561784744
Pythia_plus,314,hardHi,model,3,0.42,0.63,0.74241703748703,0.7464298605918884,1.0054050794933818,0.005405079573392868,0.005405079573392868,0.5405079573392868
Pythia_plus,314,hardHi,model,4,0.63,0.84,0.716408371925354,0.7204911112785339,1.0056988995566978,0.0056988997384905815,0.0056988997384905815,0.5698899738490582
Pythia_plus,314,hardHi,model,5,0.84,1.05,0.7636825442314148,0.7693448066711426,1.00741441909665,0.007414419203996658,0.007414419203996658,0.7414419203996658
Pythia_plus,314,hardHi,model,6,1.05,1.37,0.7446764707565308,0.7462283372879028,1.0020839473144565,0.002083947416394949,0.002083947416394949,0.2083947416394949
Pythia_plus,314,hardHi,model,7,1.37,1.52,0.7529962062835693,0.752676248550415,0.9995750871910318,-0.0004249128105584532,0.0004249128105584532,-0.04249128105584532
Pythia_plus,314,hardHi,model,8,1.52,1.74,0.7522943019866943,0.7517712116241455,0.9993046732360362,-0.0006953267729841173,0.0006953267729841173,-0.06953267729841173
Pythia_plus,314,hardHi,model,9,1.74,1.95,0.738723874092102,0.7447766065597534,1.0081934978412472,0.00819349754601717,0.00819349754601717,0.819349754601717
Pythia_plus,314,hardHi,model,10,1.95,2.18,0.753097414970398,0.7536761164665222,1.0007684284723604,0.0007684284937568009,0.0007684284937568009,0.07684284937568009
Pythia_plus,314,hardHi,model,11,2.18,2.5,0.7340506911277771,0.7405009269714355,1.00878718039724,0.008787180297076702,0.008787180297076702,0.8787180297076702
Pythia_plus,315,hardLo,model,1,0.0,0.21,0.7990407943725586,0.7948265671730042,0.994725892308335,-0.005274107679724693,0.005274107679724693,-0.5274107679724693
Pythia_plus,315,hardLo,model,2,0.21,0.42,0.7416394948959351,0.7368291616439819,0.9935139197884437,-0.0064860801212489605,0.0064860801212489605,-0.648608012124896
Pythia_plus,315,hardLo,model,3,0.42,0.63,0.74241703748703,0.7388920187950134,0.9952519695615442,-0.004748030565679073,0.004748030565679073,-0.47480305656790733
Pythia_plus,315,hardLo,model,4,0.63,0.84,0.716408371925354,0.7127770781517029,0.9949312516213455,-0.0050687482580542564,0.0050687482580542564,-0.5068748258054256
Pythia_plus,315,hardLo,model,5,0.84,1.05,0.7636825442314148,0.7579932808876038,0.9925502247147251,-0.007449775468558073,0.007449775468558073,-0.7449775468558073
Pythia_plus,315,hardLo,model,6,1.05,1.37,0.7446764707565308,0.7419267296791077,0.9963074688332376,-0.0036925312597304583,0.0036925312597304583,-0.3692531259730458
Pythia_plus,315,hardLo,model,7,1.37,1.52,0.7529962062835693,0.7542197108268738,1.0016248482171553,0.0016248482279479504,0.0016248482279479504,0.16248482279479504
Pythia_plus,315,hardLo,model,8,1.52,1.74,0.7522943019866943,0.7520744204521179,0.9997077187292317,-0.0002922812709584832,0.0002922812709584832,-0.029228127095848322
Pythia_plus,315,hardLo,model,9,1.74,1.95,0.738723874092102,0.7310969829559326,0.9896755859616112,-0.010324413888156414,0.010324413888156414,-1.0324413888156414
Pythia_plus,315,hardLo,model,10,1.95,2.18,0.753097414970398,0.754498302936554,1.0018601683372013,0.0018601682968437672,0.0018601682968437672,0.18601682968437672
Pythia_plus,315,hardLo,model,11,2.18,2.5,0.7340506911277771,0.7291943430900574,0.9933841789178639,-0.006615821272134781,0.006615821272134781,-0.6615821272134781
Pythia_plus,316,isr_PDF_plus,shower,1,0.0,0.21,0.7990407943725586,0.799529492855072,1.0006116064235457,0.0006116064032539725,0.0006116064032539725,0.06116064032539725
Pythia_plus,316,isr_PDF_plus,shower,2,0.21,0.42,0.7416394948959351,0.7436898350715637,1.0027646048919177,0.0027646049857139587,0.0027646049857139587,0.2764604985713959
Pythia_plus,316,isr_PDF_plus,shower,3,0.42,0.63,0.74241703748703,0.7411854267120361,0.9983410795916501,-0.001658920431509614,0.001658920431509614,-0.1658920431509614
Pythia_plus,316,isr_PDF_plus,shower,4,0.63,0.84,0.716408371925354,0.715392529964447,0.9985820350505161,-0.001417964929714799,0.001417964929714799,-0.1417964929714799
Pythia_plus,316,isr_PDF_plus,shower,5,0.84,1.05,0.7636825442314148,0.7617254853248596,0.9974373397410506,-0.0025626602582633495,0.0025626602582633495,-0.25626602582633495
Pythia_plus,316,isr_PDF_plus,shower,6,1.05,1.37,0.7446764707565308,0.7424514293670654,0.9970120697016184,-0.002987930318340659,0.002987930318340659,-0.2987930318340659
Pythia_plus,316,isr_PDF_plus,shower,7,1.37,1.52,0.7529962062835693,0.7515031099319458,0.9980171263292378,-0.001982873771339655,0.001982873771339655,-0.1982873771339655
Pythia_plus,316,isr_PDF_plus,shower,8,1.52,1.74,0.7522943019866943,0.7554239630699158,1.0041601552410493,0.004160155076533556,0.004160155076533556,0.4160155076533556
Pythia_plus,316,isr_PDF_plus,shower,9,1.74,1.95,0.738723874092102,0.7430374622344971,1.0058392429075025,0.0058392430655658245,0.0058392430655658245,0.5839243065565825
Pythia_plus,316,isr_PDF_plus,shower,10,1.95,2.18,0.753097414970398,0.7502583861351013,0.9962301970782781,-0.003769802860915661,0.003769802860915661,-0.3769802860915661
Pythia_plus,316,isr_PDF_plus,shower,11,2.18,2.5,0.7340506911277771,0.738581657409668,1.0061725523000729,0.006172552239149809,0.006172552239149809,0.6172552239149809
Pythia_plus,317,isr_PDF_minus,shower,1,0.0,0.21,0.7990407943725586,0.7996760010719299,1.000794961538691,0.0007949615246616304,0.0007949615246616304,0.07949615246616304
Pythia_plus,317,isr_PDF_minus,shower,2,0.21,0.42,0.7416394948959351,0.7404839396476746,0.9984418908968398,-0.001558109070174396,0.001558109070174396,-0.1558109070174396
Pythia_plus,317,isr_PDF_minus,shower,3,0.42,0.63,0.74241703748703,0.7444688677787781,1.0027637166015118,0.0027637165039777756,0.0027637165039777756,0.27637165039777756
Pythia_plus,317,isr_PDF_minus,shower,4,0.63,0.84,0.716408371925354,0.7170888781547546,1.0009498859254977,0.0009498859290033579,0.0009498859290033579,0.09498859290033579
Pythia_plus,317,isr_PDF_minus,shower,5,0.84,1.05,0.7636825442314148,0.765752375125885,1.0027103289319692,0.0027103289030492306,0.0027103289030492306,0.27103289030492306
Pythia_plus,317,isr_PDF_minus,shower,6,1.05,1.37,0.7446764707565308,0.747325599193573,1.0035574219692358,0.0035574219655245543,0.0035574219655245543,0.3557421965524554
Pythia_plus,317,isr_PDF_minus,shower,7,1.37,1.52,0.7529962062835693,0.7557998299598694,1.0037232905729199,0.003723290516063571,0.003723290516063571,0.3723290516063571
Pythia_plus,317,isr_PDF_minus,shower,8,1.52,1.74,0.7522943019866943,0.7497504353523254,0.9966185219964435,-0.00338147790171206,0.00338147790171206,-0.338147790171206
Pythia_plus,317,isr_PDF_minus,shower,9,1.74,1.95,0.738723874092102,0.7354126572608948,0.9955176528777051,-0.004482347052544355,0.004482347052544355,-0.44823470525443554
Pythia_plus,317,isr_PDF_minus,shower,10,1.95,2.18,0.753097414970398,0.7564155459403992,1.0044059784352488,0.004405978601425886,0.004405978601425886,0.4405978601425886
Pythia_plus,317,isr_PDF_minus,shower,11,2.18,2.5,0.7340506911277771,0.7303444743156433,0.9949510069850358,-0.005048993043601513,0.005048993043601513,-0.5048993043601513
